run_id,seed,scenario,arch,balancing,explainer,gate_passed,status,reason,val_pr_auc,val_f1,val_mcc,test_pr_auc,test_f1,n_nodes,n_tp,n_tp_calibrated,n_replicas,top_k_features,top_k_edges,spearman_full,spearman_full_std,spearman_full_tp,spearman_topk,spearman_edges,spearman_edges_tp,jaccard_edges_topk,stability_primary,n_measurable,n_measurable_feat,n_measurable_edges,n_measurable_jaccard,spearman_full_reason,spearman_edges_reason,jaccard_reason,median_sub_edges,pg_train_n,pg_train_illicit,pg_failed_replicas,seconds,sec_per_node,device,rankings_file,finished_at
native_GraphSAGE_class_weighting,42,native,GraphSAGE,class_weighting,GNNExplainer,True,ok,,0.4845012374725477,0.3949824970828471,0.4259372971048503,0.010245930987894,0.0157480314960629,30.0,22.0,14.0,5.0,20.0,20.0,0.9626068788473262,0.016157405603198,0.9643675896819404,0.8262725358162221,0.1499999999999999,0.1384615384615384,0.5708333333333333,0.9626068788473262,30.0,30.0,16.0,16.0,,,,2.0,,,,23.2,0.77,cuda,rankings/native_GraphSAGE_class_weighting__GNNExplainer.npz,2026-09-28T23:39:29
native_GraphSAGE_class_weighting,42,native,GraphSAGE,class_weighting,PGExplainer,True,ok,,0.4845012374725477,0.3949824970828471,0.4259372971048503,0.010245930987894,0.0157480314960629,30.0,22.0,14.0,5.0,20.0,20.0,,,,,0.0375,0.0615384615384615,0.4916666666666667,0.0375,16.0,0.0,16.0,16.0,no_aplica,,,2.0,50.0,25.0,0.0,61.7,2.06,cuda,rankings/native_GraphSAGE_class_weighting__PGExplainer.npz,2026-09-28T23:40:31
native_GraphSAGE_class_weighting,42,native,GraphSAGE,class_weighting,ShapleyFeatures,True,ok,,0.4845012374725477,0.3949824970828471,0.4259372971048503,0.010245930987894,0.0157480314960629,30.0,22.0,14.0,5.0,20.0,20.0,0.9933034534702664,0.005546364593577,0.9950761415871542,0.931608119883122,,,,0.9933034534702664,27.0,27.0,0.0,0.0,,no_aplica,no_aplica,0.0,,,,21.1,0.7,cuda,rankings/native_GraphSAGE_class_weighting__ShapleyFeatures.npz,2026-09-28T23:40:52
native_GraphSAGE_focal_loss,42,native,GraphSAGE,focal_loss,GNNExplainer,True,ok,,0.3483198583533772,0.437440305635148,0.4253309548649719,0.0052792566943696,0.0,30.0,14.0,13.0,5.0,20.0,20.0,0.9218207869542624,0.0363189817721333,0.932812060102286,0.7374993210851553,0.1187499999999999,0.0909090909090908,0.5583333333333333,0.9218207869542624,30.0,30.0,16.0,16.0,,,,2.0,,,,23.1,0.77,cuda,rankings/native_GraphSAGE_focal_loss__GNNExplainer.npz,2026-09-28T23:41:16
native_GraphSAGE_focal_loss,42,native,GraphSAGE,focal_loss,PGExplainer,True,ok,,0.3483198583533772,0.437440305635148,0.4253309548649719,0.0052792566943696,0.0,30.0,14.0,13.0,5.0,20.0,20.0,,,,,-0.1360843918243516,-0.2,0.5458333333333334,-0.1360843918243516,16.0,0.0,16.0,16.0,no_aplica,,,2.0,50.0,25.0,0.0,61.8,2.06,cuda,rankings/native_GraphSAGE_focal_loss__PGExplainer.npz,2026-09-28T23:42:18
native_GraphSAGE_focal_loss,42,native,GraphSAGE,focal_loss,ShapleyFeatures,True,ok,,0.3483198583533772,0.437440305635148,0.4253309548649719,0.0052792566943696,0.0,30.0,14.0,13.0,5.0,20.0,20.0,0.9964652424541574,0.002553502175904,0.9955750534790262,0.9739916190194684,,,,0.9964652424541574,27.0,27.0,0.0,0.0,,no_aplica,no_aplica,0.0,,,,21.1,0.7,cuda,rankings/native_GraphSAGE_focal_loss__ShapleyFeatures.npz,2026-09-28T23:42:39
1:10_GraphSAGE_class_weighting,42,1:10,GraphSAGE,class_weighting,GNNExplainer,True,ok,,0.463600377828308,0.3857024106400665,0.4222328498535318,0.0105771859577279,0.0161725067385444,30.0,22.0,15.0,5.0,20.0,20.0,0.9630140175877152,0.0166263538554926,0.9645247006688196,0.8299437470557266,0.1499999999999999,0.1384615384615384,0.5708333333333333,0.9630140175877152,30.0,30.0,16.0,16.0,,,,2.0,,,,23.6,0.79,cuda,rankings/1-10_GraphSAGE_class_weighting__GNNExplainer.npz,2026-09-28T23:43:08
1:10_GraphSAGE_class_weighting,42,1:10,GraphSAGE,class_weighting,PGExplainer,True,ok,,0.463600377828308,0.3857024106400665,0.4222328498535318,0.0105771859577279,0.0161725067385444,30.0,22.0,15.0,5.0,20.0,20.0,,,,,0.0479166666666666,-0.0153846153846153,0.4666666666666667,0.0479166666666666,16.0,0.0,16.0,16.0,no_aplica,,,2.0,50.0,25.0,0.0,62.3,2.08,cuda,rankings/1-10_GraphSAGE_class_weighting__PGExplainer.npz,2026-09-28T23:44:10
1:10_GraphSAGE_class_weighting,42,1:10,GraphSAGE,class_weighting,ShapleyFeatures,True,ok,,0.463600377828308,0.3857024106400665,0.4222328498535318,0.0105771859577279,0.0161725067385444,30.0,22.0,15.0,5.0,20.0,20.0,0.9940499891249168,0.0055297084554825,0.9956662267488208,0.9261261519229762,,,,0.9940499891249168,27.0,27.0,0.0,0.0,,no_aplica,no_aplica,0.0,,,,21.3,0.71,cuda,rankings/1-10_GraphSAGE_class_weighting__ShapleyFeatures.npz,2026-09-28T23:44:31
1:10_GraphSAGE_focal_loss,42,1:10,GraphSAGE,focal_loss,GNNExplainer,True,ok,,0.5078680395132924,0.4765285996055227,0.4801469189109109,0.0089642305319464,0.0158102766798418,30.0,19.0,15.0,5.0,20.0,20.0,0.9394478050607038,0.0310801766281477,0.9436409361124952,0.8192411117576966,0.1937499999999999,0.1999999999999999,0.5958333333333332,0.9394478050607038,30.0,30.0,16.0,16.0,,,,2.0,,,,23.7,0.79,cuda,rankings/1-10_GraphSAGE_focal_loss__GNNExplainer.npz,2026-09-28T23:44:55
1:10_GraphSAGE_focal_loss,42,1:10,GraphSAGE,focal_loss,PGExplainer,True,ok,,0.5078680395132924,0.4765285996055227,0.4801469189109109,0.0089642305319464,0.0158102766798418,30.0,19.0,15.0,5.0,20.0,20.0,,,,,0.653349364905389,0.6363636363636364,0.7333333333333334,0.653349364905389,16.0,0.0,16.0,16.0,no_aplica,,,2.0,50.0,25.0,0.0,62.8,2.09,cuda,rankings/1-10_GraphSAGE_focal_loss__PGExplainer.npz,2026-09-28T23:45:58
1:10_GraphSAGE_focal_loss,42,1:10,GraphSAGE,focal_loss,ShapleyFeatures,True,ok,,0.5078680395132924,0.4765285996055227,0.4801469189109109,0.0089642305319464,0.0158102766798418,30.0,19.0,15.0,5.0,20.0,20.0,0.9974821815741104,0.0018719357090468,0.9977641412677826,0.960742618917862,,,,0.9974821815741104,27.0,27.0,0.0,0.0,,no_aplica,no_aplica,0.0,,,,21.3,0.71,cuda,rankings/1-10_GraphSAGE_focal_loss__ShapleyFeatures.npz,2026-09-28T23:46:20
1:10_GraphSAGE_none,42,1:10,GraphSAGE,none,GNNExplainer,True,ok,,0.4465684104472579,0.4767375071797817,0.4650500308802859,0.0062230752706849,0.0,30.0,16.0,17.0,5.0,20.0,20.0,0.9274188120656444,0.0321198058166357,0.936958528525364,0.7430658408845291,0.0187499999999999,0.0222222222222222,0.5083333333333333,0.9274188120656444,30.0,30.0,16.0,16.0,,,,2.0,,,,23.1,0.77,cuda,rankings/1-10_GraphSAGE_none__GNNExplainer.npz,2026-09-28T23:46:43
1:10_GraphSAGE_none,42,1:10,GraphSAGE,none,PGExplainer,True,ok,,0.4465684104472579,0.4767375071797817,0.4650500308802859,0.0062230752706849,0.0,30.0,16.0,17.0,5.0,20.0,20.0,,,,,0.3333333333333333,-0.037037037037037,0.6375,0.3333333333333333,16.0,0.0,16.0,16.0,no_aplica,,,2.0,50.0,25.0,0.0,62.0,2.07,cuda,rankings/1-10_GraphSAGE_none__PGExplainer.npz,2026-09-28T23:47:45
1:10_GraphSAGE_none,42,1:10,GraphSAGE,none,ShapleyFeatures,True,ok,,0.4465684104472579,0.4767375071797817,0.4650500308802859,0.0062230752706849,0.0,30.0,16.0,17.0,5.0,20.0,20.0,0.9971399137462896,0.0029813459533314,0.99846716572675,0.9550417355588192,,,,0.9971399137462896,27.0,27.0,0.0,0.0,,no_aplica,no_aplica,0.0,,,,21.3,0.71,cuda,rankings/1-10_GraphSAGE_none__ShapleyFeatures.npz,2026-09-28T23:48:07
1:10_os_GraphSAGE_class_weighting,42,1:10_os,GraphSAGE,class_weighting,GNNExplainer,True,ok,,0.4214796681751454,0.4025667004390408,0.4158888593639366,0.0110137836198426,0.0104712041884816,30.0,17.0,12.0,5.0,20.0,20.0,0.9641392579260092,0.0141401272797913,0.9657366746339424,0.8467519328289966,0.1437499999999999,0.1599999999999999,0.5708333333333333,0.9641392579260092,30.0,30.0,16.0,16.0,,,,2.0,,,,23.5,0.78,cuda,rankings/1-10_os_GraphSAGE_class_weighting__GNNExplainer.npz,2026-09-28T23:48:39
1:10_os_GraphSAGE_class_weighting,42,1:10_os,GraphSAGE,class_weighting,PGExplainer,True,ok,,0.4214796681751454,0.4025667004390408,0.4158888593639366,0.0110137836198426,0.0104712041884816,30.0,17.0,12.0,5.0,20.0,20.0,,,,,0.0166666666666666,-0.1199999999999999,0.4791666666666667,0.0166666666666666,16.0,0.0,16.0,16.0,no_aplica,,,2.0,50.0,25.0,0.0,62.1,2.07,cuda,rankings/1-10_os_GraphSAGE_class_weighting__PGExplainer.npz,2026-09-28T23:49:42
1:10_os_GraphSAGE_class_weighting,42,1:10_os,GraphSAGE,class_weighting,ShapleyFeatures,True,ok,,0.4214796681751454,0.4025667004390408,0.4158888593639366,0.0110137836198426,0.0104712041884816,30.0,17.0,12.0,5.0,20.0,20.0,0.9933541746882332,0.0065188360123896,0.9964258468433816,0.9045865085303112,,,,0.9933541746882332,27.0,27.0,0.0,0.0,,no_aplica,no_aplica,0.0,,,,21.1,0.7,cuda,rankings/1-10_os_GraphSAGE_class_weighting__ShapleyFeatures.npz,2026-09-28T23:50:03
1:10_os_GraphSAGE_focal_loss,42,1:10_os,GraphSAGE,focal_loss,GNNExplainer,True,ok,,0.4608027634633431,0.4643157010915197,0.4613198560288118,0.0096598374604648,0.0067340067340067,30.0,18.0,15.0,5.0,20.0,20.0,0.9301355531216544,0.0345992511788124,0.9360695529454346,0.8128853326682737,0.1937499999999999,0.1999999999999999,0.5958333333333332,0.9301355531216544,30.0,30.0,16.0,16.0,,,,2.0,,,,23.2,0.77,cuda,rankings/1-10_os_GraphSAGE_focal_loss__GNNExplainer.npz,2026-09-28T23:50:26
1:10_os_GraphSAGE_focal_loss,42,1:10_os,GraphSAGE,focal_loss,PGExplainer,True,ok,,0.4608027634633431,0.4643157010915197,0.4613198560288118,0.0096598374604648,0.0067340067340067,30.0,18.0,15.0,5.0,20.0,20.0,,,,,0.4700160315720556,0.3696969696969697,0.7208333333333333,0.4700160315720556,16.0,0.0,16.0,16.0,no_aplica,,,2.0,50.0,25.0,0.0,61.5,2.05,cuda,rankings/1-10_os_GraphSAGE_focal_loss__PGExplainer.npz,2026-09-28T23:51:28
1:10_os_GraphSAGE_focal_loss,42,1:10_os,GraphSAGE,focal_loss,ShapleyFeatures,True,ok,,0.4608027634633431,0.4643157010915197,0.4613198560288118,0.0096598374604648,0.0067340067340067,30.0,18.0,15.0,5.0,20.0,20.0,0.9980863360459984,0.0011362061742904,0.9981943538243632,0.9636976689050842,,,,0.9980863360459984,27.0,27.0,0.0,0.0,,no_aplica,no_aplica,0.0,,,,21.1,0.7,cuda,rankings/1-10_os_GraphSAGE_focal_loss__ShapleyFeatures.npz,2026-09-28T23:51:49
1:10_os_GraphSAGE_none,42,1:10_os,GraphSAGE,none,GNNExplainer,True,ok,,0.3769765225057745,0.4492951341518872,0.43997040745444,0.0047463996240676,0.0,30.0,19.0,19.0,5.0,20.0,20.0,0.9139099641897184,0.0447539684309138,0.9283344248638032,0.7117721062986672,0.0937499999999999,0.0666666666666666,0.5458333333333334,0.9139099641897184,30.0,30.0,16.0,16.0,,,,2.0,,,,23.1,0.77,cuda,rankings/1-10_os_GraphSAGE_none__GNNExplainer.npz,2026-09-28T23:52:13
1:10_os_GraphSAGE_none,42,1:10_os,GraphSAGE,none,PGExplainer,True,ok,,0.3769765225057745,0.4492951341518872,0.43997040745444,0.0047463996240676,0.0,30.0,19.0,19.0,5.0,20.0,20.0,,,,,0.6041666666666667,0.4722222222222222,0.7625,0.6041666666666667,16.0,0.0,16.0,16.0,no_aplica,,,2.0,50.0,25.0,0.0,62.0,2.07,cuda,rankings/1-10_os_GraphSAGE_none__PGExplainer.npz,2026-09-28T23:53:15
1:10_os_GraphSAGE_none,42,1:10_os,GraphSAGE,none,ShapleyFeatures,True,ok,,0.3769765225057745,0.4492951341518872,0.43997040745444,0.0047463996240676,0.0,30.0,19.0,19.0,5.0,20.0,20.0,0.997511443116717,0.0022709608525518,0.9980563954331936,0.9690807092735768,,,,0.997511443116717,27.0,27.0,0.0,0.0,,no_aplica,no_aplica,0.0,,,,21.1,0.7,cuda,rankings/1-10_os_GraphSAGE_none__ShapleyFeatures.npz,2026-09-28T23:53:36
native_TAGCN_class_weighting,42,native,TAGCN,class_weighting,GNNExplainer,True,ok,,0.3880382181505571,0.4476077500988533,0.4487612931330826,0.009111303554449,0.0052219321148825,30.0,20.0,14.0,5.0,20.0,20.0,0.9556239150076016,0.0669420407101257,0.9671152384147628,0.8195995787956882,0.0538616705410516,0.0406666666666666,0.5862233088873801,0.9556239150076016,30.0,30.0,7.0,7.0,,,,1.0,,,,44.7,1.49,cuda,rankings/native_TAGCN_class_weighting__GNNExplainer.npz,2026-09-29T00:12:13
native_TAGCN_class_weighting,42,native,TAGCN,class_weighting,PGExplainer,True,ok,,0.3880382181505571,0.4476077500988533,0.4487612931330826,0.009111303554449,0.0052219321148825,30.0,20.0,14.0,5.0,20.0,20.0,,,,,0.0487246680798389,-0.0362761914251507,0.5583333333333333,0.0487246680798389,16.0,0.0,16.0,16.0,no_aplica,,,2.0,50.0,25.0,0.0,116.7,3.89,cuda,rankings/native_TAGCN_class_weighting__PGExplainer.npz,2026-09-29T00:14:10
native_TAGCN_class_weighting,42,native,TAGCN,class_weighting,ShapleyFeatures,True,ok,,0.3880382181505571,0.4476077500988533,0.4487612931330826,0.009111303554449,0.0052219321148825,30.0,20.0,14.0,5.0,20.0,20.0,0.9845661708872409,0.0183592672717425,0.993399219526634,0.8522228688077886,,,,0.9845661708872409,27.0,27.0,0.0,0.0,,no_aplica,no_aplica,0.0,,,,26.8,0.89,cuda,rankings/native_TAGCN_class_weighting__ShapleyFeatures.npz,2026-09-29T00:14:37
native_TAGCN_focal_loss,42,native,TAGCN,focal_loss,GNNExplainer,True,ok,,0.3475219591321978,0.3970037453183521,0.3882718747147368,0.008706968301955,0.0088888888888888,30.0,11.0,13.0,5.0,20.0,20.0,0.9288196619294532,0.0318550110720734,0.9357940413260488,0.7958866904979632,0.0984702477995104,0.0310729336491433,0.5879898219442158,0.9288196619294532,30.0,30.0,7.0,7.0,,,,1.0,,,,44.0,1.47,cuda,rankings/native_TAGCN_focal_loss__GNNExplainer.npz,2026-09-29T00:15:22
native_TAGCN_focal_loss,42,native,TAGCN,focal_loss,PGExplainer,True,ok,,0.3475219591321978,0.3970037453183521,0.3882718747147368,0.008706968301955,0.0088888888888888,30.0,11.0,13.0,5.0,20.0,20.0,,,,,0.0384375385516953,-0.2848480197918839,0.5874999999999999,0.0384375385516953,16.0,0.0,16.0,16.0,no_aplica,,,2.0,50.0,25.0,0.0,117.0,3.9,cuda,rankings/native_TAGCN_focal_loss__PGExplainer.npz,2026-09-29T00:17:19
native_TAGCN_focal_loss,42,native,TAGCN,focal_loss,ShapleyFeatures,True,ok,,0.3475219591321978,0.3970037453183521,0.3882718747147368,0.008706968301955,0.0088888888888888,30.0,11.0,13.0,5.0,20.0,20.0,0.9954032073706052,0.0038544360390407,0.995682052162105,0.9665493267812664,,,,0.9954032073706052,27.0,27.0,0.0,0.0,,no_aplica,no_aplica,0.0,,,,26.8,0.89,cuda,rankings/native_TAGCN_focal_loss__ShapleyFeatures.npz,2026-09-29T00:17:46
1:10_TAGCN_class_weighting,42,1:10,TAGCN,class_weighting,GNNExplainer,True,ok,,0.3734332326075358,0.4268689057421452,0.435427448663894,0.009347614903152,0.0048780487804878,30.0,22.0,16.0,5.0,20.0,20.0,0.9544580792678315,0.0678578903399931,0.965927399766279,0.8113251863551972,0.0983221422931964,0.1160980548976181,0.594124905498654,0.9544580792678315,30.0,30.0,7.0,7.0,,,,1.0,,,,44.3,1.48,cuda,rankings/1-10_TAGCN_class_weighting__GNNExplainer.npz,2026-09-29T00:18:36
1:10_TAGCN_class_weighting,42,1:10,TAGCN,class_weighting,PGExplainer,True,ok,,0.3734332326075358,0.4268689057421452,0.435427448663894,0.009347614903152,0.0048780487804878,30.0,22.0,16.0,5.0,20.0,20.0,,,,,-0.1275614029572863,-0.1219723573888539,0.5208333333333333,-0.1275614029572863,16.0,0.0,16.0,16.0,no_aplica,,,2.0,50.0,25.0,0.0,116.4,3.88,cuda,rankings/1-10_TAGCN_class_weighting__PGExplainer.npz,2026-09-29T00:20:33
1:10_TAGCN_class_weighting,42,1:10,TAGCN,class_weighting,ShapleyFeatures,True,ok,,0.3734332326075358,0.4268689057421452,0.435427448663894,0.009347614903152,0.0048780487804878,30.0,22.0,16.0,5.0,20.0,20.0,0.9861622155132082,0.0158358619092565,0.9918383499221596,0.86877561325562,,,,0.9861622155132082,27.0,27.0,0.0,0.0,,no_aplica,no_aplica,0.0,,,,26.6,0.89,cuda,rankings/1-10_TAGCN_class_weighting__ShapleyFeatures.npz,2026-09-29T00:21:00
1:10_TAGCN_focal_loss,42,1:10,TAGCN,focal_loss,GNNExplainer,True,ok,,0.3891159642812863,0.447920955125566,0.4455019335157646,0.0040021311426797,0.0,30.0,19.0,16.0,5.0,20.0,20.0,0.8813108078500171,0.0574071536575143,0.8828517129662996,0.5186006595172777,0.082522714516492,0.0019047619047618,0.5705946014769544,0.8813108078500171,30.0,30.0,7.0,7.0,,,,1.0,,,,51.6,1.72,cuda,rankings/1-10_TAGCN_focal_loss__GNNExplainer.npz,2026-09-29T00:21:53
1:10_TAGCN_focal_loss,42,1:10,TAGCN,focal_loss,PGExplainer,True,ok,,0.3891159642812863,0.447920955125566,0.4455019335157646,0.0040021311426797,0.0,30.0,19.0,16.0,5.0,20.0,20.0,,,,,-0.08125,-0.1299999999999999,0.5583333333333333,-0.08125,16.0,0.0,16.0,16.0,no_aplica,,,2.0,50.0,25.0,0.0,133.7,4.46,cuda,rankings/1-10_TAGCN_focal_loss__PGExplainer.npz,2026-09-29T00:24:07
1:10_TAGCN_focal_loss,42,1:10,TAGCN,focal_loss,ShapleyFeatures,True,ok,,0.3891159642812863,0.447920955125566,0.4455019335157646,0.0040021311426797,0.0,30.0,19.0,16.0,5.0,20.0,20.0,0.9947756858720984,0.0057892910319715,0.9961461629033452,0.9506843461634386,,,,0.9947756858720984,25.0,25.0,0.0,0.0,,no_aplica,no_aplica,0.0,,,,28.6,0.95,cuda,rankings/1-10_TAGCN_focal_loss__ShapleyFeatures.npz,2026-09-29T00:24:35
1:10_TAGCN_none,42,1:10,TAGCN,none,GNNExplainer,True,ok,,0.3808967095230038,0.4334811529933481,0.4196811543298673,0.009086947895384,0.0078125,30.0,15.0,15.0,5.0,20.0,20.0,0.9436807590273192,0.0271832764374951,0.955880821358516,0.8436809377338098,0.0466152460553571,0.0419280111441666,0.5577887166596843,0.9436807590273192,30.0,30.0,7.0,7.0,,,,1.0,,,,45.2,1.51,cuda,rankings/1-10_TAGCN_none__GNNExplainer.npz,2026-09-29T00:25:22
1:10_TAGCN_none,42,1:10,TAGCN,none,PGExplainer,True,ok,,0.3808967095230038,0.4334811529933481,0.4196811543298673,0.009086947895384,0.0078125,30.0,15.0,15.0,5.0,20.0,20.0,,,,,0.1342708718850287,0.0540278291800382,0.6291666666666667,0.1342708718850287,16.0,0.0,16.0,16.0,no_aplica,,,2.0,50.0,25.0,0.0,116.9,3.9,cuda,rankings/1-10_TAGCN_none__PGExplainer.npz,2026-09-29T00:27:19
1:10_TAGCN_none,42,1:10,TAGCN,none,ShapleyFeatures,True,ok,,0.3808967095230038,0.4334811529933481,0.4196811543298673,0.009086947895384,0.0078125,30.0,15.0,15.0,5.0,20.0,20.0,0.996422194149334,0.0030870207371406,0.9977092545962029,0.9509632893347252,,,,0.996422194149334,27.0,27.0,0.0,0.0,,no_aplica,no_aplica,0.0,,,,26.5,0.88,cuda,rankings/1-10_TAGCN_none__ShapleyFeatures.npz,2026-09-29T00:27:46
1:10_os_TAGCN_class_weighting,42,1:10_os,TAGCN,class_weighting,GNNExplainer,True,ok,,0.3554346723910578,0.4218362282878412,0.4173371120058223,0.0095755715005836,0.0046403712296983,30.0,16.0,12.0,5.0,20.0,20.0,0.9552703582048552,0.0660537945782622,0.9624521510907196,0.83155330174301,0.0062220645125379,-0.0225,0.5626588465298142,0.9552703582048552,30.0,30.0,7.0,7.0,,,,1.0,,,,44.6,1.49,cuda,rankings/1-10_os_TAGCN_class_weighting__GNNExplainer.npz,2026-09-29T00:28:41
1:10_os_TAGCN_class_weighting,42,1:10_os,TAGCN,class_weighting,PGExplainer,True,ok,,0.3554346723910578,0.4218362282878412,0.4173371120058223,0.0095755715005836,0.0046403712296983,30.0,16.0,12.0,5.0,20.0,20.0,,,,,0.0749999999999999,-0.0296296296296296,0.6041666666666667,0.0749999999999999,16.0,0.0,16.0,16.0,no_aplica,,,2.0,50.0,25.0,0.0,116.5,3.88,cuda,rankings/1-10_os_TAGCN_class_weighting__PGExplainer.npz,2026-09-29T00:30:37
1:10_os_TAGCN_class_weighting,42,1:10_os,TAGCN,class_weighting,ShapleyFeatures,True,ok,,0.3554346723910578,0.4218362282878412,0.4173371120058223,0.0095755715005836,0.0046403712296983,30.0,16.0,12.0,5.0,20.0,20.0,0.9835567383806292,0.0230556709231547,0.9916186181077484,0.8599753989586894,,,,0.9835567383806292,27.0,27.0,0.0,0.0,,no_aplica,no_aplica,0.0,,,,26.7,0.89,cuda,rankings/1-10_os_TAGCN_class_weighting__ShapleyFeatures.npz,2026-09-29T00:31:04
1:10_os_TAGCN_focal_loss,42,1:10_os,TAGCN,focal_loss,GNNExplainer,True,ok,,0.4087202582197198,0.4507962433646386,0.4492706211310134,0.0038966184576488,0.0,30.0,20.0,17.0,5.0,20.0,20.0,0.8811415906893518,0.0680491318230241,0.8857089631578574,0.5375719234073213,0.0745634350093774,-0.0038095238095238,0.5753012004680524,0.8811415906893518,30.0,30.0,7.0,7.0,,,,1.0,,,,51.6,1.72,cuda,rankings/1-10_os_TAGCN_focal_loss__GNNExplainer.npz,2026-09-29T00:31:58
1:10_os_TAGCN_focal_loss,42,1:10_os,TAGCN,focal_loss,PGExplainer,True,ok,,0.4087202582197198,0.4507962433646386,0.4492706211310134,0.0038966184576488,0.0,30.0,20.0,17.0,5.0,20.0,20.0,,,,,-0.0180769052838329,-0.0699999999999999,0.5666666666666667,-0.0180769052838329,16.0,0.0,16.0,16.0,no_aplica,,,2.0,50.0,25.0,0.0,133.9,4.46,cuda,rankings/1-10_os_TAGCN_focal_loss__PGExplainer.npz,2026-09-29T00:34:12
1:10_os_TAGCN_focal_loss,42,1:10_os,TAGCN,focal_loss,ShapleyFeatures,True,ok,,0.4087202582197198,0.4507962433646386,0.4492706211310134,0.0038966184576488,0.0,30.0,20.0,17.0,5.0,20.0,20.0,0.99472809097265,0.0063951239259037,0.9946849275135626,0.9457430440537932,,,,0.99472809097265,26.0,26.0,0.0,0.0,,no_aplica,no_aplica,0.0,,,,28.7,0.96,cuda,rankings/1-10_os_TAGCN_focal_loss__ShapleyFeatures.npz,2026-09-29T00:34:40
1:10_os_TAGCN_none,42,1:10_os,TAGCN,none,GNNExplainer,True,ok,,0.4269254105833699,0.4714964370546318,0.4613193198897948,0.0088747890302802,0.0,30.0,13.0,11.0,5.0,20.0,20.0,0.943540905873486,0.0310158557193572,0.9509901691698732,0.8019007121678167,0.0799317614400031,0.0171428571428571,0.5960654936461387,0.943540905873486,30.0,30.0,7.0,7.0,,,,1.0,,,,51.0,1.7,cuda,rankings/1-10_os_TAGCN_none__GNNExplainer.npz,2026-09-29T00:35:33
1:10_os_TAGCN_none,42,1:10_os,TAGCN,none,PGExplainer,True,ok,,0.4269254105833699,0.4714964370546318,0.4613193198897948,0.0088747890302802,0.0,30.0,13.0,11.0,5.0,20.0,20.0,,,,,0.6624999999999999,0.6266666666666667,0.6375,0.6624999999999999,16.0,0.0,16.0,16.0,no_aplica,,,2.0,50.0,25.0,0.0,133.4,4.45,cuda,rankings/1-10_os_TAGCN_none__PGExplainer.npz,2026-09-29T00:37:47
1:10_os_TAGCN_none,42,1:10_os,TAGCN,none,ShapleyFeatures,True,ok,,0.4269254105833699,0.4714964370546318,0.4613193198897948,0.0088747890302802,0.0,30.0,13.0,11.0,5.0,20.0,20.0,0.9950100670751962,0.0031856135037039,0.9962269452172527,0.927299150509725,,,,0.9950100670751962,27.0,27.0,0.0,0.0,,no_aplica,no_aplica,0.0,,,,28.7,0.96,cuda,rankings/1-10_os_TAGCN_none__ShapleyFeatures.npz,2026-09-29T00:38:15
native_GAT_focal_loss,42,native,GAT,focal_loss,GNNExplainer,True,ok,,0.3465234617776855,0.4011267605633802,0.3869296916343678,0.0067614230531142,0.0192616372391653,30.0,11.0,13.0,5.0,20.0,20.0,0.9256431662805362,0.0309531951435828,0.9384287833117942,0.8122943442236816,0.1687499999999999,0.1428571428571428,0.5833333333333333,0.9256431662805362,30.0,30.0,16.0,16.0,,,,2.0,,,,39.4,1.31,cuda,rankings/native_GAT_focal_loss__GNNExplainer.npz,2026-09-29T21:02:16
native_GAT_focal_loss,42,native,GAT,focal_loss,PGExplainer,True,ok,,0.3465234617776855,0.4011267605633802,0.3869296916343678,0.0067614230531142,0.0192616372391653,30.0,11.0,13.0,5.0,20.0,20.0,,,,,0.711111111111111,0.6857142857142857,0.7375,0.711111111111111,15.0,0.0,15.0,16.0,no_aplica,,,2.0,50.0,25.0,0.0,101.4,3.38,cuda,rankings/native_GAT_focal_loss__PGExplainer.npz,2026-09-29T21:03:58
native_GAT_focal_loss,42,native,GAT,focal_loss,ShapleyFeatures,True,ok,,0.3465234617776855,0.4011267605633802,0.3869296916343678,0.0067614230531142,0.0192616372391653,30.0,11.0,13.0,5.0,20.0,20.0,0.9968814596750092,0.0024044349123488,0.9968688258941032,0.9513585070647173,,,,0.9968814596750092,27.0,27.0,0.0,0.0,,no_aplica,no_aplica,0.0,,,,24.8,0.83,cuda,rankings/native_GAT_focal_loss__ShapleyFeatures.npz,2026-09-29T21:04:23
native_GAT_none,42,native,GAT,none,GNNExplainer,True,ok,,0.2834562811929862,0.3364485981308411,0.3219288480930691,0.0048750518911719,0.0,30.0,11.0,12.0,5.0,20.0,20.0,0.9434271112885824,0.0361576556914432,0.9496279312928052,0.810142405852523,0.0687499999999999,0.0999999999999999,0.5333333333333333,0.9434271112885824,30.0,30.0,16.0,16.0,,,,2.0,,,,38.5,1.28,cuda,rankings/native_GAT_none__GNNExplainer.npz,2026-09-29T21:05:03
native_GAT_none,42,native,GAT,none,PGExplainer,True,ok,,0.2834562811929862,0.3364485981308411,0.3219288480930691,0.0048750518911719,0.0,30.0,11.0,12.0,5.0,20.0,20.0,,,,,0.8888888888888888,0.9999999999999998,0.75,0.8888888888888888,12.0,0.0,12.0,16.0,no_aplica,,,2.0,50.0,25.0,0.0,96.8,3.23,cuda,rankings/native_GAT_none__PGExplainer.npz,2026-09-29T21:06:39
native_GAT_none,42,native,GAT,none,ShapleyFeatures,True,ok,,0.2834562811929862,0.3364485981308411,0.3219288480930691,0.0048750518911719,0.0,30.0,11.0,12.0,5.0,20.0,20.0,0.992496612901302,0.0075967236119549,0.9930422073447768,0.8948727304076877,,,,0.992496612901302,27.0,27.0,0.0,0.0,,no_aplica,no_aplica,0.0,,,,23.8,0.79,cuda,rankings/native_GAT_none__ShapleyFeatures.npz,2026-09-29T21:07:03
1:10_GAT_none,42,1:10,GAT,none,GNNExplainer,True,ok,,0.4186603649840445,0.4607438016528926,0.4473578839040743,0.0069570381795847,0.0043478260869565,30.0,16.0,16.0,5.0,20.0,20.0,0.9435724625167344,0.0281885405731767,0.9569125087502311,0.8399027904785658,0.1187499999999999,0.0799999999999999,0.5583333333333333,0.9435724625167344,30.0,30.0,16.0,16.0,,,,2.0,,,,37.7,1.26,cuda,rankings/1-10_GAT_none__GNNExplainer.npz,2026-09-29T21:07:47
1:10_GAT_none,42,1:10,GAT,none,PGExplainer,True,ok,,0.4186603649840445,0.4607438016528926,0.4473578839040743,0.0069570381795847,0.0043478260869565,30.0,16.0,16.0,5.0,20.0,20.0,,,,,0.6666666666666665,0.6199999999999999,0.75,0.6666666666666665,15.0,0.0,15.0,16.0,no_aplica,,,2.0,50.0,25.0,0.0,94.6,3.15,cuda,rankings/1-10_GAT_none__PGExplainer.npz,2026-09-29T21:09:21
1:10_GAT_none,42,1:10,GAT,none,ShapleyFeatures,True,ok,,0.4186603649840445,0.4607438016528926,0.4473578839040743,0.0069570381795847,0.0043478260869565,30.0,16.0,16.0,5.0,20.0,20.0,0.996113386896771,0.003614125107541,0.9972151779699884,0.9291293263502092,,,,0.996113386896771,27.0,27.0,0.0,0.0,,no_aplica,no_aplica,0.0,,,,24.0,0.8,cuda,rankings/1-10_GAT_none__ShapleyFeatures.npz,2026-09-29T21:09:45
1:10_os_GAT_focal_loss,42,1:10_os,GAT,focal_loss,GNNExplainer,True,ok,,0.4097236359197007,0.4051069703243616,0.4162942109730037,0.00800576789008,0.0,30.0,20.0,13.0,5.0,20.0,20.0,0.9226605438277052,0.0315996907109665,0.9370175486213344,0.7992633081164963,0.1937499999999999,0.1999999999999999,0.5958333333333332,0.9226605438277052,30.0,30.0,16.0,16.0,,,,2.0,,,,38.3,1.28,cuda,rankings/1-10_os_GAT_focal_loss__GNNExplainer.npz,2026-09-29T21:10:34
1:10_os_GAT_focal_loss,42,1:10_os,GAT,focal_loss,PGExplainer,True,ok,,0.4097236359197007,0.4051069703243616,0.4162942109730037,0.00800576789008,0.0,30.0,20.0,13.0,5.0,20.0,20.0,,,,,0.6192307692307691,0.8,0.7083333333333334,0.6192307692307691,13.0,0.0,13.0,16.0,no_aplica,,,2.0,50.0,25.0,0.0,94.2,3.14,cuda,rankings/1-10_os_GAT_focal_loss__PGExplainer.npz,2026-09-29T21:12:08
1:10_os_GAT_focal_loss,42,1:10_os,GAT,focal_loss,ShapleyFeatures,True,ok,,0.4097236359197007,0.4051069703243616,0.4162942109730037,0.00800576789008,0.0,30.0,20.0,13.0,5.0,20.0,20.0,0.998211873144802,0.0015951454195475,0.9984248047637008,0.9729405172068736,,,,0.998211873144802,27.0,27.0,0.0,0.0,,no_aplica,no_aplica,0.0,,,,23.9,0.8,cuda,rankings/1-10_os_GAT_focal_loss__ShapleyFeatures.npz,2026-09-29T21:12:32
1:10_os_GAT_none,42,1:10_os,GAT,none,GNNExplainer,True,ok,,0.4220077307171722,0.4563155267099351,0.4434313188662988,0.0074093788829931,0.0,30.0,17.0,15.0,5.0,20.0,20.0,0.9440437779221292,0.0289971834208912,0.95766492163806,0.8414827223099731,0.1187499999999999,0.0909090909090908,0.5583333333333333,0.9440437779221292,30.0,30.0,16.0,16.0,,,,2.0,,,,38.1,1.27,cuda,rankings/1-10_os_GAT_none__GNNExplainer.npz,2026-09-29T21:13:11
1:10_os_GAT_none,42,1:10_os,GAT,none,PGExplainer,True,ok,,0.4220077307171722,0.4563155267099351,0.4434313188662988,0.0074093788829931,0.0,30.0,17.0,15.0,5.0,20.0,20.0,,,,,0.7124999999999999,0.6545454545454544,0.7333333333333333,0.7124999999999999,16.0,0.0,16.0,16.0,no_aplica,,,2.0,50.0,25.0,0.0,94.5,3.15,cuda,rankings/1-10_os_GAT_none__PGExplainer.npz,2026-09-29T21:14:46
1:10_os_GAT_none,42,1:10_os,GAT,none,ShapleyFeatures,True,ok,,0.4220077307171722,0.4563155267099351,0.4434313188662988,0.0074093788829931,0.0,30.0,17.0,15.0,5.0,20.0,20.0,0.9959443643145944,0.0040612898611354,0.99676703075519,0.9214882244452453,,,,0.9959443643145944,27.0,27.0,0.0,0.0,,no_aplica,no_aplica,0.0,,,,23.9,0.8,cuda,rankings/1-10_os_GAT_none__ShapleyFeatures.npz,2026-09-29T21:15:10
native_GraphSAGE_class_weighting_s43,43,native,GraphSAGE,class_weighting,GNNExplainer,True,ok,,0.4464683828105973,0.4058512293806411,0.4297882034399027,0.0103098602062191,0.0062111801242236,30.0,24.0,15.0,5.0,20.0,20.0,0.9619505279892522,0.0157944493191358,0.9640671183674552,0.8328795411089868,0.1249999999999999,0.1384615384615384,0.5583333333333333,0.9619505279892522,30.0,30.0,16.0,16.0,,,,2.0,,,,25.2,0.84,cuda,rankings/native_GraphSAGE_class_weighting_s43__GNNExplainer.npz,2026-09-29T21:33:03
native_GraphSAGE_class_weighting_s43,43,native,GraphSAGE,class_weighting,PGExplainer,True,ok,,0.4464683828105973,0.4058512293806411,0.4297882034399027,0.0103098602062191,0.0062111801242236,30.0,24.0,15.0,5.0,20.0,20.0,,,,,-0.1437499999999999,-0.1538461538461538,0.4166666666666667,-0.1437499999999999,16.0,0.0,16.0,16.0,no_aplica,,,2.0,50.0,25.0,0.0,64.3,2.14,cuda,rankings/native_GraphSAGE_class_weighting_s43__PGExplainer.npz,2026-09-29T21:34:08
native_GraphSAGE_class_weighting_s43,43,native,GraphSAGE,class_weighting,ShapleyFeatures,True,ok,,0.4464683828105973,0.4058512293806411,0.4297882034399027,0.0103098602062191,0.0062111801242236,30.0,24.0,15.0,5.0,20.0,20.0,0.9945148650467546,0.0045635584366683,0.9947581843713144,0.9283580421389052,,,,0.9945148650467546,27.0,27.0,0.0,0.0,,no_aplica,no_aplica,0.0,,,,22.0,0.73,cuda,rankings/native_GraphSAGE_class_weighting_s43__ShapleyFeatures.npz,2026-09-29T21:34:30
native_GraphSAGE_focal_loss_s43,43,native,GraphSAGE,focal_loss,GNNExplainer,True,ok,,0.2665891283748503,0.3880037488284911,0.3747089284675177,0.0059566059446287,0.0,30.0,12.0,14.0,5.0,20.0,20.0,0.9189531844389132,0.0294617355007521,0.9221615882603016,0.7283782802671321,0.1937499999999999,0.1999999999999999,0.5958333333333332,0.9189531844389132,30.0,30.0,16.0,16.0,,,,2.0,,,,25.3,0.84,cuda,rankings/native_GraphSAGE_focal_loss_s43__GNNExplainer.npz,2026-09-29T21:34:55
native_GraphSAGE_focal_loss_s43,43,native,GraphSAGE,focal_loss,PGExplainer,True,ok,,0.2665891283748503,0.3880037488284911,0.3747089284675177,0.0059566059446287,0.0,30.0,12.0,14.0,5.0,20.0,20.0,,,,,0.6916666666666667,0.75,0.7625000000000001,0.6916666666666667,16.0,0.0,16.0,16.0,no_aplica,,,2.0,50.0,25.0,0.0,69.3,2.31,cuda,rankings/native_GraphSAGE_focal_loss_s43__PGExplainer.npz,2026-09-29T21:36:05
native_GraphSAGE_focal_loss_s43,43,native,GraphSAGE,focal_loss,ShapleyFeatures,True,ok,,0.2665891283748503,0.3880037488284911,0.3747089284675177,0.0059566059446287,0.0,30.0,12.0,14.0,5.0,20.0,20.0,0.9964843453549678,0.0022182411043786,0.9970585285191405,0.9631072747034174,,,,0.9964843453549678,27.0,27.0,0.0,0.0,,no_aplica,no_aplica,0.0,,,,22.9,0.76,cuda,rankings/native_GraphSAGE_focal_loss_s43__ShapleyFeatures.npz,2026-09-29T21:36:28
1:10_GraphSAGE_class_weighting_s43,43,1:10,GraphSAGE,class_weighting,GNNExplainer,True,ok,,0.449906530042034,0.3948371956585509,0.4249850297018737,0.0102795186713611,0.0,30.0,25.0,16.0,5.0,20.0,20.0,0.9625985021855624,0.0160558911135194,0.9625001166728748,0.8198998531327072,0.1249999999999999,0.1384615384615384,0.5583333333333333,0.9625985021855624,30.0,30.0,16.0,16.0,,,,2.0,,,,26.1,0.87,cuda,rankings/1-10_GraphSAGE_class_weighting_s43__GNNExplainer.npz,2026-09-29T21:36:59
1:10_GraphSAGE_class_weighting_s43,43,1:10,GraphSAGE,class_weighting,PGExplainer,True,ok,,0.449906530042034,0.3948371956585509,0.4249850297018737,0.0102795186713611,0.0,30.0,25.0,16.0,5.0,20.0,20.0,,,,,1.3877787807814457e-17,-0.0461538461538461,0.4416666666666666,1.3877787807814457e-17,16.0,0.0,16.0,16.0,no_aplica,,,2.0,50.0,25.0,0.0,65.1,2.17,cuda,rankings/1-10_GraphSAGE_class_weighting_s43__PGExplainer.npz,2026-09-29T21:38:05
1:10_GraphSAGE_class_weighting_s43,43,1:10,GraphSAGE,class_weighting,ShapleyFeatures,True,ok,,0.449906530042034,0.3948371956585509,0.4249850297018737,0.0102795186713611,0.0,30.0,25.0,16.0,5.0,20.0,20.0,0.9945470008610718,0.0045250663091649,0.9947564114269006,0.9332389934202224,,,,0.9945470008610718,27.0,27.0,0.0,0.0,,no_aplica,no_aplica,0.0,,,,22.7,0.76,cuda,rankings/1-10_GraphSAGE_class_weighting_s43__ShapleyFeatures.npz,2026-09-29T21:38:27
1:10_GraphSAGE_focal_loss_s43,43,1:10,GraphSAGE,focal_loss,GNNExplainer,True,ok,,0.3422079177672495,0.4016064257028112,0.4064506539631517,0.0099568290749531,0.0098765432098765,30.0,17.0,15.0,5.0,20.0,20.0,0.8981453298137969,0.0442508316244657,0.9066602375453506,0.6974142766093056,0.1937499999999999,0.1999999999999999,0.5958333333333332,0.8981453298137969,30.0,30.0,16.0,16.0,,,,2.0,,,,28.2,0.94,cuda,rankings/1-10_GraphSAGE_focal_loss_s43__GNNExplainer.npz,2026-09-29T21:38:56
1:10_GraphSAGE_focal_loss_s43,43,1:10,GraphSAGE,focal_loss,PGExplainer,True,ok,,0.3422079177672495,0.4016064257028112,0.4064506539631517,0.0099568290749531,0.0098765432098765,30.0,17.0,15.0,5.0,20.0,20.0,,,,,-0.1629086508806388,-0.1399999999999999,0.4375,-0.1629086508806388,16.0,0.0,16.0,16.0,no_aplica,,,2.0,50.0,25.0,0.0,71.5,2.38,cuda,rankings/1-10_GraphSAGE_focal_loss_s43__PGExplainer.npz,2026-09-29T21:40:07
1:10_GraphSAGE_focal_loss_s43,43,1:10,GraphSAGE,focal_loss,ShapleyFeatures,True,ok,,0.3422079177672495,0.4016064257028112,0.4064506539631517,0.0099568290749531,0.0098765432098765,30.0,17.0,15.0,5.0,20.0,20.0,0.9961650668056689,0.0058421423880635,0.9977492981386682,0.9668656302823732,,,,0.9961650668056689,27.0,27.0,0.0,0.0,,no_aplica,no_aplica,0.0,,,,22.6,0.75,cuda,rankings/1-10_GraphSAGE_focal_loss_s43__ShapleyFeatures.npz,2026-09-29T21:40:30
1:10_GraphSAGE_none_s43,43,1:10,GraphSAGE,none,GNNExplainer,True,ok,,0.326776134569177,0.4154892726321297,0.4007665261980934,0.0054696861596827,0.0046620046620046,30.0,13.0,17.0,5.0,20.0,20.0,0.9148674752256802,0.0404198411357998,0.9113605497415757,0.722031922853105,0.1937499999999999,0.1999999999999999,0.5958333333333332,0.9148674752256802,30.0,30.0,16.0,16.0,,,,2.0,,,,27.5,0.92,cuda,rankings/1-10_GraphSAGE_none_s43__GNNExplainer.npz,2026-09-29T21:40:58
1:10_GraphSAGE_none_s43,43,1:10,GraphSAGE,none,PGExplainer,True,ok,,0.326776134569177,0.4154892726321297,0.4007665261980934,0.0054696861596827,0.0046620046620046,30.0,13.0,17.0,5.0,20.0,20.0,,,,,0.5416666666666666,0.3999999999999999,0.7375,0.5416666666666666,16.0,0.0,16.0,16.0,no_aplica,,,2.0,50.0,25.0,0.0,71.1,2.37,cuda,rankings/1-10_GraphSAGE_none_s43__PGExplainer.npz,2026-09-29T21:42:09
1:10_GraphSAGE_none_s43,43,1:10,GraphSAGE,none,ShapleyFeatures,True,ok,,0.326776134569177,0.4154892726321297,0.4007665261980934,0.0054696861596827,0.0046620046620046,30.0,13.0,17.0,5.0,20.0,20.0,0.997019201202007,0.0019714031537011,0.9976269035628952,0.9775588623788808,,,,0.997019201202007,27.0,27.0,0.0,0.0,,no_aplica,no_aplica,0.0,,,,22.9,0.76,cuda,rankings/1-10_GraphSAGE_none_s43__ShapleyFeatures.npz,2026-09-29T21:42:32
1:10_os_GraphSAGE_class_weighting_s43,43,1:10_os,GraphSAGE,class_weighting,GNNExplainer,True,ok,,0.4419286934434835,0.4081244049508092,0.4298484609582301,0.0104409873646761,0.0056022408963585,30.0,22.0,14.0,5.0,20.0,20.0,0.9635645381050952,0.0153045311728074,0.9651169627905036,0.8416676365450161,0.1249999999999999,0.1384615384615384,0.5583333333333333,0.9635645381050952,30.0,30.0,16.0,16.0,,,,2.0,,,,25.6,0.85,cuda,rankings/1-10_os_GraphSAGE_class_weighting_s43__GNNExplainer.npz,2026-09-29T21:43:08
1:10_os_GraphSAGE_class_weighting_s43,43,1:10_os,GraphSAGE,class_weighting,PGExplainer,True,ok,,0.4419286934434835,0.4081244049508092,0.4298484609582301,0.0104409873646761,0.0056022408963585,30.0,22.0,14.0,5.0,20.0,20.0,,,,,-0.0114583333333333,-0.0717948717948717,0.4291666666666667,-0.0114583333333333,16.0,0.0,16.0,16.0,no_aplica,,,2.0,50.0,25.0,0.0,69.3,2.31,cuda,rankings/1-10_os_GraphSAGE_class_weighting_s43__PGExplainer.npz,2026-09-29T21:44:17
1:10_os_GraphSAGE_class_weighting_s43,43,1:10_os,GraphSAGE,class_weighting,ShapleyFeatures,True,ok,,0.4419286934434835,0.4081244049508092,0.4298484609582301,0.0104409873646761,0.0056022408963585,30.0,22.0,14.0,5.0,20.0,20.0,0.9938285649616146,0.0062353903295163,0.9955208496209758,0.9183405227490354,,,,0.9938285649616146,27.0,27.0,0.0,0.0,,no_aplica,no_aplica,0.0,,,,21.8,0.73,cuda,rankings/1-10_os_GraphSAGE_class_weighting_s43__ShapleyFeatures.npz,2026-09-29T21:44:39
1:10_os_GraphSAGE_focal_loss_s43,43,1:10_os,GraphSAGE,focal_loss,GNNExplainer,True,ok,,0.4229620318789172,0.4477884176926585,0.4382455351104658,0.0102600549276188,0.0082987551867219,30.0,16.0,12.0,5.0,20.0,20.0,0.9289115478242008,0.0371408308218421,0.9408139564092208,0.8206802172527505,0.1937499999999999,0.1999999999999999,0.5958333333333332,0.9289115478242008,30.0,30.0,16.0,16.0,,,,2.0,,,,24.7,0.82,cuda,rankings/1-10_os_GraphSAGE_focal_loss_s43__GNNExplainer.npz,2026-09-29T21:45:04
1:10_os_GraphSAGE_focal_loss_s43,43,1:10_os,GraphSAGE,focal_loss,PGExplainer,True,ok,,0.4229620318789172,0.4477884176926585,0.4382455351104658,0.0102600549276188,0.0082987551867219,30.0,16.0,12.0,5.0,20.0,20.0,,,,,0.1916867061317362,0.2363636363636363,0.5833333333333333,0.1916867061317362,16.0,0.0,16.0,16.0,no_aplica,,,2.0,50.0,25.0,0.0,66.0,2.2,cuda,rankings/1-10_os_GraphSAGE_focal_loss_s43__PGExplainer.npz,2026-09-29T21:46:10
1:10_os_GraphSAGE_focal_loss_s43,43,1:10_os,GraphSAGE,focal_loss,ShapleyFeatures,True,ok,,0.4229620318789172,0.4477884176926585,0.4382455351104658,0.0102600549276188,0.0082987551867219,30.0,16.0,12.0,5.0,20.0,20.0,0.9970970605034608,0.0023736098241648,0.9974764544524068,0.975132042009588,,,,0.9970970605034608,27.0,27.0,0.0,0.0,,no_aplica,no_aplica,0.0,,,,21.3,0.71,cuda,rankings/1-10_os_GraphSAGE_focal_loss_s43__ShapleyFeatures.npz,2026-09-29T21:46:32
1:10_os_GraphSAGE_none_s43,43,1:10_os,GraphSAGE,none,GNNExplainer,True,ok,,0.3063788618276781,0.4077380952380952,0.3934745830040993,0.004855483893876,0.0,30.0,14.0,14.0,5.0,20.0,20.0,0.9162595109443008,0.033654786777573,0.9188707582260338,0.7110604095657715,0.1937499999999999,0.1999999999999999,0.5958333333333332,0.9162595109443008,30.0,30.0,16.0,16.0,,,,2.0,,,,23.4,0.78,cuda,rankings/1-10_os_GraphSAGE_none_s43__GNNExplainer.npz,2026-09-29T21:46:55
1:10_os_GraphSAGE_none_s43,43,1:10_os,GraphSAGE,none,PGExplainer,True,ok,,0.3063788618276781,0.4077380952380952,0.3934745830040993,0.004855483893876,0.0,30.0,14.0,14.0,5.0,20.0,20.0,,,,,0.4041666666666667,0.3333333333333332,0.7,0.4041666666666667,16.0,0.0,16.0,16.0,no_aplica,,,2.0,50.0,25.0,0.0,65.6,2.19,cuda,rankings/1-10_os_GraphSAGE_none_s43__PGExplainer.npz,2026-09-29T21:48:01
1:10_os_GraphSAGE_none_s43,43,1:10_os,GraphSAGE,none,ShapleyFeatures,True,ok,,0.3063788618276781,0.4077380952380952,0.3934745830040993,0.004855483893876,0.0,30.0,14.0,14.0,5.0,20.0,20.0,0.9966989576037286,0.0031736162940762,0.9981344664015774,0.9619548436956368,,,,0.9966989576037286,27.0,27.0,0.0,0.0,,no_aplica,no_aplica,0.0,,,,21.9,0.73,cuda,rankings/1-10_os_GraphSAGE_none_s43__ShapleyFeatures.npz,2026-09-29T21:48:23
native_GAT_focal_loss_s43,43,native,GAT,focal_loss,GNNExplainer,True,ok,,0.352357594366484,0.3975842979365878,0.3827333793950793,0.0047423541247839,0.0033955857385398,30.0,15.0,14.0,5.0,20.0,20.0,0.9366569281344872,0.0347486347678303,0.9436716377270984,0.7996096655305235,0.0687499999999999,-1.3877787807814457e-17,0.5333333333333334,0.9366569281344872,30.0,30.0,16.0,16.0,,,,2.0,,,,40.3,1.34,cuda,rankings/native_GAT_focal_loss_s43__GNNExplainer.npz,2026-09-29T21:49:09
native_GAT_focal_loss_s43,43,native,GAT,focal_loss,PGExplainer,True,ok,,0.352357594366484,0.3975842979365878,0.3827333793950793,0.0047423541247839,0.0033955857385398,30.0,15.0,14.0,5.0,20.0,20.0,,,,,0.75,1.0,0.7625000000000001,0.75,16.0,0.0,16.0,16.0,no_aplica,,,2.0,50.0,25.0,0.0,101.7,3.39,cuda,rankings/native_GAT_focal_loss_s43__PGExplainer.npz,2026-09-29T21:50:51
native_GAT_focal_loss_s43,43,native,GAT,focal_loss,ShapleyFeatures,True,ok,,0.352357594366484,0.3975842979365878,0.3827333793950793,0.0047423541247839,0.0033955857385398,30.0,15.0,14.0,5.0,20.0,20.0,0.9935945038517922,0.0065462941710003,0.9932090735063744,0.9090888069880504,,,,0.9935945038517922,27.0,27.0,0.0,0.0,,no_aplica,no_aplica,0.0,,,,25.2,0.84,cuda,rankings/native_GAT_focal_loss_s43__ShapleyFeatures.npz,2026-09-29T21:51:16
native_GAT_none_s43,43,native,GAT,none,GNNExplainer,True,ok,,0.225719903658151,0.3160118293198141,0.3035749876685401,0.0057189949104771,0.0024479804161566,30.0,16.0,16.0,5.0,20.0,20.0,0.9277795186891944,0.0483045320201445,0.9484008882951432,0.6699586000498795,0.0437499999999999,0.0399999999999999,0.5208333333333334,0.9277795186891944,30.0,30.0,16.0,16.0,,,,2.0,,,,39.7,1.32,cuda,rankings/native_GAT_none_s43__GNNExplainer.npz,2026-09-29T21:51:57
native_GAT_none_s43,43,native,GAT,none,PGExplainer,True,ok,,0.225719903658151,0.3160118293198141,0.3035749876685401,0.0057189949104771,0.0024479804161566,30.0,16.0,16.0,5.0,20.0,20.0,,,,,0.2461538461538461,0.0666666666666666,0.6375,0.2461538461538461,13.0,0.0,13.0,16.0,no_aplica,,,2.0,50.0,25.0,0.0,102.0,3.4,cuda,rankings/native_GAT_none_s43__PGExplainer.npz,2026-09-29T21:53:39
native_GAT_none_s43,43,native,GAT,none,ShapleyFeatures,True,ok,,0.225719903658151,0.3160118293198141,0.3035749876685401,0.0057189949104771,0.0024479804161566,30.0,16.0,16.0,5.0,20.0,20.0,0.9881646554238286,0.0159847544489686,0.9925385054802648,0.8532468140265962,,,,0.9881646554238286,27.0,27.0,0.0,0.0,,no_aplica,no_aplica,0.0,,,,25.1,0.84,cuda,rankings/native_GAT_none_s43__ShapleyFeatures.npz,2026-09-29T21:54:05
1:10_GAT_none_s43,43,1:10,GAT,none,GNNExplainer,True,ok,,0.3744585400579577,0.4248275862068965,0.413858120698697,0.0048631058221139,0.0030075187969924,30.0,16.0,15.0,5.0,20.0,20.0,0.9376867455541612,0.0374066656812123,0.952404955670069,0.7998324327320087,0.1187499999999999,0.0222222222222222,0.5583333333333333,0.9376867455541612,30.0,30.0,16.0,16.0,,,,2.0,,,,39.6,1.32,cuda,rankings/1-10_GAT_none_s43__GNNExplainer.npz,2026-09-29T21:54:50
1:10_GAT_none_s43,43,1:10,GAT,none,PGExplainer,True,ok,,0.3744585400579577,0.4248275862068965,0.413858120698697,0.0048631058221139,0.0030075187969924,30.0,16.0,15.0,5.0,20.0,20.0,,,,,0.75,0.7777777777777777,0.7625000000000001,0.75,16.0,0.0,16.0,16.0,no_aplica,,,2.0,50.0,25.0,0.0,100.7,3.36,cuda,rankings/1-10_GAT_none_s43__PGExplainer.npz,2026-09-29T21:56:31
1:10_GAT_none_s43,43,1:10,GAT,none,ShapleyFeatures,True,ok,,0.3744585400579577,0.4248275862068965,0.413858120698697,0.0048631058221139,0.0030075187969924,30.0,16.0,15.0,5.0,20.0,20.0,0.9942064558842392,0.0057016260506205,0.9957296870416996,0.9215283743299372,,,,0.9942064558842392,27.0,27.0,0.0,0.0,,no_aplica,no_aplica,0.0,,,,25.1,0.84,cuda,rankings/1-10_GAT_none_s43__ShapleyFeatures.npz,2026-09-29T21:56:56
1:10_os_GAT_focal_loss_s43,43,1:10_os,GAT,focal_loss,GNNExplainer,True,ok,,0.2589729119263977,0.3341677096370463,0.3236156520759877,0.0050924448821171,0.0,30.0,10.0,10.0,5.0,20.0,20.0,0.934282994959871,0.037578212715141,0.9549524822936912,0.7887015268656302,0.1437499999999999,0.0999999999999999,0.5708333333333333,0.934282994959871,30.0,30.0,16.0,16.0,,,,2.0,,,,40.0,1.33,cuda,rankings/1-10_os_GAT_focal_loss_s43__GNNExplainer.npz,2026-09-29T21:57:47
1:10_os_GAT_focal_loss_s43,43,1:10_os,GAT,focal_loss,PGExplainer,True,ok,,0.2589729119263977,0.3341677096370463,0.3236156520759877,0.0050924448821171,0.0,30.0,10.0,10.0,5.0,20.0,20.0,,,,,0.1041666666666666,0.3333333333333332,0.6458333333333334,0.1041666666666666,16.0,0.0,16.0,16.0,no_aplica,,,2.0,50.0,25.0,0.0,100.4,3.35,cuda,rankings/1-10_os_GAT_focal_loss_s43__PGExplainer.npz,2026-09-29T21:59:28
1:10_os_GAT_focal_loss_s43,43,1:10_os,GAT,focal_loss,ShapleyFeatures,True,ok,,0.2589729119263977,0.3341677096370463,0.3236156520759877,0.0050924448821171,0.0,30.0,10.0,10.0,5.0,20.0,20.0,0.99374370754733,0.0059202184112575,0.996048050062304,0.909604074104864,,,,0.99374370754733,27.0,27.0,0.0,0.0,,no_aplica,no_aplica,0.0,,,,24.8,0.83,cuda,rankings/1-10_os_GAT_focal_loss_s43__ShapleyFeatures.npz,2026-09-29T21:59:52
1:10_os_GAT_none_s43,43,1:10_os,GAT,none,GNNExplainer,True,ok,,0.3773313862725486,0.4185596906718221,0.4053511389268695,0.0046503134594854,0.0042643923240938,30.0,16.0,14.0,5.0,20.0,20.0,0.9374956961363874,0.0367748307264056,0.9529729220214432,0.8076840690553385,0.1437499999999999,0.0499999999999999,0.5708333333333333,0.9374956961363874,30.0,30.0,16.0,16.0,,,,2.0,,,,39.2,1.31,cuda,rankings/1-10_os_GAT_none_s43__GNNExplainer.npz,2026-09-29T22:00:33
1:10_os_GAT_none_s43,43,1:10_os,GAT,none,PGExplainer,True,ok,,0.3773313862725486,0.4185596906718221,0.4053511389268695,0.0046503134594854,0.0042643923240938,30.0,16.0,14.0,5.0,20.0,20.0,,,,,0.75,0.7499999999999999,0.7625000000000001,0.75,16.0,0.0,16.0,16.0,no_aplica,,,2.0,50.0,25.0,0.0,100.3,3.34,cuda,rankings/1-10_os_GAT_none_s43__PGExplainer.npz,2026-09-29T22:02:13
1:10_os_GAT_none_s43,43,1:10_os,GAT,none,ShapleyFeatures,True,ok,,0.3773313862725486,0.4185596906718221,0.4053511389268695,0.0046503134594854,0.0042643923240938,30.0,16.0,14.0,5.0,20.0,20.0,0.9938424752672324,0.0059491156586906,0.9960128313938388,0.913333856759744,,,,0.9938424752672324,27.0,27.0,0.0,0.0,,no_aplica,no_aplica,0.0,,,,24.7,0.82,cuda,rankings/1-10_os_GAT_none_s43__ShapleyFeatures.npz,2026-09-29T22:02:38
native_TAGCN_class_weighting_s43,43,native,TAGCN,class_weighting,GNNExplainer,True,ok,,0.3706732911435307,0.4501182033096926,0.4388930690576262,0.0086108065188858,0.0060422960725075,30.0,14.0,14.0,5.0,20.0,20.0,0.9531314912312886,0.0658461945677393,0.9614622394204736,0.8300764264139441,0.0148612262894022,-0.0171428571428571,0.5685763161569612,0.9531314912312886,30.0,30.0,7.0,7.0,,,,1.0,,,,49.5,1.65,cuda,rankings/native_TAGCN_class_weighting_s43__GNNExplainer.npz,2026-09-29T22:03:34
native_TAGCN_class_weighting_s43,43,native,TAGCN,class_weighting,PGExplainer,True,ok,,0.3706732911435307,0.4501182033096926,0.4388930690576262,0.0086108065188858,0.0060422960725075,30.0,14.0,14.0,5.0,20.0,20.0,,,,,-0.0048343918243516,-0.125,0.6208333333333333,-0.0048343918243516,16.0,0.0,16.0,16.0,no_aplica,,,2.0,50.0,25.0,0.0,127.3,4.24,cuda,rankings/native_TAGCN_class_weighting_s43__PGExplainer.npz,2026-09-29T22:05:41
native_TAGCN_class_weighting_s43,43,native,TAGCN,class_weighting,ShapleyFeatures,True,ok,,0.3706732911435307,0.4501182033096926,0.4388930690576262,0.0086108065188858,0.0060422960725075,30.0,14.0,14.0,5.0,20.0,20.0,0.9846106400655156,0.0157431295483976,0.991318010513827,0.8387713642647554,,,,0.9846106400655156,27.0,27.0,0.0,0.0,,no_aplica,no_aplica,0.0,,,,28.1,0.94,cuda,rankings/native_TAGCN_class_weighting_s43__ShapleyFeatures.npz,2026-09-29T22:06:09
1:10_TAGCN_class_weighting_s43,43,1:10,TAGCN,class_weighting,GNNExplainer,True,ok,,0.3697238887697389,0.441469013006886,0.4453467249173833,0.0072553131966669,0.0054945054945054,30.0,19.0,15.0,5.0,20.0,20.0,0.9501925263479132,0.0616077229794655,0.9595290690974392,0.8228252002106022,0.091525512662846,0.0938023843946511,0.5887410976120654,0.9501925263479132,30.0,30.0,7.0,7.0,,,,1.0,,,,48.7,1.62,cuda,rankings/1-10_TAGCN_class_weighting_s43__GNNExplainer.npz,2026-09-29T22:07:04
1:10_TAGCN_class_weighting_s43,43,1:10,TAGCN,class_weighting,PGExplainer,True,ok,,0.3697238887697389,0.441469013006886,0.4453467249173833,0.0072553131966669,0.0054945054945054,30.0,19.0,15.0,5.0,20.0,20.0,,,,,0.0333734122634725,-0.1110916789025587,0.5708333333333333,0.0333734122634725,16.0,0.0,16.0,16.0,no_aplica,,,2.0,50.0,25.0,0.0,128.7,4.29,cuda,rankings/1-10_TAGCN_class_weighting_s43__PGExplainer.npz,2026-09-29T22:09:13
1:10_TAGCN_class_weighting_s43,43,1:10,TAGCN,class_weighting,ShapleyFeatures,True,ok,,0.3697238887697389,0.441469013006886,0.4453467249173833,0.0072553131966669,0.0054945054945054,30.0,19.0,15.0,5.0,20.0,20.0,0.9848625569239942,0.018277815899006,0.9921187922477368,0.8401593371574251,,,,0.9848625569239942,27.0,27.0,0.0,0.0,,no_aplica,no_aplica,0.0,,,,27.9,0.93,cuda,rankings/1-10_TAGCN_class_weighting_s43__ShapleyFeatures.npz,2026-09-29T22:09:41
1:10_TAGCN_focal_loss_s43,43,1:10,TAGCN,focal_loss,GNNExplainer,True,ok,,0.403193288758442,0.4375490966221524,0.4385485411105363,0.0042104400116526,0.0,30.0,20.0,18.0,5.0,20.0,20.0,0.8795363277067239,0.0483237057194607,0.8762774059645719,0.486206140715493,0.0612378099263049,-0.0152380952380952,0.5712404609937816,0.8795363277067239,30.0,30.0,7.0,7.0,,,,1.0,,,,54.4,1.81,cuda,rankings/1-10_TAGCN_focal_loss_s43__GNNExplainer.npz,2026-09-29T22:10:38
1:10_TAGCN_focal_loss_s43,43,1:10,TAGCN,focal_loss,PGExplainer,True,ok,,0.403193288758442,0.4375490966221524,0.4385485411105363,0.0042104400116526,0.0,30.0,20.0,18.0,5.0,20.0,20.0,,,,,-0.1960376587736527,-0.1999999999999999,0.4833333333333333,-0.1960376587736527,16.0,0.0,16.0,16.0,no_aplica,,,2.0,50.0,25.0,0.0,144.2,4.81,cuda,rankings/1-10_TAGCN_focal_loss_s43__PGExplainer.npz,2026-09-29T22:13:02
1:10_TAGCN_focal_loss_s43,43,1:10,TAGCN,focal_loss,ShapleyFeatures,True,ok,,0.403193288758442,0.4375490966221524,0.4385485411105363,0.0042104400116526,0.0,30.0,20.0,18.0,5.0,20.0,20.0,0.9943142966555994,0.0081676765939122,0.9952332512066584,0.9395926203034024,,,,0.9943142966555994,27.0,27.0,0.0,0.0,,no_aplica,no_aplica,0.0,,,,30.1,1.0,cuda,rankings/1-10_TAGCN_focal_loss_s43__ShapleyFeatures.npz,2026-09-29T22:13:32
1:10_TAGCN_none_s43,43,1:10,TAGCN,none,GNNExplainer,True,ok,,0.2796374691095459,0.4156862745098039,0.4019680781824841,0.0058775833529444,0.0075901328273244,30.0,11.0,13.0,5.0,20.0,20.0,0.9189267339945798,0.0349731646038017,0.921676479570668,0.7257606340233326,0.0189132899460808,-0.1,0.5619436458980396,0.9189267339945798,30.0,30.0,7.0,7.0,,,,1.0,,,,48.4,1.61,cuda,rankings/1-10_TAGCN_none_s43__GNNExplainer.npz,2026-09-29T22:14:22
1:10_TAGCN_none_s43,43,1:10,TAGCN,none,PGExplainer,True,ok,,0.2796374691095459,0.4156862745098039,0.4019680781824841,0.0058775833529444,0.0075901328273244,30.0,11.0,13.0,5.0,20.0,20.0,,,,,0.6106063222003986,0.6380952380952379,0.7999999999999999,0.6106063222003986,16.0,0.0,16.0,16.0,no_aplica,,,2.0,50.0,25.0,0.0,130.7,4.36,cuda,rankings/1-10_TAGCN_none_s43__PGExplainer.npz,2026-09-29T22:16:33
1:10_TAGCN_none_s43,43,1:10,TAGCN,none,ShapleyFeatures,True,ok,,0.2796374691095459,0.4156862745098039,0.4019680781824841,0.0058775833529444,0.0075901328273244,30.0,11.0,13.0,5.0,20.0,20.0,0.9970967198176188,0.0022534550300325,0.9976420559840924,0.9604793662229858,,,,0.9970967198176188,27.0,27.0,0.0,0.0,,no_aplica,no_aplica,0.0,,,,28.8,0.96,cuda,rankings/1-10_TAGCN_none_s43__ShapleyFeatures.npz,2026-09-29T22:17:02
1:10_os_TAGCN_class_weighting_s43,43,1:10_os,TAGCN,class_weighting,GNNExplainer,True,ok,,0.3837529486167754,0.4644506001846722,0.4549588061284964,0.0087376729033641,0.0071428571428571,30.0,15.0,11.0,5.0,20.0,20.0,0.9537703616227988,0.0645265226209881,0.9619312647783584,0.8331789841217059,-0.0660185583353892,-0.0342857142857142,0.5383051167681149,0.9537703616227988,30.0,30.0,7.0,7.0,,,,1.0,,,,46.0,1.53,cuda,rankings/1-10_os_TAGCN_class_weighting_s43__GNNExplainer.npz,2026-09-29T22:17:59
1:10_os_TAGCN_class_weighting_s43,43,1:10_os,TAGCN,class_weighting,PGExplainer,True,ok,,0.3837529486167754,0.4644506001846722,0.4549588061284964,0.0087376729033641,0.0071428571428571,30.0,15.0,11.0,5.0,20.0,20.0,,,,,-0.1436698421397215,-0.1824786098842322,0.5083333333333333,-0.1436698421397215,16.0,0.0,16.0,16.0,no_aplica,,,2.0,50.0,25.0,0.0,124.8,4.16,cuda,rankings/1-10_os_TAGCN_class_weighting_s43__PGExplainer.npz,2026-09-29T22:20:04
1:10_os_TAGCN_class_weighting_s43,43,1:10_os,TAGCN,class_weighting,ShapleyFeatures,True,ok,,0.3837529486167754,0.4644506001846722,0.4549588061284964,0.0087376729033641,0.0071428571428571,30.0,15.0,11.0,5.0,20.0,20.0,0.9833822410492304,0.0188485735116387,0.992046308613288,0.8378561070006744,,,,0.9833822410492304,27.0,27.0,0.0,0.0,,no_aplica,no_aplica,0.0,,,,28.1,0.94,cuda,rankings/1-10_os_TAGCN_class_weighting_s43__ShapleyFeatures.npz,2026-09-29T22:20:32
1:10_os_TAGCN_focal_loss_s43,43,1:10_os,TAGCN,focal_loss,GNNExplainer,True,ok,,0.3711338710475571,0.4477739726027397,0.4422780579099233,0.0047800606031863,0.0,30.0,18.0,14.0,5.0,20.0,20.0,0.8759534155430189,0.0571010198722284,0.8784743862297167,0.5015432427189846,0.073864992774086,-1.3877787807814457e-17,0.572255969836615,0.8759534155430189,30.0,30.0,7.0,7.0,,,,1.0,,,,56.0,1.87,cuda,rankings/1-10_os_TAGCN_focal_loss_s43__GNNExplainer.npz,2026-09-29T22:21:30
1:10_os_TAGCN_focal_loss_s43,43,1:10_os,TAGCN,focal_loss,PGExplainer,True,ok,,0.3711338710475571,0.4477739726027397,0.4422780579099233,0.0047800606031863,0.0,30.0,18.0,14.0,5.0,20.0,20.0,,,,,-0.2049839684279442,-0.21183760156558,0.5125,-0.2049839684279442,16.0,0.0,16.0,16.0,no_aplica,,,2.0,50.0,25.0,0.0,143.4,4.78,cuda,rankings/1-10_os_TAGCN_focal_loss_s43__PGExplainer.npz,2026-09-29T22:23:54
1:10_os_TAGCN_focal_loss_s43,43,1:10_os,TAGCN,focal_loss,ShapleyFeatures,True,ok,,0.3711338710475571,0.4477739726027397,0.4422780579099233,0.0047800606031863,0.0,30.0,18.0,14.0,5.0,20.0,20.0,0.9743816192584592,0.0997695326899184,0.9953709043323112,0.921292801655259,,,,0.9743816192584592,27.0,27.0,0.0,0.0,,no_aplica,no_aplica,0.0,,,,30.6,1.02,cuda,rankings/1-10_os_TAGCN_focal_loss_s43__ShapleyFeatures.npz,2026-09-29T22:24:24
1:10_os_TAGCN_none_s43,43,1:10_os,TAGCN,none,GNNExplainer,True,ok,,0.364788412672252,0.4243520192887282,0.4138298787291186,0.010470895037344,0.0069444444444444,30.0,9.0,9.0,5.0,20.0,20.0,0.947122495270936,0.0283107678415022,0.9549958070553076,0.8284680910023,0.0704490767249212,-1.3877787807814457e-17,0.5908123022694769,0.947122495270936,30.0,30.0,7.0,7.0,,,,1.0,,,,52.8,1.76,cuda,rankings/1-10_os_TAGCN_none_s43__GNNExplainer.npz,2026-09-29T22:25:19
1:10_os_TAGCN_none_s43,43,1:10_os,TAGCN,none,PGExplainer,True,ok,,0.364788412672252,0.4243520192887282,0.4138298787291186,0.010470895037344,0.0069444444444444,30.0,9.0,9.0,5.0,20.0,20.0,,,,,0.7508573806914168,0.4781502034851433,0.7875,0.7508573806914168,16.0,0.0,16.0,16.0,no_aplica,,,2.0,50.0,25.0,0.0,138.0,4.6,cuda,rankings/1-10_os_TAGCN_none_s43__PGExplainer.npz,2026-09-29T22:27:37
1:10_os_TAGCN_none_s43,43,1:10_os,TAGCN,none,ShapleyFeatures,True,ok,,0.364788412672252,0.4243520192887282,0.4138298787291186,0.010470895037344,0.0069444444444444,30.0,9.0,9.0,5.0,20.0,20.0,0.9947757052808228,0.0039018700508862,0.9967343051871737,0.9383976378073976,,,,0.9947757052808228,27.0,27.0,0.0,0.0,,no_aplica,no_aplica,0.0,,,,30.9,1.03,cuda,rankings/1-10_os_TAGCN_none_s43__ShapleyFeatures.npz,2026-09-29T22:28:08
native_GraphSAGE_class_weighting_s44,44,native,GraphSAGE,class_weighting,GNNExplainer,True,ok,,0.4537757687349368,0.4175062972292191,0.441699662198826,0.0108916698156364,0.0153846153846153,30.0,20.0,17.0,5.0,20.0,20.0,0.9662817327757324,0.0176819143667871,0.9704555054083318,0.8381235347909219,0.1187499999999999,0.0999999999999999,0.5583333333333333,0.9662817327757324,30.0,30.0,16.0,16.0,,,,2.0,,,,26.6,0.89,cuda,rankings/native_GraphSAGE_class_weighting_s44__GNNExplainer.npz,2026-09-29T22:40:51
native_GraphSAGE_class_weighting_s44,44,native,GraphSAGE,class_weighting,PGExplainer,True,ok,,0.4537757687349368,0.4175062972292191,0.441699662198826,0.0108916698156364,0.0153846153846153,30.0,20.0,17.0,5.0,20.0,20.0,,,,,0.1041666666666666,-0.0944444444444444,0.5,0.1041666666666666,16.0,0.0,16.0,16.0,no_aplica,,,2.0,50.0,25.0,0.0,65.1,2.17,cuda,rankings/native_GraphSAGE_class_weighting_s44__PGExplainer.npz,2026-09-29T22:41:56
native_GraphSAGE_class_weighting_s44,44,native,GraphSAGE,class_weighting,ShapleyFeatures,True,ok,,0.4537757687349368,0.4175062972292191,0.441699662198826,0.0108916698156364,0.0153846153846153,30.0,20.0,17.0,5.0,20.0,20.0,0.9922032303184124,0.0100677875673191,0.996387445444876,0.901498508234729,,,,0.9922032303184124,27.0,27.0,0.0,0.0,,no_aplica,no_aplica,0.0,,,,22.0,0.73,cuda,rankings/native_GraphSAGE_class_weighting_s44__ShapleyFeatures.npz,2026-09-29T22:42:18
native_GraphSAGE_focal_loss_s44,44,native,GraphSAGE,focal_loss,GNNExplainer,True,ok,,0.2992060548285358,0.376458112407211,0.3607081187485381,0.0060542215211639,0.0051746442432082,30.0,15.0,16.0,5.0,20.0,20.0,0.9164393779954156,0.0318374095476001,0.916006434619246,0.7116261534624659,0.1937499999999999,0.1999999999999999,0.5958333333333332,0.9164393779954156,30.0,30.0,16.0,16.0,,,,2.0,,,,26.0,0.87,cuda,rankings/native_GraphSAGE_focal_loss_s44__GNNExplainer.npz,2026-09-29T22:42:44
native_GraphSAGE_focal_loss_s44,44,native,GraphSAGE,focal_loss,PGExplainer,True,ok,,0.2992060548285358,0.376458112407211,0.3607081187485381,0.0060542215211639,0.0051746442432082,30.0,15.0,16.0,5.0,20.0,20.0,,,,,0.35,0.0888888888888888,0.65,0.35,16.0,0.0,16.0,16.0,no_aplica,,,2.0,50.0,25.0,0.0,65.7,2.19,cuda,rankings/native_GraphSAGE_focal_loss_s44__PGExplainer.npz,2026-09-29T22:43:50
native_GraphSAGE_focal_loss_s44,44,native,GraphSAGE,focal_loss,ShapleyFeatures,True,ok,,0.2992060548285358,0.376458112407211,0.3607081187485381,0.0060542215211639,0.0051746442432082,30.0,15.0,16.0,5.0,20.0,20.0,0.9970991834571182,0.001741254531948,0.9971856935059936,0.9714192245283776,,,,0.9970991834571182,27.0,27.0,0.0,0.0,,no_aplica,no_aplica,0.0,,,,21.9,0.73,cuda,rankings/native_GraphSAGE_focal_loss_s44__ShapleyFeatures.npz,2026-09-29T22:44:12
1:10_GraphSAGE_class_weighting_s44,44,1:10,GraphSAGE,class_weighting,GNNExplainer,True,ok,,0.4507492166260144,0.4153609831029186,0.4425905495007127,0.011413090165629,0.0132450331125827,30.0,21.0,17.0,5.0,20.0,20.0,0.9669731978447754,0.0152853350153367,0.9694703031961444,0.8295856956798849,0.1437499999999999,0.1333333333333333,0.5708333333333333,0.9669731978447754,30.0,30.0,16.0,16.0,,,,2.0,,,,25.2,0.84,cuda,rankings/1-10_GraphSAGE_class_weighting_s44__GNNExplainer.npz,2026-09-29T22:44:43
1:10_GraphSAGE_class_weighting_s44,44,1:10,GraphSAGE,class_weighting,PGExplainer,True,ok,,0.4507492166260144,0.4153609831029186,0.4425905495007127,0.011413090165629,0.0132450331125827,30.0,21.0,17.0,5.0,20.0,20.0,,,,,0.0458333333333333,0.0055555555555555,0.5125,0.0458333333333333,16.0,0.0,16.0,16.0,no_aplica,,,2.0,50.0,25.0,0.0,65.1,2.17,cuda,rankings/1-10_GraphSAGE_class_weighting_s44__PGExplainer.npz,2026-09-29T22:45:48
1:10_GraphSAGE_class_weighting_s44,44,1:10,GraphSAGE,class_weighting,ShapleyFeatures,True,ok,,0.4507492166260144,0.4153609831029186,0.4425905495007127,0.011413090165629,0.0132450331125827,30.0,21.0,17.0,5.0,20.0,20.0,0.9925048872155818,0.0101138438610271,0.9972693712253672,0.8982510168327777,,,,0.9925048872155818,27.0,27.0,0.0,0.0,,no_aplica,no_aplica,0.0,,,,22.1,0.74,cuda,rankings/1-10_GraphSAGE_class_weighting_s44__ShapleyFeatures.npz,2026-09-29T22:46:10
1:10_GraphSAGE_focal_loss_s44,44,1:10,GraphSAGE,focal_loss,GNNExplainer,True,ok,,0.4283103903750433,0.4650766609880749,0.4609689590887512,0.0100383768159311,0.0198675496688741,30.0,18.0,15.0,5.0,20.0,20.0,0.9279145445837834,0.033867330305979,0.9361402407385416,0.7983022695153378,0.1937499999999999,0.1999999999999999,0.5958333333333332,0.9279145445837834,30.0,30.0,16.0,16.0,,,,2.0,,,,25.3,0.84,cuda,rankings/1-10_GraphSAGE_focal_loss_s44__GNNExplainer.npz,2026-09-29T22:46:36
1:10_GraphSAGE_focal_loss_s44,44,1:10,GraphSAGE,focal_loss,PGExplainer,True,ok,,0.4283103903750433,0.4650766609880749,0.4609689590887512,0.0100383768159311,0.0198675496688741,30.0,18.0,15.0,5.0,20.0,20.0,,,,,0.2200160315720556,0.1696969696969697,0.6333333333333333,0.2200160315720556,16.0,0.0,16.0,16.0,no_aplica,,,2.0,50.0,25.0,0.0,66.8,2.23,cuda,rankings/1-10_GraphSAGE_focal_loss_s44__PGExplainer.npz,2026-09-29T22:47:43
1:10_GraphSAGE_focal_loss_s44,44,1:10,GraphSAGE,focal_loss,ShapleyFeatures,True,ok,,0.4283103903750433,0.4650766609880749,0.4609689590887512,0.0100383768159311,0.0198675496688741,30.0,18.0,15.0,5.0,20.0,20.0,0.9970348227452026,0.0021855013530597,0.9977008351351886,0.9682301721457096,,,,0.9970348227452026,27.0,27.0,0.0,0.0,,no_aplica,no_aplica,0.0,,,,21.9,0.73,cuda,rankings/1-10_GraphSAGE_focal_loss_s44__ShapleyFeatures.npz,2026-09-29T22:48:05
1:10_GraphSAGE_none_s44,44,1:10,GraphSAGE,none,GNNExplainer,True,ok,,0.3470666216674067,0.4370437956204379,0.4269994249001282,0.0049611742627823,0.0,30.0,18.0,18.0,5.0,20.0,20.0,0.9167327054045064,0.0378278156464711,0.9270711476198652,0.7241541552359577,0.1437499999999999,0.1636363636363636,0.5708333333333333,0.9167327054045064,30.0,30.0,16.0,16.0,,,,2.0,,,,24.8,0.83,cuda,rankings/1-10_GraphSAGE_none_s44__GNNExplainer.npz,2026-09-29T22:48:30
1:10_GraphSAGE_none_s44,44,1:10,GraphSAGE,none,PGExplainer,True,ok,,0.3470666216674067,0.4370437956204379,0.4269994249001282,0.0049611742627823,0.0,30.0,18.0,18.0,5.0,20.0,20.0,,,,,0.5791666666666666,0.4787878787878787,0.75,0.5791666666666666,16.0,0.0,16.0,16.0,no_aplica,,,2.0,50.0,25.0,0.0,65.3,2.18,cuda,rankings/1-10_GraphSAGE_none_s44__PGExplainer.npz,2026-09-29T22:49:35
1:10_GraphSAGE_none_s44,44,1:10,GraphSAGE,none,ShapleyFeatures,True,ok,,0.3470666216674067,0.4370437956204379,0.4269994249001282,0.0049611742627823,0.0,30.0,18.0,18.0,5.0,20.0,20.0,0.996639342758452,0.0023406572475297,0.9971713849950924,0.967624752527072,,,,0.996639342758452,27.0,27.0,0.0,0.0,,no_aplica,no_aplica,0.0,,,,21.9,0.73,cuda,rankings/1-10_GraphSAGE_none_s44__ShapleyFeatures.npz,2026-09-29T22:49:57
1:10_os_GraphSAGE_class_weighting_s44,44,1:10_os,GraphSAGE,class_weighting,GNNExplainer,True,ok,,0.4515068957483294,0.4422038170687792,0.4526851536412449,0.0118032260748239,0.023076923076923,30.0,20.0,12.0,5.0,20.0,20.0,0.9669571091658898,0.0170317929218044,0.9700786081322677,0.8379388422423587,0.1187499999999999,0.0999999999999999,0.5583333333333333,0.9669571091658898,30.0,30.0,16.0,16.0,,,,2.0,,,,24.8,0.83,cuda,rankings/1-10_os_GraphSAGE_class_weighting_s44__GNNExplainer.npz,2026-09-29T22:50:32
1:10_os_GraphSAGE_class_weighting_s44,44,1:10_os,GraphSAGE,class_weighting,PGExplainer,True,ok,,0.4515068957483294,0.4422038170687792,0.4526851536412449,0.0118032260748239,0.023076923076923,30.0,20.0,12.0,5.0,20.0,20.0,,,,,0.0375,-0.0888888888888888,0.4958333333333333,0.0375,16.0,0.0,16.0,16.0,no_aplica,,,2.0,50.0,25.0,0.0,65.3,2.18,cuda,rankings/1-10_os_GraphSAGE_class_weighting_s44__PGExplainer.npz,2026-09-29T22:51:38
1:10_os_GraphSAGE_class_weighting_s44,44,1:10_os,GraphSAGE,class_weighting,ShapleyFeatures,True,ok,,0.4515068957483294,0.4422038170687792,0.4526851536412449,0.0118032260748239,0.023076923076923,30.0,20.0,12.0,5.0,20.0,20.0,0.9918551460006132,0.0097309073532905,0.9955806404270852,0.8922295809817632,,,,0.9918551460006132,27.0,27.0,0.0,0.0,,no_aplica,no_aplica,0.0,,,,22.0,0.73,cuda,rankings/1-10_os_GraphSAGE_class_weighting_s44__ShapleyFeatures.npz,2026-09-29T22:52:00
1:10_os_GraphSAGE_focal_loss_s44,44,1:10_os,GraphSAGE,focal_loss,GNNExplainer,True,ok,,0.4426801609197793,0.4775700934579439,0.4679826990386606,0.0104261959086483,0.018808777429467,30.0,16.0,16.0,5.0,20.0,20.0,0.9353988950379822,0.0328085551168693,0.946295065714583,0.8119347964641007,0.1937499999999999,0.1999999999999999,0.5958333333333332,0.9353988950379822,30.0,30.0,16.0,16.0,,,,2.0,,,,25.5,0.85,cuda,rankings/1-10_os_GraphSAGE_focal_loss_s44__GNNExplainer.npz,2026-09-29T22:52:26
1:10_os_GraphSAGE_focal_loss_s44,44,1:10_os,GraphSAGE,focal_loss,PGExplainer,True,ok,,0.4426801609197793,0.4775700934579439,0.4679826990386606,0.0104261959086483,0.018808777429467,30.0,16.0,16.0,5.0,20.0,20.0,,,,,0.340849364905389,0.32,0.6583333333333333,0.340849364905389,16.0,0.0,16.0,16.0,no_aplica,,,2.0,50.0,25.0,0.0,66.1,2.2,cuda,rankings/1-10_os_GraphSAGE_focal_loss_s44__PGExplainer.npz,2026-09-29T22:53:32
1:10_os_GraphSAGE_focal_loss_s44,44,1:10_os,GraphSAGE,focal_loss,ShapleyFeatures,True,ok,,0.4426801609197793,0.4775700934579439,0.4679826990386606,0.0104261959086483,0.018808777429467,30.0,16.0,16.0,5.0,20.0,20.0,0.9970108181908822,0.0029244945474277,0.9977860346133016,0.9647312513278096,,,,0.9970108181908822,27.0,27.0,0.0,0.0,,no_aplica,no_aplica,0.0,,,,22.1,0.74,cuda,rankings/1-10_os_GraphSAGE_focal_loss_s44__ShapleyFeatures.npz,2026-09-29T22:53:54
1:10_os_GraphSAGE_none_s44,44,1:10_os,GraphSAGE,none,GNNExplainer,True,ok,,0.3589698041241973,0.4427407762338284,0.4306981978197811,0.0050354275900009,0.0,30.0,17.0,18.0,5.0,20.0,20.0,0.9193286254134304,0.0370557198499561,0.929660180211103,0.7246337185135922,0.0937499999999999,0.0399999999999999,0.5458333333333333,0.9193286254134304,30.0,30.0,16.0,16.0,,,,2.0,,,,24.6,0.82,cuda,rankings/1-10_os_GraphSAGE_none_s44__GNNExplainer.npz,2026-09-29T22:54:19
1:10_os_GraphSAGE_none_s44,44,1:10_os,GraphSAGE,none,PGExplainer,True,ok,,0.3589698041241973,0.4427407762338284,0.4306981978197811,0.0050354275900009,0.0,30.0,17.0,18.0,5.0,20.0,20.0,,,,,0.6,0.4599999999999999,0.7458333333333333,0.6,16.0,0.0,16.0,16.0,no_aplica,,,2.0,50.0,25.0,0.0,66.5,2.22,cuda,rankings/1-10_os_GraphSAGE_none_s44__PGExplainer.npz,2026-09-29T22:55:26
1:10_os_GraphSAGE_none_s44,44,1:10_os,GraphSAGE,none,ShapleyFeatures,True,ok,,0.3589698041241973,0.4427407762338284,0.4306981978197811,0.0050354275900009,0.0,30.0,17.0,18.0,5.0,20.0,20.0,0.997003777059136,0.002173319265429,0.9975263139772744,0.9601859703248016,,,,0.997003777059136,27.0,27.0,0.0,0.0,,no_aplica,no_aplica,0.0,,,,22.1,0.74,cuda,rankings/1-10_os_GraphSAGE_none_s44__ShapleyFeatures.npz,2026-09-29T22:55:48
native_GAT_focal_loss_s44,44,native,GAT,focal_loss,GNNExplainer,True,ok,,0.298021594685363,0.3746031746031746,0.3698835021167577,0.0042559328842576,0.0033057851239669,30.0,14.0,13.0,5.0,20.0,20.0,0.928937867324948,0.0242474555765561,0.936675019147016,0.7916988666278716,0.1687499999999999,0.1555555555555555,0.5833333333333333,0.928937867324948,30.0,30.0,16.0,16.0,,,,2.0,,,,38.8,1.29,cuda,rankings/native_GAT_focal_loss_s44__GNNExplainer.npz,2026-09-29T22:56:33
native_GAT_focal_loss_s44,44,native,GAT,focal_loss,PGExplainer,True,ok,,0.298021594685363,0.3746031746031746,0.3698835021167577,0.0042559328842576,0.0033057851239669,30.0,14.0,13.0,5.0,20.0,20.0,,,,,0.3687499999999999,0.3333333333333333,0.65,0.3687499999999999,16.0,0.0,16.0,16.0,no_aplica,,,2.0,50.0,25.0,0.0,101.4,3.38,cuda,rankings/native_GAT_focal_loss_s44__PGExplainer.npz,2026-09-29T22:58:14
native_GAT_focal_loss_s44,44,native,GAT,focal_loss,ShapleyFeatures,True,ok,,0.298021594685363,0.3746031746031746,0.3698835021167577,0.0042559328842576,0.0033057851239669,30.0,14.0,13.0,5.0,20.0,20.0,0.9957975208885824,0.0031882518696035,0.9960679159035176,0.9407921904779498,,,,0.9957975208885824,27.0,27.0,0.0,0.0,,no_aplica,no_aplica,0.0,,,,25.4,0.85,cuda,rankings/native_GAT_focal_loss_s44__ShapleyFeatures.npz,2026-09-29T22:58:40
1:10_GAT_none_s44,44,1:10,GAT,none,GNNExplainer,True,ok,,0.4195491546462371,0.4845775592311131,0.4779522703560327,0.0073659040106609,0.0042194092827004,30.0,18.0,18.0,5.0,20.0,20.0,0.9423444881444458,0.0299088483486768,0.948741743039938,0.85191501094577,0.1687499999999999,0.1636363636363636,0.5833333333333333,0.9423444881444458,30.0,30.0,16.0,16.0,,,,2.0,,,,39.9,1.33,cuda,rankings/1-10_GAT_none_s44__GNNExplainer.npz,2026-09-29T22:59:26
1:10_GAT_none_s44,44,1:10,GAT,none,PGExplainer,True,ok,,0.4195491546462371,0.4845775592311131,0.4779522703560327,0.0073659040106609,0.0042194092827004,30.0,18.0,18.0,5.0,20.0,20.0,,,,,0.1972489415089817,0.2363636363636363,0.65,0.1972489415089817,16.0,0.0,16.0,16.0,no_aplica,,,2.0,50.0,25.0,0.0,101.3,3.38,cuda,rankings/1-10_GAT_none_s44__PGExplainer.npz,2026-09-29T23:01:07
1:10_GAT_none_s44,44,1:10,GAT,none,ShapleyFeatures,True,ok,,0.4195491546462371,0.4845775592311131,0.4779522703560327,0.0073659040106609,0.0042194092827004,30.0,18.0,18.0,5.0,20.0,20.0,0.9964695101102036,0.0035818767690671,0.997249819695106,0.9402776623160696,,,,0.9964695101102036,27.0,27.0,0.0,0.0,,no_aplica,no_aplica,0.0,,,,25.4,0.85,cuda,rankings/1-10_GAT_none_s44__ShapleyFeatures.npz,2026-09-29T23:01:33
1:10_os_GAT_none_s44,44,1:10_os,GAT,none,GNNExplainer,True,ok,,0.3563256894529575,0.4253092293054234,0.4128937803276688,0.0050232286205065,0.0033898305084745,30.0,18.0,18.0,5.0,20.0,20.0,0.9310974572185756,0.0371409023597443,0.9435865044677052,0.7788762989442181,0.1187499999999999,0.0909090909090908,0.5583333333333333,0.9310974572185756,30.0,30.0,16.0,16.0,,,,2.0,,,,41.1,1.37,cuda,rankings/1-10_os_GAT_none_s44__GNNExplainer.npz,2026-09-29T23:02:24
1:10_os_GAT_none_s44,44,1:10_os,GAT,none,PGExplainer,True,ok,,0.3563256894529575,0.4253092293054234,0.4128937803276688,0.0050232286205065,0.0033898305084745,30.0,18.0,18.0,5.0,20.0,20.0,,,,,0.3249999999999999,0.1393939393939393,0.6625,0.3249999999999999,16.0,0.0,16.0,16.0,no_aplica,,,2.0,50.0,25.0,0.0,105.1,3.5,cuda,rankings/1-10_os_GAT_none_s44__PGExplainer.npz,2026-09-29T23:04:10
1:10_os_GAT_none_s44,44,1:10_os,GAT,none,ShapleyFeatures,True,ok,,0.3563256894529575,0.4253092293054234,0.4128937803276688,0.0050232286205065,0.0033898305084745,30.0,18.0,18.0,5.0,20.0,20.0,0.994810758407516,0.0062354021237246,0.9963653415641144,0.9371144117764786,,,,0.994810758407516,27.0,27.0,0.0,0.0,,no_aplica,no_aplica,0.0,,,,26.0,0.87,cuda,rankings/1-10_os_GAT_none_s44__ShapleyFeatures.npz,2026-09-29T23:04:36
native_TAGCN_focal_loss_s44,44,native,TAGCN,focal_loss,GNNExplainer,True,ok,,0.3388536658522659,0.3895457373988799,0.380320703616722,0.0100209010639072,0.0136986301369863,30.0,6.0,14.0,5.0,20.0,20.0,0.9024158616055006,0.0421231039499807,0.9032063979969176,0.6524884584476405,0.1013665551120014,,0.599276171856817,0.9024158616055006,30.0,30.0,7.0,7.0,,,,1.0,,,,46.9,1.56,cuda,rankings/native_TAGCN_focal_loss_s44__GNNExplainer.npz,2026-09-29T23:05:29
native_TAGCN_focal_loss_s44,44,native,TAGCN,focal_loss,PGExplainer,True,ok,,0.3388536658522659,0.3895457373988799,0.380320703616722,0.0100209010639072,0.0136986301369863,30.0,6.0,14.0,5.0,20.0,20.0,,,,,0.4761017850618755,0.1999999999999999,0.6583333333333332,0.4761017850618755,16.0,0.0,16.0,16.0,no_aplica,,,2.0,50.0,25.0,0.0,128.3,4.28,cuda,rankings/native_TAGCN_focal_loss_s44__PGExplainer.npz,2026-09-29T23:07:37
native_TAGCN_focal_loss_s44,44,native,TAGCN,focal_loss,ShapleyFeatures,True,ok,,0.3388536658522659,0.3895457373988799,0.380320703616722,0.0100209010639072,0.0136986301369863,30.0,6.0,14.0,5.0,20.0,20.0,0.9962257706723748,0.0028283363204839,0.9985256258732071,0.9640588023387924,,,,0.9962257706723748,27.0,27.0,0.0,0.0,,no_aplica,no_aplica,0.0,,,,28.2,0.94,cuda,rankings/native_TAGCN_focal_loss_s44__ShapleyFeatures.npz,2026-09-29T23:08:06
1:10_TAGCN_focal_loss_s44,44,1:10,TAGCN,focal_loss,GNNExplainer,True,ok,,0.4306121369074832,0.4190079778009018,0.4312461643480829,0.0048771001574128,0.0,30.0,21.0,15.0,5.0,20.0,20.0,0.8886202390668797,0.0474989387884595,0.8905315748777638,0.5554861307396014,0.0560218488945918,0.0399999999999999,0.572255969836615,0.8886202390668797,30.0,30.0,7.0,7.0,,,,1.0,,,,56.8,1.89,cuda,rankings/1-10_TAGCN_focal_loss_s44__GNNExplainer.npz,2026-09-29T23:09:10
1:10_TAGCN_focal_loss_s44,44,1:10,TAGCN,focal_loss,PGExplainer,True,ok,,0.4306121369074832,0.4190079778009018,0.4312461643480829,0.0048771001574128,0.0,30.0,21.0,15.0,5.0,20.0,20.0,,,,,-0.0937499999999999,-0.0727272727272727,0.5166666666666666,-0.0937499999999999,16.0,0.0,16.0,16.0,no_aplica,,,2.0,50.0,25.0,0.0,146.0,4.87,cuda,rankings/1-10_TAGCN_focal_loss_s44__PGExplainer.npz,2026-09-29T23:11:36
1:10_TAGCN_focal_loss_s44,44,1:10,TAGCN,focal_loss,ShapleyFeatures,True,ok,,0.4306121369074832,0.4190079778009018,0.4312461643480829,0.0048771001574128,0.0,30.0,21.0,15.0,5.0,20.0,20.0,0.9957072706907644,0.0051167342984697,0.9962050516138408,0.9616484852963364,,,,0.9957072706907644,27.0,27.0,0.0,0.0,,no_aplica,no_aplica,0.0,,,,30.0,1.0,cuda,rankings/1-10_TAGCN_focal_loss_s44__ShapleyFeatures.npz,2026-09-29T23:12:06
1:10_TAGCN_none_s44,44,1:10,TAGCN,none,GNNExplainer,True,ok,,0.3000404065192038,0.3907766990291262,0.3797464207623814,0.0091699142306795,0.0088888888888888,30.0,10.0,13.0,5.0,20.0,20.0,0.9212023657720056,0.0358228746253807,0.9263931311948174,0.7510754842464046,0.113498943149809,0.1999999999999999,0.6048007887551824,0.9212023657720056,30.0,30.0,7.0,7.0,,,,1.0,,,,49.7,1.66,cuda,rankings/1-10_TAGCN_none_s44__GNNExplainer.npz,2026-09-29T23:12:57
1:10_TAGCN_none_s44,44,1:10,TAGCN,none,PGExplainer,True,ok,,0.3000404065192038,0.3907766990291262,0.3797464207623814,0.0091699142306795,0.0088888888888888,30.0,10.0,13.0,5.0,20.0,20.0,,,,,0.6889156081756485,0.3778312163512968,0.725,0.6889156081756485,16.0,0.0,16.0,16.0,no_aplica,,,2.0,50.0,25.0,0.0,127.6,4.25,cuda,rankings/1-10_TAGCN_none_s44__PGExplainer.npz,2026-09-29T23:15:05
1:10_TAGCN_none_s44,44,1:10,TAGCN,none,ShapleyFeatures,True,ok,,0.3000404065192038,0.3907766990291262,0.3797464207623814,0.0091699142306795,0.0088888888888888,30.0,10.0,13.0,5.0,20.0,20.0,0.9973204029439416,0.0020490147486849,0.9981961181173004,0.9693342323951684,,,,0.9973204029439416,27.0,27.0,0.0,0.0,,no_aplica,no_aplica,0.0,,,,28.0,0.93,cuda,rankings/1-10_TAGCN_none_s44__ShapleyFeatures.npz,2026-09-29T23:15:33
1:10_os_TAGCN_focal_loss_s44,44,1:10_os,TAGCN,focal_loss,GNNExplainer,True,ok,,0.4266742832112888,0.438401318500206,0.4352834162561697,0.006055936276783,0.0,30.0,18.0,15.0,5.0,20.0,20.0,0.879002200760798,0.0903847440316224,0.887634230346207,0.5369765881877416,0.0896609205248892,0.060689420861038,0.5877745354386066,0.879002200760798,29.0,29.0,7.0,7.0,,,,1.0,,,,54.0,1.8,cuda,rankings/1-10_os_TAGCN_focal_loss_s44__GNNExplainer.npz,2026-09-29T23:16:39
1:10_os_TAGCN_focal_loss_s44,44,1:10_os,TAGCN,focal_loss,PGExplainer,True,ok,,0.4266742832112888,0.438401318500206,0.4352834162561697,0.006055936276783,0.0,30.0,18.0,15.0,5.0,20.0,20.0,,,,,0.0268990473580835,0.035,0.575,0.0268990473580835,16.0,0.0,16.0,16.0,no_aplica,,,2.0,50.0,25.0,0.0,142.3,4.74,cuda,rankings/1-10_os_TAGCN_focal_loss_s44__PGExplainer.npz,2026-09-29T23:19:01
1:10_os_TAGCN_focal_loss_s44,44,1:10_os,TAGCN,focal_loss,ShapleyFeatures,True,ok,,0.4266742832112888,0.438401318500206,0.4352834162561697,0.006055936276783,0.0,30.0,18.0,15.0,5.0,20.0,20.0,0.993324134159438,0.0091548097893787,0.9956873368231172,0.9350171037277198,,,,0.993324134159438,27.0,27.0,0.0,0.0,,no_aplica,no_aplica,0.0,,,,29.9,1.0,cuda,rankings/1-10_os_TAGCN_focal_loss_s44__ShapleyFeatures.npz,2026-09-29T23:19:31
1:10_os_TAGCN_none_s44,44,1:10_os,TAGCN,none,GNNExplainer,True,ok,,0.3988345832929773,0.4694724362774155,0.459136842056177,0.0091660641625981,0.0,30.0,12.0,12.0,5.0,20.0,20.0,0.9393667577081586,0.0304561534735625,0.946385144177064,0.818853132707069,0.0787863827791671,-0.0228571428571428,0.6023814339164728,0.9393667577081586,30.0,30.0,7.0,7.0,,,,1.0,,,,55.4,1.85,cuda,rankings/1-10_os_TAGCN_none_s44__GNNExplainer.npz,2026-09-29T23:20:29
1:10_os_TAGCN_none_s44,44,1:10_os,TAGCN,none,PGExplainer,True,ok,,0.3988345832929773,0.4694724362774155,0.459136842056177,0.0091660641625981,0.0,30.0,12.0,12.0,5.0,20.0,20.0,,,,,0.7300240473580835,0.5570797878958522,0.7,0.7300240473580835,16.0,0.0,16.0,16.0,no_aplica,,,2.0,50.0,25.0,0.0,142.0,4.73,cuda,rankings/1-10_os_TAGCN_none_s44__PGExplainer.npz,2026-09-29T23:22:51
1:10_os_TAGCN_none_s44,44,1:10_os,TAGCN,none,ShapleyFeatures,True,ok,,0.3988345832929773,0.4694724362774155,0.459136842056177,0.0091660641625981,0.0,30.0,12.0,12.0,5.0,20.0,20.0,0.9952808471815224,0.0037491057197902,0.9972334678739564,0.9471997610712384,,,,0.9952808471815224,27.0,27.0,0.0,0.0,,no_aplica,no_aplica,0.0,,,,29.9,1.0,cuda,rankings/1-10_os_TAGCN_none_s44__ShapleyFeatures.npz,2026-09-29T23:23:21
native_GCN_class_weighting,42,native,GCN,class_weighting,GNNExplainer,False,ok,,0.0863088694049592,0.127056154282473,0.1239597254053338,0.0096991984817089,0.0221316249271986,30.0,11.0,5.0,5.0,20.0,20.0,0.9253819953224448,0.0321883989540096,0.9294724744544584,0.78629816831546,0.0499999999999999,0.1333333333333333,0.5208333333333333,0.9253819953224448,30.0,30.0,16.0,16.0,,,,2.0,,,,31.2,1.04,cuda,rankings/native_GCN_class_weighting__GNNExplainer.npz,2026-10-02T17:33:47
native_GCN_class_weighting,42,native,GCN,class_weighting,PGExplainer,False,ok,,0.0863088694049592,0.127056154282473,0.1239597254053338,0.0096991984817089,0.0221316249271986,30.0,11.0,5.0,5.0,20.0,20.0,,,,,0.8666666666666665,1.0,0.8374999999999999,0.8666666666666665,16.0,0.0,16.0,16.0,no_aplica,,,2.0,50.0,25.0,0.0,79.7,2.66,cuda,rankings/native_GCN_class_weighting__PGExplainer.npz,2026-10-02T17:35:07
native_GCN_class_weighting,42,native,GCN,class_weighting,ShapleyFeatures,False,ok,,0.0863088694049592,0.127056154282473,0.1239597254053338,0.0096991984817089,0.0221316249271986,30.0,11.0,5.0,5.0,20.0,20.0,0.9979770993604788,0.0013700703040047,0.9984229916760702,0.973768146731818,,,,0.9979770993604788,27.0,27.0,0.0,0.0,,no_aplica,no_aplica,0.0,,,,23.3,0.78,cuda,rankings/native_GCN_class_weighting__ShapleyFeatures.npz,2026-10-02T17:35:30
native_GCN_focal_loss,42,native,GCN,focal_loss,GNNExplainer,False,ok,,0.0746889996823178,0.1571172784243509,0.1564356731255115,0.0255941169407047,0.0530799475753604,30.0,8.0,8.0,5.0,20.0,20.0,0.9070061768256976,0.0363808755591178,0.8976700670924305,0.7105029234904536,0.1874999999999999,0.1999999999999999,0.5958333333333333,0.9070061768256976,30.0,30.0,16.0,16.0,,,,2.0,,,,30.1,1.0,cuda,rankings/native_GCN_focal_loss__GNNExplainer.npz,2026-10-02T17:36:01
native_GCN_focal_loss,42,native,GCN,focal_loss,PGExplainer,False,ok,,0.0746889996823178,0.1571172784243509,0.1564356731255115,0.0255941169407047,0.0530799475753604,30.0,8.0,8.0,5.0,20.0,20.0,,,,,0.303349364905389,0.0333333333333333,0.6708333333333334,0.303349364905389,16.0,0.0,16.0,16.0,no_aplica,,,2.0,50.0,25.0,0.0,79.2,2.64,cuda,rankings/native_GCN_focal_loss__PGExplainer.npz,2026-10-02T17:37:20
native_GCN_focal_loss,42,native,GCN,focal_loss,ShapleyFeatures,False,ok,,0.0746889996823178,0.1571172784243509,0.1564356731255115,0.0255941169407047,0.0530799475753604,30.0,8.0,8.0,5.0,20.0,20.0,0.9973115027452638,0.0026132118067177,0.9982843134321656,0.9781875282881186,,,,0.9973115027452638,27.0,27.0,0.0,0.0,,no_aplica,no_aplica,0.0,,,,23.4,0.78,cuda,rankings/native_GCN_focal_loss__ShapleyFeatures.npz,2026-10-02T17:37:44
native_GCN_none,42,native,GCN,none,GNNExplainer,False,ok,,0.0312338837177446,0.0117531831537708,0.0110672884272947,0.0051049654491673,0.003487358326068,30.0,0.0,2.0,5.0,20.0,20.0,0.911880377803922,0.0354739840781997,,0.7066566353534515,0.0749999999999999,,0.5333333333333333,0.911880377803922,30.0,30.0,16.0,16.0,,,,2.0,,,,30.1,1.0,cuda,rankings/native_GCN_none__GNNExplainer.npz,2026-10-02T17:38:14
native_GCN_none,42,native,GCN,none,PGExplainer,False,ok,,0.0312338837177446,0.0117531831537708,0.0110672884272947,0.0051049654491673,0.003487358326068,30.0,0.0,2.0,5.0,20.0,20.0,,,,,0.9166666666666666,,0.8,0.9166666666666666,12.0,0.0,12.0,16.0,no_aplica,,,2.0,50.0,25.0,0.0,79.7,2.66,cuda,rankings/native_GCN_none__PGExplainer.npz,2026-10-02T17:39:34
native_GCN_none,42,native,GCN,none,ShapleyFeatures,False,ok,,0.0312338837177446,0.0117531831537708,0.0110672884272947,0.0051049654491673,0.003487358326068,30.0,0.0,2.0,5.0,20.0,20.0,0.9976749464114576,0.00143218676223,,0.9672311358661014,,,,0.9976749464114576,27.0,27.0,0.0,0.0,,no_aplica,no_aplica,0.0,,,,24.0,0.8,cuda,rankings/native_GCN_none__ShapleyFeatures.npz,2026-10-02T17:39:58
1:10_GCN_class_weighting,42,1:10,GCN,class_weighting,GNNExplainer,False,ok,,0.2191369534743803,0.1900850689351716,0.2397103503713484,0.0054823540361851,0.0084388185654008,30.0,19.0,6.0,5.0,20.0,20.0,0.9355967952858624,0.0300719236941965,0.9418299687050922,0.7896018787929172,0.2343749999999999,0.2363636363636363,0.6208333333333333,0.9355967952858624,30.0,30.0,16.0,16.0,,,,2.0,,,,32.9,1.1,cuda,rankings/1-10_GCN_class_weighting__GNNExplainer.npz,2026-10-02T17:40:36
1:10_GCN_class_weighting,42,1:10,GCN,class_weighting,PGExplainer,False,ok,,0.2191369534743803,0.1900850689351716,0.2397103503713484,0.0054823540361851,0.0084388185654008,30.0,19.0,6.0,5.0,20.0,20.0,,,,,-0.0333333333333333,-0.0666666666666666,0.4916666666666667,-0.0333333333333333,16.0,0.0,16.0,16.0,no_aplica,,,2.0,50.0,25.0,0.0,79.3,2.64,cuda,rankings/1-10_GCN_class_weighting__PGExplainer.npz,2026-10-02T17:41:56
1:10_GCN_class_weighting,42,1:10,GCN,class_weighting,ShapleyFeatures,False,ok,,0.2191369534743803,0.1900850689351716,0.2397103503713484,0.0054823540361851,0.0084388185654008,30.0,19.0,6.0,5.0,20.0,20.0,0.9973771887979038,0.0020482127213209,0.9979812959476164,0.9700799918714956,,,,0.9973771887979038,27.0,27.0,0.0,0.0,,no_aplica,no_aplica,0.0,,,,23.2,0.77,cuda,rankings/1-10_GCN_class_weighting__ShapleyFeatures.npz,2026-10-02T17:42:19
1:10_GCN_focal_loss,42,1:10,GCN,focal_loss,GNNExplainer,False,ok,,0.1146551237390202,0.208284939992257,0.1916953125603132,0.0107263181039389,0.0452418096723869,30.0,4.0,4.0,5.0,20.0,20.0,0.9074888292936104,0.0366771895784038,0.906299067946286,0.7132890791697842,0.1874999999999999,0.1999999999999999,0.5958333333333333,0.9074888292936104,30.0,30.0,16.0,16.0,,,,2.0,,,,30.3,1.01,cuda,rankings/1-10_GCN_focal_loss__GNNExplainer.npz,2026-10-02T17:42:50
1:10_GCN_focal_loss,42,1:10,GCN,focal_loss,PGExplainer,False,ok,,0.1146551237390202,0.208284939992257,0.1916953125603132,0.0107263181039389,0.0452418096723869,30.0,4.0,4.0,5.0,20.0,20.0,,,,,0.475,-0.0666666666666666,0.7124999999999999,0.475,16.0,0.0,16.0,16.0,no_aplica,,,2.0,50.0,25.0,0.0,79.4,2.65,cuda,rankings/1-10_GCN_focal_loss__PGExplainer.npz,2026-10-02T17:44:09
1:10_GCN_focal_loss,42,1:10,GCN,focal_loss,ShapleyFeatures,False,ok,,0.1146551237390202,0.208284939992257,0.1916953125603132,0.0107263181039389,0.0452418096723869,30.0,4.0,4.0,5.0,20.0,20.0,0.996690038765331,0.0029158909109104,0.9979469435473052,0.972762151959924,,,,0.996690038765331,27.0,27.0,0.0,0.0,,no_aplica,no_aplica,0.0,,,,23.2,0.77,cuda,rankings/1-10_GCN_focal_loss__ShapleyFeatures.npz,2026-10-02T17:44:33
1:10_GCN_none,42,1:10,GCN,none,GNNExplainer,False,ok,,0.0868560376099792,0.1527465795384929,0.1557905321819734,0.0277370226885021,0.0578549176680017,30.0,11.0,9.0,5.0,20.0,20.0,0.9014677940326458,0.0318911802720374,0.9070267883917268,0.6753091972178348,0.1874999999999999,0.1999999999999999,0.5958333333333333,0.9014677940326458,30.0,30.0,16.0,16.0,,,,2.0,,,,30.2,1.01,cuda,rankings/1-10_GCN_none__GNNExplainer.npz,2026-10-02T17:45:03
1:10_GCN_none,42,1:10,GCN,none,PGExplainer,False,ok,,0.0868560376099792,0.1527465795384929,0.1557905321819734,0.0277370226885021,0.0578549176680017,30.0,11.0,9.0,5.0,20.0,20.0,,,,,0.3783493649053889,0.2888888888888888,0.6958333333333333,0.3783493649053889,16.0,0.0,16.0,16.0,no_aplica,,,2.0,50.0,25.0,0.0,79.8,2.66,cuda,rankings/1-10_GCN_none__PGExplainer.npz,2026-10-02T17:46:23
1:10_GCN_none,42,1:10,GCN,none,ShapleyFeatures,False,ok,,0.0868560376099792,0.1527465795384929,0.1557905321819734,0.0277370226885021,0.0578549176680017,30.0,11.0,9.0,5.0,20.0,20.0,0.996732795050102,0.0028578830219699,0.9969615747270126,0.966018880298538,,,,0.996732795050102,27.0,27.0,0.0,0.0,,no_aplica,no_aplica,0.0,,,,23.2,0.77,cuda,rankings/1-10_GCN_none__ShapleyFeatures.npz,2026-10-02T17:46:46
1:1_GCN_class_weighting,42,1:1,GCN,class_weighting,GNNExplainer,False,ok,,0.1758509421636394,0.1653941031363796,0.2235971809810157,0.0080025704399102,0.0146788990825688,30.0,24.0,7.0,5.0,20.0,20.0,0.9385462623604444,0.026494263102409,0.9351331780356826,0.8069202759996674,0.2218749999999999,0.1999999999999999,0.6083333333333334,0.9385462623604444,30.0,30.0,16.0,16.0,,,,2.0,,,,30.4,1.01,cuda,rankings/1-1_GCN_class_weighting__GNNExplainer.npz,2026-10-02T17:47:22
1:1_GCN_class_weighting,42,1:1,GCN,class_weighting,PGExplainer,False,ok,,0.1758509421636394,0.1653941031363796,0.2235971809810157,0.0080025704399102,0.0146788990825688,30.0,24.0,7.0,5.0,20.0,20.0,,,,,0.0041666666666666,-0.0999999999999999,0.45,0.0041666666666666,16.0,0.0,16.0,16.0,no_aplica,,,2.0,50.0,25.0,0.0,78.9,2.63,cuda,rankings/1-1_GCN_class_weighting__PGExplainer.npz,2026-10-02T17:48:41
1:1_GCN_class_weighting,42,1:1,GCN,class_weighting,ShapleyFeatures,False,ok,,0.1758509421636394,0.1653941031363796,0.2235971809810157,0.0080025704399102,0.0146788990825688,30.0,24.0,7.0,5.0,20.0,20.0,0.9969886501397244,0.0021494886155344,0.9968954910527922,0.970965013562902,,,,0.9969886501397244,27.0,27.0,0.0,0.0,,no_aplica,no_aplica,0.0,,,,23.4,0.78,cuda,rankings/1-1_GCN_class_weighting__ShapleyFeatures.npz,2026-10-02T17:49:04
1:1_GCN_focal_loss,42,1:1,GCN,focal_loss,GNNExplainer,False,ok,,0.0453097997952759,0.0990728476821192,0.0767397232446635,0.0101053583016165,0.028,30.0,7.0,5.0,5.0,20.0,20.0,0.925967938706596,0.0276747910483571,0.9160996742973284,0.7831180757613547,0.1718749999999999,0.1999999999999999,0.5833333333333333,0.925967938706596,30.0,30.0,16.0,16.0,,,,2.0,,,,30.4,1.01,cuda,rankings/1-1_GCN_focal_loss__GNNExplainer.npz,2026-10-02T17:49:35
1:1_GCN_focal_loss,42,1:1,GCN,focal_loss,PGExplainer,False,ok,,0.0453097997952759,0.0990728476821192,0.0767397232446635,0.0101053583016165,0.028,30.0,7.0,5.0,5.0,20.0,20.0,,,,,0.7416666666666666,0.3999999999999999,0.7625,0.7416666666666666,16.0,0.0,16.0,16.0,no_aplica,,,2.0,50.0,25.0,0.0,79.6,2.65,cuda,rankings/1-1_GCN_focal_loss__PGExplainer.npz,2026-10-02T17:50:55
1:1_GCN_focal_loss,42,1:1,GCN,focal_loss,ShapleyFeatures,False,ok,,0.0453097997952759,0.0990728476821192,0.0767397232446635,0.0101053583016165,0.028,30.0,7.0,5.0,5.0,20.0,20.0,0.9978581390374448,0.0011823460752089,0.9986282006268586,0.9748212806704786,,,,0.9978581390374448,27.0,27.0,0.0,0.0,,no_aplica,no_aplica,0.0,,,,23.5,0.78,cuda,rankings/1-1_GCN_focal_loss__ShapleyFeatures.npz,2026-10-02T17:51:18
1:1_GCN_none,42,1:1,GCN,none,GNNExplainer,False,ok,,0.1759423968124785,0.1654364381956649,0.223985784526407,0.0079630788954458,0.0146923783287419,30.0,24.0,7.0,5.0,20.0,20.0,0.9384991131973917,0.026677123582691,0.9349991261800832,0.8064974367500762,0.2218749999999999,0.1999999999999999,0.6083333333333334,0.9384991131973917,30.0,30.0,16.0,16.0,,,,2.0,,,,29.9,1.0,cuda,rankings/1-1_GCN_none__GNNExplainer.npz,2026-10-02T17:51:49
1:1_GCN_none,42,1:1,GCN,none,PGExplainer,False,ok,,0.1759423968124785,0.1654364381956649,0.223985784526407,0.0079630788954458,0.0146923783287419,30.0,24.0,7.0,5.0,20.0,20.0,,,,,0.0166666666666666,-0.0833333333333333,0.4625,0.0166666666666666,16.0,0.0,16.0,16.0,no_aplica,,,2.0,50.0,25.0,0.0,79.4,2.65,cuda,rankings/1-1_GCN_none__PGExplainer.npz,2026-10-02T17:53:08
1:1_GCN_none,42,1:1,GCN,none,ShapleyFeatures,False,ok,,0.1759423968124785,0.1654364381956649,0.223985784526407,0.0079630788954458,0.0146923783287419,30.0,24.0,7.0,5.0,20.0,20.0,0.9971786529081424,0.0021239193671714,0.9971288986249596,0.9731462237863434,,,,0.9971786529081424,27.0,27.0,0.0,0.0,,no_aplica,no_aplica,0.0,,,,23.4,0.78,cuda,rankings/1-1_GCN_none__ShapleyFeatures.npz,2026-10-02T17:53:32
1:10_os_GCN_class_weighting,42,1:10_os,GCN,class_weighting,GNNExplainer,False,ok,,0.2258583638647358,0.2005851755526658,0.2444499891125876,0.0055160168707113,0.0051546391752577,30.0,19.0,4.0,5.0,20.0,20.0,0.9407438286373256,0.0255630485410246,0.945666281225178,0.8038471471721118,0.2343749999999999,0.2363636363636363,0.6208333333333333,0.9407438286373256,30.0,30.0,16.0,16.0,,,,2.0,,,,30.0,1.0,cuda,rankings/1-10_os_GCN_class_weighting__GNNExplainer.npz,2026-10-02T17:54:07
1:10_os_GCN_class_weighting,42,1:10_os,GCN,class_weighting,PGExplainer,False,ok,,0.2258583638647358,0.2005851755526658,0.2444499891125876,0.0055160168707113,0.0051546391752577,30.0,19.0,4.0,5.0,20.0,20.0,,,,,-0.0566586508806388,-0.103030303030303,0.4958333333333333,-0.0566586508806388,16.0,0.0,16.0,16.0,no_aplica,,,2.0,50.0,25.0,0.0,84.8,2.83,cuda,rankings/1-10_os_GCN_class_weighting__PGExplainer.npz,2026-10-02T17:55:32
1:10_os_GCN_class_weighting,42,1:10_os,GCN,class_weighting,ShapleyFeatures,False,ok,,0.2258583638647358,0.2005851755526658,0.2444499891125876,0.0055160168707113,0.0051546391752577,30.0,19.0,4.0,5.0,20.0,20.0,0.9977925210354234,0.0015141076740313,0.998383605421114,0.9762611959369796,,,,0.9977925210354234,27.0,27.0,0.0,0.0,,no_aplica,no_aplica,0.0,,,,24.8,0.83,cuda,rankings/1-10_os_GCN_class_weighting__ShapleyFeatures.npz,2026-10-02T17:55:57
1:10_os_GCN_focal_loss,42,1:10_os,GCN,focal_loss,GNNExplainer,False,ok,,0.1162660536321105,0.2067058416868303,0.1942050164058475,0.0117274860289635,0.0414312617702448,30.0,6.0,6.0,5.0,20.0,20.0,0.9105886966643694,0.0322539091923308,0.9053323994751218,0.7284353368248954,0.1624999999999999,0.1999999999999999,0.5833333333333334,0.9105886966643694,30.0,30.0,16.0,16.0,,,,2.0,,,,34.7,1.16,cuda,rankings/1-10_os_GCN_focal_loss__GNNExplainer.npz,2026-10-02T17:56:32
1:10_os_GCN_focal_loss,42,1:10_os,GCN,focal_loss,PGExplainer,False,ok,,0.1162660536321105,0.2067058416868303,0.1942050164058475,0.0117274860289635,0.0414312617702448,30.0,6.0,6.0,5.0,20.0,20.0,,,,,0.5374999999999999,0.1999999999999999,0.7374999999999999,0.5374999999999999,16.0,0.0,16.0,16.0,no_aplica,,,2.0,50.0,25.0,0.0,91.0,3.03,cuda,rankings/1-10_os_GCN_focal_loss__PGExplainer.npz,2026-10-02T17:58:03
1:10_os_GCN_focal_loss,42,1:10_os,GCN,focal_loss,ShapleyFeatures,False,ok,,0.1162660536321105,0.2067058416868303,0.1942050164058475,0.0117274860289635,0.0414312617702448,30.0,6.0,6.0,5.0,20.0,20.0,0.9967960454879308,0.0030702882024629,0.9983693838719556,0.96798834914389,,,,0.9967960454879308,27.0,27.0,0.0,0.0,,no_aplica,no_aplica,0.0,,,,25.1,0.84,cuda,rankings/1-10_os_GCN_focal_loss__ShapleyFeatures.npz,2026-10-02T17:58:28
1:10_os_GCN_none,42,1:10_os,GCN,none,GNNExplainer,False,ok,,0.0876140633469885,0.1569535030507048,0.1597628387259585,0.0265963856806842,0.058252427184466,30.0,11.0,7.0,5.0,20.0,20.0,0.9015281374093732,0.033236792863304,0.9073865306807648,0.6718067448111509,0.1874999999999999,0.1999999999999999,0.5958333333333333,0.9015281374093732,30.0,30.0,16.0,16.0,,,,2.0,,,,34.7,1.16,cuda,rankings/1-10_os_GCN_none__GNNExplainer.npz,2026-10-02T17:59:03
1:10_os_GCN_none,42,1:10_os,GCN,none,PGExplainer,False,ok,,0.0876140633469885,0.1569535030507048,0.1597628387259585,0.0265963856806842,0.058252427184466,30.0,11.0,7.0,5.0,20.0,20.0,,,,,0.428349364905389,0.3777777777777777,0.7208333333333333,0.428349364905389,16.0,0.0,16.0,16.0,no_aplica,,,2.0,50.0,25.0,0.0,92.0,3.07,cuda,rankings/1-10_os_GCN_none__PGExplainer.npz,2026-10-02T18:00:35
1:10_os_GCN_none,42,1:10_os,GCN,none,ShapleyFeatures,False,ok,,0.0876140633469885,0.1569535030507048,0.1597628387259585,0.0265963856806842,0.058252427184466,30.0,11.0,7.0,5.0,20.0,20.0,0.9967955874024472,0.0027949091191704,0.9969893430008068,0.9711713667279384,,,,0.9967955874024472,27.0,27.0,0.0,0.0,,no_aplica,no_aplica,0.0,,,,24.8,0.83,cuda,rankings/1-10_os_GCN_none__ShapleyFeatures.npz,2026-10-02T18:01:00
native_GCN_class_weighting_s43,43,native,GCN,class_weighting,GNNExplainer,False,ok,,0.0958754764198512,0.0923076923076923,0.1058186740883902,0.0058082986945807,0.0035273368606701,30.0,14.0,7.0,5.0,20.0,20.0,0.9285505014843504,0.0372613886661332,0.9358801297730808,0.7835693740128027,0.0499999999999999,0.1499999999999999,0.5208333333333334,0.9285505014843504,30.0,30.0,16.0,16.0,,,,2.0,,,,34.6,1.15,cuda,rankings/native_GCN_class_weighting_s43__GNNExplainer.npz,2026-10-02T18:01:40
native_GCN_class_weighting_s43,43,native,GCN,class_weighting,PGExplainer,False,ok,,0.0958754764198512,0.0923076923076923,0.1058186740883902,0.0058082986945807,0.0035273368606701,30.0,14.0,7.0,5.0,20.0,20.0,,,,,0.4296011290570861,-0.0583333333333333,0.6124999999999999,0.4296011290570861,15.0,0.0,15.0,16.0,no_aplica,,,2.0,50.0,25.0,0.0,89.9,3.0,cuda,rankings/native_GCN_class_weighting_s43__PGExplainer.npz,2026-10-02T18:03:11
native_GCN_class_weighting_s43,43,native,GCN,class_weighting,ShapleyFeatures,False,ok,,0.0958754764198512,0.0923076923076923,0.1058186740883902,0.0058082986945807,0.0035273368606701,30.0,14.0,7.0,5.0,20.0,20.0,0.9965669921341956,0.0021366104931401,0.996393853313828,0.9546651148613076,,,,0.9965669921341956,27.0,27.0,0.0,0.0,,no_aplica,no_aplica,0.0,,,,24.9,0.83,cuda,rankings/native_GCN_class_weighting_s43__ShapleyFeatures.npz,2026-10-02T18:03:36
native_GCN_focal_loss_s43,43,native,GCN,focal_loss,GNNExplainer,False,ok,,0.1202638977544332,0.2154455445544554,0.1987120927239974,0.0049129091043729,0.0051282051282051,30.0,6.0,5.0,5.0,20.0,20.0,0.9148717655936234,0.0313795755606873,0.9183039714904908,0.7596311414082635,0.1374999999999999,0.1999999999999999,0.5708333333333333,0.9148717655936234,30.0,30.0,16.0,16.0,,,,2.0,,,,33.6,1.12,cuda,rankings/native_GCN_focal_loss_s43__GNNExplainer.npz,2026-10-02T18:04:10
native_GCN_focal_loss_s43,43,native,GCN,focal_loss,PGExplainer,False,ok,,0.1202638977544332,0.2154455445544554,0.1987120927239974,0.0049129091043729,0.0051282051282051,30.0,6.0,5.0,5.0,20.0,20.0,,,,,0.3291666666666666,-0.1599999999999999,0.55,0.3291666666666666,16.0,0.0,16.0,16.0,no_aplica,,,2.0,50.0,25.0,0.0,83.6,2.79,cuda,rankings/native_GCN_focal_loss_s43__PGExplainer.npz,2026-10-02T18:05:33
native_GCN_focal_loss_s43,43,native,GCN,focal_loss,ShapleyFeatures,False,ok,,0.1202638977544332,0.2154455445544554,0.1987120927239974,0.0049129091043729,0.0051282051282051,30.0,6.0,5.0,5.0,20.0,20.0,0.997388225059733,0.0020457834593485,0.9982788182946976,0.9687464245357668,,,,0.997388225059733,27.0,27.0,0.0,0.0,,no_aplica,no_aplica,0.0,,,,23.8,0.79,cuda,rankings/native_GCN_focal_loss_s43__ShapleyFeatures.npz,2026-10-02T18:05:57
native_GCN_none_s43,43,native,GCN,none,GNNExplainer,False,ok,,0.0984364295097163,0.2096347273689782,0.1895165464912147,0.0050728821689893,0.0,30.0,4.0,6.0,5.0,20.0,20.0,0.909059124753177,0.0418658710653003,0.9097420201296992,0.7089556349932108,0.0187499999999999,0.1999999999999999,0.5083333333333333,0.909059124753177,30.0,30.0,16.0,16.0,,,,2.0,,,,32.2,1.07,cuda,rankings/native_GCN_none_s43__GNNExplainer.npz,2026-10-02T18:06:30
native_GCN_none_s43,43,native,GCN,none,PGExplainer,False,ok,,0.0984364295097163,0.2096347273689782,0.1895165464912147,0.0050728821689893,0.0,30.0,4.0,6.0,5.0,20.0,20.0,,,,,0.5333333333333332,-0.1999999999999999,0.6,0.5333333333333332,16.0,0.0,16.0,16.0,no_aplica,,,2.0,50.0,25.0,0.0,76.2,2.54,cuda,rankings/native_GCN_none_s43__PGExplainer.npz,2026-10-02T18:07:46
native_GCN_none_s43,43,native,GCN,none,ShapleyFeatures,False,ok,,0.0984364295097163,0.2096347273689782,0.1895165464912147,0.0050728821689893,0.0,30.0,4.0,6.0,5.0,20.0,20.0,0.9965353771323748,0.0037667906472477,0.9989694110669892,0.9611174538076191,,,,0.9965353771323748,27.0,27.0,0.0,0.0,,no_aplica,no_aplica,0.0,,,,22.4,0.75,cuda,rankings/native_GCN_none_s43__ShapleyFeatures.npz,2026-10-02T18:08:09
1:10_GCN_class_weighting_s43,43,1:10,GCN,class_weighting,GNNExplainer,False,ok,,0.2235802827584383,0.2060085836909871,0.2509751978161593,0.0059638032834495,0.0034602076124567,30.0,18.0,9.0,5.0,20.0,20.0,0.9482170226784804,0.0248174788867313,0.9523333113731404,0.8343063430044061,0.1812499999999999,0.1999999999999999,0.5958333333333332,0.9482170226784804,30.0,30.0,16.0,16.0,,,,2.0,,,,29.1,0.97,cuda,rankings/1-10_GCN_class_weighting_s43__GNNExplainer.npz,2026-10-02T18:08:43
1:10_GCN_class_weighting_s43,43,1:10,GCN,class_weighting,PGExplainer,False,ok,,0.2235802827584383,0.2060085836909871,0.2509751978161593,0.0059638032834495,0.0034602076124567,30.0,18.0,9.0,5.0,20.0,20.0,,,,,-0.0166666666666666,-0.1133333333333333,0.4875,-0.0166666666666666,16.0,0.0,16.0,16.0,no_aplica,,,2.0,50.0,25.0,0.0,77.2,2.57,cuda,rankings/1-10_GCN_class_weighting_s43__PGExplainer.npz,2026-10-02T18:10:00
1:10_GCN_class_weighting_s43,43,1:10,GCN,class_weighting,ShapleyFeatures,False,ok,,0.2235802827584383,0.2060085836909871,0.2509751978161593,0.0059638032834495,0.0034602076124567,30.0,18.0,9.0,5.0,20.0,20.0,0.9965724468976802,0.0029351174626056,0.9967043226574444,0.967429329737086,,,,0.9965724468976802,27.0,27.0,0.0,0.0,,no_aplica,no_aplica,0.0,,,,22.7,0.76,cuda,rankings/1-10_GCN_class_weighting_s43__ShapleyFeatures.npz,2026-10-02T18:10:23
1:10_GCN_focal_loss_s43,43,1:10,GCN,focal_loss,GNNExplainer,False,ok,,0.2086137686191966,0.2961770623742454,0.2847880891962155,0.007014370500458,0.007168458781362,30.0,9.0,9.0,5.0,20.0,20.0,0.9116592930289296,0.036546969552349,0.9174300504117762,0.7525853077285449,0.1937499999999999,0.1999999999999999,0.5958333333333332,0.9116592930289296,30.0,30.0,16.0,16.0,,,,2.0,,,,29.6,0.99,cuda,rankings/1-10_GCN_focal_loss_s43__GNNExplainer.npz,2026-10-02T18:10:53
1:10_GCN_focal_loss_s43,43,1:10,GCN,focal_loss,PGExplainer,False,ok,,0.2086137686191966,0.2961770623742454,0.2847880891962155,0.007014370500458,0.007168458781362,30.0,9.0,9.0,5.0,20.0,20.0,,,,,0.35,0.1999999999999999,0.6833333333333333,0.35,16.0,0.0,16.0,16.0,no_aplica,,,2.0,50.0,25.0,0.0,77.9,2.6,cuda,rankings/1-10_GCN_focal_loss_s43__PGExplainer.npz,2026-10-02T18:12:11
1:10_GCN_focal_loss_s43,43,1:10,GCN,focal_loss,ShapleyFeatures,False,ok,,0.2086137686191966,0.2961770623742454,0.2847880891962155,0.007014370500458,0.007168458781362,30.0,9.0,9.0,5.0,20.0,20.0,0.9969648241685972,0.0019984963276398,0.9976965405897248,0.9752725050264331,,,,0.9969648241685972,27.0,27.0,0.0,0.0,,no_aplica,no_aplica,0.0,,,,22.7,0.76,cuda,rankings/1-10_GCN_focal_loss_s43__ShapleyFeatures.npz,2026-10-02T18:12:34
1:10_GCN_none_s43,43,1:10,GCN,none,GNNExplainer,False,ok,,0.1217239559585871,0.2245989304812834,0.2073816669857404,0.0062742667192392,0.0146520146520146,30.0,7.0,6.0,5.0,20.0,20.0,0.9189212644873552,0.0298311584313722,0.919568534221135,0.7661328733338877,0.0624999999999999,0.1999999999999999,0.5333333333333333,0.9189212644873552,30.0,30.0,16.0,16.0,,,,2.0,,,,29.1,0.97,cuda,rankings/1-10_GCN_none_s43__GNNExplainer.npz,2026-10-02T18:13:03
1:10_GCN_none_s43,43,1:10,GCN,none,PGExplainer,False,ok,,0.1217239559585871,0.2245989304812834,0.2073816669857404,0.0062742667192392,0.0146520146520146,30.0,7.0,6.0,5.0,20.0,20.0,,,,,0.3291867061317362,-0.0666666666666666,0.5333333333333333,0.3291867061317362,16.0,0.0,16.0,16.0,no_aplica,,,2.0,50.0,25.0,0.0,77.3,2.58,cuda,rankings/1-10_GCN_none_s43__PGExplainer.npz,2026-10-02T18:14:21
1:10_GCN_none_s43,43,1:10,GCN,none,ShapleyFeatures,False,ok,,0.1217239559585871,0.2245989304812834,0.2073816669857404,0.0062742667192392,0.0146520146520146,30.0,7.0,6.0,5.0,20.0,20.0,0.9971646560214756,0.0021289332485571,0.997905012815872,0.9709102385284945,,,,0.9971646560214756,27.0,27.0,0.0,0.0,,no_aplica,no_aplica,0.0,,,,22.8,0.76,cuda,rankings/1-10_GCN_none_s43__ShapleyFeatures.npz,2026-10-02T18:14:44
1:1_GCN_class_weighting_s43,43,1:1,GCN,class_weighting,GNNExplainer,False,ok,,0.2002685214330511,0.1882253042739881,0.240881657913262,0.0088425092473165,0.0069686411149825,30.0,21.0,10.0,5.0,20.0,20.0,0.9480460030708588,0.0215416922377263,0.9484610394064008,0.827472441599468,0.2624999999999999,0.2727272727272727,0.6333333333333333,0.9480460030708588,30.0,30.0,16.0,16.0,,,,2.0,,,,28.9,0.96,cuda,rankings/1-1_GCN_class_weighting_s43__GNNExplainer.npz,2026-10-02T18:15:17
1:1_GCN_class_weighting_s43,43,1:1,GCN,class_weighting,PGExplainer,False,ok,,0.2002685214330511,0.1882253042739881,0.240881657913262,0.0088425092473165,0.0069686411149825,30.0,21.0,10.0,5.0,20.0,20.0,,,,,0.3791666666666666,0.4545454545454545,0.525,0.3791666666666666,16.0,0.0,16.0,16.0,no_aplica,,,2.0,50.0,25.0,0.0,83.4,2.78,cuda,rankings/1-1_GCN_class_weighting_s43__PGExplainer.npz,2026-10-02T18:16:41
1:1_GCN_class_weighting_s43,43,1:1,GCN,class_weighting,ShapleyFeatures,False,ok,,0.2002685214330511,0.1882253042739881,0.240881657913262,0.0088425092473165,0.0069686411149825,30.0,21.0,10.0,5.0,20.0,20.0,0.997156825797426,0.0017305823501245,0.9974914979266722,0.9692402927493126,,,,0.997156825797426,27.0,27.0,0.0,0.0,,no_aplica,no_aplica,0.0,,,,25.1,0.84,cuda,rankings/1-1_GCN_class_weighting_s43__ShapleyFeatures.npz,2026-10-02T18:17:06
1:1_GCN_focal_loss_s43,43,1:1,GCN,focal_loss,GNNExplainer,False,ok,,0.094513014498203,0.0800234672924611,0.101711688850138,0.0095116260698376,0.0148478099480326,30.0,22.0,8.0,5.0,20.0,20.0,0.9248676163543892,0.0288963111618444,0.9254650564369312,0.7917154931138638,0.1124999999999999,0.1666666666666666,0.5583333333333333,0.9248676163543892,30.0,30.0,16.0,16.0,,,,2.0,,,,34.9,1.16,cuda,rankings/1-1_GCN_focal_loss_s43__GNNExplainer.npz,2026-10-02T18:17:42
1:1_GCN_focal_loss_s43,43,1:1,GCN,focal_loss,PGExplainer,False,ok,,0.094513014498203,0.0800234672924611,0.101711688850138,0.0095116260698376,0.0148478099480326,30.0,22.0,8.0,5.0,20.0,20.0,,,,,0.1458533727984029,0.0222222222222222,0.5833333333333333,0.1458533727984029,16.0,0.0,16.0,16.0,no_aplica,,,2.0,50.0,25.0,0.0,91.5,3.05,cuda,rankings/1-1_GCN_focal_loss_s43__PGExplainer.npz,2026-10-02T18:19:13
1:1_GCN_focal_loss_s43,43,1:1,GCN,focal_loss,ShapleyFeatures,False,ok,,0.094513014498203,0.0800234672924611,0.101711688850138,0.0095116260698376,0.0148478099480326,30.0,22.0,8.0,5.0,20.0,20.0,0.9956519827059656,0.0041373019329633,0.9954973098300198,0.966307380620291,,,,0.9956519827059656,27.0,27.0,0.0,0.0,,no_aplica,no_aplica,0.0,,,,25.2,0.84,cuda,rankings/1-1_GCN_focal_loss_s43__ShapleyFeatures.npz,2026-10-02T18:19:38
1:1_GCN_none_s43,43,1:1,GCN,none,GNNExplainer,False,ok,,0.2005675254202871,0.185929648241206,0.2387219789448019,0.0089668203868678,0.0082815734989648,30.0,21.0,13.0,5.0,20.0,20.0,0.9481685008225308,0.0214742831967776,0.9486908334552382,0.8311562612575166,0.2374999999999999,0.2363636363636363,0.6208333333333333,0.9481685008225308,30.0,30.0,16.0,16.0,,,,2.0,,,,34.6,1.15,cuda,rankings/1-1_GCN_none_s43__GNNExplainer.npz,2026-10-02T18:20:13
1:1_GCN_none_s43,43,1:1,GCN,none,PGExplainer,False,ok,,0.2005675254202871,0.185929648241206,0.2387219789448019,0.0089668203868678,0.0082815734989648,30.0,21.0,13.0,5.0,20.0,20.0,,,,,0.2541666666666666,0.2727272727272727,0.5083333333333333,0.2541666666666666,16.0,0.0,16.0,16.0,no_aplica,,,2.0,50.0,25.0,0.0,92.1,3.07,cuda,rankings/1-1_GCN_none_s43__PGExplainer.npz,2026-10-02T18:21:46
1:1_GCN_none_s43,43,1:1,GCN,none,ShapleyFeatures,False,ok,,0.2005675254202871,0.185929648241206,0.2387219789448019,0.0089668203868678,0.0082815734989648,30.0,21.0,13.0,5.0,20.0,20.0,0.997168022942186,0.0017151840112015,0.997541843960162,0.9685090352635451,,,,0.997168022942186,27.0,27.0,0.0,0.0,,no_aplica,no_aplica,0.0,,,,25.0,0.83,cuda,rankings/1-1_GCN_none_s43__ShapleyFeatures.npz,2026-10-02T18:22:11
1:10_os_GCN_class_weighting_s43,43,1:10_os,GCN,class_weighting,GNNExplainer,False,ok,,0.2173389909408344,0.2161393530039104,0.2576127127576231,0.0101749595557152,0.0066445182724252,30.0,15.0,10.0,5.0,20.0,20.0,0.946396892869946,0.0245171738681928,0.9467090013653484,0.8426038462604263,0.1593749999999999,0.2499999999999999,0.5833333333333333,0.946396892869946,30.0,30.0,16.0,16.0,,,,2.0,,,,34.9,1.16,cuda,rankings/1-10_os_GCN_class_weighting_s43__GNNExplainer.npz,2026-10-02T18:22:51
1:10_os_GCN_class_weighting_s43,43,1:10_os,GCN,class_weighting,PGExplainer,False,ok,,0.2173389909408344,0.2161393530039104,0.2576127127576231,0.0101749595557152,0.0066445182724252,30.0,15.0,10.0,5.0,20.0,20.0,,,,,-0.0291666666666666,-0.1666666666666666,0.4875,-0.0291666666666666,16.0,0.0,16.0,16.0,no_aplica,,,2.0,50.0,25.0,0.0,90.8,3.03,cuda,rankings/1-10_os_GCN_class_weighting_s43__PGExplainer.npz,2026-10-02T18:24:22
1:10_os_GCN_class_weighting_s43,43,1:10_os,GCN,class_weighting,ShapleyFeatures,False,ok,,0.2173389909408344,0.2161393530039104,0.2576127127576231,0.0101749595557152,0.0066445182724252,30.0,15.0,10.0,5.0,20.0,20.0,0.9965730695701428,0.003539923094641,0.9973828047714336,0.9691182420262144,,,,0.9965730695701428,27.0,27.0,0.0,0.0,,no_aplica,no_aplica,0.0,,,,25.0,0.83,cuda,rankings/1-10_os_GCN_class_weighting_s43__ShapleyFeatures.npz,2026-10-02T18:24:47
1:10_os_GCN_focal_loss_s43,43,1:10_os,GCN,focal_loss,GNNExplainer,False,ok,,0.0949889822016216,0.1600615621392843,0.1395969354086016,0.0075795766349563,0.0111888111888111,30.0,2.0,0.0,5.0,20.0,20.0,0.9271096346734212,0.0265256803457522,0.9232896552990484,0.8114832211045527,0.1187499999999999,0.1999999999999999,0.5583333333333333,0.9271096346734212,30.0,30.0,16.0,16.0,,,,2.0,,,,35.5,1.18,cuda,rankings/1-10_os_GCN_focal_loss_s43__GNNExplainer.npz,2026-10-02T18:25:23
1:10_os_GCN_focal_loss_s43,43,1:10_os,GCN,focal_loss,PGExplainer,False,ok,,0.0949889822016216,0.1600615621392843,0.1395969354086016,0.0075795766349563,0.0111888111888111,30.0,2.0,0.0,5.0,20.0,20.0,,,,,0.1646033727984029,0.1999999999999999,0.5125,0.1646033727984029,16.0,0.0,16.0,16.0,no_aplica,,,2.0,50.0,25.0,0.0,91.5,3.05,cuda,rankings/1-10_os_GCN_focal_loss_s43__PGExplainer.npz,2026-10-02T18:26:55
1:10_os_GCN_focal_loss_s43,43,1:10_os,GCN,focal_loss,ShapleyFeatures,False,ok,,0.0949889822016216,0.1600615621392843,0.1395969354086016,0.0075795766349563,0.0111888111888111,30.0,2.0,0.0,5.0,20.0,20.0,0.9964060121790244,0.0026630395397209,0.9976297049706224,0.9695418479415489,,,,0.9964060121790244,27.0,27.0,0.0,0.0,,no_aplica,no_aplica,0.0,,,,24.9,0.83,cuda,rankings/1-10_os_GCN_focal_loss_s43__ShapleyFeatures.npz,2026-10-02T18:27:20
1:10_os_GCN_none_s43,43,1:10_os,GCN,none,GNNExplainer,False,ok,,0.1220232860314237,0.2248927038626609,0.2065894584849655,0.006385741340261,0.0078843626806833,30.0,5.0,5.0,5.0,20.0,20.0,0.9168534496777816,0.032138708404606,0.9160715582607064,0.7644340067060159,0.0875,0.1999999999999999,0.5458333333333334,0.9168534496777816,30.0,30.0,16.0,16.0,,,,2.0,,,,33.2,1.11,cuda,rankings/1-10_os_GCN_none_s43__GNNExplainer.npz,2026-10-02T18:27:54
1:10_os_GCN_none_s43,43,1:10_os,GCN,none,PGExplainer,False,ok,,0.1220232860314237,0.2248927038626609,0.2065894584849655,0.006385741340261,0.0078843626806833,30.0,5.0,5.0,5.0,20.0,20.0,,,,,0.2916867061317362,-0.1999999999999999,0.5208333333333333,0.2916867061317362,16.0,0.0,16.0,16.0,no_aplica,,,2.0,50.0,25.0,0.0,88.6,2.95,cuda,rankings/1-10_os_GCN_none_s43__PGExplainer.npz,2026-10-02T18:29:22
1:10_os_GCN_none_s43,43,1:10_os,GCN,none,ShapleyFeatures,False,ok,,0.1220232860314237,0.2248927038626609,0.2065894584849655,0.006385741340261,0.0078843626806833,30.0,5.0,5.0,5.0,20.0,20.0,0.9970308756887576,0.0019868522944829,0.9979728872158916,0.9682228749657464,,,,0.9970308756887576,27.0,27.0,0.0,0.0,,no_aplica,no_aplica,0.0,,,,24.4,0.81,cuda,rankings/1-10_os_GCN_none_s43__ShapleyFeatures.npz,2026-10-02T18:29:47
native_GCN_class_weighting_s44,44,native,GCN,class_weighting,GNNExplainer,False,ok,,0.1094606809244958,0.1036460467021712,0.1188001481529173,0.0083803771185456,0.0150829562594268,30.0,14.0,4.0,5.0,20.0,20.0,0.9235794012385806,0.0289185306173797,0.9325639904927686,0.7908208219026243,0.0624999999999999,0.1499999999999999,0.5333333333333333,0.9235794012385806,30.0,30.0,16.0,16.0,,,,2.0,,,,34.3,1.14,cuda,rankings/native_GCN_class_weighting_s44__GNNExplainer.npz,2026-10-02T18:30:27
native_GCN_class_weighting_s44,44,native,GCN,class_weighting,PGExplainer,False,ok,,0.1094606809244958,0.1036460467021712,0.1188001481529173,0.0083803771185456,0.0150829562594268,30.0,14.0,4.0,5.0,20.0,20.0,,,,,0.3847489415089816,0.2749999999999999,0.65,0.3847489415089816,16.0,0.0,16.0,16.0,no_aplica,,,2.0,50.0,25.0,0.0,88.3,2.94,cuda,rankings/native_GCN_class_weighting_s44__PGExplainer.npz,2026-10-02T18:31:55
native_GCN_class_weighting_s44,44,native,GCN,class_weighting,ShapleyFeatures,False,ok,,0.1094606809244958,0.1036460467021712,0.1188001481529173,0.0083803771185456,0.0150829562594268,30.0,14.0,4.0,5.0,20.0,20.0,0.9969673842837412,0.0019947944051873,0.997845816773398,0.9661532469371856,,,,0.9969673842837412,27.0,27.0,0.0,0.0,,no_aplica,no_aplica,0.0,,,,24.6,0.82,cuda,rankings/native_GCN_class_weighting_s44__ShapleyFeatures.npz,2026-10-02T18:32:20
native_GCN_focal_loss_s44,44,native,GCN,focal_loss,GNNExplainer,False,ok,,0.1206049635858351,0.1588419405320813,0.1379825286225206,0.0061985728314767,0.0,30.0,7.0,4.0,5.0,20.0,20.0,0.901613331411262,0.0434815998309089,0.9243478541091336,0.6641572588466763,0.0499999999999999,0.1999999999999999,0.5208333333333334,0.901613331411262,30.0,30.0,16.0,16.0,,,,2.0,,,,34.6,1.15,cuda,rankings/native_GCN_focal_loss_s44__GNNExplainer.npz,2026-10-02T18:32:55
native_GCN_focal_loss_s44,44,native,GCN,focal_loss,PGExplainer,False,ok,,0.1206049635858351,0.1588419405320813,0.1379825286225206,0.0061985728314767,0.0,30.0,7.0,4.0,5.0,20.0,20.0,,,,,0.7162064309633045,-0.1999999999999999,0.6625,0.7162064309633045,13.0,0.0,13.0,16.0,no_aplica,,,2.0,50.0,25.0,0.0,85.5,2.85,cuda,rankings/native_GCN_focal_loss_s44__PGExplainer.npz,2026-10-02T18:34:21
native_GCN_focal_loss_s44,44,native,GCN,focal_loss,ShapleyFeatures,False,ok,,0.1206049635858351,0.1588419405320813,0.1379825286225206,0.0061985728314767,0.0,30.0,7.0,4.0,5.0,20.0,20.0,0.9973394184752096,0.0015933195208618,0.9980688782530924,0.946705615749593,,,,0.9973394184752096,27.0,27.0,0.0,0.0,,no_aplica,no_aplica,0.0,,,,23.3,0.78,cuda,rankings/native_GCN_focal_loss_s44__ShapleyFeatures.npz,2026-10-02T18:34:44
native_GCN_none_s44,44,native,GCN,none,GNNExplainer,False,ok,,0.119780745492554,0.181325067803177,0.1624874050891155,0.0136403448257063,0.0456769983686786,30.0,4.0,4.0,5.0,20.0,20.0,0.9219460217983813,0.0302906638119135,0.92271400418529,0.7782660514866849,-0.00625,0.0666666666666666,0.4958333333333333,0.9219460217983813,30.0,30.0,16.0,16.0,,,,2.0,,,,30.3,1.01,cuda,rankings/native_GCN_none_s44__GNNExplainer.npz,2026-10-02T18:35:15
native_GCN_none_s44,44,native,GCN,none,PGExplainer,False,ok,,0.119780745492554,0.181325067803177,0.1624874050891155,0.0136403448257063,0.0456769983686786,30.0,4.0,4.0,5.0,20.0,20.0,,,,,0.2458333333333333,0.1999999999999999,0.55,0.2458333333333333,16.0,0.0,16.0,16.0,no_aplica,,,2.0,50.0,25.0,0.0,79.5,2.65,cuda,rankings/native_GCN_none_s44__PGExplainer.npz,2026-10-02T18:36:34
native_GCN_none_s44,44,native,GCN,none,ShapleyFeatures,False,ok,,0.119780745492554,0.181325067803177,0.1624874050891155,0.0136403448257063,0.0456769983686786,30.0,4.0,4.0,5.0,20.0,20.0,0.9973037116472874,0.0016769330885477,0.9965011293741484,0.968847907679897,,,,0.9973037116472874,27.0,27.0,0.0,0.0,,no_aplica,no_aplica,0.0,,,,23.3,0.78,cuda,rankings/native_GCN_none_s44__ShapleyFeatures.npz,2026-10-02T18:36:58
1:10_GCN_class_weighting_s44,44,1:10,GCN,class_weighting,GNNExplainer,False,ok,,0.0421260025105037,0.0823125055080638,0.0827728501988594,0.0061622232110028,0.0095510983763132,30.0,12.0,12.0,5.0,20.0,20.0,0.9412343891954512,0.0276546146879715,0.9453318440873424,0.7902954803668911,0.0124999999999999,0.0666666666666666,0.5083333333333333,0.9412343891954512,30.0,30.0,16.0,16.0,,,,2.0,,,,30.6,1.02,cuda,rankings/1-10_GCN_class_weighting_s44__GNNExplainer.npz,2026-10-02T18:37:34
1:10_GCN_class_weighting_s44,44,1:10,GCN,class_weighting,PGExplainer,False,ok,,0.0421260025105037,0.0823125055080638,0.0827728501988594,0.0061622232110028,0.0095510983763132,30.0,12.0,12.0,5.0,20.0,20.0,,,,,0.5916666666666666,0.3555555555555555,0.625,0.5916666666666666,16.0,0.0,16.0,16.0,no_aplica,,,2.0,50.0,25.0,0.0,79.7,2.66,cuda,rankings/1-10_GCN_class_weighting_s44__PGExplainer.npz,2026-10-02T18:38:53
1:10_GCN_class_weighting_s44,44,1:10,GCN,class_weighting,ShapleyFeatures,False,ok,,0.0421260025105037,0.0823125055080638,0.0827728501988594,0.0061622232110028,0.0095510983763132,30.0,12.0,12.0,5.0,20.0,20.0,0.9966442379419108,0.0024137073199375,0.9976861167294456,0.9641443979518632,,,,0.9966442379419108,27.0,27.0,0.0,0.0,,no_aplica,no_aplica,0.0,,,,23.3,0.78,cuda,rankings/1-10_GCN_class_weighting_s44__ShapleyFeatures.npz,2026-10-02T18:39:17
1:10_GCN_focal_loss_s44,44,1:10,GCN,focal_loss,GNNExplainer,False,ok,,0.113742109643847,0.1762608252674478,0.1548064721938803,0.0060103182721648,0.0,30.0,5.0,5.0,5.0,20.0,20.0,0.9128445444394354,0.0363279040700126,0.9297024327424916,0.7228429905506139,0.0749999999999999,0.1999999999999999,0.5333333333333333,0.9128445444394354,30.0,30.0,16.0,16.0,,,,2.0,,,,30.3,1.01,cuda,rankings/1-10_GCN_focal_loss_s44__GNNExplainer.npz,2026-10-02T18:39:48
1:10_GCN_focal_loss_s44,44,1:10,GCN,focal_loss,PGExplainer,False,ok,,0.113742109643847,0.1762608252674478,0.1548064721938803,0.0060103182721648,0.0,30.0,5.0,5.0,5.0,20.0,20.0,,,,,0.7540455735015306,-0.1999999999999999,0.6625,0.7540455735015306,15.0,0.0,15.0,16.0,no_aplica,,,2.0,50.0,25.0,0.0,79.5,2.65,cuda,rankings/1-10_GCN_focal_loss_s44__PGExplainer.npz,2026-10-02T18:41:07
1:10_GCN_focal_loss_s44,44,1:10,GCN,focal_loss,ShapleyFeatures,False,ok,,0.113742109643847,0.1762608252674478,0.1548064721938803,0.0060103182721648,0.0,30.0,5.0,5.0,5.0,20.0,20.0,0.9964624388039788,0.0025615733588577,0.9981228564586198,0.9594077892007894,,,,0.9964624388039788,27.0,27.0,0.0,0.0,,no_aplica,no_aplica,0.0,,,,23.3,0.78,cuda,rankings/1-10_GCN_focal_loss_s44__ShapleyFeatures.npz,2026-10-02T18:41:31
1:10_GCN_none_s44,44,1:10,GCN,none,GNNExplainer,False,ok,,0.155784874269907,0.2487765089722675,0.2334731729701334,0.0050175344568122,0.0037174721189591,30.0,9.0,9.0,5.0,20.0,20.0,0.92314629581339,0.0286266153024653,0.9445587596054152,0.7751369468229556,0.0687499999999999,0.1999999999999999,0.5333333333333333,0.92314629581339,30.0,30.0,16.0,16.0,,,,2.0,,,,31.3,1.04,cuda,rankings/1-10_GCN_none_s44__GNNExplainer.npz,2026-10-02T18:42:03
1:10_GCN_none_s44,44,1:10,GCN,none,PGExplainer,False,ok,,0.155784874269907,0.2487765089722675,0.2334731729701334,0.0050175344568122,0.0037174721189591,30.0,9.0,9.0,5.0,20.0,20.0,,,,,0.1377777777777777,-0.0571428571428571,0.5625,0.1377777777777777,15.0,0.0,15.0,16.0,no_aplica,,,2.0,50.0,25.0,0.0,79.8,2.66,cuda,rankings/1-10_GCN_none_s44__PGExplainer.npz,2026-10-02T18:43:22
1:10_GCN_none_s44,44,1:10,GCN,none,ShapleyFeatures,False,ok,,0.155784874269907,0.2487765089722675,0.2334731729701334,0.0050175344568122,0.0037174721189591,30.0,9.0,9.0,5.0,20.0,20.0,0.9977204061479176,0.0014064161837034,0.9982722022238046,0.9774885077113028,,,,0.9977204061479176,27.0,27.0,0.0,0.0,,no_aplica,no_aplica,0.0,,,,23.3,0.78,cuda,rankings/1-10_GCN_none_s44__ShapleyFeatures.npz,2026-10-02T18:43:46
1:1_GCN_class_weighting_s44,44,1:1,GCN,class_weighting,GNNExplainer,False,ok,,0.1790189501745608,0.1615482674701587,0.2181481778491825,0.011812177226782,0.0169312169312169,30.0,24.0,9.0,5.0,20.0,20.0,0.9454881158838778,0.0235684683374326,0.9408114964490444,0.8240604649873917,0.2343749999999999,0.2666666666666666,0.6208333333333333,0.9454881158838778,30.0,30.0,16.0,16.0,,,,2.0,,,,30.3,1.01,cuda,rankings/1-1_GCN_class_weighting_s44__GNNExplainer.npz,2026-10-02T18:44:21
1:1_GCN_class_weighting_s44,44,1:1,GCN,class_weighting,PGExplainer,False,ok,,0.1790189501745608,0.1615482674701587,0.2181481778491825,0.011812177226782,0.0169312169312169,30.0,24.0,9.0,5.0,20.0,20.0,,,,,-0.0697916666666666,-0.1777777777777777,0.4625,-0.0697916666666666,16.0,0.0,16.0,16.0,no_aplica,,,2.0,50.0,25.0,0.0,79.9,2.66,cuda,rankings/1-1_GCN_class_weighting_s44__PGExplainer.npz,2026-10-02T18:45:41
1:1_GCN_class_weighting_s44,44,1:1,GCN,class_weighting,ShapleyFeatures,False,ok,,0.1790189501745608,0.1615482674701587,0.2181481778491825,0.011812177226782,0.0169312169312169,30.0,24.0,9.0,5.0,20.0,20.0,0.997396737422009,0.0020527425096791,0.997371468614756,0.9722538433353964,,,,0.997396737422009,27.0,27.0,0.0,0.0,,no_aplica,no_aplica,0.0,,,,23.3,0.78,cuda,rankings/1-1_GCN_class_weighting_s44__ShapleyFeatures.npz,2026-10-02T18:46:05
1:1_GCN_focal_loss_s44,44,1:1,GCN,focal_loss,GNNExplainer,False,ok,,0.0962149406232431,0.0776931122067832,0.1091149663986066,0.0229478678857518,0.0416432189082723,30.0,23.0,10.0,5.0,20.0,20.0,0.9191440518389108,0.0282355439037634,0.9143213322018348,0.7742147864882089,0.1624999999999999,0.1999999999999999,0.5833333333333333,0.9191440518389108,30.0,30.0,16.0,16.0,,,,2.0,,,,30.7,1.02,cuda,rankings/1-1_GCN_focal_loss_s44__GNNExplainer.npz,2026-10-02T18:46:36
1:1_GCN_focal_loss_s44,44,1:1,GCN,focal_loss,PGExplainer,False,ok,,0.0962149406232431,0.0776931122067832,0.1091149663986066,0.0229478678857518,0.0416432189082723,30.0,23.0,10.0,5.0,20.0,20.0,,,,,0.3016178379150266,0.1466666666666666,0.6875,0.3016178379150266,14.0,0.0,14.0,16.0,no_aplica,,,2.0,50.0,25.0,0.0,79.2,2.64,cuda,rankings/1-1_GCN_focal_loss_s44__PGExplainer.npz,2026-10-02T18:47:55
1:1_GCN_focal_loss_s44,44,1:1,GCN,focal_loss,ShapleyFeatures,False,ok,,0.0962149406232431,0.0776931122067832,0.1091149663986066,0.0229478678857518,0.0416432189082723,30.0,23.0,10.0,5.0,20.0,20.0,0.9972228879973496,0.0015921637922302,0.9973666535914358,0.977004923287241,,,,0.9972228879973496,27.0,27.0,0.0,0.0,,no_aplica,no_aplica,0.0,,,,23.3,0.78,cuda,rankings/1-1_GCN_focal_loss_s44__ShapleyFeatures.npz,2026-10-02T18:48:19
1:1_GCN_none_s44,44,1:1,GCN,none,GNNExplainer,False,ok,,0.1790189501745608,0.1615482674701587,0.2181481778491825,0.011812177226782,0.0169312169312169,30.0,24.0,9.0,5.0,20.0,20.0,0.9454881158838778,0.0235684683374326,0.9408114964490444,0.8240604649873917,0.2343749999999999,0.2666666666666666,0.6208333333333333,0.9454881158838778,30.0,30.0,16.0,16.0,,,,2.0,,,,30.7,1.02,cuda,rankings/1-1_GCN_none_s44__GNNExplainer.npz,2026-10-02T18:48:50
1:1_GCN_none_s44,44,1:1,GCN,none,PGExplainer,False,ok,,0.1790189501745608,0.1615482674701587,0.2181481778491825,0.011812177226782,0.0169312169312169,30.0,24.0,9.0,5.0,20.0,20.0,,,,,-0.0697916666666666,-0.1777777777777777,0.4625,-0.0697916666666666,16.0,0.0,16.0,16.0,no_aplica,,,2.0,50.0,25.0,0.0,80.3,2.68,cuda,rankings/1-1_GCN_none_s44__PGExplainer.npz,2026-10-02T18:50:10
1:1_GCN_none_s44,44,1:1,GCN,none,ShapleyFeatures,False,ok,,0.1790189501745608,0.1615482674701587,0.2181481778491825,0.011812177226782,0.0169312169312169,30.0,24.0,9.0,5.0,20.0,20.0,0.9974743237561822,0.0020172454326419,0.9974685523935308,0.9722539357047628,,,,0.9974743237561822,27.0,27.0,0.0,0.0,,no_aplica,no_aplica,0.0,,,,23.2,0.77,cuda,rankings/1-1_GCN_none_s44__ShapleyFeatures.npz,2026-10-02T18:50:34
1:10_os_GCN_class_weighting_s44,44,1:10_os,GCN,class_weighting,GNNExplainer,False,ok,,0.042188217757041,0.0824924765445211,0.0829648511423726,0.0061795154153136,0.0101687081118557,30.0,12.0,12.0,5.0,20.0,20.0,0.9412014397501104,0.0283073283936482,0.9457753641138164,0.7928791808684567,0.0374999999999999,0.1333333333333333,0.5208333333333334,0.9412014397501104,30.0,30.0,16.0,16.0,,,,2.0,,,,30.3,1.01,cuda,rankings/1-10_os_GCN_class_weighting_s44__GNNExplainer.npz,2026-10-02T18:51:09
1:10_os_GCN_class_weighting_s44,44,1:10_os,GCN,class_weighting,PGExplainer,False,ok,,0.042188217757041,0.0824924765445211,0.0829648511423726,0.0061795154153136,0.0101687081118557,30.0,12.0,12.0,5.0,20.0,20.0,,,,,0.5916666666666666,0.3555555555555555,0.625,0.5916666666666666,16.0,0.0,16.0,16.0,no_aplica,,,2.0,50.0,25.0,0.0,84.5,2.82,cuda,rankings/1-10_os_GCN_class_weighting_s44__PGExplainer.npz,2026-10-02T18:52:34
1:10_os_GCN_class_weighting_s44,44,1:10_os,GCN,class_weighting,ShapleyFeatures,False,ok,,0.042188217757041,0.0824924765445211,0.0829648511423726,0.0061795154153136,0.0101687081118557,30.0,12.0,12.0,5.0,20.0,20.0,0.9968267107141564,0.0028718522289625,0.998317283287254,0.9658211174845974,,,,0.9968267107141564,27.0,27.0,0.0,0.0,,no_aplica,no_aplica,0.0,,,,23.1,0.77,cuda,rankings/1-10_os_GCN_class_weighting_s44__ShapleyFeatures.npz,2026-10-02T18:52:57
1:10_os_GCN_focal_loss_s44,44,1:10_os,GCN,focal_loss,GNNExplainer,False,ok,,0.1118768240150201,0.1755424063116371,0.1538471963663445,0.0060296353241402,0.0,30.0,5.0,5.0,5.0,20.0,20.0,0.9132849303360712,0.0367967165234747,0.9305136630899036,0.7234696705184694,0.0749999999999999,0.1999999999999999,0.5333333333333333,0.9132849303360712,30.0,30.0,16.0,16.0,,,,2.0,,,,30.0,1.0,cuda,rankings/1-10_os_GCN_focal_loss_s44__GNNExplainer.npz,2026-10-02T18:53:27
1:10_os_GCN_focal_loss_s44,44,1:10_os,GCN,focal_loss,PGExplainer,False,ok,,0.1118768240150201,0.1755424063116371,0.1538471963663445,0.0060296353241402,0.0,30.0,5.0,5.0,5.0,20.0,20.0,,,,,0.76,-0.1999999999999999,0.6625,0.76,15.0,0.0,15.0,16.0,no_aplica,,,2.0,50.0,25.0,0.0,78.9,2.63,cuda,rankings/1-10_os_GCN_focal_loss_s44__PGExplainer.npz,2026-10-02T18:54:46
1:10_os_GCN_focal_loss_s44,44,1:10_os,GCN,focal_loss,ShapleyFeatures,False,ok,,0.1118768240150201,0.1755424063116371,0.1538471963663445,0.0060296353241402,0.0,30.0,5.0,5.0,5.0,20.0,20.0,0.9967078515737487,0.0022311306691361,0.9980061811942114,0.9627865990522904,,,,0.9967078515737487,27.0,27.0,0.0,0.0,,no_aplica,no_aplica,0.0,,,,23.1,0.77,cuda,rankings/1-10_os_GCN_focal_loss_s44__ShapleyFeatures.npz,2026-10-02T18:55:09
1:10_os_GCN_none_s44,44,1:10_os,GCN,none,GNNExplainer,False,ok,,0.1610077666484935,0.2547819433817903,0.2425824528913759,0.0053178481416323,0.0038240917782026,30.0,9.0,9.0,5.0,20.0,20.0,0.9218853122644184,0.0277486632658944,0.9419469593682208,0.7790366614016127,0.0687499999999999,0.1999999999999999,0.5333333333333333,0.9218853122644184,30.0,30.0,16.0,16.0,,,,2.0,,,,30.1,1.0,cuda,rankings/1-10_os_GCN_none_s44__GNNExplainer.npz,2026-10-02T18:55:40
1:10_os_GCN_none_s44,44,1:10_os,GCN,none,PGExplainer,False,ok,,0.1610077666484935,0.2547819433817903,0.2425824528913759,0.0053178481416323,0.0038240917782026,30.0,9.0,9.0,5.0,20.0,20.0,,,,,0.1244444444444444,-0.1428571428571428,0.5499999999999999,0.1244444444444444,15.0,0.0,15.0,16.0,no_aplica,,,2.0,50.0,25.0,0.0,79.7,2.66,cuda,rankings/1-10_os_GCN_none_s44__PGExplainer.npz,2026-10-02T18:57:00
1:10_os_GCN_none_s44,44,1:10_os,GCN,none,ShapleyFeatures,False,ok,,0.1610077666484935,0.2547819433817903,0.2425824528913759,0.0053178481416323,0.0038240917782026,30.0,9.0,9.0,5.0,20.0,20.0,0.9981792987108064,0.0012150618206242,0.9986650442004404,0.977982221975904,,,,0.9981792987108064,27.0,27.0,0.0,0.0,,no_aplica,no_aplica,0.0,,,,23.1,0.77,cuda,rankings/1-10_os_GCN_none_s44__ShapleyFeatures.npz,2026-10-02T18:57:23
native_GAT_class_weighting,42,native,GAT,class_weighting,GNNExplainer,False,ok,,0.3602153670439267,0.2577195100914266,0.3229681441145259,0.0080698711209566,0.0,30.0,26.0,18.0,5.0,20.0,20.0,0.9455972311197348,0.025194766481752,0.9446841758552166,0.8345201041926456,0.1937499999999999,0.2,0.5958333333333332,0.9455972311197348,30.0,30.0,16.0,16.0,,,,2.0,,,,39.8,1.33,cuda,rankings/native_GAT_class_weighting__GNNExplainer.npz,2026-10-02T18:58:09
native_GAT_class_weighting,42,native,GAT,class_weighting,PGExplainer,False,ok,,0.3602153670439267,0.2577195100914266,0.3229681441145259,0.0080698711209566,0.0,30.0,26.0,18.0,5.0,20.0,20.0,,,,,0.2622956745596805,0.2888888888888888,0.5208333333333333,0.2622956745596805,16.0,0.0,16.0,16.0,no_aplica,,,2.0,50.0,25.0,0.0,97.7,3.26,cuda,rankings/native_GAT_class_weighting__PGExplainer.npz,2026-10-02T18:59:47
native_GAT_class_weighting,42,native,GAT,class_weighting,ShapleyFeatures,False,ok,,0.3602153670439267,0.2577195100914266,0.3229681441145259,0.0080698711209566,0.0,30.0,26.0,18.0,5.0,20.0,20.0,0.995903672091541,0.0034179685985427,0.996349471606961,0.9290736584119244,,,,0.995903672091541,27.0,27.0,0.0,0.0,,no_aplica,no_aplica,0.0,,,,24.4,0.81,cuda,rankings/native_GAT_class_weighting__ShapleyFeatures.npz,2026-10-02T19:00:11
1:10_GAT_class_weighting,42,1:10,GAT,class_weighting,GNNExplainer,False,ok,,0.3647446727486316,0.2536453034927094,0.3194367792249951,0.0081230272279761,0.0,30.0,26.0,15.0,5.0,20.0,20.0,0.945595075600145,0.0258879662442096,0.9445748295236548,0.8303241887660376,0.1937499999999999,0.2,0.5958333333333332,0.945595075600145,30.0,30.0,16.0,16.0,,,,2.0,,,,38.5,1.28,cuda,rankings/1-10_GAT_class_weighting__GNNExplainer.npz,2026-10-02T19:00:56
1:10_GAT_class_weighting,42,1:10,GAT,class_weighting,PGExplainer,False,ok,,0.3647446727486316,0.2536453034927094,0.3194367792249951,0.0081230272279761,0.0,30.0,26.0,15.0,5.0,20.0,20.0,,,,,0.2081290078930139,0.2311111111111111,0.5083333333333333,0.2081290078930139,16.0,0.0,16.0,16.0,no_aplica,,,2.0,50.0,25.0,0.0,98.2,3.27,cuda,rankings/1-10_GAT_class_weighting__PGExplainer.npz,2026-10-02T19:02:34
1:10_GAT_class_weighting,42,1:10,GAT,class_weighting,ShapleyFeatures,False,ok,,0.3647446727486316,0.2536453034927094,0.3194367792249951,0.0081230272279761,0.0,30.0,26.0,15.0,5.0,20.0,20.0,0.9955889975276362,0.0033096037012689,0.9959565643286796,0.9413499167136212,,,,0.9955889975276362,27.0,27.0,0.0,0.0,,no_aplica,no_aplica,0.0,,,,24.7,0.82,cuda,rankings/1-10_GAT_class_weighting__ShapleyFeatures.npz,2026-10-02T19:02:59
1:10_GAT_focal_loss,42,1:10,GAT,focal_loss,GNNExplainer,False,ok,,0.2784783594219582,0.2436738519212746,0.2910707092643944,0.0053126286990375,0.0121654501216545,30.0,19.0,17.0,5.0,20.0,20.0,0.9337599519555956,0.0299903050276723,0.9366256799363496,0.8073031285504474,0.1187499999999999,0.1199999999999999,0.5583333333333333,0.9337599519555956,30.0,30.0,16.0,16.0,,,,2.0,,,,40.0,1.33,cuda,rankings/1-10_GAT_focal_loss__GNNExplainer.npz,2026-10-02T19:03:40
1:10_GAT_focal_loss,42,1:10,GAT,focal_loss,PGExplainer,False,ok,,0.2784783594219582,0.2436738519212746,0.2910707092643944,0.0053126286990375,0.0121654501216545,30.0,19.0,17.0,5.0,20.0,20.0,,,,,0.9111111111111112,0.8666666666666666,0.8,0.9111111111111112,15.0,0.0,15.0,16.0,no_aplica,,,2.0,50.0,25.0,0.0,98.3,3.28,cuda,rankings/1-10_GAT_focal_loss__PGExplainer.npz,2026-10-02T19:05:18
1:10_GAT_focal_loss,42,1:10,GAT,focal_loss,ShapleyFeatures,False,ok,,0.2784783594219582,0.2436738519212746,0.2910707092643944,0.0053126286990375,0.0121654501216545,30.0,19.0,17.0,5.0,20.0,20.0,0.9959850467682804,0.0029580428985732,0.9957754550711496,0.9569138778815396,,,,0.9959850467682804,27.0,27.0,0.0,0.0,,no_aplica,no_aplica,0.0,,,,24.7,0.82,cuda,rankings/1-10_GAT_focal_loss__ShapleyFeatures.npz,2026-10-02T19:05:43
1:1_GAT_class_weighting,42,1:1,GAT,class_weighting,GNNExplainer,False,ok,,0.3369786154491053,0.1630481055768412,0.2315846190381664,0.009639492936572,0.0241448692152917,30.0,25.0,13.0,5.0,20.0,20.0,0.946217301996283,0.0241498711303674,0.9465749729218496,0.8642833153213068,0.1687499999999999,0.1999999999999999,0.5833333333333333,0.946217301996283,30.0,30.0,16.0,16.0,,,,2.0,,,,38.9,1.3,cuda,rankings/1-1_GAT_class_weighting__GNNExplainer.npz,2026-10-02T19:06:28
1:1_GAT_class_weighting,42,1:1,GAT,class_weighting,PGExplainer,False,ok,,0.3369786154491053,0.1630481055768412,0.2315846190381664,0.009639492936572,0.0241448692152917,30.0,25.0,13.0,5.0,20.0,20.0,,,,,0.282051282051282,0.2606060606060606,0.65,0.282051282051282,13.0,0.0,13.0,16.0,no_aplica,,,2.0,50.0,25.0,0.0,97.6,3.25,cuda,rankings/1-1_GAT_class_weighting__PGExplainer.npz,2026-10-02T19:08:05
1:1_GAT_class_weighting,42,1:1,GAT,class_weighting,ShapleyFeatures,False,ok,,0.3369786154491053,0.1630481055768412,0.2315846190381664,0.009639492936572,0.0241448692152917,30.0,25.0,13.0,5.0,20.0,20.0,0.9971028642408122,0.0031422617020161,0.9977802548487732,0.9603031562612574,,,,0.9971028642408122,27.0,27.0,0.0,0.0,,no_aplica,no_aplica,0.0,,,,24.4,0.81,cuda,rankings/1-1_GAT_class_weighting__ShapleyFeatures.npz,2026-10-02T19:08:30
1:1_GAT_focal_loss,42,1:1,GAT,focal_loss,GNNExplainer,False,ok,,0.2341229809422896,0.1369229345915441,0.1962083155770078,0.0053812955362131,0.0038610038610038,30.0,25.0,9.0,5.0,20.0,20.0,0.929161109705897,0.0311249374400893,0.9364877156533126,0.8332422201900962,0.0812499999999999,0.0933333333333333,0.5416666666666667,0.929161109705897,30.0,30.0,16.0,16.0,,,,2.0,,,,38.1,1.27,cuda,rankings/1-1_GAT_focal_loss__GNNExplainer.npz,2026-10-02T19:09:09
1:1_GAT_focal_loss,42,1:1,GAT,focal_loss,PGExplainer,False,ok,,0.2341229809422896,0.1369229345915441,0.1962083155770078,0.0053812955362131,0.0038610038610038,30.0,25.0,9.0,5.0,20.0,20.0,,,,,0.8974358974358974,0.8888888888888888,0.7374999999999999,0.8974358974358974,13.0,0.0,13.0,16.0,no_aplica,,,2.0,50.0,25.0,0.0,98.6,3.29,cuda,rankings/1-1_GAT_focal_loss__PGExplainer.npz,2026-10-02T19:10:48
1:1_GAT_focal_loss,42,1:1,GAT,focal_loss,ShapleyFeatures,False,ok,,0.2341229809422896,0.1369229345915441,0.1962083155770078,0.0053812955362131,0.0038610038610038,30.0,25.0,9.0,5.0,20.0,20.0,0.996665437549418,0.0037753791523093,0.9971169628958174,0.9555673788344834,,,,0.996665437549418,27.0,27.0,0.0,0.0,,no_aplica,no_aplica,0.0,,,,24.4,0.81,cuda,rankings/1-1_GAT_focal_loss__ShapleyFeatures.npz,2026-10-02T19:11:13
1:1_GAT_none,42,1:1,GAT,none,GNNExplainer,False,ok,,0.3369785762159583,0.1630481055768412,0.2315846190381664,0.0096394957167929,0.0241448692152917,30.0,25.0,13.0,5.0,20.0,20.0,0.946217301996283,0.0241498711303674,0.9465749729218496,0.8642833153213068,0.1687499999999999,0.1999999999999999,0.5833333333333333,0.946217301996283,30.0,30.0,16.0,16.0,,,,2.0,,,,38.7,1.29,cuda,rankings/1-1_GAT_none__GNNExplainer.npz,2026-10-02T19:11:52
1:1_GAT_none,42,1:1,GAT,none,PGExplainer,False,ok,,0.3369785762159583,0.1630481055768412,0.2315846190381664,0.0096394957167929,0.0241448692152917,30.0,25.0,13.0,5.0,20.0,20.0,,,,,0.282051282051282,0.2606060606060606,0.65,0.282051282051282,13.0,0.0,13.0,16.0,no_aplica,,,2.0,50.0,25.0,0.0,98.2,3.27,cuda,rankings/1-1_GAT_none__PGExplainer.npz,2026-10-02T19:13:31
1:1_GAT_none,42,1:1,GAT,none,ShapleyFeatures,False,ok,,0.3369785762159583,0.1630481055768412,0.2315846190381664,0.0096394957167929,0.0241448692152917,30.0,25.0,13.0,5.0,20.0,20.0,0.9971393046948964,0.00311825267464,0.997823146558285,0.9603031562612574,,,,0.9971393046948964,27.0,27.0,0.0,0.0,,no_aplica,no_aplica,0.0,,,,24.5,0.82,cuda,rankings/1-1_GAT_none__ShapleyFeatures.npz,2026-10-02T19:13:55
1:10_os_GAT_class_weighting,42,1:10_os,GAT,class_weighting,GNNExplainer,False,ok,,0.373593483224074,0.2560728744939271,0.3238421959273717,0.009971871763388,0.0,30.0,25.0,16.0,5.0,20.0,20.0,0.9452199700387656,0.0249023039193401,0.94229309366253,0.8254516862027877,0.1687499999999999,0.1999999999999999,0.5833333333333333,0.9452199700387656,30.0,30.0,16.0,16.0,,,,2.0,,,,38.4,1.28,cuda,rankings/1-10_os_GAT_class_weighting__GNNExplainer.npz,2026-10-02T19:14:40
1:10_os_GAT_class_weighting,42,1:10_os,GAT,class_weighting,PGExplainer,False,ok,,0.373593483224074,0.2560728744939271,0.3238421959273717,0.009971871763388,0.0,30.0,25.0,16.0,5.0,20.0,20.0,,,,,0.0414623412263472,-0.0142857142857142,0.5083333333333333,0.0414623412263472,16.0,0.0,16.0,16.0,no_aplica,,,2.0,50.0,25.0,0.0,98.3,3.28,cuda,rankings/1-10_os_GAT_class_weighting__PGExplainer.npz,2026-10-02T19:16:18
1:10_os_GAT_class_weighting,42,1:10_os,GAT,class_weighting,ShapleyFeatures,False,ok,,0.373593483224074,0.2560728744939271,0.3238421959273717,0.009971871763388,0.0,30.0,25.0,16.0,5.0,20.0,20.0,0.995727972125585,0.0035672615770919,0.9962479515486212,0.9323729074489736,,,,0.995727972125585,27.0,27.0,0.0,0.0,,no_aplica,no_aplica,0.0,,,,24.7,0.82,cuda,rankings/1-10_os_GAT_class_weighting__ShapleyFeatures.npz,2026-10-02T19:16:43
native_GAT_class_weighting_s43,43,native,GAT,class_weighting,GNNExplainer,False,ok,,0.3215165264831955,0.1875,0.253222701530984,0.0089791635022554,0.0370828182941903,30.0,25.0,14.0,5.0,20.0,20.0,0.9393805939182448,0.0332735471098849,0.9375112503863192,0.8357540388505557,0.1687499999999999,0.1714285714285714,0.5833333333333333,0.9393805939182448,30.0,30.0,16.0,16.0,,,,2.0,,,,39.2,1.31,cuda,rankings/native_GAT_class_weighting_s43__GNNExplainer.npz,2026-10-02T19:17:28
native_GAT_class_weighting_s43,43,native,GAT,class_weighting,PGExplainer,False,ok,,0.3215165264831955,0.1875,0.253222701530984,0.0089791635022554,0.0370828182941903,30.0,25.0,14.0,5.0,20.0,20.0,,,,,0.96875,1.0,0.6458333333333334,0.96875,16.0,0.0,16.0,16.0,no_aplica,,,2.0,50.0,25.0,0.0,98.2,3.27,cuda,rankings/native_GAT_class_weighting_s43__PGExplainer.npz,2026-10-02T19:19:06
native_GAT_class_weighting_s43,43,native,GAT,class_weighting,ShapleyFeatures,False,ok,,0.3215165264831955,0.1875,0.253222701530984,0.0089791635022554,0.0370828182941903,30.0,25.0,14.0,5.0,20.0,20.0,0.9954794773858368,0.0082997947137832,0.997187102605756,0.9469539046070762,,,,0.9954794773858368,27.0,27.0,0.0,0.0,,no_aplica,no_aplica,0.0,,,,24.8,0.83,cuda,rankings/native_GAT_class_weighting_s43__ShapleyFeatures.npz,2026-10-02T19:19:31
1:10_GAT_class_weighting_s43,43,1:10,GAT,class_weighting,GNNExplainer,False,ok,,0.3207641473439956,0.1840230028753594,0.2492238893607296,0.0089624383687223,0.040595399188092,30.0,25.0,14.0,5.0,20.0,20.0,0.9388397638932549,0.0338472738963698,0.9368893469929134,0.8324211211793721,0.1437499999999999,0.1428571428571428,0.5708333333333333,0.9388397638932549,30.0,30.0,16.0,16.0,,,,2.0,,,,39.7,1.32,cuda,rankings/1-10_GAT_class_weighting_s43__GNNExplainer.npz,2026-10-02T19:20:17
1:10_GAT_class_weighting_s43,43,1:10,GAT,class_weighting,PGExplainer,False,ok,,0.3207641473439956,0.1840230028753594,0.2492238893607296,0.0089624383687223,0.040595399188092,30.0,25.0,14.0,5.0,20.0,20.0,,,,,0.5833333333333333,0.5238095238095237,0.6875,0.5833333333333333,16.0,0.0,16.0,16.0,no_aplica,,,2.0,50.0,25.0,0.0,99.1,3.3,cuda,rankings/1-10_GAT_class_weighting_s43__PGExplainer.npz,2026-10-02T19:21:56
1:10_GAT_class_weighting_s43,43,1:10,GAT,class_weighting,ShapleyFeatures,False,ok,,0.3207641473439956,0.1840230028753594,0.2492238893607296,0.0089624383687223,0.040595399188092,30.0,25.0,14.0,5.0,20.0,20.0,0.9952250141575768,0.0088776435842771,0.9970992892535282,0.9488471071453864,,,,0.9952250141575768,27.0,27.0,0.0,0.0,,no_aplica,no_aplica,0.0,,,,24.7,0.82,cuda,rankings/1-10_GAT_class_weighting_s43__ShapleyFeatures.npz,2026-10-02T19:22:21
1:10_GAT_focal_loss_s43,43,1:10,GAT,focal_loss,GNNExplainer,False,ok,,0.3284419557437714,0.2608076009501188,0.2865089389186178,0.004578005365595,0.0,30.0,17.0,11.0,5.0,20.0,20.0,0.937339876430064,0.0255186747045686,0.9461735552535636,0.8059351289938204,0.0937499999999999,0.0909090909090908,0.5458333333333334,0.937339876430064,30.0,30.0,16.0,16.0,,,,2.0,,,,41.3,1.38,cuda,rankings/1-10_GAT_focal_loss_s43__GNNExplainer.npz,2026-10-02T19:23:03
1:10_GAT_focal_loss_s43,43,1:10,GAT,focal_loss,PGExplainer,False,ok,,0.3284419557437714,0.2608076009501188,0.2865089389186178,0.004578005365595,0.0,30.0,17.0,11.0,5.0,20.0,20.0,,,,,0.8666666666666666,0.8060606060606059,0.8375,0.8666666666666666,16.0,0.0,16.0,16.0,no_aplica,,,2.0,50.0,25.0,0.0,99.1,3.3,cuda,rankings/1-10_GAT_focal_loss_s43__PGExplainer.npz,2026-10-02T19:24:42
1:10_GAT_focal_loss_s43,43,1:10,GAT,focal_loss,ShapleyFeatures,False,ok,,0.3284419557437714,0.2608076009501188,0.2865089389186178,0.004578005365595,0.0,30.0,17.0,11.0,5.0,20.0,20.0,0.9942508721812428,0.0055300172875761,0.997105636338961,0.9284028412817172,,,,0.9942508721812428,27.0,27.0,0.0,0.0,,no_aplica,no_aplica,0.0,,,,24.7,0.82,cuda,rankings/1-10_GAT_focal_loss_s43__ShapleyFeatures.npz,2026-10-02T19:25:07
1:1_GAT_class_weighting_s43,43,1:1,GAT,class_weighting,GNNExplainer,False,ok,,0.3600821117238921,0.171634839310666,0.2361307149586928,0.0058328928503515,0.0142602495543672,30.0,24.0,15.0,5.0,20.0,20.0,0.937104858620815,0.0278264089122593,0.9364668756774884,0.7935331005625296,0.0687499999999999,0.1076923076923076,0.5333333333333333,0.937104858620815,30.0,30.0,16.0,16.0,,,,2.0,,,,39.0,1.3,cuda,rankings/1-1_GAT_class_weighting_s43__GNNExplainer.npz,2026-10-02T19:25:52
1:1_GAT_class_weighting_s43,43,1:1,GAT,class_weighting,PGExplainer,False,ok,,0.3600821117238921,0.171634839310666,0.2361307149586928,0.0058328928503515,0.0142602495543672,30.0,24.0,15.0,5.0,20.0,20.0,,,,,0.5499999999999999,0.4461538461538461,0.6625000000000001,0.5499999999999999,16.0,0.0,16.0,16.0,no_aplica,,,2.0,50.0,25.0,0.0,98.4,3.28,cuda,rankings/1-1_GAT_class_weighting_s43__PGExplainer.npz,2026-10-02T19:27:30
1:1_GAT_class_weighting_s43,43,1:1,GAT,class_weighting,ShapleyFeatures,False,ok,,0.3600821117238921,0.171634839310666,0.2361307149586928,0.0058328928503515,0.0142602495543672,30.0,24.0,15.0,5.0,20.0,20.0,0.995080224653858,0.0039134182670499,0.9958595140314084,0.9292773944449064,,,,0.995080224653858,27.0,27.0,0.0,0.0,,no_aplica,no_aplica,0.0,,,,24.5,0.82,cuda,rankings/1-1_GAT_class_weighting_s43__ShapleyFeatures.npz,2026-10-02T19:27:55
1:1_GAT_focal_loss_s43,43,1:1,GAT,focal_loss,GNNExplainer,False,ok,,0.2477480567871579,0.2250104558762024,0.2525904467867548,0.0068936023469519,0.0110957004160887,30.0,18.0,12.0,5.0,20.0,20.0,0.932051048567423,0.0302291430901394,0.9377594324411168,0.8116818521905397,0.0937499999999999,0.1636363636363636,0.5458333333333334,0.932051048567423,30.0,30.0,16.0,16.0,,,,2.0,,,,39.0,1.3,cuda,rankings/1-1_GAT_focal_loss_s43__GNNExplainer.npz,2026-10-02T19:28:35
1:1_GAT_focal_loss_s43,43,1:1,GAT,focal_loss,PGExplainer,False,ok,,0.2477480567871579,0.2250104558762024,0.2525904467867548,0.0068936023469519,0.0110957004160887,30.0,18.0,12.0,5.0,20.0,20.0,,,,,0.5216907140247502,0.5151515151515151,0.625,0.5216907140247502,16.0,0.0,16.0,16.0,no_aplica,,,2.0,50.0,25.0,0.0,99.0,3.3,cuda,rankings/1-1_GAT_focal_loss_s43__PGExplainer.npz,2026-10-02T19:30:14
1:1_GAT_focal_loss_s43,43,1:1,GAT,focal_loss,ShapleyFeatures,False,ok,,0.2477480567871579,0.2250104558762024,0.2525904467867548,0.0068936023469519,0.0110957004160887,30.0,18.0,12.0,5.0,20.0,20.0,0.9964895973406732,0.0028332905027756,0.9971912563710128,0.952836170612378,,,,0.9964895973406732,27.0,27.0,0.0,0.0,,no_aplica,no_aplica,0.0,,,,24.5,0.82,cuda,rankings/1-1_GAT_focal_loss_s43__ShapleyFeatures.npz,2026-10-02T19:30:39
1:1_GAT_none_s43,43,1:1,GAT,none,GNNExplainer,False,ok,,0.3600821117238921,0.171634839310666,0.2361307149586928,0.0058328928503515,0.0142602495543672,30.0,24.0,15.0,5.0,20.0,20.0,0.937104858620815,0.0278264089122593,0.9364668756774884,0.7935331005625296,0.0687499999999999,0.1076923076923076,0.5333333333333333,0.937104858620815,30.0,30.0,16.0,16.0,,,,2.0,,,,39.2,1.31,cuda,rankings/1-1_GAT_none_s43__GNNExplainer.npz,2026-10-02T19:31:19
1:1_GAT_none_s43,43,1:1,GAT,none,PGExplainer,False,ok,,0.3600821117238921,0.171634839310666,0.2361307149586928,0.0058328928503515,0.0142602495543672,30.0,24.0,15.0,5.0,20.0,20.0,,,,,0.5499999999999999,0.4461538461538461,0.6625000000000001,0.5499999999999999,16.0,0.0,16.0,16.0,no_aplica,,,2.0,50.0,25.0,0.0,98.2,3.27,cuda,rankings/1-1_GAT_none_s43__PGExplainer.npz,2026-10-02T19:32:58
1:1_GAT_none_s43,43,1:1,GAT,none,ShapleyFeatures,False,ok,,0.3600821117238921,0.171634839310666,0.2361307149586928,0.0058328928503515,0.0142602495543672,30.0,24.0,15.0,5.0,20.0,20.0,0.9950279678935507,0.0039252420585897,0.9957969379621912,0.9292773944449064,,,,0.9950279678935507,27.0,27.0,0.0,0.0,,no_aplica,no_aplica,0.0,,,,24.5,0.82,cuda,rankings/1-1_GAT_none_s43__ShapleyFeatures.npz,2026-10-02T19:33:22
1:10_os_GAT_class_weighting_s43,43,1:10_os,GAT,class_weighting,GNNExplainer,False,ok,,0.3227088050241034,0.1798351914687348,0.2458542595880568,0.0097358496524145,0.037359900373599,30.0,26.0,14.0,5.0,20.0,20.0,0.9376049527304408,0.0329769773020351,0.9363352969744374,0.8240069277024967,0.1187499999999999,0.1428571428571428,0.5583333333333333,0.9376049527304408,30.0,30.0,16.0,16.0,,,,2.0,,,,38.7,1.29,cuda,rankings/1-10_os_GAT_class_weighting_s43__GNNExplainer.npz,2026-10-02T19:34:07
1:10_os_GAT_class_weighting_s43,43,1:10_os,GAT,class_weighting,PGExplainer,False,ok,,0.3227088050241034,0.1798351914687348,0.2458542595880568,0.0097358496524145,0.037359900373599,30.0,26.0,14.0,5.0,20.0,20.0,,,,,1.0,1.0,0.7375,1.0,16.0,0.0,16.0,16.0,no_aplica,,,2.0,50.0,25.0,0.0,99.3,3.31,cuda,rankings/1-10_os_GAT_class_weighting_s43__PGExplainer.npz,2026-10-02T19:35:46
1:10_os_GAT_class_weighting_s43,43,1:10_os,GAT,class_weighting,ShapleyFeatures,False,ok,,0.3227088050241034,0.1798351914687348,0.2458542595880568,0.0097358496524145,0.037359900373599,30.0,26.0,14.0,5.0,20.0,20.0,0.994151729940544,0.014073452346675,0.9969751589780697,0.9469938697530352,,,,0.994151729940544,27.0,27.0,0.0,0.0,,no_aplica,no_aplica,0.0,,,,24.8,0.83,cuda,rankings/1-10_os_GAT_class_weighting_s43__ShapleyFeatures.npz,2026-10-02T19:36:11
native_GAT_class_weighting_s44,44,native,GAT,class_weighting,GNNExplainer,False,ok,,0.2793656295976463,0.1567202906071614,0.2224677940925628,0.0079706935654294,0.0278940027894002,30.0,24.0,14.0,5.0,20.0,20.0,0.932942182759393,0.0278428377087688,0.9332788326112889,0.8073592152298612,0.1187499999999999,0.1142857142857142,0.5583333333333333,0.932942182759393,30.0,30.0,16.0,16.0,,,,2.0,,,,39.2,1.31,cuda,rankings/native_GAT_class_weighting_s44__GNNExplainer.npz,2026-10-02T19:36:56
native_GAT_class_weighting_s44,44,native,GAT,class_weighting,PGExplainer,False,ok,,0.2793656295976463,0.1567202906071614,0.2224677940925628,0.0079706935654294,0.0278940027894002,30.0,24.0,14.0,5.0,20.0,20.0,,,,,0.6933413491193612,0.7333333333333333,0.7124999999999999,0.6933413491193612,16.0,0.0,16.0,16.0,no_aplica,,,2.0,50.0,25.0,0.0,98.8,3.29,cuda,rankings/native_GAT_class_weighting_s44__PGExplainer.npz,2026-10-02T19:38:35
native_GAT_class_weighting_s44,44,native,GAT,class_weighting,ShapleyFeatures,False,ok,,0.2793656295976463,0.1567202906071614,0.2224677940925628,0.0079706935654294,0.0278940027894002,30.0,24.0,14.0,5.0,20.0,20.0,0.9975441394054276,0.0019522873506415,0.9978995797077188,0.9671219552747528,,,,0.9975441394054276,27.0,27.0,0.0,0.0,,no_aplica,no_aplica,0.0,,,,24.8,0.83,cuda,rankings/native_GAT_class_weighting_s44__ShapleyFeatures.npz,2026-10-02T19:39:00
native_GAT_none_s44,44,native,GAT,none,GNNExplainer,False,ok,,0.0982924413276575,0.1668508287292817,0.1464351975356242,0.0057543105571253,0.0,30.0,3.0,3.0,5.0,20.0,20.0,0.888927652971317,0.056242929462714,0.9469556172336172,0.5344798680965446,0.0499999999999999,-0.1999999999999999,0.5208333333333333,0.888927652971317,30.0,30.0,16.0,16.0,,,,2.0,,,,38.1,1.27,cuda,rankings/native_GAT_none_s44__GNNExplainer.npz,2026-10-02T19:39:40
native_GAT_none_s44,44,native,GAT,none,PGExplainer,False,ok,,0.0982924413276575,0.1668508287292817,0.1464351975356242,0.0057543105571253,0.0,30.0,3.0,3.0,5.0,20.0,20.0,,,,,1.0,1.0,0.7749999999999999,1.0,8.0,0.0,8.0,16.0,no_aplica,,,2.0,50.0,25.0,0.0,99.7,3.32,cuda,rankings/native_GAT_none_s44__PGExplainer.npz,2026-10-02T19:41:20
native_GAT_none_s44,44,native,GAT,none,ShapleyFeatures,False,ok,,0.0982924413276575,0.1668508287292817,0.1464351975356242,0.0057543105571253,0.0,30.0,3.0,3.0,5.0,20.0,20.0,0.9520879203744972,0.1157626576242127,0.9954619919052424,0.8565066367389919,,,,0.9520879203744972,24.0,24.0,0.0,0.0,,no_aplica,no_aplica,0.0,,,,24.8,0.83,cuda,rankings/native_GAT_none_s44__ShapleyFeatures.npz,2026-10-02T19:41:45
1:10_GAT_class_weighting_s44,44,1:10,GAT,class_weighting,GNNExplainer,False,ok,,0.2829401051417545,0.1518511185903781,0.2187874190092704,0.0081476131613386,0.0293724966622162,30.0,24.0,15.0,5.0,20.0,20.0,0.9315101068699304,0.0280811936525895,0.9319825401280284,0.8086327486352425,0.1437499999999999,0.1428571428571428,0.5708333333333333,0.9315101068699304,30.0,30.0,16.0,16.0,,,,2.0,,,,40.1,1.34,cuda,rankings/1-10_GAT_class_weighting_s44__GNNExplainer.npz,2026-10-02T19:42:31
1:10_GAT_class_weighting_s44,44,1:10,GAT,class_weighting,PGExplainer,False,ok,,0.2829401051417545,0.1518511185903781,0.2187874190092704,0.0081476131613386,0.0293724966622162,30.0,24.0,15.0,5.0,20.0,20.0,,,,,0.7058413491193611,0.7476190476190475,0.7124999999999999,0.7058413491193611,16.0,0.0,16.0,16.0,no_aplica,,,2.0,50.0,25.0,0.0,99.7,3.32,cuda,rankings/1-10_GAT_class_weighting_s44__PGExplainer.npz,2026-10-02T19:44:11
1:10_GAT_class_weighting_s44,44,1:10,GAT,class_weighting,ShapleyFeatures,False,ok,,0.2829401051417545,0.1518511185903781,0.2187874190092704,0.0081476131613386,0.0293724966622162,30.0,24.0,15.0,5.0,20.0,20.0,0.9978410174906002,0.0019088832082419,0.9983275492441098,0.965876138837316,,,,0.9978410174906002,27.0,27.0,0.0,0.0,,no_aplica,no_aplica,0.0,,,,24.7,0.82,cuda,rankings/1-10_GAT_class_weighting_s44__ShapleyFeatures.npz,2026-10-02T19:44:35
1:10_GAT_focal_loss_s44,44,1:10,GAT,focal_loss,GNNExplainer,False,ok,,0.3055532602562392,0.2710241465445462,0.3157043517923473,0.0054027802555788,0.003683241252302,30.0,23.0,16.0,5.0,20.0,20.0,0.9349626758905968,0.0219418263770321,0.9352864238563549,0.857423615152271,0.1437499999999999,0.1333333333333333,0.5708333333333333,0.9349626758905968,30.0,30.0,16.0,16.0,,,,2.0,,,,40.1,1.34,cuda,rankings/1-10_GAT_focal_loss_s44__GNNExplainer.npz,2026-10-02T19:45:16
1:10_GAT_focal_loss_s44,44,1:10,GAT,focal_loss,PGExplainer,False,ok,,0.3055532602562392,0.2710241465445462,0.3157043517923473,0.0054027802555788,0.003683241252302,30.0,23.0,16.0,5.0,20.0,20.0,,,,,0.7857142857142857,0.8999999999999998,0.8500000000000001,0.7857142857142857,14.0,0.0,14.0,16.0,no_aplica,,,2.0,50.0,25.0,0.0,99.1,3.3,cuda,rankings/1-10_GAT_focal_loss_s44__PGExplainer.npz,2026-10-02T19:46:55
1:10_GAT_focal_loss_s44,44,1:10,GAT,focal_loss,ShapleyFeatures,False,ok,,0.3055532602562392,0.2710241465445462,0.3157043517923473,0.0054027802555788,0.003683241252302,30.0,23.0,16.0,5.0,20.0,20.0,0.9968940244639262,0.002748358079082,0.9969835283658508,0.9584290741818384,,,,0.9968940244639262,27.0,27.0,0.0,0.0,,no_aplica,no_aplica,0.0,,,,24.7,0.82,cuda,rankings/1-10_GAT_focal_loss_s44__ShapleyFeatures.npz,2026-10-02T19:47:20
1:1_GAT_class_weighting_s44,44,1:1,GAT,class_weighting,GNNExplainer,False,ok,,0.3429843080272433,0.2267031542560852,0.3016366284316503,0.0102406709667692,0.0160771704180064,30.0,25.0,21.0,5.0,20.0,20.0,0.9386470044918288,0.0297413338409301,0.9329544427746778,0.7993791947238619,0.1499999999999999,0.1714285714285714,0.5708333333333333,0.9386470044918288,30.0,30.0,16.0,16.0,,,,2.0,,,,39.0,1.3,cuda,rankings/1-1_GAT_class_weighting_s44__GNNExplainer.npz,2026-10-02T19:48:05
1:1_GAT_class_weighting_s44,44,1:1,GAT,class_weighting,PGExplainer,False,ok,,0.3429843080272433,0.2267031542560852,0.3016366284316503,0.0102406709667692,0.0160771704180064,30.0,25.0,21.0,5.0,20.0,20.0,,,,,0.6458533727984029,0.6619047619047619,0.6583333333333334,0.6458533727984029,16.0,0.0,16.0,16.0,no_aplica,,,2.0,50.0,25.0,0.0,97.9,3.26,cuda,rankings/1-1_GAT_class_weighting_s44__PGExplainer.npz,2026-10-02T19:49:43
1:1_GAT_class_weighting_s44,44,1:1,GAT,class_weighting,ShapleyFeatures,False,ok,,0.3429843080272433,0.2267031542560852,0.3016366284316503,0.0102406709667692,0.0160771704180064,30.0,25.0,21.0,5.0,20.0,20.0,0.9958353283685862,0.0055861384018085,0.9973317088925264,0.9412885526643944,,,,0.9958353283685862,27.0,27.0,0.0,0.0,,no_aplica,no_aplica,0.0,,,,24.8,0.83,cuda,rankings/1-1_GAT_class_weighting_s44__ShapleyFeatures.npz,2026-10-02T19:50:08
1:1_GAT_focal_loss_s44,44,1:1,GAT,focal_loss,GNNExplainer,False,ok,,0.1301865713836977,0.1440492747864097,0.2025447114405483,0.0074236678190544,0.0130010834236186,30.0,24.0,12.0,5.0,20.0,20.0,0.9107688607139008,0.0377407370256748,0.9047701194366344,0.7664225621414915,0.1937499999999999,0.1999999999999999,0.5958333333333332,0.9107688607139008,30.0,30.0,16.0,16.0,,,,2.0,,,,38.3,1.28,cuda,rankings/1-1_GAT_focal_loss_s44__GNNExplainer.npz,2026-10-02T19:50:48
1:1_GAT_focal_loss_s44,44,1:1,GAT,focal_loss,PGExplainer,False,ok,,0.1301865713836977,0.1440492747864097,0.2025447114405483,0.0074236678190544,0.0130010834236186,30.0,24.0,12.0,5.0,20.0,20.0,,,,,0.0249999999999999,0.1999999999999999,0.6,0.0249999999999999,16.0,0.0,16.0,16.0,no_aplica,,,2.0,50.0,25.0,0.0,98.2,3.27,cuda,rankings/1-1_GAT_focal_loss_s44__PGExplainer.npz,2026-10-02T19:52:26
1:1_GAT_focal_loss_s44,44,1:1,GAT,focal_loss,ShapleyFeatures,False,ok,,0.1301865713836977,0.1440492747864097,0.2025447114405483,0.0074236678190544,0.0130010834236186,30.0,24.0,12.0,5.0,20.0,20.0,0.995548702743269,0.0033908090557905,0.9953892188915152,0.9566339679108822,,,,0.995548702743269,27.0,27.0,0.0,0.0,,no_aplica,no_aplica,0.0,,,,24.7,0.82,cuda,rankings/1-1_GAT_focal_loss_s44__ShapleyFeatures.npz,2026-10-02T19:52:51
1:1_GAT_none_s44,44,1:1,GAT,none,GNNExplainer,False,ok,,0.3429843100659167,0.2267031542560852,0.3016366284316503,0.0102406725615937,0.0160771704180064,30.0,25.0,21.0,5.0,20.0,20.0,0.9386470044918288,0.0297413338409301,0.9329544427746778,0.7993791947238619,0.1499999999999999,0.1714285714285714,0.5708333333333333,0.9386470044918288,30.0,30.0,16.0,16.0,,,,2.0,,,,39.3,1.31,cuda,rankings/1-1_GAT_none_s44__GNNExplainer.npz,2026-10-02T19:53:32
1:1_GAT_none_s44,44,1:1,GAT,none,PGExplainer,False,ok,,0.3429843100659167,0.2267031542560852,0.3016366284316503,0.0102406725615937,0.0160771704180064,30.0,25.0,21.0,5.0,20.0,20.0,,,,,0.6458533727984029,0.6619047619047619,0.6583333333333334,0.6458533727984029,16.0,0.0,16.0,16.0,no_aplica,,,2.0,50.0,25.0,0.0,99.1,3.3,cuda,rankings/1-1_GAT_none_s44__PGExplainer.npz,2026-10-02T19:55:11
1:1_GAT_none_s44,44,1:1,GAT,none,ShapleyFeatures,False,ok,,0.3429843100659167,0.2267031542560852,0.3016366284316503,0.0102406725615937,0.0160771704180064,30.0,25.0,21.0,5.0,20.0,20.0,0.9957813975149038,0.0056228578205067,0.9972828225027298,0.9412885526643944,,,,0.9957813975149038,27.0,27.0,0.0,0.0,,no_aplica,no_aplica,0.0,,,,24.8,0.83,cuda,rankings/1-1_GAT_none_s44__ShapleyFeatures.npz,2026-10-02T19:55:36
1:10_os_GAT_class_weighting_s44,44,1:10_os,GAT,class_weighting,GNNExplainer,False,ok,,0.3389188924737671,0.2535851696397341,0.3148350330565127,0.0075361115035361,0.0038095238095238,30.0,24.0,16.0,5.0,20.0,20.0,0.939889617669478,0.02698393413463,0.9359532592867832,0.8111844985728933,0.1687499999999999,0.1714285714285714,0.5833333333333333,0.939889617669478,30.0,30.0,16.0,16.0,,,,2.0,,,,39.2,1.31,cuda,rankings/1-10_os_GAT_class_weighting_s44__GNNExplainer.npz,2026-10-02T19:56:21
1:10_os_GAT_class_weighting_s44,44,1:10_os,GAT,class_weighting,PGExplainer,False,ok,,0.3389188924737671,0.2535851696397341,0.3148350330565127,0.0075361115035361,0.0038095238095238,30.0,24.0,16.0,5.0,20.0,20.0,,,,,0.555576930984963,0.5589743589743589,0.6583333333333334,0.555576930984963,15.0,0.0,15.0,16.0,no_aplica,,,2.0,50.0,25.0,0.0,100.2,3.34,cuda,rankings/1-10_os_GAT_class_weighting_s44__PGExplainer.npz,2026-10-02T19:58:01
1:10_os_GAT_class_weighting_s44,44,1:10_os,GAT,class_weighting,ShapleyFeatures,False,ok,,0.3389188924737671,0.2535851696397341,0.3148350330565127,0.0075361115035361,0.0038095238095238,30.0,24.0,16.0,5.0,20.0,20.0,0.996127778382671,0.0044543687620063,0.9972177277945324,0.945763078732569,,,,0.996127778382671,27.0,27.0,0.0,0.0,,no_aplica,no_aplica,0.0,,,,24.8,0.83,cuda,rankings/1-10_os_GAT_class_weighting_s44__ShapleyFeatures.npz,2026-10-02T19:58:26
1:10_os_GAT_focal_loss_s44,44,1:10_os,GAT,focal_loss,GNNExplainer,False,ok,,0.2142438888667033,0.2709541381128097,0.2524009797751274,0.0053510759589536,0.0088235294117647,30.0,6.0,7.0,5.0,20.0,20.0,0.8979123885677,0.0385433040402932,0.9084820585406032,0.6684170199794941,0.1937499999999999,0.1999999999999999,0.5958333333333332,0.8979123885677,30.0,30.0,16.0,16.0,,,,2.0,,,,38.5,1.28,cuda,rankings/1-10_os_GAT_focal_loss_s44__GNNExplainer.npz,2026-10-02T19:59:06
1:10_os_GAT_focal_loss_s44,44,1:10_os,GAT,focal_loss,PGExplainer,False,ok,,0.2142438888667033,0.2709541381128097,0.2524009797751274,0.0053510759589536,0.0088235294117647,30.0,6.0,7.0,5.0,20.0,20.0,,,,,0.7166666666666666,1.0,0.65,0.7166666666666666,16.0,0.0,16.0,16.0,no_aplica,,,2.0,50.0,25.0,0.0,99.9,3.33,cuda,rankings/1-10_os_GAT_focal_loss_s44__PGExplainer.npz,2026-10-02T20:00:46
1:10_os_GAT_focal_loss_s44,44,1:10_os,GAT,focal_loss,ShapleyFeatures,False,ok,,0.2142438888667033,0.2709541381128097,0.2524009797751274,0.0053510759589536,0.0088235294117647,30.0,6.0,7.0,5.0,20.0,20.0,0.996277481041649,0.0032918817371131,0.9958852607024192,0.9674976830683872,,,,0.996277481041649,27.0,27.0,0.0,0.0,,no_aplica,no_aplica,0.0,,,,24.8,0.83,cuda,rankings/1-10_os_GAT_focal_loss_s44__ShapleyFeatures.npz,2026-10-02T20:01:11
native_TAGCN_none,42,native,TAGCN,none,GNNExplainer,False,ok,,0.1460277483594164,0.0021834061135371,0.0225330570882236,0.0039288245048607,0.0,30.0,0.0,7.0,5.0,20.0,20.0,0.9020268925663986,0.0414957566068923,,0.6653431152492587,0.0188784382681677,,0.5654824905659165,0.9020268925663986,30.0,30.0,7.0,7.0,,,,1.0,,,,46.6,1.55,cuda,rankings/native_TAGCN_none__GNNExplainer.npz,2026-10-02T20:02:04
native_TAGCN_none,42,native,TAGCN,none,PGExplainer,False,ok,,0.1460277483594164,0.0021834061135371,0.0225330570882236,0.0039288245048607,0.0,30.0,0.0,7.0,5.0,20.0,20.0,,,,,0.5822916666666667,,0.7416666666666667,0.5822916666666667,16.0,0.0,16.0,16.0,no_aplica,,,2.0,50.0,25.0,0.0,121.2,4.04,cuda,rankings/native_TAGCN_none__PGExplainer.npz,2026-10-02T20:04:05
native_TAGCN_none,42,native,TAGCN,none,ShapleyFeatures,False,ok,,0.1460277483594164,0.0021834061135371,0.0225330570882236,0.0039288245048607,0.0,30.0,0.0,7.0,5.0,20.0,20.0,0.995884016077032,0.0029793274987055,,0.9632291714775713,,,,0.995884016077032,27.0,27.0,0.0,0.0,,no_aplica,no_aplica,0.0,,,,27.4,0.91,cuda,rankings/native_TAGCN_none__ShapleyFeatures.npz,2026-10-02T20:04:33
1:1_TAGCN_class_weighting,42,1:1,TAGCN,class_weighting,GNNExplainer,False,ok,,0.2498910121544289,0.219951058010652,0.2906948873469063,0.0104081807874036,0.0119189511323003,30.0,28.0,16.0,5.0,20.0,20.0,0.9483874419468028,0.0261550989168825,0.9453550415144472,0.8039545819824313,0.0999957374441363,0.0579940324217908,0.568608147071145,0.9483874419468028,30.0,30.0,7.0,7.0,,,,1.0,,,,46.0,1.53,cuda,rankings/1-1_TAGCN_class_weighting__GNNExplainer.npz,2026-10-02T20:05:29
1:1_TAGCN_class_weighting,42,1:1,TAGCN,class_weighting,PGExplainer,False,ok,,0.2498910121544289,0.219951058010652,0.2906948873469063,0.0104081807874036,0.0119189511323003,30.0,28.0,16.0,5.0,20.0,20.0,,,,,0.4231610710371252,0.5079517761003706,0.6333333333333333,0.4231610710371252,16.0,0.0,16.0,16.0,no_aplica,,,2.0,50.0,25.0,0.0,121.9,4.06,cuda,rankings/1-1_TAGCN_class_weighting__PGExplainer.npz,2026-10-02T20:07:32
1:1_TAGCN_class_weighting,42,1:1,TAGCN,class_weighting,ShapleyFeatures,False,ok,,0.2498910121544289,0.219951058010652,0.2906948873469063,0.0104081807874036,0.0119189511323003,30.0,28.0,16.0,5.0,20.0,20.0,0.9919918362763483,0.006950324934403,0.9919134343110128,0.8879724616128306,,,,0.9919918362763483,27.0,27.0,0.0,0.0,,no_aplica,no_aplica,0.0,,,,27.5,0.92,cuda,rankings/1-1_TAGCN_class_weighting__ShapleyFeatures.npz,2026-10-02T20:08:00
1:1_TAGCN_focal_loss,42,1:1,TAGCN,focal_loss,GNNExplainer,False,ok,,0.1575631730159217,0.087808534561225,0.1347950892526497,0.0068147105967097,0.0,30.0,27.0,13.0,5.0,20.0,20.0,0.8821257805963403,0.043942005264011,0.8832854593057204,0.4740892565189681,0.0613463229378822,0.0382373767608625,0.5774582388319874,0.8821257805963403,30.0,30.0,7.0,7.0,,,,1.0,,,,54.1,1.8,cuda,rankings/1-1_TAGCN_focal_loss__GNNExplainer.npz,2026-10-02T20:08:56
1:1_TAGCN_focal_loss,42,1:1,TAGCN,focal_loss,PGExplainer,False,ok,,0.1575631730159217,0.087808534561225,0.1347950892526497,0.0068147105967097,0.0,30.0,27.0,13.0,5.0,20.0,20.0,,,,,-0.1210376587736527,-0.1307692307692307,0.4875,-0.1210376587736527,16.0,0.0,16.0,16.0,no_aplica,,,2.0,50.0,25.0,0.0,140.5,4.68,cuda,rankings/1-1_TAGCN_focal_loss__PGExplainer.npz,2026-10-02T20:11:16
1:1_TAGCN_focal_loss,42,1:1,TAGCN,focal_loss,ShapleyFeatures,False,ok,,0.1575631730159217,0.087808534561225,0.1347950892526497,0.0068147105967097,0.0,30.0,27.0,13.0,5.0,20.0,20.0,0.9927760495960922,0.0073114580322555,0.9928040849343424,0.948401763639107,,,,0.9927760495960922,27.0,27.0,0.0,0.0,,no_aplica,no_aplica,0.0,,,,29.6,0.99,cuda,rankings/1-1_TAGCN_focal_loss__ShapleyFeatures.npz,2026-10-02T20:11:46
1:1_TAGCN_none,42,1:1,TAGCN,none,GNNExplainer,False,ok,,0.234886510839201,0.2259970457902511,0.2967492104102854,0.0094811425342371,0.0112485939257592,30.0,27.0,17.0,5.0,20.0,20.0,0.9439133282440164,0.0341999014825217,0.9391764616080888,0.755555574029429,0.0502139512176952,0.0599661983714399,0.5518747381650607,0.9439133282440164,30.0,30.0,7.0,7.0,,,,1.0,,,,45.9,1.53,cuda,rankings/1-1_TAGCN_none__GNNExplainer.npz,2026-10-02T20:12:34
1:1_TAGCN_none,42,1:1,TAGCN,none,PGExplainer,False,ok,,0.234886510839201,0.2259970457902511,0.2967492104102854,0.0094811425342371,0.0112485939257592,30.0,27.0,17.0,5.0,20.0,20.0,,,,,0.1801335450315369,0.2285485263256347,0.575,0.1801335450315369,16.0,0.0,16.0,16.0,no_aplica,,,2.0,50.0,25.0,0.0,122.2,4.07,cuda,rankings/1-1_TAGCN_none__PGExplainer.npz,2026-10-02T20:14:36
1:1_TAGCN_none,42,1:1,TAGCN,none,ShapleyFeatures,False,ok,,0.234886510839201,0.2259970457902511,0.2967492104102854,0.0094811425342371,0.0112485939257592,30.0,27.0,17.0,5.0,20.0,20.0,0.9885585474142712,0.0091187662303713,0.9888631234244836,0.872808521381969,,,,0.9885585474142712,27.0,27.0,0.0,0.0,,no_aplica,no_aplica,0.0,,,,27.4,0.91,cuda,rankings/1-1_TAGCN_none__ShapleyFeatures.npz,2026-10-02T20:15:03
native_TAGCN_focal_loss_s43,43,native,TAGCN,focal_loss,GNNExplainer,False,ok,,0.1846335626966928,0.2831293241085684,0.2649840950756849,0.0054288683648774,0.0017421602787456,30.0,7.0,14.0,5.0,20.0,20.0,0.8863605553953087,0.0424381257799824,0.8853804674704725,0.5028035303571924,0.0876526960718151,0.1999999999999999,0.5891997659278765,0.8863605553953087,30.0,30.0,7.0,7.0,,,,1.0,,,,45.8,1.53,cuda,rankings/native_TAGCN_focal_loss_s43__GNNExplainer.npz,2026-10-02T20:16:00
native_TAGCN_focal_loss_s43,43,native,TAGCN,focal_loss,PGExplainer,False,ok,,0.1846335626966928,0.2831293241085684,0.2649840950756849,0.0054288683648774,0.0017421602787456,30.0,7.0,14.0,5.0,20.0,20.0,,,,,0.0412980947161671,-0.0999999999999999,0.5625,0.0412980947161671,16.0,0.0,16.0,16.0,no_aplica,,,2.0,50.0,25.0,0.0,121.0,4.03,cuda,rankings/native_TAGCN_focal_loss_s43__PGExplainer.npz,2026-10-02T20:18:01
native_TAGCN_focal_loss_s43,43,native,TAGCN,focal_loss,ShapleyFeatures,False,ok,,0.1846335626966928,0.2831293241085684,0.2649840950756849,0.0054288683648774,0.0017421602787456,30.0,7.0,14.0,5.0,20.0,20.0,0.9919336923306452,0.0061170603322306,0.9954176466134512,0.9451299175141556,,,,0.9919336923306452,27.0,27.0,0.0,0.0,,no_aplica,no_aplica,0.0,,,,27.4,0.91,cuda,rankings/native_TAGCN_focal_loss_s43__ShapleyFeatures.npz,2026-10-02T20:18:29
native_TAGCN_none_s43,43,native,TAGCN,none,GNNExplainer,False,ok,,0.0467981656786479,0.0027416038382453,-0.0161394143046688,0.0035713510021885,0.000414164423276,30.0,0.0,12.0,5.0,20.0,20.0,0.8935354029527532,0.0457224416609799,,0.6233365754981018,0.0493939386330064,,0.563623729061517,0.8935354029527532,30.0,30.0,7.0,7.0,,,,1.0,,,,46.0,1.53,cuda,rankings/native_TAGCN_none_s43__GNNExplainer.npz,2026-10-02T20:19:16
native_TAGCN_none_s43,43,native,TAGCN,none,PGExplainer,False,ok,,0.0467981656786479,0.0027416038382453,-0.0161394143046688,0.0035713510021885,0.000414164423276,30.0,0.0,12.0,5.0,20.0,20.0,,,,,0.2423945102195605,,0.6124999999999999,0.2423945102195605,16.0,0.0,16.0,16.0,no_aplica,,,2.0,50.0,25.0,0.0,120.4,4.01,cuda,rankings/native_TAGCN_none_s43__PGExplainer.npz,2026-10-02T20:21:17
native_TAGCN_none_s43,43,native,TAGCN,none,ShapleyFeatures,False,ok,,0.0467981656786479,0.0027416038382453,-0.0161394143046688,0.0035713510021885,0.000414164423276,30.0,0.0,12.0,5.0,20.0,20.0,0.9953634811087771,0.0040120509702464,,0.9611173922280414,,,,0.9953634811087771,27.0,27.0,0.0,0.0,,no_aplica,no_aplica,0.0,,,,27.4,0.91,cuda,rankings/native_TAGCN_none_s43__ShapleyFeatures.npz,2026-10-02T20:21:44
1:1_TAGCN_class_weighting_s43,43,1:1,TAGCN,class_weighting,GNNExplainer,False,ok,,0.2241487901919645,0.2669039145907473,0.3168731845323495,0.0108523670895251,0.0067720090293453,30.0,21.0,17.0,5.0,20.0,20.0,0.9563244235222164,0.0236417782402462,0.9512940376705796,0.8155994402416383,0.0734097883516506,0.1084403703589775,0.586294295248689,0.9563244235222164,30.0,30.0,7.0,7.0,,,,1.0,,,,46.6,1.55,cuda,rankings/1-1_TAGCN_class_weighting_s43__GNNExplainer.npz,2026-10-02T20:22:42
1:1_TAGCN_class_weighting_s43,43,1:1,TAGCN,class_weighting,PGExplainer,False,ok,,0.2241487901919645,0.2669039145907473,0.3168731845323495,0.0108523670895251,0.0067720090293453,30.0,21.0,17.0,5.0,20.0,20.0,,,,,0.3683960979560878,0.3967503528303394,0.6416666666666666,0.3683960979560878,16.0,0.0,16.0,16.0,no_aplica,,,2.0,50.0,25.0,0.0,121.2,4.04,cuda,rankings/1-1_TAGCN_class_weighting_s43__PGExplainer.npz,2026-10-02T20:24:43
1:1_TAGCN_class_weighting_s43,43,1:1,TAGCN,class_weighting,ShapleyFeatures,False,ok,,0.2241487901919645,0.2669039145907473,0.3168731845323495,0.0108523670895251,0.0067720090293453,30.0,21.0,17.0,5.0,20.0,20.0,0.988952561890942,0.0114205288861933,0.9931748772811794,0.8707840311838981,,,,0.988952561890942,27.0,27.0,0.0,0.0,,no_aplica,no_aplica,0.0,,,,27.5,0.92,cuda,rankings/1-1_TAGCN_class_weighting_s43__ShapleyFeatures.npz,2026-10-02T20:25:11
1:1_TAGCN_focal_loss_s43,43,1:1,TAGCN,focal_loss,GNNExplainer,False,ok,,0.2234810126694273,0.0688393747921516,0.0949453724986477,0.0064903428888867,0.0,30.0,26.0,10.0,5.0,20.0,20.0,0.8854013481649557,0.0539688155985967,0.8743871936016208,0.5294232826225511,0.0828563016458236,0.12,0.5748498813014943,0.8854013481649557,30.0,30.0,7.0,7.0,,,,1.0,,,,53.3,1.78,cuda,rankings/1-1_TAGCN_focal_loss_s43__GNNExplainer.npz,2026-10-02T20:26:06
1:1_TAGCN_focal_loss_s43,43,1:1,TAGCN,focal_loss,PGExplainer,False,ok,,0.2234810126694273,0.0688393747921516,0.0949453724986477,0.0064903428888867,0.0,30.0,26.0,10.0,5.0,20.0,20.0,,,,,-0.1624999999999999,-0.1697168783648703,0.4833333333333333,-0.1624999999999999,16.0,0.0,16.0,16.0,no_aplica,,,2.0,50.0,25.0,0.0,139.2,4.64,cuda,rankings/1-1_TAGCN_focal_loss_s43__PGExplainer.npz,2026-10-02T20:28:25
1:1_TAGCN_focal_loss_s43,43,1:1,TAGCN,focal_loss,ShapleyFeatures,False,ok,,0.2234810126694273,0.0688393747921516,0.0949453724986477,0.0064903428888867,0.0,30.0,26.0,10.0,5.0,20.0,20.0,0.9922027353071512,0.0073562672205453,0.9920169681420844,0.9425491789902798,,,,0.9922027353071512,27.0,27.0,0.0,0.0,,no_aplica,no_aplica,0.0,,,,29.5,0.98,cuda,rankings/1-1_TAGCN_focal_loss_s43__ShapleyFeatures.npz,2026-10-02T20:28:55
1:1_TAGCN_none_s43,43,1:1,TAGCN,none,GNNExplainer,False,ok,,0.2243703415069735,0.260590015128593,0.3140329900893193,0.0106424440598364,0.0047114252061248,30.0,22.0,16.0,5.0,20.0,20.0,0.9544263693621672,0.0264630535713068,0.9497339185939162,0.8135058331255023,0.0738832229191163,0.1104365120867627,0.5857182583823295,0.9544263693621672,30.0,30.0,7.0,7.0,,,,1.0,,,,45.9,1.53,cuda,rankings/1-1_TAGCN_none_s43__GNNExplainer.npz,2026-10-02T20:29:42
1:1_TAGCN_none_s43,43,1:1,TAGCN,none,PGExplainer,False,ok,,0.2243703415069735,0.260590015128593,0.3140329900893193,0.0106424440598364,0.0047114252061248,30.0,22.0,16.0,5.0,20.0,20.0,,,,,0.3982505292455091,0.3875903949688318,0.6416666666666666,0.3982505292455091,16.0,0.0,16.0,16.0,no_aplica,,,2.0,50.0,25.0,0.0,120.9,4.03,cuda,rankings/1-1_TAGCN_none_s43__PGExplainer.npz,2026-10-02T20:31:43
1:1_TAGCN_none_s43,43,1:1,TAGCN,none,ShapleyFeatures,False,ok,,0.2243703415069735,0.260590015128593,0.3140329900893193,0.0106424440598364,0.0047114252061248,30.0,22.0,16.0,5.0,20.0,20.0,0.9891949619259208,0.0105105385905274,0.9931076146250916,0.8698305022122463,,,,0.9891949619259208,27.0,27.0,0.0,0.0,,no_aplica,no_aplica,0.0,,,,27.4,0.91,cuda,rankings/1-1_TAGCN_none_s43__ShapleyFeatures.npz,2026-10-02T20:32:11
native_TAGCN_class_weighting_s44,44,native,TAGCN,class_weighting,GNNExplainer,False,ok,,0.1390556109402791,0.1826604897418927,0.2152289253351086,0.0069928670118648,0.0077700077700077,30.0,21.0,9.0,5.0,20.0,20.0,0.902159234006162,0.0388565324528857,0.8866874962941005,0.6132199129880568,0.1306172304351929,0.1999999999999999,0.6047623862974252,0.902159234006162,30.0,30.0,7.0,7.0,,,,1.0,,,,46.9,1.56,cuda,rankings/native_TAGCN_class_weighting_s44__GNNExplainer.npz,2026-10-02T20:33:08
native_TAGCN_class_weighting_s44,44,native,TAGCN,class_weighting,PGExplainer,False,ok,,0.1390556109402791,0.1826604897418927,0.2152289253351086,0.0069928670118648,0.0077700077700077,30.0,21.0,9.0,5.0,20.0,20.0,,,,,0.1770833333333333,-0.2,0.5874999999999999,0.1770833333333333,16.0,0.0,16.0,16.0,no_aplica,,,2.0,50.0,25.0,0.0,121.1,4.04,cuda,rankings/native_TAGCN_class_weighting_s44__PGExplainer.npz,2026-10-02T20:35:10
native_TAGCN_class_weighting_s44,44,native,TAGCN,class_weighting,ShapleyFeatures,False,ok,,0.1390556109402791,0.1826604897418927,0.2152289253351086,0.0069928670118648,0.0077700077700077,30.0,21.0,9.0,5.0,20.0,20.0,0.9935076871971852,0.0045526208047213,0.9932361448527484,0.9491393022418046,,,,0.9935076871971852,27.0,27.0,0.0,0.0,,no_aplica,no_aplica,0.0,,,,27.3,0.91,cuda,rankings/native_TAGCN_class_weighting_s44__ShapleyFeatures.npz,2026-10-02T20:35:37
native_TAGCN_none_s44,44,native,TAGCN,none,GNNExplainer,False,ok,,0.0967308813440701,0.0043478260869565,0.0253595356887178,0.0037237336732532,0.0,30.0,0.0,9.0,5.0,20.0,20.0,0.9020176649346244,0.045891843346136,,0.6841991298805664,0.0183905221013626,,0.5673125261834938,0.9020176649346244,30.0,30.0,7.0,7.0,,,,1.0,,,,46.6,1.55,cuda,rankings/native_TAGCN_none_s44__GNNExplainer.npz,2026-10-02T20:36:25
native_TAGCN_none_s44,44,native,TAGCN,none,PGExplainer,False,ok,,0.0967308813440701,0.0043478260869565,0.0253595356887178,0.0037237336732532,0.0,30.0,0.0,9.0,5.0,20.0,20.0,,,,,0.4858653964774447,,0.7,0.4858653964774447,16.0,0.0,16.0,16.0,no_aplica,,,2.0,50.0,25.0,0.0,122.2,4.07,cuda,rankings/native_TAGCN_none_s44__PGExplainer.npz,2026-10-02T20:38:28
native_TAGCN_none_s44,44,native,TAGCN,none,ShapleyFeatures,False,ok,,0.0967308813440701,0.0043478260869565,0.0253595356887178,0.0037237336732532,0.0,30.0,0.0,9.0,5.0,20.0,20.0,0.9952852760766354,0.0038590121079379,,0.9566831699935034,,,,0.9952852760766354,27.0,27.0,0.0,0.0,,no_aplica,no_aplica,0.0,,,,27.4,0.91,cuda,rankings/native_TAGCN_none_s44__ShapleyFeatures.npz,2026-10-02T20:38:55
1:10_TAGCN_class_weighting_s44,44,1:10,TAGCN,class_weighting,GNNExplainer,False,ok,,0.1376657740454943,0.1804782181460858,0.2128932125178297,0.0069452960117712,0.008073817762399,30.0,21.0,11.0,5.0,20.0,20.0,0.9023764450338586,0.0382035559886753,0.8868023183221968,0.6097479424723583,0.1342530587552625,0.1999999999999999,0.6059179511626674,0.9023764450338586,30.0,30.0,7.0,7.0,,,,1.0,,,,45.5,1.52,cuda,rankings/1-10_TAGCN_class_weighting_s44__GNNExplainer.npz,2026-10-02T20:39:47
1:10_TAGCN_class_weighting_s44,44,1:10,TAGCN,class_weighting,PGExplainer,False,ok,,0.1376657740454943,0.1804782181460858,0.2128932125178297,0.0069452960117712,0.008073817762399,30.0,21.0,11.0,5.0,20.0,20.0,,,,,0.175224364905389,-0.1970227867507653,0.5833333333333333,0.175224364905389,16.0,0.0,16.0,16.0,no_aplica,,,2.0,50.0,25.0,0.0,121.8,4.06,cuda,rankings/1-10_TAGCN_class_weighting_s44__PGExplainer.npz,2026-10-02T20:41:49
1:10_TAGCN_class_weighting_s44,44,1:10,TAGCN,class_weighting,ShapleyFeatures,False,ok,,0.1376657740454943,0.1804782181460858,0.2128932125178297,0.0069452960117712,0.008073817762399,30.0,21.0,11.0,5.0,20.0,20.0,0.9930361461948232,0.0047781551174837,0.992656725504254,0.9486990082609004,,,,0.9930361461948232,27.0,27.0,0.0,0.0,,no_aplica,no_aplica,0.0,,,,27.4,0.91,cuda,rankings/1-10_TAGCN_class_weighting_s44__ShapleyFeatures.npz,2026-10-02T20:42:17
1:1_TAGCN_class_weighting_s44,44,1:1,TAGCN,class_weighting,GNNExplainer,False,ok,,0.1417141219249082,0.1820299500831946,0.2137265656584865,0.007201994046657,0.0095541401273885,30.0,19.0,10.0,5.0,20.0,20.0,0.9028587707546012,0.0370594297029872,0.8886341409306752,0.6008455399451325,0.079943695340882,0.1999999999999999,0.5779609619153556,0.9028587707546012,30.0,30.0,7.0,7.0,,,,1.0,,,,45.5,1.52,cuda,rankings/1-1_TAGCN_class_weighting_s44__GNNExplainer.npz,2026-10-02T20:43:08
1:1_TAGCN_class_weighting_s44,44,1:1,TAGCN,class_weighting,PGExplainer,False,ok,,0.1417141219249082,0.1820299500831946,0.2137265656584865,0.007201994046657,0.0095541401273885,30.0,19.0,10.0,5.0,20.0,20.0,,,,,0.171875,-0.1999999999999999,0.5791666666666666,0.171875,16.0,0.0,16.0,16.0,no_aplica,,,2.0,50.0,25.0,0.0,122.0,4.07,cuda,rankings/1-1_TAGCN_class_weighting_s44__PGExplainer.npz,2026-10-02T20:45:11
1:1_TAGCN_class_weighting_s44,44,1:1,TAGCN,class_weighting,ShapleyFeatures,False,ok,,0.1417141219249082,0.1820299500831946,0.2137265656584865,0.007201994046657,0.0095541401273885,30.0,19.0,10.0,5.0,20.0,20.0,0.9933811002862932,0.0052551146217556,0.9932385055103012,0.9435529876871634,,,,0.9933811002862932,27.0,27.0,0.0,0.0,,no_aplica,no_aplica,0.0,,,,27.5,0.92,cuda,rankings/1-1_TAGCN_class_weighting_s44__ShapleyFeatures.npz,2026-10-02T20:45:38
1:1_TAGCN_focal_loss_s44,44,1:1,TAGCN,focal_loss,GNNExplainer,False,ok,,0.3048288064118331,0.1890909090909091,0.2671443988775933,0.0091767555570306,0.0077369439071566,30.0,28.0,17.0,5.0,20.0,20.0,0.9223919955329768,0.0279834818971804,0.9226550699712712,0.7313583561947515,0.1490258160958142,0.1490258160958142,0.621459991621282,0.9223919955329768,30.0,30.0,7.0,7.0,,,,1.0,,,,55.1,1.84,cuda,rankings/1-1_TAGCN_focal_loss_s44__GNNExplainer.npz,2026-10-02T20:46:35
1:1_TAGCN_focal_loss_s44,44,1:1,TAGCN,focal_loss,PGExplainer,False,ok,,0.3048288064118331,0.1890909090909091,0.2671443988775933,0.0091767555570306,0.0077369439071566,30.0,28.0,17.0,5.0,20.0,20.0,,,,,0.2629487298107781,0.2738119784648299,0.6458333333333333,0.2629487298107781,16.0,0.0,16.0,16.0,no_aplica,,,2.0,50.0,25.0,0.0,145.4,4.85,cuda,rankings/1-1_TAGCN_focal_loss_s44__PGExplainer.npz,2026-10-02T20:49:01
1:1_TAGCN_focal_loss_s44,44,1:1,TAGCN,focal_loss,ShapleyFeatures,False,ok,,0.3048288064118331,0.1890909090909091,0.2671443988775933,0.0091767555570306,0.0077369439071566,30.0,28.0,17.0,5.0,20.0,20.0,0.9938406906708852,0.0065155210293962,0.9941133835268504,0.956383862455855,,,,0.9938406906708852,27.0,27.0,0.0,0.0,,no_aplica,no_aplica,0.0,,,,29.6,0.99,cuda,rankings/1-1_TAGCN_focal_loss_s44__ShapleyFeatures.npz,2026-10-02T20:49:31
1:1_TAGCN_none_s44,44,1:1,TAGCN,none,GNNExplainer,False,ok,,0.141714123076474,0.1820299500831946,0.2137265656584865,0.0072019919614912,0.0095541401273885,30.0,19.0,10.0,5.0,20.0,20.0,0.9028587707546012,0.0370594297029872,0.8886341409306752,0.6008455399451325,0.079943695340882,0.1999999999999999,0.5779609619153556,0.9028587707546012,30.0,30.0,7.0,7.0,,,,1.0,,,,45.9,1.53,cuda,rankings/1-1_TAGCN_none_s44__GNNExplainer.npz,2026-10-02T20:50:18
1:1_TAGCN_none_s44,44,1:1,TAGCN,none,PGExplainer,False,ok,,0.141714123076474,0.1820299500831946,0.2137265656584865,0.0072019919614912,0.0095541401273885,30.0,19.0,10.0,5.0,20.0,20.0,,,,,0.171875,-0.1999999999999999,0.5791666666666666,0.171875,16.0,0.0,16.0,16.0,no_aplica,,,2.0,50.0,25.0,0.0,122.7,4.09,cuda,rankings/1-1_TAGCN_none_s44__PGExplainer.npz,2026-10-02T20:52:21
1:1_TAGCN_none_s44,44,1:1,TAGCN,none,ShapleyFeatures,False,ok,,0.141714123076474,0.1820299500831946,0.2137265656584865,0.0072019919614912,0.0095541401273885,30.0,19.0,10.0,5.0,20.0,20.0,0.9933102478347612,0.0051846943395599,0.9930891836777312,0.9435529876871634,,,,0.9933102478347612,27.0,27.0,0.0,0.0,,no_aplica,no_aplica,0.0,,,,27.5,0.92,cuda,rankings/1-1_TAGCN_none_s44__ShapleyFeatures.npz,2026-10-02T20:52:49
1:10_os_TAGCN_class_weighting_s44,44,1:10_os,TAGCN,class_weighting,GNNExplainer,False,ok,,0.1373458067028966,0.1888011486001435,0.2166114553535583,0.0069176516091221,0.0081026333558406,30.0,18.0,10.0,5.0,20.0,20.0,0.9009699498491792,0.0386054975195866,0.88886034201926,0.6070842408623603,0.0768158582144599,0.1999999999999999,0.5773465225912389,0.9009699498491792,30.0,30.0,7.0,7.0,,,,1.0,,,,46.7,1.56,cuda,rankings/1-10_os_TAGCN_class_weighting_s44__GNNExplainer.npz,2026-10-02T20:53:42
1:10_os_TAGCN_class_weighting_s44,44,1:10_os,TAGCN,class_weighting,PGExplainer,False,ok,,0.1373458067028966,0.1888011486001435,0.2166114553535583,0.0069176516091221,0.0081026333558406,30.0,18.0,10.0,5.0,20.0,20.0,,,,,0.240849364905389,-0.0818864401081268,0.6124999999999999,0.240849364905389,16.0,0.0,16.0,16.0,no_aplica,,,2.0,50.0,25.0,0.0,122.3,4.08,cuda,rankings/1-10_os_TAGCN_class_weighting_s44__PGExplainer.npz,2026-10-02T20:55:44
1:10_os_TAGCN_class_weighting_s44,44,1:10_os,TAGCN,class_weighting,ShapleyFeatures,False,ok,,0.1373458067028966,0.1888011486001435,0.2166114553535583,0.0069176516091221,0.0081026333558406,30.0,18.0,10.0,5.0,20.0,20.0,0.9926834422739436,0.0055940936450155,0.9930101334973032,0.9417681652056912,,,,0.9926834422739436,27.0,27.0,0.0,0.0,,no_aplica,no_aplica,0.0,,,,27.5,0.92,cuda,rankings/1-10_os_TAGCN_class_weighting_s44__ShapleyFeatures.npz,2026-10-02T20:56:12
native_GraphSAGE_none,42,native,GraphSAGE,none,GNNExplainer,False,ok,,0.198493962822551,0.2904967602591792,0.2727161162592029,0.0043618765658858,0.0,30.0,14.0,18.0,5.0,20.0,20.0,0.9245816324169992,0.038805218137617,0.938736547182822,0.7411782359298361,0.1437499999999999,0.1428571428571428,0.5708333333333333,0.9245816324169992,30.0,30.0,16.0,16.0,,,,2.0,,,,24.5,0.82,cuda,rankings/native_GraphSAGE_none__GNNExplainer.npz,2026-10-02T20:56:41
native_GraphSAGE_none,42,native,GraphSAGE,none,PGExplainer,False,ok,,0.198493962822551,0.2904967602591792,0.2727161162592029,0.0043618765658858,0.0,30.0,14.0,18.0,5.0,20.0,20.0,,,,,0.4374999999999999,0.0571428571428571,0.65,0.4374999999999999,16.0,0.0,16.0,16.0,no_aplica,,,2.0,50.0,25.0,0.0,64.2,2.14,cuda,rankings/native_GraphSAGE_none__PGExplainer.npz,2026-10-02T20:57:46
native_GraphSAGE_none,42,native,GraphSAGE,none,ShapleyFeatures,False,ok,,0.198493962822551,0.2904967602591792,0.2727161162592029,0.0043618765658858,0.0,30.0,14.0,18.0,5.0,20.0,20.0,0.9977190003768038,0.0019567269173725,0.9984252070069372,0.9666979183023744,,,,0.9977190003768038,27.0,27.0,0.0,0.0,,no_aplica,no_aplica,0.0,,,,22.0,0.73,cuda,rankings/native_GraphSAGE_none__ShapleyFeatures.npz,2026-10-02T20:58:08
1:1_GraphSAGE_class_weighting,42,1:1,GraphSAGE,class_weighting,GNNExplainer,False,ok,,0.3549220266856754,0.275027105168052,0.3414187684922411,0.0089659004324421,0.0051679586563307,30.0,25.0,14.0,5.0,20.0,20.0,0.9573137142207856,0.0205872871233116,0.955440070705557,0.8123727658159449,0.1374999999999999,0.1846153846153845,0.5708333333333333,0.9573137142207856,30.0,30.0,16.0,16.0,,,,2.0,,,,25.9,0.86,cuda,rankings/1-1_GraphSAGE_class_weighting__GNNExplainer.npz,2026-10-02T20:58:44
1:1_GraphSAGE_class_weighting,42,1:1,GraphSAGE,class_weighting,PGExplainer,False,ok,,0.3549220266856754,0.275027105168052,0.3414187684922411,0.0089659004324421,0.0051679586563307,30.0,25.0,14.0,5.0,20.0,20.0,,,,,0.1416666666666666,0.2153846153846153,0.5458333333333333,0.1416666666666666,16.0,0.0,16.0,16.0,no_aplica,,,2.0,50.0,25.0,0.0,63.8,2.13,cuda,rankings/1-1_GraphSAGE_class_weighting__PGExplainer.npz,2026-10-02T20:59:48
1:1_GraphSAGE_class_weighting,42,1:1,GraphSAGE,class_weighting,ShapleyFeatures,False,ok,,0.3549220266856754,0.275027105168052,0.3414187684922411,0.0089659004324421,0.0051679586563307,30.0,25.0,14.0,5.0,20.0,20.0,0.9952047282995397,0.0036333842130042,0.9953417879606496,0.9238060489619224,,,,0.9952047282995397,27.0,27.0,0.0,0.0,,no_aplica,no_aplica,0.0,,,,22.0,0.73,cuda,rankings/1-1_GraphSAGE_class_weighting__ShapleyFeatures.npz,2026-10-02T21:00:10
1:1_GraphSAGE_focal_loss,42,1:1,GraphSAGE,focal_loss,GNNExplainer,False,ok,,0.2190605007018473,0.0773796040411362,0.1188366115983737,0.0048795347466652,0.0,30.0,30.0,19.0,5.0,20.0,20.0,0.920997450221664,0.0261543598349236,0.920997450221664,0.775819297808075,0.1249999999999999,0.1249999999999999,0.5583333333333333,0.920997450221664,30.0,30.0,16.0,16.0,,,,2.0,,,,24.8,0.83,cuda,rankings/1-1_GraphSAGE_focal_loss__GNNExplainer.npz,2026-10-02T21:00:35
1:1_GraphSAGE_focal_loss,42,1:1,GraphSAGE,focal_loss,PGExplainer,False,ok,,0.2190605007018473,0.0773796040411362,0.1188366115983737,0.0048795347466652,0.0,30.0,30.0,19.0,5.0,20.0,20.0,,,,,0.4958333333333332,0.4958333333333332,0.5875,0.4958333333333332,16.0,0.0,16.0,16.0,no_aplica,,,2.0,50.0,25.0,0.0,64.1,2.14,cuda,rankings/1-1_GraphSAGE_focal_loss__PGExplainer.npz,2026-10-02T21:01:39
1:1_GraphSAGE_focal_loss,42,1:1,GraphSAGE,focal_loss,ShapleyFeatures,False,ok,,0.2190605007018473,0.0773796040411362,0.1188366115983737,0.0048795347466652,0.0,30.0,30.0,19.0,5.0,20.0,20.0,0.9964836240535696,0.0030098004779485,0.9964836240535696,0.9657381082137922,,,,0.9964836240535696,27.0,27.0,0.0,0.0,,no_aplica,no_aplica,0.0,,,,21.9,0.73,cuda,rankings/1-1_GraphSAGE_focal_loss__ShapleyFeatures.npz,2026-10-02T21:02:01
1:1_GraphSAGE_none,42,1:1,GraphSAGE,none,GNNExplainer,False,ok,,0.3549215414422758,0.275027105168052,0.3414187684922411,0.0089658470261031,0.0051679586563307,30.0,25.0,14.0,5.0,20.0,20.0,0.957310372655072,0.0205886356970809,0.9554370126211132,0.8123691911214564,0.1374999999999999,0.1846153846153845,0.5708333333333333,0.957310372655072,30.0,30.0,16.0,16.0,,,,2.0,,,,25.1,0.84,cuda,rankings/1-1_GraphSAGE_none__GNNExplainer.npz,2026-10-02T21:02:27
1:1_GraphSAGE_none,42,1:1,GraphSAGE,none,PGExplainer,False,ok,,0.3549215414422758,0.275027105168052,0.3414187684922411,0.0089658470261031,0.0051679586563307,30.0,25.0,14.0,5.0,20.0,20.0,,,,,0.1416666666666666,0.2153846153846153,0.5458333333333333,0.1416666666666666,16.0,0.0,16.0,16.0,no_aplica,,,2.0,50.0,25.0,0.0,63.8,2.13,cuda,rankings/1-1_GraphSAGE_none__PGExplainer.npz,2026-10-02T21:03:31
1:1_GraphSAGE_none,42,1:1,GraphSAGE,none,ShapleyFeatures,False,ok,,0.3549215414422758,0.275027105168052,0.3414187684922411,0.0089658470261031,0.0051679586563307,30.0,25.0,14.0,5.0,20.0,20.0,0.9951204777883448,0.0037585629790781,0.9951869638620864,0.9238060489619224,,,,0.9951204777883448,27.0,27.0,0.0,0.0,,no_aplica,no_aplica,0.0,,,,22.0,0.73,cuda,rankings/1-1_GraphSAGE_none__ShapleyFeatures.npz,2026-10-02T21:03:53
native_GraphSAGE_none_s43,43,native,GraphSAGE,none,GNNExplainer,False,ok,,0.1096810084708867,0.1038525963149078,0.110936400801452,0.0041329717339872,0.0,30.0,4.0,12.0,5.0,20.0,20.0,0.9079502149563632,0.041077837209334,0.906499157337349,0.7148687338930916,0.1187499999999999,0.1999999999999999,0.5583333333333333,0.9079502149563632,30.0,30.0,16.0,16.0,,,,2.0,,,,24.8,0.83,cuda,rankings/native_GraphSAGE_none_s43__GNNExplainer.npz,2026-10-02T21:04:28
native_GraphSAGE_none_s43,43,native,GraphSAGE,none,PGExplainer,False,ok,,0.1096810084708867,0.1038525963149078,0.110936400801452,0.0041329717339872,0.0,30.0,4.0,12.0,5.0,20.0,20.0,,,,,0.6749999999999998,-0.1999999999999999,0.6499999999999999,0.6749999999999998,16.0,0.0,16.0,16.0,no_aplica,,,2.0,50.0,25.0,0.0,64.9,2.16,cuda,rankings/native_GraphSAGE_none_s43__PGExplainer.npz,2026-10-02T21:05:33
native_GraphSAGE_none_s43,43,native,GraphSAGE,none,ShapleyFeatures,False,ok,,0.1096810084708867,0.1038525963149078,0.110936400801452,0.0041329717339872,0.0,30.0,4.0,12.0,5.0,20.0,20.0,0.9959893588194568,0.0039133374259181,0.9957787667822644,0.9648908963831234,,,,0.9959893588194568,27.0,27.0,0.0,0.0,,no_aplica,no_aplica,0.0,,,,21.7,0.72,cuda,rankings/native_GraphSAGE_none_s43__ShapleyFeatures.npz,2026-10-02T21:05:55
1:1_GraphSAGE_class_weighting_s43,43,1:1,GraphSAGE,class_weighting,GNNExplainer,False,ok,,0.3813743672271412,0.2752978836919794,0.3442889235195423,0.0104778886970373,0.0171673819742489,30.0,28.0,18.0,5.0,20.0,20.0,0.9516905693393232,0.0222289948944549,0.951825275248938,0.7931381938094051,0.1624999999999999,0.1624999999999999,0.5833333333333333,0.9516905693393232,30.0,30.0,16.0,16.0,,,,2.0,,,,25.2,0.84,cuda,rankings/1-1_GraphSAGE_class_weighting_s43__GNNExplainer.npz,2026-10-02T21:06:29
1:1_GraphSAGE_class_weighting_s43,43,1:1,GraphSAGE,class_weighting,PGExplainer,False,ok,,0.3813743672271412,0.2752978836919794,0.3442889235195423,0.0104778886970373,0.0171673819742489,30.0,28.0,18.0,5.0,20.0,20.0,,,,,0.328349364905389,0.328349364905389,0.5916666666666667,0.328349364905389,16.0,0.0,16.0,16.0,no_aplica,,,2.0,50.0,25.0,0.0,64.0,2.13,cuda,rankings/1-1_GraphSAGE_class_weighting_s43__PGExplainer.npz,2026-10-02T21:07:34
1:1_GraphSAGE_class_weighting_s43,43,1:1,GraphSAGE,class_weighting,ShapleyFeatures,False,ok,,0.3813743672271412,0.2752978836919794,0.3442889235195423,0.0104778886970373,0.0171673819742489,30.0,28.0,18.0,5.0,20.0,20.0,0.9958898477327072,0.0030088970239229,0.9958898477327072,0.9285169174494972,,,,0.9958898477327072,27.0,27.0,0.0,0.0,,no_aplica,no_aplica,0.0,,,,21.8,0.73,cuda,rankings/1-1_GraphSAGE_class_weighting_s43__ShapleyFeatures.npz,2026-10-02T21:07:56
1:1_GraphSAGE_focal_loss_s43,43,1:1,GraphSAGE,focal_loss,GNNExplainer,False,ok,,0.364091238434572,0.1063981812276713,0.1661367943226487,0.0068679774933102,0.0,30.0,25.0,15.0,5.0,20.0,20.0,0.9105440909732548,0.0315554207969677,0.9089494465358692,0.7055603957103667,0.1937499999999999,0.2,0.5958333333333332,0.9105440909732548,30.0,30.0,16.0,16.0,,,,2.0,,,,24.9,0.83,cuda,rankings/1-1_GraphSAGE_focal_loss_s43__GNNExplainer.npz,2026-10-02T21:08:21
1:1_GraphSAGE_focal_loss_s43,43,1:1,GraphSAGE,focal_loss,PGExplainer,False,ok,,0.364091238434572,0.1063981812276713,0.1661367943226487,0.0068679774933102,0.0,30.0,25.0,15.0,5.0,20.0,20.0,,,,,-0.1991426193085831,-0.2044444444444444,0.4625,-0.1991426193085831,16.0,0.0,16.0,16.0,no_aplica,,,2.0,50.0,25.0,0.0,64.3,2.14,cuda,rankings/1-1_GraphSAGE_focal_loss_s43__PGExplainer.npz,2026-10-02T21:09:25
1:1_GraphSAGE_focal_loss_s43,43,1:1,GraphSAGE,focal_loss,ShapleyFeatures,False,ok,,0.364091238434572,0.1063981812276713,0.1661367943226487,0.0068679774933102,0.0,30.0,25.0,15.0,5.0,20.0,20.0,0.997218160676018,0.0025827494984385,0.9974016522013353,0.9712938485080808,,,,0.997218160676018,27.0,27.0,0.0,0.0,,no_aplica,no_aplica,0.0,,,,21.8,0.73,cuda,rankings/1-1_GraphSAGE_focal_loss_s43__ShapleyFeatures.npz,2026-10-02T21:09:48
1:1_GraphSAGE_none_s43,43,1:1,GraphSAGE,none,GNNExplainer,False,ok,,0.3813063854862035,0.2761938702779757,0.3452952987192167,0.0104823319534518,0.0170575692963752,30.0,28.0,18.0,5.0,20.0,20.0,0.9517250491350088,0.0224351673547746,0.9518590917086938,0.7918964169922685,0.1624999999999999,0.1624999999999999,0.5833333333333333,0.9517250491350088,30.0,30.0,16.0,16.0,,,,2.0,,,,24.4,0.81,cuda,rankings/1-1_GraphSAGE_none_s43__GNNExplainer.npz,2026-10-02T21:10:13
1:1_GraphSAGE_none_s43,43,1:1,GraphSAGE,none,PGExplainer,False,ok,,0.3813063854862035,0.2761938702779757,0.3452952987192167,0.0104823319534518,0.0170575692963752,30.0,28.0,18.0,5.0,20.0,20.0,,,,,0.390849364905389,0.390849364905389,0.6166666666666667,0.390849364905389,16.0,0.0,16.0,16.0,no_aplica,,,2.0,50.0,25.0,0.0,64.0,2.13,cuda,rankings/1-1_GraphSAGE_none_s43__PGExplainer.npz,2026-10-02T21:11:17
1:1_GraphSAGE_none_s43,43,1:1,GraphSAGE,none,ShapleyFeatures,False,ok,,0.3813063854862035,0.2761938702779757,0.3452952987192167,0.0104823319534518,0.0170575692963752,30.0,28.0,18.0,5.0,20.0,20.0,0.9959909268427806,0.0030165044325034,0.9959909268427806,0.9273481678536132,,,,0.9959909268427806,27.0,27.0,0.0,0.0,,no_aplica,no_aplica,0.0,,,,21.8,0.73,cuda,rankings/1-1_GraphSAGE_none_s43__ShapleyFeatures.npz,2026-10-02T21:11:39
native_GraphSAGE_none_s44,44,native,GraphSAGE,none,GNNExplainer,False,ok,,0.2232562308859716,0.2346863468634686,0.2379204808079168,0.00406555943816,0.0029985007496251,30.0,6.0,13.0,5.0,20.0,20.0,0.9135627439921304,0.0400583604486561,0.9312904141534109,0.7462525009006014,0.1437499999999999,0.3999999999999999,0.5708333333333333,0.9135627439921304,30.0,30.0,16.0,16.0,,,,2.0,,,,24.7,0.82,cuda,rankings/native_GraphSAGE_none_s44__GNNExplainer.npz,2026-10-02T21:12:13
native_GraphSAGE_none_s44,44,native,GraphSAGE,none,PGExplainer,False,ok,,0.2232562308859716,0.2346863468634686,0.2379204808079168,0.00406555943816,0.0029985007496251,30.0,6.0,13.0,5.0,20.0,20.0,,,,,0.4125,0.2499999999999999,0.625,0.4125,16.0,0.0,16.0,16.0,no_aplica,,,2.0,50.0,25.0,0.0,65.2,2.17,cuda,rankings/native_GraphSAGE_none_s44__PGExplainer.npz,2026-10-02T21:13:19
native_GraphSAGE_none_s44,44,native,GraphSAGE,none,ShapleyFeatures,False,ok,,0.2232562308859716,0.2346863468634686,0.2379204808079168,0.00406555943816,0.0029985007496251,30.0,6.0,13.0,5.0,20.0,20.0,0.9978071599114776,0.0011832206988328,0.997673131083408,0.9601367066626024,,,,0.9978071599114776,27.0,27.0,0.0,0.0,,no_aplica,no_aplica,0.0,,,,21.9,0.73,cuda,rankings/native_GraphSAGE_none_s44__ShapleyFeatures.npz,2026-10-02T21:13:41
1:1_GraphSAGE_class_weighting_s44,44,1:1,GraphSAGE,class_weighting,GNNExplainer,False,ok,,0.355206299514946,0.2760573349849584,0.3461841529452354,0.0109360755508815,0.0138568129330254,30.0,28.0,17.0,5.0,20.0,20.0,0.9560002488897164,0.0206656942459419,0.9552657692675603,0.7927756532823454,0.1968749999999999,0.1968749999999999,0.5958333333333333,0.9560002488897164,30.0,30.0,16.0,16.0,,,,2.0,,,,24.9,0.83,cuda,rankings/1-1_GraphSAGE_class_weighting_s44__GNNExplainer.npz,2026-10-02T21:14:15
1:1_GraphSAGE_class_weighting_s44,44,1:1,GraphSAGE,class_weighting,PGExplainer,False,ok,,0.355206299514946,0.2760573349849584,0.3461841529452354,0.0109360755508815,0.0138568129330254,30.0,28.0,17.0,5.0,20.0,20.0,,,,,0.071875,0.071875,0.5166666666666666,0.071875,16.0,0.0,16.0,16.0,no_aplica,,,2.0,50.0,25.0,0.0,64.6,2.15,cuda,rankings/1-1_GraphSAGE_class_weighting_s44__PGExplainer.npz,2026-10-02T21:15:20
1:1_GraphSAGE_class_weighting_s44,44,1:1,GraphSAGE,class_weighting,ShapleyFeatures,False,ok,,0.355206299514946,0.2760573349849584,0.3461841529452354,0.0109360755508815,0.0138568129330254,30.0,28.0,17.0,5.0,20.0,20.0,0.9952453554008216,0.0038087384094351,0.9952453554008216,0.935752794943085,,,,0.9952453554008216,27.0,27.0,0.0,0.0,,no_aplica,no_aplica,0.0,,,,21.8,0.73,cuda,rankings/1-1_GraphSAGE_class_weighting_s44__ShapleyFeatures.npz,2026-10-02T21:15:42
1:1_GraphSAGE_focal_loss_s44,44,1:1,GraphSAGE,focal_loss,GNNExplainer,False,ok,,0.2346201585102748,0.1016052880075542,0.1567438343861417,0.0056355852761025,0.0,30.0,26.0,15.0,5.0,20.0,20.0,0.9149156614147348,0.0362994587426637,0.9183262010565632,0.7386173968465098,0.1687499999999999,0.1714285714285714,0.5833333333333333,0.9149156614147348,30.0,30.0,16.0,16.0,,,,2.0,,,,24.7,0.82,cuda,rankings/1-1_GraphSAGE_focal_loss_s44__GNNExplainer.npz,2026-10-02T21:16:07
1:1_GraphSAGE_focal_loss_s44,44,1:1,GraphSAGE,focal_loss,PGExplainer,False,ok,,0.2346201585102748,0.1016052880075542,0.1567438343861417,0.0056355852761025,0.0,30.0,26.0,15.0,5.0,20.0,20.0,,,,,-0.1652510584910182,-0.1476190476190476,0.4791666666666666,-0.1652510584910182,16.0,0.0,16.0,16.0,no_aplica,,,2.0,50.0,25.0,0.0,63.9,2.13,cuda,rankings/1-1_GraphSAGE_focal_loss_s44__PGExplainer.npz,2026-10-02T21:17:11
1:1_GraphSAGE_focal_loss_s44,44,1:1,GraphSAGE,focal_loss,ShapleyFeatures,False,ok,,0.2346201585102748,0.1016052880075542,0.1567438343861417,0.0056355852761025,0.0,30.0,26.0,15.0,5.0,20.0,20.0,0.9962888787203376,0.0024074750568012,0.9968429578231556,0.9542316562135332,,,,0.9962888787203376,27.0,27.0,0.0,0.0,,no_aplica,no_aplica,0.0,,,,21.9,0.73,cuda,rankings/1-1_GraphSAGE_focal_loss_s44__ShapleyFeatures.npz,2026-10-02T21:17:33
1:1_GraphSAGE_none_s44,44,1:1,GraphSAGE,none,GNNExplainer,False,ok,,0.3552064650796409,0.2760573349849584,0.3461841529452354,0.0109360755508815,0.0138568129330254,30.0,28.0,17.0,5.0,20.0,20.0,0.9560002488897164,0.0206656942459419,0.9552657692675603,0.7927756532823454,0.1968749999999999,0.1968749999999999,0.5958333333333333,0.9560002488897164,30.0,30.0,16.0,16.0,,,,2.0,,,,24.8,0.83,cuda,rankings/1-1_GraphSAGE_none_s44__GNNExplainer.npz,2026-10-02T21:17:59
1:1_GraphSAGE_none_s44,44,1:1,GraphSAGE,none,PGExplainer,False,ok,,0.3552064650796409,0.2760573349849584,0.3461841529452354,0.0109360755508815,0.0138568129330254,30.0,28.0,17.0,5.0,20.0,20.0,,,,,0.071875,0.071875,0.5166666666666666,0.071875,16.0,0.0,16.0,16.0,no_aplica,,,2.0,50.0,25.0,0.0,64.5,2.15,cuda,rankings/1-1_GraphSAGE_none_s44__PGExplainer.npz,2026-10-02T21:19:03
1:1_GraphSAGE_none_s44,44,1:1,GraphSAGE,none,ShapleyFeatures,False,ok,,0.3552064650796409,0.2760573349849584,0.3461841529452354,0.0109360755508815,0.0138568129330254,30.0,28.0,17.0,5.0,20.0,20.0,0.9953215719118622,0.003900105005477,0.9953215719118622,0.935752794943085,,,,0.9953215719118622,27.0,27.0,0.0,0.0,,no_aplica,no_aplica,0.0,,,,21.9,0.73,cuda,rankings/1-1_GraphSAGE_none_s44__ShapleyFeatures.npz,2026-10-02T21:19:26
1:20_GCN_class_weighting,42,1:20,GCN,class_weighting,GNNExplainer,False,ok,,0.2257927834005663,0.1958083832335329,0.2465105750492483,0.0051524337538922,0.0078125,30.0,21.0,7.0,5.0,20.0,20.0,0.938089302556826,0.0261571207058226,0.940559674042492,0.8059289217723834,0.2093749999999999,0.1999999999999999,0.6083333333333333,0.938089302556826,30.0,30.0,16.0,16.0,,,,2.0,,,,33.1,1.1,cuda,rankings/1-20_GCN_class_weighting__GNNExplainer.npz,2026-10-07T18:08:09
1:20_GCN_class_weighting,42,1:20,GCN,class_weighting,PGExplainer,False,ok,,0.2257927834005663,0.1958083832335329,0.2465105750492483,0.0051524337538922,0.0078125,30.0,21.0,7.0,5.0,20.0,20.0,,,,,-0.0225080157860278,-0.0944444444444444,0.5208333333333333,-0.0225080157860278,16.0,0.0,16.0,16.0,no_aplica,,,2.0,50.0,25.0,0.0,89.8,2.99,cuda,rankings/1-20_GCN_class_weighting__PGExplainer.npz,2026-10-07T18:09:38
1:20_GCN_class_weighting,42,1:20,GCN,class_weighting,ShapleyFeatures,False,ok,,0.2257927834005663,0.1958083832335329,0.2465105750492483,0.0051524337538922,0.0078125,30.0,21.0,7.0,5.0,20.0,20.0,0.9977246746121644,0.0017929423417287,0.9982833219431804,0.9733570106809778,,,,0.9977246746121644,27.0,27.0,0.0,0.0,,no_aplica,no_aplica,0.0,,,,24.5,0.82,cuda,rankings/1-20_GCN_class_weighting__ShapleyFeatures.npz,2026-10-07T18:10:03
1:20_GCN_focal_loss,42,1:20,GCN,focal_loss,GNNExplainer,False,ok,,0.0801517613301609,0.1479840496233939,0.1251743479375375,0.0057052080263615,0.0,30.0,5.0,4.0,5.0,20.0,20.0,0.904360898295376,0.0406601374631035,0.9113593286560632,0.6706860919444677,0.0499999999999999,0.1999999999999999,0.5208333333333333,0.904360898295376,30.0,30.0,16.0,16.0,,,,2.0,,,,32.7,1.09,cuda,rankings/1-20_GCN_focal_loss__GNNExplainer.npz,2026-10-07T18:10:36
1:20_GCN_focal_loss,42,1:20,GCN,focal_loss,PGExplainer,False,ok,,0.0801517613301609,0.1479840496233939,0.1251743479375375,0.0057052080263615,0.0,30.0,5.0,4.0,5.0,20.0,20.0,,,,,0.5111111111111111,-0.1999999999999999,0.6875,0.5111111111111111,12.0,0.0,12.0,16.0,no_aplica,,,2.0,50.0,25.0,0.0,87.4,2.91,cuda,rankings/1-20_GCN_focal_loss__PGExplainer.npz,2026-10-07T18:12:04
1:20_GCN_focal_loss,42,1:20,GCN,focal_loss,ShapleyFeatures,False,ok,,0.0801517613301609,0.1479840496233939,0.1251743479375375,0.0057052080263615,0.0,30.0,5.0,4.0,5.0,20.0,20.0,0.997665707278054,0.0017048969048343,0.9996713534291926,0.9503137787384192,,,,0.997665707278054,27.0,27.0,0.0,0.0,,no_aplica,no_aplica,0.0,,,,24.5,0.82,cuda,rankings/1-20_GCN_focal_loss__ShapleyFeatures.npz,2026-10-07T18:12:29
1:20_GCN_none,42,1:20,GCN,none,GNNExplainer,False,ok,,0.0870828146277318,0.1850860420650095,0.1668945001183479,0.0224793917493524,0.0573857598299681,30.0,5.0,9.0,5.0,20.0,20.0,0.9068553100092452,0.0360186473471737,0.9030567057987138,0.7218071881841107,0.1124999999999999,0.1999999999999999,0.5583333333333333,0.9068553100092452,30.0,30.0,16.0,16.0,,,,2.0,,,,34.2,1.14,cuda,rankings/1-20_GCN_none__GNNExplainer.npz,2026-10-07T18:13:03
1:20_GCN_none,42,1:20,GCN,none,PGExplainer,False,ok,,0.0870828146277318,0.1850860420650095,0.1668945001183479,0.0224793917493524,0.0573857598299681,30.0,5.0,9.0,5.0,20.0,20.0,,,,,0.5499999999999999,0.0666666666666666,0.7374999999999999,0.5499999999999999,16.0,0.0,16.0,16.0,no_aplica,,,2.0,50.0,25.0,0.0,87.9,2.93,cuda,rankings/1-20_GCN_none__PGExplainer.npz,2026-10-07T18:14:32
1:20_GCN_none,42,1:20,GCN,none,ShapleyFeatures,False,ok,,0.0870828146277318,0.1850860420650095,0.1668945001183479,0.0224793917493524,0.0573857598299681,30.0,5.0,9.0,5.0,20.0,20.0,0.997154585903678,0.0025014323308579,0.9987118884705348,0.9720982933220028,,,,0.997154585903678,27.0,27.0,0.0,0.0,,no_aplica,no_aplica,0.0,,,,24.4,0.81,cuda,rankings/1-20_GCN_none__ShapleyFeatures.npz,2026-10-07T18:14:56
1:20_GraphSAGE_class_weighting,42,1:20,GraphSAGE,class_weighting,GNNExplainer,True,ok,,0.4930452666138024,0.3889948242985562,0.4287562371881962,0.0106976106933989,0.0109289617486338,30.0,24.0,18.0,5.0,20.0,20.0,0.962222210546667,0.0152454123635441,0.963780542983346,0.8309704325657441,0.1249999999999999,0.1076923076923076,0.5583333333333333,0.962222210546667,30.0,30.0,16.0,16.0,,,,2.0,,,,27.4,0.91,cuda,rankings/1-20_GraphSAGE_class_weighting__GNNExplainer.npz,2026-10-07T18:15:29
1:20_GraphSAGE_class_weighting,42,1:20,GraphSAGE,class_weighting,PGExplainer,True,ok,,0.4930452666138024,0.3889948242985562,0.4287562371881962,0.0106976106933989,0.0109289617486338,30.0,24.0,18.0,5.0,20.0,20.0,,,,,0.1,0.0615384615384615,0.525,0.1,16.0,0.0,16.0,16.0,no_aplica,,,2.0,50.0,25.0,0.0,68.0,2.27,cuda,rankings/1-20_GraphSAGE_class_weighting__PGExplainer.npz,2026-10-07T18:16:37
1:20_GraphSAGE_class_weighting,42,1:20,GraphSAGE,class_weighting,ShapleyFeatures,True,ok,,0.4930452666138024,0.3889948242985562,0.4287562371881962,0.0106976106933989,0.0109289617486338,30.0,24.0,18.0,5.0,20.0,20.0,0.9942301085598856,0.0055239182293823,0.9960209906832936,0.9315653220765866,,,,0.9942301085598856,27.0,27.0,0.0,0.0,,no_aplica,no_aplica,0.0,,,,22.3,0.74,cuda,rankings/1-20_GraphSAGE_class_weighting__ShapleyFeatures.npz,2026-10-07T18:16:59
1:20_GraphSAGE_focal_loss,42,1:20,GraphSAGE,focal_loss,GNNExplainer,True,ok,,0.4053427972941331,0.4348958333333333,0.427719286923772,0.0080690396146345,0.0,30.0,19.0,16.0,5.0,20.0,20.0,0.924362501563483,0.033047723174876,0.927645076709306,0.7410865408595895,0.1437499999999999,0.1333333333333333,0.5708333333333333,0.924362501563483,30.0,30.0,16.0,16.0,,,,2.0,,,,26.1,0.87,cuda,rankings/1-20_GraphSAGE_focal_loss__GNNExplainer.npz,2026-10-07T18:17:26
1:20_GraphSAGE_focal_loss,42,1:20,GraphSAGE,focal_loss,PGExplainer,True,ok,,0.4053427972941331,0.4348958333333333,0.427719286923772,0.0080690396146345,0.0,30.0,19.0,16.0,5.0,20.0,20.0,,,,,0.4027163491193611,0.4888888888888889,0.6125,0.4027163491193611,16.0,0.0,16.0,16.0,no_aplica,,,2.0,50.0,25.0,0.0,67.7,2.26,cuda,rankings/1-20_GraphSAGE_focal_loss__PGExplainer.npz,2026-10-07T18:18:34
1:20_GraphSAGE_focal_loss,42,1:20,GraphSAGE,focal_loss,ShapleyFeatures,True,ok,,0.4053427972941331,0.4348958333333333,0.427719286923772,0.0080690396146345,0.0,30.0,19.0,16.0,5.0,20.0,20.0,0.9971843947170946,0.0025996354090903,0.9972905879142208,0.973542088101902,,,,0.9971843947170946,27.0,27.0,0.0,0.0,,no_aplica,no_aplica,0.0,,,,22.3,0.74,cuda,rankings/1-20_GraphSAGE_focal_loss__ShapleyFeatures.npz,2026-10-07T18:18:57
1:20_GraphSAGE_none,42,1:20,GraphSAGE,none,GNNExplainer,True,ok,,0.2872186191401708,0.378351539225422,0.363133070397689,0.0041600542486703,0.0,30.0,14.0,14.0,5.0,20.0,20.0,0.9126161452364208,0.0358077356283826,0.916926344659865,0.7246415329620085,0.1437499999999999,0.1555555555555555,0.5708333333333333,0.9126161452364208,30.0,30.0,16.0,16.0,,,,2.0,,,,26.3,0.88,cuda,rankings/1-20_GraphSAGE_none__GNNExplainer.npz,2026-10-07T18:19:23
1:20_GraphSAGE_none,42,1:20,GraphSAGE,none,PGExplainer,True,ok,,0.2872186191401708,0.378351539225422,0.363133070397689,0.0041600542486703,0.0,30.0,14.0,14.0,5.0,20.0,20.0,,,,,0.3541666666666666,0.0,0.65,0.3541666666666666,16.0,0.0,16.0,16.0,no_aplica,,,2.0,50.0,25.0,0.0,67.8,2.26,cuda,rankings/1-20_GraphSAGE_none__PGExplainer.npz,2026-10-07T18:20:31
1:20_GraphSAGE_none,42,1:20,GraphSAGE,none,ShapleyFeatures,True,ok,,0.2872186191401708,0.378351539225422,0.363133070397689,0.0041600542486703,0.0,30.0,14.0,14.0,5.0,20.0,20.0,0.9980004441711932,0.0015091379273098,0.9981937890617052,0.9698290550921692,,,,0.9980004441711932,27.0,27.0,0.0,0.0,,no_aplica,no_aplica,0.0,,,,22.2,0.74,cuda,rankings/1-20_GraphSAGE_none__ShapleyFeatures.npz,2026-10-07T18:20:54
1:20_GAT_class_weighting,42,1:20,GAT,class_weighting,GNNExplainer,False,ok,,0.3626293736302036,0.2560054907343857,0.3212036885650753,0.0085488356933233,0.0,30.0,26.0,18.0,5.0,20.0,20.0,0.9457807724955732,0.0255611353083232,0.944590152073824,0.8348095436029597,0.1937499999999999,0.2,0.5958333333333332,0.9457807724955732,30.0,30.0,16.0,16.0,,,,2.0,,,,42.6,1.42,cuda,rankings/1-20_GAT_class_weighting__GNNExplainer.npz,2026-10-07T18:21:42
1:20_GAT_class_weighting,42,1:20,GAT,class_weighting,PGExplainer,False,ok,,0.3626293736302036,0.2560054907343857,0.3212036885650753,0.0085488356933233,0.0,30.0,26.0,18.0,5.0,20.0,20.0,,,,,0.3247956745596805,0.3555555555555555,0.5333333333333333,0.3247956745596805,16.0,0.0,16.0,16.0,no_aplica,,,2.0,50.0,25.0,0.0,106.7,3.56,cuda,rankings/1-20_GAT_class_weighting__PGExplainer.npz,2026-10-07T18:23:29
1:20_GAT_class_weighting,42,1:20,GAT,class_weighting,ShapleyFeatures,False,ok,,0.3626293736302036,0.2560054907343857,0.3212036885650753,0.0085488356933233,0.0,30.0,26.0,18.0,5.0,20.0,20.0,0.995926335948908,0.0031060950573767,0.9963407605501596,0.9382392859232164,,,,0.995926335948908,27.0,27.0,0.0,0.0,,no_aplica,no_aplica,0.0,,,,25.7,0.86,cuda,rankings/1-20_GAT_class_weighting__ShapleyFeatures.npz,2026-10-07T18:23:55
1:20_GAT_focal_loss,42,1:20,GAT,focal_loss,GNNExplainer,True,ok,,0.3321194410776448,0.3949697251979506,0.3821851207131591,0.0065379526479771,0.0113636363636363,30.0,14.0,11.0,5.0,20.0,20.0,0.9286489798065262,0.0309000623862561,0.9365718216212424,0.831283010502397,0.1687499999999999,0.1555555555555555,0.5833333333333333,0.9286489798065262,30.0,30.0,16.0,16.0,,,,2.0,,,,41.8,1.39,cuda,rankings/1-20_GAT_focal_loss__GNNExplainer.npz,2026-10-07T18:24:38
1:20_GAT_focal_loss,42,1:20,GAT,focal_loss,PGExplainer,True,ok,,0.3321194410776448,0.3949697251979506,0.3821851207131591,0.0065379526479771,0.0113636363636363,30.0,14.0,11.0,5.0,20.0,20.0,,,,,0.715625,0.6666666666666665,0.7333333333333334,0.715625,16.0,0.0,16.0,16.0,no_aplica,,,2.0,50.0,25.0,0.0,107.0,3.57,cuda,rankings/1-20_GAT_focal_loss__PGExplainer.npz,2026-10-07T18:26:25
1:20_GAT_focal_loss,42,1:20,GAT,focal_loss,ShapleyFeatures,True,ok,,0.3321194410776448,0.3949697251979506,0.3821851207131591,0.0065379526479771,0.0113636363636363,30.0,14.0,11.0,5.0,20.0,20.0,0.9970803556401466,0.0024004414181667,0.9974436666311618,0.9557911590200228,,,,0.9970803556401466,27.0,27.0,0.0,0.0,,no_aplica,no_aplica,0.0,,,,25.7,0.86,cuda,rankings/1-20_GAT_focal_loss__ShapleyFeatures.npz,2026-10-07T18:26:51
1:20_GAT_none,42,1:20,GAT,none,GNNExplainer,True,ok,,0.4019031647908265,0.4283746556473829,0.4332840365491345,0.0061862603636154,0.0,30.0,9.0,15.0,5.0,20.0,20.0,0.9386850872970328,0.0276775354770585,0.9571718049157636,0.8100270734613574,0.1687499999999999,0.1333333333333333,0.5833333333333333,0.9386850872970328,30.0,30.0,16.0,16.0,,,,2.0,,,,41.5,1.38,cuda,rankings/1-20_GAT_none__GNNExplainer.npz,2026-10-07T18:27:34
1:20_GAT_none,42,1:20,GAT,none,PGExplainer,True,ok,,0.4019031647908265,0.4283746556473829,0.4332840365491345,0.0061862603636154,0.0,30.0,9.0,15.0,5.0,20.0,20.0,,,,,0.6125,0.4666666666666666,0.725,0.6125,16.0,0.0,16.0,16.0,no_aplica,,,2.0,50.0,25.0,0.0,107.3,3.58,cuda,rankings/1-20_GAT_none__PGExplainer.npz,2026-10-07T18:29:21
1:20_GAT_none,42,1:20,GAT,none,ShapleyFeatures,True,ok,,0.4019031647908265,0.4283746556473829,0.4332840365491345,0.0061862603636154,0.0,30.0,9.0,15.0,5.0,20.0,20.0,0.9958645868947592,0.0040598617387956,0.9962347318236306,0.9348482525255324,,,,0.9958645868947592,27.0,27.0,0.0,0.0,,no_aplica,no_aplica,0.0,,,,25.7,0.86,cuda,rankings/1-20_GAT_none__ShapleyFeatures.npz,2026-10-07T18:29:47
1:20_TAGCN_class_weighting,42,1:20,TAGCN,class_weighting,GNNExplainer,True,ok,,0.3712006729881984,0.4372842347525892,0.4405356205352729,0.0089776023620391,0.0048309178743961,30.0,20.0,15.0,5.0,20.0,20.0,0.9558222402439952,0.0654051279016382,0.9662648718259698,0.8216836811039987,0.0114054569503829,-0.02,0.5665612505156442,0.9558222402439952,30.0,30.0,7.0,7.0,,,,1.0,,,,48.8,1.63,cuda,rankings/1-20_TAGCN_class_weighting__GNNExplainer.npz,2026-10-07T18:30:42
1:20_TAGCN_class_weighting,42,1:20,TAGCN,class_weighting,PGExplainer,True,ok,,0.3712006729881984,0.4372842347525892,0.4405356205352729,0.0089776023620391,0.0048309178743961,30.0,20.0,15.0,5.0,20.0,20.0,,,,,-0.0254032813221566,-0.0274319966159322,0.5291666666666666,-0.0254032813221566,16.0,0.0,16.0,16.0,no_aplica,,,2.0,50.0,25.0,0.0,130.1,4.34,cuda,rankings/1-20_TAGCN_class_weighting__PGExplainer.npz,2026-10-07T18:32:53
1:20_TAGCN_class_weighting,42,1:20,TAGCN,class_weighting,ShapleyFeatures,True,ok,,0.3712006729881984,0.4372842347525892,0.4405356205352729,0.0089776023620391,0.0048309178743961,30.0,20.0,15.0,5.0,20.0,20.0,0.98485203814274,0.016385214898758,0.9921510793294926,0.8619483778399731,,,,0.98485203814274,27.0,27.0,0.0,0.0,,no_aplica,no_aplica,0.0,,,,28.3,0.94,cuda,rankings/1-20_TAGCN_class_weighting__ShapleyFeatures.npz,2026-10-07T18:33:21
1:20_TAGCN_focal_loss,42,1:20,TAGCN,focal_loss,GNNExplainer,True,ok,,0.4356557500504579,0.4901438465636654,0.4773499931007131,0.006952461464186,0.0060240963855421,30.0,17.0,15.0,5.0,20.0,20.0,0.9075962769333108,0.0408152909532455,0.908687670892952,0.6684133621525759,0.0821208078756098,0.0707142857142857,0.5960620025136153,0.9075962769333108,30.0,30.0,7.0,7.0,,,,1.0,,,,56.0,1.87,cuda,rankings/1-20_TAGCN_focal_loss__GNNExplainer.npz,2026-10-07T18:34:19
1:20_TAGCN_focal_loss,42,1:20,TAGCN,focal_loss,PGExplainer,True,ok,,0.4356557500504579,0.4901438465636654,0.4773499931007131,0.006952461464186,0.0060240963855421,30.0,17.0,15.0,5.0,20.0,20.0,,,,,0.1433413491193612,-0.0973205080756887,0.6124999999999999,0.1433413491193612,16.0,0.0,16.0,16.0,no_aplica,,,2.0,50.0,25.0,0.0,150.7,5.02,cuda,rankings/1-20_TAGCN_focal_loss__PGExplainer.npz,2026-10-07T18:36:50
1:20_TAGCN_focal_loss,42,1:20,TAGCN,focal_loss,ShapleyFeatures,True,ok,,0.4356557500504579,0.4901438465636654,0.4773499931007131,0.006952461464186,0.0060240963855421,30.0,17.0,15.0,5.0,20.0,20.0,0.9923416216214868,0.0113612178470601,0.9957733014840956,0.947575180966984,,,,0.9923416216214868,27.0,27.0,0.0,0.0,,no_aplica,no_aplica,0.0,,,,30.6,1.02,cuda,rankings/1-20_TAGCN_focal_loss__ShapleyFeatures.npz,2026-10-07T18:37:21
1:20_TAGCN_none,42,1:20,TAGCN,none,GNNExplainer,True,ok,,0.3751347884845782,0.3817012151536812,0.3906483557305785,0.0090914305617297,0.0046082949308755,30.0,9.0,14.0,5.0,20.0,20.0,0.940749672186934,0.0361158344965782,0.961428557648797,0.837372377864605,0.0540494353944475,-0.12,0.5589866566507279,0.940749672186934,30.0,30.0,7.0,7.0,,,,1.0,,,,49.3,1.64,cuda,rankings/1-20_TAGCN_none__GNNExplainer.npz,2026-10-07T18:38:12
1:20_TAGCN_none,42,1:20,TAGCN,none,PGExplainer,True,ok,,0.3751347884845782,0.3817012151536812,0.3906483557305785,0.0090914305617297,0.0046082949308755,30.0,9.0,14.0,5.0,20.0,20.0,,,,,0.3677484122634725,-0.0353365088063881,0.6333333333333333,0.3677484122634725,16.0,0.0,16.0,16.0,no_aplica,,,2.0,50.0,25.0,0.0,129.7,4.32,cuda,rankings/1-20_TAGCN_none__PGExplainer.npz,2026-10-07T18:40:22
1:20_TAGCN_none,42,1:20,TAGCN,none,ShapleyFeatures,True,ok,,0.3751347884845782,0.3817012151536812,0.3906483557305785,0.0090914305617297,0.0046082949308755,30.0,9.0,14.0,5.0,20.0,20.0,0.9958210978431308,0.0040187465262442,0.9969599352564682,0.9518917554182332,,,,0.9958210978431308,27.0,27.0,0.0,0.0,,no_aplica,no_aplica,0.0,,,,28.0,0.93,cuda,rankings/1-20_TAGCN_none__ShapleyFeatures.npz,2026-10-07T18:40:50
1:20_GCN_class_weighting_s43,43,1:20,GCN,class_weighting,GNNExplainer,False,ok,,0.2303906886840688,0.2139294926913155,0.2581564100963722,0.0060595922938174,0.0,30.0,17.0,9.0,5.0,20.0,20.0,0.9477819588545884,0.024420787851318,0.9504831354250608,0.8288789591819771,0.14375,0.1555555555555555,0.5708333333333333,0.9477819588545884,30.0,30.0,16.0,16.0,,,,2.0,,,,30.8,1.03,cuda,rankings/1-20_GCN_class_weighting_s43__GNNExplainer.npz,2026-10-07T18:41:26
1:20_GCN_class_weighting_s43,43,1:20,GCN,class_weighting,PGExplainer,False,ok,,0.2303906886840688,0.2139294926913155,0.2581564100963722,0.0060595922938174,0.0,30.0,17.0,9.0,5.0,20.0,20.0,,,,,0.0041666666666666,-0.1481481481481481,0.5,0.0041666666666666,16.0,0.0,16.0,16.0,no_aplica,,,2.0,50.0,25.0,0.0,79.0,2.63,cuda,rankings/1-20_GCN_class_weighting_s43__PGExplainer.npz,2026-10-07T18:42:45
1:20_GCN_class_weighting_s43,43,1:20,GCN,class_weighting,ShapleyFeatures,False,ok,,0.2303906886840688,0.2139294926913155,0.2581564100963722,0.0060595922938174,0.0,30.0,17.0,9.0,5.0,20.0,20.0,0.9968217462952116,0.0024422154820475,0.9972733007445408,0.973674207085962,,,,0.9968217462952116,27.0,27.0,0.0,0.0,,no_aplica,no_aplica,0.0,,,,24.4,0.81,cuda,rankings/1-20_GCN_class_weighting_s43__ShapleyFeatures.npz,2026-10-07T18:43:09
1:20_GCN_focal_loss_s43,43,1:20,GCN,focal_loss,GNNExplainer,False,ok,,0.0872106341692184,0.1738148984198645,0.1550387991178092,0.0054732371336433,0.0150375939849624,30.0,5.0,5.0,5.0,20.0,20.0,0.8972730958178456,0.0421343398673117,0.908969322728687,0.641098068556544,0.1749999999999999,0.1999999999999999,0.5833333333333333,0.8972730958178456,30.0,30.0,16.0,16.0,,,,2.0,,,,29.9,1.0,cuda,rankings/1-20_GCN_focal_loss_s43__GNNExplainer.npz,2026-10-07T18:43:40
1:20_GCN_focal_loss_s43,43,1:20,GCN,focal_loss,PGExplainer,False,ok,,0.0872106341692184,0.1738148984198645,0.1550387991178092,0.0054732371336433,0.0150375939849624,30.0,5.0,5.0,5.0,20.0,20.0,,,,,-0.0817863279495408,-0.0999999999999999,0.5333333333333333,-0.0817863279495408,15.0,0.0,15.0,16.0,no_aplica,,,2.0,50.0,25.0,0.0,76.6,2.55,cuda,rankings/1-20_GCN_focal_loss_s43__PGExplainer.npz,2026-10-07T18:44:57
1:20_GCN_focal_loss_s43,43,1:20,GCN,focal_loss,ShapleyFeatures,False,ok,,0.0872106341692184,0.1738148984198645,0.1550387991178092,0.0054732371336433,0.0150375939849624,30.0,5.0,5.0,5.0,20.0,20.0,0.9965284865479054,0.0024694659779185,0.9968463085669428,0.9672646659461857,,,,0.9965284865479054,27.0,27.0,0.0,0.0,,no_aplica,no_aplica,0.0,,,,22.8,0.76,cuda,rankings/1-20_GCN_focal_loss_s43__ShapleyFeatures.npz,2026-10-07T18:45:20
1:20_GCN_none_s43,43,1:20,GCN,none,GNNExplainer,False,ok,,0.1051006946760375,0.1868670369160405,0.1741967459827629,0.0046217392270897,0.0082901554404145,30.0,7.0,6.0,5.0,20.0,20.0,0.9142342777886696,0.0336776838425361,0.9175529424751446,0.7409587663147394,0.1124999999999999,0.1999999999999999,0.5583333333333333,0.9142342777886696,30.0,30.0,16.0,16.0,,,,2.0,,,,29.3,0.98,cuda,rankings/1-20_GCN_none_s43__GNNExplainer.npz,2026-10-07T18:45:49
1:20_GCN_none_s43,43,1:20,GCN,none,PGExplainer,False,ok,,0.1051006946760375,0.1868670369160405,0.1741967459827629,0.0046217392270897,0.0082901554404145,30.0,7.0,6.0,5.0,20.0,20.0,,,,,0.2541867061317362,-0.0999999999999999,0.5333333333333333,0.2541867061317362,16.0,0.0,16.0,16.0,no_aplica,,,2.0,50.0,25.0,0.0,77.0,2.57,cuda,rankings/1-20_GCN_none_s43__PGExplainer.npz,2026-10-07T18:47:07
1:20_GCN_none_s43,43,1:20,GCN,none,ShapleyFeatures,False,ok,,0.1051006946760375,0.1868670369160405,0.1741967459827629,0.0046217392270897,0.0082901554404145,30.0,7.0,6.0,5.0,20.0,20.0,0.9952273794692468,0.0036806856289354,0.9965647505745536,0.9678812006786072,,,,0.9952273794692468,27.0,27.0,0.0,0.0,,no_aplica,no_aplica,0.0,,,,22.9,0.76,cuda,rankings/1-20_GCN_none_s43__ShapleyFeatures.npz,2026-10-07T18:47:30
1:20_GraphSAGE_class_weighting_s43,43,1:20,GraphSAGE,class_weighting,GNNExplainer,True,ok,,0.4467550058550082,0.3991455599633811,0.424632920245068,0.0108118210278263,0.0051150895140664,30.0,23.0,17.0,5.0,20.0,20.0,0.9626147228255292,0.0143366190889589,0.961828834323729,0.8286307811677335,0.1499999999999999,0.1666666666666666,0.5708333333333333,0.9626147228255292,30.0,30.0,16.0,16.0,,,,2.0,,,,23.5,0.78,cuda,rankings/1-20_GraphSAGE_class_weighting_s43__GNNExplainer.npz,2026-10-07T18:47:58
1:20_GraphSAGE_class_weighting_s43,43,1:20,GraphSAGE,class_weighting,PGExplainer,True,ok,,0.4467550058550082,0.3991455599633811,0.424632920245068,0.0108118210278263,0.0051150895140664,30.0,23.0,17.0,5.0,20.0,20.0,,,,,-0.0156249999999999,-0.0666666666666666,0.4291666666666667,-0.0156249999999999,16.0,0.0,16.0,16.0,no_aplica,,,2.0,50.0,25.0,0.0,61.7,2.06,cuda,rankings/1-20_GraphSAGE_class_weighting_s43__PGExplainer.npz,2026-10-07T18:49:00
1:20_GraphSAGE_class_weighting_s43,43,1:20,GraphSAGE,class_weighting,ShapleyFeatures,True,ok,,0.4467550058550082,0.3991455599633811,0.424632920245068,0.0108118210278263,0.0051150895140664,30.0,23.0,17.0,5.0,20.0,20.0,0.9942179188653952,0.0055092497769853,0.9955876671806494,0.9255516452523684,,,,0.9942179188653952,27.0,27.0,0.0,0.0,,no_aplica,no_aplica,0.0,,,,21.2,0.71,cuda,rankings/1-20_GraphSAGE_class_weighting_s43__ShapleyFeatures.npz,2026-10-07T18:49:21
1:20_GraphSAGE_focal_loss_s43,43,1:20,GraphSAGE,focal_loss,GNNExplainer,True,ok,,0.3804894445736279,0.4447415329768271,0.4363869511515884,0.0084770532222081,0.0044444444444444,30.0,17.0,17.0,5.0,20.0,20.0,0.9216798413562496,0.0357647260746811,0.9207129549120596,0.7485893535068031,0.1999999999999999,0.1999999999999999,0.5958333333333332,0.9216798413562496,30.0,30.0,16.0,16.0,,,,2.0,,,,23.2,0.77,cuda,rankings/1-20_GraphSAGE_focal_loss_s43__GNNExplainer.npz,2026-10-07T18:49:45
1:20_GraphSAGE_focal_loss_s43,43,1:20,GraphSAGE,focal_loss,PGExplainer,True,ok,,0.3804894445736279,0.4447415329768271,0.4363869511515884,0.0084770532222081,0.0044444444444444,30.0,17.0,17.0,5.0,20.0,20.0,,,,,0.4541666666666666,0.3666666666666666,0.6333333333333333,0.4541666666666666,16.0,0.0,16.0,16.0,no_aplica,,,2.0,50.0,25.0,0.0,62.0,2.07,cuda,rankings/1-20_GraphSAGE_focal_loss_s43__PGExplainer.npz,2026-10-07T18:50:47
1:20_GraphSAGE_focal_loss_s43,43,1:20,GraphSAGE,focal_loss,ShapleyFeatures,True,ok,,0.3804894445736279,0.4447415329768271,0.4363869511515884,0.0084770532222081,0.0044444444444444,30.0,17.0,17.0,5.0,20.0,20.0,0.9968744646069072,0.0026077508168798,0.9967368116820414,0.9688270322030402,,,,0.9968744646069072,27.0,27.0,0.0,0.0,,no_aplica,no_aplica,0.0,,,,21.2,0.71,cuda,rankings/1-20_GraphSAGE_focal_loss_s43__ShapleyFeatures.npz,2026-10-07T18:51:09
1:20_GraphSAGE_none_s43,43,1:20,GraphSAGE,none,GNNExplainer,False,ok,,0.1783781164814587,0.2731988472622478,0.2565729154444466,0.0038544781225415,0.001527883880825,30.0,13.0,15.0,5.0,20.0,20.0,0.9040268336863074,0.0426619810968909,0.9113438321213352,0.6894769584614959,0.1249999999999999,0.0999999999999999,0.5583333333333333,0.9040268336863074,30.0,30.0,16.0,16.0,,,,2.0,,,,22.9,0.76,cuda,rankings/1-20_GraphSAGE_none_s43__GNNExplainer.npz,2026-10-07T18:51:32
1:20_GraphSAGE_none_s43,43,1:20,GraphSAGE,none,PGExplainer,False,ok,,0.1783781164814587,0.2731988472622478,0.2565729154444466,0.0038544781225415,0.001527883880825,30.0,13.0,15.0,5.0,20.0,20.0,,,,,0.3749999999999999,-6.938893903907228e-18,0.65,0.3749999999999999,16.0,0.0,16.0,16.0,no_aplica,,,2.0,50.0,25.0,0.0,61.7,2.06,cuda,rankings/1-20_GraphSAGE_none_s43__PGExplainer.npz,2026-10-07T18:52:34
1:20_GraphSAGE_none_s43,43,1:20,GraphSAGE,none,ShapleyFeatures,False,ok,,0.1783781164814587,0.2731988472622478,0.2565729154444466,0.0038544781225415,0.001527883880825,30.0,13.0,15.0,5.0,20.0,20.0,0.9961977792632248,0.0025474095168488,0.9963513884896664,0.9670961842214648,,,,0.9961977792632248,27.0,27.0,0.0,0.0,,no_aplica,no_aplica,0.0,,,,21.2,0.71,cuda,rankings/1-20_GraphSAGE_none_s43__ShapleyFeatures.npz,2026-10-07T18:52:55
1:20_GAT_class_weighting_s43,43,1:20,GAT,class_weighting,GNNExplainer,False,ok,,0.3198082621642624,0.1857467778620166,0.2508538445196948,0.0090858002971026,0.0365853658536585,30.0,25.0,15.0,5.0,20.0,20.0,0.9387776488631852,0.033001681634691,0.9369624691894772,0.8352307756255715,0.1687499999999999,0.1714285714285714,0.5833333333333333,0.9387776488631852,30.0,30.0,16.0,16.0,,,,2.0,,,,37.5,1.25,cuda,rankings/1-20_GAT_class_weighting_s43__GNNExplainer.npz,2026-10-07T18:53:39
1:20_GAT_class_weighting_s43,43,1:20,GAT,class_weighting,PGExplainer,False,ok,,0.3198082621642624,0.1857467778620166,0.2508538445196948,0.0090858002971026,0.0365853658536585,30.0,25.0,15.0,5.0,20.0,20.0,,,,,0.6666666666666665,0.619047619047619,0.6124999999999999,0.6666666666666665,16.0,0.0,16.0,16.0,no_aplica,,,2.0,50.0,25.0,0.0,95.1,3.17,cuda,rankings/1-20_GAT_class_weighting_s43__PGExplainer.npz,2026-10-07T18:55:14
1:20_GAT_class_weighting_s43,43,1:20,GAT,class_weighting,ShapleyFeatures,False,ok,,0.3198082621642624,0.1857467778620166,0.2508538445196948,0.0090858002971026,0.0365853658536585,30.0,25.0,15.0,5.0,20.0,20.0,0.9954366978291744,0.0082658682176643,0.997175827875628,0.9417344503868738,,,,0.9954366978291744,27.0,27.0,0.0,0.0,,no_aplica,no_aplica,0.0,,,,24.1,0.8,cuda,rankings/1-20_GAT_class_weighting_s43__ShapleyFeatures.npz,2026-10-07T18:55:38
1:20_GAT_focal_loss_s43,43,1:20,GAT,focal_loss,GNNExplainer,True,ok,,0.3214952119276433,0.3708260105448154,0.3595495769614691,0.0046506520050453,0.0029498525073746,30.0,15.0,14.0,5.0,20.0,20.0,0.9339128960545566,0.0324422999114689,0.945240079394001,0.7913605453487407,0.0937499999999999,0.0499999999999999,0.5458333333333334,0.9339128960545566,30.0,30.0,16.0,16.0,,,,2.0,,,,37.5,1.25,cuda,rankings/1-20_GAT_focal_loss_s43__GNNExplainer.npz,2026-10-07T18:56:17
1:20_GAT_focal_loss_s43,43,1:20,GAT,focal_loss,PGExplainer,True,ok,,0.3214952119276433,0.3708260105448154,0.3595495769614691,0.0046506520050453,0.0029498525073746,30.0,15.0,14.0,5.0,20.0,20.0,,,,,0.4999999999999999,0.2499999999999999,0.7124999999999999,0.4999999999999999,16.0,0.0,16.0,16.0,no_aplica,,,2.0,50.0,25.0,0.0,96.1,3.2,cuda,rankings/1-20_GAT_focal_loss_s43__PGExplainer.npz,2026-10-07T18:57:53
1:20_GAT_focal_loss_s43,43,1:20,GAT,focal_loss,ShapleyFeatures,True,ok,,0.3214952119276433,0.3708260105448154,0.3595495769614691,0.0046506520050453,0.0029498525073746,30.0,15.0,14.0,5.0,20.0,20.0,0.99330383309097,0.010324598665688,0.99662773873467,0.924698059935403,,,,0.99330383309097,27.0,27.0,0.0,0.0,,no_aplica,no_aplica,0.0,,,,24.4,0.81,cuda,rankings/1-20_GAT_focal_loss_s43__ShapleyFeatures.npz,2026-10-07T18:58:18
1:20_GAT_none_s43,43,1:20,GAT,none,GNNExplainer,True,ok,,0.3673722995641092,0.4258198854763144,0.4114014592141809,0.0047254169486684,0.003683241252302,30.0,17.0,17.0,5.0,20.0,20.0,0.9400434743295144,0.0394669482637494,0.9576206073162528,0.7991675395571813,0.0937499999999999,0.0666666666666666,0.5458333333333334,0.9400434743295144,30.0,30.0,16.0,16.0,,,,2.0,,,,37.6,1.25,cuda,rankings/1-20_GAT_none_s43__GNNExplainer.npz,2026-10-07T18:58:57
1:20_GAT_none_s43,43,1:20,GAT,none,PGExplainer,True,ok,,0.3673722995641092,0.4258198854763144,0.4114014592141809,0.0047254169486684,0.003683241252302,30.0,17.0,17.0,5.0,20.0,20.0,,,,,0.625,0.5555555555555555,0.7375,0.625,16.0,0.0,16.0,16.0,no_aplica,,,2.0,50.0,25.0,0.0,95.7,3.19,cuda,rankings/1-20_GAT_none_s43__PGExplainer.npz,2026-10-07T19:00:33
1:20_GAT_none_s43,43,1:20,GAT,none,ShapleyFeatures,True,ok,,0.3673722995641092,0.4258198854763144,0.4114014592141809,0.0047254169486684,0.003683241252302,30.0,17.0,17.0,5.0,20.0,20.0,0.9922487217207636,0.0081554112429878,0.9949944903027608,0.8926087880215405,,,,0.9922487217207636,27.0,27.0,0.0,0.0,,no_aplica,no_aplica,0.0,,,,24.4,0.81,cuda,rankings/1-20_GAT_none_s43__ShapleyFeatures.npz,2026-10-07T19:00:57
1:20_TAGCN_class_weighting_s43,43,1:20,TAGCN,class_weighting,GNNExplainer,True,ok,,0.3758966035165338,0.45964316057774,0.4554166883404084,0.0082908445371339,0.0060422960725075,30.0,18.0,14.0,5.0,20.0,20.0,0.9525349004258924,0.065608761069581,0.963890993720482,0.8286701859395351,-0.0105612720956603,0.0171428571428571,0.5573143333579766,0.9525349004258924,30.0,30.0,7.0,7.0,,,,1.0,,,,46.2,1.54,cuda,rankings/1-20_TAGCN_class_weighting_s43__GNNExplainer.npz,2026-10-07T19:01:50
1:20_TAGCN_class_weighting_s43,43,1:20,TAGCN,class_weighting,PGExplainer,True,ok,,0.3758966035165338,0.45964316057774,0.4554166883404084,0.0082908445371339,0.0060422960725075,30.0,18.0,14.0,5.0,20.0,20.0,,,,,0.1277911374211575,-0.1455341801261479,0.5874999999999999,0.1277911374211575,16.0,0.0,16.0,16.0,no_aplica,,,2.0,50.0,25.0,0.0,120.1,4.0,cuda,rankings/1-20_TAGCN_class_weighting_s43__PGExplainer.npz,2026-10-07T19:03:50
1:20_TAGCN_class_weighting_s43,43,1:20,TAGCN,class_weighting,ShapleyFeatures,True,ok,,0.3758966035165338,0.45964316057774,0.4554166883404084,0.0082908445371339,0.0060422960725075,30.0,18.0,14.0,5.0,20.0,20.0,0.9838379966214952,0.0177602155753729,0.9918230850895982,0.8469247774668011,,,,0.9838379966214952,27.0,27.0,0.0,0.0,,no_aplica,no_aplica,0.0,,,,27.2,0.91,cuda,rankings/1-20_TAGCN_class_weighting_s43__ShapleyFeatures.npz,2026-10-07T19:04:17
1:20_TAGCN_focal_loss_s43,43,1:20,TAGCN,focal_loss,GNNExplainer,True,ok,,0.4334515292115738,0.47735368956743,0.4646752812908927,0.006763813323865,0.0,30.0,19.0,16.0,5.0,20.0,20.0,0.8997423315394367,0.0421207839493565,0.9006427883014505,0.6458195749161748,0.1045420821932821,0.0807142857142857,0.5947009423650135,0.8997423315394367,30.0,30.0,7.0,7.0,,,,1.0,,,,51.9,1.73,cuda,rankings/1-20_TAGCN_focal_loss_s43__GNNExplainer.npz,2026-10-07T19:05:11
1:20_TAGCN_focal_loss_s43,43,1:20,TAGCN,focal_loss,PGExplainer,True,ok,,0.4334515292115738,0.47735368956743,0.4646752812908927,0.006763813323865,0.0,30.0,19.0,16.0,5.0,20.0,20.0,,,,,0.1683413491193611,0.1175874169008889,0.6666666666666666,0.1683413491193611,16.0,0.0,16.0,16.0,no_aplica,,,2.0,50.0,25.0,0.0,144.3,4.81,cuda,rankings/1-20_TAGCN_focal_loss_s43__PGExplainer.npz,2026-10-07T19:07:36
1:20_TAGCN_focal_loss_s43,43,1:20,TAGCN,focal_loss,ShapleyFeatures,True,ok,,0.4334515292115738,0.47735368956743,0.4646752812908927,0.006763813323865,0.0,30.0,19.0,16.0,5.0,20.0,20.0,0.9937581369879408,0.006291142030321,0.9945763853081646,0.955429409790537,,,,0.9937581369879408,27.0,27.0,0.0,0.0,,no_aplica,no_aplica,0.0,,,,30.2,1.01,cuda,rankings/1-20_TAGCN_focal_loss_s43__ShapleyFeatures.npz,2026-10-07T19:08:07
1:20_TAGCN_none_s43,43,1:20,TAGCN,none,GNNExplainer,True,ok,,0.3675189888387614,0.3679880329094989,0.386023182778456,0.0109227285338017,0.0119402985074626,30.0,8.0,14.0,5.0,20.0,20.0,0.939840795014964,0.0453645907233301,0.9692379643776295,0.7975728932856706,0.0688302820589923,0.0142857142857142,0.5620828096634548,0.939840795014964,30.0,30.0,7.0,7.0,,,,1.0,,,,47.5,1.58,cuda,rankings/1-20_TAGCN_none_s43__GNNExplainer.npz,2026-10-07T19:08:56
1:20_TAGCN_none_s43,43,1:20,TAGCN,none,PGExplainer,True,ok,,0.3675189888387614,0.3679880329094989,0.386023182778456,0.0109227285338017,0.0119402985074626,30.0,8.0,14.0,5.0,20.0,20.0,,,,,0.8541666666666666,0.9285714285714286,0.6708333333333333,0.8541666666666666,16.0,0.0,16.0,16.0,no_aplica,,,2.0,50.0,25.0,0.0,122.8,4.09,cuda,rankings/1-20_TAGCN_none_s43__PGExplainer.npz,2026-10-07T19:10:59
1:20_TAGCN_none_s43,43,1:20,TAGCN,none,ShapleyFeatures,True,ok,,0.3675189888387614,0.3679880329094989,0.386023182778456,0.0109227285338017,0.0119402985074626,30.0,8.0,14.0,5.0,20.0,20.0,0.9945484578292484,0.004528484962761,0.9968530982239032,0.944493831265799,,,,0.9945484578292484,27.0,27.0,0.0,0.0,,no_aplica,no_aplica,0.0,,,,26.8,0.89,cuda,rankings/1-20_TAGCN_none_s43__ShapleyFeatures.npz,2026-10-07T19:11:26
1:20_GCN_class_weighting_s44,44,1:20,GCN,class_weighting,GNNExplainer,False,ok,,0.0420764474036384,0.0824341057845391,0.0828704339694575,0.0061189567266337,0.009656652360515,30.0,12.0,11.0,5.0,20.0,20.0,0.941009731447982,0.0280316144055222,0.9450540381175042,0.791899825421897,0.0124999999999999,0.0666666666666666,0.5083333333333333,0.941009731447982,30.0,30.0,16.0,16.0,,,,2.0,,,,29.0,0.97,cuda,rankings/1-20_GCN_class_weighting_s44__GNNExplainer.npz,2026-10-07T19:11:59
1:20_GCN_class_weighting_s44,44,1:20,GCN,class_weighting,PGExplainer,False,ok,,0.0420764474036384,0.0824341057845391,0.0828704339694575,0.0061189567266337,0.009656652360515,30.0,12.0,11.0,5.0,20.0,20.0,,,,,0.5916666666666666,0.3555555555555555,0.625,0.5916666666666666,16.0,0.0,16.0,16.0,no_aplica,,,2.0,50.0,25.0,0.0,76.5,2.55,cuda,rankings/1-20_GCN_class_weighting_s44__PGExplainer.npz,2026-10-07T19:13:16
1:20_GCN_class_weighting_s44,44,1:20,GCN,class_weighting,ShapleyFeatures,False,ok,,0.0420764474036384,0.0824341057845391,0.0828704339694575,0.0061189567266337,0.009656652360515,30.0,12.0,11.0,5.0,20.0,20.0,0.9967163863564013,0.0026333934501484,0.997802530646971,0.961034413747025,,,,0.9967163863564013,27.0,27.0,0.0,0.0,,no_aplica,no_aplica,0.0,,,,22.7,0.76,cuda,rankings/1-20_GCN_class_weighting_s44__ShapleyFeatures.npz,2026-10-07T19:13:39
1:20_GCN_focal_loss_s44,44,1:20,GCN,focal_loss,GNNExplainer,False,ok,,0.1092379793092414,0.1626506024096385,0.1406635362217734,0.0060695498374704,0.0,30.0,5.0,4.0,5.0,20.0,20.0,0.9082824566968356,0.0430635798129426,0.9351127934396136,0.6990865408595895,0.0249999999999999,0.1999999999999999,0.5083333333333333,0.9082824566968356,30.0,30.0,16.0,16.0,,,,2.0,,,,29.4,0.98,cuda,rankings/1-20_GCN_focal_loss_s44__GNNExplainer.npz,2026-10-07T19:14:09
1:20_GCN_focal_loss_s44,44,1:20,GCN,focal_loss,PGExplainer,False,ok,,0.1092379793092414,0.1626506024096385,0.1406635362217734,0.0060695498374704,0.0,30.0,5.0,4.0,5.0,20.0,20.0,,,,,0.7162064309633045,-0.1999999999999999,0.6625,0.7162064309633045,13.0,0.0,13.0,16.0,no_aplica,,,2.0,50.0,25.0,0.0,77.8,2.59,cuda,rankings/1-20_GCN_focal_loss_s44__PGExplainer.npz,2026-10-07T19:15:27
1:20_GCN_focal_loss_s44,44,1:20,GCN,focal_loss,ShapleyFeatures,False,ok,,0.1092379793092414,0.1626506024096385,0.1406635362217734,0.0060695498374704,0.0,30.0,5.0,4.0,5.0,20.0,20.0,0.9966691903446386,0.0028476180948798,0.998560930418576,0.9615070370062474,,,,0.9966691903446386,27.0,27.0,0.0,0.0,,no_aplica,no_aplica,0.0,,,,22.7,0.76,cuda,rankings/1-20_GCN_focal_loss_s44__ShapleyFeatures.npz,2026-10-07T19:15:50
1:20_GCN_none_s44,44,1:20,GCN,none,GNNExplainer,False,ok,,0.13810283381647,0.1842239185750636,0.1629927534807147,0.0068589243411917,0.0025477707006369,30.0,3.0,2.0,5.0,20.0,20.0,0.9238946611879916,0.0296853226702897,0.9320169214021556,0.7860308975531357,0.0499999999999999,0.1999999999999999,0.5208333333333334,0.9238946611879916,30.0,30.0,16.0,16.0,,,,2.0,,,,29.3,0.98,cuda,rankings/1-20_GCN_none_s44__GNNExplainer.npz,2026-10-07T19:16:20
1:20_GCN_none_s44,44,1:20,GCN,none,PGExplainer,False,ok,,0.13810283381647,0.1842239185750636,0.1629927534807147,0.0068589243411917,0.0025477707006369,30.0,3.0,2.0,5.0,20.0,20.0,,,,,0.5249999999999999,-0.1999999999999999,0.6,0.5249999999999999,16.0,0.0,16.0,16.0,no_aplica,,,2.0,50.0,25.0,0.0,79.8,2.66,cuda,rankings/1-20_GCN_none_s44__PGExplainer.npz,2026-10-07T19:17:40
1:20_GCN_none_s44,44,1:20,GCN,none,ShapleyFeatures,False,ok,,0.13810283381647,0.1842239185750636,0.1629927534807147,0.0068589243411917,0.0025477707006369,30.0,3.0,2.0,5.0,20.0,20.0,0.9978934378846775,0.0017307303194107,0.9991073359813144,0.9757542112733733,,,,0.9978934378846775,27.0,27.0,0.0,0.0,,no_aplica,no_aplica,0.0,,,,23.8,0.79,cuda,rankings/1-20_GCN_none_s44__ShapleyFeatures.npz,2026-10-07T19:18:04
1:20_GraphSAGE_class_weighting_s44,44,1:20,GraphSAGE,class_weighting,GNNExplainer,True,ok,,0.4311669522553824,0.4276771004942339,0.4473166201645698,0.0119229889032146,0.0155440414507772,30.0,21.0,16.0,5.0,20.0,20.0,0.9660802213899564,0.0173065195428695,0.968607756452094,0.8401546817413474,0.1187499999999999,0.0999999999999999,0.5583333333333333,0.9660802213899564,30.0,30.0,16.0,16.0,,,,2.0,,,,27.3,0.91,cuda,rankings/1-20_GraphSAGE_class_weighting_s44__GNNExplainer.npz,2026-10-07T19:18:36
1:20_GraphSAGE_class_weighting_s44,44,1:20,GraphSAGE,class_weighting,PGExplainer,True,ok,,0.4311669522553824,0.4276771004942339,0.4473166201645698,0.0119229889032146,0.0155440414507772,30.0,21.0,16.0,5.0,20.0,20.0,,,,,1.908195823574488e-17,-0.0666666666666666,0.475,1.908195823574488e-17,16.0,0.0,16.0,16.0,no_aplica,,,2.0,50.0,25.0,0.0,66.5,2.22,cuda,rankings/1-20_GraphSAGE_class_weighting_s44__PGExplainer.npz,2026-10-07T19:19:43
1:20_GraphSAGE_class_weighting_s44,44,1:20,GraphSAGE,class_weighting,ShapleyFeatures,True,ok,,0.4311669522553824,0.4276771004942339,0.4473166201645698,0.0119229889032146,0.0155440414507772,30.0,21.0,16.0,5.0,20.0,20.0,0.9925103313894024,0.0089715531137096,0.9961176634311087,0.9024807640794008,,,,0.9925103313894024,27.0,27.0,0.0,0.0,,no_aplica,no_aplica,0.0,,,,23.1,0.77,cuda,rankings/1-20_GraphSAGE_class_weighting_s44__ShapleyFeatures.npz,2026-10-07T19:20:06
1:20_GraphSAGE_focal_loss_s44,44,1:20,GraphSAGE,focal_loss,GNNExplainer,True,ok,,0.3078909172750137,0.3626335746294381,0.3688664075466615,0.0065983916517424,0.0077120822622107,30.0,20.0,16.0,5.0,20.0,20.0,0.9175778222496028,0.0329977326720965,0.9153101948202622,0.7172933466345222,0.1687499999999999,0.1666666666666666,0.5833333333333333,0.9175778222496028,30.0,30.0,16.0,16.0,,,,2.0,,,,25.4,0.85,cuda,rankings/1-20_GraphSAGE_focal_loss_s44__GNNExplainer.npz,2026-10-07T19:20:32
1:20_GraphSAGE_focal_loss_s44,44,1:20,GraphSAGE,focal_loss,PGExplainer,True,ok,,0.3078909172750137,0.3626335746294381,0.3688664075466615,0.0065983916517424,0.0077120822622107,30.0,20.0,16.0,5.0,20.0,20.0,,,,,0.1139156081756483,0.0222222222222222,0.575,0.1139156081756483,16.0,0.0,16.0,16.0,no_aplica,,,2.0,50.0,25.0,0.0,66.6,2.22,cuda,rankings/1-20_GraphSAGE_focal_loss_s44__PGExplainer.npz,2026-10-07T19:21:39
1:20_GraphSAGE_focal_loss_s44,44,1:20,GraphSAGE,focal_loss,ShapleyFeatures,True,ok,,0.3078909172750137,0.3626335746294381,0.3688664075466615,0.0065983916517424,0.0077120822622107,30.0,20.0,16.0,5.0,20.0,20.0,0.996685689592686,0.0021239949263444,0.9968249087397062,0.9695863083966834,,,,0.996685689592686,27.0,27.0,0.0,0.0,,no_aplica,no_aplica,0.0,,,,22.0,0.73,cuda,rankings/1-20_GraphSAGE_focal_loss_s44__ShapleyFeatures.npz,2026-10-07T19:22:01
1:20_GraphSAGE_none_s44,44,1:20,GraphSAGE,none,GNNExplainer,True,ok,,0.2294629789055018,0.3584607274644175,0.3422181037307392,0.0037519229413943,0.0028818443804034,30.0,16.0,18.0,5.0,20.0,20.0,0.9127202663718624,0.0360315301311779,0.92162342881687,0.719519328289966,0.2249999999999999,0.2999999999999999,0.6083333333333333,0.9127202663718624,30.0,30.0,16.0,16.0,,,,2.0,,,,26.0,0.87,cuda,rankings/1-20_GraphSAGE_none_s44__GNNExplainer.npz,2026-10-07T19:22:28
1:20_GraphSAGE_none_s44,44,1:20,GraphSAGE,none,PGExplainer,True,ok,,0.2294629789055018,0.3584607274644175,0.3422181037307392,0.0037519229413943,0.0028818443804034,30.0,16.0,18.0,5.0,20.0,20.0,,,,,0.7999999999999999,0.7999999999999998,0.825,0.7999999999999999,16.0,0.0,16.0,16.0,no_aplica,,,2.0,50.0,25.0,0.0,65.6,2.19,cuda,rankings/1-20_GraphSAGE_none_s44__PGExplainer.npz,2026-10-07T19:23:34
1:20_GraphSAGE_none_s44,44,1:20,GraphSAGE,none,ShapleyFeatures,True,ok,,0.2294629789055018,0.3584607274644175,0.3422181037307392,0.0037519229413943,0.0028818443804034,30.0,16.0,18.0,5.0,20.0,20.0,0.9971374620399632,0.0018055203934321,0.9973674224727976,0.96876385155627,,,,0.9971374620399632,27.0,27.0,0.0,0.0,,no_aplica,no_aplica,0.0,,,,21.9,0.73,cuda,rankings/1-20_GraphSAGE_none_s44__ShapleyFeatures.npz,2026-10-07T19:23:56
1:20_GAT_class_weighting_s44,44,1:20,GAT,class_weighting,GNNExplainer,False,ok,,0.2771196365520617,0.1530375012635196,0.2185130627254444,0.0082113692298955,0.0290502793296089,30.0,24.0,16.0,5.0,20.0,20.0,0.9323830078295782,0.0284941077972318,0.9328710031546182,0.8095434644054647,0.1187499999999999,0.1142857142857142,0.5583333333333333,0.9323830078295782,30.0,30.0,16.0,16.0,,,,2.0,,,,39.7,1.32,cuda,rankings/1-20_GAT_class_weighting_s44__GNNExplainer.npz,2026-10-07T19:24:42
1:20_GAT_class_weighting_s44,44,1:20,GAT,class_weighting,PGExplainer,False,ok,,0.2771196365520617,0.1530375012635196,0.2185130627254444,0.0082113692298955,0.0290502793296089,30.0,24.0,16.0,5.0,20.0,20.0,,,,,0.6933413491193612,0.7333333333333333,0.7124999999999999,0.6933413491193612,16.0,0.0,16.0,16.0,no_aplica,,,2.0,50.0,25.0,0.0,97.3,3.24,cuda,rankings/1-20_GAT_class_weighting_s44__PGExplainer.npz,2026-10-07T19:26:19
1:20_GAT_class_weighting_s44,44,1:20,GAT,class_weighting,ShapleyFeatures,False,ok,,0.2771196365520617,0.1530375012635196,0.2185130627254444,0.0082113692298955,0.0290502793296089,30.0,24.0,16.0,5.0,20.0,20.0,0.997381298167134,0.002132880219314,0.9977583367314352,0.9646971362417368,,,,0.997381298167134,27.0,27.0,0.0,0.0,,no_aplica,no_aplica,0.0,,,,24.3,0.81,cuda,rankings/1-20_GAT_class_weighting_s44__ShapleyFeatures.npz,2026-10-07T19:26:44
1:20_GAT_focal_loss_s44,44,1:20,GAT,focal_loss,GNNExplainer,True,ok,,0.2338221358311465,0.3125937031484257,0.3067019638130184,0.0053005703136961,0.0102695763799743,30.0,15.0,12.0,5.0,20.0,20.0,0.9290284309857068,0.0250370933033532,0.9287284110370468,0.8110027156593789,0.1187499999999999,0.0499999999999999,0.5583333333333333,0.9290284309857068,30.0,30.0,16.0,16.0,,,,2.0,,,,39.3,1.31,cuda,rankings/1-20_GAT_focal_loss_s44__GNNExplainer.npz,2026-10-07T19:27:24
1:20_GAT_focal_loss_s44,44,1:20,GAT,focal_loss,PGExplainer,True,ok,,0.2338221358311465,0.3125937031484257,0.3067019638130184,0.0053005703136961,0.0102695763799743,30.0,15.0,12.0,5.0,20.0,20.0,,,,,0.3874999999999999,0.3999999999999999,0.675,0.3874999999999999,16.0,0.0,16.0,16.0,no_aplica,,,2.0,50.0,25.0,0.0,95.8,3.19,cuda,rankings/1-20_GAT_focal_loss_s44__PGExplainer.npz,2026-10-07T19:29:00
1:20_GAT_focal_loss_s44,44,1:20,GAT,focal_loss,ShapleyFeatures,True,ok,,0.2338221358311465,0.3125937031484257,0.3067019638130184,0.0053005703136961,0.0102695763799743,30.0,15.0,12.0,5.0,20.0,20.0,0.9959389502633622,0.0034337279142526,0.996759134496526,0.950093200690923,,,,0.9959389502633622,27.0,27.0,0.0,0.0,,no_aplica,no_aplica,0.0,,,,24.1,0.8,cuda,rankings/1-20_GAT_focal_loss_s44__ShapleyFeatures.npz,2026-10-07T19:29:24
1:20_GAT_none_s44,44,1:20,GAT,none,GNNExplainer,True,ok,,0.3346269582283702,0.3936908517350158,0.3857799054837302,0.0048066457799071,0.0,30.0,9.0,14.0,5.0,20.0,20.0,0.9274270770571058,0.0398128634214646,0.9491873661966476,0.7836242137057666,0.1437499999999999,0.1333333333333333,0.5708333333333333,0.9274270770571058,30.0,30.0,16.0,16.0,,,,2.0,,,,37.4,1.25,cuda,rankings/1-20_GAT_none_s44__GNNExplainer.npz,2026-10-07T19:30:03
1:20_GAT_none_s44,44,1:20,GAT,none,PGExplainer,True,ok,,0.3346269582283702,0.3936908517350158,0.3857799054837302,0.0048066457799071,0.0,30.0,9.0,14.0,5.0,20.0,20.0,,,,,0.3666666666666666,-0.0444444444444444,0.65,0.3666666666666666,16.0,0.0,16.0,16.0,no_aplica,,,2.0,50.0,25.0,0.0,95.6,3.19,cuda,rankings/1-20_GAT_none_s44__PGExplainer.npz,2026-10-07T19:31:39
1:20_GAT_none_s44,44,1:20,GAT,none,ShapleyFeatures,True,ok,,0.3346269582283702,0.3936908517350158,0.3857799054837302,0.0048066457799071,0.0,30.0,9.0,14.0,5.0,20.0,20.0,0.9936932834832448,0.0088139366055028,0.99855780617348,0.9336827358574802,,,,0.9936932834832448,27.0,27.0,0.0,0.0,,no_aplica,no_aplica,0.0,,,,24.0,0.8,cuda,rankings/1-20_GAT_none_s44__ShapleyFeatures.npz,2026-10-07T19:32:03
1:20_TAGCN_class_weighting_s44,44,1:20,TAGCN,class_weighting,GNNExplainer,False,ok,,0.1380117421673242,0.18125,0.2136583209122226,0.0070145497608207,0.0076982294072363,30.0,20.0,9.0,5.0,20.0,20.0,0.9021942542943756,0.0382434393168346,0.8860015200376615,0.6148495857233908,0.0768299202544224,0.1999999999999999,0.5761909577259966,0.9021942542943756,30.0,30.0,7.0,7.0,,,,1.0,,,,44.7,1.49,cuda,rankings/1-20_TAGCN_class_weighting_s44__GNNExplainer.npz,2026-10-07T19:32:54
1:20_TAGCN_class_weighting_s44,44,1:20,TAGCN,class_weighting,PGExplainer,False,ok,,0.1380117421673242,0.18125,0.2136583209122226,0.0070145497608207,0.0076982294072363,30.0,20.0,9.0,5.0,20.0,20.0,,,,,0.1727123412263472,-0.2,0.5874999999999999,0.1727123412263472,16.0,0.0,16.0,16.0,no_aplica,,,2.0,50.0,25.0,0.0,117.1,3.9,cuda,rankings/1-20_TAGCN_class_weighting_s44__PGExplainer.npz,2026-10-07T19:34:51
1:20_TAGCN_class_weighting_s44,44,1:20,TAGCN,class_weighting,ShapleyFeatures,False,ok,,0.1380117421673242,0.18125,0.2136583209122226,0.0070145497608207,0.0076982294072363,30.0,20.0,9.0,5.0,20.0,20.0,0.9930498726216768,0.005056632471385,0.9932630284424394,0.9464806347622876,,,,0.9930498726216768,27.0,27.0,0.0,0.0,,no_aplica,no_aplica,0.0,,,,26.6,0.89,cuda,rankings/1-20_TAGCN_class_weighting_s44__ShapleyFeatures.npz,2026-10-07T19:35:18
1:20_TAGCN_focal_loss_s44,44,1:20,TAGCN,focal_loss,GNNExplainer,True,ok,,0.439774269036938,0.499455930359086,0.4869980931081012,0.0047780887083243,0.0,30.0,19.0,19.0,5.0,20.0,20.0,0.8867618594179802,0.0452186899855351,0.8965960104061345,0.5544507994568681,0.057850721629763,0.0009910102816682,0.5716764418377321,0.8867618594179802,30.0,30.0,7.0,7.0,,,,1.0,,,,52.2,1.74,cuda,rankings/1-20_TAGCN_focal_loss_s44__GNNExplainer.npz,2026-10-07T19:36:12
1:20_TAGCN_focal_loss_s44,44,1:20,TAGCN,focal_loss,PGExplainer,True,ok,,0.439774269036938,0.499455930359086,0.4869980931081012,0.0047780887083243,0.0,30.0,19.0,19.0,5.0,20.0,20.0,,,,,-0.1283092859752497,-0.204412381300333,0.5166666666666666,-0.1283092859752497,16.0,0.0,16.0,16.0,no_aplica,,,2.0,50.0,25.0,0.0,134.9,4.5,cuda,rankings/1-20_TAGCN_focal_loss_s44__PGExplainer.npz,2026-10-07T19:38:28
1:20_TAGCN_focal_loss_s44,44,1:20,TAGCN,focal_loss,ShapleyFeatures,True,ok,,0.439774269036938,0.499455930359086,0.4869980931081012,0.0047780887083243,0.0,30.0,19.0,19.0,5.0,20.0,20.0,0.9937386206773592,0.0084893436565338,0.9966020496432312,0.9465394124692488,,,,0.9937386206773592,27.0,27.0,0.0,0.0,,no_aplica,no_aplica,0.0,,,,28.5,0.95,cuda,rankings/1-20_TAGCN_focal_loss_s44__ShapleyFeatures.npz,2026-10-07T19:38:56
1:20_TAGCN_none_s44,44,1:20,TAGCN,none,GNNExplainer,True,ok,,0.2980800215210736,0.3299110198494182,0.3284927720010748,0.0108976363936547,0.0,30.0,7.0,14.0,5.0,20.0,20.0,0.9332966557126152,0.0339258745614933,0.9525557375933396,0.8102603430598277,0.0588661664179652,0.0857142857142856,0.587340471294865,0.9332966557126152,30.0,30.0,7.0,7.0,,,,1.0,,,,44.8,1.49,cuda,rankings/1-20_TAGCN_none_s44__GNNExplainer.npz,2026-10-07T19:39:43
1:20_TAGCN_none_s44,44,1:20,TAGCN,none,PGExplainer,True,ok,,0.2980800215210736,0.3299110198494182,0.3284927720010748,0.0108976363936547,0.0,30.0,7.0,14.0,5.0,20.0,20.0,,,,,0.755582274842315,0.7777777777777777,0.7,0.755582274842315,16.0,0.0,16.0,16.0,no_aplica,,,2.0,50.0,25.0,0.0,117.1,3.9,cuda,rankings/1-20_TAGCN_none_s44__PGExplainer.npz,2026-10-07T19:41:40
1:20_TAGCN_none_s44,44,1:20,TAGCN,none,ShapleyFeatures,True,ok,,0.2980800215210736,0.3299110198494182,0.3284927720010748,0.0108976363936547,0.0,30.0,7.0,14.0,5.0,20.0,20.0,0.9961838901031363,0.0027795313160609,0.997857462809116,0.9532560201734698,,,,0.9961838901031363,27.0,27.0,0.0,0.0,,no_aplica,no_aplica,0.0,,,,26.6,0.89,cuda,rankings/1-20_TAGCN_none_s44__ShapleyFeatures.npz,2026-10-07T19:42:07
1:100_subil_GCN_class_weighting,42,1:100_subil,GCN,class_weighting,GNNExplainer,False,ok,,0.1944152596191985,0.1965601965601965,0.2301810587368792,0.0058617715655397,0.0055944055944055,30.0,17.0,8.0,5.0,20.0,20.0,0.9414365782927636,0.0258697479090708,0.945004434373791,0.8076903594092056,0.1343749999999999,0.1199999999999999,0.5708333333333333,0.9414365782927636,30.0,30.0,16.0,16.0,,,,2.0,,,,31.9,1.06,cuda,rankings/1-100_subil_GCN_class_weighting__GNNExplainer.npz,2026-10-10T08:00:49
1:100_subil_GCN_class_weighting,42,1:100_subil,GCN,class_weighting,PGExplainer,False,ok,,0.1944152596191985,0.1965601965601965,0.2301810587368792,0.0058617715655397,0.0055944055944055,30.0,17.0,8.0,5.0,20.0,20.0,,,,,-0.0548544312894212,-0.1666666666666666,0.5208333333333334,-0.0548544312894212,16.0,0.0,16.0,16.0,no_aplica,,,2.0,50.0,25.0,0.0,82.1,2.74,cuda,rankings/1-100_subil_GCN_class_weighting__PGExplainer.npz,2026-10-10T08:02:12
1:100_subil_GCN_class_weighting,42,1:100_subil,GCN,class_weighting,ShapleyFeatures,False,ok,,0.1944152596191985,0.1965601965601965,0.2301810587368792,0.0058617715655397,0.0055944055944055,30.0,17.0,8.0,5.0,20.0,20.0,0.996932570852429,0.0023588129902939,0.9974154382356546,0.9755166064726294,,,,0.996932570852429,27.0,27.0,0.0,0.0,,no_aplica,no_aplica,0.0,,,,23.7,0.79,cuda,rankings/1-100_subil_GCN_class_weighting__ShapleyFeatures.npz,2026-10-10T08:02:36
1:100_subil_GCN_focal_loss,42,1:100_subil,GCN,focal_loss,GNNExplainer,False,ok,,0.0823599104565724,0.1758713136729222,0.1550781890093365,0.0081604445370547,0.0222634508348794,30.0,6.0,6.0,5.0,20.0,20.0,0.90462148606902,0.0364601609465889,0.8939505470837398,0.6827312051431261,0.0749999999999999,0.1999999999999999,0.5333333333333333,0.90462148606902,30.0,30.0,16.0,16.0,,,,2.0,,,,31.9,1.06,cuda,rankings/1-100_subil_GCN_focal_loss__GNNExplainer.npz,2026-10-10T08:03:08
1:100_subil_GCN_focal_loss,42,1:100_subil,GCN,focal_loss,PGExplainer,False,ok,,0.0823599104565724,0.1758713136729222,0.1550781890093365,0.0081604445370547,0.0222634508348794,30.0,6.0,6.0,5.0,20.0,20.0,,,,,0.6384900179459749,-1.3877787807814457e-17,0.7250000000000001,0.6384900179459749,15.0,0.0,15.0,16.0,no_aplica,,,2.0,50.0,25.0,0.0,81.3,2.71,cuda,rankings/1-100_subil_GCN_focal_loss__PGExplainer.npz,2026-10-10T08:04:30
1:100_subil_GCN_focal_loss,42,1:100_subil,GCN,focal_loss,ShapleyFeatures,False,ok,,0.0823599104565724,0.1758713136729222,0.1550781890093365,0.0081604445370547,0.0222634508348794,30.0,6.0,6.0,5.0,20.0,20.0,0.9976051802544774,0.0020622495674274,0.997847458475962,0.9609929399014112,,,,0.9976051802544774,27.0,27.0,0.0,0.0,,no_aplica,no_aplica,0.0,,,,23.7,0.79,cuda,rankings/1-100_subil_GCN_focal_loss__ShapleyFeatures.npz,2026-10-10T08:04:54
1:100_subil_GCN_none,42,1:100_subil,GCN,none,GNNExplainer,False,ok,,0.0175280003510634,0.0215338452034242,-0.0500072252340667,0.0058713896482732,0.0104383344049014,30.0,3.0,25.0,5.0,20.0,20.0,0.940907172380097,0.0233889717760837,0.912079940288266,0.8341747997893977,0.0375,-0.1999999999999999,0.5083333333333333,0.940907172380097,30.0,30.0,16.0,16.0,,,,2.0,,,,31.5,1.05,cuda,rankings/1-100_subil_GCN_none__GNNExplainer.npz,2026-10-10T08:05:25
1:100_subil_GCN_none,42,1:100_subil,GCN,none,PGExplainer,False,ok,,0.0175280003510634,0.0215338452034242,-0.0500072252340667,0.0058713896482732,0.0104383344049014,30.0,3.0,25.0,5.0,20.0,20.0,,,,,0.2916666666666666,-0.1999999999999999,0.625,0.2916666666666666,16.0,0.0,16.0,16.0,no_aplica,,,2.0,50.0,25.0,0.0,82.9,2.76,cuda,rankings/1-100_subil_GCN_none__PGExplainer.npz,2026-10-10T08:06:48
1:100_subil_GCN_none,42,1:100_subil,GCN,none,ShapleyFeatures,False,ok,,0.0175280003510634,0.0215338452034242,-0.0500072252340667,0.0058713896482732,0.0104383344049014,30.0,3.0,25.0,5.0,20.0,20.0,0.9970734767717516,0.0017306557428256,0.9972491730163826,0.965547149943193,,,,0.9970734767717516,27.0,27.0,0.0,0.0,,no_aplica,no_aplica,0.0,,,,23.9,0.8,cuda,rankings/1-100_subil_GCN_none__ShapleyFeatures.npz,2026-10-10T08:07:13
1:100_subil_GraphSAGE_class_weighting,42,1:100_subil,GraphSAGE,class_weighting,GNNExplainer,True,ok,,0.4325487813076372,0.482695810564663,0.4747877982296959,0.0073811220948827,0.0091954022988505,30.0,17.0,17.0,5.0,20.0,20.0,0.9645708687352382,0.0157984641938801,0.9703792543287852,0.8142027322858645,0.0687499999999999,0.0545454545454545,0.5333333333333334,0.9645708687352382,30.0,30.0,16.0,16.0,,,,2.0,,,,25.7,0.86,cuda,rankings/1-100_subil_GraphSAGE_class_weighting__GNNExplainer.npz,2026-10-10T08:07:44
1:100_subil_GraphSAGE_class_weighting,42,1:100_subil,GraphSAGE,class_weighting,PGExplainer,True,ok,,0.4325487813076372,0.482695810564663,0.4747877982296959,0.0073811220948827,0.0091954022988505,30.0,17.0,17.0,5.0,20.0,20.0,,,,,0.0416666666666666,-0.1636363636363636,0.4541666666666666,0.0416666666666666,16.0,0.0,16.0,16.0,no_aplica,,,2.0,50.0,25.0,0.0,66.4,2.21,cuda,rankings/1-100_subil_GraphSAGE_class_weighting__PGExplainer.npz,2026-10-10T08:08:50
1:100_subil_GraphSAGE_class_weighting,42,1:100_subil,GraphSAGE,class_weighting,ShapleyFeatures,True,ok,,0.4325487813076372,0.482695810564663,0.4747877982296959,0.0073811220948827,0.0091954022988505,30.0,17.0,17.0,5.0,20.0,20.0,0.9930005303545728,0.0071073345706647,0.9957945618221312,0.9073871169365392,,,,0.9930005303545728,27.0,27.0,0.0,0.0,,no_aplica,no_aplica,0.0,,,,22.0,0.73,cuda,rankings/1-100_subil_GraphSAGE_class_weighting__ShapleyFeatures.npz,2026-10-10T08:09:13
1:100_subil_GraphSAGE_focal_loss,42,1:100_subil,GraphSAGE,focal_loss,GNNExplainer,True,ok,,0.2835307782965764,0.3019157088122605,0.3192464277386814,0.0050057081320661,0.0,30.0,9.0,15.0,5.0,20.0,20.0,0.9083446717487168,0.0421654717422157,0.9253099487296824,0.6983888103749272,0.1656249999999999,0.1916666666666666,0.575,0.9083446717487168,30.0,30.0,16.0,16.0,,,,2.0,,,,28.8,0.96,cuda,rankings/1-100_subil_GraphSAGE_focal_loss__GNNExplainer.npz,2026-10-10T08:09:42
1:100_subil_GraphSAGE_focal_loss,42,1:100_subil,GraphSAGE,focal_loss,PGExplainer,True,ok,,0.2835307782965764,0.3019157088122605,0.3192464277386814,0.0050057081320661,0.0,30.0,9.0,15.0,5.0,20.0,20.0,,,,,0.2472489415089817,-2.312964634635743e-17,0.6541666666666666,0.2472489415089817,16.0,0.0,16.0,16.0,no_aplica,,,2.0,50.0,25.0,0.0,79.0,2.63,cuda,rankings/1-100_subil_GraphSAGE_focal_loss__PGExplainer.npz,2026-10-10T08:11:01
1:100_subil_GraphSAGE_focal_loss,42,1:100_subil,GraphSAGE,focal_loss,ShapleyFeatures,True,ok,,0.2835307782965764,0.3019157088122605,0.3192464277386814,0.0050057081320661,0.0,30.0,9.0,15.0,5.0,20.0,20.0,0.9946708557544404,0.0038010111362163,0.9956222649670534,0.9641473229818062,,,,0.9946708557544404,27.0,27.0,0.0,0.0,,no_aplica,no_aplica,0.0,,,,23.3,0.78,cuda,rankings/1-100_subil_GraphSAGE_focal_loss__ShapleyFeatures.npz,2026-10-10T08:11:25
1:100_subil_GraphSAGE_none,42,1:100_subil,GraphSAGE,none,GNNExplainer,False,ok,,0.0247488710221414,0.0261437908496732,-0.0167619461708931,0.0239189725197211,0.0140739506995336,30.0,4.0,25.0,5.0,20.0,20.0,0.9049177745038728,0.0435804291409047,0.8472802774271945,0.6240553939091639,0.1531249999999999,0.1999999999999999,0.5708333333333333,0.9049177745038728,30.0,30.0,16.0,16.0,,,,2.0,,,,29.5,0.98,cuda,rankings/1-100_subil_GraphSAGE_none__GNNExplainer.npz,2026-10-10T08:11:55
1:100_subil_GraphSAGE_none,42,1:100_subil,GraphSAGE,none,PGExplainer,False,ok,,0.0247488710221414,0.0261437908496732,-0.0167619461708931,0.0239189725197211,0.0140739506995336,30.0,4.0,25.0,5.0,20.0,20.0,,,,,-0.0022411769130196,0.1999999999999999,0.6583333333333333,-0.0022411769130196,9.0,0.0,9.0,16.0,no_aplica,,,2.0,50.0,25.0,0.0,81.0,2.7,cuda,rankings/1-100_subil_GraphSAGE_none__PGExplainer.npz,2026-10-10T08:13:16
1:100_subil_GraphSAGE_none,42,1:100_subil,GraphSAGE,none,ShapleyFeatures,False,ok,,0.0247488710221414,0.0261437908496732,-0.0167619461708931,0.0239189725197211,0.0140739506995336,30.0,4.0,25.0,5.0,20.0,20.0,0.995453905480968,0.0032776914985487,0.9942484501922002,0.952424080078083,,,,0.995453905480968,27.0,27.0,0.0,0.0,,no_aplica,no_aplica,0.0,,,,23.1,0.77,cuda,rankings/1-100_subil_GraphSAGE_none__ShapleyFeatures.npz,2026-10-10T08:13:40
1:100_subil_GAT_class_weighting,42,1:100_subil,GAT,class_weighting,GNNExplainer,False,ok,,0.3539828531803228,0.2700555996822875,0.3206702730439363,0.0071405915222687,0.0,30.0,22.0,13.0,5.0,20.0,20.0,0.947740051863807,0.0250773984342328,0.9432596889882704,0.842993293983983,0.1249999999999999,0.1999999999999999,0.5583333333333333,0.947740051863807,30.0,30.0,16.0,16.0,,,,2.0,,,,41.1,1.37,cuda,rankings/1-100_subil_GAT_class_weighting__GNNExplainer.npz,2026-10-10T08:14:27
1:100_subil_GAT_class_weighting,42,1:100_subil,GAT,class_weighting,PGExplainer,False,ok,,0.3539828531803228,0.2700555996822875,0.3206702730439363,0.0071405915222687,0.0,30.0,22.0,13.0,5.0,20.0,20.0,,,,,0.1124999999999999,-0.0999999999999999,0.5458333333333333,0.1124999999999999,16.0,0.0,16.0,16.0,no_aplica,,,2.0,50.0,25.0,0.0,109.5,3.65,cuda,rankings/1-100_subil_GAT_class_weighting__PGExplainer.npz,2026-10-10T08:16:17
1:100_subil_GAT_class_weighting,42,1:100_subil,GAT,class_weighting,ShapleyFeatures,False,ok,,0.3539828531803228,0.2700555996822875,0.3206702730439363,0.0071405915222687,0.0,30.0,22.0,13.0,5.0,20.0,20.0,0.9936996562709504,0.0067677005371903,0.9952796175650196,0.9187400818392588,,,,0.9936996562709504,27.0,27.0,0.0,0.0,,no_aplica,no_aplica,0.0,,,,25.6,0.85,cuda,rankings/1-100_subil_GAT_class_weighting__ShapleyFeatures.npz,2026-10-10T08:16:43
1:100_subil_GAT_focal_loss,42,1:100_subil,GAT,focal_loss,GNNExplainer,True,ok,,0.3643567077014147,0.3346065699006875,0.3547391563860473,0.005313832615178,0.0,30.0,7.0,17.0,5.0,20.0,20.0,0.919387472021515,0.0315776226542302,0.9494365211472432,0.7241310167096184,0.1187499999999999,-1.3877787807814457e-17,0.5583333333333333,0.919387472021515,30.0,30.0,16.0,16.0,,,,2.0,,,,50.8,1.69,cuda,rankings/1-100_subil_GAT_focal_loss__GNNExplainer.npz,2026-10-10T08:17:35
1:100_subil_GAT_focal_loss,42,1:100_subil,GAT,focal_loss,PGExplainer,True,ok,,0.3643567077014147,0.3346065699006875,0.3547391563860473,0.005313832615178,0.0,30.0,7.0,17.0,5.0,20.0,20.0,,,,,0.9166666666666666,1.0,0.7999999999999999,0.9166666666666666,12.0,0.0,12.0,16.0,no_aplica,,,2.0,50.0,25.0,0.0,113.2,3.77,cuda,rankings/1-100_subil_GAT_focal_loss__PGExplainer.npz,2026-10-10T08:19:28
1:100_subil_GAT_focal_loss,42,1:100_subil,GAT,focal_loss,ShapleyFeatures,True,ok,,0.3643567077014147,0.3346065699006875,0.3547391563860473,0.005313832615178,0.0,30.0,7.0,17.0,5.0,20.0,20.0,0.9978010101695358,0.0024885348160958,0.997968796868246,0.9632833922957788,,,,0.9978010101695358,27.0,27.0,0.0,0.0,,no_aplica,no_aplica,0.0,,,,25.6,0.85,cuda,rankings/1-100_subil_GAT_focal_loss__ShapleyFeatures.npz,2026-10-10T08:19:54
1:100_subil_GAT_none,42,1:100_subil,GAT,none,GNNExplainer,False,ok,,0.145002666108055,0.2131879028259792,0.19272126607006,0.0045876561190444,0.0,30.0,8.0,8.0,5.0,20.0,20.0,0.9396017001982184,0.0412850471327887,0.9525293176787686,0.7456256269570761,0.0843749999999999,0.0399999999999999,0.5416666666666666,0.9396017001982184,30.0,30.0,16.0,16.0,,,,2.0,,,,41.5,1.38,cuda,rankings/1-100_subil_GAT_none__GNNExplainer.npz,2026-10-10T08:20:37
1:100_subil_GAT_none,42,1:100_subil,GAT,none,PGExplainer,False,ok,,0.145002666108055,0.2131879028259792,0.19272126607006,0.0045876561190444,0.0,30.0,8.0,8.0,5.0,20.0,20.0,,,,,0.8974358974358974,1.0,0.7124999999999999,0.8974358974358974,13.0,0.0,13.0,16.0,no_aplica,,,2.0,50.0,25.0,0.0,109.9,3.66,cuda,rankings/1-100_subil_GAT_none__PGExplainer.npz,2026-10-10T08:22:27
1:100_subil_GAT_none,42,1:100_subil,GAT,none,ShapleyFeatures,False,ok,,0.145002666108055,0.2131879028259792,0.19272126607006,0.0045876561190444,0.0,30.0,8.0,8.0,5.0,20.0,20.0,0.985074459224282,0.0163702156444035,0.9912769513800616,0.8311746920251368,,,,0.985074459224282,27.0,27.0,0.0,0.0,,no_aplica,no_aplica,0.0,,,,26.1,0.87,cuda,rankings/1-100_subil_GAT_none__ShapleyFeatures.npz,2026-10-10T08:22:54
1:100_subil_TAGCN_class_weighting,42,1:100_subil,TAGCN,class_weighting,GNNExplainer,True,ok,,0.3681265161416114,0.4257703081232493,0.414139097299055,0.0087308050040497,0.0093240093240093,30.0,15.0,13.0,5.0,20.0,20.0,0.9470075461423136,0.0698777425474561,0.9580744272023546,0.7875058608363122,0.0727716207526414,-4.625929269271485e-18,0.5708106409719312,0.9470075461423136,30.0,30.0,7.0,7.0,,,,1.0,,,,49.2,1.64,cuda,rankings/1-100_subil_TAGCN_class_weighting__GNNExplainer.npz,2026-10-10T08:23:49
1:100_subil_TAGCN_class_weighting,42,1:100_subil,TAGCN,class_weighting,PGExplainer,True,ok,,0.3681265161416114,0.4257703081232493,0.414139097299055,0.0087308050040497,0.0093240093240093,30.0,15.0,13.0,5.0,20.0,20.0,,,,,0.1833333333333333,-0.2476190476190476,0.6083333333333333,0.1833333333333333,16.0,0.0,16.0,16.0,no_aplica,,,2.0,50.0,25.0,0.0,133.0,4.43,cuda,rankings/1-100_subil_TAGCN_class_weighting__PGExplainer.npz,2026-10-10T08:26:03
1:100_subil_TAGCN_class_weighting,42,1:100_subil,TAGCN,class_weighting,ShapleyFeatures,True,ok,,0.3681265161416114,0.4257703081232493,0.414139097299055,0.0087308050040497,0.0093240093240093,30.0,15.0,13.0,5.0,20.0,20.0,0.9772122392121946,0.0270627698105057,0.9917013005897812,0.8336026208268289,,,,0.9772122392121946,27.0,27.0,0.0,0.0,,no_aplica,no_aplica,0.0,,,,28.1,0.94,cuda,rankings/1-100_subil_TAGCN_class_weighting__ShapleyFeatures.npz,2026-10-10T08:26:31
1:100_subil_TAGCN_focal_loss,42,1:100_subil,TAGCN,focal_loss,GNNExplainer,True,ok,,0.3404687765833692,0.3218954248366013,0.3618874797269799,0.0079170384435335,0.0088300220750551,30.0,3.0,9.0,5.0,20.0,20.0,0.9269508493827592,0.0376970367113725,0.940788150460818,0.8149045916812149,0.1140423551991777,0.0571428571428571,0.5915263391904103,0.9269508493827592,30.0,30.0,7.0,7.0,,,,1.0,,,,49.3,1.64,cuda,rankings/1-100_subil_TAGCN_focal_loss__GNNExplainer.npz,2026-10-10T08:27:22
1:100_subil_TAGCN_focal_loss,42,1:100_subil,TAGCN,focal_loss,PGExplainer,True,ok,,0.3404687765833692,0.3218954248366013,0.3618874797269799,0.0079170384435335,0.0088300220750551,30.0,3.0,9.0,5.0,20.0,20.0,,,,,0.2882478830179634,-0.2220084679281462,0.6333333333333333,0.2882478830179634,16.0,0.0,16.0,16.0,no_aplica,,,2.0,50.0,25.0,0.0,133.2,4.44,cuda,rankings/1-100_subil_TAGCN_focal_loss__PGExplainer.npz,2026-10-10T08:29:35
1:100_subil_TAGCN_focal_loss,42,1:100_subil,TAGCN,focal_loss,ShapleyFeatures,True,ok,,0.3404687765833692,0.3218954248366013,0.3618874797269799,0.0079170384435335,0.0088300220750551,30.0,3.0,9.0,5.0,20.0,20.0,0.9950314676152832,0.0034178669494899,0.9979155953828236,0.9463404796433312,,,,0.9950314676152832,27.0,27.0,0.0,0.0,,no_aplica,no_aplica,0.0,,,,28.2,0.94,cuda,rankings/1-100_subil_TAGCN_focal_loss__ShapleyFeatures.npz,2026-10-10T08:30:04
1:100_subil_TAGCN_none,42,1:100_subil,TAGCN,none,GNNExplainer,False,ok,,0.0509569118218982,0.0,-0.0008092255539412,0.0068163308218622,0.0016506189821182,30.0,0.0,7.0,5.0,20.0,20.0,0.9082693832493772,0.0376891269516315,,0.6584678138942002,0.0637107275159594,,0.5769245770914291,0.9082693832493772,30.0,30.0,7.0,7.0,,,,1.0,,,,47.9,1.6,cuda,rankings/1-100_subil_TAGCN_none__GNNExplainer.npz,2026-10-10T08:30:53
1:100_subil_TAGCN_none,42,1:100_subil,TAGCN,none,PGExplainer,False,ok,,0.0509569118218982,0.0,-0.0008092255539412,0.0068163308218622,0.0016506189821182,30.0,0.0,7.0,5.0,20.0,20.0,,,,,0.3214285714285713,,0.6208333333333333,0.3214285714285713,14.0,0.0,14.0,16.0,no_aplica,,,2.0,50.0,25.0,0.0,132.6,4.42,cuda,rankings/1-100_subil_TAGCN_none__PGExplainer.npz,2026-10-10T08:33:06
1:100_subil_TAGCN_none,42,1:100_subil,TAGCN,none,ShapleyFeatures,False,ok,,0.0509569118218982,0.0,-0.0008092255539412,0.0068163308218622,0.0016506189821182,30.0,0.0,7.0,5.0,20.0,20.0,0.9946763538185336,0.0041397315761741,,0.9578094604705296,,,,0.9946763538185336,27.0,27.0,0.0,0.0,,no_aplica,no_aplica,0.0,,,,27.8,0.93,cuda,rankings/1-100_subil_TAGCN_none__ShapleyFeatures.npz,2026-10-10T08:33:34
1:100_subil_GCN_class_weighting_s43,43,1:100_subil,GCN,class_weighting,GNNExplainer,False,ok,,0.196900939822622,0.2000763650248186,0.2269833830855039,0.0086001262078849,0.0,30.0,14.0,6.0,5.0,20.0,20.0,0.945806823115367,0.0413454441845265,0.9551353547200992,0.838770305096018,0.1468749999999999,0.1999999999999999,0.5708333333333333,0.945806823115367,30.0,30.0,16.0,16.0,,,,2.0,,,,32.3,1.08,cuda,rankings/1-100_subil_GCN_class_weighting_s43__GNNExplainer.npz,2026-10-10T08:34:12
1:100_subil_GCN_class_weighting_s43,43,1:100_subil,GCN,class_weighting,PGExplainer,False,ok,,0.196900939822622,0.2000763650248186,0.2269833830855039,0.0086001262078849,0.0,30.0,14.0,6.0,5.0,20.0,20.0,,,,,0.0541666666666666,-0.0416666666666666,0.475,0.0541666666666666,16.0,0.0,16.0,16.0,no_aplica,,,2.0,50.0,25.0,0.0,84.7,2.82,cuda,rankings/1-100_subil_GCN_class_weighting_s43__PGExplainer.npz,2026-10-10T08:35:37
1:100_subil_GCN_class_weighting_s43,43,1:100_subil,GCN,class_weighting,ShapleyFeatures,False,ok,,0.196900939822622,0.2000763650248186,0.2269833830855039,0.0086001262078849,0.0,30.0,14.0,6.0,5.0,20.0,20.0,0.9966139968582916,0.0031578252372636,0.9967493829555196,0.9718775921153509,,,,0.9966139968582916,27.0,27.0,0.0,0.0,,no_aplica,no_aplica,0.0,,,,24.0,0.8,cuda,rankings/1-100_subil_GCN_class_weighting_s43__ShapleyFeatures.npz,2026-10-10T08:36:01
1:100_subil_GCN_focal_loss_s43,43,1:100_subil,GCN,focal_loss,GNNExplainer,False,ok,,0.0839262186751246,0.1574634841467759,0.1383809502822488,0.0049504850429011,0.0,30.0,8.0,6.0,5.0,20.0,20.0,0.9027100385812816,0.0447741567983856,0.9257805446613296,0.6476378197134702,0.0249999999999999,0.1999999999999999,0.5083333333333333,0.9027100385812816,30.0,30.0,16.0,16.0,,,,2.0,,,,32.1,1.07,cuda,rankings/1-100_subil_GCN_focal_loss_s43__GNNExplainer.npz,2026-10-10T08:36:34
1:100_subil_GCN_focal_loss_s43,43,1:100_subil,GCN,focal_loss,PGExplainer,False,ok,,0.0839262186751246,0.1574634841467759,0.1383809502822488,0.0049504850429011,0.0,30.0,8.0,6.0,5.0,20.0,20.0,,,,,0.6923076923076922,0.4999999999999999,0.7625,0.6923076923076922,13.0,0.0,13.0,16.0,no_aplica,,,2.0,50.0,25.0,0.0,82.7,2.76,cuda,rankings/1-100_subil_GCN_focal_loss_s43__PGExplainer.npz,2026-10-10T11:28:32
1:100_subil_GCN_focal_loss_s43,43,1:100_subil,GCN,focal_loss,ShapleyFeatures,False,ok,,0.0839262186751246,0.1574634841467759,0.1383809502822488,0.0049504850429011,0.0,30.0,8.0,6.0,5.0,20.0,20.0,0.9972714008706048,0.0018623135900963,0.9978062006864296,0.9597147326060786,,,,0.9972714008706048,27.0,27.0,0.0,0.0,,no_aplica,no_aplica,0.0,,,,23.9,0.8,cuda,rankings/1-100_subil_GCN_focal_loss_s43__ShapleyFeatures.npz,2026-10-10T11:28:56
1:100_subil_GCN_none_s43,43,1:100_subil,GCN,none,GNNExplainer,False,ok,,0.0256457451772976,0.0103199174406604,-0.0156443242123288,0.0054399864546751,0.0125613346418056,30.0,0.0,16.0,5.0,20.0,20.0,0.9185588148628612,0.0375202300859665,,0.7477004738548506,0.0468749999999999,,0.5208333333333333,0.9185588148628612,30.0,30.0,16.0,16.0,,,,2.0,,,,30.1,1.0,cuda,rankings/1-100_subil_GCN_none_s43__GNNExplainer.npz,2026-10-10T11:29:27
1:100_subil_GCN_none_s43,43,1:100_subil,GCN,none,PGExplainer,False,ok,,0.0256457451772976,0.0103199174406604,-0.0156443242123288,0.0054399864546751,0.0125613346418056,30.0,0.0,16.0,5.0,20.0,20.0,,,,,0.7238095238095238,,0.75,0.7238095238095238,14.0,0.0,14.0,16.0,no_aplica,,,2.0,50.0,25.0,0.0,78.8,2.63,cuda,rankings/1-100_subil_GCN_none_s43__PGExplainer.npz,2026-10-10T11:30:46
1:100_subil_GCN_none_s43,43,1:100_subil,GCN,none,ShapleyFeatures,False,ok,,0.0256457451772976,0.0103199174406604,-0.0156443242123288,0.0054399864546751,0.0125613346418056,30.0,0.0,16.0,5.0,20.0,20.0,0.9968895439192222,0.0019435426192453,,0.9699294605936888,,,,0.9968895439192222,27.0,27.0,0.0,0.0,,no_aplica,no_aplica,0.0,,,,23.0,0.77,cuda,rankings/1-100_subil_GCN_none_s43__ShapleyFeatures.npz,2026-10-10T11:31:09
1:100_subil_GraphSAGE_class_weighting_s43,43,1:100_subil,GraphSAGE,class_weighting,GNNExplainer,True,ok,,0.4559742571096614,0.4804828973843058,0.482393718606818,0.0070524645242353,0.0176470588235294,30.0,19.0,18.0,5.0,20.0,20.0,0.9593873760907968,0.0175108079297561,0.9604965090381452,0.8182206334691163,0.0437499999999999,0.0909090909090908,0.5208333333333334,0.9593873760907968,30.0,30.0,16.0,16.0,,,,2.0,,,,23.7,0.79,cuda,rankings/1-100_subil_GraphSAGE_class_weighting_s43__GNNExplainer.npz,2026-10-10T11:31:38
1:100_subil_GraphSAGE_class_weighting_s43,43,1:100_subil,GraphSAGE,class_weighting,PGExplainer,True,ok,,0.4559742571096614,0.4804828973843058,0.482393718606818,0.0070524645242353,0.0176470588235294,30.0,19.0,18.0,5.0,20.0,20.0,,,,,-0.0083333333333333,-0.0545454545454545,0.4958333333333333,-0.0083333333333333,16.0,0.0,16.0,16.0,no_aplica,,,2.0,50.0,25.0,0.0,62.7,2.09,cuda,rankings/1-100_subil_GraphSAGE_class_weighting_s43__PGExplainer.npz,2026-10-10T11:32:41
1:100_subil_GraphSAGE_class_weighting_s43,43,1:100_subil,GraphSAGE,class_weighting,ShapleyFeatures,True,ok,,0.4559742571096614,0.4804828973843058,0.482393718606818,0.0070524645242353,0.0176470588235294,30.0,19.0,18.0,5.0,20.0,20.0,0.993294767762216,0.006652826701851,0.9955878953989457,0.8984889295314104,,,,0.993294767762216,27.0,27.0,0.0,0.0,,no_aplica,no_aplica,0.0,,,,22.3,0.74,cuda,rankings/1-100_subil_GraphSAGE_class_weighting_s43__ShapleyFeatures.npz,2026-10-10T11:33:03
1:100_subil_GraphSAGE_focal_loss_s43,43,1:100_subil,GraphSAGE,focal_loss,GNNExplainer,False,ok,,0.0245498536334158,0.0163511187607573,-0.013701094551897,0.0168285867026997,0.02386545147045,30.0,0.0,8.0,5.0,20.0,20.0,0.9121912896866792,0.0371422188276261,,0.6963516224679247,0.15,,0.5833333333333333,0.9121912896866792,30.0,30.0,16.0,16.0,,,,2.0,,,,28.4,0.95,cuda,rankings/1-100_subil_GraphSAGE_focal_loss_s43__GNNExplainer.npz,2026-10-10T11:33:33
1:100_subil_GraphSAGE_focal_loss_s43,43,1:100_subil,GraphSAGE,focal_loss,PGExplainer,False,ok,,0.0245498536334158,0.0163511187607573,-0.013701094551897,0.0168285867026997,0.02386545147045,30.0,0.0,8.0,5.0,20.0,20.0,,,,,0.1999999999999999,,0.7666666666666666,0.1999999999999999,4.0,0.0,4.0,16.0,no_aplica,,,2.0,50.0,25.0,0.0,81.2,2.71,cuda,rankings/1-100_subil_GraphSAGE_focal_loss_s43__PGExplainer.npz,2026-10-10T11:34:54
1:100_subil_GraphSAGE_focal_loss_s43,43,1:100_subil,GraphSAGE,focal_loss,ShapleyFeatures,False,ok,,0.0245498536334158,0.0163511187607573,-0.013701094551897,0.0168285867026997,0.02386545147045,30.0,0.0,8.0,5.0,20.0,20.0,0.9955342400342272,0.0040298113887892,,0.961923653639507,,,,0.9955342400342272,27.0,27.0,0.0,0.0,,no_aplica,no_aplica,0.0,,,,23.8,0.79,cuda,rankings/1-100_subil_GraphSAGE_focal_loss_s43__ShapleyFeatures.npz,2026-10-10T11:35:18
1:100_subil_GraphSAGE_none_s43,43,1:100_subil,GraphSAGE,none,GNNExplainer,False,ok,,0.0236135014589663,0.0089235917456776,-0.0151333076709095,0.0120843923410712,0.0139054593327025,30.0,0.0,24.0,5.0,20.0,20.0,0.9049495429859984,0.0486058990055554,,0.6405821764070164,0.1812499999999999,,0.5874999999999999,0.9049495429859984,30.0,30.0,16.0,16.0,,,,2.0,,,,31.2,1.04,cuda,rankings/1-100_subil_GraphSAGE_none_s43__GNNExplainer.npz,2026-10-10T11:35:50
1:100_subil_GraphSAGE_none_s43,43,1:100_subil,GraphSAGE,none,PGExplainer,False,ok,,0.0236135014589663,0.0089235917456776,-0.0151333076709095,0.0120843923410712,0.0139054593327025,30.0,0.0,24.0,5.0,20.0,20.0,,,,,-0.0585640646055102,,0.725,-0.0585640646055102,5.0,0.0,5.0,16.0,no_aplica,,,2.0,50.0,25.0,0.0,85.3,2.84,cuda,rankings/1-100_subil_GraphSAGE_none_s43__PGExplainer.npz,2026-10-10T11:37:16
1:100_subil_GraphSAGE_none_s43,43,1:100_subil,GraphSAGE,none,ShapleyFeatures,False,ok,,0.0236135014589663,0.0089235917456776,-0.0151333076709095,0.0120843923410712,0.0139054593327025,30.0,0.0,24.0,5.0,20.0,20.0,0.9949816975736996,0.0034829760674555,,0.9573917354048704,,,,0.9949816975736996,27.0,27.0,0.0,0.0,,no_aplica,no_aplica,0.0,,,,23.7,0.79,cuda,rankings/1-100_subil_GraphSAGE_none_s43__ShapleyFeatures.npz,2026-10-10T11:37:40
1:100_subil_GAT_class_weighting_s43,43,1:100_subil,GAT,class_weighting,GNNExplainer,False,ok,,0.3135017485417696,0.1868131868131868,0.2482067863873242,0.0081338332667544,0.0278099652375434,30.0,25.0,16.0,5.0,20.0,20.0,0.9392830386519304,0.0315424989186992,0.9385829569092716,0.8162495912655527,0.1187499999999999,0.1428571428571428,0.5583333333333333,0.9392830386519304,30.0,30.0,16.0,16.0,,,,2.0,,,,43.9,1.46,cuda,rankings/1-100_subil_GAT_class_weighting_s43__GNNExplainer.npz,2026-10-10T11:38:30
1:100_subil_GAT_class_weighting_s43,43,1:100_subil,GAT,class_weighting,PGExplainer,False,ok,,0.3135017485417696,0.1868131868131868,0.2482067863873242,0.0081338332667544,0.0278099652375434,30.0,25.0,16.0,5.0,20.0,20.0,,,,,1.0,1.0,0.7375,1.0,16.0,0.0,16.0,16.0,no_aplica,,,2.0,50.0,25.0,0.0,112.8,3.76,cuda,rankings/1-100_subil_GAT_class_weighting_s43__PGExplainer.npz,2026-10-10T11:40:23
1:100_subil_GAT_class_weighting_s43,43,1:100_subil,GAT,class_weighting,ShapleyFeatures,False,ok,,0.3135017485417696,0.1868131868131868,0.2482067863873242,0.0081338332667544,0.0278099652375434,30.0,25.0,16.0,5.0,20.0,20.0,0.9953445764054484,0.0095633615836533,0.9974581279920228,0.9464512920934902,,,,0.9953445764054484,27.0,27.0,0.0,0.0,,no_aplica,no_aplica,0.0,,,,25.7,0.86,cuda,rankings/1-100_subil_GAT_class_weighting_s43__ShapleyFeatures.npz,2026-10-10T11:40:49
1:100_subil_GAT_focal_loss_s43,43,1:100_subil,GAT,focal_loss,GNNExplainer,False,ok,,0.2239807880502775,0.292824074074074,0.2768333922226264,0.0059202316632887,0.0033444816053511,30.0,13.0,14.0,5.0,20.0,20.0,0.926437414914324,0.0497867338953735,0.9465777638149095,0.6611895696511209,0.0593749999999999,-0.05,0.5291666666666668,0.926437414914324,30.0,30.0,16.0,16.0,,,,2.0,,,,42.5,1.42,cuda,rankings/1-100_subil_GAT_focal_loss_s43__GNNExplainer.npz,2026-10-10T11:41:33
1:100_subil_GAT_focal_loss_s43,43,1:100_subil,GAT,focal_loss,PGExplainer,False,ok,,0.2239807880502775,0.292824074074074,0.2768333922226264,0.0059202316632887,0.0033444816053511,30.0,13.0,14.0,5.0,20.0,20.0,,,,,0.5435897435897435,0.1777777777777777,0.7,0.5435897435897435,13.0,0.0,13.0,16.0,no_aplica,,,2.0,50.0,25.0,0.0,110.2,3.67,cuda,rankings/1-100_subil_GAT_focal_loss_s43__PGExplainer.npz,2026-10-10T11:43:23
1:100_subil_GAT_focal_loss_s43,43,1:100_subil,GAT,focal_loss,ShapleyFeatures,False,ok,,0.2239807880502775,0.292824074074074,0.2768333922226264,0.0059202316632887,0.0033444816053511,30.0,13.0,14.0,5.0,20.0,20.0,0.9873160789572076,0.014398978614312,0.9913359918853392,0.8463244997429051,,,,0.9873160789572076,27.0,27.0,0.0,0.0,,no_aplica,no_aplica,0.0,,,,25.9,0.86,cuda,rankings/1-100_subil_GAT_focal_loss_s43__ShapleyFeatures.npz,2026-10-10T11:43:49
1:100_subil_GAT_none_s43,43,1:100_subil,GAT,none,GNNExplainer,False,ok,,0.1362830063504524,0.2253521126760563,0.2081730889512019,0.0054025813081235,0.0052562417871222,30.0,11.0,12.0,5.0,20.0,20.0,0.9249950458512112,0.0585669260475481,0.9572675337939528,0.6117535400559758,0.0687499999999999,-0.04,0.5333333333333333,0.9249950458512112,30.0,30.0,16.0,16.0,,,,2.0,,,,43.2,1.44,cuda,rankings/1-100_subil_GAT_none_s43__GNNExplainer.npz,2026-10-10T11:44:34
1:100_subil_GAT_none_s43,43,1:100_subil,GAT,none,PGExplainer,False,ok,,0.1362830063504524,0.2253521126760563,0.2081730889512019,0.0054025813081235,0.0052562417871222,30.0,11.0,12.0,5.0,20.0,20.0,,,,,0.5555555555555555,0.3333333333333332,0.6958333333333333,0.5555555555555555,15.0,0.0,15.0,16.0,no_aplica,,,2.0,50.0,25.0,0.0,109.3,3.64,cuda,rankings/1-100_subil_GAT_none_s43__PGExplainer.npz,2026-10-10T11:46:23
1:100_subil_GAT_none_s43,43,1:100_subil,GAT,none,ShapleyFeatures,False,ok,,0.1362830063504524,0.2253521126760563,0.2081730889512019,0.0054025813081235,0.0052562417871222,30.0,11.0,12.0,5.0,20.0,20.0,0.9742827563054438,0.0331211919992675,0.9829774541355064,0.7612931095531479,,,,0.9742827563054438,27.0,27.0,0.0,0.0,,no_aplica,no_aplica,0.0,,,,25.7,0.86,cuda,rankings/1-100_subil_GAT_none_s43__ShapleyFeatures.npz,2026-10-10T11:46:49
1:100_subil_TAGCN_class_weighting_s43,43,1:100_subil,TAGCN,class_weighting,GNNExplainer,True,ok,,0.3138420548922111,0.3888334995014955,0.373873964138475,0.0068574112603375,0.0106382978723404,30.0,11.0,9.0,5.0,20.0,20.0,0.94762065299417,0.0667101167843305,0.9604490866541482,0.7905922077202318,0.0202972824061489,-0.1514285714285714,0.5579353442256668,0.94762065299417,30.0,30.0,7.0,7.0,,,,1.0,,,,50.4,1.68,cuda,rankings/1-100_subil_TAGCN_class_weighting_s43__GNNExplainer.npz,2026-10-10T11:47:46
1:100_subil_TAGCN_class_weighting_s43,43,1:100_subil,TAGCN,class_weighting,PGExplainer,True,ok,,0.3138420548922111,0.3888334995014955,0.373873964138475,0.0068574112603375,0.0106382978723404,30.0,11.0,9.0,5.0,20.0,20.0,,,,,0.33125,-0.061111111111111,0.575,0.33125,16.0,0.0,16.0,16.0,no_aplica,,,2.0,50.0,25.0,0.0,132.5,4.42,cuda,rankings/1-100_subil_TAGCN_class_weighting_s43__PGExplainer.npz,2026-10-10T11:49:59
1:100_subil_TAGCN_class_weighting_s43,43,1:100_subil,TAGCN,class_weighting,ShapleyFeatures,True,ok,,0.3138420548922111,0.3888334995014955,0.373873964138475,0.0068574112603375,0.0106382978723404,30.0,11.0,9.0,5.0,20.0,20.0,0.9783229194008312,0.0241009313482039,0.9942229519845712,0.8169567372676527,,,,0.9783229194008312,27.0,27.0,0.0,0.0,,no_aplica,no_aplica,0.0,,,,28.5,0.95,cuda,rankings/1-100_subil_TAGCN_class_weighting_s43__ShapleyFeatures.npz,2026-10-10T11:50:28
1:100_subil_TAGCN_focal_loss_s43,43,1:100_subil,TAGCN,focal_loss,GNNExplainer,False,ok,,0.0691621875995963,0.0049937578027465,-0.0162678699421308,0.0049366781835314,0.0008071025020177,30.0,0.0,11.0,5.0,20.0,20.0,0.8847360412868023,0.0418949698937786,,0.5038612796852052,0.0473174691759874,,0.5688688891136053,0.8847360412868023,30.0,30.0,7.0,7.0,,,,1.0,,,,50.6,1.69,cuda,rankings/1-100_subil_TAGCN_focal_loss_s43__GNNExplainer.npz,2026-10-10T11:51:20
1:100_subil_TAGCN_focal_loss_s43,43,1:100_subil,TAGCN,focal_loss,PGExplainer,False,ok,,0.0691621875995963,0.0049937578027465,-0.0162678699421308,0.0049366781835314,0.0008071025020177,30.0,0.0,11.0,5.0,20.0,20.0,,,,,0.0150374327025935,,0.5458333333333333,0.0150374327025935,16.0,0.0,16.0,16.0,no_aplica,,,2.0,50.0,25.0,0.0,135.9,4.53,cuda,rankings/1-100_subil_TAGCN_focal_loss_s43__PGExplainer.npz,2026-10-10T11:53:36
1:100_subil_TAGCN_focal_loss_s43,43,1:100_subil,TAGCN,focal_loss,ShapleyFeatures,False,ok,,0.0691621875995963,0.0049937578027465,-0.0162678699421308,0.0049366781835314,0.0008071025020177,30.0,0.0,11.0,5.0,20.0,20.0,0.9927748653940768,0.0049495249856773,,0.9485803136247896,,,,0.9927748653940768,27.0,27.0,0.0,0.0,,no_aplica,no_aplica,0.0,,,,29.1,0.97,cuda,rankings/1-100_subil_TAGCN_focal_loss_s43__ShapleyFeatures.npz,2026-10-10T11:54:05
1:100_subil_TAGCN_none_s43,43,1:100_subil,TAGCN,none,GNNExplainer,False,ok,,0.0253765071900716,0.0,-0.0056681770541962,0.0058616941393983,0.0153386911595866,30.0,0.0,23.0,5.0,20.0,20.0,0.897113963978258,0.0405597032826305,,0.5643055116801065,0.0615966536111507,,0.5785754012394724,0.897113963978258,30.0,30.0,7.0,7.0,,,,1.0,,,,50.8,1.69,cuda,rankings/1-100_subil_TAGCN_none_s43__GNNExplainer.npz,2026-10-10T11:54:58
1:100_subil_TAGCN_none_s43,43,1:100_subil,TAGCN,none,PGExplainer,False,ok,,0.0253765071900716,0.0,-0.0056681770541962,0.0058616941393983,0.0153386911595866,30.0,0.0,23.0,5.0,20.0,20.0,,,,,0.7428571428571429,,0.7,0.7428571428571429,14.0,0.0,14.0,16.0,no_aplica,,,2.0,50.0,25.0,0.0,135.7,4.52,cuda,rankings/1-100_subil_TAGCN_none_s43__PGExplainer.npz,2026-10-10T11:57:14
1:100_subil_TAGCN_none_s43,43,1:100_subil,TAGCN,none,ShapleyFeatures,False,ok,,0.0253765071900716,0.0,-0.0056681770541962,0.0058616941393983,0.0153386911595866,30.0,0.0,23.0,5.0,20.0,20.0,0.9933400559337064,0.0062545927247414,,0.9479494308507528,,,,0.9933400559337064,27.0,27.0,0.0,0.0,,no_aplica,no_aplica,0.0,,,,28.9,0.96,cuda,rankings/1-100_subil_TAGCN_none_s43__ShapleyFeatures.npz,2026-10-10T11:57:43
1:100_subil_GCN_class_weighting_s44,44,1:100_subil,GCN,class_weighting,GNNExplainer,False,ok,,0.0426415945876004,0.0809440704728662,0.0824952721383841,0.0064463479724658,0.0116631677163517,30.0,13.0,12.0,5.0,20.0,20.0,0.941117271799721,0.0285142667284468,0.9465716771147472,0.7890705240114168,0.0374999999999999,0.0857142857142857,0.5208333333333333,0.941117271799721,30.0,30.0,16.0,16.0,,,,2.0,,,,34.7,1.16,cuda,rankings/1-100_subil_GCN_class_weighting_s44__GNNExplainer.npz,2026-10-10T11:58:23
1:100_subil_GCN_class_weighting_s44,44,1:100_subil,GCN,class_weighting,PGExplainer,False,ok,,0.0426415945876004,0.0809440704728662,0.0824952721383841,0.0064463479724658,0.0116631677163517,30.0,13.0,12.0,5.0,20.0,20.0,,,,,0.5916666666666666,0.4476190476190476,0.625,0.5916666666666666,16.0,0.0,16.0,16.0,no_aplica,,,2.0,50.0,25.0,0.0,91.9,3.06,cuda,rankings/1-100_subil_GCN_class_weighting_s44__PGExplainer.npz,2026-10-10T11:59:55
1:100_subil_GCN_class_weighting_s44,44,1:100_subil,GCN,class_weighting,ShapleyFeatures,False,ok,,0.0426415945876004,0.0809440704728662,0.0824952721383841,0.0064463479724658,0.0116631677163517,30.0,13.0,12.0,5.0,20.0,20.0,0.9963181781635936,0.0029893490858075,0.9976692053359728,0.9622506104075644,,,,0.9963181781635936,27.0,27.0,0.0,0.0,,no_aplica,no_aplica,0.0,,,,25.0,0.83,cuda,rankings/1-100_subil_GCN_class_weighting_s44__ShapleyFeatures.npz,2026-10-10T12:00:21
1:100_subil_GCN_focal_loss_s44,44,1:100_subil,GCN,focal_loss,GNNExplainer,False,ok,,0.1212350863306718,0.1780861520670714,0.1694065273207771,0.0071661491417288,0.0038935756002595,30.0,9.0,7.0,5.0,20.0,20.0,0.922554047426426,0.0332174631749432,0.941157792069467,0.7700836866461606,0.0749999999999999,0.1999999999999999,0.5333333333333333,0.922554047426426,30.0,30.0,16.0,16.0,,,,2.0,,,,34.7,1.16,cuda,rankings/1-100_subil_GCN_focal_loss_s44__GNNExplainer.npz,2026-10-10T12:00:56
1:100_subil_GCN_focal_loss_s44,44,1:100_subil,GCN,focal_loss,PGExplainer,False,ok,,0.1212350863306718,0.1780861520670714,0.1694065273207771,0.0071661491417288,0.0038935756002595,30.0,9.0,7.0,5.0,20.0,20.0,,,,,0.4355555555555555,-0.0380952380952381,0.6,0.4355555555555555,15.0,0.0,15.0,16.0,no_aplica,,,2.0,50.0,25.0,0.0,91.6,3.05,cuda,rankings/1-100_subil_GCN_focal_loss_s44__PGExplainer.npz,2026-10-10T12:02:28
1:100_subil_GCN_focal_loss_s44,44,1:100_subil,GCN,focal_loss,ShapleyFeatures,False,ok,,0.1212350863306718,0.1780861520670714,0.1694065273207771,0.0071661491417288,0.0038935756002595,30.0,9.0,7.0,5.0,20.0,20.0,0.9974691161621032,0.0022261449883118,0.9976428137223464,0.9665512973277542,,,,0.9974691161621032,27.0,27.0,0.0,0.0,,no_aplica,no_aplica,0.0,,,,25.1,0.84,cuda,rankings/1-100_subil_GCN_focal_loss_s44__ShapleyFeatures.npz,2026-10-10T12:02:53
1:100_subil_GCN_none_s44,44,1:100_subil,GCN,none,GNNExplainer,False,ok,,0.0337247266358251,0.0684251762862366,0.0390905387400878,0.0049958756248313,0.0085287846481876,30.0,3.0,5.0,5.0,20.0,20.0,0.9365616944661476,0.0311332956170668,0.9363577534175452,0.8096632859478483,0.0624999999999999,,0.5333333333333334,0.9365616944661476,30.0,30.0,16.0,16.0,,,,2.0,,,,34.9,1.16,cuda,rankings/1-100_subil_GCN_none_s44__GNNExplainer.npz,2026-10-10T12:03:28
1:100_subil_GCN_none_s44,44,1:100_subil,GCN,none,PGExplainer,False,ok,,0.0337247266358251,0.0684251762862366,0.0390905387400878,0.0049958756248313,0.0085287846481876,30.0,3.0,5.0,5.0,20.0,20.0,,,,,0.7083333333333333,,0.6375,0.7083333333333333,16.0,0.0,16.0,16.0,no_aplica,,,2.0,50.0,25.0,0.0,93.0,3.1,cuda,rankings/1-100_subil_GCN_none_s44__PGExplainer.npz,2026-10-10T12:05:02
1:100_subil_GCN_none_s44,44,1:100_subil,GCN,none,ShapleyFeatures,False,ok,,0.0337247266358251,0.0684251762862366,0.0390905387400878,0.0049958756248313,0.0085287846481876,30.0,3.0,5.0,5.0,20.0,20.0,0.9971097001793306,0.0019110026745622,0.9996591349281514,0.974635556663988,,,,0.9971097001793306,27.0,27.0,0.0,0.0,,no_aplica,no_aplica,0.0,,,,24.9,0.83,cuda,rankings/1-100_subil_GCN_none_s44__ShapleyFeatures.npz,2026-10-10T12:05:27
1:100_subil_GraphSAGE_class_weighting_s44,44,1:100_subil,GraphSAGE,class_weighting,GNNExplainer,False,ok,,0.2329741530397747,0.2417309127082815,0.2576516359190443,0.0064397583722633,0.0,30.0,14.0,7.0,5.0,20.0,20.0,0.9093152766138528,0.0324442954001297,0.921221233576352,0.6977240003325297,0.1687499999999999,0.1599999999999999,0.5833333333333333,0.9093152766138528,30.0,30.0,16.0,16.0,,,,2.0,,,,28.7,0.96,cuda,rankings/1-100_subil_GraphSAGE_class_weighting_s44__GNNExplainer.npz,2026-10-10T12:06:01
1:100_subil_GraphSAGE_class_weighting_s44,44,1:100_subil,GraphSAGE,class_weighting,PGExplainer,False,ok,,0.2329741530397747,0.2417309127082815,0.2576516359190443,0.0064397583722633,0.0,30.0,14.0,7.0,5.0,20.0,20.0,,,,,0.0958333333333333,-0.0266666666666666,0.5333333333333333,0.0958333333333333,16.0,0.0,16.0,16.0,no_aplica,,,2.0,50.0,25.0,0.0,72.7,2.42,cuda,rankings/1-100_subil_GraphSAGE_class_weighting_s44__PGExplainer.npz,2026-10-10T12:07:14
1:100_subil_GraphSAGE_class_weighting_s44,44,1:100_subil,GraphSAGE,class_weighting,ShapleyFeatures,False,ok,,0.2329741530397747,0.2417309127082815,0.2576516359190443,0.0064397583722633,0.0,30.0,14.0,7.0,5.0,20.0,20.0,0.9973536468508138,0.0023715749316403,0.9985453674279808,0.9793201922514416,,,,0.9973536468508138,27.0,27.0,0.0,0.0,,no_aplica,no_aplica,0.0,,,,23.1,0.77,cuda,rankings/1-100_subil_GraphSAGE_class_weighting_s44__ShapleyFeatures.npz,2026-10-10T12:07:38
1:100_subil_GraphSAGE_focal_loss_s44,44,1:100_subil,GraphSAGE,focal_loss,GNNExplainer,False,ok,,0.0234417709441743,0.0478242589867563,0.0059409464573281,0.0094656730322699,0.0136213427903602,30.0,11.0,27.0,5.0,20.0,20.0,0.9055611033868584,0.0415123042396779,0.902985093107576,0.6246000775902678,0.175,0.1666666666666666,0.5874999999999999,0.9055611033868584,30.0,30.0,16.0,16.0,,,,2.0,,,,32.1,1.07,cuda,rankings/1-100_subil_GraphSAGE_focal_loss_s44__GNNExplainer.npz,2026-10-10T12:08:11
1:100_subil_GraphSAGE_focal_loss_s44,44,1:100_subil,GraphSAGE,focal_loss,PGExplainer,False,ok,,0.0234417709441743,0.0478242589867563,0.0059409464573281,0.0094656730322699,0.0136213427903602,30.0,11.0,27.0,5.0,20.0,20.0,,,,,-0.2022876587736527,-0.1989102643182964,0.4666666666666667,-0.2022876587736527,16.0,0.0,16.0,16.0,no_aplica,,,2.0,50.0,25.0,0.0,90.2,3.01,cuda,rankings/1-100_subil_GraphSAGE_focal_loss_s44__PGExplainer.npz,2026-10-10T12:09:41
1:100_subil_GraphSAGE_focal_loss_s44,44,1:100_subil,GraphSAGE,focal_loss,ShapleyFeatures,False,ok,,0.0234417709441743,0.0478242589867563,0.0059409464573281,0.0094656730322699,0.0136213427903602,30.0,11.0,27.0,5.0,20.0,20.0,0.9938782140471216,0.0050740184909554,0.9968075433104449,0.9532292638469378,,,,0.9938782140471216,27.0,27.0,0.0,0.0,,no_aplica,no_aplica,0.0,,,,23.9,0.8,cuda,rankings/1-100_subil_GraphSAGE_focal_loss_s44__ShapleyFeatures.npz,2026-10-10T12:10:05
1:100_subil_GraphSAGE_none_s44,44,1:100_subil,GraphSAGE,none,GNNExplainer,False,ok,,0.0232074590503651,0.0088300220750551,-0.0210123187095831,0.0087514703483596,0.0140768814293448,30.0,1.0,27.0,5.0,20.0,20.0,0.9097594398098982,0.0430279431642748,0.8334418167769215,0.6794326211655168,0.128125,,0.5708333333333333,0.9097594398098982,30.0,30.0,16.0,16.0,,,,2.0,,,,33.2,1.11,cuda,rankings/1-100_subil_GraphSAGE_none_s44__GNNExplainer.npz,2026-10-10T12:10:39
1:100_subil_GraphSAGE_none_s44,44,1:100_subil,GraphSAGE,none,PGExplainer,False,ok,,0.0232074590503651,0.0088300220750551,-0.0210123187095831,0.0087514703483596,0.0140768814293448,30.0,1.0,27.0,5.0,20.0,20.0,,,,,-0.0665063509461097,,0.7208333333333333,-0.0665063509461097,4.0,0.0,4.0,16.0,no_aplica,,,2.0,50.0,25.0,0.0,88.3,2.94,cuda,rankings/1-100_subil_GraphSAGE_none_s44__PGExplainer.npz,2026-10-10T12:12:08
1:100_subil_GraphSAGE_none_s44,44,1:100_subil,GraphSAGE,none,ShapleyFeatures,False,ok,,0.0232074590503651,0.0088300220750551,-0.0210123187095831,0.0087514703483596,0.0140768814293448,30.0,1.0,27.0,5.0,20.0,20.0,0.9952301724509484,0.0030452781222319,,0.9609860737784922,,,,0.9952301724509484,27.0,27.0,0.0,0.0,,no_aplica,no_aplica,0.0,,,,23.7,0.79,cuda,rankings/1-100_subil_GraphSAGE_none_s44__ShapleyFeatures.npz,2026-10-10T12:12:32
1:100_subil_GAT_class_weighting_s44,44,1:100_subil,GAT,class_weighting,GNNExplainer,False,ok,,0.3442380294091666,0.2720461095100864,0.3280667485765101,0.0064117243032408,0.0,30.0,24.0,16.0,5.0,20.0,20.0,0.9459315832130648,0.0246812223958803,0.9424758964123476,0.8335198825061656,0.1187499999999999,0.1428571428571428,0.5583333333333333,0.9459315832130648,30.0,30.0,16.0,16.0,,,,2.0,,,,45.8,1.53,cuda,rankings/1-100_subil_GAT_class_weighting_s44__GNNExplainer.npz,2026-10-10T12:13:24
1:100_subil_GAT_class_weighting_s44,44,1:100_subil,GAT,class_weighting,PGExplainer,False,ok,,0.3442380294091666,0.2720461095100864,0.3280667485765101,0.0064117243032408,0.0,30.0,24.0,16.0,5.0,20.0,20.0,,,,,0.4125200394650696,0.4904761904761904,0.6458333333333334,0.4125200394650696,16.0,0.0,16.0,16.0,no_aplica,,,2.0,50.0,25.0,0.0,118.0,3.93,cuda,rankings/1-100_subil_GAT_class_weighting_s44__PGExplainer.npz,2026-10-10T12:15:22
1:100_subil_GAT_class_weighting_s44,44,1:100_subil,GAT,class_weighting,ShapleyFeatures,False,ok,,0.3442380294091666,0.2720461095100864,0.3280667485765101,0.0064117243032408,0.0,30.0,24.0,16.0,5.0,20.0,20.0,0.9958341391285392,0.0047838634403672,0.997092577650573,0.9445358901174016,,,,0.9958341391285392,27.0,27.0,0.0,0.0,,no_aplica,no_aplica,0.0,,,,27.0,0.9,cuda,rankings/1-100_subil_GAT_class_weighting_s44__ShapleyFeatures.npz,2026-10-10T12:15:49
1:100_subil_GAT_focal_loss_s44,44,1:100_subil,GAT,focal_loss,GNNExplainer,False,ok,,0.1250021354985107,0.1734736842105263,0.1525041513989004,0.0046874850019354,0.0,30.0,6.0,4.0,5.0,20.0,20.0,0.913751336854651,0.0419595119291235,0.9483029529532118,0.761183223875634,0.071875,-0.0666666666666666,0.5333333333333333,0.913751336854651,30.0,30.0,16.0,16.0,,,,2.0,,,,47.3,1.58,cuda,rankings/1-100_subil_GAT_focal_loss_s44__GNNExplainer.npz,2026-10-10T12:16:38
1:100_subil_GAT_focal_loss_s44,44,1:100_subil,GAT,focal_loss,PGExplainer,False,ok,,0.1250021354985107,0.1734736842105263,0.1525041513989004,0.0046874850019354,0.0,30.0,6.0,4.0,5.0,20.0,20.0,,,,,0.7166666666666666,0.6,0.7124999999999999,0.7166666666666666,16.0,0.0,16.0,16.0,no_aplica,,,2.0,50.0,25.0,0.0,117.6,3.92,cuda,rankings/1-100_subil_GAT_focal_loss_s44__PGExplainer.npz,2026-10-10T12:18:36
1:100_subil_GAT_focal_loss_s44,44,1:100_subil,GAT,focal_loss,ShapleyFeatures,False,ok,,0.1250021354985107,0.1734736842105263,0.1525041513989004,0.0046874850019354,0.0,30.0,6.0,4.0,5.0,20.0,20.0,0.9958358103020676,0.0070373747012421,0.998743337094932,0.9488175489480668,,,,0.9958358103020676,27.0,27.0,0.0,0.0,,no_aplica,no_aplica,0.0,,,,27.1,0.9,cuda,rankings/1-100_subil_GAT_focal_loss_s44__ShapleyFeatures.npz,2026-10-10T12:19:04
1:100_subil_GAT_none_s44,44,1:100_subil,GAT,none,GNNExplainer,False,ok,,0.0678945391630047,0.1214470284237726,0.0972857773105359,0.0049494399083462,0.0,30.0,2.0,2.0,5.0,20.0,20.0,0.8881886342665283,0.0583343729181926,0.9424205688896252,0.4893833513453598,0.0187499999999999,,0.5083333333333333,0.8881886342665283,30.0,30.0,16.0,16.0,,,,2.0,,,,46.6,1.55,cuda,rankings/1-100_subil_GAT_none_s44__GNNExplainer.npz,2026-10-10T12:19:52
1:100_subil_GAT_none_s44,44,1:100_subil,GAT,none,PGExplainer,False,ok,,0.0678945391630047,0.1214470284237726,0.0972857773105359,0.0049494399083462,0.0,30.0,2.0,2.0,5.0,20.0,20.0,,,,,0.2266666666666666,,0.7875,0.2266666666666666,5.0,0.0,5.0,16.0,no_aplica,,,2.0,50.0,25.0,0.0,117.5,3.92,cuda,rankings/1-100_subil_GAT_none_s44__PGExplainer.npz,2026-10-10T12:21:49
1:100_subil_GAT_none_s44,44,1:100_subil,GAT,none,ShapleyFeatures,False,ok,,0.0678945391630047,0.1214470284237726,0.0972857773105359,0.0049494399083462,0.0,30.0,2.0,2.0,5.0,20.0,20.0,0.9593518109047632,0.0616592729226717,0.9999038953289232,0.8203108775005858,,,,0.9593518109047632,22.0,22.0,0.0,0.0,,no_aplica,no_aplica,0.0,,,,26.9,0.9,cuda,rankings/1-100_subil_GAT_none_s44__ShapleyFeatures.npz,2026-10-10T12:22:17
1:100_subil_TAGCN_class_weighting_s44,44,1:100_subil,TAGCN,class_weighting,GNNExplainer,False,ok,,0.1426864787218291,0.1881995826218933,0.2107033702872222,0.0072404362120018,0.0077399380804953,30.0,15.0,9.0,5.0,20.0,20.0,0.9014075171299348,0.0387818262394053,0.8841722897805234,0.6064333970681963,0.1616488714899045,,0.6238100053450443,0.9014075171299348,30.0,30.0,7.0,7.0,,,,1.0,,,,50.8,1.69,cuda,rankings/1-100_subil_TAGCN_class_weighting_s44__GNNExplainer.npz,2026-10-10T12:23:14
1:100_subil_TAGCN_class_weighting_s44,44,1:100_subil,TAGCN,class_weighting,PGExplainer,False,ok,,0.1426864787218291,0.1881995826218933,0.2107033702872222,0.0072404362120018,0.0077399380804953,30.0,15.0,9.0,5.0,20.0,20.0,,,,,0.1384869178299399,-0.1999999999999999,0.5708333333333333,0.1384869178299399,16.0,0.0,16.0,16.0,no_aplica,,,2.0,50.0,25.0,0.0,136.1,4.54,cuda,rankings/1-100_subil_TAGCN_class_weighting_s44__PGExplainer.npz,2026-10-10T12:25:31
1:100_subil_TAGCN_class_weighting_s44,44,1:100_subil,TAGCN,class_weighting,ShapleyFeatures,False,ok,,0.1426864787218291,0.1881995826218933,0.2107033702872222,0.0072404362120018,0.0077399380804953,30.0,15.0,9.0,5.0,20.0,20.0,0.9926523322560094,0.0051095216805652,0.9923901948380908,0.9502912098231744,,,,0.9926523322560094,27.0,27.0,0.0,0.0,,no_aplica,no_aplica,0.0,,,,29.1,0.97,cuda,rankings/1-100_subil_TAGCN_class_weighting_s44__ShapleyFeatures.npz,2026-10-10T12:26:00
1:100_subil_TAGCN_focal_loss_s44,44,1:100_subil,TAGCN,focal_loss,GNNExplainer,False,ok,,0.1012214879350343,0.0448065173116089,0.0827335243936252,0.0048417201625746,0.0,30.0,1.0,6.0,5.0,20.0,20.0,0.8906146464752454,0.0460041399604308,0.898601702032361,0.5708490869288109,0.0558989504319368,,0.5632741781109248,0.8906146464752454,30.0,30.0,7.0,7.0,,,,1.0,,,,52.1,1.74,cuda,rankings/1-100_subil_TAGCN_focal_loss_s44__GNNExplainer.npz,2026-10-10T12:26:54
1:100_subil_TAGCN_focal_loss_s44,44,1:100_subil,TAGCN,focal_loss,PGExplainer,False,ok,,0.1012214879350343,0.0448065173116089,0.0827335243936252,0.0048417201625746,0.0,30.0,1.0,6.0,5.0,20.0,20.0,,,,,0.2984054754075839,-0.1999999999999999,0.575,0.2984054754075839,16.0,0.0,16.0,16.0,no_aplica,,,2.0,50.0,25.0,0.0,137.4,4.58,cuda,rankings/1-100_subil_TAGCN_focal_loss_s44__PGExplainer.npz,2026-10-10T12:29:11
1:100_subil_TAGCN_focal_loss_s44,44,1:100_subil,TAGCN,focal_loss,ShapleyFeatures,False,ok,,0.1012214879350343,0.0448065173116089,0.0827335243936252,0.0048417201625746,0.0,30.0,1.0,6.0,5.0,20.0,20.0,0.9938540767507557,0.0060861853923939,0.9935539624641851,0.9630073310487308,,,,0.9938540767507557,27.0,27.0,0.0,0.0,,no_aplica,no_aplica,0.0,,,,29.3,0.98,cuda,rankings/1-100_subil_TAGCN_focal_loss_s44__ShapleyFeatures.npz,2026-10-10T12:29:41
1:100_subil_TAGCN_none_s44,44,1:100_subil,TAGCN,none,GNNExplainer,False,ok,,0.0308468778754446,0.0,0.0,0.0064062636903958,0.0131544330439358,30.0,0.0,15.0,5.0,20.0,20.0,0.9028527221617798,0.039423550891045,,0.6098460941613324,0.0771178938830753,,0.5762677626415111,0.9028527221617798,30.0,30.0,7.0,7.0,,,,1.0,,,,51.5,1.72,cuda,rankings/1-100_subil_TAGCN_none_s44__GNNExplainer.npz,2026-10-10T12:30:34
1:100_subil_TAGCN_none_s44,44,1:100_subil,TAGCN,none,PGExplainer,False,ok,,0.0308468778754446,0.0,0.0,0.0064062636903958,0.0131544330439358,30.0,0.0,15.0,5.0,20.0,20.0,,,,,0.5904761904761905,,0.625,0.5904761904761905,14.0,0.0,14.0,16.0,no_aplica,,,2.0,50.0,25.0,0.0,135.5,4.52,cuda,rankings/1-100_subil_TAGCN_none_s44__PGExplainer.npz,2026-10-10T12:32:50
1:100_subil_TAGCN_none_s44,44,1:100_subil,TAGCN,none,ShapleyFeatures,False,ok,,0.0308468778754446,0.0,0.0,0.0064062636903958,0.0131544330439358,30.0,0.0,15.0,5.0,20.0,20.0,0.9924730521455716,0.0091872109051977,,0.950491897667058,,,,0.9924730521455716,27.0,27.0,0.0,0.0,,no_aplica,no_aplica,0.0,,,,29.3,0.98,cuda,rankings/1-100_subil_TAGCN_none_s44__ShapleyFeatures.npz,2026-10-10T12:33:19
1:200_subil_GCN_class_weighting,42,1:200_subil,GCN,class_weighting,GNNExplainer,False,ok,,0.189772766638093,0.1722647156634519,0.1989884496753424,0.0046053761181188,0.0050955414012738,30.0,19.0,8.0,5.0,20.0,20.0,0.9440509283951156,0.031613837779432,0.9538732967947186,0.8226208606977582,0.0937499999999999,0.0999999999999999,0.5458333333333334,0.9440509283951156,30.0,30.0,16.0,16.0,,,,2.0,,,,30.7,1.02,cuda,rankings/1-200_subil_GCN_class_weighting__GNNExplainer.npz,2026-10-10T12:51:31
1:200_subil_GCN_class_weighting,42,1:200_subil,GCN,class_weighting,PGExplainer,False,ok,,0.189772766638093,0.1722647156634519,0.1989884496753424,0.0046053761181188,0.0050955414012738,30.0,19.0,8.0,5.0,20.0,20.0,,,,,-0.2488675134594813,-0.3,0.475,-0.2488675134594813,15.0,0.0,15.0,16.0,no_aplica,,,2.0,50.0,25.0,0.0,80.9,2.7,cuda,rankings/1-200_subil_GCN_class_weighting__PGExplainer.npz,2026-10-10T12:52:52
1:200_subil_GCN_class_weighting,42,1:200_subil,GCN,class_weighting,ShapleyFeatures,False,ok,,0.189772766638093,0.1722647156634519,0.1989884496753424,0.0046053761181188,0.0050955414012738,30.0,19.0,8.0,5.0,20.0,20.0,0.9965440583591044,0.0031069934169697,0.9975896907186674,0.970036054842772,,,,0.9965440583591044,27.0,27.0,0.0,0.0,,no_aplica,no_aplica,0.0,,,,23.7,0.79,cuda,rankings/1-200_subil_GCN_class_weighting__ShapleyFeatures.npz,2026-10-10T12:53:16
1:200_subil_GCN_focal_loss,42,1:200_subil,GCN,focal_loss,GNNExplainer,False,ok,,0.0310338040877473,0.0119047619047619,0.0128921556234693,0.0051032897186103,0.0035650623885918,30.0,0.0,2.0,5.0,20.0,20.0,0.9117294129604404,0.0353764004539623,,0.7069301964696428,0.0749999999999999,,0.5333333333333333,0.9117294129604404,30.0,30.0,16.0,16.0,,,,2.0,,,,30.9,1.03,cuda,rankings/1-200_subil_GCN_focal_loss__GNNExplainer.npz,2026-10-10T12:53:48
1:200_subil_GCN_focal_loss,42,1:200_subil,GCN,focal_loss,PGExplainer,False,ok,,0.0310338040877473,0.0119047619047619,0.0128921556234693,0.0051032897186103,0.0035650623885918,30.0,0.0,2.0,5.0,20.0,20.0,,,,,0.9166666666666666,,0.8,0.9166666666666666,12.0,0.0,12.0,16.0,no_aplica,,,2.0,50.0,25.0,0.0,81.3,2.71,cuda,rankings/1-200_subil_GCN_focal_loss__PGExplainer.npz,2026-10-10T12:55:09
1:200_subil_GCN_focal_loss,42,1:200_subil,GCN,focal_loss,ShapleyFeatures,False,ok,,0.0310338040877473,0.0119047619047619,0.0128921556234693,0.0051032897186103,0.0035650623885918,30.0,0.0,2.0,5.0,20.0,20.0,0.9976832997545662,0.0016267179967726,,0.96744918915091,,,,0.9976832997545662,27.0,27.0,0.0,0.0,,no_aplica,no_aplica,0.0,,,,23.7,0.79,cuda,rankings/1-200_subil_GCN_focal_loss__ShapleyFeatures.npz,2026-10-10T12:55:33
1:200_subil_GCN_none,42,1:200_subil,GCN,none,GNNExplainer,False,ok,,0.0444295694106585,0.0965047943086916,0.0717365052903193,0.0054273880015566,0.0074128984432913,30.0,4.0,4.0,5.0,20.0,20.0,0.9253072747405195,0.0279067546817808,0.919288752990804,0.753004073489068,0.15,,0.5874999999999999,0.9253072747405195,30.0,30.0,16.0,16.0,,,,2.0,,,,37.6,1.25,cuda,rankings/1-200_subil_GCN_none__GNNExplainer.npz,2026-10-10T12:56:11
1:200_subil_GCN_none,42,1:200_subil,GCN,none,PGExplainer,False,ok,,0.0444295694106585,0.0965047943086916,0.0717365052903193,0.0054273880015566,0.0074128984432913,30.0,4.0,4.0,5.0,20.0,20.0,,,,,0.4111645496846301,,0.575,0.4111645496846301,16.0,0.0,16.0,16.0,no_aplica,,,2.0,50.0,25.0,0.0,102.3,3.41,cuda,rankings/1-200_subil_GCN_none__PGExplainer.npz,2026-10-10T12:57:54
1:200_subil_GCN_none,42,1:200_subil,GCN,none,ShapleyFeatures,False,ok,,0.0444295694106585,0.0965047943086916,0.0717365052903193,0.0054273880015566,0.0074128984432913,30.0,4.0,4.0,5.0,20.0,20.0,0.9955753220300012,0.004008441616778,0.9990824205232424,0.9646491041710928,,,,0.9955753220300012,27.0,27.0,0.0,0.0,,no_aplica,no_aplica,0.0,,,,25.3,0.84,cuda,rankings/1-200_subil_GCN_none__ShapleyFeatures.npz,2026-10-10T12:58:19
1:200_subil_GraphSAGE_class_weighting,42,1:200_subil,GraphSAGE,class_weighting,GNNExplainer,True,ok,,0.4283352542843737,0.4732758620689655,0.46870335380399,0.0072791347114998,0.0039920159680638,30.0,18.0,18.0,5.0,20.0,20.0,0.9533549056869088,0.0256974517413562,0.9604355051448886,0.8044775403885056,0.0437499999999999,0.0799999999999999,0.5208333333333334,0.9533549056869088,30.0,30.0,16.0,16.0,,,,2.0,,,,25.2,0.84,cuda,rankings/1-200_subil_GraphSAGE_class_weighting__GNNExplainer.npz,2026-10-10T12:58:50
1:200_subil_GraphSAGE_class_weighting,42,1:200_subil,GraphSAGE,class_weighting,PGExplainer,True,ok,,0.4283352542843737,0.4732758620689655,0.46870335380399,0.0072791347114998,0.0039920159680638,30.0,18.0,18.0,5.0,20.0,20.0,,,,,0.0437499999999999,-0.1799999999999999,0.5166666666666666,0.0437499999999999,16.0,0.0,16.0,16.0,no_aplica,,,2.0,50.0,25.0,0.0,65.4,2.18,cuda,rankings/1-200_subil_GraphSAGE_class_weighting__PGExplainer.npz,2026-10-10T12:59:56
1:200_subil_GraphSAGE_class_weighting,42,1:200_subil,GraphSAGE,class_weighting,ShapleyFeatures,True,ok,,0.4283352542843737,0.4732758620689655,0.46870335380399,0.0072791347114998,0.0039920159680638,30.0,18.0,18.0,5.0,20.0,20.0,0.9935563533465332,0.0054649124292674,0.9960147605932674,0.9126708602359114,,,,0.9935563533465332,27.0,27.0,0.0,0.0,,no_aplica,no_aplica,0.0,,,,22.2,0.74,cuda,rankings/1-200_subil_GraphSAGE_class_weighting__ShapleyFeatures.npz,2026-10-10T13:00:18
1:200_subil_GraphSAGE_focal_loss,42,1:200_subil,GraphSAGE,focal_loss,GNNExplainer,False,ok,,0.0247221955472902,0.0265297389816003,-0.0166113626313471,0.0261207400258918,0.0140616549486208,30.0,4.0,25.0,5.0,20.0,20.0,0.9050222433332704,0.0432413751651333,0.8482153646725987,0.627519300579156,0.1531249999999999,0.1999999999999999,0.5708333333333333,0.9050222433332704,30.0,30.0,16.0,16.0,,,,2.0,,,,29.4,0.98,cuda,rankings/1-200_subil_GraphSAGE_focal_loss__GNNExplainer.npz,2026-10-10T13:00:48
1:200_subil_GraphSAGE_focal_loss,42,1:200_subil,GraphSAGE,focal_loss,PGExplainer,False,ok,,0.0247221955472902,0.0265297389816003,-0.0166113626313471,0.0261207400258918,0.0140616549486208,30.0,4.0,25.0,5.0,20.0,20.0,,,,,0.0181291934573507,0.1999999999999999,0.6625,0.0181291934573507,9.0,0.0,9.0,16.0,no_aplica,,,2.0,50.0,25.0,0.0,79.2,2.64,cuda,rankings/1-200_subil_GraphSAGE_focal_loss__PGExplainer.npz,2026-10-10T13:02:08
1:200_subil_GraphSAGE_focal_loss,42,1:200_subil,GraphSAGE,focal_loss,ShapleyFeatures,False,ok,,0.0247221955472902,0.0265297389816003,-0.0166113626313471,0.0261207400258918,0.0140616549486208,30.0,4.0,25.0,5.0,20.0,20.0,0.9955291207375624,0.0029175564224026,0.9945689652899508,0.952157563665586,,,,0.9955291207375624,27.0,27.0,0.0,0.0,,no_aplica,no_aplica,0.0,,,,22.9,0.76,cuda,rankings/1-200_subil_GraphSAGE_focal_loss__ShapleyFeatures.npz,2026-10-10T13:02:31
1:200_subil_GraphSAGE_none,42,1:200_subil,GraphSAGE,none,GNNExplainer,False,ok,,0.0264621811283906,0.0,0.0,0.0091106038756613,0.0212735374443007,30.0,0.0,4.0,5.0,20.0,20.0,0.886761000216521,0.0375173260679185,,0.5402329647795605,0.1687499999999999,,0.5833333333333333,0.886761000216521,30.0,30.0,16.0,16.0,,,,2.0,,,,26.1,0.87,cuda,rankings/1-200_subil_GraphSAGE_none__GNNExplainer.npz,2026-10-10T13:02:58
1:200_subil_GraphSAGE_none,42,1:200_subil,GraphSAGE,none,PGExplainer,False,ok,,0.0264621811283906,0.0,0.0,0.0091106038756613,0.0212735374443007,30.0,0.0,4.0,5.0,20.0,20.0,,,,,1.0,,0.825,1.0,7.0,0.0,7.0,16.0,no_aplica,,,2.0,50.0,25.0,0.0,66.1,2.2,cuda,rankings/1-200_subil_GraphSAGE_none__PGExplainer.npz,2026-10-10T13:04:04
1:200_subil_GraphSAGE_none,42,1:200_subil,GraphSAGE,none,ShapleyFeatures,False,ok,,0.0264621811283906,0.0,0.0,0.0091106038756613,0.0212735374443007,30.0,0.0,4.0,5.0,20.0,20.0,0.9979196146684264,0.0014873277824907,,0.9451323806972656,,,,0.9979196146684264,27.0,27.0,0.0,0.0,,no_aplica,no_aplica,0.0,,,,22.2,0.74,cuda,rankings/1-200_subil_GraphSAGE_none__ShapleyFeatures.npz,2026-10-10T13:04:26
1:200_subil_GAT_class_weighting,42,1:200_subil,GAT,class_weighting,GNNExplainer,False,ok,,0.3651832442669686,0.2521256931608133,0.3050169786889022,0.0091350580798917,0.0043668122270742,30.0,23.0,15.0,5.0,20.0,20.0,0.9465560628357952,0.0234750987954008,0.9422734656759072,0.8202733671405215,0.1687499999999999,0.1999999999999999,0.5833333333333333,0.9465560628357952,30.0,30.0,16.0,16.0,,,,2.0,,,,39.0,1.3,cuda,rankings/1-200_subil_GAT_class_weighting__GNNExplainer.npz,2026-10-10T13:05:11
1:200_subil_GAT_class_weighting,42,1:200_subil,GAT,class_weighting,PGExplainer,False,ok,,0.3651832442669686,0.2521256931608133,0.3050169786889022,0.0091350580798917,0.0043668122270742,30.0,23.0,15.0,5.0,20.0,20.0,,,,,0.3958333333333332,0.2777777777777777,0.6208333333333333,0.3958333333333332,16.0,0.0,16.0,16.0,no_aplica,,,2.0,50.0,25.0,0.0,100.0,3.33,cuda,rankings/1-200_subil_GAT_class_weighting__PGExplainer.npz,2026-10-10T13:06:52
1:200_subil_GAT_class_weighting,42,1:200_subil,GAT,class_weighting,ShapleyFeatures,False,ok,,0.3651832442669686,0.2521256931608133,0.3050169786889022,0.0091350580798917,0.0043668122270742,30.0,23.0,15.0,5.0,20.0,20.0,0.9946254066049752,0.0051019341711796,0.995565401489112,0.9289931123242288,,,,0.9946254066049752,27.0,27.0,0.0,0.0,,no_aplica,no_aplica,0.0,,,,24.9,0.83,cuda,rankings/1-200_subil_GAT_class_weighting__ShapleyFeatures.npz,2026-10-10T13:07:17
1:200_subil_GAT_focal_loss,42,1:200_subil,GAT,focal_loss,GNNExplainer,True,ok,,0.2633324663127351,0.3134517766497462,0.3032908741745531,0.0057501670195827,0.003003003003003,30.0,11.0,13.0,5.0,20.0,20.0,0.9272514720254732,0.0269223715932614,0.9472053887306608,0.7225809294205668,0.0937499999999999,-0.0285714285714285,0.5458333333333333,0.9272514720254732,30.0,30.0,16.0,16.0,,,,2.0,,,,38.7,1.29,cuda,rankings/1-200_subil_GAT_focal_loss__GNNExplainer.npz,2026-10-10T13:07:57
1:200_subil_GAT_focal_loss,42,1:200_subil,GAT,focal_loss,PGExplainer,True,ok,,0.2633324663127351,0.3134517766497462,0.3032908741745531,0.0057501670195827,0.003003003003003,30.0,11.0,13.0,5.0,20.0,20.0,,,,,1.0,0.9999999999999998,0.8624999999999999,1.0,12.0,0.0,12.0,16.0,no_aplica,,,2.0,50.0,25.0,0.0,101.0,3.37,cuda,rankings/1-200_subil_GAT_focal_loss__PGExplainer.npz,2026-10-10T13:09:38
1:200_subil_GAT_focal_loss,42,1:200_subil,GAT,focal_loss,ShapleyFeatures,True,ok,,0.2633324663127351,0.3134517766497462,0.3032908741745531,0.0057501670195827,0.003003003003003,30.0,11.0,13.0,5.0,20.0,20.0,0.9967413069541886,0.0043139042955842,0.996557049378286,0.9523031685771732,,,,0.9967413069541886,27.0,27.0,0.0,0.0,,no_aplica,no_aplica,0.0,,,,25.0,0.83,cuda,rankings/1-200_subil_GAT_focal_loss__ShapleyFeatures.npz,2026-10-10T13:10:03
1:200_subil_GAT_none,42,1:200_subil,GAT,none,GNNExplainer,False,ok,,0.1129726297014365,0.1623376623376623,0.1413709964005383,0.004522514325246,0.0,30.0,7.0,7.0,5.0,20.0,20.0,0.93425152986791,0.0496312458084573,0.9567850815002782,0.7116281486407848,0.0437499999999999,0.0399999999999999,0.5208333333333334,0.93425152986791,30.0,30.0,16.0,16.0,,,,2.0,,,,39.4,1.31,cuda,rankings/1-200_subil_GAT_none__GNNExplainer.npz,2026-10-10T13:10:44
1:200_subil_GAT_none,42,1:200_subil,GAT,none,PGExplainer,False,ok,,0.1129726297014365,0.1623376623376623,0.1413709964005383,0.004522514325246,0.0,30.0,7.0,7.0,5.0,20.0,20.0,,,,,0.7948717948717948,1.0,0.75,0.7948717948717948,13.0,0.0,13.0,16.0,no_aplica,,,2.0,50.0,25.0,0.0,101.2,3.37,cuda,rankings/1-200_subil_GAT_none__PGExplainer.npz,2026-10-10T13:12:26
1:200_subil_GAT_none,42,1:200_subil,GAT,none,ShapleyFeatures,False,ok,,0.1129726297014365,0.1623376623376623,0.1413709964005383,0.004522514325246,0.0,30.0,7.0,7.0,5.0,20.0,20.0,0.975893625637574,0.0278590440485053,0.986104456469114,0.7811222878044725,,,,0.975893625637574,27.0,27.0,0.0,0.0,,no_aplica,no_aplica,0.0,,,,24.9,0.83,cuda,rankings/1-200_subil_GAT_none__ShapleyFeatures.npz,2026-10-10T13:12:51
1:200_subil_TAGCN_class_weighting,42,1:200_subil,TAGCN,class_weighting,GNNExplainer,True,ok,,0.3695261350755456,0.4267053701015965,0.4137518284520728,0.0071892114299546,0.0,30.0,11.0,10.0,5.0,20.0,20.0,0.948937989938169,0.0659352651554101,0.9550491129848514,0.7961194890126637,0.0570142773649494,-0.12,0.5685697446133878,0.948937989938169,30.0,30.0,7.0,7.0,,,,1.0,,,,47.3,1.58,cuda,rankings/1-200_subil_TAGCN_class_weighting__GNNExplainer.npz,2026-10-10T13:13:44
1:200_subil_TAGCN_class_weighting,42,1:200_subil,TAGCN,class_weighting,PGExplainer,True,ok,,0.3695261350755456,0.4267053701015965,0.4137518284520728,0.0071892114299546,0.0,30.0,11.0,10.0,5.0,20.0,20.0,,,,,0.4687700394650696,0.2777510584910182,0.6083333333333333,0.4687700394650696,16.0,0.0,16.0,16.0,no_aplica,,,2.0,50.0,25.0,0.0,125.1,4.17,cuda,rankings/1-200_subil_TAGCN_class_weighting__PGExplainer.npz,2026-10-10T13:15:50
1:200_subil_TAGCN_class_weighting,42,1:200_subil,TAGCN,class_weighting,ShapleyFeatures,True,ok,,0.3695261350755456,0.4267053701015965,0.4137518284520728,0.0071892114299546,0.0,30.0,11.0,10.0,5.0,20.0,20.0,0.9798881910356648,0.0206541772010997,0.9905409562629376,0.8147003075899909,,,,0.9798881910356648,27.0,27.0,0.0,0.0,,no_aplica,no_aplica,0.0,,,,27.8,0.93,cuda,rankings/1-200_subil_TAGCN_class_weighting__ShapleyFeatures.npz,2026-10-10T13:16:18
1:200_subil_TAGCN_focal_loss,42,1:200_subil,TAGCN,focal_loss,GNNExplainer,False,ok,,0.0331481021955201,0.0498727735368956,0.0159606680489606,0.0136446326993363,0.0226111715936688,30.0,2.0,15.0,5.0,20.0,20.0,0.9123494227877657,0.0368617027824392,0.9118522053331573,0.7005225427439244,0.0400522314188833,,0.638888888888889,0.9123494227877657,30.0,30.0,7.0,7.0,,,,1.0,,,,37.7,1.26,cuda,rankings/1-200_subil_TAGCN_focal_loss__GNNExplainer.npz,2026-10-10T13:16:57
1:200_subil_TAGCN_focal_loss,42,1:200_subil,TAGCN,focal_loss,PGExplainer,False,ok,,0.0331481021955201,0.0498727735368956,0.0159606680489606,0.0136446326993363,0.0226111715936688,30.0,2.0,15.0,5.0,20.0,20.0,,,,,0.530582274842315,-0.1999999999999999,0.5916666666666667,0.530582274842315,16.0,0.0,16.0,16.0,no_aplica,,,2.0,50.0,25.0,0.0,97.9,3.26,cuda,rankings/1-200_subil_TAGCN_focal_loss__PGExplainer.npz,2026-10-10T13:18:35
1:200_subil_TAGCN_focal_loss,42,1:200_subil,TAGCN,focal_loss,ShapleyFeatures,False,ok,,0.0331481021955201,0.0498727735368956,0.0159606680489606,0.0136446326993363,0.0226111715936688,30.0,2.0,15.0,5.0,20.0,20.0,0.9957661376218566,0.0030504601666397,0.9980334578942368,0.9686153524045286,,,,0.9957661376218566,27.0,27.0,0.0,0.0,,no_aplica,no_aplica,0.0,,,,25.0,0.83,cuda,rankings/1-200_subil_TAGCN_focal_loss__ShapleyFeatures.npz,2026-10-10T13:19:00
1:200_subil_TAGCN_none,42,1:200_subil,TAGCN,none,GNNExplainer,False,ok,,0.0508155253597812,0.0,-0.0011444328838984,0.0068172538397556,0.0016492578339747,30.0,0.0,7.0,5.0,20.0,20.0,0.9081997168019328,0.0377651395130353,,0.6621815335162248,0.0636711780285647,,0.5763485402250695,0.9081997168019328,30.0,30.0,7.0,7.0,,,,1.0,,,,47.0,1.57,cuda,rankings/1-200_subil_TAGCN_none__GNNExplainer.npz,2026-10-10T13:19:49
1:200_subil_TAGCN_none,42,1:200_subil,TAGCN,none,PGExplainer,False,ok,,0.0508155253597812,0.0,-0.0011444328838984,0.0068172538397556,0.0016492578339747,30.0,0.0,7.0,5.0,20.0,20.0,,,,,0.3214285714285713,,0.6208333333333333,0.3214285714285713,14.0,0.0,14.0,16.0,no_aplica,,,2.0,50.0,25.0,0.0,126.1,4.2,cuda,rankings/1-200_subil_TAGCN_none__PGExplainer.npz,2026-10-10T13:21:55
1:200_subil_TAGCN_none,42,1:200_subil,TAGCN,none,ShapleyFeatures,False,ok,,0.0508155253597812,0.0,-0.0011444328838984,0.0068172538397556,0.0016492578339747,30.0,0.0,7.0,5.0,20.0,20.0,0.9946246529556052,0.0040461430036091,,0.958047927385362,,,,0.9946246529556052,27.0,27.0,0.0,0.0,,no_aplica,no_aplica,0.0,,,,27.9,0.93,cuda,rankings/1-200_subil_TAGCN_none__ShapleyFeatures.npz,2026-10-10T13:22:23
1:200_subil_GCN_class_weighting_s43,43,1:200_subil,GCN,class_weighting,GNNExplainer,False,ok,,0.2073464885168929,0.2073404070273091,0.2470681665196014,0.0078949558766234,0.0035211267605633,30.0,21.0,8.0,5.0,20.0,20.0,0.9482411253630008,0.0255995572334404,0.95356931177293,0.826899742289467,0.1499999999999999,0.1333333333333333,0.5708333333333333,0.9482411253630008,30.0,30.0,16.0,16.0,,,,2.0,,,,31.3,1.04,cuda,rankings/1-200_subil_GCN_class_weighting_s43__GNNExplainer.npz,2026-10-10T13:23:00
1:200_subil_GCN_class_weighting_s43,43,1:200_subil,GCN,class_weighting,PGExplainer,False,ok,,0.2073464885168929,0.2073404070273091,0.2470681665196014,0.0078949558766234,0.0035211267605633,30.0,21.0,8.0,5.0,20.0,20.0,,,,,0.1288888888888889,-0.0055555555555555,0.5,0.1288888888888889,15.0,0.0,15.0,16.0,no_aplica,,,2.0,50.0,25.0,0.0,81.8,2.73,cuda,rankings/1-200_subil_GCN_class_weighting_s43__PGExplainer.npz,2026-10-10T13:24:22
1:200_subil_GCN_class_weighting_s43,43,1:200_subil,GCN,class_weighting,ShapleyFeatures,False,ok,,0.2073464885168929,0.2073404070273091,0.2470681665196014,0.0078949558766234,0.0035211267605633,30.0,21.0,8.0,5.0,20.0,20.0,0.996756860782133,0.0034976259514541,0.996939519938904,0.9659355939196324,,,,0.996756860782133,27.0,27.0,0.0,0.0,,no_aplica,no_aplica,0.0,,,,23.7,0.79,cuda,rankings/1-200_subil_GCN_class_weighting_s43__ShapleyFeatures.npz,2026-10-10T13:24:46
1:200_subil_GCN_focal_loss_s43,43,1:200_subil,GCN,focal_loss,GNNExplainer,False,ok,,0.0888526639110458,0.1842385516506922,0.1635451085935669,0.004531532758154,0.0,30.0,4.0,5.0,5.0,20.0,20.0,0.910915538226522,0.0318433939326595,0.9260174356798646,0.7106812148419098,0.0499999999999999,0.1999999999999999,0.5208333333333334,0.910915538226522,30.0,30.0,16.0,16.0,,,,2.0,,,,31.6,1.05,cuda,rankings/1-200_subil_GCN_focal_loss_s43__GNNExplainer.npz,2026-10-10T13:25:18
1:200_subil_GCN_focal_loss_s43,43,1:200_subil,GCN,focal_loss,PGExplainer,False,ok,,0.0888526639110458,0.1842385516506922,0.1635451085935669,0.004531532758154,0.0,30.0,4.0,5.0,5.0,20.0,20.0,,,,,0.4791666666666666,-0.1999999999999999,0.6125,0.4791666666666666,16.0,0.0,16.0,16.0,no_aplica,,,2.0,50.0,25.0,0.0,82.2,2.74,cuda,rankings/1-200_subil_GCN_focal_loss_s43__PGExplainer.npz,2026-10-10T13:26:40
1:200_subil_GCN_focal_loss_s43,43,1:200_subil,GCN,focal_loss,ShapleyFeatures,False,ok,,0.0888526639110458,0.1842385516506922,0.1635451085935669,0.004531532758154,0.0,30.0,4.0,5.0,5.0,20.0,20.0,0.9969688645526952,0.0025505509079107,0.9973311939501354,0.9729044623641016,,,,0.9969688645526952,27.0,27.0,0.0,0.0,,no_aplica,no_aplica,0.0,,,,23.7,0.79,cuda,rankings/1-200_subil_GCN_focal_loss_s43__ShapleyFeatures.npz,2026-10-10T13:27:04
1:200_subil_GCN_none_s43,43,1:200_subil,GCN,none,GNNExplainer,False,ok,,0.0194955002405095,0.0222412318220701,-0.0413238563883289,0.0047635014246073,0.0087823757070556,30.0,1.0,10.0,5.0,20.0,20.0,0.9247665325620448,0.0270672110032574,0.9624035713049798,0.7902928755507523,0.221875,0.4,0.6166666666666667,0.9247665325620448,30.0,30.0,16.0,16.0,,,,2.0,,,,38.6,1.29,cuda,rankings/1-200_subil_GCN_none_s43__GNNExplainer.npz,2026-10-10T13:27:43
1:200_subil_GCN_none_s43,43,1:200_subil,GCN,none,PGExplainer,False,ok,,0.0194955002405095,0.0222412318220701,-0.0413238563883289,0.0047635014246073,0.0087823757070556,30.0,1.0,10.0,5.0,20.0,20.0,,,,,0.2979166666666666,-0.1,0.5541666666666667,0.2979166666666666,16.0,0.0,16.0,16.0,no_aplica,,,2.0,50.0,25.0,0.0,108.2,3.61,cuda,rankings/1-200_subil_GCN_none_s43__PGExplainer.npz,2026-10-10T13:29:32
1:200_subil_GCN_none_s43,43,1:200_subil,GCN,none,ShapleyFeatures,False,ok,,0.0194955002405095,0.0222412318220701,-0.0413238563883289,0.0047635014246073,0.0087823757070556,30.0,1.0,10.0,5.0,20.0,20.0,0.9962893275951338,0.0024471747101626,0.9961596517951626,0.9656341003069742,,,,0.9962893275951338,27.0,27.0,0.0,0.0,,no_aplica,no_aplica,0.0,,,,26.9,0.9,cuda,rankings/1-200_subil_GCN_none_s43__ShapleyFeatures.npz,2026-10-10T13:29:59
1:200_subil_GraphSAGE_class_weighting_s43,43,1:200_subil,GraphSAGE,class_weighting,GNNExplainer,True,ok,,0.4304537642707082,0.4535996670828131,0.4506554679748187,0.0071128167009992,0.0053333333333333,30.0,19.0,17.0,5.0,20.0,20.0,0.9531108838363967,0.0252590331532121,0.9585163200794036,0.7962892177238341,0.1437499999999999,0.1599999999999999,0.5708333333333333,0.9531108838363967,30.0,30.0,16.0,16.0,,,,2.0,,,,26.6,0.89,cuda,rankings/1-200_subil_GraphSAGE_class_weighting_s43__GNNExplainer.npz,2026-10-10T13:30:31
1:200_subil_GraphSAGE_class_weighting_s43,43,1:200_subil,GraphSAGE,class_weighting,PGExplainer,True,ok,,0.4304537642707082,0.4535996670828131,0.4506554679748187,0.0071128167009992,0.0053333333333333,30.0,19.0,17.0,5.0,20.0,20.0,,,,,0.0166666666666666,-0.12,0.4541666666666667,0.0166666666666666,16.0,0.0,16.0,16.0,no_aplica,,,2.0,50.0,25.0,0.0,70.6,2.35,cuda,rankings/1-200_subil_GraphSAGE_class_weighting_s43__PGExplainer.npz,2026-10-10T13:31:42
1:200_subil_GraphSAGE_class_weighting_s43,43,1:200_subil,GraphSAGE,class_weighting,ShapleyFeatures,True,ok,,0.4304537642707082,0.4535996670828131,0.4506554679748187,0.0071128167009992,0.0053333333333333,30.0,19.0,17.0,5.0,20.0,20.0,0.994540191771332,0.0041618797726137,0.9956460177088928,0.9229837460704532,,,,0.994540191771332,27.0,27.0,0.0,0.0,,no_aplica,no_aplica,0.0,,,,22.7,0.76,cuda,rankings/1-200_subil_GraphSAGE_class_weighting_s43__ShapleyFeatures.npz,2026-10-10T13:32:05
1:200_subil_GraphSAGE_focal_loss_s43,43,1:200_subil,GraphSAGE,focal_loss,GNNExplainer,False,ok,,0.0235857756671217,0.0088008800880088,-0.015608678535167,0.0121247093154645,0.0138820436996878,30.0,0.0,24.0,5.0,20.0,20.0,0.9047245781320752,0.0490865064106263,,0.6424966608473965,0.1812499999999999,,0.5874999999999999,0.9047245781320752,30.0,30.0,16.0,16.0,,,,2.0,,,,31.2,1.04,cuda,rankings/1-200_subil_GraphSAGE_focal_loss_s43__GNNExplainer.npz,2026-10-10T13:32:37
1:200_subil_GraphSAGE_focal_loss_s43,43,1:200_subil,GraphSAGE,focal_loss,PGExplainer,False,ok,,0.0235857756671217,0.0088008800880088,-0.015608678535167,0.0121247093154645,0.0138820436996878,30.0,0.0,24.0,5.0,20.0,20.0,,,,,-0.0185640646055102,,0.7375,-0.0185640646055102,5.0,0.0,5.0,16.0,no_aplica,,,2.0,50.0,25.0,0.0,85.2,2.84,cuda,rankings/1-200_subil_GraphSAGE_focal_loss_s43__PGExplainer.npz,2026-10-10T13:34:02
1:200_subil_GraphSAGE_focal_loss_s43,43,1:200_subil,GraphSAGE,focal_loss,ShapleyFeatures,False,ok,,0.0235857756671217,0.0088008800880088,-0.015608678535167,0.0121247093154645,0.0138820436996878,30.0,0.0,24.0,5.0,20.0,20.0,0.9946385226694452,0.0036408848673081,,0.9612937869285032,,,,0.9946385226694452,27.0,27.0,0.0,0.0,,no_aplica,no_aplica,0.0,,,,23.8,0.79,cuda,rankings/1-200_subil_GraphSAGE_focal_loss_s43__ShapleyFeatures.npz,2026-10-10T13:34:27
1:200_subil_GraphSAGE_none_s43,43,1:200_subil,GraphSAGE,none,GNNExplainer,False,ok,,0.0274298807962776,0.0,0.0,0.0087642297020501,0.0217391304347826,30.0,0.0,6.0,5.0,20.0,20.0,0.8920789453842979,0.0357967864131373,,0.5821593094466152,0.0937499999999999,,0.5458333333333334,0.8920789453842979,30.0,30.0,16.0,16.0,,,,2.0,,,,28.2,0.94,cuda,rankings/1-200_subil_GraphSAGE_none_s43__GNNExplainer.npz,2026-10-10T13:34:55
1:200_subil_GraphSAGE_none_s43,43,1:200_subil,GraphSAGE,none,PGExplainer,False,ok,,0.0274298807962776,0.0,0.0,0.0087642297020501,0.0217391304347826,30.0,0.0,6.0,5.0,20.0,20.0,,,,,1.0,,0.8125,1.0,9.0,0.0,9.0,16.0,no_aplica,,,2.0,50.0,25.0,0.0,71.7,2.39,cuda,rankings/1-200_subil_GraphSAGE_none_s43__PGExplainer.npz,2026-10-10T13:36:07
1:200_subil_GraphSAGE_none_s43,43,1:200_subil,GraphSAGE,none,ShapleyFeatures,False,ok,,0.0274298807962776,0.0,0.0,0.0087642297020501,0.0217391304347826,30.0,0.0,6.0,5.0,20.0,20.0,0.9972230818880224,0.0018601374663515,,0.9553403657211124,,,,0.9972230818880224,27.0,27.0,0.0,0.0,,no_aplica,no_aplica,0.0,,,,23.1,0.77,cuda,rankings/1-200_subil_GraphSAGE_none_s43__ShapleyFeatures.npz,2026-10-10T13:36:31
1:200_subil_GAT_class_weighting_s43,43,1:200_subil,GAT,class_weighting,GNNExplainer,False,ok,,0.3248804098032442,0.2079691897496667,0.2673371203520759,0.0094044840043121,0.0360551431601272,30.0,25.0,14.0,5.0,20.0,20.0,0.941859582782392,0.0308738903934332,0.940432598085161,0.8144860753179818,0.1937499999999999,0.1428571428571428,0.5958333333333333,0.941859582782392,30.0,30.0,16.0,16.0,,,,2.0,,,,42.8,1.43,cuda,rankings/1-200_subil_GAT_class_weighting_s43__GNNExplainer.npz,2026-10-10T13:37:20
1:200_subil_GAT_class_weighting_s43,43,1:200_subil,GAT,class_weighting,PGExplainer,False,ok,,0.3248804098032442,0.2079691897496667,0.2673371203520759,0.0094044840043121,0.0360551431601272,30.0,25.0,14.0,5.0,20.0,20.0,,,,,1.0,1.0,0.7,1.0,16.0,0.0,16.0,16.0,no_aplica,,,2.0,50.0,25.0,0.0,112.3,3.74,cuda,rankings/1-200_subil_GAT_class_weighting_s43__PGExplainer.npz,2026-10-10T13:39:12
1:200_subil_GAT_class_weighting_s43,43,1:200_subil,GAT,class_weighting,ShapleyFeatures,False,ok,,0.3248804098032442,0.2079691897496667,0.2673371203520759,0.0094044840043121,0.0360551431601272,30.0,25.0,14.0,5.0,20.0,20.0,0.9946494520212428,0.008590236705852,0.9967661249652904,0.9396301530560406,,,,0.9946494520212428,27.0,27.0,0.0,0.0,,no_aplica,no_aplica,0.0,,,,26.4,0.88,cuda,rankings/1-200_subil_GAT_class_weighting_s43__ShapleyFeatures.npz,2026-10-10T13:39:39
1:200_subil_GAT_focal_loss_s43,43,1:200_subil,GAT,focal_loss,GNNExplainer,False,ok,,0.205363960916519,0.2802607076350093,0.2628082591000132,0.0056079363795002,0.0036036036036036,30.0,14.0,14.0,5.0,20.0,20.0,0.9291126575817036,0.0514091265457328,0.9527029922275876,0.6471245323800813,0.0187499999999999,-0.05,0.5083333333333333,0.9291126575817036,30.0,30.0,16.0,16.0,,,,2.0,,,,41.4,1.38,cuda,rankings/1-200_subil_GAT_focal_loss_s43__GNNExplainer.npz,2026-10-10T13:40:22
1:200_subil_GAT_focal_loss_s43,43,1:200_subil,GAT,focal_loss,PGExplainer,False,ok,,0.205363960916519,0.2802607076350093,0.2628082591000132,0.0056079363795002,0.0036036036036036,30.0,14.0,14.0,5.0,20.0,20.0,,,,,0.3333333333333333,-0.0222222222222222,0.6375,0.3333333333333333,13.0,0.0,13.0,16.0,no_aplica,,,2.0,50.0,25.0,0.0,100.0,3.33,cuda,rankings/1-200_subil_GAT_focal_loss_s43__PGExplainer.npz,2026-10-10T13:42:02
1:200_subil_GAT_focal_loss_s43,43,1:200_subil,GAT,focal_loss,ShapleyFeatures,False,ok,,0.205363960916519,0.2802607076350093,0.2628082591000132,0.0056079363795002,0.0036036036036036,30.0,14.0,14.0,5.0,20.0,20.0,0.980297884881438,0.0393164466665579,0.9907952720287536,0.8111617295240207,,,,0.980297884881438,27.0,27.0,0.0,0.0,,no_aplica,no_aplica,0.0,,,,24.9,0.83,cuda,rankings/1-200_subil_GAT_focal_loss_s43__ShapleyFeatures.npz,2026-10-10T13:42:27
1:200_subil_GAT_none_s43,43,1:200_subil,GAT,none,GNNExplainer,False,ok,,0.1154194571387234,0.1090573012939001,0.142245763902841,0.0044628307492966,0.0024479804161566,30.0,2.0,4.0,5.0,20.0,20.0,0.9098762121502952,0.0482184531165521,0.9529829523687572,0.5908559037880677,0.1687499999999999,,0.5833333333333333,0.9098762121502952,30.0,30.0,16.0,16.0,,,,2.0,,,,43.7,1.46,cuda,rankings/1-200_subil_GAT_none_s43__GNNExplainer.npz,2026-10-10T13:43:13
1:200_subil_GAT_none_s43,43,1:200_subil,GAT,none,PGExplainer,False,ok,,0.1154194571387234,0.1090573012939001,0.142245763902841,0.0044628307492966,0.0024479804161566,30.0,2.0,4.0,5.0,20.0,20.0,,,,,0.6923076923076923,,0.725,0.6923076923076923,13.0,0.0,13.0,16.0,no_aplica,,,2.0,50.0,25.0,0.0,109.9,3.66,cuda,rankings/1-200_subil_GAT_none_s43__PGExplainer.npz,2026-10-10T13:45:03
1:200_subil_GAT_none_s43,43,1:200_subil,GAT,none,ShapleyFeatures,False,ok,,0.1154194571387234,0.1090573012939001,0.142245763902841,0.0044628307492966,0.0024479804161566,30.0,2.0,4.0,5.0,20.0,20.0,0.9741172245677366,0.0295883717247468,0.9902082571842364,0.7680251121518059,,,,0.9741172245677366,27.0,27.0,0.0,0.0,,no_aplica,no_aplica,0.0,,,,25.8,0.86,cuda,rankings/1-200_subil_GAT_none_s43__ShapleyFeatures.npz,2026-10-10T13:45:29
1:200_subil_TAGCN_class_weighting_s43,43,1:200_subil,TAGCN,class_weighting,GNNExplainer,True,ok,,0.3583388789987538,0.4257112750263435,0.4112449886641226,0.008197425010322,0.0,30.0,10.0,10.0,5.0,20.0,20.0,0.9453815609447538,0.0693629732858312,0.9580377096325112,0.8142975863884502,0.0866574206661347,-0.1428571428571428,0.5858190196899874,0.9453815609447538,30.0,30.0,7.0,7.0,,,,1.0,,,,52.1,1.74,cuda,rankings/1-200_subil_TAGCN_class_weighting_s43__GNNExplainer.npz,2026-10-10T13:46:28
1:200_subil_TAGCN_class_weighting_s43,43,1:200_subil,TAGCN,class_weighting,PGExplainer,True,ok,,0.3583388789987538,0.4257112750263435,0.4112449886641226,0.008197425010322,0.0,30.0,10.0,10.0,5.0,20.0,20.0,,,,,0.5632478830179635,0.3779915320718537,0.6791666666666667,0.5632478830179635,16.0,0.0,16.0,16.0,no_aplica,,,2.0,50.0,25.0,0.0,136.8,4.56,cuda,rankings/1-200_subil_TAGCN_class_weighting_s43__PGExplainer.npz,2026-10-10T13:48:45
1:200_subil_TAGCN_class_weighting_s43,43,1:200_subil,TAGCN,class_weighting,ShapleyFeatures,True,ok,,0.3583388789987538,0.4257112750263435,0.4112449886641226,0.008197425010322,0.0,30.0,10.0,10.0,5.0,20.0,20.0,0.9803393062499396,0.0202631010548346,0.9922372509418425,0.8335216744718783,,,,0.9803393062499396,27.0,27.0,0.0,0.0,,no_aplica,no_aplica,0.0,,,,27.0,0.9,cuda,rankings/1-200_subil_TAGCN_class_weighting_s43__ShapleyFeatures.npz,2026-10-10T13:49:12
1:200_subil_TAGCN_focal_loss_s43,43,1:200_subil,TAGCN,focal_loss,GNNExplainer,False,ok,,0.022335631447894,0.0292739083956911,-0.0353344761151973,0.0079911963310938,0.01328824348518,30.0,7.0,29.0,5.0,20.0,20.0,0.9195790553156517,0.031844323431446,0.9057565264662026,0.6929001856624268,0.1210610560013479,0.1685714285714285,0.6722222222222223,0.9195790553156517,30.0,30.0,7.0,7.0,,,,1.0,,,,35.6,1.19,cuda,rankings/1-200_subil_TAGCN_focal_loss_s43__GNNExplainer.npz,2026-10-10T13:49:49
1:200_subil_TAGCN_focal_loss_s43,43,1:200_subil,TAGCN,focal_loss,PGExplainer,False,ok,,0.022335631447894,0.0292739083956911,-0.0353344761151973,0.0079911963310938,0.01328824348518,30.0,7.0,29.0,5.0,20.0,20.0,,,,,0.2472489415089816,-1.3877787807814457e-17,0.6791666666666667,0.2472489415089816,16.0,0.0,16.0,16.0,no_aplica,,,2.0,50.0,25.0,0.0,95.3,3.18,cuda,rankings/1-200_subil_TAGCN_focal_loss_s43__PGExplainer.npz,2026-10-10T13:51:24
1:200_subil_TAGCN_focal_loss_s43,43,1:200_subil,TAGCN,focal_loss,ShapleyFeatures,False,ok,,0.022335631447894,0.0292739083956911,-0.0353344761151973,0.0079911963310938,0.01328824348518,30.0,7.0,29.0,5.0,20.0,20.0,0.9966053484817504,0.0017870533844514,0.995314889274325,0.9639723446116332,,,,0.9966053484817504,27.0,27.0,0.0,0.0,,no_aplica,no_aplica,0.0,,,,24.3,0.81,cuda,rankings/1-200_subil_TAGCN_focal_loss_s43__ShapleyFeatures.npz,2026-10-10T13:51:49
1:200_subil_TAGCN_none_s43,43,1:200_subil,TAGCN,none,GNNExplainer,False,ok,,0.0253505868856865,0.0,-0.0056681770541962,0.0058629804899013,0.0153401001240067,30.0,0.0,23.0,5.0,20.0,20.0,0.8971034004264616,0.0405699717920942,,0.5618790977360268,0.0615913803461647,,0.5785754012394724,0.8971034004264616,30.0,30.0,7.0,7.0,,,,1.0,,,,47.2,1.57,cuda,rankings/1-200_subil_TAGCN_none_s43__GNNExplainer.npz,2026-10-10T13:52:38
1:200_subil_TAGCN_none_s43,43,1:200_subil,TAGCN,none,PGExplainer,False,ok,,0.0253505868856865,0.0,-0.0056681770541962,0.0058629804899013,0.0153401001240067,30.0,0.0,23.0,5.0,20.0,20.0,,,,,0.7428571428571429,,0.7,0.7428571428571429,14.0,0.0,14.0,16.0,no_aplica,,,2.0,50.0,25.0,0.0,121.8,4.06,cuda,rankings/1-200_subil_TAGCN_none_s43__PGExplainer.npz,2026-10-10T13:54:40
1:200_subil_TAGCN_none_s43,43,1:200_subil,TAGCN,none,ShapleyFeatures,False,ok,,0.0253505868856865,0.0,-0.0056681770541962,0.0058629804899013,0.0153401001240067,30.0,0.0,23.0,5.0,20.0,20.0,0.9932980760931356,0.0059765763986187,,0.9483167838218134,,,,0.9932980760931356,27.0,27.0,0.0,0.0,,no_aplica,no_aplica,0.0,,,,28.5,0.95,cuda,rankings/1-200_subil_TAGCN_none_s43__ShapleyFeatures.npz,2026-10-10T13:55:09
1:200_subil_GCN_class_weighting_s44,44,1:200_subil,GCN,class_weighting,GNNExplainer,False,ok,,0.042278519603965,0.0797924099902692,0.0810327939325193,0.0062125284203288,0.0075934579439252,30.0,14.0,10.0,5.0,20.0,20.0,0.9411401720219968,0.0264153399758137,0.9468431948175868,0.7918093219164795,0.0624999999999999,0.1428571428571428,0.5333333333333333,0.9411401720219968,30.0,30.0,16.0,16.0,,,,2.0,,,,34.2,1.14,cuda,rankings/1-200_subil_GCN_class_weighting_s44__GNNExplainer.npz,2026-10-10T13:55:48
1:200_subil_GCN_class_weighting_s44,44,1:200_subil,GCN,class_weighting,PGExplainer,False,ok,,0.042278519603965,0.0797924099902692,0.0810327939325193,0.0062125284203288,0.0075934579439252,30.0,14.0,10.0,5.0,20.0,20.0,,,,,0.8416666666666666,0.8285714285714285,0.675,0.8416666666666666,16.0,0.0,16.0,16.0,no_aplica,,,2.0,50.0,25.0,0.0,89.3,2.98,cuda,rankings/1-200_subil_GCN_class_weighting_s44__PGExplainer.npz,2026-10-10T13:57:18
1:200_subil_GCN_class_weighting_s44,44,1:200_subil,GCN,class_weighting,ShapleyFeatures,False,ok,,0.042278519603965,0.0797924099902692,0.0810327939325193,0.0062125284203288,0.0075934579439252,30.0,14.0,10.0,5.0,20.0,20.0,0.9964938554466676,0.0030674757431664,0.9977803516449358,0.965909268650145,,,,0.9964938554466676,27.0,27.0,0.0,0.0,,no_aplica,no_aplica,0.0,,,,24.9,0.83,cuda,rankings/1-200_subil_GCN_class_weighting_s44__ShapleyFeatures.npz,2026-10-10T13:57:43
1:200_subil_GCN_focal_loss_s44,44,1:200_subil,GCN,focal_loss,GNNExplainer,False,ok,,0.0916914179171745,0.1218101395032324,0.0994776136583868,0.0079445586727645,0.0092421441774491,30.0,2.0,2.0,5.0,20.0,20.0,0.921601049948891,0.0337815385647249,0.9379615716436612,0.7564313741790674,-3.469446951953614e-18,0.1999999999999999,0.4958333333333333,0.921601049948891,30.0,30.0,16.0,16.0,,,,2.0,,,,33.8,1.13,cuda,rankings/1-200_subil_GCN_focal_loss_s44__GNNExplainer.npz,2026-10-10T13:58:17
1:200_subil_GCN_focal_loss_s44,44,1:200_subil,GCN,focal_loss,PGExplainer,False,ok,,0.0916914179171745,0.1218101395032324,0.0994776136583868,0.0079445586727645,0.0092421441774491,30.0,2.0,2.0,5.0,20.0,20.0,,,,,0.4266666666666666,-0.1999999999999999,0.6375,0.4266666666666666,15.0,0.0,15.0,16.0,no_aplica,,,2.0,50.0,25.0,0.0,91.2,3.04,cuda,rankings/1-200_subil_GCN_focal_loss_s44__PGExplainer.npz,2026-10-10T13:59:49
1:200_subil_GCN_focal_loss_s44,44,1:200_subil,GCN,focal_loss,ShapleyFeatures,False,ok,,0.0916914179171745,0.1218101395032324,0.0994776136583868,0.0079445586727645,0.0092421441774491,30.0,2.0,2.0,5.0,20.0,20.0,0.9978909902923154,0.001528370587392,0.9988762586301676,0.9705797409347164,,,,0.9978909902923154,27.0,27.0,0.0,0.0,,no_aplica,no_aplica,0.0,,,,24.9,0.83,cuda,rankings/1-200_subil_GCN_focal_loss_s44__ShapleyFeatures.npz,2026-10-10T14:00:14
1:200_subil_GCN_none_s44,44,1:200_subil,GCN,none,GNNExplainer,False,ok,,0.0173584077993136,0.0287654386996738,-0.0555075817539415,0.0043182710956984,0.0109767105975807,30.0,13.0,29.0,5.0,20.0,20.0,0.9262664098711686,0.0272466976420383,0.942052827502019,0.7686441100673372,0.1875,0.1333333333333333,0.6041666666666666,0.9262664098711686,30.0,30.0,16.0,16.0,,,,2.0,,,,42.8,1.43,cuda,rankings/1-200_subil_GCN_none_s44__GNNExplainer.npz,2026-10-10T14:00:57
1:200_subil_GCN_none_s44,44,1:200_subil,GCN,none,PGExplainer,False,ok,,0.0173584077993136,0.0287654386996738,-0.0555075817539415,0.0043182710956984,0.0109767105975807,30.0,13.0,29.0,5.0,20.0,20.0,,,,,0.0323317455968059,0.3111645496846301,0.5499999999999999,0.0323317455968059,16.0,0.0,16.0,16.0,no_aplica,,,2.0,50.0,25.0,0.0,114.1,3.8,cuda,rankings/1-200_subil_GCN_none_s44__PGExplainer.npz,2026-10-10T14:02:52
1:200_subil_GCN_none_s44,44,1:200_subil,GCN,none,ShapleyFeatures,False,ok,,0.0173584077993136,0.0287654386996738,-0.0555075817539415,0.0043182710956984,0.0109767105975807,30.0,13.0,29.0,5.0,20.0,20.0,0.9962703204925428,0.0026648933849121,0.9965971429348656,0.9682283247583772,,,,0.9962703204925428,27.0,27.0,0.0,0.0,,no_aplica,no_aplica,0.0,,,,26.4,0.88,cuda,rankings/1-200_subil_GCN_none_s44__ShapleyFeatures.npz,2026-10-10T14:03:18
1:200_subil_GraphSAGE_class_weighting_s44,44,1:200_subil,GraphSAGE,class_weighting,GNNExplainer,False,ok,,0.2238756361864748,0.2746521476104053,0.2802541422062316,0.0063353420186364,0.0,30.0,14.0,8.0,5.0,20.0,20.0,0.9146915137226556,0.0340978424730565,0.9287224486841518,0.706036190317843,0.1437499999999999,0.1199999999999999,0.5708333333333333,0.9146915137226556,30.0,30.0,16.0,16.0,,,,2.0,,,,28.1,0.94,cuda,rankings/1-200_subil_GraphSAGE_class_weighting_s44__GNNExplainer.npz,2026-10-10T14:03:52
1:200_subil_GraphSAGE_class_weighting_s44,44,1:200_subil,GraphSAGE,class_weighting,PGExplainer,False,ok,,0.2238756361864748,0.2746521476104053,0.2802541422062316,0.0063353420186364,0.0,30.0,14.0,8.0,5.0,20.0,20.0,,,,,0.3041666666666667,0.2733333333333333,0.5375000000000001,0.3041666666666667,16.0,0.0,16.0,16.0,no_aplica,,,2.0,50.0,25.0,0.0,72.0,2.4,cuda,rankings/1-200_subil_GraphSAGE_class_weighting_s44__PGExplainer.npz,2026-10-10T14:05:05
1:200_subil_GraphSAGE_class_weighting_s44,44,1:200_subil,GraphSAGE,class_weighting,ShapleyFeatures,False,ok,,0.2238756361864748,0.2746521476104053,0.2802541422062316,0.0063353420186364,0.0,30.0,14.0,8.0,5.0,20.0,20.0,0.9972738432139608,0.0020283349578099,0.9978276762348516,0.9704084881289968,,,,0.9972738432139608,27.0,27.0,0.0,0.0,,no_aplica,no_aplica,0.0,,,,23.1,0.77,cuda,rankings/1-200_subil_GraphSAGE_class_weighting_s44__ShapleyFeatures.npz,2026-10-10T14:05:28
1:200_subil_GraphSAGE_focal_loss_s44,44,1:200_subil,GraphSAGE,focal_loss,GNNExplainer,False,ok,,0.0231979590666455,0.0086430423509075,-0.0217351168127306,0.0088034282320294,0.0140138480036485,30.0,1.0,27.0,5.0,20.0,20.0,0.9096729590088664,0.042819389456479,0.8338494196183645,0.6808542688502787,0.128125,,0.5708333333333333,0.9096729590088664,30.0,30.0,16.0,16.0,,,,2.0,,,,32.0,1.07,cuda,rankings/1-200_subil_GraphSAGE_focal_loss_s44__GNNExplainer.npz,2026-10-10T14:06:01
1:200_subil_GraphSAGE_focal_loss_s44,44,1:200_subil,GraphSAGE,focal_loss,PGExplainer,False,ok,,0.0231979590666455,0.0086430423509075,-0.0217351168127306,0.0088034282320294,0.0140138480036485,30.0,1.0,27.0,5.0,20.0,20.0,,,,,-0.0665063509461097,,0.7208333333333333,-0.0665063509461097,4.0,0.0,4.0,16.0,no_aplica,,,2.0,50.0,25.0,0.0,86.1,2.87,cuda,rankings/1-200_subil_GraphSAGE_focal_loss_s44__PGExplainer.npz,2026-10-10T14:07:27
1:200_subil_GraphSAGE_focal_loss_s44,44,1:200_subil,GraphSAGE,focal_loss,ShapleyFeatures,False,ok,,0.0231979590666455,0.0086430423509075,-0.0217351168127306,0.0088034282320294,0.0140138480036485,30.0,1.0,27.0,5.0,20.0,20.0,0.99524180563495,0.0034530876527011,,0.9565154888032934,,,,0.99524180563495,27.0,27.0,0.0,0.0,,no_aplica,no_aplica,0.0,,,,23.8,0.79,cuda,rankings/1-200_subil_GraphSAGE_focal_loss_s44__ShapleyFeatures.npz,2026-10-10T14:07:51
1:200_subil_GraphSAGE_none_s44,44,1:200_subil,GraphSAGE,none,GNNExplainer,False,ok,,0.0260836799339111,0.0,0.0,0.0077096035240018,0.0141427618412274,30.0,0.0,6.0,5.0,20.0,20.0,0.8900312479829727,0.0340416582107182,,0.5492218804555657,0.1687499999999999,,0.5833333333333333,0.8900312479829727,30.0,30.0,16.0,16.0,,,,2.0,,,,27.1,0.9,cuda,rankings/1-200_subil_GraphSAGE_none_s44__GNNExplainer.npz,2026-10-10T14:08:19
1:200_subil_GraphSAGE_none_s44,44,1:200_subil,GraphSAGE,none,PGExplainer,False,ok,,0.0260836799339111,0.0,0.0,0.0077096035240018,0.0141427618412274,30.0,0.0,6.0,5.0,20.0,20.0,,,,,1.0,,0.85,1.0,8.0,0.0,8.0,16.0,no_aplica,,,2.0,50.0,25.0,0.0,71.9,2.4,cuda,rankings/1-200_subil_GraphSAGE_none_s44__PGExplainer.npz,2026-10-10T14:09:31
1:200_subil_GraphSAGE_none_s44,44,1:200_subil,GraphSAGE,none,ShapleyFeatures,False,ok,,0.0260836799339111,0.0,0.0,0.0077096035240018,0.0141427618412274,30.0,0.0,6.0,5.0,20.0,20.0,0.9971130618655114,0.0021300491911992,,0.955341166255623,,,,0.9971130618655114,27.0,27.0,0.0,0.0,,no_aplica,no_aplica,0.0,,,,22.9,0.76,cuda,rankings/1-200_subil_GraphSAGE_none_s44__ShapleyFeatures.npz,2026-10-10T14:09:55
1:200_subil_GAT_class_weighting_s44,44,1:200_subil,GAT,class_weighting,GNNExplainer,False,ok,,0.2710628749263465,0.1535875617186679,0.2148118094759831,0.0084880421082527,0.0370860927152317,30.0,24.0,13.0,5.0,20.0,20.0,0.9387035412860232,0.0253202189845995,0.9384198363128794,0.8211299359880289,0.1937499999999999,0.1428571428571428,0.5958333333333333,0.9387035412860232,30.0,30.0,16.0,16.0,,,,2.0,,,,43.5,1.45,cuda,rankings/1-200_subil_GAT_class_weighting_s44__GNNExplainer.npz,2026-10-10T14:10:44
1:200_subil_GAT_class_weighting_s44,44,1:200_subil,GAT,class_weighting,PGExplainer,False,ok,,0.2710628749263465,0.1535875617186679,0.2148118094759831,0.0084880421082527,0.0370860927152317,30.0,24.0,13.0,5.0,20.0,20.0,,,,,0.7016746824526945,0.7428571428571428,0.675,0.7016746824526945,16.0,0.0,16.0,16.0,no_aplica,,,2.0,50.0,25.0,0.0,110.5,3.68,cuda,rankings/1-200_subil_GAT_class_weighting_s44__PGExplainer.npz,2026-10-10T14:12:35
1:200_subil_GAT_class_weighting_s44,44,1:200_subil,GAT,class_weighting,ShapleyFeatures,False,ok,,0.2710628749263465,0.1535875617186679,0.2148118094759831,0.0084880421082527,0.0370860927152317,30.0,24.0,13.0,5.0,20.0,20.0,0.997862867558074,0.0016975935833937,0.9982565668292362,0.9600541900284192,,,,0.997862867558074,27.0,27.0,0.0,0.0,,no_aplica,no_aplica,0.0,,,,26.3,0.88,cuda,rankings/1-200_subil_GAT_class_weighting_s44__ShapleyFeatures.npz,2026-10-10T14:13:02
1:200_subil_GAT_focal_loss_s44,44,1:200_subil,GAT,focal_loss,GNNExplainer,False,ok,,0.1399022435630551,0.2061176470588235,0.1855573903279164,0.0048513773410195,0.0,30.0,6.0,6.0,5.0,20.0,20.0,0.9178575209870182,0.0358922799829357,0.9446582937944632,0.7190550890902541,0.1218749999999999,0.0399999999999999,0.5583333333333333,0.9178575209870182,30.0,30.0,16.0,16.0,,,,2.0,,,,44.3,1.48,cuda,rankings/1-200_subil_GAT_focal_loss_s44__GNNExplainer.npz,2026-10-10T14:13:48
1:200_subil_GAT_focal_loss_s44,44,1:200_subil,GAT,focal_loss,PGExplainer,False,ok,,0.1399022435630551,0.2061176470588235,0.1855573903279164,0.0048513773410195,0.0,30.0,6.0,6.0,5.0,20.0,20.0,,,,,0.7999999999999999,0.7999999999999999,0.7125,0.7999999999999999,16.0,0.0,16.0,16.0,no_aplica,,,2.0,50.0,25.0,0.0,110.1,3.67,cuda,rankings/1-200_subil_GAT_focal_loss_s44__PGExplainer.npz,2026-10-10T14:15:38
1:200_subil_GAT_focal_loss_s44,44,1:200_subil,GAT,focal_loss,ShapleyFeatures,False,ok,,0.1399022435630551,0.2061176470588235,0.1855573903279164,0.0048513773410195,0.0,30.0,6.0,6.0,5.0,20.0,20.0,0.9932207165372486,0.0119708982207459,0.999105815285975,0.9446106477247884,,,,0.9932207165372486,27.0,27.0,0.0,0.0,,no_aplica,no_aplica,0.0,,,,26.2,0.87,cuda,rankings/1-200_subil_GAT_focal_loss_s44__ShapleyFeatures.npz,2026-10-10T14:16:04
1:200_subil_GAT_none_s44,44,1:200_subil,GAT,none,GNNExplainer,False,ok,,0.0473074488448585,0.0863910822108685,0.0609915241163848,0.0044835658694889,0.0014419610670511,30.0,2.0,2.0,5.0,20.0,20.0,0.8869310188006991,0.0609633130510232,0.963187287427412,0.4876520076481835,0.0187499999999999,,0.5083333333333333,0.8869310188006991,30.0,30.0,16.0,16.0,,,,2.0,,,,42.9,1.43,cuda,rankings/1-200_subil_GAT_none_s44__GNNExplainer.npz,2026-10-10T14:16:49
1:200_subil_GAT_none_s44,44,1:200_subil,GAT,none,PGExplainer,False,ok,,0.0473074488448585,0.0863910822108685,0.0609915241163848,0.0044835658694889,0.0014419610670511,30.0,2.0,2.0,5.0,20.0,20.0,,,,,0.3333333333333333,,0.825,0.3333333333333333,4.0,0.0,4.0,16.0,no_aplica,,,2.0,50.0,25.0,0.0,112.2,3.74,cuda,rankings/1-200_subil_GAT_none_s44__PGExplainer.npz,2026-10-10T14:18:41
1:200_subil_GAT_none_s44,44,1:200_subil,GAT,none,ShapleyFeatures,False,ok,,0.0473074488448585,0.0863910822108685,0.0609915241163848,0.0044835658694889,0.0014419610670511,30.0,2.0,2.0,5.0,20.0,20.0,0.936983198449868,0.1237249699350611,0.9981065480538434,0.7879185085319176,,,,0.936983198449868,23.0,23.0,0.0,0.0,,no_aplica,no_aplica,0.0,,,,26.0,0.87,cuda,rankings/1-200_subil_GAT_none_s44__ShapleyFeatures.npz,2026-10-10T14:19:08
1:200_subil_TAGCN_class_weighting_s44,44,1:200_subil,TAGCN,class_weighting,GNNExplainer,False,ok,,0.1209050163308938,0.1674432149097262,0.2038068982511612,0.0066540092397653,0.0054466230936819,30.0,22.0,14.0,5.0,20.0,20.0,0.9017706294386526,0.0373396448160543,0.8874002558110093,0.6059701000360241,0.0857710622469172,-1.3877787807814457e-17,0.5779609619153556,0.9017706294386526,30.0,30.0,7.0,7.0,,,,1.0,,,,49.9,1.66,cuda,rankings/1-200_subil_TAGCN_class_weighting_s44__GNNExplainer.npz,2026-10-10T14:20:04
1:200_subil_TAGCN_class_weighting_s44,44,1:200_subil,TAGCN,class_weighting,PGExplainer,False,ok,,0.1209050163308938,0.1674432149097262,0.2038068982511612,0.0066540092397653,0.0054466230936819,30.0,22.0,14.0,5.0,20.0,20.0,,,,,0.1191239415089817,-0.16,0.5833333333333333,0.1191239415089817,16.0,0.0,16.0,16.0,no_aplica,,,2.0,50.0,25.0,0.0,134.6,4.49,cuda,rankings/1-200_subil_TAGCN_class_weighting_s44__PGExplainer.npz,2026-10-10T14:22:19
1:200_subil_TAGCN_class_weighting_s44,44,1:200_subil,TAGCN,class_weighting,ShapleyFeatures,False,ok,,0.1209050163308938,0.1674432149097262,0.2038068982511612,0.0066540092397653,0.0054466230936819,30.0,22.0,14.0,5.0,20.0,20.0,0.9923965549975357,0.0065291708967897,0.9923271581023768,0.945058269675445,,,,0.9923965549975357,27.0,27.0,0.0,0.0,,no_aplica,no_aplica,0.0,,,,29.1,0.97,cuda,rankings/1-200_subil_TAGCN_class_weighting_s44__ShapleyFeatures.npz,2026-10-10T14:22:49
1:200_subil_TAGCN_focal_loss_s44,44,1:200_subil,TAGCN,focal_loss,GNNExplainer,False,ok,,0.0244003167486236,0.03384658066306,-0.0139284127550668,0.0083967588460121,0.0146081752981035,30.0,4.0,26.0,5.0,20.0,20.0,0.907861563764206,0.038499493631766,0.8951595187477013,0.6564197633496828,0.1884210526315789,0.1999999999999999,0.7238095238095239,0.907861563764206,30.0,30.0,7.0,7.0,,,,1.0,,,,40.7,1.36,cuda,rankings/1-200_subil_TAGCN_focal_loss_s44__GNNExplainer.npz,2026-10-10T14:23:31
1:200_subil_TAGCN_focal_loss_s44,44,1:200_subil,TAGCN,focal_loss,PGExplainer,False,ok,,0.0244003167486236,0.03384658066306,-0.0139284127550668,0.0083967588460121,0.0146081752981035,30.0,4.0,26.0,5.0,20.0,20.0,,,,,0.4308413491193611,1.0,0.55,0.4308413491193611,16.0,0.0,16.0,16.0,no_aplica,,,2.0,50.0,25.0,0.0,104.4,3.48,cuda,rankings/1-200_subil_TAGCN_focal_loss_s44__PGExplainer.npz,2026-10-10T14:25:15
1:200_subil_TAGCN_focal_loss_s44,44,1:200_subil,TAGCN,focal_loss,ShapleyFeatures,False,ok,,0.0244003167486236,0.03384658066306,-0.0139284127550668,0.0083967588460121,0.0146081752981035,30.0,4.0,26.0,5.0,20.0,20.0,0.9949481959779584,0.0039424870781555,0.99553071280995,0.9627833045448808,,,,0.9949481959779584,27.0,27.0,0.0,0.0,,no_aplica,no_aplica,0.0,,,,25.8,0.86,cuda,rankings/1-200_subil_TAGCN_focal_loss_s44__ShapleyFeatures.npz,2026-10-10T14:25:41
1:200_subil_TAGCN_none_s44,44,1:200_subil,TAGCN,none,GNNExplainer,False,ok,,0.0308132016699507,0.0,0.0,0.0064039121237833,0.0142679386146827,30.0,0.0,16.0,5.0,20.0,20.0,0.9028203128116812,0.0393184849257569,,0.6102331864660404,0.0771038318431128,,0.5762677626415111,0.9028203128116812,30.0,30.0,7.0,7.0,,,,1.0,,,,52.3,1.74,cuda,rankings/1-200_subil_TAGCN_none_s44__GNNExplainer.npz,2026-10-10T14:26:35
1:200_subil_TAGCN_none_s44,44,1:200_subil,TAGCN,none,PGExplainer,False,ok,,0.0308132016699507,0.0,0.0,0.0064039121237833,0.0142679386146827,30.0,0.0,16.0,5.0,20.0,20.0,,,,,0.5547619047619048,,0.6333333333333333,0.5547619047619048,14.0,0.0,14.0,16.0,no_aplica,,,2.0,50.0,25.0,0.0,133.6,4.45,cuda,rankings/1-200_subil_TAGCN_none_s44__PGExplainer.npz,2026-10-10T14:28:49
1:200_subil_TAGCN_none_s44,44,1:200_subil,TAGCN,none,ShapleyFeatures,False,ok,,0.030813201669950715,0.0,0.0,0.006403912123783353,0.014267938614682705,30.0,0.0,16.0,5.0,20.0,20.0,0.9923815950175192,0.008807351585183101,,0.9509222157563667,,,,0.9923815950175192,27.0,27.0,0.0,0.0,,no_aplica,no_aplica,0.0,,,,29.1,0.97,cuda,rankings/1-200_subil_TAGCN_none_s44__ShapleyFeatures.npz,2026-10-10T14:29:19
