run_id,seed,scenario,arch,balancing,explainer,node,tp,prob_illicit,node_reason,n_edges,spearman_full,spearman_full_reason,spearman_topk,spearman_edges,spearman_edges_reason,jaccard_edges_topk,jaccard_edges_topk_reason,seconds
native_GraphSAGE_class_weighting,42,native,GraphSAGE,class_weighting,GNNExplainer,139670,True,0.9760352373123168,,1,0.9199462290577742,,0.8539579349904398,,menos_de_2_aristas,,menos_de_2_aristas,0.9424557089805604
native_GraphSAGE_class_weighting,42,native,GraphSAGE,class_weighting,GNNExplainer,139873,True,0.9309696555137634,,1,0.9637467887094038,,0.8530542854767645,,menos_de_2_aristas,,menos_de_2_aristas,0.7796761989593506
native_GraphSAGE_class_weighting,42,native,GraphSAGE,class_weighting,GNNExplainer,140575,True,0.9643498063087464,,2,0.9518175288989704,,0.8914032754177403,0.1999999999999999,,0.6,,0.7642579674720764
native_GraphSAGE_class_weighting,42,native,GraphSAGE,class_weighting,GNNExplainer,141068,True,0.970831573009491,,1,0.9490266672126066,,0.8970745697896749,,menos_de_2_aristas,,menos_de_2_aristas,0.7885415554046631
native_GraphSAGE_class_weighting,42,native,GraphSAGE,class_weighting,GNNExplainer,148220,True,0.9934089183807372,,2,0.9740514317486794,,0.8853778368941725,0.1999999999999999,,0.6,,0.7817760705947876
native_GraphSAGE_class_weighting,42,native,GraphSAGE,class_weighting,GNNExplainer,150129,False,0.3317113518714905,,0,0.9515495514645268,,0.9245930667553413,,menos_de_2_aristas,,menos_de_2_aristas,0.7087090015411377
native_GraphSAGE_class_weighting,42,native,GraphSAGE,class_weighting,GNNExplainer,150346,True,0.606074333190918,,0,0.9615727664861392,,0.9448865242331032,,menos_de_2_aristas,,menos_de_2_aristas,0.6993672251701355
native_GraphSAGE_class_weighting,42,native,GraphSAGE,class_weighting,GNNExplainer,150528,True,0.978196144104004,,2,0.975302894574772,,0.7327192617840219,0.1999999999999999,,0.6,,0.7845089435577393
native_GraphSAGE_class_weighting,42,native,GraphSAGE,class_weighting,GNNExplainer,152223,False,0.1396340131759643,,2,0.9720300112473595,,0.8028364785102668,0.1999999999999999,,0.6,,0.7743103504180908
native_GraphSAGE_class_weighting,42,native,GraphSAGE,class_weighting,GNNExplainer,152280,True,0.7685316801071167,,1,0.9391253807920474,,0.7994729403940477,,menos_de_2_aristas,,menos_de_2_aristas,0.7583600878715515
native_GraphSAGE_class_weighting,42,native,GraphSAGE,class_weighting,GNNExplainer,153599,True,0.9704684615135192,,2,0.9630864892240164,,0.8495485909053121,0.1999999999999999,,0.6,,0.7437145709991455
native_GraphSAGE_class_weighting,42,native,GraphSAGE,class_weighting,GNNExplainer,155856,True,0.5230329632759094,,2,0.9764905761261864,,0.7118787929171171,0.1999999999999999,,0.6,,0.7665519118309021
native_GraphSAGE_class_weighting,42,native,GraphSAGE,class_weighting,GNNExplainer,158611,False,0.0540026016533374,,3,0.9426524783243564,,0.8146645606451077,0.2,,0.5333333333333332,,0.7311668992042542
native_GraphSAGE_class_weighting,42,native,GraphSAGE,class_weighting,GNNExplainer,158949,True,0.8976501822471619,,2,0.9748348512796866,,0.836051209576856,0.1999999999999999,,0.6,,0.7580839991569519
native_GraphSAGE_class_weighting,42,native,GraphSAGE,class_weighting,GNNExplainer,159862,False,0.4961327612400055,,0,0.9704104507147008,,0.9059057278244242,,menos_de_2_aristas,,menos_de_2_aristas,0.6607456207275391
native_GraphSAGE_class_weighting,42,native,GraphSAGE,class_weighting,GNNExplainer,161504,True,0.9968873858451844,,2,0.9461827909574624,,0.8431498877712196,0.1999999999999999,,0.6,,0.7562776803970337
native_GraphSAGE_class_weighting,42,native,GraphSAGE,class_weighting,GNNExplainer,163852,True,0.8108503222465515,,2,0.9884028660341976,,0.8303100839637543,-0.1999999999999999,,0.4,,0.7555037140846252
native_GraphSAGE_class_weighting,42,native,GraphSAGE,class_weighting,GNNExplainer,165001,True,0.637310266494751,,1,0.9773866125998568,,0.8543536453570537,,menos_de_2_aristas,,menos_de_2_aristas,0.7816228866577148
native_GraphSAGE_class_weighting,42,native,GraphSAGE,class_weighting,GNNExplainer,168077,False,0.4534425139427185,,1,0.9225632637352064,,0.7512885526643944,,menos_de_2_aristas,,menos_de_2_aristas,0.7932752370834351
native_GraphSAGE_class_weighting,42,native,GraphSAGE,class_weighting,GNNExplainer,168167,True,0.5750666856765747,,1,0.9675649620230594,,0.8707964086790257,,menos_de_2_aristas,,menos_de_2_aristas,0.7239503264427185
native_GraphSAGE_class_weighting,42,native,GraphSAGE,class_weighting,GNNExplainer,168250,False,0.2692498862743377,,1,0.9695546448459436,,0.7207107822761659,,menos_de_2_aristas,,menos_de_2_aristas,0.7868044972419739
native_GraphSAGE_class_weighting,42,native,GraphSAGE,class_weighting,GNNExplainer,170168,True,0.9730228185653688,,2,0.9757527574044008,,0.8381461468118714,0.1999999999999999,,0.6,,0.7771331071853638
native_GraphSAGE_class_weighting,42,native,GraphSAGE,class_weighting,GNNExplainer,170185,True,0.5995490550994873,,2,0.9824211970214436,,0.7876548341508023,0.1999999999999999,,0.6,,0.742355227470398
native_GraphSAGE_class_weighting,42,native,GraphSAGE,class_weighting,GNNExplainer,171111,False,0.2678660750389099,,2,0.9735462740048152,,0.838729736470197,0.1999999999999999,,0.6,,0.7382229566574097
native_GraphSAGE_class_weighting,42,native,GraphSAGE,class_weighting,GNNExplainer,171381,True,0.9900636076927184,,2,0.9754863444617194,,0.7625870812203841,-0.1999999999999999,,0.4,,0.7721434831619263
native_GraphSAGE_class_weighting,42,native,GraphSAGE,class_weighting,GNNExplainer,172466,True,0.9810686707496644,,2,0.9642732556519608,,0.8494155790173746,0.1999999999999999,,0.6,,0.7915886640548706
native_GraphSAGE_class_weighting,42,native,GraphSAGE,class_weighting,GNNExplainer,172476,True,0.9305436611175536,,2,0.966558655551174,,0.7342854767644859,0.1999999999999999,,0.6,,0.7860046625137329
native_GraphSAGE_class_weighting,42,native,GraphSAGE,class_weighting,GNNExplainer,172625,False,0.0806523635983467,,1,0.9598127180801824,,0.7055623908886857,,menos_de_2_aristas,,menos_de_2_aristas,0.7809868454933167
native_GraphSAGE_class_weighting,42,native,GraphSAGE,class_weighting,GNNExplainer,172800,True,0.9578181505203248,,1,0.9530704607046072,,0.8734608030592735,,menos_de_2_aristas,,menos_de_2_aristas,0.7860840559005737
native_GraphSAGE_class_weighting,42,native,GraphSAGE,class_weighting,GNNExplainer,173595,True,0.8168449401855469,,1,0.9699854664825271,,0.8242996092775792,,menos_de_2_aristas,,menos_de_2_aristas,0.7797755002975464
native_GraphSAGE_class_weighting,42,native,GraphSAGE,class_weighting,PGExplainer,139670,True,0.9760352373123168,,1,,no_aplica,,,menos_de_2_aristas,,menos_de_2_aristas,2.0526609420776367
native_GraphSAGE_class_weighting,42,native,GraphSAGE,class_weighting,PGExplainer,139873,True,0.9309696555137634,,1,,no_aplica,,,menos_de_2_aristas,,menos_de_2_aristas,2.052264928817749
native_GraphSAGE_class_weighting,42,native,GraphSAGE,class_weighting,PGExplainer,140575,True,0.9643498063087464,,2,,no_aplica,,0.1999999999999999,,0.6,,2.0523123741149902
native_GraphSAGE_class_weighting,42,native,GraphSAGE,class_weighting,PGExplainer,141068,True,0.970831573009491,,1,,no_aplica,,,menos_de_2_aristas,,menos_de_2_aristas,2.052067279815674
native_GraphSAGE_class_weighting,42,native,GraphSAGE,class_weighting,PGExplainer,148220,True,0.9934089183807372,,2,,no_aplica,,1.0,,0.6,,2.052165508270264
native_GraphSAGE_class_weighting,42,native,GraphSAGE,class_weighting,PGExplainer,150129,False,0.3317113518714905,,0,,no_aplica,,,menos_de_2_aristas,,menos_de_2_aristas,2.051517963409424
native_GraphSAGE_class_weighting,42,native,GraphSAGE,class_weighting,PGExplainer,150346,True,0.606074333190918,,0,,no_aplica,,,menos_de_2_aristas,,menos_de_2_aristas,2.051453113555908
native_GraphSAGE_class_weighting,42,native,GraphSAGE,class_weighting,PGExplainer,150528,True,0.978196144104004,,2,,no_aplica,,-0.1999999999999999,,0.4,,2.0521328449249268
native_GraphSAGE_class_weighting,42,native,GraphSAGE,class_weighting,PGExplainer,152223,False,0.1396340131759643,,2,,no_aplica,,0.0,,0.6,,2.0520825386047363
native_GraphSAGE_class_weighting,42,native,GraphSAGE,class_weighting,PGExplainer,152280,True,0.7685316801071167,,1,,no_aplica,,,menos_de_2_aristas,,menos_de_2_aristas,2.0520615577697754
native_GraphSAGE_class_weighting,42,native,GraphSAGE,class_weighting,PGExplainer,153599,True,0.9704684615135192,,2,,no_aplica,,0.1999999999999999,,0.6,,2.052084445953369
native_GraphSAGE_class_weighting,42,native,GraphSAGE,class_weighting,PGExplainer,155856,True,0.5230329632759094,,2,,no_aplica,,-0.1999999999999999,,0.4,,2.05204176902771
native_GraphSAGE_class_weighting,42,native,GraphSAGE,class_weighting,PGExplainer,158611,False,0.0540026016533374,,3,,no_aplica,,0.0,,0.4666666666666666,,2.0520453453063965
native_GraphSAGE_class_weighting,42,native,GraphSAGE,class_weighting,PGExplainer,158949,True,0.8976501822471619,,2,,no_aplica,,-0.1999999999999999,,0.4,,2.052101850509644
native_GraphSAGE_class_weighting,42,native,GraphSAGE,class_weighting,PGExplainer,159862,False,0.4961327612400055,,0,,no_aplica,,,menos_de_2_aristas,,menos_de_2_aristas,2.051480293273926
native_GraphSAGE_class_weighting,42,native,GraphSAGE,class_weighting,PGExplainer,161504,True,0.9968873858451844,,2,,no_aplica,,1.0,,1.0,,2.0521531105041504
native_GraphSAGE_class_weighting,42,native,GraphSAGE,class_weighting,PGExplainer,163852,True,0.8108503222465515,,2,,no_aplica,,-0.1999999999999999,,0.4,,2.052165269851685
native_GraphSAGE_class_weighting,42,native,GraphSAGE,class_weighting,PGExplainer,165001,True,0.637310266494751,,1,,no_aplica,,,menos_de_2_aristas,,menos_de_2_aristas,2.0520951747894287
native_GraphSAGE_class_weighting,42,native,GraphSAGE,class_weighting,PGExplainer,168077,False,0.4534425139427185,,1,,no_aplica,,,menos_de_2_aristas,,menos_de_2_aristas,2.0520918369293213
native_GraphSAGE_class_weighting,42,native,GraphSAGE,class_weighting,PGExplainer,168167,True,0.5750666856765747,,1,,no_aplica,,,menos_de_2_aristas,,menos_de_2_aristas,2.0521085262298584
native_GraphSAGE_class_weighting,42,native,GraphSAGE,class_weighting,PGExplainer,168250,False,0.2692498862743377,,1,,no_aplica,,,menos_de_2_aristas,,menos_de_2_aristas,2.052046537399292
native_GraphSAGE_class_weighting,42,native,GraphSAGE,class_weighting,PGExplainer,170168,True,0.9730228185653688,,2,,no_aplica,,-0.1999999999999999,,0.4,,2.0521461963653564
native_GraphSAGE_class_weighting,42,native,GraphSAGE,class_weighting,PGExplainer,170185,True,0.5995490550994873,,2,,no_aplica,,-0.1999999999999999,,0.4,,2.052086114883423
native_GraphSAGE_class_weighting,42,native,GraphSAGE,class_weighting,PGExplainer,171111,False,0.2678660750389099,,2,,no_aplica,,-0.1999999999999999,,0.4,,2.052073240280152
native_GraphSAGE_class_weighting,42,native,GraphSAGE,class_weighting,PGExplainer,171381,True,0.9900636076927184,,2,,no_aplica,,0.0,,0.4,,2.0521342754364014
native_GraphSAGE_class_weighting,42,native,GraphSAGE,class_weighting,PGExplainer,172466,True,0.9810686707496644,,2,,no_aplica,,-0.1999999999999999,,0.4,,2.0521483421325684
native_GraphSAGE_class_weighting,42,native,GraphSAGE,class_weighting,PGExplainer,172476,True,0.9305436611175536,,2,,no_aplica,,-0.1999999999999999,,0.4,,2.0521080493927
native_GraphSAGE_class_weighting,42,native,GraphSAGE,class_weighting,PGExplainer,172625,False,0.0806523635983467,,1,,no_aplica,,,menos_de_2_aristas,,menos_de_2_aristas,2.052066802978516
native_GraphSAGE_class_weighting,42,native,GraphSAGE,class_weighting,PGExplainer,172800,True,0.9578181505203248,,1,,no_aplica,,,menos_de_2_aristas,,menos_de_2_aristas,2.0520410537719727
native_GraphSAGE_class_weighting,42,native,GraphSAGE,class_weighting,PGExplainer,173595,True,0.8168449401855469,,1,,no_aplica,,,menos_de_2_aristas,,menos_de_2_aristas,2.052128314971924
native_GraphSAGE_class_weighting,42,native,GraphSAGE,class_weighting,ShapleyFeatures,139670,True,0.9760352373123168,,0,0.9921899728997292,,0.9726136835979714,,no_aplica,,no_aplica,0.7178728580474854
native_GraphSAGE_class_weighting,42,native,GraphSAGE,class_weighting,ShapleyFeatures,139873,True,0.9309696555137634,,0,0.997826516336104,,0.9455948125363705,,no_aplica,,no_aplica,0.7161087393760681
native_GraphSAGE_class_weighting,42,native,GraphSAGE,class_weighting,ShapleyFeatures,140575,True,0.9643498063087464,,0,0.9885860329439472,,0.9634159115470944,,no_aplica,,no_aplica,0.7188208699226379
native_GraphSAGE_class_weighting,42,native,GraphSAGE,class_weighting,ShapleyFeatures,141068,True,0.970831573009491,,0,0.9992244588830872,,0.9688652423310332,,no_aplica,,no_aplica,0.7206979990005493
native_GraphSAGE_class_weighting,42,native,GraphSAGE,class_weighting,ShapleyFeatures,148220,True,0.9934089183807372,,0,0.9969413651454614,,0.9667819436362124,,no_aplica,,no_aplica,0.7177183628082275
native_GraphSAGE_class_weighting,42,native,GraphSAGE,class_weighting,ShapleyFeatures,150129,False,0.3317113518714905,,0,,vector_constante,,,no_aplica,,no_aplica,0.53175950050354
native_GraphSAGE_class_weighting,42,native,GraphSAGE,class_weighting,ShapleyFeatures,150346,True,0.606074333190918,,0,,vector_constante,,,no_aplica,,no_aplica,0.5331667065620422
native_GraphSAGE_class_weighting,42,native,GraphSAGE,class_weighting,ShapleyFeatures,150528,True,0.978196144104004,,0,0.9961106843078674,,0.9350802227949122,,no_aplica,,no_aplica,0.7177610397338867
native_GraphSAGE_class_weighting,42,native,GraphSAGE,class_weighting,ShapleyFeatures,152223,False,0.1396340131759643,,0,0.9811088250624092,,0.8518904314573115,,no_aplica,,no_aplica,0.7155036926269531
native_GraphSAGE_class_weighting,42,native,GraphSAGE,class_weighting,ShapleyFeatures,152280,True,0.7685316801071167,,0,0.9889174558152594,,0.9683423393465792,,no_aplica,,no_aplica,0.714111328125
native_GraphSAGE_class_weighting,42,native,GraphSAGE,class_weighting,ShapleyFeatures,153599,True,0.9704684615135192,,0,0.9988450262259786,,0.9682350985119296,,no_aplica,,no_aplica,0.7166643738746643
native_GraphSAGE_class_weighting,42,native,GraphSAGE,class_weighting,ShapleyFeatures,155856,True,0.5230329632759094,,0,0.988179608956106,,0.8595768559314989,,no_aplica,,no_aplica,0.717268168926239
native_GraphSAGE_class_weighting,42,native,GraphSAGE,class_weighting,ShapleyFeatures,158611,False,0.0540026016533374,,0,0.9869183927585056,,0.9019910216975642,,no_aplica,,no_aplica,0.7149222493171692
native_GraphSAGE_class_weighting,42,native,GraphSAGE,class_weighting,ShapleyFeatures,158949,True,0.8976501822471619,,0,0.9990017706307508,,0.9338191038324052,,no_aplica,,no_aplica,0.7145087122917175
native_GraphSAGE_class_weighting,42,native,GraphSAGE,class_weighting,ShapleyFeatures,159862,False,0.4961327612400055,,0,,vector_constante,,,no_aplica,,no_aplica,0.531105101108551
native_GraphSAGE_class_weighting,42,native,GraphSAGE,class_weighting,ShapleyFeatures,161504,True,0.9968873858451844,,0,0.9865729467318816,,0.9632945381993516,,no_aplica,,no_aplica,0.7135154008865356
native_GraphSAGE_class_weighting,42,native,GraphSAGE,class_weighting,ShapleyFeatures,163852,True,0.8108503222465515,,0,0.9963960272692668,,0.9454800897830242,,no_aplica,,no_aplica,0.7140002250671387
native_GraphSAGE_class_weighting,42,native,GraphSAGE,class_weighting,ShapleyFeatures,165001,True,0.637310266494751,,0,0.997482588303187,,0.9277396292293624,,no_aplica,,no_aplica,0.7199938893318176
native_GraphSAGE_class_weighting,42,native,GraphSAGE,class_weighting,ShapleyFeatures,168077,False,0.4534425139427185,,0,0.981912311188344,,0.8199293374345332,,no_aplica,,no_aplica,0.7162120342254639
native_GraphSAGE_class_weighting,42,native,GraphSAGE,class_weighting,ShapleyFeatures,168167,True,0.5750666856765747,,0,0.9972265988103516,,0.9635273090032423,,no_aplica,,no_aplica,0.7198119759559631
native_GraphSAGE_class_weighting,42,native,GraphSAGE,class_weighting,ShapleyFeatures,168250,False,0.2692498862743377,,0,0.9860784732606994,,0.7489824590572782,,no_aplica,,no_aplica,0.7157604098320007
native_GraphSAGE_class_weighting,42,native,GraphSAGE,class_weighting,ShapleyFeatures,170168,True,0.9730228185653688,,0,0.991042448934824,,0.9998187713026848,,no_aplica,,no_aplica,0.7178494334220886
native_GraphSAGE_class_weighting,42,native,GraphSAGE,class_weighting,ShapleyFeatures,170185,True,0.5995490550994873,,0,0.9970321556971388,,0.9637368027267436,,no_aplica,,no_aplica,0.7218248248100281
native_GraphSAGE_class_weighting,42,native,GraphSAGE,class_weighting,ShapleyFeatures,171111,False,0.2678660750389099,,0,0.9975802351400184,,0.9170770637625736,,no_aplica,,no_aplica,0.7156870365142822
native_GraphSAGE_class_weighting,42,native,GraphSAGE,class_weighting,ShapleyFeatures,171381,True,0.9900636076927184,,0,0.9970957104971444,,0.9997888436278992,,no_aplica,,no_aplica,0.7150408029556274
native_GraphSAGE_class_weighting,42,native,GraphSAGE,class_weighting,ShapleyFeatures,172466,True,0.9810686707496644,,0,0.9987911683350988,,0.9997514340344168,,no_aplica,,no_aplica,0.715866208076477
native_GraphSAGE_class_weighting,42,native,GraphSAGE,class_weighting,ShapleyFeatures,172476,True,0.9305436611175536,,0,0.991678229711732,,0.883327791171336,,no_aplica,,no_aplica,0.7148708701133728
native_GraphSAGE_class_weighting,42,native,GraphSAGE,class_weighting,ShapleyFeatures,172625,False,0.0806523635983467,,0,0.9889960329569728,,0.7849156205835898,,no_aplica,,no_aplica,0.7212051749229431
native_GraphSAGE_class_weighting,42,native,GraphSAGE,class_weighting,ShapleyFeatures,172800,True,0.9578181505203248,,0,0.99811548672166,,0.9998910965167512,,no_aplica,,no_aplica,0.7181559801101685
native_GraphSAGE_class_weighting,42,native,GraphSAGE,class_weighting,ShapleyFeatures,173595,True,0.8168449401855469,,0,0.9993427201736668,,0.9999517831906226,,no_aplica,,no_aplica,0.7163683772087097
native_GraphSAGE_focal_loss,42,native,GraphSAGE,focal_loss,GNNExplainer,139670,False,0.4868287742137909,,1,0.8484574393869468,,0.7528780447252473,,menos_de_2_aristas,,menos_de_2_aristas,0.7512708902359009
native_GraphSAGE_focal_loss,42,native,GraphSAGE,focal_loss,GNNExplainer,139873,False,0.4590100347995758,,1,0.9145199634090896,,0.6731448998254219,,menos_de_2_aristas,,menos_de_2_aristas,0.8340533971786499
native_GraphSAGE_focal_loss,42,native,GraphSAGE,focal_loss,GNNExplainer,140575,True,0.5342330932617188,,2,0.910477991576734,,0.8766381245323801,0.1999999999999999,,0.6,,0.7782436609268188
native_GraphSAGE_focal_loss,42,native,GraphSAGE,focal_loss,GNNExplainer,141068,False,0.4943433701992035,,1,0.9388803748267128,,0.8777845207415413,,menos_de_2_aristas,,menos_de_2_aristas,0.7511643171310425
native_GraphSAGE_focal_loss,42,native,GraphSAGE,focal_loss,GNNExplainer,148220,True,0.7429518103599548,,2,0.93709341117598,,0.7803541441516336,0.1999999999999999,,0.6,,0.745316207408905
native_GraphSAGE_focal_loss,42,native,GraphSAGE,focal_loss,GNNExplainer,150129,False,0.1823974698781967,,0,0.8743913963916091,,0.7300989275916534,,menos_de_2_aristas,,menos_de_2_aristas,0.6693317890167236
native_GraphSAGE_focal_loss,42,native,GraphSAGE,focal_loss,GNNExplainer,150346,True,0.5271759629249573,,0,0.8874808725613944,,0.4190090614348657,,menos_de_2_aristas,,menos_de_2_aristas,0.6673403382301331
native_GraphSAGE_focal_loss,42,native,GraphSAGE,focal_loss,GNNExplainer,150528,True,0.7980822324752808,,2,0.9435966631207656,,0.5802277828580931,0.1999999999999999,,0.6,,0.8310864567756653
native_GraphSAGE_focal_loss,42,native,GraphSAGE,focal_loss,GNNExplainer,152223,False,0.2865603268146515,,2,0.9476992291443777,,0.7110499625904065,0.1999999999999999,,0.6,,0.7415884733200073
native_GraphSAGE_focal_loss,42,native,GraphSAGE,focal_loss,GNNExplainer,152280,True,0.6489633321762085,,1,0.8791510341510342,,0.7057228364785104,,menos_de_2_aristas,,menos_de_2_aristas,0.7370452284812927
native_GraphSAGE_focal_loss,42,native,GraphSAGE,focal_loss,GNNExplainer,153599,True,0.5330713391304016,,2,0.9534021720781046,,0.8104630476348824,0.1999999999999999,,0.6,,0.7817479968070984
native_GraphSAGE_focal_loss,42,native,GraphSAGE,focal_loss,GNNExplainer,155856,True,0.7504006624221802,,2,0.9417342601256518,,0.7908304929753096,0.1999999999999999,,0.6,,0.7382664084434509
native_GraphSAGE_focal_loss,42,native,GraphSAGE,focal_loss,GNNExplainer,158611,False,0.3457066118717193,,3,0.9380429608314034,,0.8132097431207914,0.1,,0.5333333333333332,,0.7352949380874634
native_GraphSAGE_focal_loss,42,native,GraphSAGE,focal_loss,GNNExplainer,158949,False,0.4772144854068756,,2,0.9517503458611944,,0.807900074819187,0.1999999999999999,,0.6,,0.7684970498085022
native_GraphSAGE_focal_loss,42,native,GraphSAGE,focal_loss,GNNExplainer,159862,False,0.1873523294925689,,0,0.8838100244779945,,0.4977121955274752,,menos_de_2_aristas,,menos_de_2_aristas,0.691645622253418
native_GraphSAGE_focal_loss,42,native,GraphSAGE,focal_loss,GNNExplainer,161504,True,0.5161390900611877,,2,0.923465272711238,,0.8315736968991605,-0.1999999999999999,,0.4,,0.7915939092636108
native_GraphSAGE_focal_loss,42,native,GraphSAGE,focal_loss,GNNExplainer,163852,True,0.5715566277503967,,2,0.9671323857742484,,0.7451259456313907,-0.1999999999999999,,0.4,,0.7499648928642273
native_GraphSAGE_focal_loss,42,native,GraphSAGE,focal_loss,GNNExplainer,165001,True,0.6715748310089111,,1,0.9407890235439176,,0.7677271593648682,,menos_de_2_aristas,,menos_de_2_aristas,0.7941287755966187
native_GraphSAGE_focal_loss,42,native,GraphSAGE,focal_loss,GNNExplainer,168077,False,0.3202017247676849,,1,0.8130237232325175,,0.6694521572865575,,menos_de_2_aristas,,menos_de_2_aristas,0.7400875091552734
native_GraphSAGE_focal_loss,42,native,GraphSAGE,focal_loss,GNNExplainer,168167,False,0.4656817615032196,,1,0.9149642520799552,,0.7368201845539946,,menos_de_2_aristas,,menos_de_2_aristas,0.7569045424461365
native_GraphSAGE_focal_loss,42,native,GraphSAGE,focal_loss,GNNExplainer,168250,False,0.3937816321849823,,1,0.9388230969270358,,0.7048715603957104,,menos_de_2_aristas,,menos_de_2_aristas,0.773118257522583
native_GraphSAGE_focal_loss,42,native,GraphSAGE,focal_loss,GNNExplainer,170168,True,0.601311981678009,,2,0.9520970270421588,,0.7921880455565716,0.1999999999999999,,0.6,,0.7992916107177734
native_GraphSAGE_focal_loss,42,native,GraphSAGE,focal_loss,GNNExplainer,170185,False,0.4611687064170837,,2,0.9509851072168412,,0.8520824673705214,0.1999999999999999,,0.6,,0.7766929864883423
native_GraphSAGE_focal_loss,42,native,GraphSAGE,focal_loss,GNNExplainer,171111,True,0.7023792266845703,,2,0.9563283130843736,,0.7731848033918032,-0.1999999999999999,,0.4,,0.7875983715057373
native_GraphSAGE_focal_loss,42,native,GraphSAGE,focal_loss,GNNExplainer,171381,True,0.5756120085716248,,2,0.9363595076093194,,0.7744184886524234,0.1999999999999999,,0.6,,0.7890165448188782
native_GraphSAGE_focal_loss,42,native,GraphSAGE,focal_loss,GNNExplainer,172466,True,0.6870306134223938,,2,0.9302609068770864,,0.7872524731897913,0.1999999999999999,,0.6,,0.7834489345550537
native_GraphSAGE_focal_loss,42,native,GraphSAGE,focal_loss,GNNExplainer,172476,False,0.3478135466575622,,2,0.9625307142246504,,0.7007689749771386,0.1999999999999999,,0.6,,0.7827707529067993
native_GraphSAGE_focal_loss,42,native,GraphSAGE,focal_loss,GNNExplainer,172625,False,0.2901371717453003,,1,0.9337252614223348,,0.7086241582841467,,menos_de_2_aristas,,menos_de_2_aristas,0.7848368287086487
native_GraphSAGE_focal_loss,42,native,GraphSAGE,focal_loss,GNNExplainer,172800,False,0.4041032195091247,,1,0.8629723577235774,,0.7248108737218388,,menos_de_2_aristas,,menos_de_2_aristas,0.7826928496360779
native_GraphSAGE_focal_loss,42,native,GraphSAGE,focal_loss,GNNExplainer,173595,False,0.4477579593658447,,1,0.9206785200396238,,0.7290547842713442,,menos_de_2_aristas,,menos_de_2_aristas,0.7819814682006836
native_GraphSAGE_focal_loss,42,native,GraphSAGE,focal_loss,PGExplainer,139670,False,0.4868287742137909,,1,,no_aplica,,,menos_de_2_aristas,,menos_de_2_aristas,2.05784273147583
native_GraphSAGE_focal_loss,42,native,GraphSAGE,focal_loss,PGExplainer,139873,False,0.4590100347995758,,1,,no_aplica,,,menos_de_2_aristas,,menos_de_2_aristas,2.057762384414673
native_GraphSAGE_focal_loss,42,native,GraphSAGE,focal_loss,PGExplainer,140575,True,0.5342330932617188,,2,,no_aplica,,-0.1999999999999999,,0.4,,2.057894229888916
native_GraphSAGE_focal_loss,42,native,GraphSAGE,focal_loss,PGExplainer,141068,False,0.4943433701992035,,1,,no_aplica,,,menos_de_2_aristas,,menos_de_2_aristas,2.057720422744751
native_GraphSAGE_focal_loss,42,native,GraphSAGE,focal_loss,PGExplainer,148220,True,0.7429518103599548,,2,,no_aplica,,-0.1999999999999999,,0.4,,2.057825326919556
native_GraphSAGE_focal_loss,42,native,GraphSAGE,focal_loss,PGExplainer,150129,False,0.1823974698781967,,0,,no_aplica,,,menos_de_2_aristas,,menos_de_2_aristas,2.057231903076172
native_GraphSAGE_focal_loss,42,native,GraphSAGE,focal_loss,PGExplainer,150346,True,0.5271759629249573,,0,,no_aplica,,,menos_de_2_aristas,,menos_de_2_aristas,2.057075262069702
native_GraphSAGE_focal_loss,42,native,GraphSAGE,focal_loss,PGExplainer,150528,True,0.7980822324752808,,2,,no_aplica,,-0.3333333333333333,,0.6,,2.0578362941741943
native_GraphSAGE_focal_loss,42,native,GraphSAGE,focal_loss,PGExplainer,152223,False,0.2865603268146515,,2,,no_aplica,,1.0,,1.0,,2.0577635765075684
native_GraphSAGE_focal_loss,42,native,GraphSAGE,focal_loss,PGExplainer,152280,True,0.6489633321762085,,1,,no_aplica,,,menos_de_2_aristas,,menos_de_2_aristas,2.057759523391724
native_GraphSAGE_focal_loss,42,native,GraphSAGE,focal_loss,PGExplainer,153599,True,0.5330713391304016,,2,,no_aplica,,-0.1999999999999999,,0.4,,2.057722806930542
native_GraphSAGE_focal_loss,42,native,GraphSAGE,focal_loss,PGExplainer,155856,True,0.7504006624221802,,2,,no_aplica,,-0.3333333333333333,,0.6,,2.057753086090088
native_GraphSAGE_focal_loss,42,native,GraphSAGE,focal_loss,PGExplainer,158611,False,0.3457066118717193,,3,,no_aplica,,-0.2440169358562924,,0.7333333333333333,,2.057697296142578
native_GraphSAGE_focal_loss,42,native,GraphSAGE,focal_loss,PGExplainer,158949,False,0.4772144854068756,,2,,no_aplica,,-0.1999999999999999,,0.4,,2.0577895641326904
native_GraphSAGE_focal_loss,42,native,GraphSAGE,focal_loss,PGExplainer,159862,False,0.1873523294925689,,0,,no_aplica,,,menos_de_2_aristas,,menos_de_2_aristas,2.0571539402008057
native_GraphSAGE_focal_loss,42,native,GraphSAGE,focal_loss,PGExplainer,161504,True,0.5161390900611877,,2,,no_aplica,,-0.1999999999999999,,0.4,,2.057698965072632
native_GraphSAGE_focal_loss,42,native,GraphSAGE,focal_loss,PGExplainer,163852,True,0.5715566277503967,,2,,no_aplica,,-1.0,,0.6,,2.057734489440918
native_GraphSAGE_focal_loss,42,native,GraphSAGE,focal_loss,PGExplainer,165001,True,0.6715748310089111,,1,,no_aplica,,,menos_de_2_aristas,,menos_de_2_aristas,2.057699203491211
native_GraphSAGE_focal_loss,42,native,GraphSAGE,focal_loss,PGExplainer,168077,False,0.3202017247676849,,1,,no_aplica,,,menos_de_2_aristas,,menos_de_2_aristas,2.057692766189575
native_GraphSAGE_focal_loss,42,native,GraphSAGE,focal_loss,PGExplainer,168167,False,0.4656817615032196,,1,,no_aplica,,,menos_de_2_aristas,,menos_de_2_aristas,2.0577471256256104
native_GraphSAGE_focal_loss,42,native,GraphSAGE,focal_loss,PGExplainer,168250,False,0.3937816321849823,,1,,no_aplica,,,menos_de_2_aristas,,menos_de_2_aristas,2.057734966278076
native_GraphSAGE_focal_loss,42,native,GraphSAGE,focal_loss,PGExplainer,170168,True,0.601311981678009,,2,,no_aplica,,1.0,,1.0,,2.0577566623687744
native_GraphSAGE_focal_loss,42,native,GraphSAGE,focal_loss,PGExplainer,170185,False,0.4611687064170837,,2,,no_aplica,,-0.1999999999999999,,0.4,,2.057775020599365
native_GraphSAGE_focal_loss,42,native,GraphSAGE,focal_loss,PGExplainer,171111,True,0.7023792266845703,,2,,no_aplica,,-0.1999999999999999,,0.4,,2.057755470275879
native_GraphSAGE_focal_loss,42,native,GraphSAGE,focal_loss,PGExplainer,171381,True,0.5756120085716248,,2,,no_aplica,,-0.1999999999999999,,0.4,,2.0577752590179443
native_GraphSAGE_focal_loss,42,native,GraphSAGE,focal_loss,PGExplainer,172466,True,0.6870306134223938,,2,,no_aplica,,-0.3333333333333333,,0.6,,2.0578320026397705
native_GraphSAGE_focal_loss,42,native,GraphSAGE,focal_loss,PGExplainer,172476,False,0.3478135466575622,,2,,no_aplica,,-0.3333333333333333,,0.4,,2.057805061340332
native_GraphSAGE_focal_loss,42,native,GraphSAGE,focal_loss,PGExplainer,172625,False,0.2901371717453003,,1,,no_aplica,,,menos_de_2_aristas,,menos_de_2_aristas,2.0577008724212646
native_GraphSAGE_focal_loss,42,native,GraphSAGE,focal_loss,PGExplainer,172800,False,0.4041032195091247,,1,,no_aplica,,,menos_de_2_aristas,,menos_de_2_aristas,2.057774543762207
native_GraphSAGE_focal_loss,42,native,GraphSAGE,focal_loss,PGExplainer,173595,False,0.4477579593658447,,1,,no_aplica,,,menos_de_2_aristas,,menos_de_2_aristas,2.0576493740081787
native_GraphSAGE_focal_loss,42,native,GraphSAGE,focal_loss,ShapleyFeatures,139670,False,0.4868287742137909,,0,0.995877777777778,,0.9998628314905644,,no_aplica,,no_aplica,0.7166190147399902
native_GraphSAGE_focal_loss,42,native,GraphSAGE,focal_loss,ShapleyFeatures,139873,False,0.4590100347995758,,0,0.9969470276794776,,0.9732097431207916,,no_aplica,,no_aplica,0.7181647419929504
native_GraphSAGE_focal_loss,42,native,GraphSAGE,focal_loss,ShapleyFeatures,140575,True,0.5342330932617188,,0,0.9883773570274108,,0.9529171169673292,,no_aplica,,no_aplica,0.7199084758758545
native_GraphSAGE_focal_loss,42,native,GraphSAGE,focal_loss,ShapleyFeatures,141068,False,0.4943433701992035,,0,0.9988542272890344,,0.9999950120542024,,no_aplica,,no_aplica,0.7161017060279846
native_GraphSAGE_focal_loss,42,native,GraphSAGE,focal_loss,ShapleyFeatures,148220,True,0.7429518103599548,,0,0.9981118113780876,,0.9999210241915372,,no_aplica,,no_aplica,0.7176786065101624
native_GraphSAGE_focal_loss,42,native,GraphSAGE,focal_loss,ShapleyFeatures,150129,False,0.1823974698781967,,0,,vector_constante,,,no_aplica,,no_aplica,0.5325356125831604
native_GraphSAGE_focal_loss,42,native,GraphSAGE,focal_loss,ShapleyFeatures,150346,True,0.5271759629249573,,0,,vector_constante,,,no_aplica,,no_aplica,0.5321661233901978
native_GraphSAGE_focal_loss,42,native,GraphSAGE,focal_loss,ShapleyFeatures,150528,True,0.7980822324752808,,0,0.9976525821596244,,0.9580821348408014,,no_aplica,,no_aplica,0.7175818085670471
native_GraphSAGE_focal_loss,42,native,GraphSAGE,focal_loss,ShapleyFeatures,152223,False,0.2865603268146515,,0,0.9971280827366747,,0.999733976224125,,no_aplica,,no_aplica,0.7170301675796509
native_GraphSAGE_focal_loss,42,native,GraphSAGE,focal_loss,ShapleyFeatures,152280,True,0.6489633321762085,,0,0.9930221230339488,,0.9678219303350236,,no_aplica,,no_aplica,0.7182419300079346
native_GraphSAGE_focal_loss,42,native,GraphSAGE,focal_loss,ShapleyFeatures,153599,True,0.5330713391304016,,0,0.9956753519313976,,0.9550527890930252,,no_aplica,,no_aplica,0.7228599190711975
native_GraphSAGE_focal_loss,42,native,GraphSAGE,focal_loss,ShapleyFeatures,155856,True,0.7504006624221802,,0,0.9927641231471288,,0.9819876964003658,,no_aplica,,no_aplica,0.7165235877037048
native_GraphSAGE_focal_loss,42,native,GraphSAGE,focal_loss,ShapleyFeatures,158611,False,0.3457066118717193,,0,0.9945763691150488,,0.9357560894504946,,no_aplica,,no_aplica,0.7162031531333923
native_GraphSAGE_focal_loss,42,native,GraphSAGE,focal_loss,ShapleyFeatures,158949,False,0.4772144854068756,,0,0.999567791779132,,0.9999717349738134,,no_aplica,,no_aplica,0.7162972688674927
native_GraphSAGE_focal_loss,42,native,GraphSAGE,focal_loss,ShapleyFeatures,159862,False,0.1873523294925689,,0,,vector_constante,,,no_aplica,,no_aplica,0.5292933583259583
native_GraphSAGE_focal_loss,42,native,GraphSAGE,focal_loss,ShapleyFeatures,161504,True,0.5161390900611877,,0,0.9952005924112944,,0.9680704963006068,,no_aplica,,no_aplica,0.7151030898094177
native_GraphSAGE_focal_loss,42,native,GraphSAGE,focal_loss,ShapleyFeatures,163852,True,0.5715566277503967,,0,0.9963190642627264,,0.963776706293125,,no_aplica,,no_aplica,0.7215401530265808
native_GraphSAGE_focal_loss,42,native,GraphSAGE,focal_loss,ShapleyFeatures,165001,True,0.6715748310089111,,0,0.9988309690570144,,0.9999426386233272,,no_aplica,,no_aplica,0.716306209564209
native_GraphSAGE_focal_loss,42,native,GraphSAGE,focal_loss,ShapleyFeatures,168077,False,0.3202017247676849,,0,0.99429327629996,,0.9614007814448416,,no_aplica,,no_aplica,0.714623212814331
native_GraphSAGE_focal_loss,42,native,GraphSAGE,focal_loss,ShapleyFeatures,168167,False,0.4656817615032196,,0,0.9985959497791802,,0.9999592651093192,,no_aplica,,no_aplica,0.7163487076759338
native_GraphSAGE_focal_loss,42,native,GraphSAGE,focal_loss,ShapleyFeatures,168250,False,0.3937816321849823,,0,0.9963578897780992,,0.9498096267353896,,no_aplica,,no_aplica,0.7167713046073914
native_GraphSAGE_focal_loss,42,native,GraphSAGE,focal_loss,ShapleyFeatures,170168,True,0.601311981678009,,0,0.9943126294497858,,0.9725662981128936,,no_aplica,,no_aplica,0.7181028723716736
native_GraphSAGE_focal_loss,42,native,GraphSAGE,focal_loss,ShapleyFeatures,170185,False,0.4611687064170837,,0,0.9961496790154408,,0.999983373514008,,no_aplica,,no_aplica,0.7215338349342346
native_GraphSAGE_focal_loss,42,native,GraphSAGE,focal_loss,ShapleyFeatures,171111,True,0.7023792266845703,,0,0.999216391436606,,0.999948457893424,,no_aplica,,no_aplica,0.7177301049232483
native_GraphSAGE_focal_loss,42,native,GraphSAGE,focal_loss,ShapleyFeatures,171381,True,0.5756120085716248,,0,0.9937163062848164,,0.9627633219719014,,no_aplica,,no_aplica,0.7162729501724243
native_GraphSAGE_focal_loss,42,native,GraphSAGE,focal_loss,ShapleyFeatures,172466,True,0.6870306134223938,,0,0.9992763936474978,,0.946395377836894,,no_aplica,,no_aplica,0.716117262840271
native_GraphSAGE_focal_loss,42,native,GraphSAGE,focal_loss,ShapleyFeatures,172476,False,0.3478135466575622,,0,0.997774322795638,,0.9547975725330452,,no_aplica,,no_aplica,0.7159456610679626
native_GraphSAGE_focal_loss,42,native,GraphSAGE,focal_loss,ShapleyFeatures,172625,False,0.2901371717453003,,0,0.9988584348212056,,0.9820841300191204,,no_aplica,,no_aplica,0.7211287021636963
native_GraphSAGE_focal_loss,42,native,GraphSAGE,focal_loss,ShapleyFeatures,172800,False,0.4041032195091247,,0,0.9986484237420938,,0.9438731399118796,,no_aplica,,no_aplica,0.7146009802818298
native_GraphSAGE_focal_loss,42,native,GraphSAGE,focal_loss,ShapleyFeatures,173595,False,0.4477579593658447,,0,0.9984565984261464,,0.9680904480837976,,no_aplica,,no_aplica,0.717107892036438
1:10_GraphSAGE_class_weighting,42,1:10,GraphSAGE,class_weighting,GNNExplainer,139670,True,0.9731196761131288,,1,0.9366602985843538,,0.8016942389226036,,menos_de_2_aristas,,menos_de_2_aristas,0.9887178540229796
1:10_GraphSAGE_class_weighting,42,1:10,GraphSAGE,class_weighting,GNNExplainer,139873,True,0.976934015750885,,1,0.956633745802727,,0.8211937816942388,,menos_de_2_aristas,,menos_de_2_aristas,0.7726650238037109
1:10_GraphSAGE_class_weighting,42,1:10,GraphSAGE,class_weighting,GNNExplainer,140575,True,0.971830427646637,,2,0.944055231372318,,0.8668135339595977,0.1999999999999999,,0.6,,0.8726834654808044
1:10_GraphSAGE_class_weighting,42,1:10,GraphSAGE,class_weighting,GNNExplainer,141068,True,0.9510998129844666,,1,0.9547502617586672,,0.8933377670629314,,menos_de_2_aristas,,menos_de_2_aristas,0.7419458627700806
1:10_GraphSAGE_class_weighting,42,1:10,GraphSAGE,class_weighting,GNNExplainer,148220,True,0.9938236474990844,,2,0.9719719210453156,,0.8649646687172667,0.1999999999999999,,0.6,,0.7543250918388367
1:10_GraphSAGE_class_weighting,42,1:10,GraphSAGE,class_weighting,GNNExplainer,150129,False,0.242418497800827,,0,0.9318375448463664,,0.966755341258625,,menos_de_2_aristas,,menos_de_2_aristas,0.716651439666748
1:10_GraphSAGE_class_weighting,42,1:10,GraphSAGE,class_weighting,GNNExplainer,150346,True,0.6214065551757812,,0,0.963033836343732,,0.9301263612935406,,menos_de_2_aristas,,menos_de_2_aristas,0.7069320678710938
1:10_GraphSAGE_class_weighting,42,1:10,GraphSAGE,class_weighting,GNNExplainer,150528,True,0.9565736055374146,,2,0.9754610604109512,,0.7054227284063513,0.1999999999999999,,0.6,,0.7776468992233276
1:10_GraphSAGE_class_weighting,42,1:10,GraphSAGE,class_weighting,GNNExplainer,152223,False,0.0695120394229888,,2,0.97883027460017,,0.8518696483498213,0.1999999999999999,,0.6,,0.7578647136688232
1:10_GraphSAGE_class_weighting,42,1:10,GraphSAGE,class_weighting,GNNExplainer,152280,True,0.912357211112976,,1,0.9312196034418256,,0.8524806717100339,,menos_de_2_aristas,,menos_de_2_aristas,0.7574454545974731
1:10_GraphSAGE_class_weighting,42,1:10,GraphSAGE,class_weighting,GNNExplainer,153599,True,0.9443171620368958,,2,0.9631281300996,,0.8546728738881038,0.1999999999999999,,0.6,,0.7915043234825134
1:10_GraphSAGE_class_weighting,42,1:10,GraphSAGE,class_weighting,GNNExplainer,155856,True,0.8545422554016113,,2,0.974942922069242,,0.8071593648682353,0.1999999999999999,,0.6,,0.7538602352142334
1:10_GraphSAGE_class_weighting,42,1:10,GraphSAGE,class_weighting,GNNExplainer,158611,False,0.0721693783998489,,3,0.9460721754804478,,0.8192518081303517,0.2,,0.5333333333333332,,0.7507728338241577
1:10_GraphSAGE_class_weighting,42,1:10,GraphSAGE,class_weighting,GNNExplainer,158949,True,0.9012430310249328,,2,0.9745483629236802,,0.8418272508105412,0.1999999999999999,,0.6,,0.7377533316612244
1:10_GraphSAGE_class_weighting,42,1:10,GraphSAGE,class_weighting,GNNExplainer,159862,False,0.4775531888008117,,0,0.9719370770675988,,0.9486931582010142,,menos_de_2_aristas,,menos_de_2_aristas,0.6631750464439392
1:10_GraphSAGE_class_weighting,42,1:10,GraphSAGE,class_weighting,GNNExplainer,161504,True,0.9987885355949402,,2,0.9471911103271896,,0.8194305428547676,0.1999999999999999,,0.6,,0.7598060369491577
1:10_GraphSAGE_class_weighting,42,1:10,GraphSAGE,class_weighting,GNNExplainer,163852,True,0.8158639073371887,,2,0.989515206056318,,0.7871069914373597,-0.1999999999999999,,0.4,,0.8155267238616943
1:10_GraphSAGE_class_weighting,42,1:10,GraphSAGE,class_weighting,GNNExplainer,165001,True,0.6823639273643494,,1,0.9807632747842284,,0.8183115803474937,,menos_de_2_aristas,,menos_de_2_aristas,0.7921628355979919
1:10_GraphSAGE_class_weighting,42,1:10,GraphSAGE,class_weighting,GNNExplainer,168077,False,0.1517084240913391,,1,0.9298478142339396,,0.8122503948790424,,menos_de_2_aristas,,menos_de_2_aristas,0.7867432236671448
1:10_GraphSAGE_class_weighting,42,1:10,GraphSAGE,class_weighting,GNNExplainer,168167,False,0.4712982475757599,,1,0.9690489325776952,,0.9398237592484828,,menos_de_2_aristas,,menos_de_2_aristas,0.7878441214561462
1:10_GraphSAGE_class_weighting,42,1:10,GraphSAGE,class_weighting,GNNExplainer,168250,True,0.7587412595748901,,1,0.9595545086933436,,0.5979050627649847,,menos_de_2_aristas,,menos_de_2_aristas,0.7945584654808044
1:10_GraphSAGE_class_weighting,42,1:10,GraphSAGE,class_weighting,GNNExplainer,170168,True,0.9794615507125854,,2,0.980739320306814,,0.8199285061102335,0.1999999999999999,,0.6,,0.787007749080658
1:10_GraphSAGE_class_weighting,42,1:10,GraphSAGE,class_weighting,GNNExplainer,170185,True,0.5361835956573486,,2,0.9818769945691732,,0.7751093191453987,0.1999999999999999,,0.6,,0.7879070043563843
1:10_GraphSAGE_class_weighting,42,1:10,GraphSAGE,class_weighting,GNNExplainer,171111,False,0.4086964130401611,,2,0.9727921169027492,,0.8868783772549673,0.1999999999999999,,0.6,,0.7969135642051697
1:10_GraphSAGE_class_weighting,42,1:10,GraphSAGE,class_weighting,GNNExplainer,171381,True,0.97327721118927,,2,0.9822522582766328,,0.7623933826585751,-0.1999999999999999,,0.4,,0.7851795554161072
1:10_GraphSAGE_class_weighting,42,1:10,GraphSAGE,class_weighting,GNNExplainer,172466,True,0.9867509007453918,,2,0.9635585758786522,,0.8385784354476682,0.1999999999999999,,0.6,,0.7889969944953918
1:10_GraphSAGE_class_weighting,42,1:10,GraphSAGE,class_weighting,GNNExplainer,172476,True,0.935293674468994,,2,0.9709395863955634,,0.7313267935821763,0.1999999999999999,,0.6,,0.7966176867485046
1:10_GraphSAGE_class_weighting,42,1:10,GraphSAGE,class_weighting,GNNExplainer,172625,False,0.4072481691837311,,1,0.9705111772084642,,0.822821514672874,,menos_de_2_aristas,,menos_de_2_aristas,0.7896603345870972
1:10_GraphSAGE_class_weighting,42,1:10,GraphSAGE,class_weighting,GNNExplainer,172800,True,0.9776788949966432,,1,0.9460097560975612,,0.8429137916701306,,menos_de_2_aristas,,menos_de_2_aristas,0.788196861743927
1:10_GraphSAGE_class_weighting,42,1:10,GraphSAGE,class_weighting,GNNExplainer,173595,True,0.8208031058311462,,1,0.9707374494761426,,0.8172707623243827,,menos_de_2_aristas,,menos_de_2_aristas,0.7923851609230042
1:10_GraphSAGE_class_weighting,42,1:10,GraphSAGE,class_weighting,PGExplainer,139670,True,0.9731196761131288,,1,,no_aplica,,,menos_de_2_aristas,,menos_de_2_aristas,2.0730113983154297
1:10_GraphSAGE_class_weighting,42,1:10,GraphSAGE,class_weighting,PGExplainer,139873,True,0.976934015750885,,1,,no_aplica,,,menos_de_2_aristas,,menos_de_2_aristas,2.0725526809692383
1:10_GraphSAGE_class_weighting,42,1:10,GraphSAGE,class_weighting,PGExplainer,140575,True,0.971830427646637,,2,,no_aplica,,-0.1999999999999999,,0.4,,2.072560310363769
1:10_GraphSAGE_class_weighting,42,1:10,GraphSAGE,class_weighting,PGExplainer,141068,True,0.9510998129844666,,1,,no_aplica,,,menos_de_2_aristas,,menos_de_2_aristas,2.0723509788513184
1:10_GraphSAGE_class_weighting,42,1:10,GraphSAGE,class_weighting,PGExplainer,148220,True,0.9938236474990844,,2,,no_aplica,,1.0,,0.6,,2.072373867034912
1:10_GraphSAGE_class_weighting,42,1:10,GraphSAGE,class_weighting,PGExplainer,150129,False,0.242418497800827,,0,,no_aplica,,,menos_de_2_aristas,,menos_de_2_aristas,2.0717673301696777
1:10_GraphSAGE_class_weighting,42,1:10,GraphSAGE,class_weighting,PGExplainer,150346,True,0.6214065551757812,,0,,no_aplica,,,menos_de_2_aristas,,menos_de_2_aristas,2.071716070175171
1:10_GraphSAGE_class_weighting,42,1:10,GraphSAGE,class_weighting,PGExplainer,150528,True,0.9565736055374146,,2,,no_aplica,,-0.1999999999999999,,0.4,,2.0724267959594727
1:10_GraphSAGE_class_weighting,42,1:10,GraphSAGE,class_weighting,PGExplainer,152223,False,0.0695120394229888,,2,,no_aplica,,1.0,,1.0,,2.072348594665528
1:10_GraphSAGE_class_weighting,42,1:10,GraphSAGE,class_weighting,PGExplainer,152280,True,0.912357211112976,,1,,no_aplica,,,menos_de_2_aristas,,menos_de_2_aristas,2.0722334384918213
1:10_GraphSAGE_class_weighting,42,1:10,GraphSAGE,class_weighting,PGExplainer,153599,True,0.9443171620368958,,2,,no_aplica,,-0.1999999999999999,,0.4,,2.07234001159668
1:10_GraphSAGE_class_weighting,42,1:10,GraphSAGE,class_weighting,PGExplainer,155856,True,0.8545422554016113,,2,,no_aplica,,-0.1999999999999999,,0.4,,2.072383165359497
1:10_GraphSAGE_class_weighting,42,1:10,GraphSAGE,class_weighting,PGExplainer,158611,False,0.0721693783998489,,3,,no_aplica,,0.1666666666666666,,0.4666666666666666,,2.072378873825073
1:10_GraphSAGE_class_weighting,42,1:10,GraphSAGE,class_weighting,PGExplainer,158949,True,0.9012430310249328,,2,,no_aplica,,-0.1999999999999999,,0.4,,2.072359561920166
1:10_GraphSAGE_class_weighting,42,1:10,GraphSAGE,class_weighting,PGExplainer,159862,False,0.4775531888008117,,0,,no_aplica,,,menos_de_2_aristas,,menos_de_2_aristas,2.071730136871338
1:10_GraphSAGE_class_weighting,42,1:10,GraphSAGE,class_weighting,PGExplainer,161504,True,0.9987885355949402,,2,,no_aplica,,-0.1999999999999999,,0.4,,2.0724470615386963
1:10_GraphSAGE_class_weighting,42,1:10,GraphSAGE,class_weighting,PGExplainer,163852,True,0.8158639073371887,,2,,no_aplica,,-0.1999999999999999,,0.4,,2.072420835494995
1:10_GraphSAGE_class_weighting,42,1:10,GraphSAGE,class_weighting,PGExplainer,165001,True,0.6823639273643494,,1,,no_aplica,,,menos_de_2_aristas,,menos_de_2_aristas,2.0723745822906494
1:10_GraphSAGE_class_weighting,42,1:10,GraphSAGE,class_weighting,PGExplainer,168077,False,0.1517084240913391,,1,,no_aplica,,,menos_de_2_aristas,,menos_de_2_aristas,2.072340488433838
1:10_GraphSAGE_class_weighting,42,1:10,GraphSAGE,class_weighting,PGExplainer,168167,False,0.4712982475757599,,1,,no_aplica,,,menos_de_2_aristas,,menos_de_2_aristas,2.072430372238159
1:10_GraphSAGE_class_weighting,42,1:10,GraphSAGE,class_weighting,PGExplainer,168250,True,0.7587412595748901,,1,,no_aplica,,,menos_de_2_aristas,,menos_de_2_aristas,2.072342872619629
1:10_GraphSAGE_class_weighting,42,1:10,GraphSAGE,class_weighting,PGExplainer,170168,True,0.9794615507125854,,2,,no_aplica,,-0.1999999999999999,,0.4,,2.072345495223999
1:10_GraphSAGE_class_weighting,42,1:10,GraphSAGE,class_weighting,PGExplainer,170185,True,0.5361835956573486,,2,,no_aplica,,-0.1999999999999999,,0.4,,2.0724573135375977
1:10_GraphSAGE_class_weighting,42,1:10,GraphSAGE,class_weighting,PGExplainer,171111,False,0.4086964130401611,,2,,no_aplica,,-0.1999999999999999,,0.4,,2.072443962097168
1:10_GraphSAGE_class_weighting,42,1:10,GraphSAGE,class_weighting,PGExplainer,171381,True,0.97327721118927,,2,,no_aplica,,1.0,,0.6,,2.0724055767059326
1:10_GraphSAGE_class_weighting,42,1:10,GraphSAGE,class_weighting,PGExplainer,172466,True,0.9867509007453918,,2,,no_aplica,,-0.1999999999999999,,0.4,,2.0723891258239746
1:10_GraphSAGE_class_weighting,42,1:10,GraphSAGE,class_weighting,PGExplainer,172476,True,0.935293674468994,,2,,no_aplica,,-0.1999999999999999,,0.4,,2.0724141597747803
1:10_GraphSAGE_class_weighting,42,1:10,GraphSAGE,class_weighting,PGExplainer,172625,False,0.4072481691837311,,1,,no_aplica,,,menos_de_2_aristas,,menos_de_2_aristas,2.072370767593384
1:10_GraphSAGE_class_weighting,42,1:10,GraphSAGE,class_weighting,PGExplainer,172800,True,0.9776788949966432,,1,,no_aplica,,,menos_de_2_aristas,,menos_de_2_aristas,2.072394847869873
1:10_GraphSAGE_class_weighting,42,1:10,GraphSAGE,class_weighting,PGExplainer,173595,True,0.8208031058311462,,1,,no_aplica,,,menos_de_2_aristas,,menos_de_2_aristas,2.072372436523437
1:10_GraphSAGE_class_weighting,42,1:10,GraphSAGE,class_weighting,ShapleyFeatures,139670,True,0.9731196761131288,,0,0.9967048780487808,,0.9680862914622996,,no_aplica,,no_aplica,0.7257097959518433
1:10_GraphSAGE_class_weighting,42,1:10,GraphSAGE,class_weighting,ShapleyFeatures,139873,True,0.976934015750885,,0,0.997933777741201,,0.9545739462964504,,no_aplica,,no_aplica,0.7234540581703186
1:10_GraphSAGE_class_weighting,42,1:10,GraphSAGE,class_weighting,ShapleyFeatures,140575,True,0.971830427646637,,0,0.9854123345777636,,0.9814481669299194,,no_aplica,,no_aplica,0.7234702110290527
1:10_GraphSAGE_class_weighting,42,1:10,GraphSAGE,class_weighting,ShapleyFeatures,141068,True,0.9510998129844666,,0,0.9994151551337264,,0.9999343253803308,,no_aplica,,no_aplica,0.7296174764633179
1:10_GraphSAGE_class_weighting,42,1:10,GraphSAGE,class_weighting,ShapleyFeatures,148220,True,0.9938236474990844,,0,0.9984291823757806,,0.9298121207082884,,no_aplica,,no_aplica,0.7228765487670898
1:10_GraphSAGE_class_weighting,42,1:10,GraphSAGE,class_weighting,ShapleyFeatures,150129,False,0.242418497800827,,0,,vector_constante,,,no_aplica,,no_aplica,0.5412449836730957
1:10_GraphSAGE_class_weighting,42,1:10,GraphSAGE,class_weighting,ShapleyFeatures,150346,True,0.6214065551757812,,0,,vector_constante,,,no_aplica,,no_aplica,0.5418055653572083
1:10_GraphSAGE_class_weighting,42,1:10,GraphSAGE,class_weighting,ShapleyFeatures,150528,True,0.9565736055374146,,0,0.9956136007966994,,0.9633344417657328,,no_aplica,,no_aplica,0.7258214950561523
1:10_GraphSAGE_class_weighting,42,1:10,GraphSAGE,class_weighting,ShapleyFeatures,152223,False,0.0695120394229888,,0,0.9823172304062766,,0.8178601712528056,,no_aplica,,no_aplica,0.7271270155906677
1:10_GraphSAGE_class_weighting,42,1:10,GraphSAGE,class_weighting,ShapleyFeatures,152280,True,0.912357211112976,,0,0.9940109395128456,,0.9585210740709952,,no_aplica,,no_aplica,0.7273069024085999
1:10_GraphSAGE_class_weighting,42,1:10,GraphSAGE,class_weighting,ShapleyFeatures,153599,True,0.9443171620368958,,0,0.9971569716231132,,0.9999226868401364,,no_aplica,,no_aplica,0.7291424870491028
1:10_GraphSAGE_class_weighting,42,1:10,GraphSAGE,class_weighting,ShapleyFeatures,155856,True,0.8545422554016113,,0,0.9929077653736634,,0.8957228364785103,,no_aplica,,no_aplica,0.7232732772827148
1:10_GraphSAGE_class_weighting,42,1:10,GraphSAGE,class_weighting,ShapleyFeatures,158611,False,0.0721693783998489,,0,0.9852620935653896,,0.8619602626984786,,no_aplica,,no_aplica,0.7218295335769653
1:10_GraphSAGE_class_weighting,42,1:10,GraphSAGE,class_weighting,ShapleyFeatures,158949,True,0.9012430310249328,,0,0.9991942178746622,,0.9625879125446836,,no_aplica,,no_aplica,0.7237182259559631
1:10_GraphSAGE_class_weighting,42,1:10,GraphSAGE,class_weighting,ShapleyFeatures,159862,False,0.4775531888008117,,0,,vector_constante,,,no_aplica,,no_aplica,0.5407328009605408
1:10_GraphSAGE_class_weighting,42,1:10,GraphSAGE,class_weighting,ShapleyFeatures,161504,True,0.9987885355949402,,0,0.991761873074158,,0.9345764402693492,,no_aplica,,no_aplica,0.7231656908988953
1:10_GraphSAGE_class_weighting,42,1:10,GraphSAGE,class_weighting,ShapleyFeatures,163852,True,0.8158639073371887,,0,0.9960134269993428,,0.9540709950951868,,no_aplica,,no_aplica,0.7277176380157471
1:10_GraphSAGE_class_weighting,42,1:10,GraphSAGE,class_weighting,ShapleyFeatures,165001,True,0.6823639273643494,,0,0.9972180889283674,,0.9503466622329372,,no_aplica,,no_aplica,0.7232798933982849
1:10_GraphSAGE_class_weighting,42,1:10,GraphSAGE,class_weighting,ShapleyFeatures,168077,False,0.1517084240913391,,0,0.9784360379628392,,0.766176739546097,,no_aplica,,no_aplica,0.7221465706825256
1:10_GraphSAGE_class_weighting,42,1:10,GraphSAGE,class_weighting,ShapleyFeatures,168167,False,0.4712982475757599,,0,0.9989483023461488,,0.9537093690248568,,no_aplica,,no_aplica,0.7217337489128113
1:10_GraphSAGE_class_weighting,42,1:10,GraphSAGE,class_weighting,ShapleyFeatures,168250,True,0.7587412595748901,,0,0.992282221090168,,0.8537717183473272,,no_aplica,,no_aplica,0.7247201800346375
1:10_GraphSAGE_class_weighting,42,1:10,GraphSAGE,class_weighting,ShapleyFeatures,170168,True,0.9794615507125854,,0,0.9918866045578631,,0.9643445007897584,,no_aplica,,no_aplica,0.7253760099411011
1:10_GraphSAGE_class_weighting,42,1:10,GraphSAGE,class_weighting,ShapleyFeatures,170185,True,0.5361835956573486,,0,0.9971213649980856,,0.9534034416826004,,no_aplica,,no_aplica,0.7225393652915955
1:10_GraphSAGE_class_weighting,42,1:10,GraphSAGE,class_weighting,ShapleyFeatures,171111,False,0.4086964130401611,,0,0.9973199897740233,,0.9186790256879208,,no_aplica,,no_aplica,0.7246793508529663
1:10_GraphSAGE_class_weighting,42,1:10,GraphSAGE,class_weighting,ShapleyFeatures,171381,True,0.97327721118927,,0,0.9986310634655592,,0.9818197688918447,,no_aplica,,no_aplica,0.7246695160865784
1:10_GraphSAGE_class_weighting,42,1:10,GraphSAGE,class_weighting,ShapleyFeatures,172466,True,0.9867509007453918,,0,0.9971309642865708,,0.9388910133843212,,no_aplica,,no_aplica,0.7312135696411133
1:10_GraphSAGE_class_weighting,42,1:10,GraphSAGE,class_weighting,ShapleyFeatures,172476,True,0.935293674468994,,0,0.9927475769552888,,0.8629279241832238,,no_aplica,,no_aplica,0.7252072095870972
1:10_GraphSAGE_class_weighting,42,1:10,GraphSAGE,class_weighting,ShapleyFeatures,172625,False,0.4072481691837311,,0,0.9880752905928372,,0.7577836894172416,,no_aplica,,no_aplica,0.724773108959198
1:10_GraphSAGE_class_weighting,42,1:10,GraphSAGE,class_weighting,ShapleyFeatures,172800,True,0.9776788949966432,,0,0.9986799476664376,,0.921178817856846,,no_aplica,,no_aplica,0.7238248586654663
1:10_GraphSAGE_class_weighting,42,1:10,GraphSAGE,class_weighting,ShapleyFeatures,173595,True,0.8208031058311462,,0,0.9987388066451592,,0.999961759082218,,no_aplica,,no_aplica,0.72332763671875
1:10_GraphSAGE_focal_loss,42,1:10,GraphSAGE,focal_loss,GNNExplainer,139670,True,0.6262770891189575,,1,0.9127295461131444,,0.8387422063346912,,menos_de_2_aristas,,menos_de_2_aristas,0.7975139617919922
1:10_GraphSAGE_focal_loss,42,1:10,GraphSAGE,focal_loss,GNNExplainer,139873,True,0.687652051448822,,1,0.944818387480212,,0.8108637459472942,,menos_de_2_aristas,,menos_de_2_aristas,0.7920137643814087
1:10_GraphSAGE_focal_loss,42,1:10,GraphSAGE,focal_loss,GNNExplainer,140575,True,0.7837310433387756,,2,0.928308084489448,,0.8996691329287556,0.1999999999999999,,0.6,,0.7909449934959412
1:10_GraphSAGE_focal_loss,42,1:10,GraphSAGE,focal_loss,GNNExplainer,141068,True,0.6513656377792358,,1,0.9497914704695278,,0.8742455731981046,,menos_de_2_aristas,,menos_de_2_aristas,0.7961542010307312
1:10_GraphSAGE_focal_loss,42,1:10,GraphSAGE,focal_loss,GNNExplainer,148220,True,0.7546475529670715,,2,0.9523769808173478,,0.81865990522903,0.1999999999999999,,0.6,,0.7875744104385376
1:10_GraphSAGE_focal_loss,42,1:10,GraphSAGE,focal_loss,GNNExplainer,150129,False,0.3323319852352142,,0,0.919814266386697,,0.9955075234849116,,menos_de_2_aristas,,menos_de_2_aristas,0.7106025815010071
1:10_GraphSAGE_focal_loss,42,1:10,GraphSAGE,focal_loss,GNNExplainer,150346,False,0.4433894455432892,,0,0.927478801849633,,0.8186590739047303,,menos_de_2_aristas,,menos_de_2_aristas,0.7085016965866089
1:10_GraphSAGE_focal_loss,42,1:10,GraphSAGE,focal_loss,GNNExplainer,150528,True,0.6512147784233093,,2,0.966329712782039,,0.6846063679441351,0.1999999999999999,,0.6,,0.7981531023979187
1:10_GraphSAGE_focal_loss,42,1:10,GraphSAGE,focal_loss,GNNExplainer,152223,False,0.3772147297859192,,2,0.950120977697309,,0.8598287471942806,0.1999999999999999,,0.6,,0.7983272671699524
1:10_GraphSAGE_focal_loss,42,1:10,GraphSAGE,focal_loss,GNNExplainer,152280,False,0.487206757068634,,1,0.8535914702581369,,0.7716817690581096,,menos_de_2_aristas,,menos_de_2_aristas,0.7926945686340332
1:10_GraphSAGE_focal_loss,42,1:10,GraphSAGE,focal_loss,GNNExplainer,153599,True,0.6724880933761597,,2,0.9537707500984748,,0.8193607116136006,0.1999999999999999,,0.6,,0.7911650538444519
1:10_GraphSAGE_focal_loss,42,1:10,GraphSAGE,focal_loss,GNNExplainer,155856,True,0.5103828310966492,,2,0.9642561154925812,,0.8230800565300523,0.1999999999999999,,0.6,,0.7935003042221069
1:10_GraphSAGE_focal_loss,42,1:10,GraphSAGE,focal_loss,GNNExplainer,158611,False,0.2660638988018036,,3,0.9468004022229234,,0.8457785352065841,0.1,,0.5333333333333332,,0.7883712649345398
1:10_GraphSAGE_focal_loss,42,1:10,GraphSAGE,focal_loss,GNNExplainer,158949,True,0.6500287652015686,,2,0.9618933018215357,,0.879159531133095,0.1999999999999999,,0.6,,0.796620786190033
1:10_GraphSAGE_focal_loss,42,1:10,GraphSAGE,focal_loss,GNNExplainer,159862,False,0.4883279800415039,,0,0.9481454820253264,,0.9811680106409508,,menos_de_2_aristas,,menos_de_2_aristas,0.7086396217346191
1:10_GraphSAGE_focal_loss,42,1:10,GraphSAGE,focal_loss,GNNExplainer,161504,True,0.8522955179214478,,2,0.9098466809376063,,0.834195693740128,0.1999999999999999,,0.6,,0.7882310152053833
1:10_GraphSAGE_focal_loss,42,1:10,GraphSAGE,focal_loss,GNNExplainer,163852,False,0.4513643383979797,,2,0.9716391764616984,,0.8702061684263033,0.1999999999999999,,0.6,,0.8024662137031555
1:10_GraphSAGE_focal_loss,42,1:10,GraphSAGE,focal_loss,GNNExplainer,165001,True,0.5809511542320251,,1,0.9609744313699208,,0.8700290963504862,,menos_de_2_aristas,,menos_de_2_aristas,0.796696126461029
1:10_GraphSAGE_focal_loss,42,1:10,GraphSAGE,focal_loss,GNNExplainer,168077,False,0.3462046384811401,,1,0.8547216609470049,,0.8083431706708788,,menos_de_2_aristas,,menos_de_2_aristas,0.7923846244812012
1:10_GraphSAGE_focal_loss,42,1:10,GraphSAGE,focal_loss,GNNExplainer,168167,True,0.5859228372573853,,1,0.9272871145883832,,0.7484287970737385,,menos_de_2_aristas,,menos_de_2_aristas,0.8009178638458252
1:10_GraphSAGE_focal_loss,42,1:10,GraphSAGE,focal_loss,GNNExplainer,168250,True,0.5171841382980347,,1,0.955801870736722,,0.5950985119295038,,menos_de_2_aristas,,menos_de_2_aristas,0.7896924018859863
1:10_GraphSAGE_focal_loss,42,1:10,GraphSAGE,focal_loss,GNNExplainer,170168,True,0.6791784763336182,,2,0.9603739992161694,,0.784229778036412,0.1999999999999999,,0.6,,0.7890589237213135
1:10_GraphSAGE_focal_loss,42,1:10,GraphSAGE,focal_loss,GNNExplainer,170185,False,0.4977391958236694,,2,0.9660324169979284,,0.8200648432953695,0.1999999999999999,,0.6,,0.7988613843917847
1:10_GraphSAGE_focal_loss,42,1:10,GraphSAGE,focal_loss,GNNExplainer,171111,False,0.4679002463817596,,2,0.9634023850848216,,0.8163779200266024,0.1999999999999999,,0.6,,0.791180431842804
1:10_GraphSAGE_focal_loss,42,1:10,GraphSAGE,focal_loss,GNNExplainer,171381,True,0.8338372707366943,,2,0.9608734417751922,,0.8074719428048882,0.1999999999999999,,0.6,,0.7895448803901672
1:10_GraphSAGE_focal_loss,42,1:10,GraphSAGE,focal_loss,GNNExplainer,172466,True,0.7537516951560974,,2,0.9630854662275496,,0.8396566630642613,0.1999999999999999,,0.6,,0.7966062426567078
1:10_GraphSAGE_focal_loss,42,1:10,GraphSAGE,focal_loss,GNNExplainer,172476,True,0.6131756901741028,,2,0.9556860268547808,,0.7270438107905894,0.1999999999999999,,0.6,,0.7879299521446228
1:10_GraphSAGE_focal_loss,42,1:10,GraphSAGE,focal_loss,GNNExplainer,172625,False,0.2585246562957763,,1,0.9525093257522226,,0.8508230110566133,,menos_de_2_aristas,,menos_de_2_aristas,0.7870702147483826
1:10_GraphSAGE_focal_loss,42,1:10,GraphSAGE,focal_loss,GNNExplainer,172800,True,0.5591144561767578,,1,0.8733626016260164,,0.7380621830576108,,menos_de_2_aristas,,menos_de_2_aristas,0.7951509356498718
1:10_GraphSAGE_focal_loss,42,1:10,GraphSAGE,focal_loss,GNNExplainer,173595,True,0.5507017970085144,,1,0.9276118032407576,,0.7461908720591903,,menos_de_2_aristas,,menos_de_2_aristas,0.787562906742096
1:10_GraphSAGE_focal_loss,42,1:10,GraphSAGE,focal_loss,PGExplainer,139670,True,0.6262770891189575,,1,,no_aplica,,,menos_de_2_aristas,,menos_de_2_aristas,2.0885114669799805
1:10_GraphSAGE_focal_loss,42,1:10,GraphSAGE,focal_loss,PGExplainer,139873,True,0.687652051448822,,1,,no_aplica,,,menos_de_2_aristas,,menos_de_2_aristas,2.0884897708892822
1:10_GraphSAGE_focal_loss,42,1:10,GraphSAGE,focal_loss,PGExplainer,140575,True,0.7837310433387756,,2,,no_aplica,,0.1999999999999999,,0.6,,2.088595390319824
1:10_GraphSAGE_focal_loss,42,1:10,GraphSAGE,focal_loss,PGExplainer,141068,True,0.6513656377792358,,1,,no_aplica,,,menos_de_2_aristas,,menos_de_2_aristas,2.0883138179779053
1:10_GraphSAGE_focal_loss,42,1:10,GraphSAGE,focal_loss,PGExplainer,148220,True,0.7546475529670715,,2,,no_aplica,,0.1999999999999999,,0.6,,2.088420391082764
1:10_GraphSAGE_focal_loss,42,1:10,GraphSAGE,focal_loss,PGExplainer,150129,False,0.3323319852352142,,0,,no_aplica,,,menos_de_2_aristas,,menos_de_2_aristas,2.087759017944336
1:10_GraphSAGE_focal_loss,42,1:10,GraphSAGE,focal_loss,PGExplainer,150346,False,0.4433894455432892,,0,,no_aplica,,,menos_de_2_aristas,,menos_de_2_aristas,2.0876564979553223
1:10_GraphSAGE_focal_loss,42,1:10,GraphSAGE,focal_loss,PGExplainer,150528,True,0.6512147784233093,,2,,no_aplica,,1.0,,1.0,,2.088430404663086
1:10_GraphSAGE_focal_loss,42,1:10,GraphSAGE,focal_loss,PGExplainer,152223,False,0.3772147297859192,,2,,no_aplica,,1.0,,1.0,,2.088441133499145
1:10_GraphSAGE_focal_loss,42,1:10,GraphSAGE,focal_loss,PGExplainer,152280,False,0.487206757068634,,1,,no_aplica,,,menos_de_2_aristas,,menos_de_2_aristas,2.0883522033691406
1:10_GraphSAGE_focal_loss,42,1:10,GraphSAGE,focal_loss,PGExplainer,153599,True,0.6724880933761597,,2,,no_aplica,,0.1999999999999999,,0.6,,2.0883846282958984
1:10_GraphSAGE_focal_loss,42,1:10,GraphSAGE,focal_loss,PGExplainer,155856,True,0.5103828310966492,,2,,no_aplica,,1.0,,1.0,,2.088357925415039
1:10_GraphSAGE_focal_loss,42,1:10,GraphSAGE,focal_loss,PGExplainer,158611,False,0.2660638988018036,,3,,no_aplica,,0.2535898384862245,,0.7333333333333333,,2.08836030960083
1:10_GraphSAGE_focal_loss,42,1:10,GraphSAGE,focal_loss,PGExplainer,158949,True,0.6500287652015686,,2,,no_aplica,,0.1999999999999999,,0.6,,2.0883638858795166
1:10_GraphSAGE_focal_loss,42,1:10,GraphSAGE,focal_loss,PGExplainer,159862,False,0.4883279800415039,,0,,no_aplica,,,menos_de_2_aristas,,menos_de_2_aristas,2.087725877761841
1:10_GraphSAGE_focal_loss,42,1:10,GraphSAGE,focal_loss,PGExplainer,161504,True,0.8522955179214478,,2,,no_aplica,,1.0,,0.6,,2.088334321975708
1:10_GraphSAGE_focal_loss,42,1:10,GraphSAGE,focal_loss,PGExplainer,163852,False,0.4513643383979797,,2,,no_aplica,,1.0,,1.0,,2.0883123874664307
1:10_GraphSAGE_focal_loss,42,1:10,GraphSAGE,focal_loss,PGExplainer,165001,True,0.5809511542320251,,1,,no_aplica,,,menos_de_2_aristas,,menos_de_2_aristas,2.088291883468628
1:10_GraphSAGE_focal_loss,42,1:10,GraphSAGE,focal_loss,PGExplainer,168077,False,0.3462046384811401,,1,,no_aplica,,,menos_de_2_aristas,,menos_de_2_aristas,2.0883171558380127
1:10_GraphSAGE_focal_loss,42,1:10,GraphSAGE,focal_loss,PGExplainer,168167,True,0.5859228372573853,,1,,no_aplica,,,menos_de_2_aristas,,menos_de_2_aristas,2.0884153842926025
1:10_GraphSAGE_focal_loss,42,1:10,GraphSAGE,focal_loss,PGExplainer,168250,True,0.5171841382980347,,1,,no_aplica,,,menos_de_2_aristas,,menos_de_2_aristas,2.0883851051330566
1:10_GraphSAGE_focal_loss,42,1:10,GraphSAGE,focal_loss,PGExplainer,170168,True,0.6791784763336182,,2,,no_aplica,,1.0,,0.6,,2.0883467197418213
1:10_GraphSAGE_focal_loss,42,1:10,GraphSAGE,focal_loss,PGExplainer,170185,False,0.4977391958236694,,2,,no_aplica,,0.1999999999999999,,0.6,,2.088346242904663
1:10_GraphSAGE_focal_loss,42,1:10,GraphSAGE,focal_loss,PGExplainer,171111,False,0.4679002463817596,,2,,no_aplica,,1.0,,0.6,,2.088463544845581
1:10_GraphSAGE_focal_loss,42,1:10,GraphSAGE,focal_loss,PGExplainer,171381,True,0.8338372707366943,,2,,no_aplica,,0.1999999999999999,,0.6,,2.0885164737701416
1:10_GraphSAGE_focal_loss,42,1:10,GraphSAGE,focal_loss,PGExplainer,172466,True,0.7537516951560974,,2,,no_aplica,,1.0,,0.6,,2.0883445739746094
1:10_GraphSAGE_focal_loss,42,1:10,GraphSAGE,focal_loss,PGExplainer,172476,True,0.6131756901741028,,2,,no_aplica,,0.9999999999999998,,1.0,,2.088331460952759
1:10_GraphSAGE_focal_loss,42,1:10,GraphSAGE,focal_loss,PGExplainer,172625,False,0.2585246562957763,,1,,no_aplica,,,menos_de_2_aristas,,menos_de_2_aristas,2.088360548019409
1:10_GraphSAGE_focal_loss,42,1:10,GraphSAGE,focal_loss,PGExplainer,172800,True,0.5591144561767578,,1,,no_aplica,,,menos_de_2_aristas,,menos_de_2_aristas,2.0883147716522217
1:10_GraphSAGE_focal_loss,42,1:10,GraphSAGE,focal_loss,PGExplainer,173595,True,0.5507017970085144,,1,,no_aplica,,,menos_de_2_aristas,,menos_de_2_aristas,2.088289737701416
1:10_GraphSAGE_focal_loss,42,1:10,GraphSAGE,focal_loss,ShapleyFeatures,139670,True,0.6262770891189575,,0,0.994318699186992,,0.9436179233518996,,no_aplica,,no_aplica,0.7265016436576843
1:10_GraphSAGE_focal_loss,42,1:10,GraphSAGE,focal_loss,ShapleyFeatures,139873,True,0.687652051448822,,0,0.9984665185307108,,0.9733095020367444,,no_aplica,,no_aplica,0.7245081067085266
1:10_GraphSAGE_focal_loss,42,1:10,GraphSAGE,focal_loss,ShapleyFeatures,140575,True,0.7837310433387756,,0,0.996443338284292,,0.920783107490232,,no_aplica,,no_aplica,0.7207694053649902
1:10_GraphSAGE_focal_loss,42,1:10,GraphSAGE,focal_loss,ShapleyFeatures,141068,True,0.6513656377792358,,0,0.9997605134133218,,0.9732779117133592,,no_aplica,,no_aplica,0.7272958755493164
1:10_GraphSAGE_focal_loss,42,1:10,GraphSAGE,focal_loss,ShapleyFeatures,148220,True,0.7546475529670715,,0,0.9985351130475716,,0.954834150802228,,no_aplica,,no_aplica,0.7226025462150574
1:10_GraphSAGE_focal_loss,42,1:10,GraphSAGE,focal_loss,ShapleyFeatures,150129,False,0.3323319852352142,,0,,vector_constante,,,no_aplica,,no_aplica,0.5384970903396606
1:10_GraphSAGE_focal_loss,42,1:10,GraphSAGE,focal_loss,ShapleyFeatures,150346,False,0.4433894455432892,,0,,vector_constante,,,no_aplica,,no_aplica,0.5398117303848267
1:10_GraphSAGE_focal_loss,42,1:10,GraphSAGE,focal_loss,ShapleyFeatures,150528,True,0.6512147784233093,,0,0.9977735097453408,,0.9821306841798986,,no_aplica,,no_aplica,0.7229424715042114
1:10_GraphSAGE_focal_loss,42,1:10,GraphSAGE,focal_loss,ShapleyFeatures,152223,False,0.3772147297859192,,0,0.9977713768414124,,0.9995386150137168,,no_aplica,,no_aplica,0.7223027348518372
1:10_GraphSAGE_focal_loss,42,1:10,GraphSAGE,focal_loss,ShapleyFeatures,152280,False,0.487206757068634,,0,0.994766408441498,,0.9821157203425056,,no_aplica,,no_aplica,0.7238926291465759
1:10_GraphSAGE_focal_loss,42,1:10,GraphSAGE,focal_loss,ShapleyFeatures,153599,True,0.6724880933761597,,0,0.9974592310654462,,0.9306841798985784,,no_aplica,,no_aplica,0.7266782522201538
1:10_GraphSAGE_focal_loss,42,1:10,GraphSAGE,focal_loss,ShapleyFeatures,155856,True,0.5103828310966492,,0,0.996669212281544,,0.9448973314489983,,no_aplica,,no_aplica,0.7262024283409119
1:10_GraphSAGE_focal_loss,42,1:10,GraphSAGE,focal_loss,ShapleyFeatures,158611,False,0.2660638988018036,,0,0.9964405081778432,,0.9343503200598552,,no_aplica,,no_aplica,0.7228561043739319
1:10_GraphSAGE_focal_loss,42,1:10,GraphSAGE,focal_loss,ShapleyFeatures,158949,True,0.6500287652015686,,0,0.9995454413514846,,0.9627683099176988,,no_aplica,,no_aplica,0.7235473394393921
1:10_GraphSAGE_focal_loss,42,1:10,GraphSAGE,focal_loss,ShapleyFeatures,159862,False,0.4883279800415039,,0,,vector_constante,,,no_aplica,,no_aplica,0.5413012504577637
1:10_GraphSAGE_focal_loss,42,1:10,GraphSAGE,focal_loss,ShapleyFeatures,161504,True,0.8522955179214478,,0,0.9961146422650454,,0.9271435697065428,,no_aplica,,no_aplica,0.7228594422340393
1:10_GraphSAGE_focal_loss,42,1:10,GraphSAGE,focal_loss,ShapleyFeatures,163852,False,0.4513643383979797,,0,0.9985905803370592,,0.9998719760578604,,no_aplica,,no_aplica,0.728644609451294
1:10_GraphSAGE_focal_loss,42,1:10,GraphSAGE,focal_loss,ShapleyFeatures,165001,True,0.5809511542320251,,0,0.9992837300352476,,0.9818472025937318,,no_aplica,,no_aplica,0.7212392687797546
1:10_GraphSAGE_focal_loss,42,1:10,GraphSAGE,focal_loss,ShapleyFeatures,168077,False,0.3462046384811401,,0,0.9923053067771688,,0.9573630393216396,,no_aplica,,no_aplica,0.723852813243866
1:10_GraphSAGE_focal_loss,42,1:10,GraphSAGE,focal_loss,ShapleyFeatures,168167,True,0.5859228372573853,,0,0.9998140909994936,,0.9999476265691246,,no_aplica,,no_aplica,0.7216511368751526
1:10_GraphSAGE_focal_loss,42,1:10,GraphSAGE,focal_loss,ShapleyFeatures,168250,True,0.5171841382980347,,0,0.998063365815983,,0.940379083880622,,no_aplica,,no_aplica,0.7254839539527893
1:10_GraphSAGE_focal_loss,42,1:10,GraphSAGE,focal_loss,ShapleyFeatures,170168,True,0.6791784763336182,,0,0.9946075765633208,,0.9639221880455564,,no_aplica,,no_aplica,0.7255861163139343
1:10_GraphSAGE_focal_loss,42,1:10,GraphSAGE,focal_loss,ShapleyFeatures,170185,False,0.4977391958236694,,0,0.9982985129586156,,0.982114889018206,,no_aplica,,no_aplica,0.7255792021751404
1:10_GraphSAGE_focal_loss,42,1:10,GraphSAGE,focal_loss,ShapleyFeatures,171111,False,0.4679002463817596,,0,0.9991394093636632,,0.9821157203425056,,no_aplica,,no_aplica,0.7231808304786682
1:10_GraphSAGE_focal_loss,42,1:10,GraphSAGE,focal_loss,ShapleyFeatures,171381,True,0.8338372707366943,,0,0.9982494001431238,,0.9625795993016876,,no_aplica,,no_aplica,0.7258118391036987
1:10_GraphSAGE_focal_loss,42,1:10,GraphSAGE,focal_loss,ShapleyFeatures,172466,True,0.7537516951560974,,0,0.9994064453155304,,0.9667711364203176,,no_aplica,,no_aplica,0.7319934368133545
1:10_GraphSAGE_focal_loss,42,1:10,GraphSAGE,focal_loss,ShapleyFeatures,172476,True,0.6131756901741028,,0,0.9960331789736474,,0.949080555324632,,no_aplica,,no_aplica,0.7242011427879333
1:10_GraphSAGE_focal_loss,42,1:10,GraphSAGE,focal_loss,ShapleyFeatures,172625,False,0.2585246562957763,,0,0.9971881155158544,,0.8802934574777621,,no_aplica,,no_aplica,0.7225351929664612
1:10_GraphSAGE_focal_loss,42,1:10,GraphSAGE,focal_loss,ShapleyFeatures,172800,True,0.5591144561767578,,0,0.9971429165849516,,0.944374428464544,,no_aplica,,no_aplica,0.722845733165741
1:10_GraphSAGE_focal_loss,42,1:10,GraphSAGE,focal_loss,ShapleyFeatures,173595,True,0.5507017970085144,,0,0.9998317604848193,,0.9999384820018292,,no_aplica,,no_aplica,0.7246509194374084
1:10_GraphSAGE_none,42,1:10,GraphSAGE,none,GNNExplainer,139670,True,0.5516023635864258,,1,0.9081439902117566,,0.7714922271177989,,menos_de_2_aristas,,menos_de_2_aristas,0.792340874671936
1:10_GraphSAGE_none,42,1:10,GraphSAGE,none,GNNExplainer,139873,True,0.5267034769058228,,1,0.948076512250834,,0.7800914456729572,,menos_de_2_aristas,,menos_de_2_aristas,0.7880885004997253
1:10_GraphSAGE_none,42,1:10,GraphSAGE,none,GNNExplainer,140575,True,0.5717260241508484,,2,0.9280159852131428,,0.7785734475018705,-0.1999999999999999,,0.4,,0.7782687544822693
1:10_GraphSAGE_none,42,1:10,GraphSAGE,none,GNNExplainer,141068,True,0.7597611546516418,,1,0.9343652571669232,,0.6604031922853105,,menos_de_2_aristas,,menos_de_2_aristas,0.7887596487998962
1:10_GraphSAGE_none,42,1:10,GraphSAGE,none,GNNExplainer,148220,True,0.7791595458984375,,2,0.938534612176814,,0.7749081386648932,0.1999999999999999,,0.6,,0.7281204462051392
1:10_GraphSAGE_none,42,1:10,GraphSAGE,none,GNNExplainer,150129,False,0.0208405703306198,,0,0.873083562891194,,0.7062490647601629,,menos_de_2_aristas,,menos_de_2_aristas,0.7072188854217529
1:10_GraphSAGE_none,42,1:10,GraphSAGE,none,GNNExplainer,150346,False,0.358699768781662,,0,0.9405081465759412,,0.9352514756006318,,menos_de_2_aristas,,menos_de_2_aristas,0.7068235874176025
1:10_GraphSAGE_none,42,1:10,GraphSAGE,none,GNNExplainer,150528,True,0.6605693697929382,,2,0.9546817087509096,,0.6378269182808214,0.1999999999999999,,0.6,,0.7721785306930542
1:10_GraphSAGE_none,42,1:10,GraphSAGE,none,GNNExplainer,152223,False,0.1595000177621841,,2,0.9554610045812416,,0.8253528971651841,0.1999999999999999,,0.6,,0.7900278568267822
1:10_GraphSAGE_none,42,1:10,GraphSAGE,none,GNNExplainer,152280,True,0.6043858528137207,,1,0.8970966276521832,,0.8728772134009477,,menos_de_2_aristas,,menos_de_2_aristas,0.783690869808197
1:10_GraphSAGE_none,42,1:10,GraphSAGE,none,GNNExplainer,153599,True,0.6904414892196655,,2,0.9560483371785492,,0.7606633967910883,0.1999999999999999,,0.6,,0.7918521761894226
1:10_GraphSAGE_none,42,1:10,GraphSAGE,none,GNNExplainer,155856,False,0.4911774098873138,,2,0.943844405828098,,0.6160071493889767,-0.1999999999999999,,0.4,,0.7880751490592957
1:10_GraphSAGE_none,42,1:10,GraphSAGE,none,GNNExplainer,158611,False,0.1034624651074409,,3,0.9279280170730796,,0.738782941225372,0.1,,0.5333333333333332,,0.7867987155914307
1:10_GraphSAGE_none,42,1:10,GraphSAGE,none,GNNExplainer,158949,True,0.6649460196495056,,2,0.952206882637768,,0.8323484911463963,0.1999999999999999,,0.6,,0.7958956956863403
1:10_GraphSAGE_none,42,1:10,GraphSAGE,none,GNNExplainer,159862,False,0.0207801591604948,,0,0.898979511067369,,0.630755673788345,,menos_de_2_aristas,,menos_de_2_aristas,0.7061775922775269
1:10_GraphSAGE_none,42,1:10,GraphSAGE,none,GNNExplainer,161504,True,0.862349808216095,,2,0.9318773768196116,,0.7526211655166681,-0.1999999999999999,,0.4,,0.7797081470489502
1:10_GraphSAGE_none,42,1:10,GraphSAGE,none,GNNExplainer,163852,False,0.3272845149040222,,2,0.9546072942356444,,0.8006110233602127,0.1999999999999999,,0.6,,0.7901840209960938
1:10_GraphSAGE_none,42,1:10,GraphSAGE,none,GNNExplainer,165001,True,0.5949674844741821,,1,0.942339813810216,,0.7871419070579433,,menos_de_2_aristas,,menos_de_2_aristas,0.7558671236038208
1:10_GraphSAGE_none,42,1:10,GraphSAGE,none,GNNExplainer,168077,False,0.148375779390335,,1,0.8115232474849524,,0.858657411256131,,menos_de_2_aristas,,menos_de_2_aristas,0.766162097454071
1:10_GraphSAGE_none,42,1:10,GraphSAGE,none,GNNExplainer,168167,True,0.6854931712150574,,1,0.9146923115502282,,0.7048640784770139,,menos_de_2_aristas,,menos_de_2_aristas,0.7470791935920715
1:10_GraphSAGE_none,42,1:10,GraphSAGE,none,GNNExplainer,168250,False,0.0422781743109226,,1,0.9030775933666456,,0.5588660736553329,,menos_de_2_aristas,,menos_de_2_aristas,0.7881972193717957
1:10_GraphSAGE_none,42,1:10,GraphSAGE,none,GNNExplainer,170168,False,0.4597517848014831,,2,0.9479667991713788,,0.6776066173414249,-0.1999999999999999,,0.4,,0.7429562211036682
1:10_GraphSAGE_none,42,1:10,GraphSAGE,none,GNNExplainer,170185,False,0.4471621215343475,,2,0.9510016236492916,,0.8039388145315488,-0.1999999999999999,,0.4,,0.7515830993652344
1:10_GraphSAGE_none,42,1:10,GraphSAGE,none,GNNExplainer,171111,True,0.5003503561019897,,2,0.9611485919041488,,0.7494696150968493,-0.1999999999999999,,0.4,,0.8069447875022888
1:10_GraphSAGE_none,42,1:10,GraphSAGE,none,GNNExplainer,171381,True,0.7887665033340454,,2,0.9648124000423516,,0.7579848698977472,-0.1999999999999999,,0.4,,0.7559250593185425
1:10_GraphSAGE_none,42,1:10,GraphSAGE,none,GNNExplainer,172466,True,0.6972644925117493,,2,0.9547391767111912,,0.7614506609028182,0.1999999999999999,,0.6,,0.7635120749473572
1:10_GraphSAGE_none,42,1:10,GraphSAGE,none,GNNExplainer,172476,False,0.3783490359783172,,2,0.9286812256457916,,0.5875209909385652,0.1999999999999999,,0.6,,0.80043625831604
1:10_GraphSAGE_none,42,1:10,GraphSAGE,none,GNNExplainer,172625,False,0.0169189497828483,,1,0.8893765851039939,,0.5704164934741042,,menos_de_2_aristas,,menos_de_2_aristas,0.7265099287033081
1:10_GraphSAGE_none,42,1:10,GraphSAGE,none,GNNExplainer,172800,False,0.1244774162769317,,1,0.9051888888888888,,0.954963837392967,,menos_de_2_aristas,,menos_de_2_aristas,0.7391802668571472
1:10_GraphSAGE_none,42,1:10,GraphSAGE,none,GNNExplainer,173595,True,0.6109536290168762,,1,0.904556872329195,,0.6442779948457893,,menos_de_2_aristas,,menos_de_2_aristas,0.7378807663917542
1:10_GraphSAGE_none,42,1:10,GraphSAGE,none,PGExplainer,139670,True,0.5516023635864258,,1,,no_aplica,,,menos_de_2_aristas,,menos_de_2_aristas,2.06320595741272
1:10_GraphSAGE_none,42,1:10,GraphSAGE,none,PGExplainer,139873,True,0.5267034769058228,,1,,no_aplica,,,menos_de_2_aristas,,menos_de_2_aristas,2.063140630722046
1:10_GraphSAGE_none,42,1:10,GraphSAGE,none,PGExplainer,140575,True,0.5717260241508484,,2,,no_aplica,,-0.1999999999999999,,0.4,,2.063283681869507
1:10_GraphSAGE_none,42,1:10,GraphSAGE,none,PGExplainer,141068,True,0.7597611546516418,,1,,no_aplica,,,menos_de_2_aristas,,menos_de_2_aristas,2.063038825988769
1:10_GraphSAGE_none,42,1:10,GraphSAGE,none,PGExplainer,148220,True,0.7791595458984375,,2,,no_aplica,,-0.1999999999999999,,0.4,,2.0630924701690674
1:10_GraphSAGE_none,42,1:10,GraphSAGE,none,PGExplainer,150129,False,0.0208405703306198,,0,,no_aplica,,,menos_de_2_aristas,,menos_de_2_aristas,2.062532663345337
1:10_GraphSAGE_none,42,1:10,GraphSAGE,none,PGExplainer,150346,False,0.358699768781662,,0,,no_aplica,,,menos_de_2_aristas,,menos_de_2_aristas,2.062278985977173
1:10_GraphSAGE_none,42,1:10,GraphSAGE,none,PGExplainer,150528,True,0.6605693697929382,,2,,no_aplica,,-0.1999999999999999,,0.4,,2.0630528926849365
1:10_GraphSAGE_none,42,1:10,GraphSAGE,none,PGExplainer,152223,False,0.1595000177621841,,2,,no_aplica,,1.0,,1.0,,2.062981128692627
1:10_GraphSAGE_none,42,1:10,GraphSAGE,none,PGExplainer,152280,True,0.6043858528137207,,1,,no_aplica,,,menos_de_2_aristas,,menos_de_2_aristas,2.06296968460083
1:10_GraphSAGE_none,42,1:10,GraphSAGE,none,PGExplainer,153599,True,0.6904414892196655,,2,,no_aplica,,0.0,,0.6,,2.062952995300293
1:10_GraphSAGE_none,42,1:10,GraphSAGE,none,PGExplainer,155856,False,0.4911774098873138,,2,,no_aplica,,1.0,,1.0,,2.0629799365997314
1:10_GraphSAGE_none,42,1:10,GraphSAGE,none,PGExplainer,158611,False,0.1034624651074409,,3,,no_aplica,,1.0,,1.0,,2.063018798828125
1:10_GraphSAGE_none,42,1:10,GraphSAGE,none,PGExplainer,158949,True,0.6649460196495056,,2,,no_aplica,,-0.3333333333333333,,0.4,,2.0630784034729004
1:10_GraphSAGE_none,42,1:10,GraphSAGE,none,PGExplainer,159862,False,0.0207801591604948,,0,,no_aplica,,,menos_de_2_aristas,,menos_de_2_aristas,2.062335252761841
1:10_GraphSAGE_none,42,1:10,GraphSAGE,none,PGExplainer,161504,True,0.862349808216095,,2,,no_aplica,,0.0,,0.4,,2.0630178451538086
1:10_GraphSAGE_none,42,1:10,GraphSAGE,none,PGExplainer,163852,False,0.3272845149040222,,2,,no_aplica,,1.0,,0.4,,2.0630030632019043
1:10_GraphSAGE_none,42,1:10,GraphSAGE,none,PGExplainer,165001,True,0.5949674844741821,,1,,no_aplica,,,menos_de_2_aristas,,menos_de_2_aristas,2.062960624694824
1:10_GraphSAGE_none,42,1:10,GraphSAGE,none,PGExplainer,168077,False,0.148375779390335,,1,,no_aplica,,,menos_de_2_aristas,,menos_de_2_aristas,2.0629971027374268
1:10_GraphSAGE_none,42,1:10,GraphSAGE,none,PGExplainer,168167,True,0.6854931712150574,,1,,no_aplica,,,menos_de_2_aristas,,menos_de_2_aristas,2.0629775524139404
1:10_GraphSAGE_none,42,1:10,GraphSAGE,none,PGExplainer,168250,False,0.0422781743109226,,1,,no_aplica,,,menos_de_2_aristas,,menos_de_2_aristas,2.063011646270752
1:10_GraphSAGE_none,42,1:10,GraphSAGE,none,PGExplainer,170168,False,0.4597517848014831,,2,,no_aplica,,1.0,,1.0,,2.0630533695220947
1:10_GraphSAGE_none,42,1:10,GraphSAGE,none,PGExplainer,170185,False,0.4471621215343475,,2,,no_aplica,,-0.3333333333333332,,0.4,,2.0630011558532715
1:10_GraphSAGE_none,42,1:10,GraphSAGE,none,PGExplainer,171111,True,0.5003503561019897,,2,,no_aplica,,-0.1999999999999999,,0.4,,2.0630452632904053
1:10_GraphSAGE_none,42,1:10,GraphSAGE,none,PGExplainer,171381,True,0.7887665033340454,,2,,no_aplica,,-0.1999999999999999,,0.4,,2.0631263256073
1:10_GraphSAGE_none,42,1:10,GraphSAGE,none,PGExplainer,172466,True,0.6972644925117493,,2,,no_aplica,,1.0,,1.0,,2.0630390644073486
1:10_GraphSAGE_none,42,1:10,GraphSAGE,none,PGExplainer,172476,False,0.3783490359783172,,2,,no_aplica,,1.0,,1.0,,2.063058376312256
1:10_GraphSAGE_none,42,1:10,GraphSAGE,none,PGExplainer,172625,False,0.0169189497828483,,1,,no_aplica,,,menos_de_2_aristas,,menos_de_2_aristas,2.063075304031372
1:10_GraphSAGE_none,42,1:10,GraphSAGE,none,PGExplainer,172800,False,0.1244774162769317,,1,,no_aplica,,,menos_de_2_aristas,,menos_de_2_aristas,2.0629308223724365
1:10_GraphSAGE_none,42,1:10,GraphSAGE,none,PGExplainer,173595,True,0.6109536290168762,,1,,no_aplica,,,menos_de_2_aristas,,menos_de_2_aristas,2.062976121902466
1:10_GraphSAGE_none,42,1:10,GraphSAGE,none,ShapleyFeatures,139670,True,0.5516023635864258,,0,0.996459891598916,,0.9731681769058108,,no_aplica,,no_aplica,0.7253334522247314
1:10_GraphSAGE_none,42,1:10,GraphSAGE,none,ShapleyFeatures,139873,True,0.5267034769058228,,0,0.998931500836694,,0.9999052290298446,,no_aplica,,no_aplica,0.723481297492981
1:10_GraphSAGE_none,42,1:10,GraphSAGE,none,ShapleyFeatures,140575,True,0.5717260241508484,,0,0.9972376326388612,,0.9811206251558736,,no_aplica,,no_aplica,0.7236614227294922
1:10_GraphSAGE_none,42,1:10,GraphSAGE,none,ShapleyFeatures,141068,True,0.7597611546516418,,0,0.9996645274444932,,0.973395959763904,,no_aplica,,no_aplica,0.7242228984832764
1:10_GraphSAGE_none,42,1:10,GraphSAGE,none,ShapleyFeatures,148220,True,0.7791595458984375,,0,0.999603567610151,,0.9821905395294704,,no_aplica,,no_aplica,0.7278016209602356
1:10_GraphSAGE_none,42,1:10,GraphSAGE,none,ShapleyFeatures,150129,False,0.0208405703306198,,0,,vector_constante,,,no_aplica,,no_aplica,0.538110613822937
1:10_GraphSAGE_none,42,1:10,GraphSAGE,none,ShapleyFeatures,150346,False,0.358699768781662,,0,,vector_constante,,,no_aplica,,no_aplica,0.5391993522644043
1:10_GraphSAGE_none,42,1:10,GraphSAGE,none,ShapleyFeatures,150528,True,0.6605693697929382,,0,0.9981445440318678,,0.9550295120126362,,no_aplica,,no_aplica,0.7290181517601013
1:10_GraphSAGE_none,42,1:10,GraphSAGE,none,ShapleyFeatures,152223,False,0.1595000177621841,,0,0.9967560968918884,,0.8910566131848034,,no_aplica,,no_aplica,0.7227523922920227
1:10_GraphSAGE_none,42,1:10,GraphSAGE,none,ShapleyFeatures,152280,True,0.6043858528137207,,0,0.9963775685775674,,0.982168093773381,,no_aplica,,no_aplica,0.7237198948860168
1:10_GraphSAGE_none,42,1:10,GraphSAGE,none,ShapleyFeatures,153599,True,0.6904414892196655,,0,0.9983849263611168,,0.9999709036495136,,no_aplica,,no_aplica,0.7219256162643433
1:10_GraphSAGE_none,42,1:10,GraphSAGE,none,ShapleyFeatures,155856,False,0.4911774098873138,,0,0.9970720524922726,,0.9592260370770636,,no_aplica,,no_aplica,0.7273778915405273
1:10_GraphSAGE_none,42,1:10,GraphSAGE,none,ShapleyFeatures,158611,False,0.1034624651074409,,0,0.9972413737760653,,0.9408620832986948,,no_aplica,,no_aplica,0.7253761291503906
1:10_GraphSAGE_none,42,1:10,GraphSAGE,none,ShapleyFeatures,158949,True,0.6649460196495056,,0,0.998998287422716,,0.954846620666722,,no_aplica,,no_aplica,0.7242229580879211
1:10_GraphSAGE_none,42,1:10,GraphSAGE,none,ShapleyFeatures,159862,False,0.0207801591604948,,0,,vector_constante,,,no_aplica,,no_aplica,0.541043221950531
1:10_GraphSAGE_none,42,1:10,GraphSAGE,none,ShapleyFeatures,161504,True,0.862349808216095,,0,0.997679501796517,,0.944464211488902,,no_aplica,,no_aplica,0.7230244278907776
1:10_GraphSAGE_none,42,1:10,GraphSAGE,none,ShapleyFeatures,163852,False,0.3272845149040222,,0,0.998254490085476,,0.9546096932413336,,no_aplica,,no_aplica,0.7241662740707397
1:10_GraphSAGE_none,42,1:10,GraphSAGE,none,ShapleyFeatures,165001,True,0.5949674844741821,,0,0.9991360630045998,,0.9733161526311416,,no_aplica,,no_aplica,0.7261968851089478
1:10_GraphSAGE_none,42,1:10,GraphSAGE,none,ShapleyFeatures,168077,False,0.148375779390335,,0,0.9950215211870074,,0.856516751184637,,no_aplica,,no_aplica,0.7307285070419312
1:10_GraphSAGE_none,42,1:10,GraphSAGE,none,ShapleyFeatures,168167,True,0.6854931712150574,,0,0.9993455100437408,,0.9821099010724084,,no_aplica,,no_aplica,0.7245043516159058
1:10_GraphSAGE_none,42,1:10,GraphSAGE,none,ShapleyFeatures,168250,False,0.0422781743109226,,0,0.992602936604239,,0.884423476598221,,no_aplica,,no_aplica,0.7254383563995361
1:10_GraphSAGE_none,42,1:10,GraphSAGE,none,ShapleyFeatures,170168,False,0.4597517848014831,,0,0.995605846505572,,0.9999251808130352,,no_aplica,,no_aplica,0.722783088684082
1:10_GraphSAGE_none,42,1:10,GraphSAGE,none,ShapleyFeatures,170185,False,0.4471621215343475,,0,0.9957980154227052,,0.9644908138664894,,no_aplica,,no_aplica,0.7296649813652039
1:10_GraphSAGE_none,42,1:10,GraphSAGE,none,ShapleyFeatures,171111,True,0.5003503561019897,,0,0.9986243763159484,,0.9556288968326544,,no_aplica,,no_aplica,0.723731517791748
1:10_GraphSAGE_none,42,1:10,GraphSAGE,none,ShapleyFeatures,171381,True,0.7887665033340454,,0,0.9990643635904416,,0.9634483331947792,,no_aplica,,no_aplica,0.7240781188011169
1:10_GraphSAGE_none,42,1:10,GraphSAGE,none,ShapleyFeatures,172466,True,0.6972644925117493,,0,0.9990636844117132,,0.9641233685260622,,no_aplica,,no_aplica,0.7283751964569092
1:10_GraphSAGE_none,42,1:10,GraphSAGE,none,ShapleyFeatures,172476,False,0.3783490359783172,,0,0.9844127366244824,,0.8411763238839471,,no_aplica,,no_aplica,0.7289848923683167
1:10_GraphSAGE_none,42,1:10,GraphSAGE,none,ShapleyFeatures,172625,False,0.0169189497828483,,0,0.9959932865425694,,0.935603957103666,,no_aplica,,no_aplica,0.7270358800888062
1:10_GraphSAGE_none,42,1:10,GraphSAGE,none,ShapleyFeatures,172800,False,0.1244774162769317,,0,0.9985446633895436,,0.9733593814947212,,no_aplica,,no_aplica,0.7216393351554871
1:10_GraphSAGE_none,42,1:10,GraphSAGE,none,ShapleyFeatures,173595,True,0.6109536290168762,,0,0.9987587059426538,,0.9999900241084048,,no_aplica,,no_aplica,0.7237265706062317
1:10_os_GraphSAGE_class_weighting,42,1:10_os,GraphSAGE,class_weighting,GNNExplainer,139670,True,0.971261501312256,,1,0.940189217906475,,0.7643586333028515,,menos_de_2_aristas,,menos_de_2_aristas,1.0011969804763794
1:10_os_GraphSAGE_class_weighting,42,1:10_os,GraphSAGE,class_weighting,GNNExplainer,139873,True,0.916092038154602,,1,0.9666264057099352,,0.837831906226619,,menos_de_2_aristas,,menos_de_2_aristas,0.7923554182052612
1:10_os_GraphSAGE_class_weighting,42,1:10_os,GraphSAGE,class_weighting,GNNExplainer,140575,True,0.965330958366394,,2,0.9503056744029283,,0.9045307174328704,0.1999999999999999,,0.6,,0.7867308259010315
1:10_os_GraphSAGE_class_weighting,42,1:10_os,GraphSAGE,class_weighting,GNNExplainer,141068,True,0.970646321773529,,1,0.9586149310653432,,0.9166755341258628,,menos_de_2_aristas,,menos_de_2_aristas,0.7793145179748535
1:10_os_GraphSAGE_class_weighting,42,1:10_os,GraphSAGE,class_weighting,GNNExplainer,148220,True,0.9857172966003418,,2,0.9693680845148736,,0.8487139413085044,0.1999999999999999,,0.6,,0.7873108983039856
1:10_os_GraphSAGE_class_weighting,42,1:10_os,GraphSAGE,class_weighting,GNNExplainer,150129,False,0.2513134777545929,,0,0.9452088713221674,,0.9346811871311,,menos_de_2_aristas,,menos_de_2_aristas,0.7070053815841675
1:10_os_GraphSAGE_class_weighting,42,1:10_os,GraphSAGE,class_weighting,GNNExplainer,150346,False,0.4902860820293426,,0,0.9609439400468044,,0.9676623160694988,,menos_de_2_aristas,,menos_de_2_aristas,0.7009091377258301
1:10_os_GraphSAGE_class_weighting,42,1:10_os,GraphSAGE,class_weighting,GNNExplainer,150528,True,0.979144811630249,,2,0.9743438217345056,,0.7349031507190954,0.1999999999999999,,0.6,,0.7854183316230774
1:10_os_GraphSAGE_class_weighting,42,1:10_os,GraphSAGE,class_weighting,GNNExplainer,152223,False,0.1284374594688415,,2,0.974786437330261,,0.8127483581345082,0.1999999999999999,,0.6,,0.7928345203399658
1:10_os_GraphSAGE_class_weighting,42,1:10_os,GraphSAGE,class_weighting,GNNExplainer,152280,True,0.7138360142707825,,1,0.951201165090054,,0.7401646022113226,,menos_de_2_aristas,,menos_de_2_aristas,0.7719911336898804
1:10_os_GraphSAGE_class_weighting,42,1:10_os,GraphSAGE,class_weighting,GNNExplainer,153599,True,0.96481454372406,,2,0.9665182038152044,,0.9080929420566964,0.1999999999999999,,0.6,,0.760886013507843
1:10_os_GraphSAGE_class_weighting,42,1:10_os,GraphSAGE,class_weighting,GNNExplainer,155856,False,0.2411797195672989,,2,0.9675332174842936,,0.8864909801313493,0.1999999999999999,,0.6,,0.7834497094154358
1:10_os_GraphSAGE_class_weighting,42,1:10_os,GraphSAGE,class_weighting,GNNExplainer,158611,False,0.0058061257004737,,3,0.9403792769615054,,0.8802535539113808,0.1,,0.5333333333333332,,0.785946786403656
1:10_os_GraphSAGE_class_weighting,42,1:10_os,GraphSAGE,class_weighting,GNNExplainer,158949,True,0.7528964877128601,,2,0.9837433709937746,,0.8149114639620916,0.1999999999999999,,0.6,,0.783865749835968
1:10_os_GraphSAGE_class_weighting,42,1:10_os,GraphSAGE,class_weighting,GNNExplainer,159862,True,0.6740166544914246,,0,0.9646405737319308,,0.9991329287555076,,menos_de_2_aristas,,menos_de_2_aristas,0.7023085355758667
1:10_os_GraphSAGE_class_weighting,42,1:10_os,GraphSAGE,class_weighting,GNNExplainer,161504,True,0.9920851588249208,,2,0.9530200140571424,,0.8918663230526228,0.1999999999999999,,0.6,,0.7922689914703369
1:10_os_GraphSAGE_class_weighting,42,1:10_os,GraphSAGE,class_weighting,GNNExplainer,163852,False,0.4312818944454193,,2,0.9820442820144676,,0.8753861501371685,0.1999999999999999,,0.6,,0.7879124879837036
1:10_os_GraphSAGE_class_weighting,42,1:10_os,GraphSAGE,class_weighting,GNNExplainer,165001,False,0.4060153365135193,,1,0.978756156173768,,0.8440202843129105,,menos_de_2_aristas,,menos_de_2_aristas,0.7852566242218018
1:10_os_GraphSAGE_class_weighting,42,1:10_os,GraphSAGE,class_weighting,GNNExplainer,168077,False,0.076532669365406,,1,0.9279335984690548,,0.8455465957269931,,menos_de_2_aristas,,menos_de_2_aristas,0.7910452485084534
1:10_os_GraphSAGE_class_weighting,42,1:10_os,GraphSAGE,class_weighting,GNNExplainer,168167,False,0.285819262266159,,1,0.9636502443563982,,0.9164585584836644,,menos_de_2_aristas,,menos_de_2_aristas,0.7876006364822388
1:10_os_GraphSAGE_class_weighting,42,1:10_os,GraphSAGE,class_weighting,GNNExplainer,168250,False,0.1221525594592094,,1,0.9616125913924328,,0.7428472857261618,,menos_de_2_aristas,,menos_de_2_aristas,0.7940331697463989
1:10_os_GraphSAGE_class_weighting,42,1:10_os,GraphSAGE,class_weighting,GNNExplainer,170168,True,0.8884287476539612,,2,0.9828660209394772,,0.8332122370936903,0.1999999999999999,,0.6,,0.7352636456489563
1:10_os_GraphSAGE_class_weighting,42,1:10_os,GraphSAGE,class_weighting,GNNExplainer,170185,False,0.3799613416194916,,2,0.9818137282347014,,0.8950228614182393,-0.1999999999999999,,0.4,,0.7709998488426208
1:10_os_GraphSAGE_class_weighting,42,1:10_os,GraphSAGE,class_weighting,GNNExplainer,171111,False,0.0373737514019012,,2,0.9657188847209002,,0.8745024524066839,0.1999999999999999,,0.6,,0.732920229434967
1:10_os_GraphSAGE_class_weighting,42,1:10_os,GraphSAGE,class_weighting,GNNExplainer,171381,True,0.8904091715812683,,2,0.9827119938033224,,0.7878119544434284,-0.1999999999999999,,0.4,,0.7508314847946167
1:10_os_GraphSAGE_class_weighting,42,1:10_os,GraphSAGE,class_weighting,GNNExplainer,172466,True,0.9201911687850952,,2,0.975274308864258,,0.7729162856430294,0.1999999999999999,,0.6,,0.7365312576293945
1:10_os_GraphSAGE_class_weighting,42,1:10_os,GraphSAGE,class_weighting,GNNExplainer,172476,True,0.7007136940956116,,2,0.967442232438082,,0.7228830326710449,0.1999999999999999,,0.6,,0.7471931576728821
1:10_os_GraphSAGE_class_weighting,42,1:10_os,GraphSAGE,class_weighting,GNNExplainer,172625,False,0.0556367002427578,,1,0.956273040496497,,0.7979674120874554,,menos_de_2_aristas,,menos_de_2_aristas,0.7820881009101868
1:10_os_GraphSAGE_class_weighting,42,1:10_os,GraphSAGE,class_weighting,GNNExplainer,172800,True,0.9733169674873352,,1,0.953838482384824,,0.7978950868733893,,menos_de_2_aristas,,menos_de_2_aristas,0.7919052839279175
1:10_os_GraphSAGE_class_weighting,42,1:10_os,GraphSAGE,class_weighting,GNNExplainer,173595,True,0.569835364818573,,1,0.9768189673248928,,0.8530692493141574,,menos_de_2_aristas,,menos_de_2_aristas,0.7836370468139648
1:10_os_GraphSAGE_class_weighting,42,1:10_os,GraphSAGE,class_weighting,PGExplainer,139670,True,0.971261501312256,,1,,no_aplica,,,menos_de_2_aristas,,menos_de_2_aristas,2.0659947395324707
1:10_os_GraphSAGE_class_weighting,42,1:10_os,GraphSAGE,class_weighting,PGExplainer,139873,True,0.916092038154602,,1,,no_aplica,,,menos_de_2_aristas,,menos_de_2_aristas,2.0655109882354736
1:10_os_GraphSAGE_class_weighting,42,1:10_os,GraphSAGE,class_weighting,PGExplainer,140575,True,0.965330958366394,,2,,no_aplica,,-0.1999999999999999,,0.4,,2.0655479431152344
1:10_os_GraphSAGE_class_weighting,42,1:10_os,GraphSAGE,class_weighting,PGExplainer,141068,True,0.970646321773529,,1,,no_aplica,,,menos_de_2_aristas,,menos_de_2_aristas,2.065192222595215
1:10_os_GraphSAGE_class_weighting,42,1:10_os,GraphSAGE,class_weighting,PGExplainer,148220,True,0.9857172966003418,,2,,no_aplica,,0.1999999999999999,,0.6,,2.06522798538208
1:10_os_GraphSAGE_class_weighting,42,1:10_os,GraphSAGE,class_weighting,PGExplainer,150129,False,0.2513134777545929,,0,,no_aplica,,,menos_de_2_aristas,,menos_de_2_aristas,2.064641237258911
1:10_os_GraphSAGE_class_weighting,42,1:10_os,GraphSAGE,class_weighting,PGExplainer,150346,False,0.4902860820293426,,0,,no_aplica,,,menos_de_2_aristas,,menos_de_2_aristas,2.0645411014556885
1:10_os_GraphSAGE_class_weighting,42,1:10_os,GraphSAGE,class_weighting,PGExplainer,150528,True,0.979144811630249,,2,,no_aplica,,-0.1999999999999999,,0.4,,2.065263509750366
1:10_os_GraphSAGE_class_weighting,42,1:10_os,GraphSAGE,class_weighting,PGExplainer,152223,False,0.1284374594688415,,2,,no_aplica,,1.0,,1.0,,2.06519079208374
1:10_os_GraphSAGE_class_weighting,42,1:10_os,GraphSAGE,class_weighting,PGExplainer,152280,True,0.7138360142707825,,1,,no_aplica,,,menos_de_2_aristas,,menos_de_2_aristas,2.065171957015991
1:10_os_GraphSAGE_class_weighting,42,1:10_os,GraphSAGE,class_weighting,PGExplainer,153599,True,0.96481454372406,,2,,no_aplica,,0.1999999999999999,,0.6,,2.0652289390563965
1:10_os_GraphSAGE_class_weighting,42,1:10_os,GraphSAGE,class_weighting,PGExplainer,155856,False,0.2411797195672989,,2,,no_aplica,,0.0,,0.6,,2.0651514530181885
1:10_os_GraphSAGE_class_weighting,42,1:10_os,GraphSAGE,class_weighting,PGExplainer,158611,False,0.0058061257004737,,3,,no_aplica,,0.0,,0.4666666666666666,,2.065140724182129
1:10_os_GraphSAGE_class_weighting,42,1:10_os,GraphSAGE,class_weighting,PGExplainer,158949,True,0.7528964877128601,,2,,no_aplica,,-0.1999999999999999,,0.4,,2.0652055740356445
1:10_os_GraphSAGE_class_weighting,42,1:10_os,GraphSAGE,class_weighting,PGExplainer,159862,True,0.6740166544914246,,0,,no_aplica,,,menos_de_2_aristas,,menos_de_2_aristas,2.0646536350250244
1:10_os_GraphSAGE_class_weighting,42,1:10_os,GraphSAGE,class_weighting,PGExplainer,161504,True,0.9920851588249208,,2,,no_aplica,,-0.1999999999999999,,0.4,,2.065399169921875
1:10_os_GraphSAGE_class_weighting,42,1:10_os,GraphSAGE,class_weighting,PGExplainer,163852,False,0.4312818944454193,,2,,no_aplica,,-0.3333333333333332,,0.4,,2.065223932266236
1:10_os_GraphSAGE_class_weighting,42,1:10_os,GraphSAGE,class_weighting,PGExplainer,165001,False,0.4060153365135193,,1,,no_aplica,,,menos_de_2_aristas,,menos_de_2_aristas,2.0651743412017822
1:10_os_GraphSAGE_class_weighting,42,1:10_os,GraphSAGE,class_weighting,PGExplainer,168077,False,0.076532669365406,,1,,no_aplica,,,menos_de_2_aristas,,menos_de_2_aristas,2.0651533603668213
1:10_os_GraphSAGE_class_weighting,42,1:10_os,GraphSAGE,class_weighting,PGExplainer,168167,False,0.285819262266159,,1,,no_aplica,,,menos_de_2_aristas,,menos_de_2_aristas,2.0651519298553467
1:10_os_GraphSAGE_class_weighting,42,1:10_os,GraphSAGE,class_weighting,PGExplainer,168250,False,0.1221525594592094,,1,,no_aplica,,,menos_de_2_aristas,,menos_de_2_aristas,2.065202474594116
1:10_os_GraphSAGE_class_weighting,42,1:10_os,GraphSAGE,class_weighting,PGExplainer,170168,True,0.8884287476539612,,2,,no_aplica,,-0.1999999999999999,,0.4,,2.065243721008301
1:10_os_GraphSAGE_class_weighting,42,1:10_os,GraphSAGE,class_weighting,PGExplainer,170185,False,0.3799613416194916,,2,,no_aplica,,-0.1999999999999999,,0.4,,2.065176010131836
1:10_os_GraphSAGE_class_weighting,42,1:10_os,GraphSAGE,class_weighting,PGExplainer,171111,False,0.0373737514019012,,2,,no_aplica,,1.0,,0.4,,2.065258741378784
1:10_os_GraphSAGE_class_weighting,42,1:10_os,GraphSAGE,class_weighting,PGExplainer,171381,True,0.8904091715812683,,2,,no_aplica,,-0.1999999999999999,,0.4,,2.065226554870605
1:10_os_GraphSAGE_class_weighting,42,1:10_os,GraphSAGE,class_weighting,PGExplainer,172466,True,0.9201911687850952,,2,,no_aplica,,-0.1999999999999999,,0.4,,2.0652453899383545
1:10_os_GraphSAGE_class_weighting,42,1:10_os,GraphSAGE,class_weighting,PGExplainer,172476,True,0.7007136940956116,,2,,no_aplica,,-0.1999999999999999,,0.4,,2.065260648727417
1:10_os_GraphSAGE_class_weighting,42,1:10_os,GraphSAGE,class_weighting,PGExplainer,172625,False,0.0556367002427578,,1,,no_aplica,,,menos_de_2_aristas,,menos_de_2_aristas,2.0652458667755127
1:10_os_GraphSAGE_class_weighting,42,1:10_os,GraphSAGE,class_weighting,PGExplainer,172800,True,0.9733169674873352,,1,,no_aplica,,,menos_de_2_aristas,,menos_de_2_aristas,2.065181016921997
1:10_os_GraphSAGE_class_weighting,42,1:10_os,GraphSAGE,class_weighting,PGExplainer,173595,True,0.569835364818573,,1,,no_aplica,,,menos_de_2_aristas,,menos_de_2_aristas,2.06518292427063
1:10_os_GraphSAGE_class_weighting,42,1:10_os,GraphSAGE,class_weighting,ShapleyFeatures,139670,True,0.971261501312256,,0,0.996358807588076,,0.953344417657328,,no_aplica,,no_aplica,0.7188869714736938
1:10_os_GraphSAGE_class_weighting,42,1:10_os,GraphSAGE,class_weighting,ShapleyFeatures,139873,True,0.916092038154602,,0,0.9977392807176364,,0.9357635713691912,,no_aplica,,no_aplica,0.7210066318511963
1:10_os_GraphSAGE_class_weighting,42,1:10_os,GraphSAGE,class_weighting,ShapleyFeatures,140575,True,0.965330958366394,,0,0.9939852541715172,,0.9679516169257626,,no_aplica,,no_aplica,0.7213417887687683
1:10_os_GraphSAGE_class_weighting,42,1:10_os,GraphSAGE,class_weighting,ShapleyFeatures,141068,True,0.970646321773529,,0,0.999531231315024,,0.9598137833568876,,no_aplica,,no_aplica,0.71839839220047
1:10_os_GraphSAGE_class_weighting,42,1:10_os,GraphSAGE,class_weighting,ShapleyFeatures,148220,True,0.9857172966003418,,0,0.9977468910021944,,0.9032064178235928,,no_aplica,,no_aplica,0.7167824506759644
1:10_os_GraphSAGE_class_weighting,42,1:10_os,GraphSAGE,class_weighting,ShapleyFeatures,150129,False,0.2513134777545929,,0,,vector_constante,,,no_aplica,,no_aplica,0.5303606390953064
1:10_os_GraphSAGE_class_weighting,42,1:10_os,GraphSAGE,class_weighting,ShapleyFeatures,150346,False,0.4902860820293426,,0,,vector_constante,,,no_aplica,,no_aplica,0.5331007242202759
1:10_os_GraphSAGE_class_weighting,42,1:10_os,GraphSAGE,class_weighting,ShapleyFeatures,150528,True,0.979144811630249,,0,0.9968245838668374,,0.9093889766397872,,no_aplica,,no_aplica,0.7172630429267883
1:10_os_GraphSAGE_class_weighting,42,1:10_os,GraphSAGE,class_weighting,ShapleyFeatures,152223,False,0.1284374594688415,,0,0.9854947466600829,,0.7714548175243163,,no_aplica,,no_aplica,0.7166423797607422
1:10_os_GraphSAGE_class_weighting,42,1:10_os,GraphSAGE,class_weighting,ShapleyFeatures,152280,True,0.7138360142707825,,0,0.9881590405466628,,0.9665267270762324,,no_aplica,,no_aplica,0.7217007875442505
1:10_os_GraphSAGE_class_weighting,42,1:10_os,GraphSAGE,class_weighting,ShapleyFeatures,153599,True,0.96481454372406,,0,0.9982465194782504,,0.9367994014465044,,no_aplica,,no_aplica,0.7181090712547302
1:10_os_GraphSAGE_class_weighting,42,1:10_os,GraphSAGE,class_weighting,ShapleyFeatures,155856,False,0.2411797195672989,,0,0.9818138776580164,,0.8580264361127276,,no_aplica,,no_aplica,0.7165202498435974
1:10_os_GraphSAGE_class_weighting,42,1:10_os,GraphSAGE,class_weighting,ShapleyFeatures,158611,False,0.0058061257004737,,0,0.9789771443015896,,0.8559048965001248,,no_aplica,,no_aplica,0.7163363695144653
1:10_os_GraphSAGE_class_weighting,42,1:10_os,GraphSAGE,class_weighting,ShapleyFeatures,158949,True,0.7528964877128601,,0,0.999328031116658,,0.9445041150552832,,no_aplica,,no_aplica,0.718267023563385
1:10_os_GraphSAGE_class_weighting,42,1:10_os,GraphSAGE,class_weighting,ShapleyFeatures,159862,True,0.6740166544914246,,0,,vector_constante,,,no_aplica,,no_aplica,0.5287160873413086
1:10_os_GraphSAGE_class_weighting,42,1:10_os,GraphSAGE,class_weighting,ShapleyFeatures,161504,True,0.9920851588249208,,0,0.9955300424653984,,0.940310915288054,,no_aplica,,no_aplica,0.7192145586013794
1:10_os_GraphSAGE_class_weighting,42,1:10_os,GraphSAGE,class_weighting,ShapleyFeatures,163852,False,0.4312818944454193,,0,0.99584648925494,,0.9247585002909634,,no_aplica,,no_aplica,0.7194676399230957
1:10_os_GraphSAGE_class_weighting,42,1:10_os,GraphSAGE,class_weighting,ShapleyFeatures,165001,False,0.4060153365135193,,0,0.995191486231888,,0.9481444841632722,,no_aplica,,no_aplica,0.7159793972969055
1:10_os_GraphSAGE_class_weighting,42,1:10_os,GraphSAGE,class_weighting,ShapleyFeatures,168077,False,0.076532669365406,,0,0.9824617029808848,,0.8346047052955358,,no_aplica,,no_aplica,0.7180463671684265
1:10_os_GraphSAGE_class_weighting,42,1:10_os,GraphSAGE,class_weighting,ShapleyFeatures,168167,False,0.285819262266159,,0,0.999348895336618,,0.9577520990938564,,no_aplica,,no_aplica,0.7160712480545044
1:10_os_GraphSAGE_class_weighting,42,1:10_os,GraphSAGE,class_weighting,ShapleyFeatures,168250,False,0.1221525594592094,,0,0.9809321917845738,,0.7178618339014049,,no_aplica,,no_aplica,0.7204350829124451
1:10_os_GraphSAGE_class_weighting,42,1:10_os,GraphSAGE,class_weighting,ShapleyFeatures,170168,True,0.8884287476539612,,0,0.991884125397337,,0.9634990439770554,,no_aplica,,no_aplica,0.721410870552063
1:10_os_GraphSAGE_class_weighting,42,1:10_os,GraphSAGE,class_weighting,ShapleyFeatures,170185,False,0.3799613416194916,,0,0.997268448304862,,0.9474686175076896,,no_aplica,,no_aplica,0.7132293581962585
1:10_os_GraphSAGE_class_weighting,42,1:10_os,GraphSAGE,class_weighting,ShapleyFeatures,171111,False,0.0373737514019012,,0,0.9964660058081252,,0.8574154127525148,,no_aplica,,no_aplica,0.7178755402565002
1:10_os_GraphSAGE_class_weighting,42,1:10_os,GraphSAGE,class_weighting,ShapleyFeatures,171381,True,0.8904091715812683,,0,0.9989184334965692,,0.926546678859423,,no_aplica,,no_aplica,0.7177497744560242
1:10_os_GraphSAGE_class_weighting,42,1:10_os,GraphSAGE,class_weighting,ShapleyFeatures,172466,True,0.9201911687850952,,0,0.9984769003129984,,0.9387430376589908,,no_aplica,,no_aplica,0.7192853093147278
1:10_os_GraphSAGE_class_weighting,42,1:10_os,GraphSAGE,class_weighting,ShapleyFeatures,172476,True,0.7007136940956116,,0,0.9922265688126564,,0.887831906226619,,no_aplica,,no_aplica,0.7189334034919739
1:10_os_GraphSAGE_class_weighting,42,1:10_os,GraphSAGE,class_weighting,ShapleyFeatures,172625,False,0.0556367002427578,,0,0.9839481787666102,,0.6532712611189624,,no_aplica,,no_aplica,0.7179745435714722
1:10_os_GraphSAGE_class_weighting,42,1:10_os,GraphSAGE,class_weighting,ShapleyFeatures,172800,True,0.9733169674873352,,0,0.9980682893525188,,0.9630143819103832,,no_aplica,,no_aplica,0.7157452702522278
1:10_os_GraphSAGE_class_weighting,42,1:10_os,GraphSAGE,class_weighting,ShapleyFeatures,173595,True,0.569835364818573,,0,0.9997895498537706,,0.999927674785934,,no_aplica,,no_aplica,0.7171276211738586
1:10_os_GraphSAGE_focal_loss,42,1:10_os,GraphSAGE,focal_loss,GNNExplainer,139670,True,0.5218096375465393,,1,0.9157819325341032,,0.7465184138332364,,menos_de_2_aristas,,menos_de_2_aristas,0.766335129737854
1:10_os_GraphSAGE_focal_loss,42,1:10_os,GraphSAGE,focal_loss,GNNExplainer,139873,True,0.6870065331459045,,1,0.9351201529368588,,0.797604123368526,,menos_de_2_aristas,,menos_de_2_aristas,0.7885474562644958
1:10_os_GraphSAGE_focal_loss,42,1:10_os,GraphSAGE,focal_loss,GNNExplainer,140575,True,0.6581622362136841,,2,0.9248665558365688,,0.9197240003325298,0.1999999999999999,,0.6,,0.7909650802612305
1:10_os_GraphSAGE_focal_loss,42,1:10_os,GraphSAGE,focal_loss,GNNExplainer,141068,True,0.680393397808075,,1,0.9451774986985184,,0.8666589076398703,,menos_de_2_aristas,,menos_de_2_aristas,0.7879229784011841
1:10_os_GraphSAGE_focal_loss,42,1:10_os,GraphSAGE,focal_loss,GNNExplainer,148220,True,0.7735679745674133,,2,0.9347859327217126,,0.8462149804638791,0.1999999999999999,,0.6,,0.7651038765907288
1:10_os_GraphSAGE_focal_loss,42,1:10_os,GraphSAGE,focal_loss,GNNExplainer,150129,False,0.3251613974571228,,0,0.8876050245164923,,0.908208496134342,,menos_de_2_aristas,,menos_de_2_aristas,0.652709424495697
1:10_os_GraphSAGE_focal_loss,42,1:10_os,GraphSAGE,focal_loss,GNNExplainer,150346,False,0.4384975433349609,,0,0.9313583412380726,,0.8761941973563887,,menos_de_2_aristas,,menos_de_2_aristas,0.6787856221199036
1:10_os_GraphSAGE_focal_loss,42,1:10_os,GraphSAGE,focal_loss,GNNExplainer,150528,True,0.6579488515853882,,2,0.9555176081966296,,0.7543021032504781,0.1999999999999999,,0.6,,0.7862861752510071
1:10_os_GraphSAGE_focal_loss,42,1:10_os,GraphSAGE,focal_loss,GNNExplainer,152223,False,0.3429612815380096,,2,0.9570874825117274,,0.8395361210408181,0.1999999999999999,,0.6,,0.7897322177886963
1:10_os_GraphSAGE_focal_loss,42,1:10_os,GraphSAGE,focal_loss,GNNExplainer,152280,True,0.5843912363052368,,1,0.8936574742130299,,0.8147269099675783,,menos_de_2_aristas,,menos_de_2_aristas,0.7851177453994751
1:10_os_GraphSAGE_focal_loss,42,1:10_os,GraphSAGE,focal_loss,GNNExplainer,153599,True,0.6944692730903625,,2,0.9496981036520172,,0.7408728905145898,0.1999999999999999,,0.6,,0.7518177628517151
1:10_os_GraphSAGE_focal_loss,42,1:10_os,GraphSAGE,focal_loss,GNNExplainer,155856,True,0.5309799909591675,,2,0.9591297954818874,,0.81204256380414,0.1999999999999999,,0.6,,0.7691022753715515
1:10_os_GraphSAGE_focal_loss,42,1:10_os,GraphSAGE,focal_loss,GNNExplainer,158611,False,0.2364745289087295,,3,0.932582731157835,,0.8632579599301687,0.1,,0.5333333333333332,,0.7897260189056396
1:10_os_GraphSAGE_focal_loss,42,1:10_os,GraphSAGE,focal_loss,GNNExplainer,158949,True,0.585431694984436,,2,0.9535332603181924,,0.7506367944135008,0.1999999999999999,,0.6,,0.7840932011604309
1:10_os_GraphSAGE_focal_loss,42,1:10_os,GraphSAGE,focal_loss,GNNExplainer,159862,False,0.4614411294460296,,0,0.9229709325682776,,0.9219012386732064,,menos_de_2_aristas,,menos_de_2_aristas,0.689378559589386
1:10_os_GraphSAGE_focal_loss,42,1:10_os,GraphSAGE,focal_loss,GNNExplainer,161504,True,0.7761262655258179,,2,0.914106048579988,,0.7660661734142489,0.1999999999999999,,0.6,,0.7688424587249756
1:10_os_GraphSAGE_focal_loss,42,1:10_os,GraphSAGE,focal_loss,GNNExplainer,163852,False,0.4209859669208526,,2,0.9593122067501566,,0.8750860420650095,0.1999999999999999,,0.6,,0.7509605288505554
1:10_os_GraphSAGE_focal_loss,42,1:10_os,GraphSAGE,focal_loss,GNNExplainer,165001,True,0.5865194201469421,,1,0.9548832578604232,,0.8960611854684511,,menos_de_2_aristas,,menos_de_2_aristas,0.7701348662376404
1:10_os_GraphSAGE_focal_loss,42,1:10_os,GraphSAGE,focal_loss,GNNExplainer,168077,False,0.2397741228342056,,1,0.780695874359879,,0.8301828913459142,,menos_de_2_aristas,,menos_de_2_aristas,0.7901387810707092
1:10_os_GraphSAGE_focal_loss,42,1:10_os,GraphSAGE,focal_loss,GNNExplainer,168167,False,0.4877965152263641,,1,0.926209661690378,,0.9284412669382328,,menos_de_2_aristas,,menos_de_2_aristas,0.7836504578590393
1:10_os_GraphSAGE_focal_loss,42,1:10_os,GraphSAGE,focal_loss,GNNExplainer,168250,False,0.4891339838504791,,1,0.9341190246027749,,0.6900357469448832,,menos_de_2_aristas,,menos_de_2_aristas,0.7840375304222107
1:10_os_GraphSAGE_focal_loss,42,1:10_os,GraphSAGE,focal_loss,GNNExplainer,170168,True,0.680587887763977,,2,0.9532671742903536,,0.7203840718264194,0.1999999999999999,,0.6,,0.7463496923446655
1:10_os_GraphSAGE_focal_loss,42,1:10_os,GraphSAGE,focal_loss,GNNExplainer,170185,False,0.4995819330215454,,2,0.9606553384468955,,0.8327500207831076,0.1999999999999999,,0.6,,0.7341192364692688
1:10_os_GraphSAGE_focal_loss,42,1:10_os,GraphSAGE,focal_loss,GNNExplainer,171111,False,0.4056740701198578,,2,0.94138010189799,,0.8743553080056531,0.1999999999999999,,0.6,,0.7807497382164001
1:10_os_GraphSAGE_focal_loss,42,1:10_os,GraphSAGE,focal_loss,GNNExplainer,171381,True,0.7445403933525085,,2,0.9509768683373176,,0.7517782026768642,0.1999999999999999,,0.6,,0.78874671459198
1:10_os_GraphSAGE_focal_loss,42,1:10_os,GraphSAGE,focal_loss,GNNExplainer,172466,True,0.645764946937561,,2,0.9582242506310916,,0.9182608695652172,0.1999999999999999,,0.6,,0.7896538972854614
1:10_os_GraphSAGE_focal_loss,42,1:10_os,GraphSAGE,focal_loss,GNNExplainer,172476,True,0.5748031139373779,,2,0.9478400075010271,,0.7826369606783606,0.1999999999999999,,0.6,,0.7825901508331299
1:10_os_GraphSAGE_focal_loss,42,1:10_os,GraphSAGE,focal_loss,GNNExplainer,172625,False,0.2928522825241089,,1,0.9208379208913284,,0.6670155457644028,,menos_de_2_aristas,,menos_de_2_aristas,0.7806422114372253
1:10_os_GraphSAGE_focal_loss,42,1:10_os,GraphSAGE,focal_loss,GNNExplainer,172800,True,0.5537976026535034,,1,0.8939756097560977,,0.7051109817939979,,menos_de_2_aristas,,menos_de_2_aristas,0.7884480357170105
1:10_os_GraphSAGE_focal_loss,42,1:10_os,GraphSAGE,focal_loss,GNNExplainer,173595,True,0.5281412601470947,,1,0.9087104214720068,,0.6899950120542024,,menos_de_2_aristas,,menos_de_2_aristas,0.7655235528945923
1:10_os_GraphSAGE_focal_loss,42,1:10_os,GraphSAGE,focal_loss,PGExplainer,139670,True,0.5218096375465393,,1,,no_aplica,,,menos_de_2_aristas,,menos_de_2_aristas,2.047633647918701
1:10_os_GraphSAGE_focal_loss,42,1:10_os,GraphSAGE,focal_loss,PGExplainer,139873,True,0.6870065331459045,,1,,no_aplica,,,menos_de_2_aristas,,menos_de_2_aristas,2.047584295272827
1:10_os_GraphSAGE_focal_loss,42,1:10_os,GraphSAGE,focal_loss,PGExplainer,140575,True,0.6581622362136841,,2,,no_aplica,,0.1999999999999999,,0.6,,2.047666549682617
1:10_os_GraphSAGE_focal_loss,42,1:10_os,GraphSAGE,focal_loss,PGExplainer,141068,True,0.680393397808075,,1,,no_aplica,,,menos_de_2_aristas,,menos_de_2_aristas,2.0473971366882324
1:10_os_GraphSAGE_focal_loss,42,1:10_os,GraphSAGE,focal_loss,PGExplainer,148220,True,0.7735679745674133,,2,,no_aplica,,0.1999999999999999,,0.6,,2.047537326812744
1:10_os_GraphSAGE_focal_loss,42,1:10_os,GraphSAGE,focal_loss,PGExplainer,150129,False,0.3251613974571228,,0,,no_aplica,,,menos_de_2_aristas,,menos_de_2_aristas,2.0468568801879883
1:10_os_GraphSAGE_focal_loss,42,1:10_os,GraphSAGE,focal_loss,PGExplainer,150346,False,0.4384975433349609,,0,,no_aplica,,,menos_de_2_aristas,,menos_de_2_aristas,2.0468194484710693
1:10_os_GraphSAGE_focal_loss,42,1:10_os,GraphSAGE,focal_loss,PGExplainer,150528,True,0.6579488515853882,,2,,no_aplica,,1.0,,1.0,,2.0475175380706787
1:10_os_GraphSAGE_focal_loss,42,1:10_os,GraphSAGE,focal_loss,PGExplainer,152223,False,0.3429612815380096,,2,,no_aplica,,1.0,,1.0,,2.047454833984375
1:10_os_GraphSAGE_focal_loss,42,1:10_os,GraphSAGE,focal_loss,PGExplainer,152280,True,0.5843912363052368,,1,,no_aplica,,,menos_de_2_aristas,,menos_de_2_aristas,2.047393560409546
1:10_os_GraphSAGE_focal_loss,42,1:10_os,GraphSAGE,focal_loss,PGExplainer,153599,True,0.6944692730903625,,2,,no_aplica,,0.1999999999999999,,0.6,,2.047454833984375
1:10_os_GraphSAGE_focal_loss,42,1:10_os,GraphSAGE,focal_loss,PGExplainer,155856,True,0.5309799909591675,,2,,no_aplica,,1.0,,1.0,,2.047404766082764
1:10_os_GraphSAGE_focal_loss,42,1:10_os,GraphSAGE,focal_loss,PGExplainer,158611,False,0.2364745289087295,,3,,no_aplica,,0.2535898384862245,,0.7333333333333333,,2.0474002361297607
1:10_os_GraphSAGE_focal_loss,42,1:10_os,GraphSAGE,focal_loss,PGExplainer,158949,True,0.585431694984436,,2,,no_aplica,,0.1999999999999999,,0.6,,2.047443151473999
1:10_os_GraphSAGE_focal_loss,42,1:10_os,GraphSAGE,focal_loss,PGExplainer,159862,False,0.4614411294460296,,0,,no_aplica,,,menos_de_2_aristas,,menos_de_2_aristas,2.04681658744812
1:10_os_GraphSAGE_focal_loss,42,1:10_os,GraphSAGE,focal_loss,PGExplainer,161504,True,0.7761262655258179,,2,,no_aplica,,0.1999999999999999,,0.6,,2.047426462173462
1:10_os_GraphSAGE_focal_loss,42,1:10_os,GraphSAGE,focal_loss,PGExplainer,163852,False,0.4209859669208526,,2,,no_aplica,,1.0,,1.0,,2.047443151473999
1:10_os_GraphSAGE_focal_loss,42,1:10_os,GraphSAGE,focal_loss,PGExplainer,165001,True,0.5865194201469421,,1,,no_aplica,,,menos_de_2_aristas,,menos_de_2_aristas,2.0474283695220947
1:10_os_GraphSAGE_focal_loss,42,1:10_os,GraphSAGE,focal_loss,PGExplainer,168077,False,0.2397741228342056,,1,,no_aplica,,,menos_de_2_aristas,,menos_de_2_aristas,2.0473670959472656
1:10_os_GraphSAGE_focal_loss,42,1:10_os,GraphSAGE,focal_loss,PGExplainer,168167,False,0.4877965152263641,,1,,no_aplica,,,menos_de_2_aristas,,menos_de_2_aristas,2.047433853149414
1:10_os_GraphSAGE_focal_loss,42,1:10_os,GraphSAGE,focal_loss,PGExplainer,168250,False,0.4891339838504791,,1,,no_aplica,,,menos_de_2_aristas,,menos_de_2_aristas,2.0473105907440186
1:10_os_GraphSAGE_focal_loss,42,1:10_os,GraphSAGE,focal_loss,PGExplainer,170168,True,0.680587887763977,,2,,no_aplica,,-0.3333333333333333,,0.4,,2.04740834236145
1:10_os_GraphSAGE_focal_loss,42,1:10_os,GraphSAGE,focal_loss,PGExplainer,170185,False,0.4995819330215454,,2,,no_aplica,,0.1999999999999999,,0.6,,2.0474634170532227
1:10_os_GraphSAGE_focal_loss,42,1:10_os,GraphSAGE,focal_loss,PGExplainer,171111,False,0.4056740701198578,,2,,no_aplica,,1.0,,0.6,,2.047461748123169
1:10_os_GraphSAGE_focal_loss,42,1:10_os,GraphSAGE,focal_loss,PGExplainer,171381,True,0.7445403933525085,,2,,no_aplica,,0.1999999999999999,,0.6,,2.0474190711975098
1:10_os_GraphSAGE_focal_loss,42,1:10_os,GraphSAGE,focal_loss,PGExplainer,172466,True,0.645764946937561,,2,,no_aplica,,1.0,,1.0,,2.047430515289306
1:10_os_GraphSAGE_focal_loss,42,1:10_os,GraphSAGE,focal_loss,PGExplainer,172476,True,0.5748031139373779,,2,,no_aplica,,0.1999999999999999,,0.6,,2.0474135875701904
1:10_os_GraphSAGE_focal_loss,42,1:10_os,GraphSAGE,focal_loss,PGExplainer,172625,False,0.2928522825241089,,1,,no_aplica,,,menos_de_2_aristas,,menos_de_2_aristas,2.047425031661988
1:10_os_GraphSAGE_focal_loss,42,1:10_os,GraphSAGE,focal_loss,PGExplainer,172800,True,0.5537976026535034,,1,,no_aplica,,,menos_de_2_aristas,,menos_de_2_aristas,2.047356128692627
1:10_os_GraphSAGE_focal_loss,42,1:10_os,GraphSAGE,focal_loss,PGExplainer,173595,True,0.5281412601470947,,1,,no_aplica,,,menos_de_2_aristas,,menos_de_2_aristas,2.0474071502685547
1:10_os_GraphSAGE_focal_loss,42,1:10_os,GraphSAGE,focal_loss,ShapleyFeatures,139670,True,0.5218096375465393,,0,0.997139566395664,,0.945618920941059,,no_aplica,,no_aplica,0.7202557325363159
1:10_os_GraphSAGE_focal_loss,42,1:10_os,GraphSAGE,focal_loss,ShapleyFeatures,139873,True,0.6870065331459045,,0,0.9985153485309852,,0.9997281569540276,,no_aplica,,no_aplica,0.7194430232048035
1:10_os_GraphSAGE_focal_loss,42,1:10_os,GraphSAGE,focal_loss,ShapleyFeatures,140575,True,0.6581622362136841,,0,0.9984055236642448,,0.9455432704297948,,no_aplica,,no_aplica,0.724202036857605
1:10_os_GraphSAGE_focal_loss,42,1:10_os,GraphSAGE,focal_loss,ShapleyFeatures,141068,True,0.680393397808075,,0,0.9998561804918882,,0.9734075983040986,,no_aplica,,no_aplica,0.7185618877410889
1:10_os_GraphSAGE_focal_loss,42,1:10_os,GraphSAGE,focal_loss,ShapleyFeatures,148220,True,0.7735679745674133,,0,0.9995050925665409,,0.9727433701887106,,no_aplica,,no_aplica,0.7170886993408203
1:10_os_GraphSAGE_focal_loss,42,1:10_os,GraphSAGE,focal_loss,ShapleyFeatures,150129,False,0.3251613974571228,,0,,vector_constante,,,no_aplica,,no_aplica,0.5335800647735596
1:10_os_GraphSAGE_focal_loss,42,1:10_os,GraphSAGE,focal_loss,ShapleyFeatures,150346,False,0.4384975433349609,,0,,vector_constante,,,no_aplica,,no_aplica,0.5342502593994141
1:10_os_GraphSAGE_focal_loss,42,1:10_os,GraphSAGE,focal_loss,ShapleyFeatures,150528,True,0.6579488515853882,,0,0.9977208706786173,,0.9190655914872392,,no_aplica,,no_aplica,0.7203537225723267
1:10_os_GraphSAGE_focal_loss,42,1:10_os,GraphSAGE,focal_loss,ShapleyFeatures,152223,False,0.3429612815380096,,0,0.9976451869530628,,0.9155673788344834,,no_aplica,,no_aplica,0.7186334729194641
1:10_os_GraphSAGE_focal_loss,42,1:10_os,GraphSAGE,focal_loss,ShapleyFeatures,152280,True,0.5843912363052368,,0,0.9960229560072272,,0.982065840884529,,no_aplica,,no_aplica,0.722343385219574
1:10_os_GraphSAGE_focal_loss,42,1:10_os,GraphSAGE,focal_loss,ShapleyFeatures,153599,True,0.6944692730903625,,0,0.9979632664089356,,0.981955274752681,,no_aplica,,no_aplica,0.722929060459137
1:10_os_GraphSAGE_focal_loss,42,1:10_os,GraphSAGE,focal_loss,ShapleyFeatures,155856,True,0.5309799909591675,,0,0.9967071958870708,,0.940315071909552,,no_aplica,,no_aplica,0.7193611860275269
1:10_os_GraphSAGE_focal_loss,42,1:10_os,GraphSAGE,focal_loss,ShapleyFeatures,158611,False,0.2364745289087295,,0,0.9984806557789244,,0.9644841632720924,,no_aplica,,no_aplica,0.717241108417511
1:10_os_GraphSAGE_focal_loss,42,1:10_os,GraphSAGE,focal_loss,ShapleyFeatures,158949,True,0.585431694984436,,0,0.9994737453194392,,0.9678227616593236,,no_aplica,,no_aplica,0.7189496159553528
1:10_os_GraphSAGE_focal_loss,42,1:10_os,GraphSAGE,focal_loss,ShapleyFeatures,159862,False,0.4614411294460296,,0,,vector_constante,,,no_aplica,,no_aplica,0.5336081385612488
1:10_os_GraphSAGE_focal_loss,42,1:10_os,GraphSAGE,focal_loss,ShapleyFeatures,161504,True,0.7761262655258179,,0,0.9977268050466748,,0.9733751766564138,,no_aplica,,no_aplica,0.7183313965797424
1:10_os_GraphSAGE_focal_loss,42,1:10_os,GraphSAGE,focal_loss,ShapleyFeatures,163852,False,0.4209859669208526,,0,0.9972584005260062,,0.9820517083714358,,no_aplica,,no_aplica,0.7240853905677795
1:10_os_GraphSAGE_focal_loss,42,1:10_os,GraphSAGE,focal_loss,ShapleyFeatures,165001,True,0.5865194201469421,,0,0.9992967428387148,,0.9641117299858676,,no_aplica,,no_aplica,0.7199080586433411
1:10_os_GraphSAGE_focal_loss,42,1:10_os,GraphSAGE,focal_loss,ShapleyFeatures,168077,False,0.2397741228342056,,0,0.9982061221761798,,0.9807432039238506,,no_aplica,,no_aplica,0.7201080918312073
1:10_os_GraphSAGE_focal_loss,42,1:10_os,GraphSAGE,focal_loss,ShapleyFeatures,168167,False,0.4877965152263641,,0,0.9987632396688616,,0.9689625072740876,,no_aplica,,no_aplica,0.7169823050498962
1:10_os_GraphSAGE_focal_loss,42,1:10_os,GraphSAGE,focal_loss,ShapleyFeatures,168250,False,0.4891339838504791,,0,0.996182330096024,,0.968163604622163,,no_aplica,,no_aplica,0.7163044214248657
1:10_os_GraphSAGE_focal_loss,42,1:10_os,GraphSAGE,focal_loss,ShapleyFeatures,170168,True,0.680587887763977,,0,0.9984683417524384,,0.9817981544600548,,no_aplica,,no_aplica,0.7208654880523682
1:10_os_GraphSAGE_focal_loss,42,1:10_os,GraphSAGE,focal_loss,ShapleyFeatures,170185,False,0.4995819330215454,,0,0.9976511767577078,,0.9999193615429378,,no_aplica,,no_aplica,0.7167343497276306
1:10_os_GraphSAGE_focal_loss,42,1:10_os,GraphSAGE,focal_loss,ShapleyFeatures,171111,False,0.4056740701198578,,0,0.9990627145372604,,0.9540743203923852,,no_aplica,,no_aplica,0.7182543277740479
1:10_os_GraphSAGE_focal_loss,42,1:10_os,GraphSAGE,focal_loss,ShapleyFeatures,171381,True,0.7445403933525085,,0,0.9991011267487055,,0.9640219469615096,,no_aplica,,no_aplica,0.7173051238059998
1:10_os_GraphSAGE_focal_loss,42,1:10_os,GraphSAGE,focal_loss,ShapleyFeatures,172466,True,0.645764946937561,,0,0.99940672742327,,0.9619561060769808,,no_aplica,,no_aplica,0.7175397872924805
1:10_os_GraphSAGE_focal_loss,42,1:10_os,GraphSAGE,focal_loss,ShapleyFeatures,172476,True,0.5748031139373779,,0,0.9964380248647264,,0.9504322886357968,,no_aplica,,no_aplica,0.7232810258865356
1:10_os_GraphSAGE_focal_loss,42,1:10_os,GraphSAGE,focal_loss,ShapleyFeatures,172625,False,0.2928522825241089,,0,0.997582877909396,,0.9491853021863828,,no_aplica,,no_aplica,0.7160544395446777
1:10_os_GraphSAGE_focal_loss,42,1:10_os,GraphSAGE,focal_loss,ShapleyFeatures,172800,True,0.5537976026535034,,0,0.9960800971355764,,0.9305137584171586,,no_aplica,,no_aplica,0.715390145778656
1:10_os_GraphSAGE_focal_loss,42,1:10_os,GraphSAGE,focal_loss,ShapleyFeatures,173595,True,0.5281412601470947,,0,0.9996707570778184,,0.9822104913126612,,no_aplica,,no_aplica,0.7181529998779297
1:10_os_GraphSAGE_none,42,1:10_os,GraphSAGE,none,GNNExplainer,139670,True,0.6054788827896118,,1,0.9076908009831174,,0.7710308421315155,,menos_de_2_aristas,,menos_de_2_aristas,0.751378059387207
1:10_os_GraphSAGE_none,42,1:10_os,GraphSAGE,none,GNNExplainer,139873,True,0.5949004888534546,,1,0.9097921767757274,,0.7424881536287306,,menos_de_2_aristas,,menos_de_2_aristas,0.7673267722129822
1:10_os_GraphSAGE_none,42,1:10_os,GraphSAGE,none,GNNExplainer,140575,True,0.6079567670822144,,2,0.9165417264618672,,0.772012636129354,-0.1999999999999999,,0.4,,0.7286823391914368
1:10_os_GraphSAGE_none,42,1:10_os,GraphSAGE,none,GNNExplainer,141068,True,0.7050941586494446,,1,0.9206564146959212,,0.6427234184055199,,menos_de_2_aristas,,menos_de_2_aristas,0.8062571287155151
1:10_os_GraphSAGE_none,42,1:10_os,GraphSAGE,none,GNNExplainer,148220,True,0.7745456099510193,,2,0.9269399499582988,,0.6873696899160363,0.1999999999999999,,0.6,,0.7743526101112366
1:10_os_GraphSAGE_none,42,1:10_os,GraphSAGE,none,GNNExplainer,150129,False,0.0152819231152534,,0,0.8636478012713533,,0.6456247402111563,,menos_de_2_aristas,,menos_de_2_aristas,0.708048939704895
1:10_os_GraphSAGE_none,42,1:10_os,GraphSAGE,none,GNNExplainer,150346,False,0.4778816998004913,,0,0.9337847281962428,,0.8665957269931,,menos_de_2_aristas,,menos_de_2_aristas,0.6766356825828552
1:10_os_GraphSAGE_none,42,1:10_os,GraphSAGE,none,GNNExplainer,150528,True,0.7390674352645874,,2,0.9446427971558145,,0.5978011472275334,-0.1999999999999999,,0.4,,0.7827296853065491
1:10_os_GraphSAGE_none,42,1:10_os,GraphSAGE,none,GNNExplainer,152223,True,0.5030734539031982,,2,0.9496535264587276,,0.6903607947460304,0.1999999999999999,,0.6,,0.7861058115959167
1:10_os_GraphSAGE_none,42,1:10_os,GraphSAGE,none,GNNExplainer,152280,True,0.6703136563301086,,1,0.8942271925605259,,0.8332895502535539,,menos_de_2_aristas,,menos_de_2_aristas,0.7921706438064575
1:10_os_GraphSAGE_none,42,1:10_os,GraphSAGE,none,GNNExplainer,153599,True,0.6867020130157471,,2,0.9460975747003544,,0.6302211322636961,0.1999999999999999,,0.6,,0.7850323915481567
1:10_os_GraphSAGE_none,42,1:10_os,GraphSAGE,none,GNNExplainer,155856,True,0.7257713079452515,,2,0.937586151584013,,0.7433527309003243,0.1999999999999999,,0.6,,0.7841591238975525
1:10_os_GraphSAGE_none,42,1:10_os,GraphSAGE,none,GNNExplainer,158611,False,0.0867815613746643,,3,0.9028505945090152,,0.671931997672292,0.1,,0.5333333333333332,,0.7912003397941589
1:10_os_GraphSAGE_none,42,1:10_os,GraphSAGE,none,GNNExplainer,158949,True,0.763731837272644,,2,0.9438494350933826,,0.784161609443844,0.1999999999999999,,0.6,,0.7837340235710144
1:10_os_GraphSAGE_none,42,1:10_os,GraphSAGE,none,GNNExplainer,159862,False,0.0186037458479404,,0,0.892386731403669,,0.5836777787014714,,menos_de_2_aristas,,menos_de_2_aristas,0.6625208258628845
1:10_os_GraphSAGE_none,42,1:10_os,GraphSAGE,none,GNNExplainer,161504,True,0.8177393078804016,,2,0.9016694861125588,,0.8435389475434366,0.1999999999999999,,0.6,,0.8296046853065491
1:10_os_GraphSAGE_none,42,1:10_os,GraphSAGE,none,GNNExplainer,163852,False,0.3013211190700531,,2,0.9496449057822172,,0.7918255881619418,0.1999999999999999,,0.6,,0.7420117855072021
1:10_os_GraphSAGE_none,42,1:10_os,GraphSAGE,none,GNNExplainer,165001,True,0.6099673509597778,,1,0.938915117063301,,0.807279075567379,,menos_de_2_aristas,,menos_de_2_aristas,0.7513278722763062
1:10_os_GraphSAGE_none,42,1:10_os,GraphSAGE,none,GNNExplainer,168077,False,0.2670591175556183,,1,0.712643392454323,,0.7227458641616095,,menos_de_2_aristas,,menos_de_2_aristas,0.7645527124404907
1:10_os_GraphSAGE_none,42,1:10_os,GraphSAGE,none,GNNExplainer,168167,True,0.630230188369751,,1,0.904539957982959,,0.6210507939147061,,menos_de_2_aristas,,menos_de_2_aristas,0.7418843507766724
1:10_os_GraphSAGE_none,42,1:10_os,GraphSAGE,none,GNNExplainer,168250,False,0.0168483182787895,,1,0.8927103898048934,,0.5970305096017956,,menos_de_2_aristas,,menos_de_2_aristas,0.7593888640403748
1:10_os_GraphSAGE_none,42,1:10_os,GraphSAGE,none,GNNExplainer,170168,False,0.4407668113708496,,2,0.949038407703936,,0.6696333859838723,0.1999999999999999,,0.6,,0.7273139357566833
1:10_os_GraphSAGE_none,42,1:10_os,GraphSAGE,none,GNNExplainer,170185,True,0.5885933637619019,,2,0.940386316555624,,0.72953196441932,0.1999999999999999,,0.6,,0.736914873123169
1:10_os_GraphSAGE_none,42,1:10_os,GraphSAGE,none,GNNExplainer,171111,True,0.5602584481239319,,2,0.961549465315492,,0.7273048466206669,-0.1999999999999999,,0.4,,0.7795073986053467
1:10_os_GraphSAGE_none,42,1:10_os,GraphSAGE,none,GNNExplainer,171381,True,0.7563345432281494,,2,0.9504600141542816,,0.8014140826336356,-0.1999999999999999,,0.4,,0.8352084159851074
1:10_os_GraphSAGE_none,42,1:10_os,GraphSAGE,none,GNNExplainer,172466,True,0.8528379797935486,,2,0.946364188552864,,0.821844708620833,0.1999999999999999,,0.6,,0.778850793838501
1:10_os_GraphSAGE_none,42,1:10_os,GraphSAGE,none,GNNExplainer,172476,False,0.2588334381580353,,2,0.8942564786405744,,0.5110632637792002,0.1999999999999999,,0.6,,0.7894803881645203
1:10_os_GraphSAGE_none,42,1:10_os,GraphSAGE,none,GNNExplainer,172625,False,0.019637644290924,,1,0.889733456033392,,0.6044459223543105,,menos_de_2_aristas,,menos_de_2_aristas,0.7745839953422546
1:10_os_GraphSAGE_none,42,1:10_os,GraphSAGE,none,GNNExplainer,172800,False,0.1334702223539352,,1,0.898247967479675,,0.8900515421065759,,menos_de_2_aristas,,menos_de_2_aristas,0.7596636414527893
1:10_os_GraphSAGE_none,42,1:10_os,GraphSAGE,none,GNNExplainer,173595,True,0.5833619236946106,,1,0.8967917802474312,,0.5517607448665725,,menos_de_2_aristas,,menos_de_2_aristas,0.786842405796051
1:10_os_GraphSAGE_none,42,1:10_os,GraphSAGE,none,PGExplainer,139670,True,0.6054788827896118,,1,,no_aplica,,,menos_de_2_aristas,,menos_de_2_aristas,2.064337968826294
1:10_os_GraphSAGE_none,42,1:10_os,GraphSAGE,none,PGExplainer,139873,True,0.5949004888534546,,1,,no_aplica,,,menos_de_2_aristas,,menos_de_2_aristas,2.0641098022460938
1:10_os_GraphSAGE_none,42,1:10_os,GraphSAGE,none,PGExplainer,140575,True,0.6079567670822144,,2,,no_aplica,,0.1999999999999999,,0.6,,2.06404709815979
1:10_os_GraphSAGE_none,42,1:10_os,GraphSAGE,none,PGExplainer,141068,True,0.7050941586494446,,1,,no_aplica,,,menos_de_2_aristas,,menos_de_2_aristas,2.0636403560638428
1:10_os_GraphSAGE_none,42,1:10_os,GraphSAGE,none,PGExplainer,148220,True,0.7745456099510193,,2,,no_aplica,,0.1999999999999999,,0.6,,2.063539266586304
1:10_os_GraphSAGE_none,42,1:10_os,GraphSAGE,none,PGExplainer,150129,False,0.0152819231152534,,0,,no_aplica,,,menos_de_2_aristas,,menos_de_2_aristas,2.062909841537476
1:10_os_GraphSAGE_none,42,1:10_os,GraphSAGE,none,PGExplainer,150346,False,0.4778816998004913,,0,,no_aplica,,,menos_de_2_aristas,,menos_de_2_aristas,2.062717199325561
1:10_os_GraphSAGE_none,42,1:10_os,GraphSAGE,none,PGExplainer,150528,True,0.7390674352645874,,2,,no_aplica,,1.0,,1.0,,2.063385486602783
1:10_os_GraphSAGE_none,42,1:10_os,GraphSAGE,none,PGExplainer,152223,True,0.5030734539031982,,2,,no_aplica,,1.0,,1.0,,2.063392162322998
1:10_os_GraphSAGE_none,42,1:10_os,GraphSAGE,none,PGExplainer,152280,True,0.6703136563301086,,1,,no_aplica,,,menos_de_2_aristas,,menos_de_2_aristas,2.0633559226989746
1:10_os_GraphSAGE_none,42,1:10_os,GraphSAGE,none,PGExplainer,153599,True,0.6867020130157471,,2,,no_aplica,,-0.3333333333333332,,0.4,,2.0634119510650635
1:10_os_GraphSAGE_none,42,1:10_os,GraphSAGE,none,PGExplainer,155856,True,0.7257713079452515,,2,,no_aplica,,1.0,,1.0,,2.063446521759033
1:10_os_GraphSAGE_none,42,1:10_os,GraphSAGE,none,PGExplainer,158611,False,0.0867815613746643,,3,,no_aplica,,1.0,,1.0,,2.06333589553833
1:10_os_GraphSAGE_none,42,1:10_os,GraphSAGE,none,PGExplainer,158949,True,0.763731837272644,,2,,no_aplica,,0.0,,0.6,,2.063366413116455
1:10_os_GraphSAGE_none,42,1:10_os,GraphSAGE,none,PGExplainer,159862,False,0.0186037458479404,,0,,no_aplica,,,menos_de_2_aristas,,menos_de_2_aristas,2.0627899169921875
1:10_os_GraphSAGE_none,42,1:10_os,GraphSAGE,none,PGExplainer,161504,True,0.8177393078804016,,2,,no_aplica,,0.1999999999999999,,0.6,,2.063377857208252
1:10_os_GraphSAGE_none,42,1:10_os,GraphSAGE,none,PGExplainer,163852,False,0.3013211190700531,,2,,no_aplica,,1.0,,0.6,,2.063441514968872
1:10_os_GraphSAGE_none,42,1:10_os,GraphSAGE,none,PGExplainer,165001,True,0.6099673509597778,,1,,no_aplica,,,menos_de_2_aristas,,menos_de_2_aristas,2.063382863998413
1:10_os_GraphSAGE_none,42,1:10_os,GraphSAGE,none,PGExplainer,168077,False,0.2670591175556183,,1,,no_aplica,,,menos_de_2_aristas,,menos_de_2_aristas,2.063326120376587
1:10_os_GraphSAGE_none,42,1:10_os,GraphSAGE,none,PGExplainer,168167,True,0.630230188369751,,1,,no_aplica,,,menos_de_2_aristas,,menos_de_2_aristas,2.063371658325196
1:10_os_GraphSAGE_none,42,1:10_os,GraphSAGE,none,PGExplainer,168250,False,0.0168483182787895,,1,,no_aplica,,,menos_de_2_aristas,,menos_de_2_aristas,2.0633506774902344
1:10_os_GraphSAGE_none,42,1:10_os,GraphSAGE,none,PGExplainer,170168,False,0.4407668113708496,,2,,no_aplica,,1.0,,1.0,,2.063387155532837
1:10_os_GraphSAGE_none,42,1:10_os,GraphSAGE,none,PGExplainer,170185,True,0.5885933637619019,,2,,no_aplica,,0.1999999999999999,,0.6,,2.063406467437744
1:10_os_GraphSAGE_none,42,1:10_os,GraphSAGE,none,PGExplainer,171111,True,0.5602584481239319,,2,,no_aplica,,1.0,,0.6,,2.0633692741394043
1:10_os_GraphSAGE_none,42,1:10_os,GraphSAGE,none,PGExplainer,171381,True,0.7563345432281494,,2,,no_aplica,,0.1999999999999999,,0.6,,2.063366651535034
1:10_os_GraphSAGE_none,42,1:10_os,GraphSAGE,none,PGExplainer,172466,True,0.8528379797935486,,2,,no_aplica,,1.0,,1.0,,2.0633723735809326
1:10_os_GraphSAGE_none,42,1:10_os,GraphSAGE,none,PGExplainer,172476,False,0.2588334381580353,,2,,no_aplica,,1.0,,1.0,,2.063333511352539
1:10_os_GraphSAGE_none,42,1:10_os,GraphSAGE,none,PGExplainer,172625,False,0.019637644290924,,1,,no_aplica,,,menos_de_2_aristas,,menos_de_2_aristas,2.063344717025757
1:10_os_GraphSAGE_none,42,1:10_os,GraphSAGE,none,PGExplainer,172800,False,0.1334702223539352,,1,,no_aplica,,,menos_de_2_aristas,,menos_de_2_aristas,2.06335973739624
1:10_os_GraphSAGE_none,42,1:10_os,GraphSAGE,none,PGExplainer,173595,True,0.5833619236946106,,1,,no_aplica,,,menos_de_2_aristas,,menos_de_2_aristas,2.063307523727417
1:10_os_GraphSAGE_none,42,1:10_os,GraphSAGE,none,ShapleyFeatures,139670,True,0.6054788827896118,,0,0.9950628726287264,,0.953183140743204,,no_aplica,,no_aplica,0.7213655710220337
1:10_os_GraphSAGE_none,42,1:10_os,GraphSAGE,none,ShapleyFeatures,139873,True,0.5949004888534546,,0,0.99905165555647,,0.9998969157868484,,no_aplica,,no_aplica,0.7169919013977051
1:10_os_GraphSAGE_none,42,1:10_os,GraphSAGE,none,ShapleyFeatures,140575,True,0.6079567670822144,,0,0.9975765912351762,,0.967358051375842,,no_aplica,,no_aplica,0.7212279438972473
1:10_os_GraphSAGE_none,42,1:10_os,GraphSAGE,none,ShapleyFeatures,141068,True,0.7050941586494446,,0,0.9998788217004824,,0.9999625904065176,,no_aplica,,no_aplica,0.7205687761306763
1:10_os_GraphSAGE_none,42,1:10_os,GraphSAGE,none,ShapleyFeatures,148220,True,0.7745456099510193,,0,0.9996300151932924,,0.9999268434616344,,no_aplica,,no_aplica,0.7176209092140198
1:10_os_GraphSAGE_none,42,1:10_os,GraphSAGE,none,ShapleyFeatures,150129,False,0.0152819231152534,,0,,vector_constante,,,no_aplica,,no_aplica,0.5320354700088501
1:10_os_GraphSAGE_none,42,1:10_os,GraphSAGE,none,ShapleyFeatures,150346,False,0.4778816998004913,,0,,vector_constante,,,no_aplica,,no_aplica,0.5323182940483093
1:10_os_GraphSAGE_none,42,1:10_os,GraphSAGE,none,ShapleyFeatures,150528,True,0.7390674352645874,,0,0.998986769099445,,0.954868235098512,,no_aplica,,no_aplica,0.7174152731895447
1:10_os_GraphSAGE_none,42,1:10_os,GraphSAGE,none,ShapleyFeatures,152223,True,0.5030734539031982,,0,0.9964828683510272,,0.9593390971818108,,no_aplica,,no_aplica,0.7230533957481384
1:10_os_GraphSAGE_none,42,1:10_os,GraphSAGE,none,ShapleyFeatures,152280,True,0.6703136563301086,,0,0.9983080525057476,,0.9731282733394296,,no_aplica,,no_aplica,0.7192079424858093
1:10_os_GraphSAGE_none,42,1:10_os,GraphSAGE,none,ShapleyFeatures,153599,True,0.6867020130157471,,0,0.9980783698818458,,0.9822745032837312,,no_aplica,,no_aplica,0.7171323895454407
1:10_os_GraphSAGE_none,42,1:10_os,GraphSAGE,none,ShapleyFeatures,155856,True,0.7257713079452515,,0,0.9929551111354824,,0.9729902735056946,,no_aplica,,no_aplica,0.7159613370895386
1:10_os_GraphSAGE_none,42,1:10_os,GraphSAGE,none,ShapleyFeatures,158611,False,0.0867815613746643,,0,0.9968711673672678,,0.9451018372267022,,no_aplica,,no_aplica,0.7165693640708923
1:10_os_GraphSAGE_none,42,1:10_os,GraphSAGE,none,ShapleyFeatures,158949,True,0.763731837272644,,0,0.9989239789846446,,0.999870313409261,,no_aplica,,no_aplica,0.7201987504959106
1:10_os_GraphSAGE_none,42,1:10_os,GraphSAGE,none,ShapleyFeatures,159862,False,0.0186037458479404,,0,,vector_constante,,,no_aplica,,no_aplica,0.5277633666992188
1:10_os_GraphSAGE_none,42,1:10_os,GraphSAGE,none,ShapleyFeatures,161504,True,0.8177393078804016,,0,0.9975180851802298,,0.9507082883032671,,no_aplica,,no_aplica,0.7184818983078003
1:10_os_GraphSAGE_none,42,1:10_os,GraphSAGE,none,ShapleyFeatures,163852,False,0.3013211190700531,,0,0.9989468802989931,,0.9446229944301272,,no_aplica,,no_aplica,0.7191109657287598
1:10_os_GraphSAGE_none,42,1:10_os,GraphSAGE,none,ShapleyFeatures,165001,True,0.6099673509597778,,0,0.9992472376081336,,0.9815628896832655,,no_aplica,,no_aplica,0.715731680393219
1:10_os_GraphSAGE_none,42,1:10_os,GraphSAGE,none,ShapleyFeatures,168077,False,0.2670591175556183,,0,0.9930332843202784,,0.9594139163687756,,no_aplica,,no_aplica,0.7161228060722351
1:10_os_GraphSAGE_none,42,1:10_os,GraphSAGE,none,ShapleyFeatures,168167,True,0.630230188369751,,0,0.9986137225667854,,0.9625430210325048,,no_aplica,,no_aplica,0.7199247479438782
1:10_os_GraphSAGE_none,42,1:10_os,GraphSAGE,none,ShapleyFeatures,168250,False,0.0168483182787895,,0,0.9962329986470128,,0.9546387895918198,,no_aplica,,no_aplica,0.7218514084815979
1:10_os_GraphSAGE_none,42,1:10_os,GraphSAGE,none,ShapleyFeatures,170168,False,0.4407668113708496,,0,0.9970972278807476,,0.9686008812037574,,no_aplica,,no_aplica,0.7190847396850586
1:10_os_GraphSAGE_none,42,1:10_os,GraphSAGE,none,ShapleyFeatures,170185,True,0.5885933637619019,,0,0.9954719595403148,,0.9999808795411088,,no_aplica,,no_aplica,0.7178983688354492
1:10_os_GraphSAGE_none,42,1:10_os,GraphSAGE,none,ShapleyFeatures,171111,True,0.5602584481239319,,0,0.9990230745146252,,0.9680804721922024,,no_aplica,,no_aplica,0.7188286781311035
1:10_os_GraphSAGE_none,42,1:10_os,GraphSAGE,none,ShapleyFeatures,171381,True,0.7563345432281494,,0,0.9992647368347204,,0.9644833319477928,,no_aplica,,no_aplica,0.7181668281555176
1:10_os_GraphSAGE_none,42,1:10_os,GraphSAGE,none,ShapleyFeatures,172466,True,0.8528379797935486,,0,0.9991830159856352,,0.9822345997173498,,no_aplica,,no_aplica,0.720998227596283
1:10_os_GraphSAGE_none,42,1:10_os,GraphSAGE,none,ShapleyFeatures,172476,False,0.2588334381580353,,0,0.9907289455060156,,0.8972890514589741,,no_aplica,,no_aplica,0.7182874083518982
1:10_os_GraphSAGE_none,42,1:10_os,GraphSAGE,none,ShapleyFeatures,172625,False,0.019637644290924,,0,0.9982905650955696,,0.9998478676531716,,no_aplica,,no_aplica,0.7180866003036499
1:10_os_GraphSAGE_none,42,1:10_os,GraphSAGE,none,ShapleyFeatures,172800,False,0.1334702223539352,,0,0.998536381804798,,0.9684404356139332,,no_aplica,,no_aplica,0.7169945240020752
1:10_os_GraphSAGE_none,42,1:10_os,GraphSAGE,none,ShapleyFeatures,173595,True,0.5833619236946106,,0,0.9998145747278924,,0.9548316568293292,,no_aplica,,no_aplica,0.7161746621131897
native_TAGCN_class_weighting,42,native,TAGCN,class_weighting,GNNExplainer,139670,False,0.2348508983850479,,0,0.9713626848096296,,0.8781212070828831,,menos_de_2_aristas,,menos_de_2_aristas,1.6450926065444946
native_TAGCN_class_weighting,42,native,TAGCN,class_weighting,GNNExplainer,139873,True,0.9016647934913636,,0,0.9695466269204176,,0.8775317981544601,,menos_de_2_aristas,,menos_de_2_aristas,1.445268630981445
native_TAGCN_class_weighting,42,native,TAGCN,class_weighting,GNNExplainer,140575,True,0.901231050491333,,1,0.9725113677818537,,0.9230235264776788,,menos_de_2_aristas,,menos_de_2_aristas,1.4759432077407837
native_TAGCN_class_weighting,42,native,TAGCN,class_weighting,GNNExplainer,141068,True,0.9759913682937622,,0,0.918494889498598,,0.6668376423642863,,menos_de_2_aristas,,menos_de_2_aristas,1.4441142082214355
native_TAGCN_class_weighting,42,native,TAGCN,class_weighting,GNNExplainer,148220,True,0.9655665755271912,,1,0.9584091036336152,,0.8094213982874721,,menos_de_2_aristas,,menos_de_2_aristas,1.4804766178131104
native_TAGCN_class_weighting,42,native,TAGCN,class_weighting,GNNExplainer,150129,False,0.1731508374214172,,0,0.9666595812519928,,0.940344999584338,,menos_de_2_aristas,,menos_de_2_aristas,1.2561458349227903
native_TAGCN_class_weighting,42,native,TAGCN,class_weighting,GNNExplainer,150346,False,0.1845693141222,,0,0.9671737372845356,,0.8265865824258045,,menos_de_2_aristas,,menos_de_2_aristas,1.256217360496521
native_TAGCN_class_weighting,42,native,TAGCN,class_weighting,GNNExplainer,150528,True,0.9702962636947632,,2,0.9759862269749734,,0.7184470862083299,0.1999999999999999,,0.6,,1.489623785018921
native_TAGCN_class_weighting,42,native,TAGCN,class_weighting,GNNExplainer,152223,True,0.7596684098243713,,1,0.9767984066012234,,0.6987887604954693,,menos_de_2_aristas,,menos_de_2_aristas,1.4807003736495972
native_TAGCN_class_weighting,42,native,TAGCN,class_weighting,GNNExplainer,152280,True,0.9767632484436036,,0,0.938848277597667,,0.8478435447668137,,menos_de_2_aristas,,menos_de_2_aristas,1.4491664171218872
native_TAGCN_class_weighting,42,native,TAGCN,class_weighting,GNNExplainer,153599,True,0.9503406882286072,,9,0.9772036902831946,,0.7339438024773465,-0.1066666666666666,,0.7777777777777778,,1.4880471229553225
native_TAGCN_class_weighting,42,native,TAGCN,class_weighting,GNNExplainer,155856,False,0.0770152360200882,,1,0.953063497162437,,0.8222869731482252,,menos_de_2_aristas,,menos_de_2_aristas,1.482208013534546
native_TAGCN_class_weighting,42,native,TAGCN,class_weighting,GNNExplainer,158611,False,9.755438441061416e-06,,1,0.6059282095273838,,0.1936387064593898,,menos_de_2_aristas,,menos_de_2_aristas,1.4793673753738403
native_TAGCN_class_weighting,42,native,TAGCN,class_weighting,GNNExplainer,158949,True,0.9137029647827148,,1,0.9670688263776804,,0.8670371601961927,,menos_de_2_aristas,,menos_de_2_aristas,1.486880660057068
native_TAGCN_class_weighting,42,native,TAGCN,class_weighting,GNNExplainer,159862,True,0.6183324456214905,,0,0.9884020006541404,,0.83587247485244,,menos_de_2_aristas,,menos_de_2_aristas,1.2765514850616455
native_TAGCN_class_weighting,42,native,TAGCN,class_weighting,GNNExplainer,161504,True,0.9969913959503174,,2,0.9654480246507764,,0.7871751600299277,-0.1999999999999999,,0.4,,1.5273566246032717
native_TAGCN_class_weighting,42,native,TAGCN,class_weighting,GNNExplainer,163852,True,0.8031814098358154,,3,0.9852958431512638,,0.7700191204588911,0.35,,0.7333333333333333,,1.5375525951385498
native_TAGCN_class_weighting,42,native,TAGCN,class_weighting,GNNExplainer,165001,True,0.8346602916717529,,0,0.9759158707313882,,0.9332238756338848,,menos_de_2_aristas,,menos_de_2_aristas,1.4696171283721924
native_TAGCN_class_weighting,42,native,TAGCN,class_weighting,GNNExplainer,168077,True,0.9714888334274292,,0,0.9345718543313734,,0.9389226037077064,,menos_de_2_aristas,,menos_de_2_aristas,1.503895878791809
native_TAGCN_class_weighting,42,native,TAGCN,class_weighting,GNNExplainer,168167,True,0.6718690991401672,,0,0.9637276571796324,,0.966842630310084,,menos_de_2_aristas,,menos_de_2_aristas,1.5067158937454224
native_TAGCN_class_weighting,42,native,TAGCN,class_weighting,GNNExplainer,168250,False,0.0381962619721889,,0,0.9520012003000752,,0.9236453570537868,,menos_de_2_aristas,,menos_de_2_aristas,1.4685436487197876
native_TAGCN_class_weighting,42,native,TAGCN,class_weighting,GNNExplainer,170168,False,0.0740767493844032,,4,0.9912164850467498,,0.7905436860919445,0.04,,0.65,,1.5700143575668335
native_TAGCN_class_weighting,42,native,TAGCN,class_weighting,GNNExplainer,170185,True,0.6566957831382751,,1,0.9806598378147674,,0.7232679358217642,,menos_de_2_aristas,,menos_de_2_aristas,1.580849528312683
native_TAGCN_class_weighting,42,native,TAGCN,class_weighting,GNNExplainer,171111,False,0.0536033175885677,,58,0.9908548484690628,,0.7720891179649181,0.1336983604540281,,0.2757853844338828,,1.5044870376586914
native_TAGCN_class_weighting,42,native,TAGCN,class_weighting,GNNExplainer,171381,True,0.9644849896430968,,1,0.9766150736388832,,0.91600049879458,,menos_de_2_aristas,,menos_de_2_aristas,1.5342267751693726
native_TAGCN_class_weighting,42,native,TAGCN,class_weighting,GNNExplainer,172466,True,0.9975951313972472,,6,0.960981095357242,,0.8252506442763323,-0.04,,0.6666666666666667,,1.5726394653320312
native_TAGCN_class_weighting,42,native,TAGCN,class_weighting,GNNExplainer,172476,False,0.032478742301464,,1,0.97438634203488,,0.7881286890015795,,menos_de_2_aristas,,menos_de_2_aristas,1.5629040002822876
native_TAGCN_class_weighting,42,native,TAGCN,class_weighting,GNNExplainer,172625,False,0.0865721032023429,,0,0.953766096046054,,0.8663770887023027,,menos_de_2_aristas,,menos_de_2_aristas,1.538648009300232
native_TAGCN_class_weighting,42,native,TAGCN,class_weighting,GNNExplainer,172800,True,0.8392705321311951,,0,0.9709798193794696,,0.9657469448831992,,menos_de_2_aristas,,menos_de_2_aristas,1.52520751953125
native_TAGCN_class_weighting,42,native,TAGCN,class_weighting,GNNExplainer,173595,True,0.5024175047874451,,0,0.9848402757370948,,0.9810283481586166,,menos_de_2_aristas,,menos_de_2_aristas,1.488507628440857
native_TAGCN_class_weighting,42,native,TAGCN,class_weighting,PGExplainer,139670,False,0.2348508983850479,,1,,no_aplica,,,menos_de_2_aristas,,menos_de_2_aristas,3.882602214813232
native_TAGCN_class_weighting,42,native,TAGCN,class_weighting,PGExplainer,139873,True,0.9016647934913636,,1,,no_aplica,,,menos_de_2_aristas,,menos_de_2_aristas,3.8821115493774414
native_TAGCN_class_weighting,42,native,TAGCN,class_weighting,PGExplainer,140575,True,0.901231050491333,,2,,no_aplica,,-0.1999999999999999,,0.4,,3.882246494293213
native_TAGCN_class_weighting,42,native,TAGCN,class_weighting,PGExplainer,141068,True,0.9759913682937622,,1,,no_aplica,,,menos_de_2_aristas,,menos_de_2_aristas,3.881949663162232
native_TAGCN_class_weighting,42,native,TAGCN,class_weighting,PGExplainer,148220,True,0.9655665755271912,,2,,no_aplica,,-0.1999999999999999,,0.4,,3.8820512294769287
native_TAGCN_class_weighting,42,native,TAGCN,class_weighting,PGExplainer,150129,False,0.1731508374214172,,0,,no_aplica,,,menos_de_2_aristas,,menos_de_2_aristas,3.8806910514831534
native_TAGCN_class_weighting,42,native,TAGCN,class_weighting,PGExplainer,150346,False,0.1845693141222,,0,,no_aplica,,,menos_de_2_aristas,,menos_de_2_aristas,3.880763530731201
native_TAGCN_class_weighting,42,native,TAGCN,class_weighting,PGExplainer,150528,True,0.9702962636947632,,3,,no_aplica,,-0.2440169358562924,,0.4666666666666666,,3.88207483291626
native_TAGCN_class_weighting,42,native,TAGCN,class_weighting,PGExplainer,152223,True,0.7596684098243713,,2,,no_aplica,,-0.3333333333333333,,0.6,,3.881980180740357
native_TAGCN_class_weighting,42,native,TAGCN,class_weighting,PGExplainer,152280,True,0.9767632484436036,,1,,no_aplica,,,menos_de_2_aristas,,menos_de_2_aristas,3.88191294670105
native_TAGCN_class_weighting,42,native,TAGCN,class_weighting,PGExplainer,153599,True,0.9503406882286072,,3,,no_aplica,,0.0669872981077806,,0.5333333333333333,,3.882087230682373
native_TAGCN_class_weighting,42,native,TAGCN,class_weighting,PGExplainer,155856,False,0.0770152360200882,,2,,no_aplica,,1.0,,1.0,,3.882106065750122
native_TAGCN_class_weighting,42,native,TAGCN,class_weighting,PGExplainer,158611,False,9.755438441061416e-06,,3,,no_aplica,,-0.2440169358562924,,0.7333333333333333,,3.882096290588379
native_TAGCN_class_weighting,42,native,TAGCN,class_weighting,PGExplainer,158949,True,0.9137029647827148,,2,,no_aplica,,0.1999999999999999,,0.6,,3.881980657577514
native_TAGCN_class_weighting,42,native,TAGCN,class_weighting,PGExplainer,159862,True,0.6183324456214905,,0,,no_aplica,,,menos_de_2_aristas,,menos_de_2_aristas,3.880794048309326
native_TAGCN_class_weighting,42,native,TAGCN,class_weighting,PGExplainer,161504,True,0.9969913959503174,,3,,no_aplica,,0.0,,0.7333333333333333,,3.88210129737854
native_TAGCN_class_weighting,42,native,TAGCN,class_weighting,PGExplainer,163852,True,0.8031814098358154,,3,,no_aplica,,0.0446581987385204,,0.5999999999999999,,3.882112741470337
native_TAGCN_class_weighting,42,native,TAGCN,class_weighting,PGExplainer,165001,True,0.8346602916717529,,1,,no_aplica,,,menos_de_2_aristas,,menos_de_2_aristas,3.881961345672608
native_TAGCN_class_weighting,42,native,TAGCN,class_weighting,PGExplainer,168077,True,0.9714888334274292,,1,,no_aplica,,,menos_de_2_aristas,,menos_de_2_aristas,3.881999969482422
native_TAGCN_class_weighting,42,native,TAGCN,class_weighting,PGExplainer,168167,True,0.6718690991401672,,1,,no_aplica,,,menos_de_2_aristas,,menos_de_2_aristas,3.881977081298828
native_TAGCN_class_weighting,42,native,TAGCN,class_weighting,PGExplainer,168250,False,0.0381962619721889,,1,,no_aplica,,,menos_de_2_aristas,,menos_de_2_aristas,3.8820815086364746
native_TAGCN_class_weighting,42,native,TAGCN,class_weighting,PGExplainer,170168,False,0.0740767493844032,,3,,no_aplica,,-0.2440169358562924,,0.4666666666666666,,3.88227128982544
native_TAGCN_class_weighting,42,native,TAGCN,class_weighting,PGExplainer,170185,True,0.6566957831382751,,2,,no_aplica,,-0.1999999999999999,,0.4,,3.882133722305298
native_TAGCN_class_weighting,42,native,TAGCN,class_weighting,PGExplainer,171111,False,0.0536033175885677,,3,,no_aplica,,1.0,,0.5999999999999999,,3.8821866512298575
native_TAGCN_class_weighting,42,native,TAGCN,class_weighting,PGExplainer,171381,True,0.9644849896430968,,2,,no_aplica,,-0.1999999999999999,,0.4,,3.882083654403688
native_TAGCN_class_weighting,42,native,TAGCN,class_weighting,PGExplainer,172466,True,0.9975951313972472,,3,,no_aplica,,0.6666666666666666,,0.5999999999999999,,3.882279872894287
native_TAGCN_class_weighting,42,native,TAGCN,class_weighting,PGExplainer,172476,False,0.032478742301464,,2,,no_aplica,,-0.3333333333333333,,0.4,,3.882218837738037
native_TAGCN_class_weighting,42,native,TAGCN,class_weighting,PGExplainer,172625,False,0.0865721032023429,,1,,no_aplica,,,menos_de_2_aristas,,menos_de_2_aristas,3.882021427154541
native_TAGCN_class_weighting,42,native,TAGCN,class_weighting,PGExplainer,172800,True,0.8392705321311951,,1,,no_aplica,,,menos_de_2_aristas,,menos_de_2_aristas,3.882106065750122
native_TAGCN_class_weighting,42,native,TAGCN,class_weighting,PGExplainer,173595,True,0.5024175047874451,,1,,no_aplica,,,menos_de_2_aristas,,menos_de_2_aristas,3.882213115692138
native_TAGCN_class_weighting,42,native,TAGCN,class_weighting,ShapleyFeatures,139670,False,0.2348508983850479,,0,0.9913696476964772,,0.8760113060104746,,no_aplica,,no_aplica,0.8703785538673401
native_TAGCN_class_weighting,42,native,TAGCN,class_weighting,ShapleyFeatures,139873,True,0.9016647934913636,,0,0.9946361067676186,,0.9535497547593316,,no_aplica,,no_aplica,0.8738011121749878
native_TAGCN_class_weighting,42,native,TAGCN,class_weighting,ShapleyFeatures,140575,True,0.901231050491333,,0,0.9891442869950356,,0.8901330118879376,,no_aplica,,no_aplica,0.867901086807251
native_TAGCN_class_weighting,42,native,TAGCN,class_weighting,ShapleyFeatures,141068,True,0.9759913682937622,,0,0.9990305736038586,,0.9351982708454568,,no_aplica,,no_aplica,0.871834933757782
native_TAGCN_class_weighting,42,native,TAGCN,class_weighting,ShapleyFeatures,148220,True,0.9655665755271912,,0,0.9982634629452476,,0.9819053952947046,,no_aplica,,no_aplica,0.8685888051986694
native_TAGCN_class_weighting,42,native,TAGCN,class_weighting,ShapleyFeatures,150129,False,0.1731508374214172,,0,,vector_constante,,,no_aplica,,no_aplica,0.6554860472679138
native_TAGCN_class_weighting,42,native,TAGCN,class_weighting,ShapleyFeatures,150346,False,0.1845693141222,,0,,vector_constante,,,no_aplica,,no_aplica,0.6566582322120667
native_TAGCN_class_weighting,42,native,TAGCN,class_weighting,ShapleyFeatures,150528,True,0.9702962636947632,,0,0.993736804666382,,0.9357452822345996,,no_aplica,,no_aplica,0.8814428448677063
native_TAGCN_class_weighting,42,native,TAGCN,class_weighting,ShapleyFeatures,152223,True,0.7596684098243713,,0,0.9891863495459908,,0.8527949122952865,,no_aplica,,no_aplica,0.8663306832313538
native_TAGCN_class_weighting,42,native,TAGCN,class_weighting,ShapleyFeatures,152280,True,0.9767632484436036,,0,0.9819494379439148,,0.924718596724582,,no_aplica,,no_aplica,0.8709415793418884
native_TAGCN_class_weighting,42,native,TAGCN,class_weighting,ShapleyFeatures,153599,True,0.9503406882286072,,0,0.9938536313004857,,0.9499733976224126,,no_aplica,,no_aplica,0.8790628910064697
native_TAGCN_class_weighting,42,native,TAGCN,class_weighting,ShapleyFeatures,155856,False,0.0770152360200882,,0,0.9578060990435884,,0.6476814365283897,,no_aplica,,no_aplica,0.8696900010108948
native_TAGCN_class_weighting,42,native,TAGCN,class_weighting,ShapleyFeatures,158611,False,9.755438441061416e-06,,0,0.938568472804942,,0.6836436944051875,,no_aplica,,no_aplica,0.8767399787902832
native_TAGCN_class_weighting,42,native,TAGCN,class_weighting,ShapleyFeatures,158949,True,0.9137029647827148,,0,0.997880758178282,,0.9221955274752682,,no_aplica,,no_aplica,0.8658836483955383
native_TAGCN_class_weighting,42,native,TAGCN,class_weighting,ShapleyFeatures,159862,True,0.6183324456214905,,0,,vector_constante,,,no_aplica,,no_aplica,0.6543703079223633
native_TAGCN_class_weighting,42,native,TAGCN,class_weighting,ShapleyFeatures,161504,True,0.9969913959503174,,0,0.9835918465484076,,0.8748948374760994,,no_aplica,,no_aplica,0.8724237084388733
native_TAGCN_class_weighting,42,native,TAGCN,class_weighting,ShapleyFeatures,163852,True,0.8031814098358154,,0,0.9941045474565074,,0.9172666057028848,,no_aplica,,no_aplica,0.8668494820594788
native_TAGCN_class_weighting,42,native,TAGCN,class_weighting,ShapleyFeatures,165001,True,0.8346602916717529,,0,0.9960837119304776,,0.8349014880704964,,no_aplica,,no_aplica,0.8713788390159607
native_TAGCN_class_weighting,42,native,TAGCN,class_weighting,ShapleyFeatures,168077,True,0.9714888334274292,,0,0.9749389119101723,,0.8445797655665477,,no_aplica,,no_aplica,0.8641489148139954
native_TAGCN_class_weighting,42,native,TAGCN,class_weighting,ShapleyFeatures,168167,True,0.6718690991401672,,0,0.9986554745122708,,0.90155291379167,,no_aplica,,no_aplica,0.8749743103981018
native_TAGCN_class_weighting,42,native,TAGCN,class_weighting,ShapleyFeatures,168250,False,0.0381962619721889,,0,0.9516019478634306,,0.6167395460969324,,no_aplica,,no_aplica,0.8662776947021484
native_TAGCN_class_weighting,42,native,TAGCN,class_weighting,ShapleyFeatures,170168,False,0.0740767493844032,,0,0.992457849577332,,0.8666580763155707,,no_aplica,,no_aplica,0.8781623840332031
native_TAGCN_class_weighting,42,native,TAGCN,class_weighting,ShapleyFeatures,170185,True,0.6566957831382751,,0,0.9993961726104584,,0.9387388810374928,,no_aplica,,no_aplica,0.8671640753746033
native_TAGCN_class_weighting,42,native,TAGCN,class_weighting,ShapleyFeatures,171111,False,0.0536033175885677,,0,0.9418956535677078,,0.6868900157951618,,no_aplica,,no_aplica,2.087404727935791
native_TAGCN_class_weighting,42,native,TAGCN,class_weighting,ShapleyFeatures,171381,True,0.9644849896430968,,0,0.9970261130677592,,0.9537908388062184,,no_aplica,,no_aplica,0.867348313331604
native_TAGCN_class_weighting,42,native,TAGCN,class_weighting,ShapleyFeatures,172466,True,0.9975951313972472,,0,0.9957256203927743,,0.9344176573281237,,no_aplica,,no_aplica,0.8715797066688538
native_TAGCN_class_weighting,42,native,TAGCN,class_weighting,ShapleyFeatures,172476,False,0.032478742301464,,0,0.9809240405458872,,0.6808778784603874,,no_aplica,,no_aplica,0.8656136393547058
native_TAGCN_class_weighting,42,native,TAGCN,class_weighting,ShapleyFeatures,172625,False,0.0865721032023429,,0,0.9540777318500846,,0.4754202344334525,,no_aplica,,no_aplica,0.8708897233009338
native_TAGCN_class_weighting,42,native,TAGCN,class_weighting,ShapleyFeatures,172800,True,0.8392705321311951,,0,0.998193010764572,,0.9622861418239256,,no_aplica,,no_aplica,0.8652374148368835
native_TAGCN_class_weighting,42,native,TAGCN,class_weighting,ShapleyFeatures,173595,True,0.5024175047874451,,0,0.9991883498658308,,0.9674519910216977,,no_aplica,,no_aplica,0.8705035448074341
native_TAGCN_focal_loss,42,native,TAGCN,focal_loss,GNNExplainer,139670,False,0.3243326842784881,,0,0.922990139521606,,0.8425446836811041,,menos_de_2_aristas,,menos_de_2_aristas,1.4363378286361694
native_TAGCN_focal_loss,42,native,TAGCN,focal_loss,GNNExplainer,139873,True,0.5281417369842529,,0,0.9250910644119232,,0.7796691329287555,,menos_de_2_aristas,,menos_de_2_aristas,1.4436308145523071
native_TAGCN_focal_loss,42,native,TAGCN,focal_loss,GNNExplainer,140575,True,0.5354289412498474,,1,0.9380802739183014,,0.8847759581012553,,menos_de_2_aristas,,menos_de_2_aristas,1.518728256225586
native_TAGCN_focal_loss,42,native,TAGCN,focal_loss,GNNExplainer,141068,True,0.5668138861656189,,0,0.8972153043688005,,0.5515071909551915,,menos_de_2_aristas,,menos_de_2_aristas,1.4603625535964966
native_TAGCN_focal_loss,42,native,TAGCN,focal_loss,GNNExplainer,148220,True,0.6600881218910217,,1,0.9311751861597894,,0.6755856679690748,,menos_de_2_aristas,,menos_de_2_aristas,1.4872088432312012
native_TAGCN_focal_loss,42,native,TAGCN,focal_loss,GNNExplainer,150129,False,0.1948419958353042,,0,0.9013503459884584,,0.9224773464128356,,menos_de_2_aristas,,menos_de_2_aristas,1.2753123044967651
native_TAGCN_focal_loss,42,native,TAGCN,focal_loss,GNNExplainer,150346,False,0.3347093462944031,,0,0.9294742980515516,,0.8360653420899494,,menos_de_2_aristas,,menos_de_2_aristas,1.2819108963012695
native_TAGCN_focal_loss,42,native,TAGCN,focal_loss,GNNExplainer,150528,True,0.645244836807251,,2,0.9363599462516096,,0.6059132097431208,0.1999999999999999,,0.6,,1.4831775426864624
native_TAGCN_focal_loss,42,native,TAGCN,focal_loss,GNNExplainer,152223,False,0.4822392463684082,,1,0.945349551856594,,0.8970870396541691,,menos_de_2_aristas,,menos_de_2_aristas,1.4737176895141602
native_TAGCN_focal_loss,42,native,TAGCN,focal_loss,GNNExplainer,152280,False,0.4636266827583313,,0,0.9204953294547822,,0.9090265192451576,,menos_de_2_aristas,,menos_de_2_aristas,1.490006923675537
native_TAGCN_focal_loss,42,native,TAGCN,focal_loss,GNNExplainer,153599,False,0.3416315019130707,,9,0.9797009289940252,,0.7431465624740212,-0.025,,0.7777777777777778,,1.539433836936951
native_TAGCN_focal_loss,42,native,TAGCN,focal_loss,GNNExplainer,155856,True,0.6127133965492249,,1,0.8941519434628974,,0.7155973065092693,,menos_de_2_aristas,,menos_de_2_aristas,1.6665765047073364
native_TAGCN_focal_loss,42,native,TAGCN,focal_loss,GNNExplainer,158611,False,0.2600670456886291,,1,0.8232951773315819,,0.696295618920941,,menos_de_2_aristas,,menos_de_2_aristas,1.4933255910873413
native_TAGCN_focal_loss,42,native,TAGCN,focal_loss,GNNExplainer,158949,True,0.6140347719192505,,1,0.9468004957343789,,0.7811056613184804,,menos_de_2_aristas,,menos_de_2_aristas,1.478661298751831
native_TAGCN_focal_loss,42,native,TAGCN,focal_loss,GNNExplainer,159862,False,0.2186514139175415,,0,0.9208947087805658,,0.9261476431956106,,menos_de_2_aristas,,menos_de_2_aristas,1.268639087677002
native_TAGCN_focal_loss,42,native,TAGCN,focal_loss,GNNExplainer,161504,True,0.7292333841323853,,2,0.9201805514355124,,0.7732047551749938,-0.1999999999999999,,0.4,,1.5183384418487549
native_TAGCN_focal_loss,42,native,TAGCN,focal_loss,GNNExplainer,163852,False,0.3880369365215301,,3,0.9676401931756512,,0.8259398121207082,0.35,,0.7333333333333333,,1.5242044925689695
native_TAGCN_focal_loss,42,native,TAGCN,focal_loss,GNNExplainer,165001,False,0.2284654229879379,,0,0.9203590926932546,,0.8076224125031175,,menos_de_2_aristas,,menos_de_2_aristas,1.4422049522399902
native_TAGCN_focal_loss,42,native,TAGCN,focal_loss,GNNExplainer,168077,False,0.4226985275745392,,0,0.8835161898889353,,0.6583972067503533,,menos_de_2_aristas,,menos_de_2_aristas,1.4470531940460205
native_TAGCN_focal_loss,42,native,TAGCN,focal_loss,GNNExplainer,168167,False,0.4278891086578369,,0,0.9227023999056548,,0.8989965915703717,,menos_de_2_aristas,,menos_de_2_aristas,1.429903507232666
native_TAGCN_focal_loss,42,native,TAGCN,focal_loss,GNNExplainer,168250,False,0.1490933746099472,,0,0.9225047261815456,,0.8425820932745864,,menos_de_2_aristas,,menos_de_2_aristas,1.431325912475586
native_TAGCN_focal_loss,42,native,TAGCN,focal_loss,GNNExplainer,170168,False,0.4932645261287689,,4,0.9782514754315776,,0.8189625072740878,0.24,,0.65,,1.4899861812591553
native_TAGCN_focal_loss,42,native,TAGCN,focal_loss,GNNExplainer,170185,False,0.4325175583362579,,1,0.9377473324797267,,0.9231806467703052,,menos_de_2_aristas,,menos_de_2_aristas,1.4730596542358398
native_TAGCN_focal_loss,42,native,TAGCN,focal_loss,GNNExplainer,171111,True,0.5485776662826538,,58,0.9932105270891022,,0.8471502203009393,0.1242917345965732,,0.2881509758317322,,1.4997791051864624
native_TAGCN_focal_loss,42,native,TAGCN,focal_loss,GNNExplainer,171381,True,0.556254506111145,,1,0.9534193980622552,,0.7837492725912379,,menos_de_2_aristas,,menos_de_2_aristas,1.4738014936447144
native_TAGCN_focal_loss,42,native,TAGCN,focal_loss,GNNExplainer,172466,True,0.6339561343193054,,6,0.9580497636919654,,0.8709984204838308,3.191891195797325e-17,,0.6666666666666667,,1.4954291582107544
native_TAGCN_focal_loss,42,native,TAGCN,focal_loss,GNNExplainer,172476,False,0.3035130202770233,,1,0.9447122079529632,,0.671646853437526,,menos_de_2_aristas,,menos_de_2_aristas,1.4755849838256836
native_TAGCN_focal_loss,42,native,TAGCN,focal_loss,GNNExplainer,172625,False,0.1829991489648819,,0,0.9166350552946524,,0.7169440518746363,,menos_de_2_aristas,,menos_de_2_aristas,1.437427997589111
native_TAGCN_focal_loss,42,native,TAGCN,focal_loss,GNNExplainer,172800,False,0.3057573735713959,,0,0.9059674188906804,,0.9338548507772882,,menos_de_2_aristas,,menos_de_2_aristas,1.4336968660354614
native_TAGCN_focal_loss,42,native,TAGCN,focal_loss,GNNExplainer,173595,False,0.3038784563541412,,0,0.927268831423254,,0.7364261368359797,,menos_de_2_aristas,,menos_de_2_aristas,1.4310816526412964
native_TAGCN_focal_loss,42,native,TAGCN,focal_loss,PGExplainer,139670,False,0.3243326842784881,,1,,no_aplica,,,menos_de_2_aristas,,menos_de_2_aristas,3.8946070671081534
native_TAGCN_focal_loss,42,native,TAGCN,focal_loss,PGExplainer,139873,True,0.5281417369842529,,1,,no_aplica,,,menos_de_2_aristas,,menos_de_2_aristas,3.894334554672241
native_TAGCN_focal_loss,42,native,TAGCN,focal_loss,PGExplainer,140575,True,0.5354289412498474,,2,,no_aplica,,-0.3333333333333333,,0.4,,3.8944575786590576
native_TAGCN_focal_loss,42,native,TAGCN,focal_loss,PGExplainer,141068,True,0.5668138861656189,,1,,no_aplica,,,menos_de_2_aristas,,menos_de_2_aristas,3.894313335418701
native_TAGCN_focal_loss,42,native,TAGCN,focal_loss,PGExplainer,148220,True,0.6600881218910217,,2,,no_aplica,,-0.3333333333333333,,0.4,,3.8941476345062256
native_TAGCN_focal_loss,42,native,TAGCN,focal_loss,PGExplainer,150129,False,0.1948419958353042,,0,,no_aplica,,,menos_de_2_aristas,,menos_de_2_aristas,3.892871856689453
native_TAGCN_focal_loss,42,native,TAGCN,focal_loss,PGExplainer,150346,False,0.3347093462944031,,0,,no_aplica,,,menos_de_2_aristas,,menos_de_2_aristas,3.892903089523315
native_TAGCN_focal_loss,42,native,TAGCN,focal_loss,PGExplainer,150528,True,0.645244836807251,,3,,no_aplica,,-0.2440169358562924,,0.7333333333333333,,3.894193172454834
native_TAGCN_focal_loss,42,native,TAGCN,focal_loss,PGExplainer,152223,False,0.4822392463684082,,2,,no_aplica,,1.0,,1.0,,3.894105672836304
native_TAGCN_focal_loss,42,native,TAGCN,focal_loss,PGExplainer,152280,False,0.4636266827583313,,1,,no_aplica,,,menos_de_2_aristas,,menos_de_2_aristas,3.894051313400269
native_TAGCN_focal_loss,42,native,TAGCN,focal_loss,PGExplainer,153599,False,0.3416315019130707,,3,,no_aplica,,-0.2440169358562924,,0.5999999999999999,,3.894174098968506
native_TAGCN_focal_loss,42,native,TAGCN,focal_loss,PGExplainer,155856,True,0.6127133965492249,,2,,no_aplica,,-0.3333333333333333,,0.6,,3.894103527069092
native_TAGCN_focal_loss,42,native,TAGCN,focal_loss,PGExplainer,158611,False,0.2600670456886291,,3,,no_aplica,,-0.2440169358562924,,0.4666666666666666,,3.894129037857056
native_TAGCN_focal_loss,42,native,TAGCN,focal_loss,PGExplainer,158949,True,0.6140347719192505,,2,,no_aplica,,-0.3333333333333333,,0.4,,3.8940935134887695
native_TAGCN_focal_loss,42,native,TAGCN,focal_loss,PGExplainer,159862,False,0.2186514139175415,,0,,no_aplica,,,menos_de_2_aristas,,menos_de_2_aristas,3.892835140228272
native_TAGCN_focal_loss,42,native,TAGCN,focal_loss,PGExplainer,161504,True,0.7292333841323853,,3,,no_aplica,,-0.1196152422706632,,0.5999999999999999,,3.8941500186920166
native_TAGCN_focal_loss,42,native,TAGCN,focal_loss,PGExplainer,163852,False,0.3880369365215301,,3,,no_aplica,,1.0,,0.5999999999999999,,3.894148349761963
native_TAGCN_focal_loss,42,native,TAGCN,focal_loss,PGExplainer,165001,False,0.2284654229879379,,1,,no_aplica,,,menos_de_2_aristas,,menos_de_2_aristas,3.89398455619812
native_TAGCN_focal_loss,42,native,TAGCN,focal_loss,PGExplainer,168077,False,0.4226985275745392,,1,,no_aplica,,,menos_de_2_aristas,,menos_de_2_aristas,3.894065618515015
native_TAGCN_focal_loss,42,native,TAGCN,focal_loss,PGExplainer,168167,False,0.4278891086578369,,1,,no_aplica,,,menos_de_2_aristas,,menos_de_2_aristas,3.893970727920532
native_TAGCN_focal_loss,42,native,TAGCN,focal_loss,PGExplainer,168250,False,0.1490933746099472,,1,,no_aplica,,,menos_de_2_aristas,,menos_de_2_aristas,3.8941187858581534
native_TAGCN_focal_loss,42,native,TAGCN,focal_loss,PGExplainer,170168,False,0.4932645261287689,,3,,no_aplica,,1.0,,1.0,,3.894117593765259
native_TAGCN_focal_loss,42,native,TAGCN,focal_loss,PGExplainer,170185,False,0.4325175583362579,,2,,no_aplica,,-0.3333333333333333,,0.6,,3.894094228744507
native_TAGCN_focal_loss,42,native,TAGCN,focal_loss,PGExplainer,171111,True,0.5485776662826538,,3,,no_aplica,,-0.3333333333333333,,0.5999999999999999,,3.894278049468994
native_TAGCN_focal_loss,42,native,TAGCN,focal_loss,PGExplainer,171381,True,0.556254506111145,,2,,no_aplica,,-0.1999999999999999,,0.4,,3.894090414047241
native_TAGCN_focal_loss,42,native,TAGCN,focal_loss,PGExplainer,172466,True,0.6339561343193054,,3,,no_aplica,,-0.3333333333333333,,0.5999999999999999,,3.8941707611083984
native_TAGCN_focal_loss,42,native,TAGCN,focal_loss,PGExplainer,172476,False,0.3035130202770233,,2,,no_aplica,,1.0,,0.4,,3.894053936004639
native_TAGCN_focal_loss,42,native,TAGCN,focal_loss,PGExplainer,172625,False,0.1829991489648819,,1,,no_aplica,,,menos_de_2_aristas,,menos_de_2_aristas,3.894034385681152
native_TAGCN_focal_loss,42,native,TAGCN,focal_loss,PGExplainer,172800,False,0.3057573735713959,,1,,no_aplica,,,menos_de_2_aristas,,menos_de_2_aristas,3.894012451171875
native_TAGCN_focal_loss,42,native,TAGCN,focal_loss,PGExplainer,173595,False,0.3038784563541412,,1,,no_aplica,,,menos_de_2_aristas,,menos_de_2_aristas,3.89406418800354
native_TAGCN_focal_loss,42,native,TAGCN,focal_loss,ShapleyFeatures,139670,False,0.3243326842784881,,0,0.995458536585366,,0.948406351317649,,no_aplica,,no_aplica,0.878139078617096
native_TAGCN_focal_loss,42,native,TAGCN,focal_loss,ShapleyFeatures,139873,True,0.5281417369842529,,0,0.9971519490851234,,0.9453861501371684,,no_aplica,,no_aplica,0.866204023361206
native_TAGCN_focal_loss,42,native,TAGCN,focal_loss,ShapleyFeatures,140575,True,0.5354289412498474,,0,0.9965009033978826,,0.9539421398287472,,no_aplica,,no_aplica,0.8691004514694214
native_TAGCN_focal_loss,42,native,TAGCN,focal_loss,ShapleyFeatures,141068,True,0.5668138861656189,,0,0.9984354577823976,,0.9999733976224124,,no_aplica,,no_aplica,0.8697261810302734
native_TAGCN_focal_loss,42,native,TAGCN,focal_loss,ShapleyFeatures,148220,True,0.6600881218910217,,0,0.998382195712115,,0.967774544849946,,no_aplica,,no_aplica,0.8657907247543335
native_TAGCN_focal_loss,42,native,TAGCN,focal_loss,ShapleyFeatures,150129,False,0.1948419958353042,,0,,vector_constante,,,no_aplica,,no_aplica,0.657799243927002
native_TAGCN_focal_loss,42,native,TAGCN,focal_loss,ShapleyFeatures,150346,False,0.3347093462944031,,0,,vector_constante,,,no_aplica,,no_aplica,0.6591922640800476
native_TAGCN_focal_loss,42,native,TAGCN,focal_loss,ShapleyFeatures,150528,True,0.645244836807251,,0,0.9977074975103144,,0.9533934657910051,,no_aplica,,no_aplica,0.8700165748596191
native_TAGCN_focal_loss,42,native,TAGCN,focal_loss,ShapleyFeatures,152223,False,0.4822392463684082,,0,0.9974021342550682,,0.9997838556821016,,no_aplica,,no_aplica,0.865634560585022
native_TAGCN_focal_loss,42,native,TAGCN,focal_loss,ShapleyFeatures,152280,False,0.4636266827583313,,0,0.9901451535409956,,0.9317856845955608,,no_aplica,,no_aplica,0.8721823692321777
native_TAGCN_focal_loss,42,native,TAGCN,focal_loss,ShapleyFeatures,153599,False,0.3416315019130707,,0,0.9991787843695386,,0.9821905395294704,,no_aplica,,no_aplica,0.8773693442344666
native_TAGCN_focal_loss,42,native,TAGCN,focal_loss,ShapleyFeatures,155856,True,0.6127133965492249,,0,0.9941093312611756,,0.9644675367861004,,no_aplica,,no_aplica,0.8681820631027222
native_TAGCN_focal_loss,42,native,TAGCN,focal_loss,ShapleyFeatures,158611,False,0.2600670456886291,,0,0.9927317568353772,,0.9390414830825504,,no_aplica,,no_aplica,0.8706437349319458
native_TAGCN_focal_loss,42,native,TAGCN,focal_loss,ShapleyFeatures,158949,True,0.6140347719192505,,0,0.9992540129459232,,0.999900241084047,,no_aplica,,no_aplica,0.8726220726966858
native_TAGCN_focal_loss,42,native,TAGCN,focal_loss,ShapleyFeatures,159862,False,0.2186514139175415,,0,,vector_constante,,,no_aplica,,no_aplica,0.6538597345352173
native_TAGCN_focal_loss,42,native,TAGCN,focal_loss,ShapleyFeatures,161504,True,0.7292333841323853,,0,0.993565496847312,,0.9998886025438524,,no_aplica,,no_aplica,0.8746641278266907
native_TAGCN_focal_loss,42,native,TAGCN,focal_loss,ShapleyFeatures,163852,False,0.3880369365215301,,0,0.998528958379212,,0.9550012469864496,,no_aplica,,no_aplica,0.881105899810791
native_TAGCN_focal_loss,42,native,TAGCN,focal_loss,ShapleyFeatures,165001,False,0.2284654229879379,,0,0.9981776417405474,,0.971946961509685,,no_aplica,,no_aplica,0.8663902878761292
native_TAGCN_focal_loss,42,native,TAGCN,focal_loss,ShapleyFeatures,168077,False,0.4226985275745392,,0,0.9904713273626522,,0.9475284728572616,,no_aplica,,no_aplica,0.8707730174064636
native_TAGCN_focal_loss,42,native,TAGCN,focal_loss,ShapleyFeatures,168167,False,0.4278891086578369,,0,0.997026584422857,,0.963987031340926,,no_aplica,,no_aplica,0.8670940399169922
native_TAGCN_focal_loss,42,native,TAGCN,focal_loss,ShapleyFeatures,168250,False,0.1490933746099472,,0,0.9891306372186528,,0.9498703134092612,,no_aplica,,no_aplica,0.8720412850379944
native_TAGCN_focal_loss,42,native,TAGCN,focal_loss,ShapleyFeatures,170168,False,0.4932645261287689,,0,0.9990935878321288,,0.9999675783523152,,no_aplica,,no_aplica,0.8727242946624756
native_TAGCN_focal_loss,42,native,TAGCN,focal_loss,ShapleyFeatures,170185,False,0.4325175583362579,,0,0.996899629893375,,0.982259539446338,,no_aplica,,no_aplica,0.8697901964187622
native_TAGCN_focal_loss,42,native,TAGCN,focal_loss,ShapleyFeatures,171111,True,0.5485776662826538,,0,0.9839777696789676,,0.9997988195194946,,no_aplica,,no_aplica,2.0855162143707275
native_TAGCN_focal_loss,42,native,TAGCN,focal_loss,ShapleyFeatures,171381,True,0.556254506111145,,0,0.9981298497200668,,0.9730068999916868,,no_aplica,,no_aplica,0.869391143321991
native_TAGCN_focal_loss,42,native,TAGCN,focal_loss,ShapleyFeatures,172466,True,0.6339561343193054,,0,0.995288109841877,,0.9822179732313576,,no_aplica,,no_aplica,0.8723037242889404
native_TAGCN_focal_loss,42,native,TAGCN,focal_loss,ShapleyFeatures,172476,False,0.3035130202770233,,0,0.9911995475087906,,0.8804356139329952,,no_aplica,,no_aplica,0.8642516136169434
native_TAGCN_focal_loss,42,native,TAGCN,focal_loss,ShapleyFeatures,172625,False,0.1829991489648819,,0,0.9907379254861708,,0.9360271011721674,,no_aplica,,no_aplica,0.8730499148368835
native_TAGCN_focal_loss,42,native,TAGCN,focal_loss,ShapleyFeatures,172800,False,0.3057573735713959,,0,0.9973626724847016,,0.9688968326544184,,no_aplica,,no_aplica,0.8685105443000793
native_TAGCN_focal_loss,42,native,TAGCN,focal_loss,ShapleyFeatures,173595,False,0.3038784563541412,,0,0.9998391473077544,,0.999953445839222,,no_aplica,,no_aplica,0.8716070652008057
1:10_TAGCN_class_weighting,42,1:10,TAGCN,class_weighting,GNNExplainer,139670,False,0.2105485796928405,,0,0.9679834786435596,,0.8911912877213402,,menos_de_2_aristas,,menos_de_2_aristas,1.705355167388916
1:10_TAGCN_class_weighting,42,1:10,TAGCN,class_weighting,GNNExplainer,139873,True,0.9335641860961914,,0,0.9656155117902092,,0.8690980131349239,,menos_de_2_aristas,,menos_de_2_aristas,1.4660015106201172
1:10_TAGCN_class_weighting,42,1:10,TAGCN,class_weighting,GNNExplainer,140575,True,0.9399994015693665,,1,0.9731915675905471,,0.9216792750852107,,menos_de_2_aristas,,menos_de_2_aristas,1.4852590560913086
1:10_TAGCN_class_weighting,42,1:10,TAGCN,class_weighting,GNNExplainer,141068,True,0.9736965298652648,,0,0.9104983869508848,,0.6305370354975477,,menos_de_2_aristas,,menos_de_2_aristas,1.429059386253357
1:10_TAGCN_class_weighting,42,1:10,TAGCN,class_weighting,GNNExplainer,148220,True,0.9505553245544434,,1,0.9498337159173618,,0.819091362540527,,menos_de_2_aristas,,menos_de_2_aristas,1.4776294231414795
1:10_TAGCN_class_weighting,42,1:10,TAGCN,class_weighting,GNNExplainer,150129,False,0.2249358892440796,,0,0.9704768005331298,,0.939991686757004,,menos_de_2_aristas,,menos_de_2_aristas,1.251500964164734
1:10_TAGCN_class_weighting,42,1:10,TAGCN,class_weighting,GNNExplainer,150346,False,0.2341323643922805,,0,0.9668089265947908,,0.8737525978884362,,menos_de_2_aristas,,menos_de_2_aristas,1.2569000720977783
1:10_TAGCN_class_weighting,42,1:10,TAGCN,class_weighting,GNNExplainer,150528,True,0.9018407464027404,,2,0.9685124013213148,,0.6543819103832405,0.1999999999999999,,0.6,,1.512991428375244
1:10_TAGCN_class_weighting,42,1:10,TAGCN,class_weighting,GNNExplainer,152223,True,0.8725242018699646,,1,0.9749352681747048,,0.7715986366281486,,menos_de_2_aristas,,menos_de_2_aristas,1.473803997039795
1:10_TAGCN_class_weighting,42,1:10,TAGCN,class_weighting,GNNExplainer,152280,True,0.9918134212493896,,0,0.9221639946114786,,0.8230783938814532,,menos_de_2_aristas,,menos_de_2_aristas,1.4317855834960938
1:10_TAGCN_class_weighting,42,1:10,TAGCN,class_weighting,GNNExplainer,153599,False,0.1665647178888321,,9,0.9921019449808768,,0.7840186216643111,-0.0083333333333333,,0.8,,1.4887574911117554
1:10_TAGCN_class_weighting,42,1:10,TAGCN,class_weighting,GNNExplainer,155856,True,0.99358469247818,,1,0.9581882428525536,,0.673031839720675,,menos_de_2_aristas,,menos_de_2_aristas,1.4755260944366455
1:10_TAGCN_class_weighting,42,1:10,TAGCN,class_weighting,GNNExplainer,158611,False,7.075700523273554e-06,,1,0.6033908800900731,,0.2025895751932829,,menos_de_2_aristas,,menos_de_2_aristas,1.4846274852752686
1:10_TAGCN_class_weighting,42,1:10,TAGCN,class_weighting,GNNExplainer,158949,True,0.9269948601722716,,1,0.9763402121281992,,0.7905303849031508,,menos_de_2_aristas,,menos_de_2_aristas,1.5121241807937622
1:10_TAGCN_class_weighting,42,1:10,TAGCN,class_weighting,GNNExplainer,159862,True,0.5643114447593689,,0,0.9829723364312908,,0.9377620749854518,,menos_de_2_aristas,,menos_de_2_aristas,1.2652552127838137
1:10_TAGCN_class_weighting,42,1:10,TAGCN,class_weighting,GNNExplainer,161504,True,0.9861754775047302,,2,0.9682239094356566,,0.7692268684013635,-0.1999999999999999,,0.4,,1.5143532752990725
1:10_TAGCN_class_weighting,42,1:10,TAGCN,class_weighting,GNNExplainer,163852,True,0.8004835247993469,,3,0.9858294805828246,,0.7341433203092527,0.35,,0.7333333333333333,,1.5705276727676392
1:10_TAGCN_class_weighting,42,1:10,TAGCN,class_weighting,GNNExplainer,165001,True,0.8790713548660278,,0,0.97196632688259,,0.92653171502203,,menos_de_2_aristas,,menos_de_2_aristas,1.4729121923446655
1:10_TAGCN_class_weighting,42,1:10,TAGCN,class_weighting,GNNExplainer,168077,True,0.9877647757530212,,0,0.922756575421906,,0.8814822512262033,,menos_de_2_aristas,,menos_de_2_aristas,1.523828387260437
1:10_TAGCN_class_weighting,42,1:10,TAGCN,class_weighting,GNNExplainer,168167,True,0.7095887660980225,,0,0.9714328675039802,,0.9534117549255964,,menos_de_2_aristas,,menos_de_2_aristas,1.5028246641159058
1:10_TAGCN_class_weighting,42,1:10,TAGCN,class_weighting,GNNExplainer,168250,False,0.0475377142429351,,0,0.9587783945986496,,0.8907157702219635,,menos_de_2_aristas,,menos_de_2_aristas,1.5116775035858154
1:10_TAGCN_class_weighting,42,1:10,TAGCN,class_weighting,GNNExplainer,170168,True,0.8692315816879272,,4,0.975824197077872,,0.7971036661401613,0.2,,0.65,,1.58052659034729
1:10_TAGCN_class_weighting,42,1:10,TAGCN,class_weighting,GNNExplainer,170185,True,0.7971794009208679,,1,0.9828240147958456,,0.84927674785934,,menos_de_2_aristas,,menos_de_2_aristas,1.5511932373046875
1:10_TAGCN_class_weighting,42,1:10,TAGCN,class_weighting,GNNExplainer,171111,True,0.6025736331939697,,58,0.9866932742410098,,0.7884612187214233,0.1865883293857086,,0.3088743384905787,,1.4962104558944702
1:10_TAGCN_class_weighting,42,1:10,TAGCN,class_weighting,GNNExplainer,171381,True,0.9740501046180724,,1,0.974143361048123,,0.9144367777870148,,menos_de_2_aristas,,menos_de_2_aristas,1.479320406913757
1:10_TAGCN_class_weighting,42,1:10,TAGCN,class_weighting,GNNExplainer,172466,True,0.9934936165809632,,6,0.9719466221851544,,0.8600415662149805,-0.04,,0.6666666666666667,,1.4765164852142334
1:10_TAGCN_class_weighting,42,1:10,TAGCN,class_weighting,GNNExplainer,172476,False,0.0158660095185041,,1,0.9755219270131076,,0.7208570953528971,,menos_de_2_aristas,,menos_de_2_aristas,1.4775091409683228
1:10_TAGCN_class_weighting,42,1:10,TAGCN,class_weighting,GNNExplainer,172625,False,0.0630591809749603,,0,0.9482772307226182,,0.894346994762657,,menos_de_2_aristas,,menos_de_2_aristas,1.4280030727386477
1:10_TAGCN_class_weighting,42,1:10,TAGCN,class_weighting,GNNExplainer,172800,True,0.8751407861709595,,0,0.9716010730218873,,0.8690797240003325,,menos_de_2_aristas,,menos_de_2_aristas,1.4421051740646362
1:10_TAGCN_class_weighting,42,1:10,TAGCN,class_weighting,GNNExplainer,173595,True,0.517345666885376,,0,0.9849094548927416,,0.9083074237259956,,menos_de_2_aristas,,menos_de_2_aristas,1.4292820692062378
1:10_TAGCN_class_weighting,42,1:10,TAGCN,class_weighting,PGExplainer,139670,False,0.2105485796928405,,1,,no_aplica,,,menos_de_2_aristas,,menos_de_2_aristas,3.8730297088623047
1:10_TAGCN_class_weighting,42,1:10,TAGCN,class_weighting,PGExplainer,139873,True,0.9335641860961914,,1,,no_aplica,,,menos_de_2_aristas,,menos_de_2_aristas,3.872645139694214
1:10_TAGCN_class_weighting,42,1:10,TAGCN,class_weighting,PGExplainer,140575,True,0.9399994015693665,,2,,no_aplica,,-0.1999999999999999,,0.4,,3.8728864192962646
1:10_TAGCN_class_weighting,42,1:10,TAGCN,class_weighting,PGExplainer,141068,True,0.9736965298652648,,1,,no_aplica,,,menos_de_2_aristas,,menos_de_2_aristas,3.8725078105926514
1:10_TAGCN_class_weighting,42,1:10,TAGCN,class_weighting,PGExplainer,148220,True,0.9505553245544434,,2,,no_aplica,,-0.1999999999999999,,0.4,,3.872561693191528
1:10_TAGCN_class_weighting,42,1:10,TAGCN,class_weighting,PGExplainer,150129,False,0.2249358892440796,,0,,no_aplica,,,menos_de_2_aristas,,menos_de_2_aristas,3.871275186538696
1:10_TAGCN_class_weighting,42,1:10,TAGCN,class_weighting,PGExplainer,150346,False,0.2341323643922805,,0,,no_aplica,,,menos_de_2_aristas,,menos_de_2_aristas,3.871279001235962
1:10_TAGCN_class_weighting,42,1:10,TAGCN,class_weighting,PGExplainer,150528,True,0.9018407464027404,,3,,no_aplica,,-0.1220084679281462,,0.4666666666666666,,3.8725898265838623
1:10_TAGCN_class_weighting,42,1:10,TAGCN,class_weighting,PGExplainer,152223,True,0.8725242018699646,,2,,no_aplica,,-0.3333333333333333,,0.6,,3.872580289840698
1:10_TAGCN_class_weighting,42,1:10,TAGCN,class_weighting,PGExplainer,152280,True,0.9918134212493896,,1,,no_aplica,,,menos_de_2_aristas,,menos_de_2_aristas,3.8724350929260254
1:10_TAGCN_class_weighting,42,1:10,TAGCN,class_weighting,PGExplainer,153599,False,0.1665647178888321,,3,,no_aplica,,0.1220084679281462,,0.4666666666666666,,3.8725757598876953
1:10_TAGCN_class_weighting,42,1:10,TAGCN,class_weighting,PGExplainer,155856,True,0.99358469247818,,2,,no_aplica,,-0.3333333333333333,,0.6,,3.8724987506866455
1:10_TAGCN_class_weighting,42,1:10,TAGCN,class_weighting,PGExplainer,158611,False,7.075700523273554e-06,,3,,no_aplica,,-0.2440169358562924,,0.7333333333333333,,3.872567892074585
1:10_TAGCN_class_weighting,42,1:10,TAGCN,class_weighting,PGExplainer,158949,True,0.9269948601722716,,2,,no_aplica,,-0.1999999999999999,,0.4,,3.872565507888794
1:10_TAGCN_class_weighting,42,1:10,TAGCN,class_weighting,PGExplainer,159862,True,0.5643114447593689,,0,,no_aplica,,,menos_de_2_aristas,,menos_de_2_aristas,3.871270179748535
1:10_TAGCN_class_weighting,42,1:10,TAGCN,class_weighting,PGExplainer,161504,True,0.9861754775047302,,3,,no_aplica,,0.2732050807568877,,0.7333333333333333,,3.87258553504944
1:10_TAGCN_class_weighting,42,1:10,TAGCN,class_weighting,PGExplainer,163852,True,0.8004835247993469,,3,,no_aplica,,-0.0464101615137754,,0.5999999999999999,,3.872645139694214
1:10_TAGCN_class_weighting,42,1:10,TAGCN,class_weighting,PGExplainer,165001,True,0.8790713548660278,,1,,no_aplica,,,menos_de_2_aristas,,menos_de_2_aristas,3.87246322631836
1:10_TAGCN_class_weighting,42,1:10,TAGCN,class_weighting,PGExplainer,168077,True,0.9877647757530212,,1,,no_aplica,,,menos_de_2_aristas,,menos_de_2_aristas,3.872503280639648
1:10_TAGCN_class_weighting,42,1:10,TAGCN,class_weighting,PGExplainer,168167,True,0.7095887660980225,,1,,no_aplica,,,menos_de_2_aristas,,menos_de_2_aristas,3.872532367706299
1:10_TAGCN_class_weighting,42,1:10,TAGCN,class_weighting,PGExplainer,168250,False,0.0475377142429351,,1,,no_aplica,,,menos_de_2_aristas,,menos_de_2_aristas,3.872458696365357
1:10_TAGCN_class_weighting,42,1:10,TAGCN,class_weighting,PGExplainer,170168,True,0.8692315816879272,,3,,no_aplica,,-0.0964101615137754,,0.4666666666666666,,3.8726441860198975
1:10_TAGCN_class_weighting,42,1:10,TAGCN,class_weighting,PGExplainer,170185,True,0.7971794009208679,,2,,no_aplica,,-0.1999999999999999,,0.4,,3.872580051422119
1:10_TAGCN_class_weighting,42,1:10,TAGCN,class_weighting,PGExplainer,171111,True,0.6025736331939697,,3,,no_aplica,,-0.1220084679281462,,0.5999999999999999,,3.872798442840576
1:10_TAGCN_class_weighting,42,1:10,TAGCN,class_weighting,PGExplainer,171381,True,0.9740501046180724,,2,,no_aplica,,0.1999999999999999,,0.6,,3.8725674152374254
1:10_TAGCN_class_weighting,42,1:10,TAGCN,class_weighting,PGExplainer,172466,True,0.9934936165809632,,3,,no_aplica,,-0.2053418012614796,,0.4666666666666666,,3.872604608535767
1:10_TAGCN_class_weighting,42,1:10,TAGCN,class_weighting,PGExplainer,172476,False,0.0158660095185041,,2,,no_aplica,,-0.3333333333333333,,0.4,,3.8725526332855225
1:10_TAGCN_class_weighting,42,1:10,TAGCN,class_weighting,PGExplainer,172625,False,0.0630591809749603,,1,,no_aplica,,,menos_de_2_aristas,,menos_de_2_aristas,3.872508049011232
1:10_TAGCN_class_weighting,42,1:10,TAGCN,class_weighting,PGExplainer,172800,True,0.8751407861709595,,1,,no_aplica,,,menos_de_2_aristas,,menos_de_2_aristas,3.872589349746704
1:10_TAGCN_class_weighting,42,1:10,TAGCN,class_weighting,PGExplainer,173595,True,0.517345666885376,,1,,no_aplica,,,menos_de_2_aristas,,menos_de_2_aristas,3.8725216388702393
1:10_TAGCN_class_weighting,42,1:10,TAGCN,class_weighting,ShapleyFeatures,139670,False,0.2105485796928405,,0,0.991938211382114,,0.8749131266106909,,no_aplica,,no_aplica,0.8649494647979736
1:10_TAGCN_class_weighting,42,1:10,TAGCN,class_weighting,ShapleyFeatures,139873,True,0.9335641860961914,,0,0.9947974103640306,,0.943495718679857,,no_aplica,,no_aplica,0.8596130609512329
1:10_TAGCN_class_weighting,42,1:10,TAGCN,class_weighting,ShapleyFeatures,140575,True,0.9399994015693665,,0,0.9929574842033532,,0.9633627067919196,,no_aplica,,no_aplica,0.8615977764129639
1:10_TAGCN_class_weighting,42,1:10,TAGCN,class_weighting,ShapleyFeatures,141068,True,0.9736965298652648,,0,0.9988370072148924,,0.9635688752182228,,no_aplica,,no_aplica,0.8581281900405884
1:10_TAGCN_class_weighting,42,1:10,TAGCN,class_weighting,ShapleyFeatures,148220,True,0.9505553245544434,,0,0.9993241798435653,,0.9544376091113144,,no_aplica,,no_aplica,0.8579959273338318
1:10_TAGCN_class_weighting,42,1:10,TAGCN,class_weighting,ShapleyFeatures,150129,False,0.2249358892440796,,0,,vector_constante,,,no_aplica,,no_aplica,0.651037335395813
1:10_TAGCN_class_weighting,42,1:10,TAGCN,class_weighting,ShapleyFeatures,150346,False,0.2341323643922805,,0,,vector_constante,,,no_aplica,,no_aplica,0.6511217355728149
1:10_TAGCN_class_weighting,42,1:10,TAGCN,class_weighting,ShapleyFeatures,150528,True,0.9018407464027404,,0,0.9956565656565656,,0.9282517249979216,,no_aplica,,no_aplica,0.8675342202186584
1:10_TAGCN_class_weighting,42,1:10,TAGCN,class_weighting,ShapleyFeatures,152223,True,0.8725242018699646,,0,0.9871379584670672,,0.8250926926594065,,no_aplica,,no_aplica,0.8624423742294312
1:10_TAGCN_class_weighting,42,1:10,TAGCN,class_weighting,ShapleyFeatures,152280,True,0.9918134212493896,,0,0.9816298168146804,,0.9150145481752432,,no_aplica,,no_aplica,0.8639016151428223
1:10_TAGCN_class_weighting,42,1:10,TAGCN,class_weighting,ShapleyFeatures,153599,False,0.1665647178888321,,0,0.9933489535884018,,0.9328398038074656,,no_aplica,,no_aplica,0.8689135909080505
1:10_TAGCN_class_weighting,42,1:10,TAGCN,class_weighting,ShapleyFeatures,155856,True,0.99358469247818,,0,0.983626391116116,,0.8852971984371102,,no_aplica,,no_aplica,0.8659026622772217
1:10_TAGCN_class_weighting,42,1:10,TAGCN,class_weighting,ShapleyFeatures,158611,False,7.075700523273554e-06,,0,0.9495403849986156,,0.7538207664810043,,no_aplica,,no_aplica,0.8639073371887207
1:10_TAGCN_class_weighting,42,1:10,TAGCN,class_weighting,ShapleyFeatures,158949,True,0.9269948601722716,,0,0.9984014977794546,,0.922661900407349,,no_aplica,,no_aplica,0.8639652729034424
1:10_TAGCN_class_weighting,42,1:10,TAGCN,class_weighting,ShapleyFeatures,159862,True,0.5643114447593689,,0,,vector_constante,,,no_aplica,,no_aplica,0.6487119197845459
1:10_TAGCN_class_weighting,42,1:10,TAGCN,class_weighting,ShapleyFeatures,161504,True,0.9861754775047302,,0,0.9806831053643938,,0.9134757668966664,,no_aplica,,no_aplica,0.8633167147636414
1:10_TAGCN_class_weighting,42,1:10,TAGCN,class_weighting,ShapleyFeatures,163852,True,0.8004835247993469,,0,0.9950473463994716,,0.9340867902568792,,no_aplica,,no_aplica,0.8678119778633118
1:10_TAGCN_class_weighting,42,1:10,TAGCN,class_weighting,ShapleyFeatures,165001,True,0.8790713548660278,,0,0.9964608003439908,,0.8724856596558318,,no_aplica,,no_aplica,0.8587906360626221
1:10_TAGCN_class_weighting,42,1:10,TAGCN,class_weighting,ShapleyFeatures,168077,True,0.9877647757530212,,0,0.979349017511028,,0.9191653504031922,,no_aplica,,no_aplica,0.8628537058830261
1:10_TAGCN_class_weighting,42,1:10,TAGCN,class_weighting,ShapleyFeatures,168167,True,0.7095887660980225,,0,0.9978912446452424,,0.9307423725995512,,no_aplica,,no_aplica,0.8621475100517273
1:10_TAGCN_class_weighting,42,1:10,TAGCN,class_weighting,ShapleyFeatures,168250,False,0.0475377142429351,,0,0.9469607085928388,,0.5440152963671128,,no_aplica,,no_aplica,0.8587473034858704
1:10_TAGCN_class_weighting,42,1:10,TAGCN,class_weighting,ShapleyFeatures,170168,True,0.8692315816879272,,0,0.9951666561311956,,0.9105345415246489,,no_aplica,,no_aplica,0.8680508732795715
1:10_TAGCN_class_weighting,42,1:10,TAGCN,class_weighting,ShapleyFeatures,170185,True,0.7971794009208679,,0,0.9978180032716322,,0.9090614348657412,,no_aplica,,no_aplica,0.859557032585144
1:10_TAGCN_class_weighting,42,1:10,TAGCN,class_weighting,ShapleyFeatures,171111,True,0.6025736331939697,,0,0.9678585739855208,,0.746840136337185,,no_aplica,,no_aplica,2.0801892280578613
1:10_TAGCN_class_weighting,42,1:10,TAGCN,class_weighting,ShapleyFeatures,171381,True,0.9740501046180724,,0,0.997287945332342,,0.93517000581927,,no_aplica,,no_aplica,0.860686719417572
1:10_TAGCN_class_weighting,42,1:10,TAGCN,class_weighting,ShapleyFeatures,172466,True,0.9934936165809632,,0,0.9940009003432556,,0.9544284645440186,,no_aplica,,no_aplica,0.867473304271698
1:10_TAGCN_class_weighting,42,1:10,TAGCN,class_weighting,ShapleyFeatures,172476,False,0.0158660095185041,,0,0.9653378916807376,,0.6148524399368194,,no_aplica,,no_aplica,0.8588870167732239
1:10_TAGCN_class_weighting,42,1:10,TAGCN,class_weighting,ShapleyFeatures,172625,False,0.0630591809749603,,0,0.9506483202485644,,0.4869739795494222,,no_aplica,,no_aplica,0.8611146807670593
1:10_TAGCN_class_weighting,42,1:10,TAGCN,class_weighting,ShapleyFeatures,172800,True,0.8751407861709595,,0,0.9958113215888243,,0.942363454983789,,no_aplica,,no_aplica,0.8631989359855652
1:10_TAGCN_class_weighting,42,1:10,TAGCN,class_weighting,ShapleyFeatures,173595,True,0.517345666885376,,0,0.998862121988724,,0.9799891927841052,,no_aplica,,no_aplica,0.8591497540473938
1:10_TAGCN_focal_loss,42,1:10,TAGCN,focal_loss,GNNExplainer,139670,True,0.5406328439712524,,0,0.8833040928716711,,0.4282650261867154,,menos_de_2_aristas,,menos_de_2_aristas,1.7190943956375122
1:10_TAGCN_focal_loss,42,1:10,TAGCN,focal_loss,GNNExplainer,139873,True,0.5570827722549438,,0,0.8742341852591397,,0.3936079474603043,,menos_de_2_aristas,,menos_de_2_aristas,1.7165738344192505
1:10_TAGCN_focal_loss,42,1:10,TAGCN,focal_loss,GNNExplainer,140575,True,0.5458216667175293,,1,0.8801311567705448,,0.3852639454651259,,menos_de_2_aristas,,menos_de_2_aristas,1.7628203630447388
1:10_TAGCN_focal_loss,42,1:10,TAGCN,focal_loss,GNNExplainer,141068,True,0.6492986679077148,,0,0.8783679561009438,,0.3992543021032505,,menos_de_2_aristas,,menos_de_2_aristas,1.7090144157409668
1:10_TAGCN_focal_loss,42,1:10,TAGCN,focal_loss,GNNExplainer,148220,True,0.586551308631897,,1,0.8976258328201109,,0.5293814947210906,,menos_de_2_aristas,,menos_de_2_aristas,1.7812179327011108
1:10_TAGCN_focal_loss,42,1:10,TAGCN,focal_loss,GNNExplainer,150129,False,0.3910229802131653,,0,0.8557106048550412,,0.6121032504780114,,menos_de_2_aristas,,menos_de_2_aristas,1.5096793174743652
1:10_TAGCN_focal_loss,42,1:10,TAGCN,focal_loss,GNNExplainer,150346,True,0.6445441246032715,,0,0.8715790242988891,,0.3198096267353895,,menos_de_2_aristas,,menos_de_2_aristas,1.524213790893555
1:10_TAGCN_focal_loss,42,1:10,TAGCN,focal_loss,GNNExplainer,150528,True,0.5647762417793274,,2,0.8958084653714797,,0.6339928506110234,0.1999999999999999,,0.6,,1.7560797929763794
1:10_TAGCN_focal_loss,42,1:10,TAGCN,focal_loss,GNNExplainer,152223,True,0.5882506370544434,,1,0.9015384834258072,,0.4705827583340261,,menos_de_2_aristas,,menos_de_2_aristas,1.7612494230270386
1:10_TAGCN_focal_loss,42,1:10,TAGCN,focal_loss,GNNExplainer,152280,True,0.5715758204460144,,0,0.8715225533300763,,0.42742538864411,,menos_de_2_aristas,,menos_de_2_aristas,1.7137551307678225
1:10_TAGCN_focal_loss,42,1:10,TAGCN,focal_loss,GNNExplainer,153599,False,0.4874158203601837,,12,0.9775407700331356,,0.8331133095020368,-0.0076923076923076,,0.8333333333333334,,1.785210132598877
1:10_TAGCN_focal_loss,42,1:10,TAGCN,focal_loss,GNNExplainer,155856,True,0.5746881365776062,,1,0.8159216725559479,,0.5826352980297613,,menos_de_2_aristas,,menos_de_2_aristas,1.7681851387023926
1:10_TAGCN_focal_loss,42,1:10,TAGCN,focal_loss,GNNExplainer,158611,False,0.4082387685775757,,1,0.6662235781321798,,0.5702402527225872,,menos_de_2_aristas,,menos_de_2_aristas,1.7552931308746338
1:10_TAGCN_focal_loss,42,1:10,TAGCN,focal_loss,GNNExplainer,158949,True,0.5688250660896301,,1,0.904150046114826,,0.4497439521157204,,menos_de_2_aristas,,menos_de_2_aristas,1.7699190378189087
1:10_TAGCN_focal_loss,42,1:10,TAGCN,focal_loss,GNNExplainer,159862,False,0.4020722508430481,,0,0.8587660044117144,,0.3367719677446171,,menos_de_2_aristas,,menos_de_2_aristas,1.515054702758789
1:10_TAGCN_focal_loss,42,1:10,TAGCN,focal_loss,GNNExplainer,161504,True,0.5297020077705383,,2,0.8743900776884285,,0.5540743203923851,-0.1999999999999999,,0.4,,1.7646632194519043
1:10_TAGCN_focal_loss,42,1:10,TAGCN,focal_loss,GNNExplainer,163852,False,0.4262979924678802,,3,0.951420308174243,,0.6664294621331782,0.2,,0.5999999999999999,,1.7709465026855469
1:10_TAGCN_focal_loss,42,1:10,TAGCN,focal_loss,GNNExplainer,165001,True,0.5593767762184143,,0,0.889464512982765,,0.4864693656995594,,menos_de_2_aristas,,menos_de_2_aristas,1.671383500099182
1:10_TAGCN_focal_loss,42,1:10,TAGCN,focal_loss,GNNExplainer,168077,False,0.4868277311325073,,0,0.8647160988643954,,0.5019635879956771,,menos_de_2_aristas,,menos_de_2_aristas,1.651709794998169
1:10_TAGCN_focal_loss,42,1:10,TAGCN,focal_loss,GNNExplainer,168167,True,0.6364533305168152,,0,0.859249071289581,,0.4115196608196858,,menos_de_2_aristas,,menos_de_2_aristas,1.6530331373214722
1:10_TAGCN_focal_loss,42,1:10,TAGCN,focal_loss,GNNExplainer,168250,True,0.5260257720947266,,0,0.8922550637659417,,0.4611796491811455,,menos_de_2_aristas,,menos_de_2_aristas,1.6607064008712769
1:10_TAGCN_focal_loss,42,1:10,TAGCN,focal_loss,GNNExplainer,170168,False,0.3929884433746338,,4,0.9589653190689862,,0.7698545182475685,0.2799999999999999,,0.65,,1.729957938194275
1:10_TAGCN_focal_loss,42,1:10,TAGCN,focal_loss,GNNExplainer,170185,True,0.5951801538467407,,1,0.8721121069853464,,0.4820126361293542,,menos_de_2_aristas,,menos_de_2_aristas,1.751781344413757
1:10_TAGCN_focal_loss,42,1:10,TAGCN,focal_loss,GNNExplainer,171111,False,0.487701952457428,,57,0.9854018985946874,,0.7615071909551916,0.0996370235934664,,0.2441622103386809,,1.7820864915847778
1:10_TAGCN_focal_loss,42,1:10,TAGCN,focal_loss,GNNExplainer,171381,True,0.6153278946876526,,1,0.9126594745642364,,0.5240535372848949,,menos_de_2_aristas,,menos_de_2_aristas,1.786213517189026
1:10_TAGCN_focal_loss,42,1:10,TAGCN,focal_loss,GNNExplainer,172466,True,0.5176430344581604,,6,0.9282585487906588,,0.762240418987447,0.0057142857142857,,0.6666666666666667,,1.7538080215454102
1:10_TAGCN_focal_loss,42,1:10,TAGCN,focal_loss,GNNExplainer,172476,False,0.3319680988788605,,1,0.7853336749163481,,0.4403624573946295,,menos_de_2_aristas,,menos_de_2_aristas,1.7877130508422852
1:10_TAGCN_focal_loss,42,1:10,TAGCN,focal_loss,GNNExplainer,172625,False,0.4754348993301391,,0,0.9016079381911832,,0.5519561060769806,,menos_de_2_aristas,,menos_de_2_aristas,1.7471835613250732
1:10_TAGCN_focal_loss,42,1:10,TAGCN,focal_loss,GNNExplainer,172800,False,0.3844119608402252,,0,0.8594554938989074,,0.5516119378169424,,menos_de_2_aristas,,menos_de_2_aristas,1.7069649696350098
1:10_TAGCN_focal_loss,42,1:10,TAGCN,focal_loss,GNNExplainer,173595,True,0.6118134260177612,,0,0.8716102213732982,,0.260593565549921,,menos_de_2_aristas,,menos_de_2_aristas,1.683716058731079
1:10_TAGCN_focal_loss,42,1:10,TAGCN,focal_loss,PGExplainer,139670,True,0.5406328439712524,,1,,no_aplica,,,menos_de_2_aristas,,menos_de_2_aristas,4.447166919708252
1:10_TAGCN_focal_loss,42,1:10,TAGCN,focal_loss,PGExplainer,139873,True,0.5570827722549438,,1,,no_aplica,,,menos_de_2_aristas,,menos_de_2_aristas,4.447119235992432
1:10_TAGCN_focal_loss,42,1:10,TAGCN,focal_loss,PGExplainer,140575,True,0.5458216667175293,,2,,no_aplica,,-0.1999999999999999,,0.4,,4.447315692901611
1:10_TAGCN_focal_loss,42,1:10,TAGCN,focal_loss,PGExplainer,141068,True,0.6492986679077148,,1,,no_aplica,,,menos_de_2_aristas,,menos_de_2_aristas,4.44707727432251
1:10_TAGCN_focal_loss,42,1:10,TAGCN,focal_loss,PGExplainer,148220,True,0.586551308631897,,2,,no_aplica,,3.700743415417188e-17,,0.6,,4.4470415115356445
1:10_TAGCN_focal_loss,42,1:10,TAGCN,focal_loss,PGExplainer,150129,False,0.3910229802131653,,0,,no_aplica,,,menos_de_2_aristas,,menos_de_2_aristas,4.445708274841309
1:10_TAGCN_focal_loss,42,1:10,TAGCN,focal_loss,PGExplainer,150346,True,0.6445441246032715,,0,,no_aplica,,,menos_de_2_aristas,,menos_de_2_aristas,4.445595264434815
1:10_TAGCN_focal_loss,42,1:10,TAGCN,focal_loss,PGExplainer,150528,True,0.5647762417793274,,3,,no_aplica,,-0.2,,0.5999999999999999,,4.447053909301758
1:10_TAGCN_focal_loss,42,1:10,TAGCN,focal_loss,PGExplainer,152223,True,0.5882506370544434,,2,,no_aplica,,-0.1999999999999999,,0.4,,4.447031497955322
1:10_TAGCN_focal_loss,42,1:10,TAGCN,focal_loss,PGExplainer,152280,True,0.5715758204460144,,1,,no_aplica,,,menos_de_2_aristas,,menos_de_2_aristas,4.446922779083252
1:10_TAGCN_focal_loss,42,1:10,TAGCN,focal_loss,PGExplainer,153599,False,0.4874158203601837,,3,,no_aplica,,-0.2,,0.5999999999999999,,4.44708251953125
1:10_TAGCN_focal_loss,42,1:10,TAGCN,focal_loss,PGExplainer,155856,True,0.5746881365776062,,2,,no_aplica,,-0.1999999999999999,,0.4,,4.447110176086426
1:10_TAGCN_focal_loss,42,1:10,TAGCN,focal_loss,PGExplainer,158611,False,0.4082387685775757,,3,,no_aplica,,-0.2,,0.5999999999999999,,4.447087287902832
1:10_TAGCN_focal_loss,42,1:10,TAGCN,focal_loss,PGExplainer,158949,True,0.5688250660896301,,2,,no_aplica,,-0.1999999999999999,,0.4,,4.44704008102417
1:10_TAGCN_focal_loss,42,1:10,TAGCN,focal_loss,PGExplainer,159862,False,0.4020722508430481,,0,,no_aplica,,,menos_de_2_aristas,,menos_de_2_aristas,4.44559383392334
1:10_TAGCN_focal_loss,42,1:10,TAGCN,focal_loss,PGExplainer,161504,True,0.5297020077705383,,3,,no_aplica,,-0.2,,0.5999999999999999,,4.4470977783203125
1:10_TAGCN_focal_loss,42,1:10,TAGCN,focal_loss,PGExplainer,163852,False,0.4262979924678802,,3,,no_aplica,,-0.2,,0.5999999999999999,,4.447004795074463
1:10_TAGCN_focal_loss,42,1:10,TAGCN,focal_loss,PGExplainer,165001,True,0.5593767762184143,,1,,no_aplica,,,menos_de_2_aristas,,menos_de_2_aristas,4.447009563446045
1:10_TAGCN_focal_loss,42,1:10,TAGCN,focal_loss,PGExplainer,168077,False,0.4868277311325073,,1,,no_aplica,,,menos_de_2_aristas,,menos_de_2_aristas,4.446976184844971
1:10_TAGCN_focal_loss,42,1:10,TAGCN,focal_loss,PGExplainer,168167,True,0.6364533305168152,,1,,no_aplica,,,menos_de_2_aristas,,menos_de_2_aristas,4.447000503540039
1:10_TAGCN_focal_loss,42,1:10,TAGCN,focal_loss,PGExplainer,168250,True,0.5260257720947266,,1,,no_aplica,,,menos_de_2_aristas,,menos_de_2_aristas,4.446972370147705
1:10_TAGCN_focal_loss,42,1:10,TAGCN,focal_loss,PGExplainer,170168,False,0.3929884433746338,,3,,no_aplica,,-0.2,,0.5999999999999999,,4.447083950042725
1:10_TAGCN_focal_loss,42,1:10,TAGCN,focal_loss,PGExplainer,170185,True,0.5951801538467407,,2,,no_aplica,,0.1999999999999999,,0.6,,4.447047233581543
1:10_TAGCN_focal_loss,42,1:10,TAGCN,focal_loss,PGExplainer,171111,False,0.487701952457428,,3,,no_aplica,,-0.2,,0.5999999999999999,,4.447195053100586
1:10_TAGCN_focal_loss,42,1:10,TAGCN,focal_loss,PGExplainer,171381,True,0.6153278946876526,,2,,no_aplica,,-0.1999999999999999,,0.4,,4.447087287902832
1:10_TAGCN_focal_loss,42,1:10,TAGCN,focal_loss,PGExplainer,172466,True,0.5176430344581604,,3,,no_aplica,,-0.1,,0.5333333333333333,,4.447090148925781
1:10_TAGCN_focal_loss,42,1:10,TAGCN,focal_loss,PGExplainer,172476,False,0.3319680988788605,,2,,no_aplica,,1.0,,1.0,,4.447007656097412
1:10_TAGCN_focal_loss,42,1:10,TAGCN,focal_loss,PGExplainer,172625,False,0.4754348993301391,,1,,no_aplica,,,menos_de_2_aristas,,menos_de_2_aristas,4.446970939636231
1:10_TAGCN_focal_loss,42,1:10,TAGCN,focal_loss,PGExplainer,172800,False,0.3844119608402252,,1,,no_aplica,,,menos_de_2_aristas,,menos_de_2_aristas,4.447065830230713
1:10_TAGCN_focal_loss,42,1:10,TAGCN,focal_loss,PGExplainer,173595,True,0.6118134260177612,,1,,no_aplica,,,menos_de_2_aristas,,menos_de_2_aristas,4.446978569030762
1:10_TAGCN_focal_loss,42,1:10,TAGCN,focal_loss,ShapleyFeatures,139670,True,0.5406328439712524,,0,0.9950214092140924,,0.9678925929004903,,no_aplica,,no_aplica,0.895009458065033
1:10_TAGCN_focal_loss,42,1:10,TAGCN,focal_loss,ShapleyFeatures,139873,True,0.5570827722549438,,0,0.9932587145031576,,0.9177055449330784,,no_aplica,,no_aplica,0.8997017741203308
1:10_TAGCN_focal_loss,42,1:10,TAGCN,focal_loss,ShapleyFeatures,140575,True,0.5458216667175293,,0,0.995136399669604,,0.913046803558068,,no_aplica,,no_aplica,0.902777135372162
1:10_TAGCN_focal_loss,42,1:10,TAGCN,focal_loss,ShapleyFeatures,141068,True,0.6492986679077148,,0,0.9998950851038388,,0.9999900241084048,,no_aplica,,no_aplica,0.902246594429016
1:10_TAGCN_focal_loss,42,1:10,TAGCN,focal_loss,ShapleyFeatures,148220,True,0.586551308631897,,0,0.9990751784456532,,0.9640327541774047,,no_aplica,,no_aplica,0.9033275842666626
1:10_TAGCN_focal_loss,42,1:10,TAGCN,focal_loss,ShapleyFeatures,150129,False,0.3910229802131653,,0,,vector_constante,,,no_aplica,,no_aplica,0.6784462332725525
1:10_TAGCN_focal_loss,42,1:10,TAGCN,focal_loss,ShapleyFeatures,150346,True,0.6445441246032715,,0,,vector_constante,,,no_aplica,,no_aplica,0.6787700653076172
1:10_TAGCN_focal_loss,42,1:10,TAGCN,focal_loss,ShapleyFeatures,150528,True,0.5647762417793274,,0,0.9980845070422534,,0.9485036162607032,,no_aplica,,no_aplica,0.9019374847412108
1:10_TAGCN_focal_loss,42,1:10,TAGCN,focal_loss,ShapleyFeatures,152223,True,0.5882506370544434,,0,0.9977957918415492,,0.9821589492060854,,no_aplica,,no_aplica,0.9109292030334472
1:10_TAGCN_focal_loss,42,1:10,TAGCN,focal_loss,ShapleyFeatures,152280,True,0.5715758204460144,,0,0.9888726572993282,,0.9635497547593316,,no_aplica,,no_aplica,0.8933632373809814
1:10_TAGCN_focal_loss,42,1:10,TAGCN,focal_loss,ShapleyFeatures,153599,False,0.4874158203601837,,0,0.9980044380703672,,0.9541823925513344,,no_aplica,,no_aplica,0.9259185791015624
1:10_TAGCN_focal_loss,42,1:10,TAGCN,focal_loss,ShapleyFeatures,155856,True,0.5746881365776062,,0,0.9963153227737124,,0.9310474686175076,,no_aplica,,no_aplica,0.9188807606697084
1:10_TAGCN_focal_loss,42,1:10,TAGCN,focal_loss,ShapleyFeatures,158611,False,0.4082387685775757,,0,,vector_constante,,,no_aplica,,no_aplica,0.9069061279296876
1:10_TAGCN_focal_loss,42,1:10,TAGCN,focal_loss,ShapleyFeatures,158949,True,0.5688250660896301,,0,0.9977643609764592,,0.959249314157453,,no_aplica,,no_aplica,0.8989547491073608
1:10_TAGCN_focal_loss,42,1:10,TAGCN,focal_loss,ShapleyFeatures,159862,False,0.4020722508430481,,0,,vector_constante,,,no_aplica,,no_aplica,0.6766279935836792
1:10_TAGCN_focal_loss,42,1:10,TAGCN,focal_loss,ShapleyFeatures,161504,True,0.5297020077705383,,0,0.993576471569576,,0.9997497713858176,,no_aplica,,no_aplica,0.8977084755897522
1:10_TAGCN_focal_loss,42,1:10,TAGCN,focal_loss,ShapleyFeatures,163852,False,0.4262979924678802,,0,0.9924655952688544,,0.8904771801479759,,no_aplica,,no_aplica,0.9113818407058716
1:10_TAGCN_focal_loss,42,1:10,TAGCN,focal_loss,ShapleyFeatures,165001,True,0.5593767762184143,,0,0.9955436805865944,,0.9478493640369108,,no_aplica,,no_aplica,0.8949460983276367
1:10_TAGCN_focal_loss,42,1:10,TAGCN,focal_loss,ShapleyFeatures,168077,False,0.4868277311325073,,0,0.970653388584414,,0.9146928256712944,,no_aplica,,no_aplica,0.8994370102882385
1:10_TAGCN_focal_loss,42,1:10,TAGCN,focal_loss,ShapleyFeatures,168167,True,0.6364533305168152,,0,0.9998806684260784,,0.9999733976224128,,no_aplica,,no_aplica,0.8954629302024841
1:10_TAGCN_focal_loss,42,1:10,TAGCN,focal_loss,ShapleyFeatures,168250,True,0.5260257720947266,,0,0.9891084526098411,,0.9337550918613352,,no_aplica,,no_aplica,0.9011830687522888
1:10_TAGCN_focal_loss,42,1:10,TAGCN,focal_loss,ShapleyFeatures,170168,False,0.3929884433746338,,0,0.9953653828802228,,0.9259547759581016,,no_aplica,,no_aplica,0.8977681398391724
1:10_TAGCN_focal_loss,42,1:10,TAGCN,focal_loss,ShapleyFeatures,170185,True,0.5951801538467407,,0,0.9961811045672504,,0.9641366697148556,,no_aplica,,no_aplica,0.9150071144104004
1:10_TAGCN_focal_loss,42,1:10,TAGCN,focal_loss,ShapleyFeatures,171111,False,0.487701952457428,,0,0.9928597686955062,,0.8618388893507358,,no_aplica,,no_aplica,2.964559316635132
1:10_TAGCN_focal_loss,42,1:10,TAGCN,focal_loss,ShapleyFeatures,171381,True,0.6153278946876526,,0,0.9987528585736956,,0.9684961343420068,,no_aplica,,no_aplica,0.9052503108978271
1:10_TAGCN_focal_loss,42,1:10,TAGCN,focal_loss,ShapleyFeatures,172466,True,0.5176430344581604,,0,0.9964309819950896,,0.9688901820600216,,no_aplica,,no_aplica,0.9088480472564696
1:10_TAGCN_focal_loss,42,1:10,TAGCN,focal_loss,ShapleyFeatures,172476,False,0.3319680988788605,,0,,vector_constante,,,no_aplica,,no_aplica,0.900935709476471
1:10_TAGCN_focal_loss,42,1:10,TAGCN,focal_loss,ShapleyFeatures,172625,False,0.4754348993301391,,0,0.9919280383943184,,0.9169432205503366,,no_aplica,,no_aplica,0.9016905426979064
1:10_TAGCN_focal_loss,42,1:10,TAGCN,focal_loss,ShapleyFeatures,172800,False,0.3844119608402252,,0,0.997484602648562,,0.9998486989774712,,no_aplica,,no_aplica,0.8940078020095825
1:10_TAGCN_focal_loss,42,1:10,TAGCN,focal_loss,ShapleyFeatures,173595,True,0.6118134260177612,,0,0.9999372870624416,,0.9731432371768228,,no_aplica,,no_aplica,0.8989239931106567
1:10_TAGCN_none,42,1:10,TAGCN,none,GNNExplainer,139670,False,0.2401373088359832,,0,0.9479181782498544,,0.9484271344251394,,menos_de_2_aristas,,menos_de_2_aristas,1.473646640777588
1:10_TAGCN_none,42,1:10,TAGCN,none,GNNExplainer,139873,True,0.6630600094795227,,0,0.9533296195680584,,0.8971502203009394,,menos_de_2_aristas,,menos_de_2_aristas,1.5364129543304443
1:10_TAGCN_none,42,1:10,TAGCN,none,GNNExplainer,140575,True,0.6771948337554932,,1,0.9625467852803384,,0.931495552414997,,menos_de_2_aristas,,menos_de_2_aristas,1.5342170000076294
1:10_TAGCN_none,42,1:10,TAGCN,none,GNNExplainer,141068,True,0.7125811576843262,,0,0.9484897639219708,,0.8124382741707541,,menos_de_2_aristas,,menos_de_2_aristas,1.5348851680755615
1:10_TAGCN_none,42,1:10,TAGCN,none,GNNExplainer,148220,True,0.8751875758171082,,1,0.939950170763115,,0.7890290132180564,,menos_de_2_aristas,,menos_de_2_aristas,1.5216362476348877
1:10_TAGCN_none,42,1:10,TAGCN,none,GNNExplainer,150129,False,0.0362074561417102,,0,0.8977117940557202,,0.9542272840635132,,menos_de_2_aristas,,menos_de_2_aristas,1.3346328735351562
1:10_TAGCN_none,42,1:10,TAGCN,none,GNNExplainer,150346,False,0.3022806346416473,,0,0.9425359215200244,,0.894202344334525,,menos_de_2_aristas,,menos_de_2_aristas,1.3314152956008911
1:10_TAGCN_none,42,1:10,TAGCN,none,GNNExplainer,150528,True,0.8512986302375793,,2,0.9686898829852753,,0.6270579433036827,-0.1999999999999999,,0.4,,1.5326931476593018
1:10_TAGCN_none,42,1:10,TAGCN,none,GNNExplainer,152223,True,0.6431236863136292,,1,0.9707449139280124,,0.8528813700224458,,menos_de_2_aristas,,menos_de_2_aristas,1.5537233352661133
1:10_TAGCN_none,42,1:10,TAGCN,none,GNNExplainer,152280,False,0.4209998846054077,,0,0.9499803111722996,,0.9359988361459805,,menos_de_2_aristas,,menos_de_2_aristas,1.4702880382537842
1:10_TAGCN_none,42,1:10,TAGCN,none,GNNExplainer,153599,False,0.1182592436671257,,9,0.9790440842783156,,0.8167819436362125,-0.0833333333333333,,0.8,,1.5594990253448486
1:10_TAGCN_none,42,1:10,TAGCN,none,GNNExplainer,155856,True,0.841037929058075,,1,0.9299520826640968,,0.7790090614348657,,menos_de_2_aristas,,menos_de_2_aristas,1.5456571578979492
1:10_TAGCN_none,42,1:10,TAGCN,none,GNNExplainer,158611,False,0.0638736486434936,,1,0.852073291692357,,0.8616792750852108,,menos_de_2_aristas,,menos_de_2_aristas,1.5345797538757324
1:10_TAGCN_none,42,1:10,TAGCN,none,GNNExplainer,158949,True,0.7648688554763794,,1,0.9572019829375146,,0.8660312577936654,,menos_de_2_aristas,,menos_de_2_aristas,1.5291489362716677
1:10_TAGCN_none,42,1:10,TAGCN,none,GNNExplainer,159862,False,0.0576812103390693,,0,0.9233314565377452,,0.9181561227034664,,menos_de_2_aristas,,menos_de_2_aristas,1.3182564973831177
1:10_TAGCN_none,42,1:10,TAGCN,none,GNNExplainer,161504,True,0.9305288791656494,,2,0.9382151170404104,,0.7875941474769308,-0.1999999999999999,,0.4,,1.507310152053833
1:10_TAGCN_none,42,1:10,TAGCN,none,GNNExplainer,163852,False,0.4445744454860687,,3,0.970250125371822,,0.7635730318397206,0.2,,0.5333333333333333,,1.5624094009399414
1:10_TAGCN_none,42,1:10,TAGCN,none,GNNExplainer,165001,False,0.1773659735918045,,0,0.9455062862036564,,0.903782525563222,,menos_de_2_aristas,,menos_de_2_aristas,1.480101227760315
1:10_TAGCN_none,42,1:10,TAGCN,none,GNNExplainer,168077,False,0.3638119697570801,,0,0.9166620420327836,,0.8515894920608529,,menos_de_2_aristas,,menos_de_2_aristas,1.4880157709121704
1:10_TAGCN_none,42,1:10,TAGCN,none,GNNExplainer,168167,True,0.5936368703842163,,0,0.9423954832242468,,0.7983356887521823,,menos_de_2_aristas,,menos_de_2_aristas,1.4975873231887815
1:10_TAGCN_none,42,1:10,TAGCN,none,GNNExplainer,168250,False,0.0782665386795997,,0,0.9388384096024008,,0.92591487239172,,menos_de_2_aristas,,menos_de_2_aristas,1.4799671173095703
1:10_TAGCN_none,42,1:10,TAGCN,none,GNNExplainer,170168,True,0.619629979133606,,4,0.9727738666254062,,0.7386906642281155,0.3999999999999999,,0.8,,1.5253548622131348
1:10_TAGCN_none,42,1:10,TAGCN,none,GNNExplainer,170185,True,0.5763144493103027,,1,0.945049082373026,,0.8140618505278908,,menos_de_2_aristas,,menos_de_2_aristas,1.5259699821472168
1:10_TAGCN_none,42,1:10,TAGCN,none,GNNExplainer,171111,True,0.6944652795791626,,58,0.9933211248378768,,0.8730675866655583,0.1410686271494047,,0.2711876832844574,,1.5493470430374146
1:10_TAGCN_none,42,1:10,TAGCN,none,GNNExplainer,171381,True,0.8304053544998169,,1,0.9525527222378436,,0.8856995593981212,,menos_de_2_aristas,,menos_de_2_aristas,1.5438486337661743
1:10_TAGCN_none,42,1:10,TAGCN,none,GNNExplainer,172466,True,0.9376255869865416,,6,0.9629997219905476,,0.8686757003907225,0.0685714285714285,,0.7,,1.542679786682129
1:10_TAGCN_none,42,1:10,TAGCN,none,GNNExplainer,172476,False,0.1059404537081718,,1,0.9495822373510754,,0.7582068334857428,,menos_de_2_aristas,,menos_de_2_aristas,1.5642573833465576
1:10_TAGCN_none,42,1:10,TAGCN,none,GNNExplainer,172625,False,0.0391188152134418,,0,0.9114094834116044,,0.6688901820600217,,menos_de_2_aristas,,menos_de_2_aristas,1.5349702835083008
1:10_TAGCN_none,42,1:10,TAGCN,none,GNNExplainer,172800,False,0.1286798566579818,,0,0.9065186802698464,,0.9262316069498712,,menos_de_2_aristas,,menos_de_2_aristas,1.4655311107635498
1:10_TAGCN_none,42,1:10,TAGCN,none,GNNExplainer,173595,False,0.299503892660141,,0,0.9408481486923304,,0.8615487571701722,,menos_de_2_aristas,,menos_de_2_aristas,1.437039852142334
1:10_TAGCN_none,42,1:10,TAGCN,none,PGExplainer,139670,False,0.2401373088359832,,1,,no_aplica,,,menos_de_2_aristas,,menos_de_2_aristas,3.889858722686768
1:10_TAGCN_none,42,1:10,TAGCN,none,PGExplainer,139873,True,0.6630600094795227,,1,,no_aplica,,,menos_de_2_aristas,,menos_de_2_aristas,3.8897547721862793
1:10_TAGCN_none,42,1:10,TAGCN,none,PGExplainer,140575,True,0.6771948337554932,,2,,no_aplica,,-0.3333333333333333,,0.4,,3.8896989822387695
1:10_TAGCN_none,42,1:10,TAGCN,none,PGExplainer,141068,True,0.7125811576843262,,1,,no_aplica,,,menos_de_2_aristas,,menos_de_2_aristas,3.889526844024658
1:10_TAGCN_none,42,1:10,TAGCN,none,PGExplainer,148220,True,0.8751875758171082,,2,,no_aplica,,0.1999999999999999,,0.6,,3.889561176300049
1:10_TAGCN_none,42,1:10,TAGCN,none,PGExplainer,150129,False,0.0362074561417102,,0,,no_aplica,,,menos_de_2_aristas,,menos_de_2_aristas,3.888291597366333
1:10_TAGCN_none,42,1:10,TAGCN,none,PGExplainer,150346,False,0.3022806346416473,,0,,no_aplica,,,menos_de_2_aristas,,menos_de_2_aristas,3.88822340965271
1:10_TAGCN_none,42,1:10,TAGCN,none,PGExplainer,150528,True,0.8512986302375793,,3,,no_aplica,,-0.2440169358562924,,0.7333333333333333,,3.889734268188477
1:10_TAGCN_none,42,1:10,TAGCN,none,PGExplainer,152223,True,0.6431236863136292,,2,,no_aplica,,1.0,,1.0,,3.8895416259765625
1:10_TAGCN_none,42,1:10,TAGCN,none,PGExplainer,152280,False,0.4209998846054077,,1,,no_aplica,,,menos_de_2_aristas,,menos_de_2_aristas,3.889583110809326
1:10_TAGCN_none,42,1:10,TAGCN,none,PGExplainer,153599,False,0.1182592436671257,,3,,no_aplica,,0.5,,0.5999999999999999,,3.889613151550293
1:10_TAGCN_none,42,1:10,TAGCN,none,PGExplainer,155856,True,0.841037929058075,,2,,no_aplica,,1.0,,1.0,,3.889552354812622
1:10_TAGCN_none,42,1:10,TAGCN,none,PGExplainer,158611,False,0.0638736486434936,,3,,no_aplica,,1.0,,0.5999999999999999,,3.889546394348145
1:10_TAGCN_none,42,1:10,TAGCN,none,PGExplainer,158949,True,0.7648688554763794,,2,,no_aplica,,-0.3333333333333333,,0.6,,3.889606714248657
1:10_TAGCN_none,42,1:10,TAGCN,none,PGExplainer,159862,False,0.0576812103390693,,0,,no_aplica,,,menos_de_2_aristas,,menos_de_2_aristas,3.888294219970703
1:10_TAGCN_none,42,1:10,TAGCN,none,PGExplainer,161504,True,0.9305288791656494,,3,,no_aplica,,-0.1196152422706632,,0.5999999999999999,,3.889665365219116
1:10_TAGCN_none,42,1:10,TAGCN,none,PGExplainer,163852,False,0.4445744454860687,,3,,no_aplica,,1.0,,0.5999999999999999,,3.8896617889404297
1:10_TAGCN_none,42,1:10,TAGCN,none,PGExplainer,165001,False,0.1773659735918045,,1,,no_aplica,,,menos_de_2_aristas,,menos_de_2_aristas,3.8895859718322754
1:10_TAGCN_none,42,1:10,TAGCN,none,PGExplainer,168077,False,0.3638119697570801,,1,,no_aplica,,,menos_de_2_aristas,,menos_de_2_aristas,3.8894784450531006
1:10_TAGCN_none,42,1:10,TAGCN,none,PGExplainer,168167,True,0.5936368703842163,,1,,no_aplica,,,menos_de_2_aristas,,menos_de_2_aristas,3.88956618309021
1:10_TAGCN_none,42,1:10,TAGCN,none,PGExplainer,168250,False,0.0782665386795997,,1,,no_aplica,,,menos_de_2_aristas,,menos_de_2_aristas,3.8895437717437744
1:10_TAGCN_none,42,1:10,TAGCN,none,PGExplainer,170168,True,0.619629979133606,,3,,no_aplica,,0.5,,0.7333333333333332,,3.889617443084717
1:10_TAGCN_none,42,1:10,TAGCN,none,PGExplainer,170185,True,0.5763144493103027,,2,,no_aplica,,-0.3333333333333333,,0.4,,3.88972282409668
1:10_TAGCN_none,42,1:10,TAGCN,none,PGExplainer,171111,True,0.6944652795791626,,3,,no_aplica,,-0.2440169358562924,,0.5999999999999999,,3.8897526264190674
1:10_TAGCN_none,42,1:10,TAGCN,none,PGExplainer,171381,True,0.8304053544998169,,2,,no_aplica,,-0.1999999999999999,,0.4,,3.893336057662964
1:10_TAGCN_none,42,1:10,TAGCN,none,PGExplainer,172466,True,0.9376255869865416,,3,,no_aplica,,-0.2440169358562924,,0.5999999999999999,,3.893065929412842
1:10_TAGCN_none,42,1:10,TAGCN,none,PGExplainer,172476,False,0.1059404537081718,,2,,no_aplica,,-1.0,,0.6,,3.8898775577545166
1:10_TAGCN_none,42,1:10,TAGCN,none,PGExplainer,172625,False,0.0391188152134418,,1,,no_aplica,,,menos_de_2_aristas,,menos_de_2_aristas,3.890048265457153
1:10_TAGCN_none,42,1:10,TAGCN,none,PGExplainer,172800,False,0.1286798566579818,,1,,no_aplica,,,menos_de_2_aristas,,menos_de_2_aristas,3.889829635620117
1:10_TAGCN_none,42,1:10,TAGCN,none,PGExplainer,173595,False,0.299503892660141,,1,,no_aplica,,,menos_de_2_aristas,,menos_de_2_aristas,3.889451265335083
1:10_TAGCN_none,42,1:10,TAGCN,none,ShapleyFeatures,139670,False,0.2401373088359832,,0,0.9965162601626018,,0.9632064178235932,,no_aplica,,no_aplica,0.8644810914993286
1:10_TAGCN_none,42,1:10,TAGCN,none,ShapleyFeatures,139873,True,0.6630600094795227,,0,0.9961912599786024,,0.9811846371269434,,no_aplica,,no_aplica,0.8613430261611938
1:10_TAGCN_none,42,1:10,TAGCN,none,ShapleyFeatures,140575,True,0.6771948337554932,,0,0.997501193949968,,0.9689142904647104,,no_aplica,,no_aplica,0.865792989730835
1:10_TAGCN_none,42,1:10,TAGCN,none,ShapleyFeatures,141068,True,0.7125811576843262,,0,0.9999282496910752,,0.999970072325214,,no_aplica,,no_aplica,0.8604679703712463
1:10_TAGCN_none,42,1:10,TAGCN,none,ShapleyFeatures,148220,True,0.8751875758171082,,0,0.9994170277418264,,0.9999517831906228,,no_aplica,,no_aplica,0.8645899891853333
1:10_TAGCN_none,42,1:10,TAGCN,none,ShapleyFeatures,150129,False,0.0362074561417102,,0,,vector_constante,,,no_aplica,,no_aplica,0.6484429240226746
1:10_TAGCN_none,42,1:10,TAGCN,none,ShapleyFeatures,150346,False,0.3022806346416473,,0,,vector_constante,,,no_aplica,,no_aplica,0.6488862037658691
1:10_TAGCN_none,42,1:10,TAGCN,none,ShapleyFeatures,150528,True,0.8512986302375793,,0,0.9976195760421112,,0.8987156039571037,,no_aplica,,no_aplica,0.8638986945152283
1:10_TAGCN_none,42,1:10,TAGCN,none,ShapleyFeatures,152223,True,0.6431236863136292,,0,0.9986972265657148,,0.9414805885776042,,no_aplica,,no_aplica,0.8624580502510071
1:10_TAGCN_none,42,1:10,TAGCN,none,ShapleyFeatures,152280,False,0.4209998846054077,,0,0.9939681789512912,,0.9536636461883784,,no_aplica,,no_aplica,0.8564705848693848
1:10_TAGCN_none,42,1:10,TAGCN,none,ShapleyFeatures,153599,False,0.1182592436671257,,0,0.9955600132047456,,0.9546953196441932,,no_aplica,,no_aplica,0.869688868522644
1:10_TAGCN_none,42,1:10,TAGCN,none,ShapleyFeatures,155856,True,0.841037929058075,,0,0.9963102404602968,,0.949676614847452,,no_aplica,,no_aplica,0.8574070334434509
1:10_TAGCN_none,42,1:10,TAGCN,none,ShapleyFeatures,158611,False,0.0638736486434936,,0,0.9932108317473392,,0.9449181145564884,,no_aplica,,no_aplica,0.8686968088150024
1:10_TAGCN_none,42,1:10,TAGCN,none,ShapleyFeatures,158949,True,0.7648688554763794,,0,0.9989022089344284,,0.9732488153628732,,no_aplica,,no_aplica,0.8596518635749817
1:10_TAGCN_none,42,1:10,TAGCN,none,ShapleyFeatures,159862,False,0.0576812103390693,,0,,vector_constante,,,no_aplica,,no_aplica,0.6466901898384094
1:10_TAGCN_none,42,1:10,TAGCN,none,ShapleyFeatures,161504,True,0.9305288791656494,,0,0.9968293821609012,,0.9499093856513428,,no_aplica,,no_aplica,0.865548312664032
1:10_TAGCN_none,42,1:10,TAGCN,none,ShapleyFeatures,163852,False,0.4445744454860687,,0,0.9973645672759306,,0.9550029096350487,,no_aplica,,no_aplica,0.8612844944000244
1:10_TAGCN_none,42,1:10,TAGCN,none,ShapleyFeatures,165001,False,0.1773659735918045,,0,0.9975632111072764,,0.8974320392385071,,no_aplica,,no_aplica,0.858027994632721
1:10_TAGCN_none,42,1:10,TAGCN,none,ShapleyFeatures,168077,False,0.3638119697570801,,0,0.9861700307445532,,0.8777338099592651,,no_aplica,,no_aplica,0.8603029251098633
1:10_TAGCN_none,42,1:10,TAGCN,none,ShapleyFeatures,168167,True,0.5936368703842163,,0,0.9997698000843502,,0.9822229611771552,,no_aplica,,no_aplica,0.8567061424255371
1:10_TAGCN_none,42,1:10,TAGCN,none,ShapleyFeatures,168250,False,0.0782665386795997,,0,0.9921669159011608,,0.9158242580430628,,no_aplica,,no_aplica,0.8630601763725281
1:10_TAGCN_none,42,1:10,TAGCN,none,ShapleyFeatures,170168,True,0.619629979133606,,0,0.9994256286418344,,0.9685443511513844,,no_aplica,,no_aplica,0.8621629476547241
1:10_TAGCN_none,42,1:10,TAGCN,none,ShapleyFeatures,170185,True,0.5763144493103027,,0,0.996653963634078,,0.9684263031008398,,no_aplica,,no_aplica,0.8622307181358337
1:10_TAGCN_none,42,1:10,TAGCN,none,ShapleyFeatures,171111,True,0.6944652795791626,,0,0.9917439157962228,,0.8922969490398204,,no_aplica,,no_aplica,2.076120376586914
1:10_TAGCN_none,42,1:10,TAGCN,none,ShapleyFeatures,171381,True,0.8304053544998169,,0,0.9978806460213002,,0.9413650344999585,,no_aplica,,no_aplica,0.8626618385314941
1:10_TAGCN_none,42,1:10,TAGCN,none,ShapleyFeatures,172466,True,0.9376255869865416,,0,0.9987684992403352,,0.9676249064760164,,no_aplica,,no_aplica,0.8581050038337708
1:10_TAGCN_none,42,1:10,TAGCN,none,ShapleyFeatures,172476,False,0.1059404537081718,,0,0.9937643144925354,,0.9353055116801062,,no_aplica,,no_aplica,0.8614088892936707
1:10_TAGCN_none,42,1:10,TAGCN,none,ShapleyFeatures,172625,False,0.0391188152134418,,0,0.9935864288290286,,0.9218563471610276,,no_aplica,,no_aplica,0.8583710789680481
1:10_TAGCN_none,42,1:10,TAGCN,none,ShapleyFeatures,172800,False,0.1286798566579818,,0,0.9980066544214174,,0.9728780447252476,,no_aplica,,no_aplica,0.8616917133331299
1:10_TAGCN_none,42,1:10,TAGCN,none,ShapleyFeatures,173595,False,0.299503892660141,,0,0.9998830162510932,,0.9999600964336188,,no_aplica,,no_aplica,0.8608559966087341
1:10_os_TAGCN_class_weighting,42,1:10_os,TAGCN,class_weighting,GNNExplainer,139670,False,0.3764412701129913,,0,0.9775611670809892,,0.8925737800315904,,menos_de_2_aristas,,menos_de_2_aristas,1.6530011892318726
1:10_os_TAGCN_class_weighting,42,1:10_os,TAGCN,class_weighting,GNNExplainer,139873,True,0.8969367146492004,,0,0.9644849540234864,,0.8360861251974395,,menos_de_2_aristas,,menos_de_2_aristas,1.4337830543518066
1:10_os_TAGCN_class_weighting,42,1:10_os,TAGCN,class_weighting,GNNExplainer,140575,True,0.8594920635223389,,1,0.960314879658062,,0.9088976639787182,,menos_de_2_aristas,,menos_de_2_aristas,1.4703537225723269
1:10_os_TAGCN_class_weighting,42,1:10_os,TAGCN,class_weighting,GNNExplainer,141068,True,0.9817357659339904,,0,0.9051946211595864,,0.567310665890764,,menos_de_2_aristas,,menos_de_2_aristas,1.4367551803588867
1:10_os_TAGCN_class_weighting,42,1:10_os,TAGCN,class_weighting,GNNExplainer,148220,True,0.9724681973457336,,1,0.9383421980852136,,0.7973389309169507,,menos_de_2_aristas,,menos_de_2_aristas,1.475045919418335
1:10_os_TAGCN_class_weighting,42,1:10_os,TAGCN,class_weighting,GNNExplainer,150129,False,0.1167063042521476,,0,0.9728549146446904,,0.9312744201513012,,menos_de_2_aristas,,menos_de_2_aristas,1.248340368270874
1:10_os_TAGCN_class_weighting,42,1:10_os,TAGCN,class_weighting,GNNExplainer,150346,False,0.1998475939035415,,0,0.97596208161345,,0.8982883032671045,,menos_de_2_aristas,,menos_de_2_aristas,1.24270761013031
1:10_os_TAGCN_class_weighting,42,1:10_os,TAGCN,class_weighting,GNNExplainer,150528,True,0.9950267672538756,,2,0.964263199148984,,0.7127940809709868,-0.1999999999999999,,0.4,,1.4758857488632202
1:10_os_TAGCN_class_weighting,42,1:10_os,TAGCN,class_weighting,GNNExplainer,152223,True,0.7304937839508057,,1,0.9723690425380566,,0.8025604788427966,,menos_de_2_aristas,,menos_de_2_aristas,1.480265736579895
1:10_os_TAGCN_class_weighting,42,1:10_os,TAGCN,class_weighting,GNNExplainer,152280,True,0.9708327054977416,,0,0.9402990333229708,,0.8764810042397538,,menos_de_2_aristas,,menos_de_2_aristas,1.4258456230163574
1:10_os_TAGCN_class_weighting,42,1:10_os,TAGCN,class_weighting,GNNExplainer,153599,False,0.1582205593585968,,9,0.9907740127431228,,0.8315612270346662,0.0216666666666666,,0.8,,1.4809448719024658
1:10_os_TAGCN_class_weighting,42,1:10_os,TAGCN,class_weighting,GNNExplainer,155856,False,0.3164980113506317,,1,0.9531365777920546,,0.8394970487987365,,menos_de_2_aristas,,menos_de_2_aristas,1.522708773612976
1:10_os_TAGCN_class_weighting,42,1:10_os,TAGCN,class_weighting,GNNExplainer,158611,False,5.79415700485697e-06,,1,0.6133278824759403,,0.2809103001080721,,menos_de_2_aristas,,menos_de_2_aristas,1.5287503004074097
1:10_os_TAGCN_class_weighting,42,1:10_os,TAGCN,class_weighting,GNNExplainer,158949,True,0.89554363489151,,1,0.971064387825686,,0.8436220799733976,,menos_de_2_aristas,,menos_de_2_aristas,1.51826810836792
1:10_os_TAGCN_class_weighting,42,1:10_os,TAGCN,class_weighting,GNNExplainer,159862,False,0.4307387769222259,,0,0.9856522213145236,,0.9632155623908888,,menos_de_2_aristas,,menos_de_2_aristas,1.2748278379440308
1:10_os_TAGCN_class_weighting,42,1:10_os,TAGCN,class_weighting,GNNExplainer,161504,True,0.9986911416053772,,2,0.9630970610951208,,0.7918488652423311,-0.1999999999999999,,0.4,,1.524387240409851
1:10_os_TAGCN_class_weighting,42,1:10_os,TAGCN,class_weighting,GNNExplainer,163852,True,0.8593867421150208,,3,0.9844489479071494,,0.7050428132014299,0.35,,0.7333333333333333,,1.533682346343994
1:10_os_TAGCN_class_weighting,42,1:10_os,TAGCN,class_weighting,GNNExplainer,165001,True,0.5184829831123352,,0,0.9815095214872788,,0.9652631141408264,,menos_de_2_aristas,,menos_de_2_aristas,1.479323148727417
1:10_os_TAGCN_class_weighting,42,1:10_os,TAGCN,class_weighting,GNNExplainer,168077,True,0.8839643597602844,,0,0.9646114206434848,,0.9405478427134426,,menos_de_2_aristas,,menos_de_2_aristas,1.482051134109497
1:10_os_TAGCN_class_weighting,42,1:10_os,TAGCN,class_weighting,GNNExplainer,168167,True,0.7476188540458679,,0,0.9667297600094348,,0.903719344916452,,menos_de_2_aristas,,menos_de_2_aristas,1.4627103805541992
1:10_os_TAGCN_class_weighting,42,1:10_os,TAGCN,class_weighting,GNNExplainer,168250,False,0.0148498928174376,,0,0.9499834958739688,,0.8510973480754842,,menos_de_2_aristas,,menos_de_2_aristas,1.4822512865066528
1:10_os_TAGCN_class_weighting,42,1:10_os,TAGCN,class_weighting,GNNExplainer,170168,False,0.2117467522621154,,4,0.9911988019716628,,0.9059456313908054,0.04,,0.65,,1.5576958656311035
1:10_os_TAGCN_class_weighting,42,1:10_os,TAGCN,class_weighting,GNNExplainer,170185,False,0.4148431122303009,,1,0.9846828851899272,,0.9102976140992602,,menos_de_2_aristas,,menos_de_2_aristas,1.5824953317642212
1:10_os_TAGCN_class_weighting,42,1:10_os,TAGCN,class_weighting,GNNExplainer,171111,False,2.821079397108405e-05,,58,0.988901489196016,,0.9218696483498212,0.0718877849210987,,0.2552785923753665,,1.5366325378417969
1:10_os_TAGCN_class_weighting,42,1:10_os,TAGCN,class_weighting,GNNExplainer,171381,True,0.9571034908294678,,1,0.9730539522206187,,0.8943237176822677,,menos_de_2_aristas,,menos_de_2_aristas,1.556144118309021
1:10_os_TAGCN_class_weighting,42,1:10_os,TAGCN,class_weighting,GNNExplainer,172466,True,0.9992812275886536,,6,0.9692268557130944,,0.8258990772300274,-0.04,,0.7,,1.5665010213851929
1:10_os_TAGCN_class_weighting,42,1:10_os,TAGCN,class_weighting,GNNExplainer,172476,False,0.1673793047666549,,1,0.9764804049424198,,0.705312993598803,,menos_de_2_aristas,,menos_de_2_aristas,1.5397285223007202
1:10_os_TAGCN_class_weighting,42,1:10_os,TAGCN,class_weighting,GNNExplainer,172625,False,0.0357647538185119,,0,0.9481081654294806,,0.8491079890265192,,menos_de_2_aristas,,menos_de_2_aristas,1.4809948205947876
1:10_os_TAGCN_class_weighting,42,1:10_os,TAGCN,class_weighting,GNNExplainer,172800,True,0.5351440906524658,,0,0.9802245826132856,,0.9211306010474688,,menos_de_2_aristas,,menos_de_2_aristas,1.4614678621292114
1:10_os_TAGCN_class_weighting,42,1:10_os,TAGCN,class_weighting,GNNExplainer,173595,False,0.0633798465132713,,0,0.9502522284258988,,0.8727807797821929,,menos_de_2_aristas,,menos_de_2_aristas,1.5138064622879028
1:10_os_TAGCN_class_weighting,42,1:10_os,TAGCN,class_weighting,PGExplainer,139670,False,0.3764412701129913,,1,,no_aplica,,,menos_de_2_aristas,,menos_de_2_aristas,3.8775229454040527
1:10_os_TAGCN_class_weighting,42,1:10_os,TAGCN,class_weighting,PGExplainer,139873,True,0.8969367146492004,,1,,no_aplica,,,menos_de_2_aristas,,menos_de_2_aristas,3.876945972442627
1:10_os_TAGCN_class_weighting,42,1:10_os,TAGCN,class_weighting,PGExplainer,140575,True,0.8594920635223389,,2,,no_aplica,,0.1999999999999999,,0.6,,3.877150774002075
1:10_os_TAGCN_class_weighting,42,1:10_os,TAGCN,class_weighting,PGExplainer,141068,True,0.9817357659339904,,1,,no_aplica,,,menos_de_2_aristas,,menos_de_2_aristas,3.8769335746765137
1:10_os_TAGCN_class_weighting,42,1:10_os,TAGCN,class_weighting,PGExplainer,148220,True,0.9724681973457336,,2,,no_aplica,,0.1999999999999999,,0.6,,3.8769338130950928
1:10_os_TAGCN_class_weighting,42,1:10_os,TAGCN,class_weighting,PGExplainer,150129,False,0.1167063042521476,,0,,no_aplica,,,menos_de_2_aristas,,menos_de_2_aristas,3.8756844997406006
1:10_os_TAGCN_class_weighting,42,1:10_os,TAGCN,class_weighting,PGExplainer,150346,False,0.1998475939035415,,0,,no_aplica,,,menos_de_2_aristas,,menos_de_2_aristas,3.875681400299072
1:10_os_TAGCN_class_weighting,42,1:10_os,TAGCN,class_weighting,PGExplainer,150528,True,0.9950267672538756,,3,,no_aplica,,-0.1666666666666667,,0.4666666666666666,,3.876882076263428
1:10_os_TAGCN_class_weighting,42,1:10_os,TAGCN,class_weighting,PGExplainer,152223,True,0.7304937839508057,,2,,no_aplica,,-0.3333333333333333,,0.6,,3.876857042312622
1:10_os_TAGCN_class_weighting,42,1:10_os,TAGCN,class_weighting,PGExplainer,152280,True,0.9708327054977416,,1,,no_aplica,,,menos_de_2_aristas,,menos_de_2_aristas,3.876892328262329
1:10_os_TAGCN_class_weighting,42,1:10_os,TAGCN,class_weighting,PGExplainer,153599,False,0.1582205593585968,,3,,no_aplica,,-0.5,,0.7333333333333333,,3.877135038375856
1:10_os_TAGCN_class_weighting,42,1:10_os,TAGCN,class_weighting,PGExplainer,155856,False,0.3164980113506317,,2,,no_aplica,,-0.3333333333333333,,0.6,,3.876980781555176
1:10_os_TAGCN_class_weighting,42,1:10_os,TAGCN,class_weighting,PGExplainer,158611,False,5.79415700485697e-06,,3,,no_aplica,,1.0,,1.0,,3.876965999603272
1:10_os_TAGCN_class_weighting,42,1:10_os,TAGCN,class_weighting,PGExplainer,158949,True,0.89554363489151,,2,,no_aplica,,0.1999999999999999,,0.6,,3.876842975616455
1:10_os_TAGCN_class_weighting,42,1:10_os,TAGCN,class_weighting,PGExplainer,159862,False,0.4307387769222259,,0,,no_aplica,,,menos_de_2_aristas,,menos_de_2_aristas,3.875630140304565
1:10_os_TAGCN_class_weighting,42,1:10_os,TAGCN,class_weighting,PGExplainer,161504,True,0.9986911416053772,,3,,no_aplica,,0.1443375672974064,,0.7333333333333333,,3.876946210861206
1:10_os_TAGCN_class_weighting,42,1:10_os,TAGCN,class_weighting,PGExplainer,163852,True,0.8593867421150208,,3,,no_aplica,,-0.1443375672974065,,0.4666666666666666,,3.876975536346436
1:10_os_TAGCN_class_weighting,42,1:10_os,TAGCN,class_weighting,PGExplainer,165001,True,0.5184829831123352,,1,,no_aplica,,,menos_de_2_aristas,,menos_de_2_aristas,3.876966714859009
1:10_os_TAGCN_class_weighting,42,1:10_os,TAGCN,class_weighting,PGExplainer,168077,True,0.8839643597602844,,1,,no_aplica,,,menos_de_2_aristas,,menos_de_2_aristas,3.87683367729187
1:10_os_TAGCN_class_weighting,42,1:10_os,TAGCN,class_weighting,PGExplainer,168167,True,0.7476188540458679,,1,,no_aplica,,,menos_de_2_aristas,,menos_de_2_aristas,3.876861810684204
1:10_os_TAGCN_class_weighting,42,1:10_os,TAGCN,class_weighting,PGExplainer,168250,False,0.0148498928174376,,1,,no_aplica,,,menos_de_2_aristas,,menos_de_2_aristas,3.8768582344055176
1:10_os_TAGCN_class_weighting,42,1:10_os,TAGCN,class_weighting,PGExplainer,170168,False,0.2117467522621154,,3,,no_aplica,,0.5,,1.0,,3.876994609832764
1:10_os_TAGCN_class_weighting,42,1:10_os,TAGCN,class_weighting,PGExplainer,170185,False,0.4148431122303009,,2,,no_aplica,,-0.1999999999999999,,0.4,,3.8771395683288574
1:10_os_TAGCN_class_weighting,42,1:10_os,TAGCN,class_weighting,PGExplainer,171111,False,2.821079397108405e-05,,3,,no_aplica,,1.0,,0.5999999999999999,,3.877412796020508
1:10_os_TAGCN_class_weighting,42,1:10_os,TAGCN,class_weighting,PGExplainer,171381,True,0.9571034908294678,,2,,no_aplica,,-0.1999999999999999,,0.4,,3.876992702484131
1:10_os_TAGCN_class_weighting,42,1:10_os,TAGCN,class_weighting,PGExplainer,172466,True,0.9992812275886536,,3,,no_aplica,,-0.1666666666666667,,0.4666666666666666,,3.877110958099365
1:10_os_TAGCN_class_weighting,42,1:10_os,TAGCN,class_weighting,PGExplainer,172476,False,0.1673793047666549,,2,,no_aplica,,3.700743415417188e-17,,0.4,,3.876917123794556
1:10_os_TAGCN_class_weighting,42,1:10_os,TAGCN,class_weighting,PGExplainer,172625,False,0.0357647538185119,,1,,no_aplica,,,menos_de_2_aristas,,menos_de_2_aristas,3.876952648162842
1:10_os_TAGCN_class_weighting,42,1:10_os,TAGCN,class_weighting,PGExplainer,172800,True,0.5351440906524658,,1,,no_aplica,,,menos_de_2_aristas,,menos_de_2_aristas,3.876930713653565
1:10_os_TAGCN_class_weighting,42,1:10_os,TAGCN,class_weighting,PGExplainer,173595,False,0.0633798465132713,,1,,no_aplica,,,menos_de_2_aristas,,menos_de_2_aristas,3.8769240379333496
1:10_os_TAGCN_class_weighting,42,1:10_os,TAGCN,class_weighting,ShapleyFeatures,139670,False,0.3764412701129913,,0,0.9875674796747969,,0.8392434948873557,,no_aplica,,no_aplica,0.872589111328125
1:10_os_TAGCN_class_weighting,42,1:10_os,TAGCN,class_weighting,ShapleyFeatures,139873,True,0.8969367146492004,,0,0.9934757084464928,,0.960689167844376,,no_aplica,,no_aplica,0.8629080057144165
1:10_os_TAGCN_class_weighting,42,1:10_os,TAGCN,class_weighting,ShapleyFeatures,140575,True,0.8594920635223389,,0,0.9919636004199928,,0.9168908471194614,,no_aplica,,no_aplica,0.8678494095802307
1:10_os_TAGCN_class_weighting,42,1:10_os,TAGCN,class_weighting,ShapleyFeatures,141068,True,0.9817357659339904,,0,0.9985790249930244,,0.966831823094189,,no_aplica,,no_aplica,0.8621925115585327
1:10_os_TAGCN_class_weighting,42,1:10_os,TAGCN,class_weighting,ShapleyFeatures,148220,True,0.9724681973457336,,0,0.9983315514039726,,0.9477545930667556,,no_aplica,,no_aplica,0.8643099069595337
1:10_os_TAGCN_class_weighting,42,1:10_os,TAGCN,class_weighting,ShapleyFeatures,150129,False,0.1167063042521476,,0,,vector_constante,,,no_aplica,,no_aplica,0.6547622084617615
1:10_os_TAGCN_class_weighting,42,1:10_os,TAGCN,class_weighting,ShapleyFeatures,150346,False,0.1998475939035415,,0,,vector_constante,,,no_aplica,,no_aplica,0.6531388759613037
1:10_os_TAGCN_class_weighting,42,1:10_os,TAGCN,class_weighting,ShapleyFeatures,150528,True,0.9950267672538756,,0,0.9927019490681463,,0.9203142405852524,,no_aplica,,no_aplica,0.8622019290924072
1:10_os_TAGCN_class_weighting,42,1:10_os,TAGCN,class_weighting,ShapleyFeatures,152223,True,0.7304937839508057,,0,0.9815721614133268,,0.8735231523817442,,no_aplica,,no_aplica,0.8656685948371887
1:10_os_TAGCN_class_weighting,42,1:10_os,TAGCN,class_weighting,ShapleyFeatures,152280,True,0.9708327054977416,,0,0.9827177013262692,,0.932244575608945,,no_aplica,,no_aplica,0.8589633703231812
1:10_os_TAGCN_class_weighting,42,1:10_os,TAGCN,class_weighting,ShapleyFeatures,153599,False,0.1582205593585968,,0,0.9911271172134374,,0.9265566547510184,,no_aplica,,no_aplica,0.8767556548118591
1:10_os_TAGCN_class_weighting,42,1:10_os,TAGCN,class_weighting,ShapleyFeatures,155856,False,0.3164980113506317,,0,0.9700967378235124,,0.7625130933577188,,no_aplica,,no_aplica,0.8612638711929321
1:10_os_TAGCN_class_weighting,42,1:10_os,TAGCN,class_weighting,ShapleyFeatures,158611,False,5.79415700485697e-06,,0,0.9640720565046254,,0.7419261784021948,,no_aplica,,no_aplica,0.867235004901886
1:10_os_TAGCN_class_weighting,42,1:10_os,TAGCN,class_weighting,ShapleyFeatures,158949,True,0.89554363489151,,0,0.998705988215146,,0.9351567046304764,,no_aplica,,no_aplica,0.8657354712486267
1:10_os_TAGCN_class_weighting,42,1:10_os,TAGCN,class_weighting,ShapleyFeatures,159862,False,0.4307387769222259,,0,,vector_constante,,,no_aplica,,no_aplica,0.6524745225906372
1:10_os_TAGCN_class_weighting,42,1:10_os,TAGCN,class_weighting,ShapleyFeatures,161504,True,0.9986911416053772,,0,0.9700646505663604,,0.8913991187962423,,no_aplica,,no_aplica,0.8694537878036499
1:10_os_TAGCN_class_weighting,42,1:10_os,TAGCN,class_weighting,ShapleyFeatures,163852,True,0.8593867421150208,,0,0.9925495485575866,,0.9271976057860172,,no_aplica,,no_aplica,0.8702715635299683
1:10_os_TAGCN_class_weighting,42,1:10_os,TAGCN,class_weighting,ShapleyFeatures,165001,True,0.5184829831123352,,0,0.9921430955762126,,0.8893241333444177,,no_aplica,,no_aplica,0.8628675937652588
1:10_os_TAGCN_class_weighting,42,1:10_os,TAGCN,class_weighting,ShapleyFeatures,168077,True,0.8839643597602844,,0,0.9827335917658068,,0.8801421564552333,,no_aplica,,no_aplica,0.8697897791862488
1:10_os_TAGCN_class_weighting,42,1:10_os,TAGCN,class_weighting,ShapleyFeatures,168167,True,0.7476188540458679,,0,0.9993898009588842,,0.9816518413833236,,no_aplica,,no_aplica,0.8617416024208069
1:10_os_TAGCN_class_weighting,42,1:10_os,TAGCN,class_weighting,ShapleyFeatures,168250,False,0.0148498928174376,,0,0.9629774483865492,,0.6144833319477929,,no_aplica,,no_aplica,0.8672917485237122
1:10_os_TAGCN_class_weighting,42,1:10_os,TAGCN,class_weighting,ShapleyFeatures,170168,False,0.2117467522621154,,0,0.9932634553268616,,0.8240926095269765,,no_aplica,,no_aplica,0.8636342883110046
1:10_os_TAGCN_class_weighting,42,1:10_os,TAGCN,class_weighting,ShapleyFeatures,170185,False,0.4148431122303009,,0,0.9982041332903376,,0.948486989774711,,no_aplica,,no_aplica,0.8685219287872314
1:10_os_TAGCN_class_weighting,42,1:10_os,TAGCN,class_weighting,ShapleyFeatures,171111,False,2.821079397108405e-05,,0,0.8834293270643551,,0.6406476016293956,,no_aplica,,no_aplica,2.0804717540740967
1:10_os_TAGCN_class_weighting,42,1:10_os,TAGCN,class_weighting,ShapleyFeatures,171381,True,0.9571034908294678,,0,0.9966323824490996,,0.8847884279657494,,no_aplica,,no_aplica,0.86793452501297
1:10_os_TAGCN_class_weighting,42,1:10_os,TAGCN,class_weighting,ShapleyFeatures,172466,True,0.9992812275886536,,0,0.9955055990096222,,0.894748524399368,,no_aplica,,no_aplica,0.8634567260742188
1:10_os_TAGCN_class_weighting,42,1:10_os,TAGCN,class_weighting,ShapleyFeatures,172476,False,0.1673793047666549,,0,0.9815768649937866,,0.8079200266023776,,no_aplica,,no_aplica,0.8633013367652893
1:10_os_TAGCN_class_weighting,42,1:10_os,TAGCN,class_weighting,ShapleyFeatures,172625,False,0.0357647538185119,,0,0.958327461369878,,0.466101920359132,,no_aplica,,no_aplica,0.8637134432792664
1:10_os_TAGCN_class_weighting,42,1:10_os,TAGCN,class_weighting,ShapleyFeatures,172800,True,0.5351440906524658,,0,0.9988315355540328,,0.9086898329038158,,no_aplica,,no_aplica,0.8611666560173035
1:10_os_TAGCN_class_weighting,42,1:10_os,TAGCN,class_weighting,ShapleyFeatures,173595,False,0.0633798465132713,,0,0.9994919649048754,,0.936017125280572,,no_aplica,,no_aplica,0.86529141664505
1:10_os_TAGCN_focal_loss,42,1:10_os,TAGCN,focal_loss,GNNExplainer,139670,True,0.5074289441108704,,0,0.8819392075934009,,0.5249704879873639,,menos_de_2_aristas,,menos_de_2_aristas,1.7742159366607666
1:10_os_TAGCN_focal_loss,42,1:10_os,TAGCN,focal_loss,GNNExplainer,139873,True,0.5835593342781067,,0,0.874382934999649,,0.4101920359132097,,menos_de_2_aristas,,menos_de_2_aristas,1.7163193225860596
1:10_os_TAGCN_focal_loss,42,1:10_os,TAGCN,focal_loss,GNNExplainer,140575,True,0.5987889170646667,,1,0.8872249973429696,,0.4894455066921607,,menos_de_2_aristas,,menos_de_2_aristas,1.751911163330078
1:10_os_TAGCN_focal_loss,42,1:10_os,TAGCN,focal_loss,GNNExplainer,141068,True,0.6054832339286804,,0,0.8824482166008382,,0.410136337185136,,menos_de_2_aristas,,menos_de_2_aristas,1.718011498451233
1:10_os_TAGCN_focal_loss,42,1:10_os,TAGCN,focal_loss,GNNExplainer,148220,True,0.6144713759422302,,1,0.8976210738480489,,0.6182924598886026,,menos_de_2_aristas,,menos_de_2_aristas,1.721102595329285
1:10_os_TAGCN_focal_loss,42,1:10_os,TAGCN,focal_loss,GNNExplainer,150129,False,0.3949362635612488,,0,0.8587146291790783,,0.5088427965749438,,menos_de_2_aristas,,menos_de_2_aristas,1.4273273944854736
1:10_os_TAGCN_focal_loss,42,1:10_os,TAGCN,focal_loss,GNNExplainer,150346,True,0.6021556258201599,,0,0.868682768480722,,0.2727076232438274,,menos_de_2_aristas,,menos_de_2_aristas,1.4719430208206177
1:10_os_TAGCN_focal_loss,42,1:10_os,TAGCN,focal_loss,GNNExplainer,150528,True,0.5744193196296692,,2,0.917990314092156,,0.739517000581927,0.1999999999999999,,0.6,,1.7701239585876465
1:10_os_TAGCN_focal_loss,42,1:10_os,TAGCN,focal_loss,GNNExplainer,152223,True,0.5468549132347107,,1,0.8953199601650306,,0.4628855266439438,,menos_de_2_aristas,,menos_de_2_aristas,1.6983699798583984
1:10_os_TAGCN_focal_loss,42,1:10_os,TAGCN,focal_loss,GNNExplainer,152280,True,0.6100077629089355,,0,0.8689810661574219,,0.4657652340177904,,menos_de_2_aristas,,menos_de_2_aristas,1.6696038246154783
1:10_os_TAGCN_focal_loss,42,1:10_os,TAGCN,focal_loss,GNNExplainer,153599,False,0.43049156665802,,11,0.9743277604862662,,0.9021730817191788,-0.0645454545454545,,0.8181818181818181,,1.709743857383728
1:10_os_TAGCN_focal_loss,42,1:10_os,TAGCN,focal_loss,GNNExplainer,155856,True,0.6229661703109741,,1,0.835441963807688,,0.6697057111979383,,menos_de_2_aristas,,menos_de_2_aristas,1.7768319845199585
1:10_os_TAGCN_focal_loss,42,1:10_os,TAGCN,focal_loss,GNNExplainer,158611,False,0.4149824976921081,,1,0.5939964682835142,,0.4035397788677363,,menos_de_2_aristas,,menos_de_2_aristas,1.7913541793823242
1:10_os_TAGCN_focal_loss,42,1:10_os,TAGCN,focal_loss,GNNExplainer,158949,True,0.5765529870986938,,1,0.917128199216048,,0.5396857594147477,,menos_de_2_aristas,,menos_de_2_aristas,1.7603288888931274
1:10_os_TAGCN_focal_loss,42,1:10_os,TAGCN,focal_loss,GNNExplainer,159862,False,0.4112909138202667,,0,0.8691035139885986,,0.4178984121705878,,menos_de_2_aristas,,menos_de_2_aristas,1.6534494161605835
1:10_os_TAGCN_focal_loss,42,1:10_os,TAGCN,focal_loss,GNNExplainer,161504,True,0.670153021812439,,2,0.8853447607746929,,0.5960337517665641,-0.1999999999999999,,0.4,,1.815307259559632
1:10_os_TAGCN_focal_loss,42,1:10_os,TAGCN,focal_loss,GNNExplainer,163852,False,0.4133394360542297,,3,0.9631677509325604,,0.7167902568792086,0.2,,0.5999999999999999,,1.7656471729278564
1:10_os_TAGCN_focal_loss,42,1:10_os,TAGCN,focal_loss,GNNExplainer,165001,True,0.5628687739372253,,0,0.8931702211173624,,0.5256904148308255,,menos_de_2_aristas,,menos_de_2_aristas,1.7112021446228027
1:10_os_TAGCN_focal_loss,42,1:10_os,TAGCN,focal_loss,GNNExplainer,168077,True,0.5032652616500854,,0,0.857348983681649,,0.4267154376922438,,menos_de_2_aristas,,menos_de_2_aristas,1.650088906288147
1:10_os_TAGCN_focal_loss,42,1:10_os,TAGCN,focal_loss,GNNExplainer,168167,True,0.5984479784965515,,0,0.8643392888731649,,0.4391620251059939,,menos_de_2_aristas,,menos_de_2_aristas,1.6521885395050049
1:10_os_TAGCN_focal_loss,42,1:10_os,TAGCN,focal_loss,GNNExplainer,168250,True,0.5213289856910706,,0,0.8884999249812454,,0.4572699310000831,,menos_de_2_aristas,,menos_de_2_aristas,1.651553511619568
1:10_os_TAGCN_focal_loss,42,1:10_os,TAGCN,focal_loss,GNNExplainer,170168,False,0.4802342355251312,,4,0.9606338829822508,,0.7683498212652756,0.26,,0.65,,1.700137972831726
1:10_os_TAGCN_focal_loss,42,1:10_os,TAGCN,focal_loss,GNNExplainer,170185,True,0.59980309009552,,1,0.8879305733390239,,0.5494006151799817,,menos_de_2_aristas,,menos_de_2_aristas,1.7766923904418943
1:10_os_TAGCN_focal_loss,42,1:10_os,TAGCN,focal_loss,GNNExplainer,171111,False,0.4916595816612243,,57,0.9880223172365524,,0.8239196940726577,0.1379180710396681,,0.2922599184278828,,1.7875573635101318
1:10_os_TAGCN_focal_loss,42,1:10_os,TAGCN,focal_loss,GNNExplainer,171381,True,0.6588068604469299,,1,0.905597070478023,,0.6426768642447419,,menos_de_2_aristas,,menos_de_2_aristas,1.7620569467544556
1:10_os_TAGCN_focal_loss,42,1:10_os,TAGCN,focal_loss,GNNExplainer,172466,True,0.6267105937004089,,6,0.9309555184876284,,0.8340818023110816,-0.0114285714285714,,0.6666666666666667,,1.7579790353775024
1:10_os_TAGCN_focal_loss,42,1:10_os,TAGCN,focal_loss,GNNExplainer,172476,False,0.4114212095737457,,1,0.7774088212526296,,0.3679491229528639,,menos_de_2_aristas,,menos_de_2_aristas,1.798079490661621
1:10_os_TAGCN_focal_loss,42,1:10_os,TAGCN,focal_loss,GNNExplainer,172625,False,0.4852219820022583,,0,0.8963190425693078,,0.4886441100673372,,menos_de_2_aristas,,menos_de_2_aristas,1.7306594848632812
1:10_os_TAGCN_focal_loss,42,1:10_os,TAGCN,focal_loss,GNNExplainer,172800,False,0.3991333544254303,,0,0.8383742706126492,,0.3992717599135423,,menos_de_2_aristas,,menos_de_2_aristas,1.7320383787155151
1:10_os_TAGCN_focal_loss,42,1:10_os,TAGCN,focal_loss,GNNExplainer,173595,True,0.5786242485046387,,0,0.873832219120384,,0.2554443428381411,,menos_de_2_aristas,,menos_de_2_aristas,1.748352289199829
1:10_os_TAGCN_focal_loss,42,1:10_os,TAGCN,focal_loss,PGExplainer,139670,True,0.5074289441108704,,1,,no_aplica,,,menos_de_2_aristas,,menos_de_2_aristas,4.456634998321533
1:10_os_TAGCN_focal_loss,42,1:10_os,TAGCN,focal_loss,PGExplainer,139873,True,0.5835593342781067,,1,,no_aplica,,,menos_de_2_aristas,,menos_de_2_aristas,4.456650257110596
1:10_os_TAGCN_focal_loss,42,1:10_os,TAGCN,focal_loss,PGExplainer,140575,True,0.5987889170646667,,2,,no_aplica,,-0.1999999999999999,,0.4,,4.456624031066895
1:10_os_TAGCN_focal_loss,42,1:10_os,TAGCN,focal_loss,PGExplainer,141068,True,0.6054832339286804,,1,,no_aplica,,,menos_de_2_aristas,,menos_de_2_aristas,4.4564528465271
1:10_os_TAGCN_focal_loss,42,1:10_os,TAGCN,focal_loss,PGExplainer,148220,True,0.6144713759422302,,2,,no_aplica,,-0.1999999999999999,,0.4,,4.456480026245117
1:10_os_TAGCN_focal_loss,42,1:10_os,TAGCN,focal_loss,PGExplainer,150129,False,0.3949362635612488,,0,,no_aplica,,,menos_de_2_aristas,,menos_de_2_aristas,4.455134868621826
1:10_os_TAGCN_focal_loss,42,1:10_os,TAGCN,focal_loss,PGExplainer,150346,True,0.6021556258201599,,0,,no_aplica,,,menos_de_2_aristas,,menos_de_2_aristas,4.455105304718018
1:10_os_TAGCN_focal_loss,42,1:10_os,TAGCN,focal_loss,PGExplainer,150528,True,0.5744193196296692,,3,,no_aplica,,-0.2,,0.5999999999999999,,4.456562042236328
1:10_os_TAGCN_focal_loss,42,1:10_os,TAGCN,focal_loss,PGExplainer,152223,True,0.5468549132347107,,2,,no_aplica,,0.1999999999999999,,0.6,,4.456510066986084
1:10_os_TAGCN_focal_loss,42,1:10_os,TAGCN,focal_loss,PGExplainer,152280,True,0.6100077629089355,,1,,no_aplica,,,menos_de_2_aristas,,menos_de_2_aristas,4.456521511077881
1:10_os_TAGCN_focal_loss,42,1:10_os,TAGCN,focal_loss,PGExplainer,153599,False,0.43049156665802,,3,,no_aplica,,-0.0232050807568877,,0.5333333333333333,,4.456549644470215
1:10_os_TAGCN_focal_loss,42,1:10_os,TAGCN,focal_loss,PGExplainer,155856,True,0.6229661703109741,,2,,no_aplica,,0.1999999999999999,,0.6,,4.456515312194824
1:10_os_TAGCN_focal_loss,42,1:10_os,TAGCN,focal_loss,PGExplainer,158611,False,0.4149824976921081,,3,,no_aplica,,-0.1732050807568877,,0.5999999999999999,,4.456439971923828
1:10_os_TAGCN_focal_loss,42,1:10_os,TAGCN,focal_loss,PGExplainer,158949,True,0.5765529870986938,,2,,no_aplica,,-0.1999999999999999,,0.4,,4.45651388168335
1:10_os_TAGCN_focal_loss,42,1:10_os,TAGCN,focal_loss,PGExplainer,159862,False,0.4112909138202667,,0,,no_aplica,,,menos_de_2_aristas,,menos_de_2_aristas,4.4551215171813965
1:10_os_TAGCN_focal_loss,42,1:10_os,TAGCN,focal_loss,PGExplainer,161504,True,0.670153021812439,,3,,no_aplica,,-0.2,,0.5999999999999999,,4.456484794616699
1:10_os_TAGCN_focal_loss,42,1:10_os,TAGCN,focal_loss,PGExplainer,163852,False,0.4133394360542297,,3,,no_aplica,,-0.1196152422706632,,0.5999999999999999,,4.456540107727051
1:10_os_TAGCN_focal_loss,42,1:10_os,TAGCN,focal_loss,PGExplainer,165001,True,0.5628687739372253,,1,,no_aplica,,,menos_de_2_aristas,,menos_de_2_aristas,4.456488609313965
1:10_os_TAGCN_focal_loss,42,1:10_os,TAGCN,focal_loss,PGExplainer,168077,True,0.5032652616500854,,1,,no_aplica,,,menos_de_2_aristas,,menos_de_2_aristas,4.456461429595947
1:10_os_TAGCN_focal_loss,42,1:10_os,TAGCN,focal_loss,PGExplainer,168167,True,0.5984479784965515,,1,,no_aplica,,,menos_de_2_aristas,,menos_de_2_aristas,4.456399917602539
1:10_os_TAGCN_focal_loss,42,1:10_os,TAGCN,focal_loss,PGExplainer,168250,True,0.5213289856910706,,1,,no_aplica,,,menos_de_2_aristas,,menos_de_2_aristas,4.4564595222473145
1:10_os_TAGCN_focal_loss,42,1:10_os,TAGCN,focal_loss,PGExplainer,170168,False,0.4802342355251312,,3,,no_aplica,,-0.1732050807568877,,0.5999999999999999,,4.456540107727051
1:10_os_TAGCN_focal_loss,42,1:10_os,TAGCN,focal_loss,PGExplainer,170185,True,0.59980309009552,,2,,no_aplica,,0.1999999999999999,,0.6,,4.45656156539917
1:10_os_TAGCN_focal_loss,42,1:10_os,TAGCN,focal_loss,PGExplainer,171111,False,0.4916595816612243,,3,,no_aplica,,-0.1,,0.5999999999999999,,4.456655502319336
1:10_os_TAGCN_focal_loss,42,1:10_os,TAGCN,focal_loss,PGExplainer,171381,True,0.6588068604469299,,2,,no_aplica,,-0.1999999999999999,,0.4,,4.456462860107422
1:10_os_TAGCN_focal_loss,42,1:10_os,TAGCN,focal_loss,PGExplainer,172466,True,0.6267105937004089,,3,,no_aplica,,-0.1,,0.5333333333333333,,4.456579208374023
1:10_os_TAGCN_focal_loss,42,1:10_os,TAGCN,focal_loss,PGExplainer,172476,False,0.4114212095737457,,2,,no_aplica,,1.0,,1.0,,4.456527233123779
1:10_os_TAGCN_focal_loss,42,1:10_os,TAGCN,focal_loss,PGExplainer,172625,False,0.4852219820022583,,1,,no_aplica,,,menos_de_2_aristas,,menos_de_2_aristas,4.456553936004639
1:10_os_TAGCN_focal_loss,42,1:10_os,TAGCN,focal_loss,PGExplainer,172800,False,0.3991333544254303,,1,,no_aplica,,,menos_de_2_aristas,,menos_de_2_aristas,4.456457138061523
1:10_os_TAGCN_focal_loss,42,1:10_os,TAGCN,focal_loss,PGExplainer,173595,True,0.5786242485046387,,1,,no_aplica,,,menos_de_2_aristas,,menos_de_2_aristas,4.456519603729248
1:10_os_TAGCN_focal_loss,42,1:10_os,TAGCN,focal_loss,ShapleyFeatures,139670,True,0.5074289441108704,,0,0.994727642276423,,0.9180264361127276,,no_aplica,,no_aplica,0.9074047803878784
1:10_os_TAGCN_focal_loss,42,1:10_os,TAGCN,focal_loss,ShapleyFeatures,139873,True,0.5835593342781067,,0,0.9888651139823884,,0.949455482583756,,no_aplica,,no_aplica,0.9009059071540833
1:10_os_TAGCN_focal_loss,42,1:10_os,TAGCN,focal_loss,ShapleyFeatures,140575,True,0.5987889170646667,,0,0.9971143852788016,,0.9999243494887357,,no_aplica,,no_aplica,0.9135493636131288
1:10_os_TAGCN_focal_loss,42,1:10_os,TAGCN,focal_loss,ShapleyFeatures,141068,True,0.6054832339286804,,0,0.9999282496910752,,0.9819452988610856,,no_aplica,,no_aplica,0.9027884006500244
1:10_os_TAGCN_focal_loss,42,1:10_os,TAGCN,focal_loss,ShapleyFeatures,148220,True,0.6144713759422302,,0,0.9987887569635922,,0.9999584337850196,,no_aplica,,no_aplica,0.9107645750045776
1:10_os_TAGCN_focal_loss,42,1:10_os,TAGCN,focal_loss,ShapleyFeatures,150129,False,0.3949362635612488,,0,,vector_constante,,,no_aplica,,no_aplica,0.6938033103942871
1:10_os_TAGCN_focal_loss,42,1:10_os,TAGCN,focal_loss,ShapleyFeatures,150346,True,0.6021556258201599,,0,,vector_constante,,,no_aplica,,no_aplica,0.6849929094314575
1:10_os_TAGCN_focal_loss,42,1:10_os,TAGCN,focal_loss,ShapleyFeatures,150528,True,0.5744193196296692,,0,0.99713558116375,,0.907747111148059,,no_aplica,,no_aplica,0.9121041297912598
1:10_os_TAGCN_focal_loss,42,1:10_os,TAGCN,focal_loss,ShapleyFeatures,152223,True,0.5468549132347107,,0,0.9961103338545524,,0.9546313076731234,,no_aplica,,no_aplica,0.9078203439712524
1:10_os_TAGCN_focal_loss,42,1:10_os,TAGCN,focal_loss,ShapleyFeatures,152280,True,0.6100077629089355,,0,0.9854668738522158,,0.9674012802394214,,no_aplica,,no_aplica,0.9063318371772766
1:10_os_TAGCN_focal_loss,42,1:10_os,TAGCN,focal_loss,ShapleyFeatures,153599,False,0.43049156665802,,0,0.99839311388443,,0.9688610857095352,,no_aplica,,no_aplica,0.9022644758224488
1:10_os_TAGCN_focal_loss,42,1:10_os,TAGCN,focal_loss,ShapleyFeatures,155856,True,0.6229661703109741,,0,0.9945911374562082,,0.9452531382492312,,no_aplica,,no_aplica,0.9088783860206604
1:10_os_TAGCN_focal_loss,42,1:10_os,TAGCN,focal_loss,ShapleyFeatures,158611,False,0.4149824976921081,,0,,vector_constante,,,no_aplica,,no_aplica,0.9150701761245728
1:10_os_TAGCN_focal_loss,42,1:10_os,TAGCN,focal_loss,ShapleyFeatures,158949,True,0.5765529870986938,,0,0.9976740878348956,,0.9615462631972732,,no_aplica,,no_aplica,0.9113957285881042
1:10_os_TAGCN_focal_loss,42,1:10_os,TAGCN,focal_loss,ShapleyFeatures,159862,False,0.4112909138202667,,0,,vector_constante,,,no_aplica,,no_aplica,0.685823917388916
1:10_os_TAGCN_focal_loss,42,1:10_os,TAGCN,focal_loss,ShapleyFeatures,161504,True,0.670153021812439,,0,0.995421839661738,,0.9999750602710116,,no_aplica,,no_aplica,0.9109832644462584
1:10_os_TAGCN_focal_loss,42,1:10_os,TAGCN,focal_loss,ShapleyFeatures,163852,False,0.4133394360542297,,0,0.9970402413166448,,0.9617308171917864,,no_aplica,,no_aplica,0.9071314334869384
1:10_os_TAGCN_focal_loss,42,1:10_os,TAGCN,focal_loss,ShapleyFeatures,165001,True,0.5628687739372253,,0,0.9973743103061994,,0.9614290464710284,,no_aplica,,no_aplica,0.9042719006538392
1:10_os_TAGCN_focal_loss,42,1:10_os,TAGCN,focal_loss,ShapleyFeatures,168077,True,0.5032652616500854,,0,0.9830388985429755,,0.9286449413916368,,no_aplica,,no_aplica,0.9030143022537231
1:10_os_TAGCN_focal_loss,42,1:10_os,TAGCN,focal_loss,ShapleyFeatures,168167,True,0.5984479784965515,,0,0.9994295781501912,,0.9625421897082052,,no_aplica,,no_aplica,0.9070300459861756
1:10_os_TAGCN_focal_loss,42,1:10_os,TAGCN,focal_loss,ShapleyFeatures,168250,True,0.5213289856910706,,0,0.9771914833012892,,0.8704414332030925,,no_aplica,,no_aplica,0.8980997204780579
1:10_os_TAGCN_focal_loss,42,1:10_os,TAGCN,focal_loss,ShapleyFeatures,170168,False,0.4802342355251312,,0,0.9992797789403748,,0.9453337767062931,,no_aplica,,no_aplica,0.9063987731933594
1:10_os_TAGCN_focal_loss,42,1:10_os,TAGCN,focal_loss,ShapleyFeatures,170185,True,0.59980309009552,,0,0.9992278887090436,,0.9999268434616342,,no_aplica,,no_aplica,0.9034904837608336
1:10_os_TAGCN_focal_loss,42,1:10_os,TAGCN,focal_loss,ShapleyFeatures,171111,False,0.4916595816612243,,0,0.9954361064249546,,0.8078069664976308,,no_aplica,,no_aplica,2.965819835662842
1:10_os_TAGCN_focal_loss,42,1:10_os,TAGCN,focal_loss,ShapleyFeatures,171381,True,0.6588068604469299,,0,0.9994207696293448,,0.9731889600133012,,no_aplica,,no_aplica,0.9136808514595032
1:10_os_TAGCN_focal_loss,42,1:10_os,TAGCN,focal_loss,ShapleyFeatures,172466,True,0.6267105937004089,,0,0.9979897023240106,,0.9820999251808132,,no_aplica,,no_aplica,0.9069601893424988
1:10_os_TAGCN_focal_loss,42,1:10_os,TAGCN,focal_loss,ShapleyFeatures,172476,False,0.4114212095737457,,0,0.9988665426547012,,0.9806708787097848,,no_aplica,,no_aplica,0.9157920479774476
1:10_os_TAGCN_focal_loss,42,1:10_os,TAGCN,focal_loss,ShapleyFeatures,172625,False,0.4852219820022583,,0,0.9783699059561128,,0.7470205337102003,,no_aplica,,no_aplica,0.9033729434013368
1:10_os_TAGCN_focal_loss,42,1:10_os,TAGCN,focal_loss,ShapleyFeatures,172800,False,0.3991333544254303,,0,0.9965310533539862,,0.9138307423725996,,no_aplica,,no_aplica,0.9036921858787536
1:10_os_TAGCN_focal_loss,42,1:10_os,TAGCN,focal_loss,ShapleyFeatures,173595,True,0.5786242485046387,,0,0.9995169897789972,,0.9999268434616344,,no_aplica,,no_aplica,0.8984794616699219
1:10_os_TAGCN_none,42,1:10_os,TAGCN,none,GNNExplainer,139670,False,0.2387443482875824,,0,0.9463070783723668,,0.9108304929753098,,menos_de_2_aristas,,menos_de_2_aristas,1.7072464227676392
1:10_os_TAGCN_none,42,1:10_os,TAGCN,none,GNNExplainer,139873,True,0.6572850346565247,,0,0.9716655639870307,,0.9681951949455484,,menos_de_2_aristas,,menos_de_2_aristas,1.7017343044281006
1:10_os_TAGCN_none,42,1:10_os,TAGCN,none,GNNExplainer,140575,True,0.7582327723503113,,1,0.968364102225299,,0.9273854850777288,,menos_de_2_aristas,,menos_de_2_aristas,1.7594231367111206
1:10_os_TAGCN_none,42,1:10_os,TAGCN,none,GNNExplainer,141068,True,0.6676129102706909,,0,0.9155567280730847,,0.6650137168509436,,menos_de_2_aristas,,menos_de_2_aristas,1.7037726640701294
1:10_os_TAGCN_none,42,1:10_os,TAGCN,none,GNNExplainer,148220,True,0.8222421407699585,,1,0.93399669671351,,0.7916260703300357,,menos_de_2_aristas,,menos_de_2_aristas,1.743882656097412
1:10_os_TAGCN_none,42,1:10_os,TAGCN,none,GNNExplainer,150129,False,0.0175230000168085,,0,0.9057558461852224,,0.8953154875717019,,menos_de_2_aristas,,menos_de_2_aristas,1.496385931968689
1:10_os_TAGCN_none,42,1:10_os,TAGCN,none,GNNExplainer,150346,False,0.2062889039516449,,0,0.9545600574927032,,0.8138506941557901,,menos_de_2_aristas,,menos_de_2_aristas,1.4895600080490112
1:10_os_TAGCN_none,42,1:10_os,TAGCN,none,GNNExplainer,150528,True,0.7990282773971558,,2,0.972612395722524,,0.7008853603790839,0.1999999999999999,,0.6,,1.817629098892212
1:10_os_TAGCN_none,42,1:10_os,TAGCN,none,GNNExplainer,152223,True,0.5240002274513245,,1,0.9598213117086356,,0.8021539612602877,,menos_de_2_aristas,,menos_de_2_aristas,1.7434614896774292
1:10_os_TAGCN_none,42,1:10_os,TAGCN,none,GNNExplainer,152280,False,0.4275906085968017,,0,0.942308774111412,,0.7850195361210408,,menos_de_2_aristas,,menos_de_2_aristas,1.700960397720337
1:10_os_TAGCN_none,42,1:10_os,TAGCN,none,GNNExplainer,153599,False,0.0004257118562236,,11,0.9888015237010072,,0.8310200349156206,-0.1,,0.8181818181818181,,1.7185311317443848
1:10_os_TAGCN_none,42,1:10_os,TAGCN,none,GNNExplainer,155856,True,0.5053431987762451,,1,0.9713871934896668,,0.7878202676864245,,menos_de_2_aristas,,menos_de_2_aristas,1.6946814060211182
1:10_os_TAGCN_none,42,1:10_os,TAGCN,none,GNNExplainer,158611,False,0.0744984671473503,,1,0.8362603543950888,,0.5575542439105494,,menos_de_2_aristas,,menos_de_2_aristas,1.6942607164382937
1:10_os_TAGCN_none,42,1:10_os,TAGCN,none,GNNExplainer,158949,True,0.6727796196937561,,1,0.942394512335716,,0.8325729487072906,,menos_de_2_aristas,,menos_de_2_aristas,1.7105830907821655
1:10_os_TAGCN_none,42,1:10_os,TAGCN,none,GNNExplainer,159862,False,0.0192563813179731,,0,0.9204191875217486,,0.7575725330451408,,menos_de_2_aristas,,menos_de_2_aristas,1.4508192539215088
1:10_os_TAGCN_none,42,1:10_os,TAGCN,none,GNNExplainer,161504,True,0.9604202508926392,,2,0.933778030770711,,0.7488452905478427,-0.1999999999999999,,0.4,,1.7377467155456543
1:10_os_TAGCN_none,42,1:10_os,TAGCN,none,GNNExplainer,163852,False,0.1796953231096267,,3,0.9689047655031706,,0.6889093025189127,0.4,,0.7333333333333333,,1.6994494199752808
1:10_os_TAGCN_none,42,1:10_os,TAGCN,none,GNNExplainer,165001,False,0.3636219799518585,,0,0.9574149845967196,,0.8383581345082718,,menos_de_2_aristas,,menos_de_2_aristas,1.6667598485946655
1:10_os_TAGCN_none,42,1:10_os,TAGCN,none,GNNExplainer,168077,False,0.4040458798408508,,0,0.9424307956572486,,0.8600681685925681,,menos_de_2_aristas,,menos_de_2_aristas,1.6547859907150269
1:10_os_TAGCN_none,42,1:10_os,TAGCN,none,GNNExplainer,168167,True,0.6938414573669434,,0,0.9243434164750282,,0.8414556488486159,,menos_de_2_aristas,,menos_de_2_aristas,1.6562246084213257
1:10_os_TAGCN_none,42,1:10_os,TAGCN,none,GNNExplainer,168250,False,0.0196943581104278,,0,0.927098574643661,,0.8226934907307341,,menos_de_2_aristas,,menos_de_2_aristas,1.655550479888916
1:10_os_TAGCN_none,42,1:10_os,TAGCN,none,GNNExplainer,170168,False,0.0671187117695808,,4,0.9793318008001592,,0.8468584254717767,0.08,,0.65,,1.7251397371292114
1:10_os_TAGCN_none,42,1:10_os,TAGCN,none,GNNExplainer,170185,True,0.7279006838798523,,1,0.950916204296486,,0.7772025937318148,,menos_de_2_aristas,,menos_de_2_aristas,1.707634687423706
1:10_os_TAGCN_none,42,1:10_os,TAGCN,none,GNNExplainer,171111,False,0.0053416546434164,,58,0.9894902752788656,,0.8835065258957518,0.1280937586514504,,0.2709433040078201,,1.7254492044448853
1:10_os_TAGCN_none,42,1:10_os,TAGCN,none,GNNExplainer,171381,True,0.8663151264190674,,1,0.94577721661055,,0.8608188544351151,,menos_de_2_aristas,,menos_de_2_aristas,1.7565698623657229
1:10_os_TAGCN_none,42,1:10_os,TAGCN,none,GNNExplainer,172466,True,0.9606184363365172,,6,0.9722588268001112,,0.9143569706542524,0.0514285714285714,,0.7,,1.7554572820663452
1:10_os_TAGCN_none,42,1:10_os,TAGCN,none,GNNExplainer,172476,False,0.204750195145607,,1,0.914762052120864,,0.6810807215894921,,menos_de_2_aristas,,menos_de_2_aristas,1.7857611179351809
1:10_os_TAGCN_none,42,1:10_os,TAGCN,none,GNNExplainer,172625,False,0.0079365633428096,,0,0.902821996667172,,0.611457311497215,,menos_de_2_aristas,,menos_de_2_aristas,1.7309197187423706
1:10_os_TAGCN_none,42,1:10_os,TAGCN,none,GNNExplainer,172800,False,0.1313449889421463,,0,0.9175528738042388,,0.8495095186632305,,menos_de_2_aristas,,menos_de_2_aristas,1.714192271232605
1:10_os_TAGCN_none,42,1:10_os,TAGCN,none,GNNExplainer,173595,False,0.2373717278242111,,0,0.9491340361445784,,0.8050843794164104,,menos_de_2_aristas,,menos_de_2_aristas,1.706528902053833
1:10_os_TAGCN_none,42,1:10_os,TAGCN,none,PGExplainer,139670,False,0.2387443482875824,,1,,no_aplica,,,menos_de_2_aristas,,menos_de_2_aristas,4.437211513519287
1:10_os_TAGCN_none,42,1:10_os,TAGCN,none,PGExplainer,139873,True,0.6572850346565247,,1,,no_aplica,,,menos_de_2_aristas,,menos_de_2_aristas,4.437268257141113
1:10_os_TAGCN_none,42,1:10_os,TAGCN,none,PGExplainer,140575,True,0.7582327723503113,,2,,no_aplica,,1.0,,0.4,,4.437259674072266
1:10_os_TAGCN_none,42,1:10_os,TAGCN,none,PGExplainer,141068,True,0.6676129102706909,,1,,no_aplica,,,menos_de_2_aristas,,menos_de_2_aristas,4.437169075012207
1:10_os_TAGCN_none,42,1:10_os,TAGCN,none,PGExplainer,148220,True,0.8222421407699585,,2,,no_aplica,,-0.1999999999999999,,0.4,,4.437064170837402
1:10_os_TAGCN_none,42,1:10_os,TAGCN,none,PGExplainer,150129,False,0.0175230000168085,,0,,no_aplica,,,menos_de_2_aristas,,menos_de_2_aristas,4.435730934143066
1:10_os_TAGCN_none,42,1:10_os,TAGCN,none,PGExplainer,150346,False,0.2062889039516449,,0,,no_aplica,,,menos_de_2_aristas,,menos_de_2_aristas,4.435696601867676
1:10_os_TAGCN_none,42,1:10_os,TAGCN,none,PGExplainer,150528,True,0.7990282773971558,,3,,no_aplica,,1.0,,1.0,,4.437090873718262
1:10_os_TAGCN_none,42,1:10_os,TAGCN,none,PGExplainer,152223,True,0.5240002274513245,,2,,no_aplica,,1.0,,1.0,,4.437099933624268
1:10_os_TAGCN_none,42,1:10_os,TAGCN,none,PGExplainer,152280,False,0.4275906085968017,,1,,no_aplica,,,menos_de_2_aristas,,menos_de_2_aristas,4.437043190002441
1:10_os_TAGCN_none,42,1:10_os,TAGCN,none,PGExplainer,153599,False,0.0004257118562236,,3,,no_aplica,,0.0,,0.4666666666666666,,4.437126159667969
1:10_os_TAGCN_none,42,1:10_os,TAGCN,none,PGExplainer,155856,True,0.5053431987762451,,2,,no_aplica,,1.0,,1.0,,4.437129497528076
1:10_os_TAGCN_none,42,1:10_os,TAGCN,none,PGExplainer,158611,False,0.0744984671473503,,3,,no_aplica,,0.6666666666666666,,0.5999999999999999,,4.437104225158691
1:10_os_TAGCN_none,42,1:10_os,TAGCN,none,PGExplainer,158949,True,0.6727796196937561,,2,,no_aplica,,-0.3333333333333333,,0.4,,4.437135219573975
1:10_os_TAGCN_none,42,1:10_os,TAGCN,none,PGExplainer,159862,False,0.0192563813179731,,0,,no_aplica,,,menos_de_2_aristas,,menos_de_2_aristas,4.435713291168213
1:10_os_TAGCN_none,42,1:10_os,TAGCN,none,PGExplainer,161504,True,0.9604202508926392,,3,,no_aplica,,1.0,,0.5999999999999999,,4.437182903289795
1:10_os_TAGCN_none,42,1:10_os,TAGCN,none,PGExplainer,163852,False,0.1796953231096267,,3,,no_aplica,,1.0,,0.5999999999999999,,4.437058448791504
1:10_os_TAGCN_none,42,1:10_os,TAGCN,none,PGExplainer,165001,False,0.3636219799518585,,1,,no_aplica,,,menos_de_2_aristas,,menos_de_2_aristas,4.437043190002441
1:10_os_TAGCN_none,42,1:10_os,TAGCN,none,PGExplainer,168077,False,0.4040458798408508,,1,,no_aplica,,,menos_de_2_aristas,,menos_de_2_aristas,4.437103271484375
1:10_os_TAGCN_none,42,1:10_os,TAGCN,none,PGExplainer,168167,True,0.6938414573669434,,1,,no_aplica,,,menos_de_2_aristas,,menos_de_2_aristas,4.437029838562012
1:10_os_TAGCN_none,42,1:10_os,TAGCN,none,PGExplainer,168250,False,0.0196943581104278,,1,,no_aplica,,,menos_de_2_aristas,,menos_de_2_aristas,4.437145709991455
1:10_os_TAGCN_none,42,1:10_os,TAGCN,none,PGExplainer,170168,False,0.0671187117695808,,3,,no_aplica,,0.6666666666666666,,0.7333333333333332,,4.437105178833008
1:10_os_TAGCN_none,42,1:10_os,TAGCN,none,PGExplainer,170185,True,0.7279006838798523,,2,,no_aplica,,1.0,,1.0,,4.4371209144592285
1:10_os_TAGCN_none,42,1:10_os,TAGCN,none,PGExplainer,171111,False,0.0053416546434164,,3,,no_aplica,,1.0,,0.5999999999999999,,4.437201976776123
1:10_os_TAGCN_none,42,1:10_os,TAGCN,none,PGExplainer,171381,True,0.8663151264190674,,2,,no_aplica,,-0.1999999999999999,,0.4,,4.437071323394775
1:10_os_TAGCN_none,42,1:10_os,TAGCN,none,PGExplainer,172466,True,0.9606184363365172,,3,,no_aplica,,1.0,,0.5999999999999999,,4.437113285064697
1:10_os_TAGCN_none,42,1:10_os,TAGCN,none,PGExplainer,172476,False,0.204750195145607,,2,,no_aplica,,1.0,,0.4,,4.437095642089844
1:10_os_TAGCN_none,42,1:10_os,TAGCN,none,PGExplainer,172625,False,0.0079365633428096,,1,,no_aplica,,,menos_de_2_aristas,,menos_de_2_aristas,4.437058925628662
1:10_os_TAGCN_none,42,1:10_os,TAGCN,none,PGExplainer,172800,False,0.1313449889421463,,1,,no_aplica,,,menos_de_2_aristas,,menos_de_2_aristas,4.4370856285095215
1:10_os_TAGCN_none,42,1:10_os,TAGCN,none,PGExplainer,173595,False,0.2373717278242111,,1,,no_aplica,,,menos_de_2_aristas,,menos_de_2_aristas,4.437106132507324
1:10_os_TAGCN_none,42,1:10_os,TAGCN,none,ShapleyFeatures,139670,False,0.2387443482875824,,0,0.99404661102711,,0.9445082716767812,,no_aplica,,no_aplica,0.9027302861213684
1:10_os_TAGCN_none,42,1:10_os,TAGCN,none,ShapleyFeatures,139873,True,0.6572850346565247,,0,0.9958900502016296,,0.925110981793998,,no_aplica,,no_aplica,0.8992779850959778
1:10_os_TAGCN_none,42,1:10_os,TAGCN,none,ShapleyFeatures,140575,True,0.7582327723503113,,0,0.9966025718223545,,0.9308496134342006,,no_aplica,,no_aplica,0.9108068943023682
1:10_os_TAGCN_none,42,1:10_os,TAGCN,none,ShapleyFeatures,141068,True,0.6676129102706909,,0,0.9991227328895448,,0.945566547510184,,no_aplica,,no_aplica,0.8971891403198242
1:10_os_TAGCN_none,42,1:10_os,TAGCN,none,ShapleyFeatures,148220,True,0.8222421407699585,,0,0.9982868155984466,,0.963997838556821,,no_aplica,,no_aplica,0.9089579582214355
1:10_os_TAGCN_none,42,1:10_os,TAGCN,none,ShapleyFeatures,150129,False,0.0175230000168085,,0,,vector_constante,,,no_aplica,,no_aplica,0.6823420524597168
1:10_os_TAGCN_none,42,1:10_os,TAGCN,none,ShapleyFeatures,150346,False,0.2062889039516449,,0,,vector_constante,,,no_aplica,,no_aplica,0.6815340518951416
1:10_os_TAGCN_none,42,1:10_os,TAGCN,none,ShapleyFeatures,150528,True,0.7990282773971558,,0,0.9961522264902548,,0.9638091279408098,,no_aplica,,no_aplica,0.9098724722862244
1:10_os_TAGCN_none,42,1:10_os,TAGCN,none,ShapleyFeatures,152223,True,0.5240002274513245,,0,0.9945466765423971,,0.9004248067171006,,no_aplica,,no_aplica,0.9057994484901428
1:10_os_TAGCN_none,42,1:10_os,TAGCN,none,ShapleyFeatures,152280,False,0.4275906085968017,,0,0.9923269969551598,,0.9813932995261452,,no_aplica,,no_aplica,0.9050784111022948
1:10_os_TAGCN_none,42,1:10_os,TAGCN,none,ShapleyFeatures,153599,False,0.0004257118562236,,0,0.9884507912416832,,0.890238590073988,,no_aplica,,no_aplica,0.8984161019325256
1:10_os_TAGCN_none,42,1:10_os,TAGCN,none,ShapleyFeatures,155856,True,0.5053431987762451,,0,0.988214115189296,,0.8785584836644775,,no_aplica,,no_aplica,0.9087933897972108
1:10_os_TAGCN_none,42,1:10_os,TAGCN,none,ShapleyFeatures,158611,False,0.0744984671473503,,0,0.9935708735293056,,0.907046304763488,,no_aplica,,no_aplica,0.9052491784095764
1:10_os_TAGCN_none,42,1:10_os,TAGCN,none,ShapleyFeatures,158949,True,0.6727796196937561,,0,0.99780035412615,,0.9150054036079476,,no_aplica,,no_aplica,0.9103987216949464
1:10_os_TAGCN_none,42,1:10_os,TAGCN,none,ShapleyFeatures,159862,False,0.0192563813179731,,0,,vector_constante,,,no_aplica,,no_aplica,0.6816052198410034
1:10_os_TAGCN_none,42,1:10_os,TAGCN,none,ShapleyFeatures,161504,True,0.9604202508926392,,0,0.9940390574909166,,0.9392792418322388,,no_aplica,,no_aplica,0.9062277674674988
1:10_os_TAGCN_none,42,1:10_os,TAGCN,none,ShapleyFeatures,163852,False,0.1796953231096267,,0,0.9951827791235413,,0.8746196691329289,,no_aplica,,no_aplica,0.9033545255661012
1:10_os_TAGCN_none,42,1:10_os,TAGCN,none,ShapleyFeatures,165001,False,0.3636219799518585,,0,0.9957408528478238,,0.9249247651508852,,no_aplica,,no_aplica,0.900521993637085
1:10_os_TAGCN_none,42,1:10_os,TAGCN,none,ShapleyFeatures,168077,False,0.4040458798408508,,0,0.9863475471193692,,0.8626619004073488,,no_aplica,,no_aplica,0.8970654606819153
1:10_os_TAGCN_none,42,1:10_os,TAGCN,none,ShapleyFeatures,168167,True,0.6938414573669434,,0,0.9972328051806264,,0.964534042730069,,no_aplica,,no_aplica,0.9021642804145812
1:10_os_TAGCN_none,42,1:10_os,TAGCN,none,ShapleyFeatures,168250,False,0.0196943581104278,,0,0.9958076567027646,,0.896521739130435,,no_aplica,,no_aplica,0.8947492241859436
1:10_os_TAGCN_none,42,1:10_os,TAGCN,none,ShapleyFeatures,170168,False,0.0671187117695808,,0,0.9965963701197124,,0.8962166431124782,,no_aplica,,no_aplica,0.9059731364250184
1:10_os_TAGCN_none,42,1:10_os,TAGCN,none,ShapleyFeatures,170185,True,0.7279006838798523,,0,0.9979994430173278,,0.9215645523318649,,no_aplica,,no_aplica,0.9050664305686952
1:10_os_TAGCN_none,42,1:10_os,TAGCN,none,ShapleyFeatures,171111,False,0.0053416546434164,,0,0.9921387545748404,,0.9210832155623908,,no_aplica,,no_aplica,2.966921091079712
1:10_os_TAGCN_none,42,1:10_os,TAGCN,none,ShapleyFeatures,171381,True,0.8663151264190674,,0,0.9967785931777682,,0.9632371768226786,,no_aplica,,no_aplica,0.913200318813324
1:10_os_TAGCN_none,42,1:10_os,TAGCN,none,ShapleyFeatures,172466,True,0.9606184363365172,,0,0.9982848460975744,,0.999748940061518,,no_aplica,,no_aplica,0.9066787362098694
1:10_os_TAGCN_none,42,1:10_os,TAGCN,none,ShapleyFeatures,172476,False,0.204750195145607,,0,0.995276147806365,,0.8847560063180646,,no_aplica,,no_aplica,0.9154054522514344
1:10_os_TAGCN_none,42,1:10_os,TAGCN,none,ShapleyFeatures,172625,False,0.0079365633428096,,0,0.994314644769329,,0.8416501787347246,,no_aplica,,no_aplica,0.8975101709365845
1:10_os_TAGCN_none,42,1:10_os,TAGCN,none,ShapleyFeatures,172800,False,0.1313449889421463,,0,0.9952647059999762,,0.9998603375176656,,no_aplica,,no_aplica,0.90375816822052
1:10_os_TAGCN_none,42,1:10_os,TAGCN,none,ShapleyFeatures,173595,False,0.2373717278242111,,0,0.9992567913890312,,0.9999093856513426,,no_aplica,,no_aplica,0.901559829711914
native_GAT_focal_loss,42,native,GAT,focal_loss,GNNExplainer,139670,False,0.2834627330303192,,1,0.8551841735266656,,0.7088012303599636,,menos_de_2_aristas,,menos_de_2_aristas,1.5241328477859497
native_GAT_focal_loss,42,native,GAT,focal_loss,GNNExplainer,139873,True,0.6026118993759155,,1,0.947024523578679,,0.8664161609443845,,menos_de_2_aristas,,menos_de_2_aristas,1.27814519405365
native_GAT_focal_loss,42,native,GAT,focal_loss,GNNExplainer,140575,True,0.519086480140686,,2,0.9155568276199656,,0.8993781694238923,0.1999999999999999,,0.6,,1.452681064605713
native_GAT_focal_loss,42,native,GAT,focal_loss,GNNExplainer,141068,True,0.598205029964447,,1,0.944700483741716,,0.971734142488985,,menos_de_2_aristas,,menos_de_2_aristas,1.3895682096481323
native_GAT_focal_loss,42,native,GAT,focal_loss,GNNExplainer,148220,True,0.6083115339279175,,2,0.9451631915485128,,0.7131166347992353,0.1999999999999999,,0.6,,1.412377953529358
native_GAT_focal_loss,42,native,GAT,focal_loss,GNNExplainer,150129,False,0.219166949391365,,0,0.9069013853900666,,0.9535281403275416,,menos_de_2_aristas,,menos_de_2_aristas,1.178156495094299
native_GAT_focal_loss,42,native,GAT,focal_loss,GNNExplainer,150346,False,0.4589403569698334,,0,0.9149713982937944,,0.6821996840967661,,menos_de_2_aristas,,menos_de_2_aristas,1.2357518672943115
native_GAT_focal_loss,42,native,GAT,focal_loss,GNNExplainer,150528,False,0.4995791912078857,,2,0.9308518559991044,,0.7622512262033421,0.1999999999999999,,0.6,,1.302122712135315
native_GAT_focal_loss,42,native,GAT,focal_loss,GNNExplainer,152223,False,0.1334516555070877,,2,0.9504114887663568,,0.8816826003824092,0.1999999999999999,,0.6,,1.278293490409851
native_GAT_focal_loss,42,native,GAT,focal_loss,GNNExplainer,152280,False,0.3747446238994598,,1,0.8577980866869754,,0.7922370936902485,,menos_de_2_aristas,,menos_de_2_aristas,1.3756251335144043
native_GAT_focal_loss,42,native,GAT,focal_loss,GNNExplainer,153599,False,0.3941068947315216,,2,0.9541472061223338,,0.886629811289384,0.1999999999999999,,0.6,,1.3198961019515991
native_GAT_focal_loss,42,native,GAT,focal_loss,GNNExplainer,155856,False,0.38877934217453,,2,0.9353666622109345,,0.7720167927508521,0.1999999999999999,,0.6,,1.3773596286773682
native_GAT_focal_loss,42,native,GAT,focal_loss,GNNExplainer,158611,False,0.1861002594232559,,3,0.9114850155914872,,0.7446205004572283,0.1,,0.5333333333333332,,1.3334585428237915
native_GAT_focal_loss,42,native,GAT,focal_loss,GNNExplainer,158949,False,0.4614847600460052,,2,0.937075455383906,,0.8187638207664809,0.1999999999999999,,0.6,,1.416405439376831
native_GAT_focal_loss,42,native,GAT,focal_loss,GNNExplainer,159862,False,0.2584241926670074,,0,0.9254393419168108,,0.8472474852439935,,menos_de_2_aristas,,menos_de_2_aristas,1.209523320198059
native_GAT_focal_loss,42,native,GAT,focal_loss,GNNExplainer,161504,True,0.5667645335197449,,2,0.9196318952823056,,0.9362432454900658,0.1999999999999999,,0.6,,1.2730993032455444
native_GAT_focal_loss,42,native,GAT,focal_loss,GNNExplainer,163852,False,0.4581532478332519,,2,0.9588156656385036,,0.774287139413085,0.1999999999999999,,0.6,,1.262570858001709
native_GAT_focal_loss,42,native,GAT,focal_loss,GNNExplainer,165001,False,0.4658305048942566,,1,0.9404421693190405,,0.7896375426053703,,menos_de_2_aristas,,menos_de_2_aristas,1.309339165687561
native_GAT_focal_loss,42,native,GAT,focal_loss,GNNExplainer,168077,True,0.5660082697868347,,1,0.8831077541507639,,0.7311472275334607,,menos_de_2_aristas,,menos_de_2_aristas,1.2653614282608032
native_GAT_focal_loss,42,native,GAT,focal_loss,GNNExplainer,168167,False,0.4740435779094696,,1,0.9105719667207204,,0.6707523484911464,,menos_de_2_aristas,,menos_de_2_aristas,1.2754985094070437
native_GAT_focal_loss,42,native,GAT,focal_loss,GNNExplainer,168250,False,0.2921797335147857,,1,0.9044451100793772,,0.7587172666057029,,menos_de_2_aristas,,menos_de_2_aristas,1.2974516153335571
native_GAT_focal_loss,42,native,GAT,focal_loss,GNNExplainer,170168,False,0.4619022309780121,,2,0.951523150999384,,0.8373372682683516,0.1999999999999999,,0.6,,1.2638219594955444
native_GAT_focal_loss,42,native,GAT,focal_loss,GNNExplainer,170185,True,0.5451522469520569,,2,0.963696881473602,,0.8896965666306427,0.1999999999999999,,0.6,,1.280946969985962
native_GAT_focal_loss,42,native,GAT,focal_loss,GNNExplainer,171111,False,0.4541816711425781,,2,0.9361390739600248,,0.889440518746363,0.1999999999999999,,0.6,,1.282975673675537
native_GAT_focal_loss,42,native,GAT,focal_loss,GNNExplainer,171381,True,0.6440352201461792,,2,0.9512493661222284,,0.8580181228697314,0.1999999999999999,,0.6,,1.2720853090286257
native_GAT_focal_loss,42,native,GAT,focal_loss,GNNExplainer,172466,True,0.70393967628479,,2,0.9583825111033096,,0.808698146146812,0.1999999999999999,,0.6,,1.2606912851333618
native_GAT_focal_loss,42,native,GAT,focal_loss,GNNExplainer,172476,True,0.5637995600700378,,2,0.9765551532333012,,0.783476598220966,-0.1999999999999999,,0.4,,1.2682650089263916
native_GAT_focal_loss,42,native,GAT,focal_loss,GNNExplainer,172625,False,0.1855496168136596,,1,0.9085219025082304,,0.6967112810707459,,menos_de_2_aristas,,menos_de_2_aristas,1.2700018882751465
native_GAT_focal_loss,42,native,GAT,focal_loss,GNNExplainer,172800,False,0.381672739982605,,1,0.8564872628726288,,0.8255906559148724,,menos_de_2_aristas,,menos_de_2_aristas,1.2637879848480225
native_GAT_focal_loss,42,native,GAT,focal_loss,GNNExplainer,173595,True,0.5330691337585449,,1,0.9176480285753538,,0.8184529054784273,,menos_de_2_aristas,,menos_de_2_aristas,1.2635666131973269
native_GAT_focal_loss,42,native,GAT,focal_loss,PGExplainer,139670,False,0.2834627330303192,,1,,no_aplica,,,menos_de_2_aristas,,menos_de_2_aristas,3.377722978591919
native_GAT_focal_loss,42,native,GAT,focal_loss,PGExplainer,139873,True,0.6026118993759155,,1,,no_aplica,,,menos_de_2_aristas,,menos_de_2_aristas,3.376760959625244
native_GAT_focal_loss,42,native,GAT,focal_loss,PGExplainer,140575,True,0.519086480140686,,2,,no_aplica,,1.0,,0.6,,3.37697172164917
native_GAT_focal_loss,42,native,GAT,focal_loss,PGExplainer,141068,True,0.598205029964447,,1,,no_aplica,,,menos_de_2_aristas,,menos_de_2_aristas,3.3764185905456543
native_GAT_focal_loss,42,native,GAT,focal_loss,PGExplainer,148220,True,0.6083115339279175,,2,,no_aplica,,0.0,,0.6,,3.376439094543457
native_GAT_focal_loss,42,native,GAT,focal_loss,PGExplainer,150129,False,0.219166949391365,,0,,no_aplica,,,menos_de_2_aristas,,menos_de_2_aristas,3.375901460647583
native_GAT_focal_loss,42,native,GAT,focal_loss,PGExplainer,150346,False,0.4589403569698334,,0,,no_aplica,,,menos_de_2_aristas,,menos_de_2_aristas,3.3761823177337646
native_GAT_focal_loss,42,native,GAT,focal_loss,PGExplainer,150528,False,0.4995791912078857,,2,,no_aplica,,,vector_constante,1.0,,3.3768293857574463
native_GAT_focal_loss,42,native,GAT,focal_loss,PGExplainer,152223,False,0.1334516555070877,,2,,no_aplica,,1.0,,1.0,,3.376692533493042
native_GAT_focal_loss,42,native,GAT,focal_loss,PGExplainer,152280,False,0.3747446238994598,,1,,no_aplica,,,menos_de_2_aristas,,menos_de_2_aristas,3.376523971557617
native_GAT_focal_loss,42,native,GAT,focal_loss,PGExplainer,153599,False,0.3941068947315216,,2,,no_aplica,,0.1999999999999999,,0.6,,3.3766026496887207
native_GAT_focal_loss,42,native,GAT,focal_loss,PGExplainer,155856,False,0.38877934217453,,2,,no_aplica,,1.0,,1.0,,3.3763527870178223
native_GAT_focal_loss,42,native,GAT,focal_loss,PGExplainer,158611,False,0.1861002594232559,,3,,no_aplica,,1.0,,1.0,,3.376310348510742
native_GAT_focal_loss,42,native,GAT,focal_loss,PGExplainer,158949,False,0.4614847600460052,,2,,no_aplica,,1.0,,0.6,,3.3764498233795166
native_GAT_focal_loss,42,native,GAT,focal_loss,PGExplainer,159862,False,0.2584241926670074,,0,,no_aplica,,,menos_de_2_aristas,,menos_de_2_aristas,3.3760132789611816
native_GAT_focal_loss,42,native,GAT,focal_loss,PGExplainer,161504,True,0.5667645335197449,,2,,no_aplica,,1.0,,0.6,,3.376504898071289
native_GAT_focal_loss,42,native,GAT,focal_loss,PGExplainer,163852,False,0.4581532478332519,,2,,no_aplica,,-0.3333333333333333,,0.4,,3.376965284347534
native_GAT_focal_loss,42,native,GAT,focal_loss,PGExplainer,165001,False,0.4658305048942566,,1,,no_aplica,,,menos_de_2_aristas,,menos_de_2_aristas,3.376493692398072
native_GAT_focal_loss,42,native,GAT,focal_loss,PGExplainer,168077,True,0.5660082697868347,,1,,no_aplica,,,menos_de_2_aristas,,menos_de_2_aristas,3.37695860862732
native_GAT_focal_loss,42,native,GAT,focal_loss,PGExplainer,168167,False,0.4740435779094696,,1,,no_aplica,,,menos_de_2_aristas,,menos_de_2_aristas,3.376649141311645
native_GAT_focal_loss,42,native,GAT,focal_loss,PGExplainer,168250,False,0.2921797335147857,,1,,no_aplica,,,menos_de_2_aristas,,menos_de_2_aristas,3.3766069412231445
native_GAT_focal_loss,42,native,GAT,focal_loss,PGExplainer,170168,False,0.4619022309780121,,2,,no_aplica,,1.0,,1.0,,3.3765463829040527
native_GAT_focal_loss,42,native,GAT,focal_loss,PGExplainer,170185,True,0.5451522469520569,,2,,no_aplica,,-0.1999999999999999,,0.4,,3.376542329788208
native_GAT_focal_loss,42,native,GAT,focal_loss,PGExplainer,171111,False,0.4541816711425781,,2,,no_aplica,,1.0,,0.4,,3.3767035007476807
native_GAT_focal_loss,42,native,GAT,focal_loss,PGExplainer,171381,True,0.6440352201461792,,2,,no_aplica,,1.0,,0.6,,3.3765523433685303
native_GAT_focal_loss,42,native,GAT,focal_loss,PGExplainer,172466,True,0.70393967628479,,2,,no_aplica,,1.0,,1.0,,3.377011299133301
native_GAT_focal_loss,42,native,GAT,focal_loss,PGExplainer,172476,True,0.5637995600700378,,2,,no_aplica,,1.0,,1.0,,3.3764944076538086
native_GAT_focal_loss,42,native,GAT,focal_loss,PGExplainer,172625,False,0.1855496168136596,,1,,no_aplica,,,menos_de_2_aristas,,menos_de_2_aristas,3.376847982406616
native_GAT_focal_loss,42,native,GAT,focal_loss,PGExplainer,172800,False,0.381672739982605,,1,,no_aplica,,,menos_de_2_aristas,,menos_de_2_aristas,3.376773834228516
native_GAT_focal_loss,42,native,GAT,focal_loss,PGExplainer,173595,True,0.5330691337585449,,1,,no_aplica,,,menos_de_2_aristas,,menos_de_2_aristas,3.3765666484832764
native_GAT_focal_loss,42,native,GAT,focal_loss,ShapleyFeatures,139670,False,0.2834627330303192,,0,0.9977116531165316,,0.950251059938482,,no_aplica,,no_aplica,0.8353736996650696
native_GAT_focal_loss,42,native,GAT,focal_loss,ShapleyFeatures,139873,True,0.6026118993759155,,0,0.9969788487460272,,0.9410873721838888,,no_aplica,,no_aplica,0.840096652507782
native_GAT_focal_loss,42,native,GAT,focal_loss,ShapleyFeatures,140575,True,0.519086480140686,,0,0.9946852751920828,,0.9063371851359217,,no_aplica,,no_aplica,0.8429573178291321
native_GAT_focal_loss,42,native,GAT,focal_loss,ShapleyFeatures,141068,True,0.598205029964447,,0,0.9997381910949896,,0.9999783855682104,,no_aplica,,no_aplica,0.8313893675804138
native_GAT_focal_loss,42,native,GAT,focal_loss,ShapleyFeatures,148220,True,0.6083115339279175,,0,0.998925496595577,,0.9541823925513342,,no_aplica,,no_aplica,0.8254483342170715
native_GAT_focal_loss,42,native,GAT,focal_loss,ShapleyFeatures,150129,False,0.219166949391365,,0,,vector_constante,,,no_aplica,,no_aplica,0.6518055200576782
native_GAT_focal_loss,42,native,GAT,focal_loss,ShapleyFeatures,150346,False,0.4589403569698334,,0,,vector_constante,,,no_aplica,,no_aplica,0.6607130765914917
native_GAT_focal_loss,42,native,GAT,focal_loss,ShapleyFeatures,150528,False,0.4995791912078857,,0,0.9980384122919336,,0.9368875218222628,,no_aplica,,no_aplica,0.9020197987556458
native_GAT_focal_loss,42,native,GAT,focal_loss,ShapleyFeatures,152223,False,0.1334516555070877,,0,0.991679697144268,,0.9450353312827332,,no_aplica,,no_aplica,0.8825855851173401
native_GAT_focal_loss,42,native,GAT,focal_loss,ShapleyFeatures,152280,False,0.3747446238994598,,0,0.9963540580856822,,0.968881037492726,,no_aplica,,no_aplica,0.8425569534301758
native_GAT_focal_loss,42,native,GAT,focal_loss,ShapleyFeatures,153599,False,0.3941068947315216,,0,0.9979105994169482,,0.968179399783856,,no_aplica,,no_aplica,0.8318024277687073
native_GAT_focal_loss,42,native,GAT,focal_loss,ShapleyFeatures,155856,False,0.38877934217453,,0,0.995304477384374,,0.938561808961676,,no_aplica,,no_aplica,0.8379124999046326
native_GAT_focal_loss,42,native,GAT,focal_loss,ShapleyFeatures,158611,False,0.1861002594232559,,0,0.9933256553376326,,0.884704464211489,,no_aplica,,no_aplica,0.8267295360565186
native_GAT_focal_loss,42,native,GAT,focal_loss,ShapleyFeatures,158949,False,0.4614847600460052,,0,0.9996046558880728,,0.954974644608862,,no_aplica,,no_aplica,0.8399780988693237
native_GAT_focal_loss,42,native,GAT,focal_loss,ShapleyFeatures,159862,False,0.2584241926670074,,0,,vector_constante,,,no_aplica,,no_aplica,0.659485936164856
native_GAT_focal_loss,42,native,GAT,focal_loss,ShapleyFeatures,161504,True,0.5667645335197449,,0,0.9907311023693216,,0.941587829412254,,no_aplica,,no_aplica,0.8382937908172607
native_GAT_focal_loss,42,native,GAT,focal_loss,ShapleyFeatures,163852,False,0.4581532478332519,,0,0.9976401702598888,,0.981012552996924,,no_aplica,,no_aplica,0.8377304673194885
native_GAT_focal_loss,42,native,GAT,focal_loss,ShapleyFeatures,165001,False,0.4658305048942566,,0,0.9986741084815192,,0.9546628979965084,,no_aplica,,no_aplica,0.8464187979698181
native_GAT_focal_loss,42,native,GAT,focal_loss,ShapleyFeatures,168077,True,0.5660082697868347,,0,0.9949431894131802,,0.9598046387895918,,no_aplica,,no_aplica,0.8524037003517151
native_GAT_focal_loss,42,native,GAT,focal_loss,ShapleyFeatures,168167,False,0.4740435779094696,,0,0.9992659556611264,,0.9998644941391636,,no_aplica,,no_aplica,0.8425032496452332
native_GAT_focal_loss,42,native,GAT,focal_loss,ShapleyFeatures,168250,False,0.2921797335147857,,0,0.9950678958583256,,0.8496392052539695,,no_aplica,,no_aplica,0.8312411904335022
native_GAT_focal_loss,42,native,GAT,focal_loss,ShapleyFeatures,170168,False,0.4619022309780121,,0,0.996136854145242,,0.9679524482500624,,no_aplica,,no_aplica,0.8331609964370728
native_GAT_focal_loss,42,native,GAT,focal_loss,ShapleyFeatures,170185,True,0.5451522469520569,,0,0.999032547290818,,0.9999334940560314,,no_aplica,,no_aplica,0.8214760422706604
native_GAT_focal_loss,42,native,GAT,focal_loss,ShapleyFeatures,171111,False,0.4541816711425781,,0,0.9992462650768528,,0.9632562972815696,,no_aplica,,no_aplica,0.8292513489723206
native_GAT_focal_loss,42,native,GAT,focal_loss,ShapleyFeatures,171381,True,0.6440352201461792,,0,0.996403214501368,,0.9635705378668218,,no_aplica,,no_aplica,0.8423983454704285
native_GAT_focal_loss,42,native,GAT,focal_loss,ShapleyFeatures,172466,True,0.70393967628479,,0,0.9982593952456382,,0.9731540443927176,,no_aplica,,no_aplica,0.8454872965812683
native_GAT_focal_loss,42,native,GAT,focal_loss,ShapleyFeatures,172476,True,0.5637995600700378,,0,0.996165248452224,,0.9411987696400368,,no_aplica,,no_aplica,0.8353578448295593
native_GAT_focal_loss,42,native,GAT,focal_loss,ShapleyFeatures,172625,False,0.1855496168136596,,0,0.9948888950536798,,0.900859589325796,,no_aplica,,no_aplica,0.8326482176780701
native_GAT_focal_loss,42,native,GAT,focal_loss,ShapleyFeatures,172800,False,0.381672739982605,,0,0.9993929731880374,,0.9411713359381494,,no_aplica,,no_aplica,0.8363673090934753
native_GAT_focal_loss,42,native,GAT,focal_loss,ShapleyFeatures,173595,True,0.5330691337585449,,0,0.9996945759339102,,0.9999509518663232,,no_aplica,,no_aplica,0.838875949382782
native_GAT_none,42,native,GAT,none,GNNExplainer,139670,False,0.0642639771103859,,1,0.9570865486782651,,0.8832047551749937,,menos_de_2_aristas,,menos_de_2_aristas,1.2743957042694092
native_GAT_none,42,native,GAT,none,GNNExplainer,139873,True,0.9357907772064208,,1,0.9404077585876348,,0.8190464710283483,,menos_de_2_aristas,,menos_de_2_aristas,1.2619705200195312
native_GAT_none,42,native,GAT,none,GNNExplainer,140575,True,0.5290226340293884,,2,0.9308115250818852,,0.7615238174411839,0.1999999999999999,,0.6,,1.2846858501434326
native_GAT_none,42,native,GAT,none,GNNExplainer,141068,False,0.3712125420570373,,1,0.945828239519417,,0.7821389974228947,,menos_de_2_aristas,,menos_de_2_aristas,1.3557966947555542
native_GAT_none,42,native,GAT,none,GNNExplainer,148220,True,0.7950072288513184,,2,0.9585526827912147,,0.6695485909053123,0.1999999999999999,,0.6,,1.2852270603179932
native_GAT_none,42,native,GAT,none,GNNExplainer,150129,False,0.0002982338191941,,0,0.8110345758661202,,0.32995760246072,,menos_de_2_aristas,,menos_de_2_aristas,1.2070133686065674
native_GAT_none,42,native,GAT,none,GNNExplainer,150346,False,0.3860760033130646,,0,0.9426114415960316,,0.8416219137085378,,menos_de_2_aristas,,menos_de_2_aristas,1.3069332838058472
native_GAT_none,42,native,GAT,none,GNNExplainer,150528,True,0.8114442229270935,,2,0.9637063994177256,,0.7806218305761078,0.1999999999999999,,0.6,,1.293534755706787
native_GAT_none,42,native,GAT,none,GNNExplainer,152223,False,0.1957453042268753,,2,0.97685265958906,,0.8105278909302518,0.1999999999999999,,0.6,,1.2691526412963867
native_GAT_none,42,native,GAT,none,GNNExplainer,152280,False,0.0199277326464653,,1,0.9273165517609964,,0.9430567794496634,,menos_de_2_aristas,,menos_de_2_aristas,1.2842168807983398
native_GAT_none,42,native,GAT,none,GNNExplainer,153599,False,0.1182025149464607,,2,0.9661259917843676,,0.8846047052955358,-0.1999999999999999,,0.4,,1.3055256605148315
native_GAT_none,42,native,GAT,none,GNNExplainer,155856,True,0.5790435075759888,,2,0.9689367731586688,,0.8331407432039238,-0.1999999999999999,,0.4,,1.3090424537658691
native_GAT_none,42,native,GAT,none,GNNExplainer,158611,False,0.0540440753102302,,3,0.910199453361931,,0.7593523983706044,0.1,,0.5333333333333332,,1.266671657562256
native_GAT_none,42,native,GAT,none,GNNExplainer,158949,False,0.3670625388622284,,2,0.9806646299285224,,0.8537925014548176,0.1999999999999999,,0.6,,1.2688676118850708
native_GAT_none,42,native,GAT,none,GNNExplainer,159862,False,6.908374052727595e-05,,0,0.850766076098336,,0.2736727907556738,,menos_de_2_aristas,,menos_de_2_aristas,1.1680320501327517
native_GAT_none,42,native,GAT,none,GNNExplainer,161504,True,0.6666958928108215,,2,0.936703038854904,,0.8079158699808795,0.1999999999999999,,0.6,,1.2923898696899414
native_GAT_none,42,native,GAT,none,GNNExplainer,163852,False,0.0647487118840217,,2,0.9593721104371185,,0.7423592983622912,-0.1999999999999999,,0.4,,1.303094744682312
native_GAT_none,42,native,GAT,none,GNNExplainer,165001,False,0.3616575598716736,,1,0.9719994805564748,,0.9133103333610444,,menos_de_2_aristas,,menos_de_2_aristas,1.3052219152450562
native_GAT_none,42,native,GAT,none,GNNExplainer,168077,True,0.8711919784545898,,1,0.9090122090723456,,0.9421971901238674,,menos_de_2_aristas,,menos_de_2_aristas,1.3032017946243286
native_GAT_none,42,native,GAT,none,GNNExplainer,168167,False,0.3108737468719482,,1,0.9409429314966202,,0.7236769473771718,,menos_de_2_aristas,,menos_de_2_aristas,1.29344379901886
native_GAT_none,42,native,GAT,none,GNNExplainer,168250,False,0.140342116355896,,1,0.9629283701172276,,0.91197855183307,,menos_de_2_aristas,,menos_de_2_aristas,1.2968372106552124
native_GAT_none,42,native,GAT,none,GNNExplainer,170168,False,0.015911690890789,,2,0.969682548569509,,0.836412835647186,-0.1999999999999999,,0.4,,1.288543701171875
native_GAT_none,42,native,GAT,none,GNNExplainer,170185,False,0.2454113215208053,,2,0.9555209674710262,,0.8466971485576524,0.1999999999999999,,0.6,,1.273338794708252
native_GAT_none,42,native,GAT,none,GNNExplainer,171111,False,0.0202215053141117,,2,0.9662975197357372,,0.8926619004073488,0.1999999999999999,,0.6,,1.2753432989120483
native_GAT_none,42,native,GAT,none,GNNExplainer,171381,True,0.7472406029701233,,2,0.967170425352882,,0.91434034416826,-0.1999999999999999,,0.4,,1.2645548582077026
native_GAT_none,42,native,GAT,none,GNNExplainer,172466,True,0.9322985410690308,,2,0.9621735181191524,,0.8683506525895751,0.1999999999999999,,0.6,,1.2635222673416138
native_GAT_none,42,native,GAT,none,GNNExplainer,172476,True,0.6988752484321594,,2,0.9718016529837268,,0.9566647269099676,0.1999999999999999,,0.6,,1.278127670288086
native_GAT_none,42,native,GAT,none,GNNExplainer,172625,False,0.0238420851528644,,1,0.9525613637235087,,0.967757087039654,,menos_de_2_aristas,,menos_de_2_aristas,1.2679835557937622
native_GAT_none,42,native,GAT,none,GNNExplainer,172800,False,0.1372301578521728,,1,0.9091146341463416,,0.9026028763820768,,menos_de_2_aristas,,menos_de_2_aristas,1.2597346305847168
native_GAT_none,42,native,GAT,none,GNNExplainer,173595,True,0.5592608451843262,,1,0.9366312608007176,,0.8515346246570787,,menos_de_2_aristas,,menos_de_2_aristas,1.26182758808136
native_GAT_none,42,native,GAT,none,PGExplainer,139670,False,0.0642639771103859,,1,,no_aplica,,,menos_de_2_aristas,,menos_de_2_aristas,3.2217226028442383
native_GAT_none,42,native,GAT,none,PGExplainer,139873,True,0.9357907772064208,,1,,no_aplica,,,menos_de_2_aristas,,menos_de_2_aristas,3.221874475479126
native_GAT_none,42,native,GAT,none,PGExplainer,140575,True,0.5290226340293884,,2,,no_aplica,,1.0,,0.4,,3.221806287765503
native_GAT_none,42,native,GAT,none,PGExplainer,141068,False,0.3712125420570373,,1,,no_aplica,,,menos_de_2_aristas,,menos_de_2_aristas,3.22176456451416
native_GAT_none,42,native,GAT,none,PGExplainer,148220,True,0.7950072288513184,,2,,no_aplica,,1.0,,1.0,,3.221611499786377
native_GAT_none,42,native,GAT,none,PGExplainer,150129,False,0.0002982338191941,,0,,no_aplica,,,menos_de_2_aristas,,menos_de_2_aristas,3.221187829971313
native_GAT_none,42,native,GAT,none,PGExplainer,150346,False,0.3860760033130646,,0,,no_aplica,,,menos_de_2_aristas,,menos_de_2_aristas,3.220967531204224
native_GAT_none,42,native,GAT,none,PGExplainer,150528,True,0.8114442229270935,,2,,no_aplica,,,vector_constante,1.0,,3.2215585708618164
native_GAT_none,42,native,GAT,none,PGExplainer,152223,False,0.1957453042268753,,2,,no_aplica,,1.0,,1.0,,3.2216684818267822
native_GAT_none,42,native,GAT,none,PGExplainer,152280,False,0.0199277326464653,,1,,no_aplica,,,menos_de_2_aristas,,menos_de_2_aristas,3.221498727798462
native_GAT_none,42,native,GAT,none,PGExplainer,153599,False,0.1182025149464607,,2,,no_aplica,,1.0,,1.0,,3.2216742038726807
native_GAT_none,42,native,GAT,none,PGExplainer,155856,True,0.5790435075759888,,2,,no_aplica,,,vector_constante,1.0,,3.221498489379883
native_GAT_none,42,native,GAT,none,PGExplainer,158611,False,0.0540440753102302,,3,,no_aplica,,1.0,,1.0,,3.221586227416992
native_GAT_none,42,native,GAT,none,PGExplainer,158949,False,0.3670625388622284,,2,,no_aplica,,1.0,,0.4,,3.22165846824646
native_GAT_none,42,native,GAT,none,PGExplainer,159862,False,6.908374052727595e-05,,0,,no_aplica,,,menos_de_2_aristas,,menos_de_2_aristas,3.2212133407592773
native_GAT_none,42,native,GAT,none,PGExplainer,161504,True,0.6666958928108215,,2,,no_aplica,,1.0,,0.4,,3.221676111221313
native_GAT_none,42,native,GAT,none,PGExplainer,163852,False,0.0647487118840217,,2,,no_aplica,,-0.3333333333333333,,0.4,,3.221632719039917
native_GAT_none,42,native,GAT,none,PGExplainer,165001,False,0.3616575598716736,,1,,no_aplica,,,menos_de_2_aristas,,menos_de_2_aristas,3.2216265201568604
native_GAT_none,42,native,GAT,none,PGExplainer,168077,True,0.8711919784545898,,1,,no_aplica,,,menos_de_2_aristas,,menos_de_2_aristas,3.2219483852386475
native_GAT_none,42,native,GAT,none,PGExplainer,168167,False,0.3108737468719482,,1,,no_aplica,,,menos_de_2_aristas,,menos_de_2_aristas,3.2217767238616943
native_GAT_none,42,native,GAT,none,PGExplainer,168250,False,0.140342116355896,,1,,no_aplica,,,menos_de_2_aristas,,menos_de_2_aristas,3.221691131591797
native_GAT_none,42,native,GAT,none,PGExplainer,170168,False,0.015911690890789,,2,,no_aplica,,1.0,,1.0,,3.2217416763305664
native_GAT_none,42,native,GAT,none,PGExplainer,170185,False,0.2454113215208053,,2,,no_aplica,,1.0,,0.4,,3.221646308898926
native_GAT_none,42,native,GAT,none,PGExplainer,171111,False,0.0202215053141117,,2,,no_aplica,,,vector_constante,0.6,,3.221879482269287
native_GAT_none,42,native,GAT,none,PGExplainer,171381,True,0.7472406029701233,,2,,no_aplica,,1.0,,0.4,,3.2217941284179688
native_GAT_none,42,native,GAT,none,PGExplainer,172466,True,0.9322985410690308,,2,,no_aplica,,1.0,,1.0,,3.221749782562256
native_GAT_none,42,native,GAT,none,PGExplainer,172476,True,0.6988752484321594,,2,,no_aplica,,,vector_constante,1.0,,3.221565723419189
native_GAT_none,42,native,GAT,none,PGExplainer,172625,False,0.0238420851528644,,1,,no_aplica,,,menos_de_2_aristas,,menos_de_2_aristas,3.221588611602783
native_GAT_none,42,native,GAT,none,PGExplainer,172800,False,0.1372301578521728,,1,,no_aplica,,,menos_de_2_aristas,,menos_de_2_aristas,3.221952199935913
native_GAT_none,42,native,GAT,none,PGExplainer,173595,True,0.5592608451843262,,1,,no_aplica,,,menos_de_2_aristas,,menos_de_2_aristas,3.2216899394989014
native_GAT_none,42,native,GAT,none,ShapleyFeatures,139670,False,0.0642639771103859,,0,0.9980192411924124,,0.9460121373347744,,no_aplica,,no_aplica,0.820435106754303
native_GAT_none,42,native,GAT,none,ShapleyFeatures,139873,True,0.9357907772064208,,0,0.9983573368447042,,0.9635555740294288,,no_aplica,,no_aplica,0.8096525073051453
native_GAT_none,42,native,GAT,none,ShapleyFeatures,140575,True,0.5290226340293884,,0,0.9924998750403536,,0.8860295951450661,,no_aplica,,no_aplica,0.8020228743553162
native_GAT_none,42,native,GAT,none,ShapleyFeatures,141068,False,0.3712125420570373,,0,0.9998893450791246,,0.9688544351151386,,no_aplica,,no_aplica,0.811882495880127
native_GAT_none,42,native,GAT,none,ShapleyFeatures,148220,True,0.7950072288513184,,0,0.9996272016206176,,0.9999650843794166,,no_aplica,,no_aplica,0.8040902018547058
native_GAT_none,42,native,GAT,none,ShapleyFeatures,150129,False,0.0002982338191941,,0,,vector_constante,,,no_aplica,,no_aplica,0.6327236890792847
native_GAT_none,42,native,GAT,none,ShapleyFeatures,150346,False,0.3860760033130646,,0,,vector_constante,,,no_aplica,,no_aplica,0.6325498819351196
native_GAT_none,42,native,GAT,none,ShapleyFeatures,150528,True,0.8114442229270935,,0,0.9948780765400482,,0.9095269764735224,,no_aplica,,no_aplica,0.8069029450416565
native_GAT_none,42,native,GAT,none,ShapleyFeatures,152223,False,0.1957453042268753,,0,0.9888401503305628,,0.7108728905145897,,no_aplica,,no_aplica,0.8031129837036133
native_GAT_none,42,native,GAT,none,ShapleyFeatures,152280,False,0.0199277326464653,,0,0.981367597449158,,0.86389392301937,,no_aplica,,no_aplica,0.8031759858131409
native_GAT_none,42,native,GAT,none,ShapleyFeatures,153599,False,0.1182025149464607,,0,0.9987637142399046,,0.963898079640868,,no_aplica,,no_aplica,0.8095809817314148
native_GAT_none,42,native,GAT,none,ShapleyFeatures,155856,True,0.5790435075759888,,0,0.9852027107454816,,0.960182891345914,,no_aplica,,no_aplica,0.8034507632255554
native_GAT_none,42,native,GAT,none,ShapleyFeatures,158611,False,0.0540440753102302,,0,0.9931258183986534,,0.8912494804223128,,no_aplica,,no_aplica,0.8039908409118652
native_GAT_none,42,native,GAT,none,ShapleyFeatures,158949,False,0.3670625388622284,,0,0.9987428521668456,,0.8218496965666306,,no_aplica,,no_aplica,0.8071041703224182
native_GAT_none,42,native,GAT,none,ShapleyFeatures,159862,False,6.908374052727595e-05,,0,,vector_constante,,,no_aplica,,no_aplica,0.6338154077529907
native_GAT_none,42,native,GAT,none,ShapleyFeatures,161504,True,0.6666958928108215,,0,0.9932469594079968,,0.940241915371186,,no_aplica,,no_aplica,0.8051616549491882
native_GAT_none,42,native,GAT,none,ShapleyFeatures,163852,False,0.0647487118840217,,0,0.991473993840191,,0.8528306592401697,,no_aplica,,no_aplica,0.8017475605010986
native_GAT_none,42,native,GAT,none,ShapleyFeatures,165001,False,0.3616575598716736,,0,0.9969230377541034,,0.912480671710034,,no_aplica,,no_aplica,0.8092633485794067
native_GAT_none,42,native,GAT,none,ShapleyFeatures,168077,True,0.8711919784545898,,0,0.9907833177382704,,0.9152464876548342,,no_aplica,,no_aplica,0.8052546977996826
native_GAT_none,42,native,GAT,none,ShapleyFeatures,168167,False,0.3108737468719482,,0,0.9995974322553526,,0.9822312744201516,,no_aplica,,no_aplica,0.805528998374939
native_GAT_none,42,native,GAT,none,ShapleyFeatures,168250,False,0.140342116355896,,0,0.9732615209329588,,0.6941624407681438,,no_aplica,,no_aplica,0.8116248846054077
native_GAT_none,42,native,GAT,none,ShapleyFeatures,170168,False,0.015911690890789,,0,0.9952474952166472,,0.9366755341258624,,no_aplica,,no_aplica,0.799443244934082
native_GAT_none,42,native,GAT,none,ShapleyFeatures,170185,False,0.2454113215208053,,0,0.9966966561190326,,0.9579948457893424,,no_aplica,,no_aplica,0.8047276139259338
native_GAT_none,42,native,GAT,none,ShapleyFeatures,171111,False,0.0202215053141117,,0,0.9919128608893728,,0.8997555906559148,,no_aplica,,no_aplica,0.8105347156524658
native_GAT_none,42,native,GAT,none,ShapleyFeatures,171381,True,0.7472406029701233,,0,0.9796082065424188,,0.763906392883864,,no_aplica,,no_aplica,0.801557719707489
native_GAT_none,42,native,GAT,none,ShapleyFeatures,172466,True,0.9322985410690308,,0,0.9981914072803544,,0.9537002244575608,,no_aplica,,no_aplica,0.806281566619873
native_GAT_none,42,native,GAT,none,ShapleyFeatures,172476,True,0.6988752484321594,,0,0.9912265743852082,,0.9025222379250144,,no_aplica,,no_aplica,0.8055320978164673
native_GAT_none,42,native,GAT,none,ShapleyFeatures,172625,False,0.0238420851528644,,0,0.9732585235941964,,0.6882774960512095,,no_aplica,,no_aplica,0.8070527911186218
native_GAT_none,42,native,GAT,none,ShapleyFeatures,172800,False,0.1372301578521728,,0,0.9968240280840934,,0.9022686840136338,,no_aplica,,no_aplica,0.8109748363494873
native_GAT_none,42,native,GAT,none,ShapleyFeatures,173595,True,0.5592608451843262,,0,0.9998426146470892,,0.973378501953612,,no_aplica,,no_aplica,0.8059225082397461
1:10_GAT_none,42,1:10,GAT,none,GNNExplainer,139670,False,0.3238511383533478,,1,0.8984657572472713,,0.7512943719344916,,menos_de_2_aristas,,menos_de_2_aristas,1.4391000270843506
1:10_GAT_none,42,1:10,GAT,none,GNNExplainer,139873,True,0.7787539958953857,,1,0.9599825261970104,,0.950196192534708,,menos_de_2_aristas,,menos_de_2_aristas,1.2271924018859863
1:10_GAT_none,42,1:10,GAT,none,GNNExplainer,140575,True,0.5672764182090759,,2,0.9277961082853744,,0.8581685925679607,0.1999999999999999,,0.6,,1.2336033582687378
1:10_GAT_none,42,1:10,GAT,none,GNNExplainer,141068,True,0.7579365372657776,,1,0.9595420539427584,,0.939285061102336,,menos_de_2_aristas,,menos_de_2_aristas,1.2352793216705322
1:10_GAT_none,42,1:10,GAT,none,GNNExplainer,148220,True,0.7111385464668274,,2,0.9609010286349736,,0.7591620251059938,0.1999999999999999,,0.6,,1.2433596849441528
1:10_GAT_none,42,1:10,GAT,none,GNNExplainer,150129,False,0.0359421819448471,,0,0.8959139179566431,,0.8516875883282069,,menos_de_2_aristas,,menos_de_2_aristas,1.1284997463226318
1:10_GAT_none,42,1:10,GAT,none,GNNExplainer,150346,False,0.4478353559970855,,0,0.9299481256252106,,0.7089450494637959,,menos_de_2_aristas,,menos_de_2_aristas,1.1335582733154297
1:10_GAT_none,42,1:10,GAT,none,GNNExplainer,150528,True,0.6371578574180603,,2,0.9792713173954428,,0.7469382326045391,-0.1999999999999999,,0.4,,1.2338441610336304
1:10_GAT_none,42,1:10,GAT,none,GNNExplainer,152223,False,0.0608618818223476,,2,0.9692283214001594,,0.8927974062681854,0.1999999999999999,,0.6,,1.225859761238098
1:10_GAT_none,42,1:10,GAT,none,GNNExplainer,152280,False,0.3574708104133606,,1,0.8790767462989685,,0.802759996674703,,menos_de_2_aristas,,menos_de_2_aristas,1.2527527809143066
1:10_GAT_none,42,1:10,GAT,none,GNNExplainer,153599,False,0.4355397820472717,,2,0.9674438692251416,,0.9233585501704216,0.1999999999999999,,0.6,,1.3194197416305542
1:10_GAT_none,42,1:10,GAT,none,GNNExplainer,155856,True,0.5072177052497864,,2,0.9686884106402888,,0.8042364286308089,0.1999999999999999,,0.6,,1.2783995866775513
1:10_GAT_none,42,1:10,GAT,none,GNNExplainer,158611,False,0.0362084731459617,,3,0.9285990126283024,,0.6748075484246405,0.1,,0.5333333333333332,,1.3242168426513672
1:10_GAT_none,42,1:10,GAT,none,GNNExplainer,158949,True,0.5759432911872864,,2,0.9758704173391748,,0.939757253304514,0.1999999999999999,,0.6,,1.3010895252227783
1:10_GAT_none,42,1:10,GAT,none,GNNExplainer,159862,False,0.0763329416513443,,0,0.930854370121016,,0.8514523235514174,,menos_de_2_aristas,,menos_de_2_aristas,1.1450799703598022
1:10_GAT_none,42,1:10,GAT,none,GNNExplainer,161504,True,0.7155935764312744,,2,0.9349913278654792,,0.9214864078477014,0.1999999999999999,,0.6,,1.230802059173584
1:10_GAT_none,42,1:10,GAT,none,GNNExplainer,163852,False,0.2619019150733948,,2,0.964883249637624,,0.826865907390473,0.1999999999999999,,0.6,,1.2273716926574707
1:10_GAT_none,42,1:10,GAT,none,GNNExplainer,165001,True,0.5908875465393066,,1,0.9666282669437032,,0.9428805386981464,,menos_de_2_aristas,,menos_de_2_aristas,1.228908658027649
1:10_GAT_none,42,1:10,GAT,none,GNNExplainer,168077,True,0.794650137424469,,1,0.9073297197900296,,0.8397938315736969,,menos_de_2_aristas,,menos_de_2_aristas,1.2505437135696411
1:10_GAT_none,42,1:10,GAT,none,GNNExplainer,168167,True,0.5728363990783691,,1,0.9477684716162073,,0.9152697647352234,,menos_de_2_aristas,,menos_de_2_aristas,1.2403004169464111
1:10_GAT_none,42,1:10,GAT,none,GNNExplainer,168250,False,0.3536236584186554,,1,0.9146954947104716,,0.7451143070911963,,menos_de_2_aristas,,menos_de_2_aristas,1.2364763021469116
1:10_GAT_none,42,1:10,GAT,none,GNNExplainer,170168,False,0.4588880538940429,,2,0.9577613235541124,,0.8250428132014299,0.1999999999999999,,0.6,,1.279823660850525
1:10_GAT_none,42,1:10,GAT,none,GNNExplainer,170185,True,0.7552106976509094,,2,0.976268685963832,,0.8860985950619336,0.1999999999999999,,0.6,,1.2843672037124634
1:10_GAT_none,42,1:10,GAT,none,GNNExplainer,171111,False,0.3717832267284393,,2,0.9471950058787304,,0.8470604372765816,0.1999999999999999,,0.6,,1.2643218040466309
1:10_GAT_none,42,1:10,GAT,none,GNNExplainer,171381,True,0.7986124157905579,,2,0.9650553633025172,,0.9005910715770222,-0.1999999999999999,,0.4,,1.310737133026123
1:10_GAT_none,42,1:10,GAT,none,GNNExplainer,172466,True,0.9004330635070801,,2,0.9675527024090144,,0.910833818272508,0.1999999999999999,,0.6,,1.3044897317886353
1:10_GAT_none,42,1:10,GAT,none,GNNExplainer,172476,True,0.6817828416824341,,2,0.9773347636762756,,0.8132055864992933,-0.1999999999999999,,0.4,,1.248996019363403
1:10_GAT_none,42,1:10,GAT,none,GNNExplainer,172625,False,0.13884337246418,,1,0.9092353704829672,,0.6798187713026852,,menos_de_2_aristas,,menos_de_2_aristas,1.2383430004119873
1:10_GAT_none,42,1:10,GAT,none,GNNExplainer,172800,False,0.3775706589221954,,1,0.9032731707317074,,0.8372499792168926,,menos_de_2_aristas,,menos_de_2_aristas,1.222343683242798
1:10_GAT_none,42,1:10,GAT,none,GNNExplainer,173595,True,0.5956180095672607,,1,0.9356189760016196,,0.8509252639454651,,menos_de_2_aristas,,menos_de_2_aristas,1.223037600517273
1:10_GAT_none,42,1:10,GAT,none,PGExplainer,139670,False,0.3238511383533478,,1,,no_aplica,,,menos_de_2_aristas,,menos_de_2_aristas,3.1497511863708496
1:10_GAT_none,42,1:10,GAT,none,PGExplainer,139873,True,0.7787539958953857,,1,,no_aplica,,,menos_de_2_aristas,,menos_de_2_aristas,3.149269819259644
1:10_GAT_none,42,1:10,GAT,none,PGExplainer,140575,True,0.5672764182090759,,2,,no_aplica,,0.0,,0.4,,3.149183511734009
1:10_GAT_none,42,1:10,GAT,none,PGExplainer,141068,True,0.7579365372657776,,1,,no_aplica,,,menos_de_2_aristas,,menos_de_2_aristas,3.148751735687256
1:10_GAT_none,42,1:10,GAT,none,PGExplainer,148220,True,0.7111385464668274,,2,,no_aplica,,0.1999999999999999,,0.6,,3.1486825942993164
1:10_GAT_none,42,1:10,GAT,none,PGExplainer,150129,False,0.0359421819448471,,0,,no_aplica,,,menos_de_2_aristas,,menos_de_2_aristas,3.1480424404144287
1:10_GAT_none,42,1:10,GAT,none,PGExplainer,150346,False,0.4478353559970855,,0,,no_aplica,,,menos_de_2_aristas,,menos_de_2_aristas,3.148044347763061
1:10_GAT_none,42,1:10,GAT,none,PGExplainer,150528,True,0.6371578574180603,,2,,no_aplica,,1.0,,1.0,,3.148785352706909
1:10_GAT_none,42,1:10,GAT,none,PGExplainer,152223,False,0.0608618818223476,,2,,no_aplica,,1.0,,1.0,,3.148695707321167
1:10_GAT_none,42,1:10,GAT,none,PGExplainer,152280,False,0.3574708104133606,,1,,no_aplica,,,menos_de_2_aristas,,menos_de_2_aristas,3.1487154960632324
1:10_GAT_none,42,1:10,GAT,none,PGExplainer,153599,False,0.4355397820472717,,2,,no_aplica,,0.9999999999999998,,1.0,,3.1487958431243896
1:10_GAT_none,42,1:10,GAT,none,PGExplainer,155856,True,0.5072177052497864,,2,,no_aplica,,1.0,,1.0,,3.148752450942993
1:10_GAT_none,42,1:10,GAT,none,PGExplainer,158611,False,0.0362084731459617,,3,,no_aplica,,-0.2,,0.5999999999999999,,3.148766279220581
1:10_GAT_none,42,1:10,GAT,none,PGExplainer,158949,True,0.5759432911872864,,2,,no_aplica,,0.9999999999999998,,1.0,,3.148857355117798
1:10_GAT_none,42,1:10,GAT,none,PGExplainer,159862,False,0.0763329416513443,,0,,no_aplica,,,menos_de_2_aristas,,menos_de_2_aristas,3.1481494903564453
1:10_GAT_none,42,1:10,GAT,none,PGExplainer,161504,True,0.7155935764312744,,2,,no_aplica,,1.0,,0.4,,3.1486833095550537
1:10_GAT_none,42,1:10,GAT,none,PGExplainer,163852,False,0.2619019150733948,,2,,no_aplica,,1.0,,0.4,,3.148715019226074
1:10_GAT_none,42,1:10,GAT,none,PGExplainer,165001,True,0.5908875465393066,,1,,no_aplica,,,menos_de_2_aristas,,menos_de_2_aristas,3.148841619491577
1:10_GAT_none,42,1:10,GAT,none,PGExplainer,168077,True,0.794650137424469,,1,,no_aplica,,,menos_de_2_aristas,,menos_de_2_aristas,3.1487925052642822
1:10_GAT_none,42,1:10,GAT,none,PGExplainer,168167,True,0.5728363990783691,,1,,no_aplica,,,menos_de_2_aristas,,menos_de_2_aristas,3.1487865447998047
1:10_GAT_none,42,1:10,GAT,none,PGExplainer,168250,False,0.3536236584186554,,1,,no_aplica,,,menos_de_2_aristas,,menos_de_2_aristas,3.14879846572876
1:10_GAT_none,42,1:10,GAT,none,PGExplainer,170168,False,0.4588880538940429,,2,,no_aplica,,1.0,,1.0,,3.148869276046753
1:10_GAT_none,42,1:10,GAT,none,PGExplainer,170185,True,0.7552106976509094,,2,,no_aplica,,3.7007434154171876e-17,,0.6,,3.148916482925415
1:10_GAT_none,42,1:10,GAT,none,PGExplainer,171111,False,0.3717832267284393,,2,,no_aplica,,,vector_constante,0.6,,3.148769855499268
1:10_GAT_none,42,1:10,GAT,none,PGExplainer,171381,True,0.7986124157905579,,2,,no_aplica,,0.0,,0.4,,3.148765087127685
1:10_GAT_none,42,1:10,GAT,none,PGExplainer,172466,True,0.9004330635070801,,2,,no_aplica,,1.0,,1.0,,3.1488184928894043
1:10_GAT_none,42,1:10,GAT,none,PGExplainer,172476,True,0.6817828416824341,,2,,no_aplica,,1.0,,1.0,,3.148874998092652
1:10_GAT_none,42,1:10,GAT,none,PGExplainer,172625,False,0.13884337246418,,1,,no_aplica,,,menos_de_2_aristas,,menos_de_2_aristas,3.148803472518921
1:10_GAT_none,42,1:10,GAT,none,PGExplainer,172800,False,0.3775706589221954,,1,,no_aplica,,,menos_de_2_aristas,,menos_de_2_aristas,3.148852825164795
1:10_GAT_none,42,1:10,GAT,none,PGExplainer,173595,True,0.5956180095672607,,1,,no_aplica,,,menos_de_2_aristas,,menos_de_2_aristas,3.1489107608795166
1:10_GAT_none,42,1:10,GAT,none,ShapleyFeatures,139670,False,0.3238511383533478,,0,0.9977140921409215,,0.9684504115055284,,no_aplica,,no_aplica,0.8108780384063721
1:10_GAT_none,42,1:10,GAT,none,ShapleyFeatures,139873,True,0.7787539958953857,,0,0.9971867884673415,,0.94517083714357,,no_aplica,,no_aplica,0.8166702389717102
1:10_GAT_none,42,1:10,GAT,none,ShapleyFeatures,140575,True,0.5672764182090759,,0,0.9953926218953908,,0.954153296200848,,no_aplica,,no_aplica,0.8161640763282776
1:10_GAT_none,42,1:10,GAT,none,ShapleyFeatures,141068,True,0.7579365372657776,,0,0.9999049707019572,,0.999983373514008,,no_aplica,,no_aplica,0.8064296841621399
1:10_GAT_none,42,1:10,GAT,none,ShapleyFeatures,148220,True,0.7111385464668274,,0,0.99961144561364,,0.9821606118546844,,no_aplica,,no_aplica,0.8142738342285156
1:10_GAT_none,42,1:10,GAT,none,ShapleyFeatures,150129,False,0.0359421819448471,,0,,vector_constante,,,no_aplica,,no_aplica,0.637470006942749
1:10_GAT_none,42,1:10,GAT,none,ShapleyFeatures,150346,False,0.4478353559970855,,0,,vector_constante,,,no_aplica,,no_aplica,0.6365862488746643
1:10_GAT_none,42,1:10,GAT,none,ShapleyFeatures,150528,True,0.6371578574180603,,0,0.9976036420543462,,0.9315803474935572,,no_aplica,,no_aplica,0.8089413642883301
1:10_GAT_none,42,1:10,GAT,none,ShapleyFeatures,152223,False,0.0608618818223476,,0,0.9903837818560888,,0.8373455815113475,,no_aplica,,no_aplica,0.8087628483772278
1:10_GAT_none,42,1:10,GAT,none,ShapleyFeatures,152280,False,0.3574708104133606,,0,0.9968147625036246,,0.9634258874386898,,no_aplica,,no_aplica,0.8196046948432922
1:10_GAT_none,42,1:10,GAT,none,ShapleyFeatures,153599,False,0.4355397820472717,,0,0.997965304014693,,0.9449962590406518,,no_aplica,,no_aplica,0.8114884495735168
1:10_GAT_none,42,1:10,GAT,none,ShapleyFeatures,155856,True,0.5072177052497864,,0,0.9930939385387813,,0.9099376506775292,,no_aplica,,no_aplica,0.8072198629379272
1:10_GAT_none,42,1:10,GAT,none,ShapleyFeatures,158611,False,0.0362084731459617,,0,0.9944550231522568,,0.9305428547676452,,no_aplica,,no_aplica,0.8189005851745605
1:10_GAT_none,42,1:10,GAT,none,ShapleyFeatures,158949,True,0.5759432911872864,,0,0.9995050941917504,,0.9504854933909718,,no_aplica,,no_aplica,0.8120187520980835
1:10_GAT_none,42,1:10,GAT,none,ShapleyFeatures,159862,False,0.0763329416513443,,0,,vector_constante,,,no_aplica,,no_aplica,0.6346933841705322
1:10_GAT_none,42,1:10,GAT,none,ShapleyFeatures,161504,True,0.7155935764312744,,0,0.9930363695157768,,0.9996666389558566,,no_aplica,,no_aplica,0.8126305341720581
1:10_GAT_none,42,1:10,GAT,none,ShapleyFeatures,163852,False,0.2619019150733948,,0,0.9972293317645432,,0.9279042314406852,,no_aplica,,no_aplica,0.8151763677597046
1:10_GAT_none,42,1:10,GAT,none,ShapleyFeatures,165001,True,0.5908875465393066,,0,0.9982064962178004,,0.9149014880704962,,no_aplica,,no_aplica,0.8099257946014404
1:10_GAT_none,42,1:10,GAT,none,ShapleyFeatures,168077,True,0.794650137424469,,0,0.9943673305707794,,0.903080887854352,,no_aplica,,no_aplica,0.8113964796066284
1:10_GAT_none,42,1:10,GAT,none,ShapleyFeatures,168167,True,0.5728363990783691,,0,0.9995009514083524,,0.9999850361626073,,no_aplica,,no_aplica,0.8125830292701721
1:10_GAT_none,42,1:10,GAT,none,ShapleyFeatures,168250,False,0.3536236584186554,,0,0.9874216006879968,,0.6968858591736636,,no_aplica,,no_aplica,0.8097162842750549
1:10_GAT_none,42,1:10,GAT,none,ShapleyFeatures,170168,False,0.4588880538940429,,0,0.9951744784352922,,0.967965749438856,,no_aplica,,no_aplica,0.8143364787101746
1:10_GAT_none,42,1:10,GAT,none,ShapleyFeatures,170185,True,0.7552106976509094,,0,0.99967475195375,,0.959856180896168,,no_aplica,,no_aplica,0.8095296025276184
1:10_GAT_none,42,1:10,GAT,none,ShapleyFeatures,171111,False,0.3717832267284393,,0,0.9982153372418014,,0.9636910798902651,,no_aplica,,no_aplica,0.8087071776390076
1:10_GAT_none,42,1:10,GAT,none,ShapleyFeatures,171381,True,0.7986124157905579,,0,0.996032385255448,,0.9492559647518496,,no_aplica,,no_aplica,0.8180878162384033
1:10_GAT_none,42,1:10,GAT,none,ShapleyFeatures,172466,True,0.9004330635070801,,0,0.9977157736311074,,0.9500648432953696,,no_aplica,,no_aplica,0.8087987899780273
1:10_GAT_none,42,1:10,GAT,none,ShapleyFeatures,172476,True,0.6817828416824341,,0,0.99507219240907,,0.9067520159614266,,no_aplica,,no_aplica,0.8105824589729309
1:10_GAT_none,42,1:10,GAT,none,ShapleyFeatures,172625,False,0.13884337246418,,0,0.9854481648958304,,0.701251143070912,,no_aplica,,no_aplica,0.8132202625274658
1:10_GAT_none,42,1:10,GAT,none,ShapleyFeatures,172800,False,0.3775706589221954,,0,0.998796721999956,,0.9535946462715106,,no_aplica,,no_aplica,0.8110710382461548
1:10_GAT_none,42,1:10,GAT,none,ShapleyFeatures,173595,True,0.5956180095672607,,0,0.9995380950945216,,0.9734034416826004,,no_aplica,,no_aplica,0.8104490041732788
1:10_os_GAT_focal_loss,42,1:10_os,GAT,focal_loss,GNNExplainer,139670,False,0.460244357585907,,1,0.8822826891910747,,0.6798312411671793,,menos_de_2_aristas,,menos_de_2_aristas,1.4493035078048706
1:10_os_GAT_focal_loss,42,1:10_os,GAT,focal_loss,GNNExplainer,139873,True,0.6233112812042236,,1,0.929918820764794,,0.9043968742206336,,menos_de_2_aristas,,menos_de_2_aristas,1.290221095085144
1:10_os_GAT_focal_loss,42,1:10_os,GAT,focal_loss,GNNExplainer,140575,True,0.5442955493927002,,2,0.911129330164466,,0.9370313409260952,0.1999999999999999,,0.6,,1.3378934860229492
1:10_os_GAT_focal_loss,42,1:10_os,GAT,focal_loss,GNNExplainer,141068,True,0.564816951751709,,1,0.9460186360472396,,0.9616792750852108,,menos_de_2_aristas,,menos_de_2_aristas,1.294330596923828
1:10_os_GAT_focal_loss,42,1:10_os,GAT,focal_loss,GNNExplainer,148220,True,0.5824601054191589,,2,0.9497731442869058,,0.8547585002909635,0.1999999999999999,,0.6,,1.2763793468475342
1:10_os_GAT_focal_loss,42,1:10_os,GAT,focal_loss,GNNExplainer,150129,False,0.2473122179508209,,0,0.8565068522662317,,0.6914473356056199,,menos_de_2_aristas,,menos_de_2_aristas,1.2186431884765625
1:10_os_GAT_focal_loss,42,1:10_os,GAT,focal_loss,GNNExplainer,150346,False,0.4934308528900146,,0,0.887994896304541,,0.4302236262365949,,menos_de_2_aristas,,menos_de_2_aristas,1.1496033668518066
1:10_os_GAT_focal_loss,42,1:10_os,GAT,focal_loss,GNNExplainer,150528,True,0.5249968767166138,,2,0.9611973013829014,,0.5878626652257045,0.1999999999999999,,0.6,,1.2599955797195437
1:10_os_GAT_focal_loss,42,1:10_os,GAT,focal_loss,GNNExplainer,152223,False,0.4617646634578705,,2,0.9329204729377556,,0.6944800066505945,0.1999999999999999,,0.6,,1.2659436464309692
1:10_os_GAT_focal_loss,42,1:10_os,GAT,focal_loss,GNNExplainer,152280,True,0.5887463092803955,,1,0.8846876169098392,,0.9471801479757254,,menos_de_2_aristas,,menos_de_2_aristas,1.293849229812622
1:10_os_GAT_focal_loss,42,1:10_os,GAT,focal_loss,GNNExplainer,153599,True,0.5276190042495728,,2,0.9598365314276066,,0.921612769141242,0.1999999999999999,,0.6,,1.222006916999817
1:10_os_GAT_focal_loss,42,1:10_os,GAT,focal_loss,GNNExplainer,155856,True,0.527429461479187,,2,0.929102259056276,,0.8309236012968659,0.1999999999999999,,0.6,,1.2249912023544312
1:10_os_GAT_focal_loss,42,1:10_os,GAT,focal_loss,GNNExplainer,158611,False,0.4300636649131775,,3,0.8813506560191697,,0.6844567295702053,0.1,,0.5333333333333332,,1.2272330522537231
1:10_os_GAT_focal_loss,42,1:10_os,GAT,focal_loss,GNNExplainer,158949,True,0.5088831186294556,,2,0.9528291445699792,,0.9119203591320976,0.1999999999999999,,0.6,,1.2259840965270996
1:10_os_GAT_focal_loss,42,1:10_os,GAT,focal_loss,GNNExplainer,159862,False,0.3200128674507141,,0,0.8807537848296173,,0.5085859173663645,,menos_de_2_aristas,,menos_de_2_aristas,1.1375433206558228
1:10_os_GAT_focal_loss,42,1:10_os,GAT,focal_loss,GNNExplainer,161504,True,0.5813655853271484,,2,0.9236961733037228,,0.9606625654667889,0.1999999999999999,,0.6,,1.2734062671661377
1:10_os_GAT_focal_loss,42,1:10_os,GAT,focal_loss,GNNExplainer,163852,True,0.5997472405433655,,2,0.9688767371725736,,0.7588536037908389,0.1999999999999999,,0.6,,1.2637197971343994
1:10_os_GAT_focal_loss,42,1:10_os,GAT,focal_loss,GNNExplainer,165001,True,0.576730489730835,,1,0.9485345967540366,,0.9504913126610692,,menos_de_2_aristas,,menos_de_2_aristas,1.2645853757858276
1:10_os_GAT_focal_loss,42,1:10_os,GAT,focal_loss,GNNExplainer,168077,True,0.6252245903015137,,1,0.8845518351026866,,0.9237525978884362,,menos_de_2_aristas,,menos_de_2_aristas,1.305802583694458
1:10_os_GAT_focal_loss,42,1:10_os,GAT,focal_loss,GNNExplainer,168167,True,0.538621723651886,,1,0.926859421234766,,0.869048965001247,,menos_de_2_aristas,,menos_de_2_aristas,1.312409281730652
1:10_os_GAT_focal_loss,42,1:10_os,GAT,focal_loss,GNNExplainer,168250,True,0.504867434501648,,1,0.9404520266314484,,0.9327300689999168,,menos_de_2_aristas,,menos_de_2_aristas,1.3044073581695557
1:10_os_GAT_focal_loss,42,1:10_os,GAT,focal_loss,GNNExplainer,170168,True,0.5583433508872986,,2,0.9648160797267792,,0.9450802227949122,0.1999999999999999,,0.6,,1.2817728519439695
1:10_os_GAT_focal_loss,42,1:10_os,GAT,focal_loss,GNNExplainer,170185,False,0.4938324093818664,,2,0.9414282514976764,,0.67946795244825,0.1999999999999999,,0.6,,1.287505030632019
1:10_os_GAT_focal_loss,42,1:10_os,GAT,focal_loss,GNNExplainer,171111,False,0.3946433067321777,,2,0.906320474777448,,0.9010906974810874,0.1999999999999999,,0.6,,1.2604271173477173
1:10_os_GAT_focal_loss,42,1:10_os,GAT,focal_loss,GNNExplainer,171381,True,0.6153853535652161,,2,0.928561278566294,,0.7859439687422064,0.1999999999999999,,0.6,,1.2952892780303955
1:10_os_GAT_focal_loss,42,1:10_os,GAT,focal_loss,GNNExplainer,172466,True,0.6393284201622009,,2,0.9393979414993506,,0.8874528223459972,0.1999999999999999,,0.6,,1.3260092735290527
1:10_os_GAT_focal_loss,42,1:10_os,GAT,focal_loss,GNNExplainer,172476,True,0.5402668118476868,,2,0.964850241439315,,0.8718413833236346,0.1999999999999999,,0.6,,1.2765800952911377
1:10_os_GAT_focal_loss,42,1:10_os,GAT,focal_loss,GNNExplainer,172625,False,0.4818843305110931,,1,0.9010511670199772,,0.6518172749189459,,menos_de_2_aristas,,menos_de_2_aristas,1.2574061155319214
1:10_os_GAT_focal_loss,42,1:10_os,GAT,focal_loss,GNNExplainer,172800,False,0.4791179895401001,,1,0.8688560975609757,,0.5176224125031175,,menos_de_2_aristas,,menos_de_2_aristas,1.30439555644989
1:10_os_GAT_focal_loss,42,1:10_os,GAT,focal_loss,GNNExplainer,173595,True,0.5336583256721497,,1,0.9252618563857096,,0.7956530052373431,,menos_de_2_aristas,,menos_de_2_aristas,1.228539228439331
1:10_os_GAT_focal_loss,42,1:10_os,GAT,focal_loss,PGExplainer,139670,False,0.460244357585907,,1,,no_aplica,,,menos_de_2_aristas,,menos_de_2_aristas,3.13677716255188
1:10_os_GAT_focal_loss,42,1:10_os,GAT,focal_loss,PGExplainer,139873,True,0.6233112812042236,,1,,no_aplica,,,menos_de_2_aristas,,menos_de_2_aristas,3.1363141536712646
1:10_os_GAT_focal_loss,42,1:10_os,GAT,focal_loss,PGExplainer,140575,True,0.5442955493927002,,2,,no_aplica,,1.0,,0.4,,3.136751413345337
1:10_os_GAT_focal_loss,42,1:10_os,GAT,focal_loss,PGExplainer,141068,True,0.564816951751709,,1,,no_aplica,,,menos_de_2_aristas,,menos_de_2_aristas,3.1363086700439453
1:10_os_GAT_focal_loss,42,1:10_os,GAT,focal_loss,PGExplainer,148220,True,0.5824601054191589,,2,,no_aplica,,1.0,,1.0,,3.1361775398254395
1:10_os_GAT_focal_loss,42,1:10_os,GAT,focal_loss,PGExplainer,150129,False,0.2473122179508209,,0,,no_aplica,,,menos_de_2_aristas,,menos_de_2_aristas,3.135828018188477
1:10_os_GAT_focal_loss,42,1:10_os,GAT,focal_loss,PGExplainer,150346,False,0.4934308528900146,,0,,no_aplica,,,menos_de_2_aristas,,menos_de_2_aristas,3.135574579238892
1:10_os_GAT_focal_loss,42,1:10_os,GAT,focal_loss,PGExplainer,150528,True,0.5249968767166138,,2,,no_aplica,,,vector_constante,1.0,,3.136214017868042
1:10_os_GAT_focal_loss,42,1:10_os,GAT,focal_loss,PGExplainer,152223,False,0.4617646634578705,,2,,no_aplica,,3.700743415417188e-17,,0.6,,3.1361658573150635
1:10_os_GAT_focal_loss,42,1:10_os,GAT,focal_loss,PGExplainer,152280,True,0.5887463092803955,,1,,no_aplica,,,menos_de_2_aristas,,menos_de_2_aristas,3.136116743087769
1:10_os_GAT_focal_loss,42,1:10_os,GAT,focal_loss,PGExplainer,153599,True,0.5276190042495728,,2,,no_aplica,,0.1999999999999999,,0.6,,3.136192560195923
1:10_os_GAT_focal_loss,42,1:10_os,GAT,focal_loss,PGExplainer,155856,True,0.527429461479187,,2,,no_aplica,,,vector_constante,1.0,,3.136162757873535
1:10_os_GAT_focal_loss,42,1:10_os,GAT,focal_loss,PGExplainer,158611,False,0.4300636649131775,,3,,no_aplica,,0.25,,0.7333333333333333,,3.1362051963806152
1:10_os_GAT_focal_loss,42,1:10_os,GAT,focal_loss,PGExplainer,158949,True,0.5088831186294556,,2,,no_aplica,,1.0,,0.6,,3.136105537414551
1:10_os_GAT_focal_loss,42,1:10_os,GAT,focal_loss,PGExplainer,159862,False,0.3200128674507141,,0,,no_aplica,,,menos_de_2_aristas,,menos_de_2_aristas,3.1356515884399414
1:10_os_GAT_focal_loss,42,1:10_os,GAT,focal_loss,PGExplainer,161504,True,0.5813655853271484,,2,,no_aplica,,1.0,,0.4,,3.1362032890319824
1:10_os_GAT_focal_loss,42,1:10_os,GAT,focal_loss,PGExplainer,163852,True,0.5997472405433655,,2,,no_aplica,,1.0,,0.6,,3.1361989974975586
1:10_os_GAT_focal_loss,42,1:10_os,GAT,focal_loss,PGExplainer,165001,True,0.576730489730835,,1,,no_aplica,,,menos_de_2_aristas,,menos_de_2_aristas,3.1362318992614746
1:10_os_GAT_focal_loss,42,1:10_os,GAT,focal_loss,PGExplainer,168077,True,0.6252245903015137,,1,,no_aplica,,,menos_de_2_aristas,,menos_de_2_aristas,3.136218309402466
1:10_os_GAT_focal_loss,42,1:10_os,GAT,focal_loss,PGExplainer,168167,True,0.538621723651886,,1,,no_aplica,,,menos_de_2_aristas,,menos_de_2_aristas,3.1361501216888428
1:10_os_GAT_focal_loss,42,1:10_os,GAT,focal_loss,PGExplainer,168250,True,0.504867434501648,,1,,no_aplica,,,menos_de_2_aristas,,menos_de_2_aristas,3.1362080574035645
1:10_os_GAT_focal_loss,42,1:10_os,GAT,focal_loss,PGExplainer,170168,True,0.5583433508872986,,2,,no_aplica,,1.0,,1.0,,3.136246919631958
1:10_os_GAT_focal_loss,42,1:10_os,GAT,focal_loss,PGExplainer,170185,False,0.4938324093818664,,2,,no_aplica,,-0.1999999999999999,,0.4,,3.136226177215576
1:10_os_GAT_focal_loss,42,1:10_os,GAT,focal_loss,PGExplainer,171111,False,0.3946433067321777,,2,,no_aplica,,,vector_constante,0.6,,3.136194944381714
1:10_os_GAT_focal_loss,42,1:10_os,GAT,focal_loss,PGExplainer,171381,True,0.6153853535652161,,2,,no_aplica,,-0.1999999999999999,,0.4,,3.136118173599243
1:10_os_GAT_focal_loss,42,1:10_os,GAT,focal_loss,PGExplainer,172466,True,0.6393284201622009,,2,,no_aplica,,1.0,,1.0,,3.1361379623413086
1:10_os_GAT_focal_loss,42,1:10_os,GAT,focal_loss,PGExplainer,172476,True,0.5402668118476868,,2,,no_aplica,,1.0,,1.0,,3.1361730098724365
1:10_os_GAT_focal_loss,42,1:10_os,GAT,focal_loss,PGExplainer,172625,False,0.4818843305110931,,1,,no_aplica,,,menos_de_2_aristas,,menos_de_2_aristas,3.1361029148101807
1:10_os_GAT_focal_loss,42,1:10_os,GAT,focal_loss,PGExplainer,172800,False,0.4791179895401001,,1,,no_aplica,,,menos_de_2_aristas,,menos_de_2_aristas,3.1362059116363525
1:10_os_GAT_focal_loss,42,1:10_os,GAT,focal_loss,PGExplainer,173595,True,0.5336583256721497,,1,,no_aplica,,,menos_de_2_aristas,,menos_de_2_aristas,3.1361403465271
1:10_os_GAT_focal_loss,42,1:10_os,GAT,focal_loss,ShapleyFeatures,139670,False,0.460244357585907,,0,0.9969598915989162,,0.9999725662981128,,no_aplica,,no_aplica,0.8113106489181519
1:10_os_GAT_focal_loss,42,1:10_os,GAT,focal_loss,ShapleyFeatures,139873,True,0.6233112812042236,,0,0.999430225221518,,0.9645207415412752,,no_aplica,,no_aplica,0.8152837157249451
1:10_os_GAT_focal_loss,42,1:10_os,GAT,focal_loss,ShapleyFeatures,140575,True,0.5442955493927002,,0,0.996883239136772,,0.999774711114806,,no_aplica,,no_aplica,0.8056982159614563
1:10_os_GAT_focal_loss,42,1:10_os,GAT,focal_loss,ShapleyFeatures,141068,True,0.564816951751709,,0,0.9995401602423568,,0.9999592651093192,,no_aplica,,no_aplica,0.808820366859436
1:10_os_GAT_focal_loss,42,1:10_os,GAT,focal_loss,ShapleyFeatures,148220,True,0.5824601054191589,,0,0.9995847166732316,,0.9582251226203342,,no_aplica,,no_aplica,0.8158493041992188
1:10_os_GAT_focal_loss,42,1:10_os,GAT,focal_loss,ShapleyFeatures,150129,False,0.2473122179508209,,0,,vector_constante,,,no_aplica,,no_aplica,0.6340029239654541
1:10_os_GAT_focal_loss,42,1:10_os,GAT,focal_loss,ShapleyFeatures,150346,False,0.4934308528900146,,0,,vector_constante,,,no_aplica,,no_aplica,0.6307468414306641
1:10_os_GAT_focal_loss,42,1:10_os,GAT,focal_loss,ShapleyFeatures,150528,True,0.5249968767166138,,0,0.9992044387537344,,0.973289550253554,,no_aplica,,no_aplica,0.8061349987983704
1:10_os_GAT_focal_loss,42,1:10_os,GAT,focal_loss,ShapleyFeatures,152223,False,0.4617646634578705,,0,0.9991591912874114,,0.963842380912794,,no_aplica,,no_aplica,0.8145052790641785
1:10_os_GAT_focal_loss,42,1:10_os,GAT,focal_loss,ShapleyFeatures,152280,True,0.5887463092803955,,0,0.9985545079966592,,0.99987280738216,,no_aplica,,no_aplica,0.807166337966919
1:10_os_GAT_focal_loss,42,1:10_os,GAT,focal_loss,ShapleyFeatures,153599,True,0.5276190042495728,,0,0.9993145743145744,,0.9686266522570456,,no_aplica,,no_aplica,0.8043027520179749
1:10_os_GAT_focal_loss,42,1:10_os,GAT,focal_loss,ShapleyFeatures,155856,True,0.527429461479187,,0,0.9986537219252336,,0.9820492143985368,,no_aplica,,no_aplica,0.8097918033599854
1:10_os_GAT_focal_loss,42,1:10_os,GAT,focal_loss,ShapleyFeatures,158611,False,0.4300636649131775,,0,0.9931118432107948,,0.9539122121539612,,no_aplica,,no_aplica,0.8054422736167908
1:10_os_GAT_focal_loss,42,1:10_os,GAT,focal_loss,ShapleyFeatures,158949,True,0.5088831186294556,,0,0.9987182964610882,,0.9728364785102668,,no_aplica,,no_aplica,0.8046789765357971
1:10_os_GAT_focal_loss,42,1:10_os,GAT,focal_loss,ShapleyFeatures,159862,False,0.3200128674507141,,0,,vector_constante,,,no_aplica,,no_aplica,0.6352254748344421
1:10_os_GAT_focal_loss,42,1:10_os,GAT,focal_loss,ShapleyFeatures,161504,True,0.5813655853271484,,0,0.9985731780114384,,0.9642522237925014,,no_aplica,,no_aplica,0.820015549659729
1:10_os_GAT_focal_loss,42,1:10_os,GAT,focal_loss,ShapleyFeatures,163852,True,0.5997472405433655,,0,0.997079281586324,,0.9821772383406768,,no_aplica,,no_aplica,0.8083359599113464
1:10_os_GAT_focal_loss,42,1:10_os,GAT,focal_loss,ShapleyFeatures,165001,True,0.576730489730835,,0,0.999422627567907,,0.9680172915454316,,no_aplica,,no_aplica,0.81047523021698
1:10_os_GAT_focal_loss,42,1:10_os,GAT,focal_loss,ShapleyFeatures,168077,True,0.6252245903015137,,0,0.99761823285657,,0.9495627234184056,,no_aplica,,no_aplica,0.8115808963775635
1:10_os_GAT_focal_loss,42,1:10_os,GAT,focal_loss,ShapleyFeatures,168167,True,0.538621723651886,,0,0.999451723287086,,0.9819685759414748,,no_aplica,,no_aplica,0.8081672787666321
1:10_os_GAT_focal_loss,42,1:10_os,GAT,focal_loss,ShapleyFeatures,168250,True,0.504867434501648,,0,0.9976763676400509,,0.9484977969906062,,no_aplica,,no_aplica,0.808418333530426
1:10_os_GAT_focal_loss,42,1:10_os,GAT,focal_loss,ShapleyFeatures,170168,True,0.5583433508872986,,0,0.9949123746100252,,0.9689666638955856,,no_aplica,,no_aplica,0.8095893859863281
1:10_os_GAT_focal_loss,42,1:10_os,GAT,focal_loss,ShapleyFeatures,170185,False,0.4938324093818664,,0,0.9965768065055844,,0.9820209493723502,,no_aplica,,no_aplica,0.8062770366668701
1:10_os_GAT_focal_loss,42,1:10_os,GAT,focal_loss,ShapleyFeatures,171111,False,0.3946433067321777,,0,0.9994013782089032,,0.973378501953612,,no_aplica,,no_aplica,0.8133006691932678
1:10_os_GAT_focal_loss,42,1:10_os,GAT,focal_loss,ShapleyFeatures,171381,True,0.6153853535652161,,0,0.9962279023034633,,0.9992476515088536,,no_aplica,,no_aplica,0.8061507940292358
1:10_os_GAT_focal_loss,42,1:10_os,GAT,focal_loss,ShapleyFeatures,172466,True,0.6393284201622009,,0,0.9997294586775636,,0.999944301271926,,no_aplica,,no_aplica,0.8088704943656921
1:10_os_GAT_focal_loss,42,1:10_os,GAT,focal_loss,ShapleyFeatures,172476,True,0.5402668118476868,,0,0.9981683017045584,,0.9613434200681686,,no_aplica,,no_aplica,0.8096839785575867
1:10_os_GAT_focal_loss,42,1:10_os,GAT,focal_loss,ShapleyFeatures,172625,False,0.4818843305110931,,0,0.9984400921019778,,0.8942206334691163,,no_aplica,,no_aplica,0.8109762072563171
1:10_os_GAT_focal_loss,42,1:10_os,GAT,focal_loss,ShapleyFeatures,172800,False,0.4791179895401001,,0,0.9995752767220571,,0.9589600133011889,,no_aplica,,no_aplica,0.8076685070991516
1:10_os_GAT_focal_loss,42,1:10_os,GAT,focal_loss,ShapleyFeatures,173595,True,0.5336583256721497,,0,0.9997527663038562,,0.9999542771635216,,no_aplica,,no_aplica,0.8159539699554443
1:10_os_GAT_none,42,1:10_os,GAT,none,GNNExplainer,139670,False,0.3204174339771271,,1,0.893315391798053,,0.7773763405104333,,menos_de_2_aristas,,menos_de_2_aristas,1.291347622871399
1:10_os_GAT_none,42,1:10_os,GAT,none,GNNExplainer,139873,True,0.7989579439163208,,1,0.9566110134257968,,0.9617964918114555,,menos_de_2_aristas,,menos_de_2_aristas,1.3367944955825806
1:10_os_GAT_none,42,1:10_os,GAT,none,GNNExplainer,140575,True,0.6067701578140259,,2,0.9278592359677994,,0.8450336686341341,0.1999999999999999,,0.6,,1.265159249305725
1:10_os_GAT_none,42,1:10_os,GAT,none,GNNExplainer,141068,True,0.7747450470924377,,1,0.9639299481162152,,0.9302535539113808,,menos_de_2_aristas,,menos_de_2_aristas,1.2789030075073242
1:10_os_GAT_none,42,1:10_os,GAT,none,GNNExplainer,148220,True,0.7423388957977295,,2,0.9590647762023906,,0.7478377254967163,0.1999999999999999,,0.6,,1.225517749786377
1:10_os_GAT_none,42,1:10_os,GAT,none,GNNExplainer,150129,False,0.0347622707486152,,0,0.8995633852579331,,0.8721406600714939,,menos_de_2_aristas,,menos_de_2_aristas,1.1306334733963013
1:10_os_GAT_none,42,1:10_os,GAT,none,GNNExplainer,150346,False,0.4491167068481445,,0,0.9290778176525132,,0.6981112311912878,,menos_de_2_aristas,,menos_de_2_aristas,1.1280337572097778
1:10_os_GAT_none,42,1:10_os,GAT,none,GNNExplainer,150528,True,0.6628699898719788,,2,0.9784110632103468,,0.7650037409593482,-0.1999999999999999,,0.4,,1.2345081567764282
1:10_os_GAT_none,42,1:10_os,GAT,none,GNNExplainer,152223,False,0.0836632251739502,,2,0.9700732450004116,,0.9056879208579268,0.1999999999999999,,0.6,,1.2243616580963137
1:10_os_GAT_none,42,1:10_os,GAT,none,GNNExplainer,152280,False,0.3714069128036499,,1,0.8686131152797818,,0.7756538365616428,,menos_de_2_aristas,,menos_de_2_aristas,1.2210413217544556
1:10_os_GAT_none,42,1:10_os,GAT,none,GNNExplainer,153599,True,0.5128884315490723,,2,0.9709540824939504,,0.9407565051126444,0.1999999999999999,,0.6,,1.237385392189026
1:10_os_GAT_none,42,1:10_os,GAT,none,GNNExplainer,155856,True,0.5079062581062317,,2,0.9684007485630264,,0.7641059107157703,0.1999999999999999,,0.6,,1.2634634971618652
1:10_os_GAT_none,42,1:10_os,GAT,none,GNNExplainer,158611,False,0.0526772029697895,,3,0.9361409598793332,,0.7054809211073241,0.1,,0.5333333333333332,,1.276212453842163
1:10_os_GAT_none,42,1:10_os,GAT,none,GNNExplainer,158949,True,0.610248863697052,,2,0.9766120013834448,,0.9396358799567712,0.1999999999999999,,0.6,,1.2482173442840576
1:10_os_GAT_none,42,1:10_os,GAT,none,GNNExplainer,159862,False,0.0656199529767036,,0,0.933047383363626,,0.8503732646105246,,menos_de_2_aristas,,menos_de_2_aristas,1.1552883386611938
1:10_os_GAT_none,42,1:10_os,GAT,none,GNNExplainer,161504,True,0.7296369075775146,,2,0.931630174217704,,0.9395095186632304,0.1999999999999999,,0.6,,1.282539963722229
1:10_os_GAT_none,42,1:10_os,GAT,none,GNNExplainer,163852,False,0.2894948720932007,,2,0.969486215969279,,0.7947235846703798,0.1999999999999999,,0.6,,1.2925214767456057
1:10_os_GAT_none,42,1:10_os,GAT,none,GNNExplainer,165001,True,0.5981445908546448,,1,0.9684748048944986,,0.943035996342173,,menos_de_2_aristas,,menos_de_2_aristas,1.2812831401824951
1:10_os_GAT_none,42,1:10_os,GAT,none,GNNExplainer,168077,True,0.7994518876075745,,1,0.9117849086457764,,0.7810000831324301,,menos_de_2_aristas,,menos_de_2_aristas,1.343851923942566
1:10_os_GAT_none,42,1:10_os,GAT,none,GNNExplainer,168167,True,0.5741002559661865,,1,0.9472544037090904,,0.9243835730318396,,menos_de_2_aristas,,menos_de_2_aristas,1.273517608642578
1:10_os_GAT_none,42,1:10_os,GAT,none,GNNExplainer,168250,False,0.351744532585144,,1,0.9182643266573176,,0.7323052622828166,,menos_de_2_aristas,,menos_de_2_aristas,1.3376178741455078
1:10_os_GAT_none,42,1:10_os,GAT,none,GNNExplainer,170168,False,0.4695197641849518,,2,0.9613397906052292,,0.8220758167761245,0.1999999999999999,,0.6,,1.2836254835128784
1:10_os_GAT_none,42,1:10_os,GAT,none,GNNExplainer,170185,True,0.7635941505432129,,2,0.97925004199093,,0.903863995344584,0.1999999999999999,,0.6,,1.2587741613388062
1:10_os_GAT_none,42,1:10_os,GAT,none,GNNExplainer,171111,False,0.3383722305297851,,2,0.9484345781311238,,0.8522113226369606,0.1999999999999999,,0.6,,1.2767481803894043
1:10_os_GAT_none,42,1:10_os,GAT,none,GNNExplainer,171381,True,0.8004642128944397,,2,0.9631776919604794,,0.927067919195278,-0.1999999999999999,,0.4,,1.2655740976333618
1:10_os_GAT_none,42,1:10_os,GAT,none,GNNExplainer,172466,True,0.91229248046875,,2,0.9631790850984392,,0.8796899160362457,0.1999999999999999,,0.6,,1.3250027894973757
1:10_os_GAT_none,42,1:10_os,GAT,none,GNNExplainer,172476,True,0.6905032992362976,,2,0.9765656326096128,,0.8419053952947044,-0.1999999999999999,,0.4,,1.3248989582061768
1:10_os_GAT_none,42,1:10_os,GAT,none,GNNExplainer,172625,False,0.1383750885725021,,1,0.909898717674834,,0.6905586499293375,,menos_de_2_aristas,,menos_de_2_aristas,1.31283438205719
1:10_os_GAT_none,42,1:10_os,GAT,none,GNNExplainer,172800,False,0.4380802810192108,,1,0.9037547425474256,,0.8550827167678111,,menos_de_2_aristas,,menos_de_2_aristas,1.314755082130432
1:10_os_GAT_none,42,1:10_os,GAT,none,GNNExplainer,173595,True,0.584175705909729,,1,0.9371440553575172,,0.8778202676864245,,menos_de_2_aristas,,menos_de_2_aristas,1.2230000495910645
1:10_os_GAT_none,42,1:10_os,GAT,none,PGExplainer,139670,False,0.3204174339771271,,1,,no_aplica,,,menos_de_2_aristas,,menos_de_2_aristas,3.1450750827789307
1:10_os_GAT_none,42,1:10_os,GAT,none,PGExplainer,139873,True,0.7989579439163208,,1,,no_aplica,,,menos_de_2_aristas,,menos_de_2_aristas,3.144958257675171
1:10_os_GAT_none,42,1:10_os,GAT,none,PGExplainer,140575,True,0.6067701578140259,,2,,no_aplica,,1.0,,0.4,,3.145005226135254
1:10_os_GAT_none,42,1:10_os,GAT,none,PGExplainer,141068,True,0.7747450470924377,,1,,no_aplica,,,menos_de_2_aristas,,menos_de_2_aristas,3.1448113918304443
1:10_os_GAT_none,42,1:10_os,GAT,none,PGExplainer,148220,True,0.7423388957977295,,2,,no_aplica,,3.7007434154171876e-17,,0.6,,3.144895553588867
1:10_os_GAT_none,42,1:10_os,GAT,none,PGExplainer,150129,False,0.0347622707486152,,0,,no_aplica,,,menos_de_2_aristas,,menos_de_2_aristas,3.144348621368408
1:10_os_GAT_none,42,1:10_os,GAT,none,PGExplainer,150346,False,0.4491167068481445,,0,,no_aplica,,,menos_de_2_aristas,,menos_de_2_aristas,3.1442666053771973
1:10_os_GAT_none,42,1:10_os,GAT,none,PGExplainer,150528,True,0.6628699898719788,,2,,no_aplica,,1.0,,1.0,,3.14493989944458
1:10_os_GAT_none,42,1:10_os,GAT,none,PGExplainer,152223,False,0.0836632251739502,,2,,no_aplica,,1.0,,1.0,,3.1448564529418945
1:10_os_GAT_none,42,1:10_os,GAT,none,PGExplainer,152280,False,0.3714069128036499,,1,,no_aplica,,,menos_de_2_aristas,,menos_de_2_aristas,3.1448895931243896
1:10_os_GAT_none,42,1:10_os,GAT,none,PGExplainer,153599,True,0.5128884315490723,,2,,no_aplica,,0.9999999999999998,,1.0,,3.144894361495972
1:10_os_GAT_none,42,1:10_os,GAT,none,PGExplainer,155856,True,0.5079062581062317,,2,,no_aplica,,1.0,,1.0,,3.1448686122894287
1:10_os_GAT_none,42,1:10_os,GAT,none,PGExplainer,158611,False,0.0526772029697895,,3,,no_aplica,,0.2,,0.7333333333333333,,3.144925355911255
1:10_os_GAT_none,42,1:10_os,GAT,none,PGExplainer,158949,True,0.610248863697052,,2,,no_aplica,,0.1999999999999999,,0.6,,3.144971370697021
1:10_os_GAT_none,42,1:10_os,GAT,none,PGExplainer,159862,False,0.0656199529767036,,0,,no_aplica,,,menos_de_2_aristas,,menos_de_2_aristas,3.144264936447144
1:10_os_GAT_none,42,1:10_os,GAT,none,PGExplainer,161504,True,0.7296369075775146,,2,,no_aplica,,1.0,,0.4,,3.1448631286621094
1:10_os_GAT_none,42,1:10_os,GAT,none,PGExplainer,163852,False,0.2894948720932007,,2,,no_aplica,,1.0,,0.6,,3.144848108291626
1:10_os_GAT_none,42,1:10_os,GAT,none,PGExplainer,165001,True,0.5981445908546448,,1,,no_aplica,,,menos_de_2_aristas,,menos_de_2_aristas,3.144897222518921
1:10_os_GAT_none,42,1:10_os,GAT,none,PGExplainer,168077,True,0.7994518876075745,,1,,no_aplica,,,menos_de_2_aristas,,menos_de_2_aristas,3.1448512077331543
1:10_os_GAT_none,42,1:10_os,GAT,none,PGExplainer,168167,True,0.5741002559661865,,1,,no_aplica,,,menos_de_2_aristas,,menos_de_2_aristas,3.144850969314575
1:10_os_GAT_none,42,1:10_os,GAT,none,PGExplainer,168250,False,0.351744532585144,,1,,no_aplica,,,menos_de_2_aristas,,menos_de_2_aristas,3.144826889038086
1:10_os_GAT_none,42,1:10_os,GAT,none,PGExplainer,170168,False,0.4695197641849518,,2,,no_aplica,,1.0,,1.0,,3.1448984146118164
1:10_os_GAT_none,42,1:10_os,GAT,none,PGExplainer,170185,True,0.7635941505432129,,2,,no_aplica,,-1.0,,0.6,,3.1449837684631348
1:10_os_GAT_none,42,1:10_os,GAT,none,PGExplainer,171111,False,0.3383722305297851,,2,,no_aplica,,1.0,,0.4,,3.144942283630371
1:10_os_GAT_none,42,1:10_os,GAT,none,PGExplainer,171381,True,0.8004642128944397,,2,,no_aplica,,1.0,,0.4,,3.144993305206299
1:10_os_GAT_none,42,1:10_os,GAT,none,PGExplainer,172466,True,0.91229248046875,,2,,no_aplica,,1.0,,1.0,,3.1448845863342285
1:10_os_GAT_none,42,1:10_os,GAT,none,PGExplainer,172476,True,0.6905032992362976,,2,,no_aplica,,1.0,,1.0,,3.1449644565582275
1:10_os_GAT_none,42,1:10_os,GAT,none,PGExplainer,172625,False,0.1383750885725021,,1,,no_aplica,,,menos_de_2_aristas,,menos_de_2_aristas,3.144939422607422
1:10_os_GAT_none,42,1:10_os,GAT,none,PGExplainer,172800,False,0.4380802810192108,,1,,no_aplica,,,menos_de_2_aristas,,menos_de_2_aristas,3.1454551219940186
1:10_os_GAT_none,42,1:10_os,GAT,none,PGExplainer,173595,True,0.584175705909729,,1,,no_aplica,,,menos_de_2_aristas,,menos_de_2_aristas,3.1450512409210205
1:10_os_GAT_none,42,1:10_os,GAT,none,ShapleyFeatures,139670,False,0.3204174339771271,,0,0.9989991869918702,,0.9641000914456728,,no_aplica,,no_aplica,0.8114244937896729
1:10_os_GAT_none,42,1:10_os,GAT,none,ShapleyFeatures,139873,True,0.7989579439163208,,0,0.9971900803774724,,0.9355823426718762,,no_aplica,,no_aplica,0.8130226135253906
1:10_os_GAT_none,42,1:10_os,GAT,none,ShapleyFeatures,140575,True,0.6067701578140259,,0,0.9931507628559948,,0.9500399035663812,,no_aplica,,no_aplica,0.809633731842041
1:10_os_GAT_none,42,1:10_os,GAT,none,ShapleyFeatures,141068,True,0.7747450470924377,,0,0.9998073902107626,,0.9999717349738134,,no_aplica,,no_aplica,0.8132727146148682
1:10_os_GAT_none,42,1:10_os,GAT,none,ShapleyFeatures,148220,True,0.7423388957977295,,0,0.9996829103595744,,0.9999218555158368,,no_aplica,,no_aplica,0.8110008239746094
1:10_os_GAT_none,42,1:10_os,GAT,none,ShapleyFeatures,150129,False,0.0347622707486152,,0,,vector_constante,,,no_aplica,,no_aplica,0.6349338293075562
1:10_os_GAT_none,42,1:10_os,GAT,none,ShapleyFeatures,150346,False,0.4491167068481445,,0,,vector_constante,,,no_aplica,,no_aplica,0.6364396810531616
1:10_os_GAT_none,42,1:10_os,GAT,none,ShapleyFeatures,150528,True,0.6628699898719788,,0,0.998046379285816,,0.9355017042148142,,no_aplica,,no_aplica,0.8101934790611267
1:10_os_GAT_none,42,1:10_os,GAT,none,ShapleyFeatures,152223,False,0.0836632251739502,,0,0.9876076043124022,,0.8405761077396292,,no_aplica,,no_aplica,0.8142331838607788
1:10_os_GAT_none,42,1:10_os,GAT,none,ShapleyFeatures,152280,False,0.3714069128036499,,0,0.9966010006163368,,0.9539097181810624,,no_aplica,,no_aplica,0.8091954588890076
1:10_os_GAT_none,42,1:10_os,GAT,none,ShapleyFeatures,153599,True,0.5128884315490723,,0,0.9982682647278012,,0.949112976972317,,no_aplica,,no_aplica,0.8126874566078186
1:10_os_GAT_none,42,1:10_os,GAT,none,ShapleyFeatures,155856,True,0.5079062581062317,,0,0.9920774758556676,,0.8925363704381079,,no_aplica,,no_aplica,0.8152797818183899
1:10_os_GAT_none,42,1:10_os,GAT,none,ShapleyFeatures,158611,False,0.0526772029697895,,0,0.9953923889635948,,0.9029944301271924,,no_aplica,,no_aplica,0.8097178339958191
1:10_os_GAT_none,42,1:10_os,GAT,none,ShapleyFeatures,158949,True,0.610248863697052,,0,0.9990975588517024,,0.9449671626901656,,no_aplica,,no_aplica,0.8134171366691589
1:10_os_GAT_none,42,1:10_os,GAT,none,ShapleyFeatures,159862,False,0.0656199529767036,,0,,vector_constante,,,no_aplica,,no_aplica,0.6345698237419128
1:10_os_GAT_none,42,1:10_os,GAT,none,ShapleyFeatures,161504,True,0.7296369075775146,,0,0.991432089527644,,0.9635988028930084,,no_aplica,,no_aplica,0.8083950281143188
1:10_os_GAT_none,42,1:10_os,GAT,none,ShapleyFeatures,163852,False,0.2894948720932007,,0,0.9973763366439424,,0.87770221963588,,no_aplica,,no_aplica,0.8085541725158691
1:10_os_GAT_none,42,1:10_os,GAT,none,ShapleyFeatures,165001,True,0.5981445908546448,,0,0.9988446893617504,,0.9171169673289552,,no_aplica,,no_aplica,0.8150985836982727
1:10_os_GAT_none,42,1:10_os,GAT,none,ShapleyFeatures,168077,True,0.7994518876075745,,0,0.9878144633070444,,0.9487613267935824,,no_aplica,,no_aplica,0.8080518841743469
1:10_os_GAT_none,42,1:10_os,GAT,none,ShapleyFeatures,168167,True,0.5741002559661865,,0,0.999711967997698,,0.9822370936902486,,no_aplica,,no_aplica,0.8118911385536194
1:10_os_GAT_none,42,1:10_os,GAT,none,ShapleyFeatures,168250,False,0.351744532585144,,0,0.9895351639743863,,0.7458176074486658,,no_aplica,,no_aplica,0.8148049116134644
1:10_os_GAT_none,42,1:10_os,GAT,none,ShapleyFeatures,170168,False,0.4695197641849518,,0,0.9966098766858212,,0.967455316318896,,no_aplica,,no_aplica,0.8106887936592102
1:10_os_GAT_none,42,1:10_os,GAT,none,ShapleyFeatures,170185,True,0.7635941505432129,,0,0.9990226591056512,,0.9688103749272592,,no_aplica,,no_aplica,0.8117844462394714
1:10_os_GAT_none,42,1:10_os,GAT,none,ShapleyFeatures,171111,False,0.3383722305297851,,0,0.99881798048447,,0.954485825920692,,no_aplica,,no_aplica,0.8163287043571472
1:10_os_GAT_none,42,1:10_os,GAT,none,ShapleyFeatures,171381,True,0.8004642128944397,,0,0.9975733509197806,,0.9067486906642284,,no_aplica,,no_aplica,0.8073450922966003
1:10_os_GAT_none,42,1:10_os,GAT,none,ShapleyFeatures,172466,True,0.91229248046875,,0,0.9983084819923576,,0.9635638872724248,,no_aplica,,no_aplica,0.809932291507721
1:10_os_GAT_none,42,1:10_os,GAT,none,ShapleyFeatures,172476,True,0.6905032992362976,,0,0.995163860886816,,0.9035397788677364,,no_aplica,,no_aplica,0.813242495059967
1:10_os_GAT_none,42,1:10_os,GAT,none,ShapleyFeatures,172625,False,0.1383750885725021,,0,0.9862931728021748,,0.6348349821265276,,no_aplica,,no_aplica,0.807153582572937
1:10_os_GAT_none,42,1:10_os,GAT,none,ShapleyFeatures,172800,False,0.4380802810192108,,0,0.9982256021808142,,0.9028988278327376,,no_aplica,,no_aplica,0.8146042227745056
1:10_os_GAT_none,42,1:10_os,GAT,none,ShapleyFeatures,173595,True,0.584175705909729,,0,0.9998471372147014,,0.973395959763904,,no_aplica,,no_aplica,0.8112053275108337
native_GraphSAGE_class_weighting_s43,43,native,GraphSAGE,class_weighting,GNNExplainer,139670,True,0.9832863807678224,,1,0.9373815375698972,,0.901803973730152,,menos_de_2_aristas,,menos_de_2_aristas,1.0742992162704468
native_GraphSAGE_class_weighting_s43,43,native,GraphSAGE,class_weighting,GNNExplainer,139873,True,0.912105917930603,,1,0.9669575315377494,,0.8445124282982791,,menos_de_2_aristas,,menos_de_2_aristas,0.8251797556877136
native_GraphSAGE_class_weighting_s43,43,native,GraphSAGE,class_weighting,GNNExplainer,140575,True,0.9383501410484314,,2,0.9504672384715074,,0.8836054534874055,0.1999999999999999,,0.6,,0.8166696429252625
native_GraphSAGE_class_weighting_s43,43,native,GraphSAGE,class_weighting,GNNExplainer,141068,True,0.9839990735054016,,1,0.9521554875730438,,0.8726161775708704,,menos_de_2_aristas,,menos_de_2_aristas,0.8135771751403809
native_GraphSAGE_class_weighting_s43,43,native,GraphSAGE,class_weighting,GNNExplainer,148220,True,0.9888973832130432,,2,0.9763430636641646,,0.8668725579848697,0.1999999999999999,,0.6,,0.8123559355735779
native_GraphSAGE_class_weighting_s43,43,native,GraphSAGE,class_weighting,GNNExplainer,150129,False,0.1755208373069763,,0,0.9370117167864008,,0.9984312910466372,,menos_de_2_aristas,,menos_de_2_aristas,0.7298426032066345
native_GraphSAGE_class_weighting_s43,43,native,GraphSAGE,class_weighting,GNNExplainer,150346,True,0.6050788164138794,,0,0.9535825597347054,,0.9202219635879958,,menos_de_2_aristas,,menos_de_2_aristas,0.7328538298606873
native_GraphSAGE_class_weighting_s43,43,native,GraphSAGE,class_weighting,GNNExplainer,150528,True,0.9810015559196472,,2,0.9738402105145288,,0.6877371352564635,-0.1999999999999999,,0.4,,0.8129513263702393
native_GraphSAGE_class_weighting_s43,43,native,GraphSAGE,class_weighting,GNNExplainer,152223,True,0.6759625673294067,,2,0.9790851233094672,,0.7328481170504614,0.1999999999999999,,0.6,,0.8068252205848694
native_GraphSAGE_class_weighting_s43,43,native,GraphSAGE,class_weighting,GNNExplainer,152280,False,0.3915185928344726,,1,0.9262652984875206,,0.8114972150635964,,menos_de_2_aristas,,menos_de_2_aristas,0.8100857138633728
native_GraphSAGE_class_weighting_s43,43,native,GraphSAGE,class_weighting,GNNExplainer,153599,True,0.925093710422516,,2,0.9677260705644024,,0.8777753761742456,0.1999999999999999,,0.6,,0.8287047147750854
native_GraphSAGE_class_weighting_s43,43,native,GraphSAGE,class_weighting,GNNExplainer,155856,True,0.5633099675178528,,2,0.97982034487368,,0.8222212985285561,0.1999999999999999,,0.6,,0.9444227814674376
native_GraphSAGE_class_weighting_s43,43,native,GraphSAGE,class_weighting,GNNExplainer,158611,False,0.4818100035190582,,3,0.9504185364862192,,0.8446820184553996,0.2,,0.5333333333333332,,0.8100141882896423
native_GraphSAGE_class_weighting_s43,43,native,GraphSAGE,class_weighting,GNNExplainer,158949,True,0.6729720234870911,,2,0.9776369033894398,,0.8918181062432456,0.1999999999999999,,0.6,,0.8103601932525635
native_GraphSAGE_class_weighting_s43,43,native,GraphSAGE,class_weighting,GNNExplainer,159862,False,0.2441250383853912,,0,0.9590074987193484,,0.998821182143154,,menos_de_2_aristas,,menos_de_2_aristas,0.7267747521400452
native_GraphSAGE_class_weighting_s43,43,native,GraphSAGE,class_weighting,GNNExplainer,161504,True,0.993922770023346,,2,0.9526386539350646,,0.9097115304680355,0.1999999999999999,,0.6,,0.8092451691627502
native_GraphSAGE_class_weighting_s43,43,native,GraphSAGE,class_weighting,GNNExplainer,163852,True,0.893932580947876,,2,0.9863353644713432,,0.8171992684346161,-0.1999999999999999,,0.4,,0.8068925738334656
native_GraphSAGE_class_weighting_s43,43,native,GraphSAGE,class_weighting,GNNExplainer,165001,True,0.9426459074020386,,1,0.9733902487045332,,0.8062698478676532,,menos_de_2_aristas,,menos_de_2_aristas,0.8069589734077454
native_GraphSAGE_class_weighting_s43,43,native,GraphSAGE,class_weighting,GNNExplainer,168077,True,0.7162960767745972,,1,0.9244462084522702,,0.8053794995427717,,menos_de_2_aristas,,menos_de_2_aristas,0.8199917078018188
native_GraphSAGE_class_weighting_s43,43,native,GraphSAGE,class_weighting,GNNExplainer,168167,True,0.5574489831924438,,1,0.9523987049389524,,0.8646071992684347,,menos_de_2_aristas,,menos_de_2_aristas,0.8061366081237793
native_GraphSAGE_class_weighting_s43,43,native,GraphSAGE,class_weighting,GNNExplainer,168250,True,0.5758352875709534,,1,0.9685550124579628,,0.6679142073322805,,menos_de_2_aristas,,menos_de_2_aristas,0.8658741116523743
native_GraphSAGE_class_weighting_s43,43,native,GraphSAGE,class_weighting,GNNExplainer,170168,True,0.9764927625656128,,2,0.9707670343205868,,0.7352539695735307,0.1999999999999999,,0.6,,0.8157711625099182
native_GraphSAGE_class_weighting_s43,43,native,GraphSAGE,class_weighting,GNNExplainer,170185,False,0.3858548402786255,,2,0.979920777112144,,0.8632172250394878,-0.1999999999999999,,0.4,,0.812597930431366
native_GraphSAGE_class_weighting_s43,43,native,GraphSAGE,class_weighting,GNNExplainer,171111,False,0.052905585616827,,2,0.9682811712670064,,0.8959115470945216,0.1999999999999999,,0.6,,0.8239102959632874
native_GraphSAGE_class_weighting_s43,43,native,GraphSAGE,class_weighting,GNNExplainer,171381,True,0.9608264565467834,,2,0.979139709447147,,0.8393557236678028,0.1999999999999999,,0.6,,0.8072923421859741
native_GraphSAGE_class_weighting_s43,43,native,GraphSAGE,class_weighting,GNNExplainer,172466,True,0.9038529992103576,,2,0.96978033000652,,0.8354011139745614,0.1999999999999999,,0.6,,0.8685060739517212
native_GraphSAGE_class_weighting_s43,43,native,GraphSAGE,class_weighting,GNNExplainer,172476,True,0.9136711955070496,,2,0.9658876996941675,,0.6750943553080057,0.1999999999999999,,0.6,,0.8701702356338501
native_GraphSAGE_class_weighting_s43,43,native,GraphSAGE,class_weighting,GNNExplainer,172625,True,0.5146076083183289,,1,0.965512245356296,,0.570182891345914,,menos_de_2_aristas,,menos_de_2_aristas,0.8617386817932129
native_GraphSAGE_class_weighting_s43,43,native,GraphSAGE,class_weighting,GNNExplainer,172800,True,0.912144124507904,,1,0.9519417344173444,,0.8754227284063514,,menos_de_2_aristas,,menos_de_2_aristas,0.9792730212211608
native_GraphSAGE_class_weighting_s43,43,native,GraphSAGE,class_weighting,GNNExplainer,173595,True,0.6002547144889832,,1,0.9618218234141476,,0.8700008313242996,,menos_de_2_aristas,,menos_de_2_aristas,0.908108413219452
native_GraphSAGE_class_weighting_s43,43,native,GraphSAGE,class_weighting,PGExplainer,139670,True,0.9832863807678224,,1,,no_aplica,,,menos_de_2_aristas,,menos_de_2_aristas,2.1406068801879883
native_GraphSAGE_class_weighting_s43,43,native,GraphSAGE,class_weighting,PGExplainer,139873,True,0.912105917930603,,1,,no_aplica,,,menos_de_2_aristas,,menos_de_2_aristas,2.140176296234131
native_GraphSAGE_class_weighting_s43,43,native,GraphSAGE,class_weighting,PGExplainer,140575,True,0.9383501410484314,,2,,no_aplica,,-0.1999999999999999,,0.4,,2.1401383876800537
native_GraphSAGE_class_weighting_s43,43,native,GraphSAGE,class_weighting,PGExplainer,141068,True,0.9839990735054016,,1,,no_aplica,,,menos_de_2_aristas,,menos_de_2_aristas,2.139976024627685
native_GraphSAGE_class_weighting_s43,43,native,GraphSAGE,class_weighting,PGExplainer,148220,True,0.9888973832130432,,2,,no_aplica,,0.1999999999999999,,0.6,,2.1401731967926025
native_GraphSAGE_class_weighting_s43,43,native,GraphSAGE,class_weighting,PGExplainer,150129,False,0.1755208373069763,,0,,no_aplica,,,menos_de_2_aristas,,menos_de_2_aristas,2.139476537704468
native_GraphSAGE_class_weighting_s43,43,native,GraphSAGE,class_weighting,PGExplainer,150346,True,0.6050788164138794,,0,,no_aplica,,,menos_de_2_aristas,,menos_de_2_aristas,2.139268159866333
native_GraphSAGE_class_weighting_s43,43,native,GraphSAGE,class_weighting,PGExplainer,150528,True,0.9810015559196472,,2,,no_aplica,,-0.1999999999999999,,0.4,,2.1404199600219727
native_GraphSAGE_class_weighting_s43,43,native,GraphSAGE,class_weighting,PGExplainer,152223,True,0.6759625673294067,,2,,no_aplica,,-0.1999999999999999,,0.4,,2.139992475509644
native_GraphSAGE_class_weighting_s43,43,native,GraphSAGE,class_weighting,PGExplainer,152280,False,0.3915185928344726,,1,,no_aplica,,,menos_de_2_aristas,,menos_de_2_aristas,2.139936685562134
native_GraphSAGE_class_weighting_s43,43,native,GraphSAGE,class_weighting,PGExplainer,153599,True,0.925093710422516,,2,,no_aplica,,-0.1999999999999999,,0.4,,2.1400671005249023
native_GraphSAGE_class_weighting_s43,43,native,GraphSAGE,class_weighting,PGExplainer,155856,True,0.5633099675178528,,2,,no_aplica,,-0.1999999999999999,,0.4,,2.140422344207764
native_GraphSAGE_class_weighting_s43,43,native,GraphSAGE,class_weighting,PGExplainer,158611,False,0.4818100035190582,,3,,no_aplica,,-0.1,,0.4666666666666666,,2.1400160789489746
native_GraphSAGE_class_weighting_s43,43,native,GraphSAGE,class_weighting,PGExplainer,158949,True,0.6729720234870911,,2,,no_aplica,,-0.1999999999999999,,0.4,,2.1399312019348145
native_GraphSAGE_class_weighting_s43,43,native,GraphSAGE,class_weighting,PGExplainer,159862,False,0.2441250383853912,,0,,no_aplica,,,menos_de_2_aristas,,menos_de_2_aristas,2.1393368244171143
native_GraphSAGE_class_weighting_s43,43,native,GraphSAGE,class_weighting,PGExplainer,161504,True,0.993922770023346,,2,,no_aplica,,-0.1999999999999999,,0.4,,2.1399896144866943
native_GraphSAGE_class_weighting_s43,43,native,GraphSAGE,class_weighting,PGExplainer,163852,True,0.893932580947876,,2,,no_aplica,,-0.1999999999999999,,0.4,,2.1401171684265137
native_GraphSAGE_class_weighting_s43,43,native,GraphSAGE,class_weighting,PGExplainer,165001,True,0.9426459074020386,,1,,no_aplica,,,menos_de_2_aristas,,menos_de_2_aristas,2.139974594116211
native_GraphSAGE_class_weighting_s43,43,native,GraphSAGE,class_weighting,PGExplainer,168077,True,0.7162960767745972,,1,,no_aplica,,,menos_de_2_aristas,,menos_de_2_aristas,2.1399636268615723
native_GraphSAGE_class_weighting_s43,43,native,GraphSAGE,class_weighting,PGExplainer,168167,True,0.5574489831924438,,1,,no_aplica,,,menos_de_2_aristas,,menos_de_2_aristas,2.139934778213501
native_GraphSAGE_class_weighting_s43,43,native,GraphSAGE,class_weighting,PGExplainer,168250,True,0.5758352875709534,,1,,no_aplica,,,menos_de_2_aristas,,menos_de_2_aristas,2.139976978302002
native_GraphSAGE_class_weighting_s43,43,native,GraphSAGE,class_weighting,PGExplainer,170168,True,0.9764927625656128,,2,,no_aplica,,-0.1999999999999999,,0.4,,2.1400628089904785
native_GraphSAGE_class_weighting_s43,43,native,GraphSAGE,class_weighting,PGExplainer,170185,False,0.3858548402786255,,2,,no_aplica,,-0.1999999999999999,,0.4,,2.139977216720581
native_GraphSAGE_class_weighting_s43,43,native,GraphSAGE,class_weighting,PGExplainer,171111,False,0.052905585616827,,2,,no_aplica,,0.0,,0.4,,2.139991283416748
native_GraphSAGE_class_weighting_s43,43,native,GraphSAGE,class_weighting,PGExplainer,171381,True,0.9608264565467834,,2,,no_aplica,,0.0,,0.4,,2.140012741088867
native_GraphSAGE_class_weighting_s43,43,native,GraphSAGE,class_weighting,PGExplainer,172466,True,0.9038529992103576,,2,,no_aplica,,-0.1999999999999999,,0.4,,2.140028238296509
native_GraphSAGE_class_weighting_s43,43,native,GraphSAGE,class_weighting,PGExplainer,172476,True,0.9136711955070496,,2,,no_aplica,,-0.1999999999999999,,0.4,,2.140058755874634
native_GraphSAGE_class_weighting_s43,43,native,GraphSAGE,class_weighting,PGExplainer,172625,True,0.5146076083183289,,1,,no_aplica,,,menos_de_2_aristas,,menos_de_2_aristas,2.1400365829467773
native_GraphSAGE_class_weighting_s43,43,native,GraphSAGE,class_weighting,PGExplainer,172800,True,0.912144124507904,,1,,no_aplica,,,menos_de_2_aristas,,menos_de_2_aristas,2.139965057373047
native_GraphSAGE_class_weighting_s43,43,native,GraphSAGE,class_weighting,PGExplainer,173595,True,0.6002547144889832,,1,,no_aplica,,,menos_de_2_aristas,,menos_de_2_aristas,2.139933109283448
native_GraphSAGE_class_weighting_s43,43,native,GraphSAGE,class_weighting,ShapleyFeatures,139670,True,0.9832863807678224,,0,0.9945468834688348,,0.9686466040402362,,no_aplica,,no_aplica,0.7355343699455261
native_GraphSAGE_class_weighting_s43,43,native,GraphSAGE,class_weighting,ShapleyFeatures,139873,True,0.912105917930603,,0,0.99810331111294,,0.9454185717848532,,no_aplica,,no_aplica,0.7367347478866577
native_GraphSAGE_class_weighting_s43,43,native,GraphSAGE,class_weighting,ShapleyFeatures,140575,True,0.9383501410484314,,0,0.995177485835974,,0.944480837974894,,no_aplica,,no_aplica,0.737455427646637
native_GraphSAGE_class_weighting_s43,43,native,GraphSAGE,class_weighting,ShapleyFeatures,141068,True,0.9839990735054016,,0,0.9986447163869734,,0.9733568875218224,,no_aplica,,no_aplica,0.7528941035270691
native_GraphSAGE_class_weighting_s43,43,native,GraphSAGE,class_weighting,ShapleyFeatures,148220,True,0.9888973832130432,,0,0.9985909628045688,,0.9178659905229032,,no_aplica,,no_aplica,0.7378619313240051
native_GraphSAGE_class_weighting_s43,43,native,GraphSAGE,class_weighting,ShapleyFeatures,150129,False,0.1755208373069763,,0,,vector_constante,,,no_aplica,,no_aplica,0.5682207345962524
native_GraphSAGE_class_weighting_s43,43,native,GraphSAGE,class_weighting,ShapleyFeatures,150346,True,0.6050788164138794,,0,,vector_constante,,,no_aplica,,no_aplica,0.5700716972351074
native_GraphSAGE_class_weighting_s43,43,native,GraphSAGE,class_weighting,ShapleyFeatures,150528,True,0.9810015559196472,,0,0.996668942950633,,0.9087380497131932,,no_aplica,,no_aplica,0.7613288760185242
native_GraphSAGE_class_weighting_s43,43,native,GraphSAGE,class_weighting,ShapleyFeatures,152223,True,0.6759625673294067,,0,0.9935174059748167,,0.888074652922105,,no_aplica,,no_aplica,0.7572135925292969
native_GraphSAGE_class_weighting_s43,43,native,GraphSAGE,class_weighting,ShapleyFeatures,152280,False,0.3915185928344726,,0,0.990461386721711,,0.9519901903732648,,no_aplica,,no_aplica,0.7655271887779236
native_GraphSAGE_class_weighting_s43,43,native,GraphSAGE,class_weighting,ShapleyFeatures,153599,True,0.925093710422516,,0,0.9991018461256556,,0.9998819519494556,,no_aplica,,no_aplica,0.7601901888847351
native_GraphSAGE_class_weighting_s43,43,native,GraphSAGE,class_weighting,ShapleyFeatures,155856,True,0.5633099675178528,,0,0.990194879970469,,0.8663321971901239,,no_aplica,,no_aplica,0.7561339735984802
native_GraphSAGE_class_weighting_s43,43,native,GraphSAGE,class_weighting,ShapleyFeatures,158611,False,0.4818100035190582,,0,0.988997593925833,,0.928927591653504,,no_aplica,,no_aplica,0.7486287355422974
native_GraphSAGE_class_weighting_s43,43,native,GraphSAGE,class_weighting,ShapleyFeatures,158949,True,0.6729720234870911,,0,0.9990876897622708,,0.9487737966580764,,no_aplica,,no_aplica,0.7739269137382507
native_GraphSAGE_class_weighting_s43,43,native,GraphSAGE,class_weighting,ShapleyFeatures,159862,False,0.2441250383853912,,0,,vector_constante,,,no_aplica,,no_aplica,0.563704252243042
native_GraphSAGE_class_weighting_s43,43,native,GraphSAGE,class_weighting,ShapleyFeatures,161504,True,0.993922770023346,,0,0.991715372260394,,0.929264277994846,,no_aplica,,no_aplica,0.7525777816772461
native_GraphSAGE_class_weighting_s43,43,native,GraphSAGE,class_weighting,ShapleyFeatures,163852,True,0.893932580947876,,0,0.9935182198844172,,0.9992609526976473,,no_aplica,,no_aplica,0.7478585839271545
native_GraphSAGE_class_weighting_s43,43,native,GraphSAGE,class_weighting,ShapleyFeatures,165001,True,0.9426459074020386,,0,0.9981555765520596,,0.9307456978967495,,no_aplica,,no_aplica,0.7468816041946411
native_GraphSAGE_class_weighting_s43,43,native,GraphSAGE,class_weighting,ShapleyFeatures,168077,True,0.7162960767745972,,0,0.9908723432696164,,0.962281153878128,,no_aplica,,no_aplica,0.750376284122467
native_GraphSAGE_class_weighting_s43,43,native,GraphSAGE,class_weighting,ShapleyFeatures,168167,True,0.5574489831924438,,0,0.9992724441391412,,0.97336187546762,,no_aplica,,no_aplica,0.7413537502288818
native_GraphSAGE_class_weighting_s43,43,native,GraphSAGE,class_weighting,ShapleyFeatures,168250,True,0.5758352875709534,,0,0.9826782026632486,,0.7649887771219553,,no_aplica,,no_aplica,0.7495667338371277
native_GraphSAGE_class_weighting_s43,43,native,GraphSAGE,class_weighting,ShapleyFeatures,170168,True,0.9764927625656128,,0,0.9898487708274842,,0.9733261285227368,,no_aplica,,no_aplica,0.7465373873710632
native_GraphSAGE_class_weighting_s43,43,native,GraphSAGE,class_weighting,ShapleyFeatures,170185,False,0.3858548402786255,,0,0.9973616650990448,,0.954089284229778,,no_aplica,,no_aplica,0.7522398233413696
native_GraphSAGE_class_weighting_s43,43,native,GraphSAGE,class_weighting,ShapleyFeatures,171111,False,0.052905585616827,,0,0.9956424699755556,,0.864951367528473,,no_aplica,,no_aplica,0.7432931661605835
native_GraphSAGE_class_weighting_s43,43,native,GraphSAGE,class_weighting,ShapleyFeatures,171381,True,0.9608264565467834,,0,0.9983296616947536,,0.9346346329703218,,no_aplica,,no_aplica,0.7450937032699585
native_GraphSAGE_class_weighting_s43,43,native,GraphSAGE,class_weighting,ShapleyFeatures,172466,True,0.9038529992103576,,0,0.9987217698311164,,0.9409635048632472,,no_aplica,,no_aplica,0.7453145384788513
native_GraphSAGE_class_weighting_s43,43,native,GraphSAGE,class_weighting,ShapleyFeatures,172476,True,0.9136711955070496,,0,0.9907005254916385,,0.9527342256214149,,no_aplica,,no_aplica,0.7493147850036621
native_GraphSAGE_class_weighting_s43,43,native,GraphSAGE,class_weighting,ShapleyFeatures,172625,True,0.5146076083183289,,0,0.9850051321885316,,0.6604347826086958,,no_aplica,,no_aplica,0.7364516854286194
native_GraphSAGE_class_weighting_s43,43,native,GraphSAGE,class_weighting,ShapleyFeatures,172800,True,0.912144124507904,,0,0.9970669005526968,,0.9998836145980544,,no_aplica,,no_aplica,0.730992317199707
native_GraphSAGE_class_weighting_s43,43,native,GraphSAGE,class_weighting,ShapleyFeatures,173595,True,0.6002547144889832,,0,0.999919196791992,,0.982259539446338,,no_aplica,,no_aplica,0.7377529740333557
native_GraphSAGE_focal_loss_s43,43,native,GraphSAGE,focal_loss,GNNExplainer,139670,False,0.4089974462985992,,1,0.8747577087782942,,0.7851625239005736,,menos_de_2_aristas,,menos_de_2_aristas,0.8134096264839172
native_GraphSAGE_focal_loss_s43,43,native,GraphSAGE,focal_loss,GNNExplainer,139873,False,0.4720469117164612,,1,0.899704205215848,,0.7917698894338682,,menos_de_2_aristas,,menos_de_2_aristas,0.8212839961051941
native_GraphSAGE_focal_loss_s43,43,native,GraphSAGE,focal_loss,GNNExplainer,140575,False,0.4397910833358764,,2,0.915454646371295,,0.758916784437609,0.1999999999999999,,0.6,,0.8224945664405823
native_GraphSAGE_focal_loss_s43,43,native,GraphSAGE,focal_loss,GNNExplainer,141068,True,0.6018924117088318,,1,0.9168420498482092,,0.6499443012719264,,menos_de_2_aristas,,menos_de_2_aristas,0.8199827075004578
native_GraphSAGE_focal_loss_s43,43,native,GraphSAGE,focal_loss,GNNExplainer,148220,True,0.6309375762939453,,2,0.9309182652210174,,0.6784046886690498,0.1999999999999999,,0.6,,0.8181260228157043
native_GraphSAGE_focal_loss_s43,43,native,GraphSAGE,focal_loss,GNNExplainer,150129,False,0.1259595453739166,,0,0.9044080854156314,,0.9433627067919196,,menos_de_2_aristas,,menos_de_2_aristas,0.7701352834701538
native_GraphSAGE_focal_loss_s43,43,native,GraphSAGE,focal_loss,GNNExplainer,150346,False,0.4974011778831482,,0,0.8930882382049367,,0.4525505029512012,,menos_de_2_aristas,,menos_de_2_aristas,0.7299638390541077
native_GraphSAGE_focal_loss_s43,43,native,GraphSAGE,focal_loss,GNNExplainer,150528,True,0.5330737829208374,,2,0.940721964055764,,0.6339205253969574,0.1999999999999999,,0.6,,0.8166401386260986
native_GraphSAGE_focal_loss_s43,43,native,GraphSAGE,focal_loss,GNNExplainer,152223,True,0.553989589214325,,2,0.9356459002002578,,0.7269540277662316,0.1999999999999999,,0.6,,0.8161497712135315
native_GraphSAGE_focal_loss_s43,43,native,GraphSAGE,focal_loss,GNNExplainer,152280,True,0.8002344369888306,,1,0.8795641601197156,,0.7572774129187797,,menos_de_2_aristas,,menos_de_2_aristas,0.8161948919296265
native_GraphSAGE_focal_loss_s43,43,native,GraphSAGE,focal_loss,GNNExplainer,153599,True,0.5722787380218506,,2,0.9491221653255302,,0.7626161775708704,0.1999999999999999,,0.6,,0.8193023204803467
native_GraphSAGE_focal_loss_s43,43,native,GraphSAGE,focal_loss,GNNExplainer,155856,True,0.6688412427902222,,2,0.9208351824622378,,0.679327458641616,0.1999999999999999,,0.6,,0.8174901604652405
native_GraphSAGE_focal_loss_s43,43,native,GraphSAGE,focal_loss,GNNExplainer,158611,False,0.3066610693931579,,3,0.9148220751921524,,0.7326510931914539,0.1,,0.5333333333333332,,0.8149451017379761
native_GraphSAGE_focal_loss_s43,43,native,GraphSAGE,focal_loss,GNNExplainer,158949,False,0.3947678506374359,,2,0.946916935669818,,0.7456762823177321,0.1999999999999999,,0.6,,0.8146078586578369
native_GraphSAGE_focal_loss_s43,43,native,GraphSAGE,focal_loss,GNNExplainer,159862,False,0.1554214507341385,,0,0.9097805941327486,,0.7518904314573115,,menos_de_2_aristas,,menos_de_2_aristas,0.7387474775314331
native_GraphSAGE_focal_loss_s43,43,native,GraphSAGE,focal_loss,GNNExplainer,161504,True,0.5987848043441772,,2,0.9075975381293312,,0.7915529137916703,0.1999999999999999,,0.6,,0.8272714614868164
native_GraphSAGE_focal_loss_s43,43,native,GraphSAGE,focal_loss,GNNExplainer,163852,False,0.1976075321435928,,2,0.953884328178777,,0.8831956106076981,0.1999999999999999,,0.6,,0.7686473727226257
native_GraphSAGE_focal_loss_s43,43,native,GraphSAGE,focal_loss,GNNExplainer,165001,False,0.4958434700965881,,1,0.9416966533594172,,0.754670379915205,,menos_de_2_aristas,,menos_de_2_aristas,0.8011321425437927
native_GraphSAGE_focal_loss_s43,43,native,GraphSAGE,focal_loss,GNNExplainer,168077,False,0.3149864673614502,,1,0.8169873953622631,,0.7749937650677531,,menos_de_2_aristas,,menos_de_2_aristas,0.8241338729858398
native_GraphSAGE_focal_loss_s43,43,native,GraphSAGE,focal_loss,GNNExplainer,168167,True,0.5782207250595093,,1,0.9156493973285184,,0.667155208246737,,menos_de_2_aristas,,menos_de_2_aristas,0.7994557023048401
native_GraphSAGE_focal_loss_s43,43,native,GraphSAGE,focal_loss,GNNExplainer,168250,False,0.1276501566171646,,1,0.934318896619331,,0.7175924848283316,,menos_de_2_aristas,,menos_de_2_aristas,0.9131604433059692
native_GraphSAGE_focal_loss_s43,43,native,GraphSAGE,focal_loss,GNNExplainer,170168,False,0.4288977682590484,,2,0.9601744023290972,,0.8476564967994016,0.1999999999999999,,0.6,,0.8237108588218689
native_GraphSAGE_focal_loss_s43,43,native,GraphSAGE,focal_loss,GNNExplainer,170185,False,0.4462032318115234,,2,0.9472641509433964,,0.7399218555158368,0.1999999999999999,,0.6,,0.8067723512649536
native_GraphSAGE_focal_loss_s43,43,native,GraphSAGE,focal_loss,GNNExplainer,171111,False,0.2536149024963379,,2,0.9373212586081406,,0.8049156205835896,0.1999999999999999,,0.6,,0.9617648720741272
native_GraphSAGE_focal_loss_s43,43,native,GraphSAGE,focal_loss,GNNExplainer,171381,True,0.6036167740821838,,2,0.9298580113791508,,0.6813858176074487,0.1999999999999999,,0.6,,0.8602571487426758
native_GraphSAGE_focal_loss_s43,43,native,GraphSAGE,focal_loss,GNNExplainer,172466,True,0.6015751361846924,,2,0.9383388780224128,,0.8225621414913957,0.1999999999999999,,0.6,,0.798789918422699
native_GraphSAGE_focal_loss_s43,43,native,GraphSAGE,focal_loss,GNNExplainer,172476,False,0.2447957396507263,,2,0.9363510260136728,,0.4782267852689334,0.1999999999999999,,0.6,,0.8178166151046753
native_GraphSAGE_focal_loss_s43,43,native,GraphSAGE,focal_loss,GNNExplainer,172625,False,0.1219984516501426,,1,0.9383172015622347,,0.6884171585335439,,menos_de_2_aristas,,menos_de_2_aristas,0.8215418457984924
native_GraphSAGE_focal_loss_s43,43,native,GraphSAGE,focal_loss,GNNExplainer,172800,False,0.2815194129943847,,1,0.877408672086721,,0.7912444924765151,,menos_de_2_aristas,,menos_de_2_aristas,0.8274149298667908
native_GraphSAGE_focal_loss_s43,43,native,GraphSAGE,focal_loss,GNNExplainer,173595,True,0.534827470779419,,1,0.9008455470314748,,0.5574328705628067,,menos_de_2_aristas,,menos_de_2_aristas,0.8001832365989685
native_GraphSAGE_focal_loss_s43,43,native,GraphSAGE,focal_loss,PGExplainer,139670,False,0.4089974462985992,,1,,no_aplica,,,menos_de_2_aristas,,menos_de_2_aristas,2.305538415908813
native_GraphSAGE_focal_loss_s43,43,native,GraphSAGE,focal_loss,PGExplainer,139873,False,0.4720469117164612,,1,,no_aplica,,,menos_de_2_aristas,,menos_de_2_aristas,2.30566143989563
native_GraphSAGE_focal_loss_s43,43,native,GraphSAGE,focal_loss,PGExplainer,140575,False,0.4397910833358764,,2,,no_aplica,,1.0,,0.6,,2.306905031204224
native_GraphSAGE_focal_loss_s43,43,native,GraphSAGE,focal_loss,PGExplainer,141068,True,0.6018924117088318,,1,,no_aplica,,,menos_de_2_aristas,,menos_de_2_aristas,2.306046962738037
native_GraphSAGE_focal_loss_s43,43,native,GraphSAGE,focal_loss,PGExplainer,148220,True,0.6309375762939453,,2,,no_aplica,,1.0,,1.0,,2.305405855178833
native_GraphSAGE_focal_loss_s43,43,native,GraphSAGE,focal_loss,PGExplainer,150129,False,0.1259595453739166,,0,,no_aplica,,,menos_de_2_aristas,,menos_de_2_aristas,2.304640769958496
native_GraphSAGE_focal_loss_s43,43,native,GraphSAGE,focal_loss,PGExplainer,150346,False,0.4974011778831482,,0,,no_aplica,,,menos_de_2_aristas,,menos_de_2_aristas,2.3045923709869385
native_GraphSAGE_focal_loss_s43,43,native,GraphSAGE,focal_loss,PGExplainer,150528,True,0.5330737829208374,,2,,no_aplica,,1.0,,1.0,,2.30525541305542
native_GraphSAGE_focal_loss_s43,43,native,GraphSAGE,focal_loss,PGExplainer,152223,True,0.553989589214325,,2,,no_aplica,,1.0,,1.0,,2.3066306114196777
native_GraphSAGE_focal_loss_s43,43,native,GraphSAGE,focal_loss,PGExplainer,152280,True,0.8002344369888306,,1,,no_aplica,,,menos_de_2_aristas,,menos_de_2_aristas,2.3054208755493164
native_GraphSAGE_focal_loss_s43,43,native,GraphSAGE,focal_loss,PGExplainer,153599,True,0.5722787380218506,,2,,no_aplica,,-0.1999999999999999,,0.4,,2.3057637214660645
native_GraphSAGE_focal_loss_s43,43,native,GraphSAGE,focal_loss,PGExplainer,155856,True,0.6688412427902222,,2,,no_aplica,,1.0,,1.0,,2.3052656650543213
native_GraphSAGE_focal_loss_s43,43,native,GraphSAGE,focal_loss,PGExplainer,158611,False,0.3066610693931579,,3,,no_aplica,,0.6666666666666666,,0.5999999999999999,,2.305323362350464
native_GraphSAGE_focal_loss_s43,43,native,GraphSAGE,focal_loss,PGExplainer,158949,False,0.3947678506374359,,2,,no_aplica,,0.1999999999999999,,0.6,,2.305231809616089
native_GraphSAGE_focal_loss_s43,43,native,GraphSAGE,focal_loss,PGExplainer,159862,False,0.1554214507341385,,0,,no_aplica,,,menos_de_2_aristas,,menos_de_2_aristas,2.3047080039978027
native_GraphSAGE_focal_loss_s43,43,native,GraphSAGE,focal_loss,PGExplainer,161504,True,0.5987848043441772,,2,,no_aplica,,1.0,,0.6,,2.306469202041626
native_GraphSAGE_focal_loss_s43,43,native,GraphSAGE,focal_loss,PGExplainer,163852,False,0.1976075321435928,,2,,no_aplica,,0.0,,0.6,,2.30533766746521
native_GraphSAGE_focal_loss_s43,43,native,GraphSAGE,focal_loss,PGExplainer,165001,False,0.4958434700965881,,1,,no_aplica,,,menos_de_2_aristas,,menos_de_2_aristas,2.3057377338409424
native_GraphSAGE_focal_loss_s43,43,native,GraphSAGE,focal_loss,PGExplainer,168077,False,0.3149864673614502,,1,,no_aplica,,,menos_de_2_aristas,,menos_de_2_aristas,2.3052401542663574
native_GraphSAGE_focal_loss_s43,43,native,GraphSAGE,focal_loss,PGExplainer,168167,True,0.5782207250595093,,1,,no_aplica,,,menos_de_2_aristas,,menos_de_2_aristas,2.3051834106445312
native_GraphSAGE_focal_loss_s43,43,native,GraphSAGE,focal_loss,PGExplainer,168250,False,0.1276501566171646,,1,,no_aplica,,,menos_de_2_aristas,,menos_de_2_aristas,2.305337190628052
native_GraphSAGE_focal_loss_s43,43,native,GraphSAGE,focal_loss,PGExplainer,170168,False,0.4288977682590484,,2,,no_aplica,,1.0,,1.0,,2.3067142963409424
native_GraphSAGE_focal_loss_s43,43,native,GraphSAGE,focal_loss,PGExplainer,170185,False,0.4462032318115234,,2,,no_aplica,,0.1999999999999999,,0.6,,2.305354356765747
native_GraphSAGE_focal_loss_s43,43,native,GraphSAGE,focal_loss,PGExplainer,171111,False,0.2536149024963379,,2,,no_aplica,,1.0,,0.6,,2.3056702613830566
native_GraphSAGE_focal_loss_s43,43,native,GraphSAGE,focal_loss,PGExplainer,171381,True,0.6036167740821838,,2,,no_aplica,,0.1999999999999999,,0.6,,2.3056640625
native_GraphSAGE_focal_loss_s43,43,native,GraphSAGE,focal_loss,PGExplainer,172466,True,0.6015751361846924,,2,,no_aplica,,1.0,,1.0,,2.3053741455078125
native_GraphSAGE_focal_loss_s43,43,native,GraphSAGE,focal_loss,PGExplainer,172476,False,0.2447957396507263,,2,,no_aplica,,1.0,,1.0,,2.305292844772339
native_GraphSAGE_focal_loss_s43,43,native,GraphSAGE,focal_loss,PGExplainer,172625,False,0.1219984516501426,,1,,no_aplica,,,menos_de_2_aristas,,menos_de_2_aristas,2.3062238693237305
native_GraphSAGE_focal_loss_s43,43,native,GraphSAGE,focal_loss,PGExplainer,172800,False,0.2815194129943847,,1,,no_aplica,,,menos_de_2_aristas,,menos_de_2_aristas,2.3055531978607178
native_GraphSAGE_focal_loss_s43,43,native,GraphSAGE,focal_loss,PGExplainer,173595,True,0.534827470779419,,1,,no_aplica,,,menos_de_2_aristas,,menos_de_2_aristas,2.305884599685669
native_GraphSAGE_focal_loss_s43,43,native,GraphSAGE,focal_loss,ShapleyFeatures,139670,False,0.4089974462985992,,0,0.9924035230352304,,0.9549721506359632,,no_aplica,,no_aplica,0.7644004821777344
native_GraphSAGE_focal_loss_s43,43,native,GraphSAGE,focal_loss,ShapleyFeatures,139873,False,0.4720469117164612,,0,0.99892930622994,,0.973285393632056,,no_aplica,,no_aplica,0.763630211353302
native_GraphSAGE_focal_loss_s43,43,native,GraphSAGE,focal_loss,ShapleyFeatures,140575,False,0.4397910833358764,,0,0.9945468335576706,,0.9640635131764904,,no_aplica,,no_aplica,0.7702636122703552
native_GraphSAGE_focal_loss_s43,43,native,GraphSAGE,focal_loss,ShapleyFeatures,141068,True,0.6018924117088318,,0,0.9994486387371948,,0.9677579183639538,,no_aplica,,no_aplica,0.769839882850647
native_GraphSAGE_focal_loss_s43,43,native,GraphSAGE,focal_loss,ShapleyFeatures,148220,True,0.6309375762939453,,0,0.9990414157897696,,0.9998919278410509,,no_aplica,,no_aplica,0.7723754048347473
native_GraphSAGE_focal_loss_s43,43,native,GraphSAGE,focal_loss,ShapleyFeatures,150129,False,0.1259595453739166,,0,,vector_constante,,,no_aplica,,no_aplica,0.5780491828918457
native_GraphSAGE_focal_loss_s43,43,native,GraphSAGE,focal_loss,ShapleyFeatures,150346,False,0.4974011778831482,,0,,vector_constante,,,no_aplica,,no_aplica,0.5763697028160095
native_GraphSAGE_focal_loss_s43,43,native,GraphSAGE,focal_loss,ShapleyFeatures,150528,True,0.5330737829208374,,0,0.9983531085502916,,0.9683464959680772,,no_aplica,,no_aplica,0.7697732448577881
native_GraphSAGE_focal_loss_s43,43,native,GraphSAGE,focal_loss,ShapleyFeatures,152223,True,0.553989589214325,,0,0.995318080816394,,0.9807382159780532,,no_aplica,,no_aplica,0.7675634622573853
native_GraphSAGE_focal_loss_s43,43,native,GraphSAGE,focal_loss,ShapleyFeatures,152280,True,0.8002344369888306,,0,0.9920787698054662,,0.9818829495386152,,no_aplica,,no_aplica,0.7782086133956909
native_GraphSAGE_focal_loss_s43,43,native,GraphSAGE,focal_loss,ShapleyFeatures,153599,True,0.5722787380218506,,0,0.9964060552688264,,0.9639521157203426,,no_aplica,,no_aplica,0.7833603620529175
native_GraphSAGE_focal_loss_s43,43,native,GraphSAGE,focal_loss,ShapleyFeatures,155856,True,0.6688412427902222,,0,0.9965210227219532,,0.9815163355224874,,no_aplica,,no_aplica,0.7758605480194092
native_GraphSAGE_focal_loss_s43,43,native,GraphSAGE,focal_loss,ShapleyFeatures,158611,False,0.3066610693931579,,0,0.9946357519349568,,0.9316909136254052,,no_aplica,,no_aplica,0.7843445539474487
native_GraphSAGE_focal_loss_s43,43,native,GraphSAGE,focal_loss,ShapleyFeatures,158949,False,0.3947678506374359,,0,0.9989333698076726,,0.9999592651093192,,no_aplica,,no_aplica,0.777843713760376
native_GraphSAGE_focal_loss_s43,43,native,GraphSAGE,focal_loss,ShapleyFeatures,159862,False,0.1554214507341385,,0,,vector_constante,,,no_aplica,,no_aplica,0.58144211769104
native_GraphSAGE_focal_loss_s43,43,native,GraphSAGE,focal_loss,ShapleyFeatures,161504,True,0.5987848043441772,,0,0.9951767431792126,,0.982060021614432,,no_aplica,,no_aplica,0.7768161296844482
native_GraphSAGE_focal_loss_s43,43,native,GraphSAGE,focal_loss,ShapleyFeatures,163852,False,0.1976075321435928,,0,0.9977918815101914,,0.9686241582841466,,no_aplica,,no_aplica,0.7832005620002747
native_GraphSAGE_focal_loss_s43,43,native,GraphSAGE,focal_loss,ShapleyFeatures,165001,False,0.4958434700965881,,0,0.9990048034218016,,0.9548058857760412,,no_aplica,,no_aplica,0.7635697722434998
native_GraphSAGE_focal_loss_s43,43,native,GraphSAGE,focal_loss,ShapleyFeatures,168077,False,0.3149864673614502,,0,0.9937585884240075,,0.9817166846786932,,no_aplica,,no_aplica,0.7779132127761841
native_GraphSAGE_focal_loss_s43,43,native,GraphSAGE,focal_loss,ShapleyFeatures,168167,True,0.5782207250595093,,0,0.9987609828069436,,0.9615662149804638,,no_aplica,,no_aplica,0.8035825490951538
native_GraphSAGE_focal_loss_s43,43,native,GraphSAGE,focal_loss,ShapleyFeatures,168250,False,0.1276501566171646,,0,0.9960171780082056,,0.8825081054119212,,no_aplica,,no_aplica,0.7840588092803955
native_GraphSAGE_focal_loss_s43,43,native,GraphSAGE,focal_loss,ShapleyFeatures,170168,False,0.4288977682590484,,0,0.9933139577658798,,0.9633685260620168,,no_aplica,,no_aplica,0.8023309707641602
native_GraphSAGE_focal_loss_s43,43,native,GraphSAGE,focal_loss,ShapleyFeatures,170185,False,0.4462032318115234,,0,0.994961107887846,,0.9689300856264028,,no_aplica,,no_aplica,0.7848567962646484
native_GraphSAGE_focal_loss_s43,43,native,GraphSAGE,focal_loss,ShapleyFeatures,171111,False,0.2536149024963379,,0,0.998656547928522,,0.968353146562474,,no_aplica,,no_aplica,0.7901331782341003
native_GraphSAGE_focal_loss_s43,43,native,GraphSAGE,focal_loss,ShapleyFeatures,171381,True,0.6036167740821838,,0,0.9966842998863428,,0.9723227200931084,,no_aplica,,no_aplica,0.8239765763282776
native_GraphSAGE_focal_loss_s43,43,native,GraphSAGE,focal_loss,ShapleyFeatures,172466,True,0.6015751361846924,,0,0.9989909006148536,,0.96448915121789,,no_aplica,,no_aplica,0.7764844298362732
native_GraphSAGE_focal_loss_s43,43,native,GraphSAGE,focal_loss,ShapleyFeatures,172476,False,0.2447957396507263,,0,0.99412959526556,,0.9197988195194948,,no_aplica,,no_aplica,0.7734115123748779
native_GraphSAGE_focal_loss_s43,43,native,GraphSAGE,focal_loss,ShapleyFeatures,172625,False,0.1219984516501426,,0,0.9952714511609844,,0.9257078726411172,,no_aplica,,no_aplica,0.7673416137695312
native_GraphSAGE_focal_loss_s43,43,native,GraphSAGE,focal_loss,ShapleyFeatures,172800,False,0.2815194129943847,,0,0.9980210864159768,,0.9619494554825838,,no_aplica,,no_aplica,0.7640321850776672
native_GraphSAGE_focal_loss_s43,43,native,GraphSAGE,focal_loss,ShapleyFeatures,173595,True,0.534827470779419,,0,0.9979223240524348,,0.95963837392967,,no_aplica,,no_aplica,0.761909544467926
1:10_GraphSAGE_class_weighting_s43,43,1:10,GraphSAGE,class_weighting,GNNExplainer,139670,True,0.9933432340621948,,1,0.9320352999259442,,0.7679649181145565,,menos_de_2_aristas,,menos_de_2_aristas,1.1330472230911257
1:10_GraphSAGE_class_weighting_s43,43,1:10,GraphSAGE,class_weighting,GNNExplainer,139873,True,0.9552894830703736,,1,0.9677298845852574,,0.8825829245988862,,menos_de_2_aristas,,menos_de_2_aristas,0.8936164975166321
1:10_GraphSAGE_class_weighting_s43,43,1:10,GraphSAGE,class_weighting,GNNExplainer,140575,True,0.9392011165618896,,2,0.9487831202996958,,0.8986333028514425,0.1999999999999999,,0.6,,0.9798557162284852
1:10_GraphSAGE_class_weighting_s43,43,1:10,GraphSAGE,class_weighting,GNNExplainer,141068,True,0.974976122379303,,1,0.9521168818254668,,0.8252797406268184,,menos_de_2_aristas,,menos_de_2_aristas,0.9221280813217164
1:10_GraphSAGE_class_weighting_s43,43,1:10,GraphSAGE,class_weighting,GNNExplainer,148220,True,0.9869465231895448,,2,0.976995551848763,,0.8540909468783774,0.1999999999999999,,0.6,,0.938552975654602
1:10_GraphSAGE_class_weighting_s43,43,1:10,GraphSAGE,class_weighting,GNNExplainer,150129,False,0.1130031421780586,,0,0.9496356277629528,,0.9720691661817276,,menos_de_2_aristas,,menos_de_2_aristas,0.8510607481002808
1:10_GraphSAGE_class_weighting_s43,43,1:10,GraphSAGE,class_weighting,GNNExplainer,150346,True,0.5779339671134949,,0,0.9571289581426934,,0.8559007398786267,,menos_de_2_aristas,,menos_de_2_aristas,0.8052642941474915
1:10_GraphSAGE_class_weighting_s43,43,1:10,GraphSAGE,class_weighting,GNNExplainer,150528,True,0.9837355613708496,,2,0.9738922792676784,,0.6734009477097016,0.1999999999999999,,0.6,,0.8532134294509888
1:10_GraphSAGE_class_weighting_s43,43,1:10,GraphSAGE,class_weighting,GNNExplainer,152223,True,0.5701451301574707,,2,0.9771492058266807,,0.702863912212154,0.1999999999999999,,0.6,,0.8391600847244263
1:10_GraphSAGE_class_weighting_s43,43,1:10,GraphSAGE,class_weighting,GNNExplainer,152280,True,0.6615539789199829,,1,0.941769012880124,,0.8402236262365947,,menos_de_2_aristas,,menos_de_2_aristas,0.8412754535675049
1:10_GraphSAGE_class_weighting_s43,43,1:10,GraphSAGE,class_weighting,GNNExplainer,153599,True,0.8359867334365845,,2,0.9726349108097458,,0.8296350486324714,0.1999999999999999,,0.6,,0.8907439708709717
1:10_GraphSAGE_class_weighting_s43,43,1:10,GraphSAGE,class_weighting,GNNExplainer,155856,True,0.7135582566261292,,2,0.9773359176580672,,0.8222055033668634,0.1999999999999999,,0.6,,0.9489590525627136
1:10_GraphSAGE_class_weighting_s43,43,1:10,GraphSAGE,class_weighting,GNNExplainer,158611,False,0.4509080946445465,,3,0.9445448516000664,,0.7661210408180231,0.2,,0.5333333333333332,,0.9110020399093628
1:10_GraphSAGE_class_weighting_s43,43,1:10,GraphSAGE,class_weighting,GNNExplainer,158949,True,0.5688139796257019,,2,0.9810825455383906,,0.908714772632804,-0.1999999999999999,,0.4,,0.7914870977401733
1:10_GraphSAGE_class_weighting_s43,43,1:10,GraphSAGE,class_weighting,GNNExplainer,159862,False,0.2242653220891952,,0,0.9666985771699018,,0.9620450577770387,,menos_de_2_aristas,,menos_de_2_aristas,0.8662272095680237
1:10_GraphSAGE_class_weighting_s43,43,1:10,GraphSAGE,class_weighting,GNNExplainer,161504,True,0.9937501549720764,,2,0.9516551884485566,,0.8800956022944553,0.1999999999999999,,0.6,,0.8234791159629822
1:10_GraphSAGE_class_weighting_s43,43,1:10,GraphSAGE,class_weighting,GNNExplainer,163852,True,0.9315387606620787,,2,0.9869148914245676,,0.8179906891678443,-0.1999999999999999,,0.4,,0.8665775060653687
1:10_GraphSAGE_class_weighting_s43,43,1:10,GraphSAGE,class_weighting,GNNExplainer,165001,True,0.9575240612030028,,1,0.9698532851312084,,0.7830609360711613,,menos_de_2_aristas,,menos_de_2_aristas,0.7751320004463196
1:10_GraphSAGE_class_weighting_s43,43,1:10,GraphSAGE,class_weighting,GNNExplainer,168077,True,0.9050337672233582,,1,0.9132501042368262,,0.8174262199684097,,menos_de_2_aristas,,menos_de_2_aristas,0.8993602991104126
1:10_GraphSAGE_class_weighting_s43,43,1:10,GraphSAGE,class_weighting,GNNExplainer,168167,True,0.5477319359779358,,1,0.9519183509704598,,0.8800939396458558,,menos_de_2_aristas,,menos_de_2_aristas,0.8440595269203186
1:10_GraphSAGE_class_weighting_s43,43,1:10,GraphSAGE,class_weighting,GNNExplainer,168250,True,0.8234633803367615,,1,0.9687162171361664,,0.6051666805220716,,menos_de_2_aristas,,menos_de_2_aristas,0.8145797252655029
1:10_GraphSAGE_class_weighting_s43,43,1:10,GraphSAGE,class_weighting,GNNExplainer,170168,True,0.9689149856567384,,2,0.9623134203012148,,0.6754460054867405,0.1999999999999999,,0.6,,0.7987891435623169
1:10_GraphSAGE_class_weighting_s43,43,1:10,GraphSAGE,class_weighting,GNNExplainer,170185,False,0.4091690182685852,,2,0.980316051732826,,0.8728190206999751,-0.1999999999999999,,0.4,,0.7782384157180786
1:10_GraphSAGE_class_weighting_s43,43,1:10,GraphSAGE,class_weighting,GNNExplainer,171111,False,0.067863218486309,,2,0.9742570404792568,,0.9173713525646354,0.1999999999999999,,0.6,,0.813656747341156
1:10_GraphSAGE_class_weighting_s43,43,1:10,GraphSAGE,class_weighting,GNNExplainer,171381,True,0.95113343000412,,2,0.978481869702593,,0.8474960512095769,0.1999999999999999,,0.6,,0.791560173034668
1:10_GraphSAGE_class_weighting_s43,43,1:10,GraphSAGE,class_weighting,GNNExplainer,172466,True,0.8535428643226624,,2,0.9710778987021528,,0.8293623742621996,0.1999999999999999,,0.6,,0.8096612095832825
1:10_GraphSAGE_class_weighting_s43,43,1:10,GraphSAGE,class_weighting,GNNExplainer,172476,True,0.7967708706855774,,2,0.9618330083807431,,0.756440269349073,0.1999999999999999,,0.6,,0.8194201588630676
1:10_GraphSAGE_class_weighting_s43,43,1:10,GraphSAGE,class_weighting,GNNExplainer,172625,True,0.7256016731262207,,1,0.9727956441479192,,0.630825505029512,,menos_de_2_aristas,,menos_de_2_aristas,0.9720751643180848
1:10_GraphSAGE_class_weighting_s43,43,1:10,GraphSAGE,class_weighting,GNNExplainer,172800,True,0.8906843662261963,,1,0.9551528455284556,,0.8490073987862665,,menos_de_2_aristas,,menos_de_2_aristas,0.8148142695426941
1:10_GraphSAGE_class_weighting_s43,43,1:10,GraphSAGE,class_weighting,GNNExplainer,173595,True,0.6960895657539368,,1,0.9598866241025008,,0.8726619004073489,,menos_de_2_aristas,,menos_de_2_aristas,0.8543193340301514
1:10_GraphSAGE_class_weighting_s43,43,1:10,GraphSAGE,class_weighting,PGExplainer,139670,True,0.9933432340621948,,1,,no_aplica,,,menos_de_2_aristas,,menos_de_2_aristas,2.165192127227783
1:10_GraphSAGE_class_weighting_s43,43,1:10,GraphSAGE,class_weighting,PGExplainer,139873,True,0.9552894830703736,,1,,no_aplica,,,menos_de_2_aristas,,menos_de_2_aristas,2.16502332687378
1:10_GraphSAGE_class_weighting_s43,43,1:10,GraphSAGE,class_weighting,PGExplainer,140575,True,0.9392011165618896,,2,,no_aplica,,0.1999999999999999,,0.6,,2.164461374282837
1:10_GraphSAGE_class_weighting_s43,43,1:10,GraphSAGE,class_weighting,PGExplainer,141068,True,0.974976122379303,,1,,no_aplica,,,menos_de_2_aristas,,menos_de_2_aristas,2.16418194770813
1:10_GraphSAGE_class_weighting_s43,43,1:10,GraphSAGE,class_weighting,PGExplainer,148220,True,0.9869465231895448,,2,,no_aplica,,0.1999999999999999,,0.6,,2.164309501647949
1:10_GraphSAGE_class_weighting_s43,43,1:10,GraphSAGE,class_weighting,PGExplainer,150129,False,0.1130031421780586,,0,,no_aplica,,,menos_de_2_aristas,,menos_de_2_aristas,2.163735866546631
1:10_GraphSAGE_class_weighting_s43,43,1:10,GraphSAGE,class_weighting,PGExplainer,150346,True,0.5779339671134949,,0,,no_aplica,,,menos_de_2_aristas,,menos_de_2_aristas,2.163588762283325
1:10_GraphSAGE_class_weighting_s43,43,1:10,GraphSAGE,class_weighting,PGExplainer,150528,True,0.9837355613708496,,2,,no_aplica,,-0.1999999999999999,,0.4,,2.164270639419556
1:10_GraphSAGE_class_weighting_s43,43,1:10,GraphSAGE,class_weighting,PGExplainer,152223,True,0.5701451301574707,,2,,no_aplica,,-0.1999999999999999,,0.4,,2.1641013622283936
1:10_GraphSAGE_class_weighting_s43,43,1:10,GraphSAGE,class_weighting,PGExplainer,152280,True,0.6615539789199829,,1,,no_aplica,,,menos_de_2_aristas,,menos_de_2_aristas,2.164144515991211
1:10_GraphSAGE_class_weighting_s43,43,1:10,GraphSAGE,class_weighting,PGExplainer,153599,True,0.8359867334365845,,2,,no_aplica,,-0.1999999999999999,,0.4,,2.1642160415649414
1:10_GraphSAGE_class_weighting_s43,43,1:10,GraphSAGE,class_weighting,PGExplainer,155856,True,0.7135582566261292,,2,,no_aplica,,-0.1999999999999999,,0.4,,2.164158821105957
1:10_GraphSAGE_class_weighting_s43,43,1:10,GraphSAGE,class_weighting,PGExplainer,158611,False,0.4509080946445465,,3,,no_aplica,,-0.2,,0.4666666666666666,,2.164145946502685
1:10_GraphSAGE_class_weighting_s43,43,1:10,GraphSAGE,class_weighting,PGExplainer,158949,True,0.5688139796257019,,2,,no_aplica,,-0.1999999999999999,,0.4,,2.164902687072754
1:10_GraphSAGE_class_weighting_s43,43,1:10,GraphSAGE,class_weighting,PGExplainer,159862,False,0.2242653220891952,,0,,no_aplica,,,menos_de_2_aristas,,menos_de_2_aristas,2.16380262374878
1:10_GraphSAGE_class_weighting_s43,43,1:10,GraphSAGE,class_weighting,PGExplainer,161504,True,0.9937501549720764,,2,,no_aplica,,-0.1999999999999999,,0.4,,2.1642587184906006
1:10_GraphSAGE_class_weighting_s43,43,1:10,GraphSAGE,class_weighting,PGExplainer,163852,True,0.9315387606620787,,2,,no_aplica,,-0.1999999999999999,,0.4,,2.1641762256622314
1:10_GraphSAGE_class_weighting_s43,43,1:10,GraphSAGE,class_weighting,PGExplainer,165001,True,0.9575240612030028,,1,,no_aplica,,,menos_de_2_aristas,,menos_de_2_aristas,2.164184093475342
1:10_GraphSAGE_class_weighting_s43,43,1:10,GraphSAGE,class_weighting,PGExplainer,168077,True,0.9050337672233582,,1,,no_aplica,,,menos_de_2_aristas,,menos_de_2_aristas,2.1641223430633545
1:10_GraphSAGE_class_weighting_s43,43,1:10,GraphSAGE,class_weighting,PGExplainer,168167,True,0.5477319359779358,,1,,no_aplica,,,menos_de_2_aristas,,menos_de_2_aristas,2.164255857467652
1:10_GraphSAGE_class_weighting_s43,43,1:10,GraphSAGE,class_weighting,PGExplainer,168250,True,0.8234633803367615,,1,,no_aplica,,,menos_de_2_aristas,,menos_de_2_aristas,2.164156913757324
1:10_GraphSAGE_class_weighting_s43,43,1:10,GraphSAGE,class_weighting,PGExplainer,170168,True,0.9689149856567384,,2,,no_aplica,,-0.1999999999999999,,0.4,,2.1642093658447266
1:10_GraphSAGE_class_weighting_s43,43,1:10,GraphSAGE,class_weighting,PGExplainer,170185,False,0.4091690182685852,,2,,no_aplica,,-0.1999999999999999,,0.4,,2.164179563522339
1:10_GraphSAGE_class_weighting_s43,43,1:10,GraphSAGE,class_weighting,PGExplainer,171111,False,0.067863218486309,,2,,no_aplica,,1.0,,0.4,,2.164213180541992
1:10_GraphSAGE_class_weighting_s43,43,1:10,GraphSAGE,class_weighting,PGExplainer,171381,True,0.95113343000412,,2,,no_aplica,,1.0,,0.6,,2.1643168926239014
1:10_GraphSAGE_class_weighting_s43,43,1:10,GraphSAGE,class_weighting,PGExplainer,172466,True,0.8535428643226624,,2,,no_aplica,,-0.1999999999999999,,0.4,,2.1642813682556152
1:10_GraphSAGE_class_weighting_s43,43,1:10,GraphSAGE,class_weighting,PGExplainer,172476,True,0.7967708706855774,,2,,no_aplica,,-0.1999999999999999,,0.4,,2.164180994033813
1:10_GraphSAGE_class_weighting_s43,43,1:10,GraphSAGE,class_weighting,PGExplainer,172625,True,0.7256016731262207,,1,,no_aplica,,,menos_de_2_aristas,,menos_de_2_aristas,2.1641409397125244
1:10_GraphSAGE_class_weighting_s43,43,1:10,GraphSAGE,class_weighting,PGExplainer,172800,True,0.8906843662261963,,1,,no_aplica,,,menos_de_2_aristas,,menos_de_2_aristas,2.1641738414764404
1:10_GraphSAGE_class_weighting_s43,43,1:10,GraphSAGE,class_weighting,PGExplainer,173595,True,0.6960895657539368,,1,,no_aplica,,,menos_de_2_aristas,,menos_de_2_aristas,2.1641578674316406
1:10_GraphSAGE_class_weighting_s43,43,1:10,GraphSAGE,class_weighting,ShapleyFeatures,139670,True,0.9933432340621948,,0,0.9945035230352304,,0.9395036993931332,,no_aplica,,no_aplica,0.7427322864532471
1:10_GraphSAGE_class_weighting_s43,43,1:10,GraphSAGE,class_weighting,ShapleyFeatures,139873,True,0.9552894830703736,,0,0.9978915315611886,,0.940376589907723,,no_aplica,,no_aplica,0.7371262907981873
1:10_GraphSAGE_class_weighting_s43,43,1:10,GraphSAGE,class_weighting,ShapleyFeatures,140575,True,0.9392011165618896,,0,0.9934370116901492,,0.9998187713026851,,no_aplica,,no_aplica,0.7386689186096191
1:10_GraphSAGE_class_weighting_s43,43,1:10,GraphSAGE,class_weighting,ShapleyFeatures,141068,True,0.974976122379303,,0,0.9996667596763268,,0.9498470363288718,,no_aplica,,no_aplica,0.7599796056747437
1:10_GraphSAGE_class_weighting_s43,43,1:10,GraphSAGE,class_weighting,ShapleyFeatures,148220,True,0.9869465231895448,,0,0.9984550672443868,,0.910506276498462,,no_aplica,,no_aplica,0.7947118878364563
1:10_GraphSAGE_class_weighting_s43,43,1:10,GraphSAGE,class_weighting,ShapleyFeatures,150129,False,0.1130031421780586,,0,,vector_constante,,,no_aplica,,no_aplica,0.5871232151985168
1:10_GraphSAGE_class_weighting_s43,43,1:10,GraphSAGE,class_weighting,ShapleyFeatures,150346,True,0.5779339671134949,,0,,vector_constante,,,no_aplica,,no_aplica,0.5852729082107544
1:10_GraphSAGE_class_weighting_s43,43,1:10,GraphSAGE,class_weighting,ShapleyFeatures,150528,True,0.9837355613708496,,0,0.9965053350405462,,0.8898969157868486,,no_aplica,,no_aplica,0.7694903016090393
1:10_GraphSAGE_class_weighting_s43,43,1:10,GraphSAGE,class_weighting,ShapleyFeatures,152223,True,0.5701451301574707,,0,0.9914659973116068,,0.8620142987779532,,no_aplica,,no_aplica,0.77433180809021
1:10_GraphSAGE_class_weighting_s43,43,1:10,GraphSAGE,class_weighting,ShapleyFeatures,152280,True,0.6615539789199829,,0,0.9923190256301716,,0.941689250976806,,no_aplica,,no_aplica,0.7753646969795227
1:10_GraphSAGE_class_weighting_s43,43,1:10,GraphSAGE,class_weighting,ShapleyFeatures,153599,True,0.8359867334365845,,0,0.998823620499518,,0.9998977471111482,,no_aplica,,no_aplica,0.7793701887130737
1:10_GraphSAGE_class_weighting_s43,43,1:10,GraphSAGE,class_weighting,ShapleyFeatures,155856,True,0.7135582566261292,,0,0.9871125906290164,,0.925603957103666,,no_aplica,,no_aplica,0.7879464030265808
1:10_GraphSAGE_class_weighting_s43,43,1:10,GraphSAGE,class_weighting,ShapleyFeatures,158611,False,0.4509080946445465,,0,0.9849951383659824,,0.9316576606534208,,no_aplica,,no_aplica,0.7712671756744385
1:10_GraphSAGE_class_weighting_s43,43,1:10,GraphSAGE,class_weighting,ShapleyFeatures,158949,True,0.5688139796257019,,0,0.9989062726771356,,0.9626901654335358,,no_aplica,,no_aplica,0.7755363583564758
1:10_GraphSAGE_class_weighting_s43,43,1:10,GraphSAGE,class_weighting,ShapleyFeatures,159862,False,0.2242653220891952,,0,,vector_constante,,,no_aplica,,no_aplica,0.5793311595916748
1:10_GraphSAGE_class_weighting_s43,43,1:10,GraphSAGE,class_weighting,ShapleyFeatures,161504,True,0.9937501549720764,,0,0.9913300799485244,,0.9818197688918447,,no_aplica,,no_aplica,0.7771749496459961
1:10_GraphSAGE_class_weighting_s43,43,1:10,GraphSAGE,class_weighting,ShapleyFeatures,163852,True,0.9315387606620787,,0,0.9955217496625948,,0.9992094105910716,,no_aplica,,no_aplica,0.7924174070358276
1:10_GraphSAGE_class_weighting_s43,43,1:10,GraphSAGE,class_weighting,ShapleyFeatures,165001,True,0.9575240612030028,,0,0.9985626509909532,,0.9197298196026272,,no_aplica,,no_aplica,0.771994948387146
1:10_GraphSAGE_class_weighting_s43,43,1:10,GraphSAGE,class_weighting,ShapleyFeatures,168077,True,0.9050337672233582,,0,0.985517711535891,,0.939285061102336,,no_aplica,,no_aplica,0.7708221077919006
1:10_GraphSAGE_class_weighting_s43,43,1:10,GraphSAGE,class_weighting,ShapleyFeatures,168167,True,0.5477319359779358,,0,0.9984949552083432,,0.9732529719843712,,no_aplica,,no_aplica,0.7882516980171204
1:10_GraphSAGE_class_weighting_s43,43,1:10,GraphSAGE,class_weighting,ShapleyFeatures,168250,True,0.8234633803367615,,0,0.9894754572494372,,0.8375101837226703,,no_aplica,,no_aplica,0.7687653303146362
1:10_GraphSAGE_class_weighting_s43,43,1:10,GraphSAGE,class_weighting,ShapleyFeatures,170168,True,0.9689149856567384,,0,0.9891909930694832,,0.9414448416327212,,no_aplica,,no_aplica,0.768848717212677
1:10_GraphSAGE_class_weighting_s43,43,1:10,GraphSAGE,class_weighting,ShapleyFeatures,170185,False,0.4091690182685852,,0,0.9969721777688694,,0.926247402111564,,no_aplica,,no_aplica,0.7682843208312988
1:10_GraphSAGE_class_weighting_s43,43,1:10,GraphSAGE,class_weighting,ShapleyFeatures,171111,False,0.067863218486309,,0,0.9966478328684728,,0.8898071327624907,,no_aplica,,no_aplica,0.7687901258468628
1:10_GraphSAGE_class_weighting_s43,43,1:10,GraphSAGE,class_weighting,ShapleyFeatures,171381,True,0.95113343000412,,0,0.9975587579103932,,0.9640909468783774,,no_aplica,,no_aplica,0.7666905522346497
1:10_GraphSAGE_class_weighting_s43,43,1:10,GraphSAGE,class_weighting,ShapleyFeatures,172466,True,0.8535428643226624,,0,0.9986932769493996,,0.9411754925596474,,no_aplica,,no_aplica,0.7761421203613281
1:10_GraphSAGE_class_weighting_s43,43,1:10,GraphSAGE,class_weighting,ShapleyFeatures,172476,True,0.7967708706855774,,0,0.991619996545018,,0.9142954526560813,,no_aplica,,no_aplica,0.7779788374900818
1:10_GraphSAGE_class_weighting_s43,43,1:10,GraphSAGE,class_weighting,ShapleyFeatures,172625,True,0.7256016731262207,,0,0.9899031819568896,,0.7344800066505944,,no_aplica,,no_aplica,0.7811497449874878
1:10_GraphSAGE_class_weighting_s43,43,1:10,GraphSAGE,class_weighting,ShapleyFeatures,172800,True,0.8906843662261963,,0,0.9993023472784948,,0.981627732978635,,no_aplica,,no_aplica,0.7710168361663818
1:10_GraphSAGE_class_weighting_s43,43,1:10,GraphSAGE,class_weighting,ShapleyFeatures,173595,True,0.6960895657539368,,0,0.999895980944915,,0.9999742289467122,,no_aplica,,no_aplica,0.7666720151901245
1:10_GraphSAGE_focal_loss_s43,43,1:10,GraphSAGE,focal_loss,GNNExplainer,139670,False,0.4939124286174774,,1,0.8916968971697811,,0.7953163188960013,,menos_de_2_aristas,,menos_de_2_aristas,0.930487096309662
1:10_GraphSAGE_focal_loss_s43,43,1:10,GraphSAGE,focal_loss,GNNExplainer,139873,True,0.6448466777801514,,1,0.8852773623869545,,0.6608304929753097,,menos_de_2_aristas,,menos_de_2_aristas,1.050323247909546
1:10_GraphSAGE_focal_loss_s43,43,1:10,GraphSAGE,focal_loss,GNNExplainer,140575,True,0.6973859071731567,,2,0.8915774029645934,,0.7627558400532047,0.1999999999999999,,0.6,,1.1560046672821045
1:10_GraphSAGE_focal_loss_s43,43,1:10,GraphSAGE,focal_loss,GNNExplainer,141068,True,0.6243630051612854,,1,0.9085043782427368,,0.6357644026934908,,menos_de_2_aristas,,menos_de_2_aristas,1.1980705261230469
1:10_GraphSAGE_focal_loss_s43,43,1:10,GraphSAGE,focal_loss,GNNExplainer,148220,True,0.6779429912567139,,2,0.9077164303586324,,0.6929487072907141,0.1999999999999999,,0.6,,1.0451663732528689
1:10_GraphSAGE_focal_loss_s43,43,1:10,GraphSAGE,focal_loss,GNNExplainer,150129,False,0.2940887212753296,,0,0.8554793713896702,,0.6148632471527143,,menos_de_2_aristas,,menos_de_2_aristas,0.9437068700790404
1:10_GraphSAGE_focal_loss_s43,43,1:10,GraphSAGE,focal_loss,GNNExplainer,150346,True,0.5095658898353577,,0,0.8843492255385754,,0.3486008812037576,,menos_de_2_aristas,,menos_de_2_aristas,0.928888976573944
1:10_GraphSAGE_focal_loss_s43,43,1:10,GraphSAGE,focal_loss,GNNExplainer,150528,True,0.6465097069740295,,2,0.93357874699065,,0.7722237925014548,0.1999999999999999,,0.6,,0.9834119081497192
1:10_GraphSAGE_focal_loss_s43,43,1:10,GraphSAGE,focal_loss,GNNExplainer,152223,False,0.4012518227100372,,2,0.9379941294269332,,0.7306334691163022,0.1999999999999999,,0.6,,0.931485116481781
1:10_GraphSAGE_focal_loss_s43,43,1:10,GraphSAGE,focal_loss,GNNExplainer,152280,True,0.6419214010238647,,1,0.8002795147239592,,0.5310715770221963,,menos_de_2_aristas,,menos_de_2_aristas,0.9198563098907472
1:10_GraphSAGE_focal_loss_s43,43,1:10,GraphSAGE,focal_loss,GNNExplainer,153599,True,0.5054466128349304,,2,0.94402256485285,,0.6551700058192701,0.1999999999999999,,0.6,,0.9094060659408568
1:10_GraphSAGE_focal_loss_s43,43,1:10,GraphSAGE,focal_loss,GNNExplainer,155856,True,0.6506962180137634,,2,0.9151912845876222,,0.7981103998669881,0.1999999999999999,,0.6,,0.920410454273224
1:10_GraphSAGE_focal_loss_s43,43,1:10,GraphSAGE,focal_loss,GNNExplainer,158611,False,0.4291222691535949,,3,0.8218916355855036,,0.6838714772632806,0.1,,0.5333333333333332,,0.9023554921150208
1:10_GraphSAGE_focal_loss_s43,43,1:10,GraphSAGE,focal_loss,GNNExplainer,158949,False,0.4486924409866333,,2,0.9568840788563524,,0.8760861251974396,0.1999999999999999,,0.6,,0.915593922138214
1:10_GraphSAGE_focal_loss_s43,43,1:10,GraphSAGE,focal_loss,GNNExplainer,159862,False,0.2855412662029266,,0,0.9037786317114735,,0.6740211156372101,,menos_de_2_aristas,,menos_de_2_aristas,0.8150326013565063
1:10_GraphSAGE_focal_loss_s43,43,1:10,GraphSAGE,focal_loss,GNNExplainer,161504,True,0.7241655588150024,,2,0.8942419164749179,,0.7715994679524483,0.1999999999999999,,0.6,,0.8968236446380615
1:10_GraphSAGE_focal_loss_s43,43,1:10,GraphSAGE,focal_loss,GNNExplainer,163852,True,0.595542311668396,,2,0.94862242129054,,0.8751550419818772,0.1999999999999999,,0.6,,0.9114162921905518
1:10_GraphSAGE_focal_loss_s43,43,1:10,GraphSAGE,focal_loss,GNNExplainer,165001,True,0.6233338713645935,,1,0.9068478575049118,,0.6679383157369689,,menos_de_2_aristas,,menos_de_2_aristas,0.918697714805603
1:10_GraphSAGE_focal_loss_s43,43,1:10,GraphSAGE,focal_loss,GNNExplainer,168077,False,0.4984806776046753,,1,0.7723652137656757,,0.6884728572616179,,menos_de_2_aristas,,menos_de_2_aristas,0.90278959274292
1:10_GraphSAGE_focal_loss_s43,43,1:10,GraphSAGE,focal_loss,GNNExplainer,168167,True,0.5975178480148315,,1,0.9090985840145775,,0.5865849197772052,,menos_de_2_aristas,,menos_de_2_aristas,0.9121644496917723
1:10_GraphSAGE_focal_loss_s43,43,1:10,GraphSAGE,focal_loss,GNNExplainer,168250,False,0.3615904748439789,,1,0.9069040260323772,,0.5278260869565217,,menos_de_2_aristas,,menos_de_2_aristas,0.8957222700119019
1:10_GraphSAGE_focal_loss_s43,43,1:10,GraphSAGE,focal_loss,GNNExplainer,170168,True,0.6467562317848206,,2,0.94595207435194,,0.7053379333277914,0.1999999999999999,,0.6,,0.8848102688789368
1:10_GraphSAGE_focal_loss_s43,43,1:10,GraphSAGE,focal_loss,GNNExplainer,170185,False,0.4846182763576507,,2,0.944677509657914,,0.9605079391470612,0.1999999999999999,,0.6,,0.8774458169937134
1:10_GraphSAGE_focal_loss_s43,43,1:10,GraphSAGE,focal_loss,GNNExplainer,171111,False,0.4364568591117859,,2,0.9168957505178884,,0.8948657411256132,0.1999999999999999,,0.6,,0.8855290412902832
1:10_GraphSAGE_focal_loss_s43,43,1:10,GraphSAGE,focal_loss,GNNExplainer,171381,True,0.7114213109016418,,2,0.935933207393662,,0.7148848615845041,0.1999999999999999,,0.6,,0.8781375885009766
1:10_GraphSAGE_focal_loss_s43,43,1:10,GraphSAGE,focal_loss,GNNExplainer,172466,True,0.5639469027519226,,2,0.93213077664655,,0.7667378834483333,0.1999999999999999,,0.6,,0.8831737637519836
1:10_GraphSAGE_focal_loss_s43,43,1:10,GraphSAGE,focal_loss,GNNExplainer,172476,False,0.4801805913448334,,2,0.8284264336303867,,0.5145406933244658,0.1999999999999999,,0.6,,0.9030756950378418
1:10_GraphSAGE_focal_loss_s43,43,1:10,GraphSAGE,focal_loss,GNNExplainer,172625,False,0.3013958930969238,,1,0.9123812027892352,,0.6791869648349822,,menos_de_2_aristas,,menos_de_2_aristas,0.9013426899909972
1:10_GraphSAGE_focal_loss_s43,43,1:10,GraphSAGE,focal_loss,GNNExplainer,172800,False,0.4518950879573822,,1,0.8817609756097562,,0.8849779699060603,,menos_de_2_aristas,,menos_de_2_aristas,0.8882926106452942
1:10_GraphSAGE_focal_loss_s43,43,1:10,GraphSAGE,focal_loss,GNNExplainer,173595,True,0.5495099425315857,,1,0.869900289947289,,0.4515437692243743,,menos_de_2_aristas,,menos_de_2_aristas,0.8882769346237183
1:10_GraphSAGE_focal_loss_s43,43,1:10,GraphSAGE,focal_loss,PGExplainer,139670,False,0.4939124286174774,,1,,no_aplica,,,menos_de_2_aristas,,menos_de_2_aristas,2.378066062927246
1:10_GraphSAGE_focal_loss_s43,43,1:10,GraphSAGE,focal_loss,PGExplainer,139873,True,0.6448466777801514,,1,,no_aplica,,,menos_de_2_aristas,,menos_de_2_aristas,2.377605438232422
1:10_GraphSAGE_focal_loss_s43,43,1:10,GraphSAGE,focal_loss,PGExplainer,140575,True,0.6973859071731567,,2,,no_aplica,,-0.1999999999999999,,0.4,,2.378161907196045
1:10_GraphSAGE_focal_loss_s43,43,1:10,GraphSAGE,focal_loss,PGExplainer,141068,True,0.6243630051612854,,1,,no_aplica,,,menos_de_2_aristas,,menos_de_2_aristas,2.377126932144165
1:10_GraphSAGE_focal_loss_s43,43,1:10,GraphSAGE,focal_loss,PGExplainer,148220,True,0.6779429912567139,,2,,no_aplica,,0.1999999999999999,,0.6,,2.3771772384643555
1:10_GraphSAGE_focal_loss_s43,43,1:10,GraphSAGE,focal_loss,PGExplainer,150129,False,0.2940887212753296,,0,,no_aplica,,,menos_de_2_aristas,,menos_de_2_aristas,2.377889394760132
1:10_GraphSAGE_focal_loss_s43,43,1:10,GraphSAGE,focal_loss,PGExplainer,150346,True,0.5095658898353577,,0,,no_aplica,,,menos_de_2_aristas,,menos_de_2_aristas,2.3764376640319824
1:10_GraphSAGE_focal_loss_s43,43,1:10,GraphSAGE,focal_loss,PGExplainer,150528,True,0.6465097069740295,,2,,no_aplica,,-0.1999999999999999,,0.4,,2.377930164337158
1:10_GraphSAGE_focal_loss_s43,43,1:10,GraphSAGE,focal_loss,PGExplainer,152223,False,0.4012518227100372,,2,,no_aplica,,-0.1999999999999999,,0.4,,2.378012657165528
1:10_GraphSAGE_focal_loss_s43,43,1:10,GraphSAGE,focal_loss,PGExplainer,152280,True,0.6419214010238647,,1,,no_aplica,,,menos_de_2_aristas,,menos_de_2_aristas,2.3777406215667725
1:10_GraphSAGE_focal_loss_s43,43,1:10,GraphSAGE,focal_loss,PGExplainer,153599,True,0.5054466128349304,,2,,no_aplica,,-0.1999999999999999,,0.4,,2.3771069049835205
1:10_GraphSAGE_focal_loss_s43,43,1:10,GraphSAGE,focal_loss,PGExplainer,155856,True,0.6506962180137634,,2,,no_aplica,,-0.1999999999999999,,0.4,,2.378190279006958
1:10_GraphSAGE_focal_loss_s43,43,1:10,GraphSAGE,focal_loss,PGExplainer,158611,False,0.4291222691535949,,3,,no_aplica,,-0.0732050807568877,,0.5999999999999999,,2.377408504486084
1:10_GraphSAGE_focal_loss_s43,43,1:10,GraphSAGE,focal_loss,PGExplainer,158949,False,0.4486924409866333,,2,,no_aplica,,-0.1999999999999999,,0.4,,2.3773069381713867
1:10_GraphSAGE_focal_loss_s43,43,1:10,GraphSAGE,focal_loss,PGExplainer,159862,False,0.2855412662029266,,0,,no_aplica,,,menos_de_2_aristas,,menos_de_2_aristas,2.377997398376465
1:10_GraphSAGE_focal_loss_s43,43,1:10,GraphSAGE,focal_loss,PGExplainer,161504,True,0.7241655588150024,,2,,no_aplica,,-0.1999999999999999,,0.4,,2.37798810005188
1:10_GraphSAGE_focal_loss_s43,43,1:10,GraphSAGE,focal_loss,PGExplainer,163852,True,0.595542311668396,,2,,no_aplica,,-0.1999999999999999,,0.4,,2.377316236495972
1:10_GraphSAGE_focal_loss_s43,43,1:10,GraphSAGE,focal_loss,PGExplainer,165001,True,0.6233338713645935,,1,,no_aplica,,,menos_de_2_aristas,,menos_de_2_aristas,2.3772902488708496
1:10_GraphSAGE_focal_loss_s43,43,1:10,GraphSAGE,focal_loss,PGExplainer,168077,False,0.4984806776046753,,1,,no_aplica,,,menos_de_2_aristas,,menos_de_2_aristas,2.3779311180114746
1:10_GraphSAGE_focal_loss_s43,43,1:10,GraphSAGE,focal_loss,PGExplainer,168167,True,0.5975178480148315,,1,,no_aplica,,,menos_de_2_aristas,,menos_de_2_aristas,2.377662420272827
1:10_GraphSAGE_focal_loss_s43,43,1:10,GraphSAGE,focal_loss,PGExplainer,168250,False,0.3615904748439789,,1,,no_aplica,,,menos_de_2_aristas,,menos_de_2_aristas,2.3781776428222656
1:10_GraphSAGE_focal_loss_s43,43,1:10,GraphSAGE,focal_loss,PGExplainer,170168,True,0.6467562317848206,,2,,no_aplica,,0.0,,0.6,,2.3779757022857666
1:10_GraphSAGE_focal_loss_s43,43,1:10,GraphSAGE,focal_loss,PGExplainer,170185,False,0.4846182763576507,,2,,no_aplica,,-0.3333333333333333,,0.4,,2.377599239349365
1:10_GraphSAGE_focal_loss_s43,43,1:10,GraphSAGE,focal_loss,PGExplainer,171111,False,0.4364568591117859,,2,,no_aplica,,-0.1999999999999999,,0.4,,2.377237558364868
1:10_GraphSAGE_focal_loss_s43,43,1:10,GraphSAGE,focal_loss,PGExplainer,171381,True,0.7114213109016418,,2,,no_aplica,,-0.1999999999999999,,0.4,,2.3777520656585693
1:10_GraphSAGE_focal_loss_s43,43,1:10,GraphSAGE,focal_loss,PGExplainer,172466,True,0.5639469027519226,,2,,no_aplica,,-0.1999999999999999,,0.4,,2.377636671066284
1:10_GraphSAGE_focal_loss_s43,43,1:10,GraphSAGE,focal_loss,PGExplainer,172476,False,0.4801805913448334,,2,,no_aplica,,-0.1999999999999999,,0.4,,2.3782296180725098
1:10_GraphSAGE_focal_loss_s43,43,1:10,GraphSAGE,focal_loss,PGExplainer,172625,False,0.3013958930969238,,1,,no_aplica,,,menos_de_2_aristas,,menos_de_2_aristas,2.377572536468506
1:10_GraphSAGE_focal_loss_s43,43,1:10,GraphSAGE,focal_loss,PGExplainer,172800,False,0.4518950879573822,,1,,no_aplica,,,menos_de_2_aristas,,menos_de_2_aristas,2.377140760421753
1:10_GraphSAGE_focal_loss_s43,43,1:10,GraphSAGE,focal_loss,PGExplainer,173595,True,0.5495099425315857,,1,,no_aplica,,,menos_de_2_aristas,,menos_de_2_aristas,2.377300977706909
1:10_GraphSAGE_focal_loss_s43,43,1:10,GraphSAGE,focal_loss,ShapleyFeatures,139670,False,0.4939124286174774,,0,0.9976517615176153,,0.9999684096766148,,no_aplica,,no_aplica,0.774916410446167
1:10_GraphSAGE_focal_loss_s43,43,1:10,GraphSAGE,focal_loss,ShapleyFeatures,139873,True,0.6448466777801514,,0,0.9983748936987352,,0.9999642530551168,,no_aplica,,no_aplica,0.7612720131874084
1:10_GraphSAGE_focal_loss_s43,43,1:10,GraphSAGE,focal_loss,ShapleyFeatures,140575,True,0.6973859071731567,,0,0.9972866638336207,,0.9999301687588328,,no_aplica,,no_aplica,0.7472009062767029
1:10_GraphSAGE_focal_loss_s43,43,1:10,GraphSAGE,focal_loss,ShapleyFeatures,141068,True,0.6243630051612854,,0,0.9998660660900068,,0.9999634217308172,,no_aplica,,no_aplica,0.7514246106147766
1:10_GraphSAGE_focal_loss_s43,43,1:10,GraphSAGE,focal_loss,ShapleyFeatures,148220,True,0.6779429912567139,,0,0.999708513870913,,0.9999418072990274,,no_aplica,,no_aplica,0.754030168056488
1:10_GraphSAGE_focal_loss_s43,43,1:10,GraphSAGE,focal_loss,ShapleyFeatures,150129,False,0.2940887212753296,,0,,vector_constante,,,no_aplica,,no_aplica,0.5617220401763916
1:10_GraphSAGE_focal_loss_s43,43,1:10,GraphSAGE,focal_loss,ShapleyFeatures,150346,True,0.5095658898353577,,0,,vector_constante,,,no_aplica,,no_aplica,0.5612438321113586
1:10_GraphSAGE_focal_loss_s43,43,1:10,GraphSAGE,focal_loss,ShapleyFeatures,150528,True,0.6465097069740295,,0,0.9976568501920614,,0.9630177072075818,,no_aplica,,no_aplica,0.7736563682556152
1:10_GraphSAGE_focal_loss_s43,43,1:10,GraphSAGE,focal_loss,ShapleyFeatures,152223,False,0.4012518227100372,,0,0.9961193866074124,,0.9546994762656912,,no_aplica,,no_aplica,0.761286735534668
1:10_GraphSAGE_focal_loss_s43,43,1:10,GraphSAGE,focal_loss,ShapleyFeatures,152280,True,0.6419214010238647,,0,0.9894797150857884,,0.9732155623908888,,no_aplica,,no_aplica,0.7610185146331787
1:10_GraphSAGE_focal_loss_s43,43,1:10,GraphSAGE,focal_loss,ShapleyFeatures,153599,True,0.5054466128349304,,0,0.9987027299231728,,0.9817640701637712,,no_aplica,,no_aplica,0.7616843581199646
1:10_GraphSAGE_focal_loss_s43,43,1:10,GraphSAGE,focal_loss,ShapleyFeatures,155856,True,0.6506962180137634,,0,0.9959777501668468,,0.9413675284728572,,no_aplica,,no_aplica,0.768017590045929
1:10_GraphSAGE_focal_loss_s43,43,1:10,GraphSAGE,focal_loss,ShapleyFeatures,158611,False,0.4291222691535949,,0,0.9687239782209494,,0.7952481503034333,,no_aplica,,no_aplica,0.75766521692276
1:10_GraphSAGE_focal_loss_s43,43,1:10,GraphSAGE,focal_loss,ShapleyFeatures,158949,False,0.4486924409866333,,0,0.9994763577254652,,0.9449397289882784,,no_aplica,,no_aplica,0.7679362893104553
1:10_GraphSAGE_focal_loss_s43,43,1:10,GraphSAGE,focal_loss,ShapleyFeatures,159862,False,0.2855412662029266,,0,,vector_constante,,,no_aplica,,no_aplica,0.5567026734352112
1:10_GraphSAGE_focal_loss_s43,43,1:10,GraphSAGE,focal_loss,ShapleyFeatures,161504,True,0.7241655588150024,,0,0.9976714321306662,,0.973132429960928,,no_aplica,,no_aplica,0.7497891783714294
1:10_GraphSAGE_focal_loss_s43,43,1:10,GraphSAGE,focal_loss,ShapleyFeatures,163852,True,0.595542311668396,,0,0.998001176592726,,0.9812320226120208,,no_aplica,,no_aplica,0.7784330248832703
1:10_GraphSAGE_focal_loss_s43,43,1:10,GraphSAGE,focal_loss,ShapleyFeatures,165001,True,0.6233338713645935,,0,0.9988226241732626,,0.968965832571286,,no_aplica,,no_aplica,0.7723037004470825
1:10_GraphSAGE_focal_loss_s43,43,1:10,GraphSAGE,focal_loss,ShapleyFeatures,168077,False,0.4984806776046753,,0,0.9925881566635476,,0.9727583340261036,,no_aplica,,no_aplica,0.8152832388877869
1:10_GraphSAGE_focal_loss_s43,43,1:10,GraphSAGE,focal_loss,ShapleyFeatures,168167,True,0.5975178480148315,,0,0.9998298890329204,,0.9999866988112064,,no_aplica,,no_aplica,0.8105345964431763
1:10_GraphSAGE_focal_loss_s43,43,1:10,GraphSAGE,focal_loss,ShapleyFeatures,168250,False,0.3615904748439789,,0,0.9959528152542466,,0.9997547593316154,,no_aplica,,no_aplica,0.7488154172897339
1:10_GraphSAGE_focal_loss_s43,43,1:10,GraphSAGE,focal_loss,ShapleyFeatures,170168,True,0.6467562317848206,,0,0.9969946927078072,,0.972757502701804,,no_aplica,,no_aplica,0.7459811568260193
1:10_GraphSAGE_focal_loss_s43,43,1:10,GraphSAGE,focal_loss,ShapleyFeatures,170185,False,0.4846182763576507,,0,0.9961133753367246,,0.9999833735140078,,no_aplica,,no_aplica,0.7538692951202393
1:10_GraphSAGE_focal_loss_s43,43,1:10,GraphSAGE,focal_loss,ShapleyFeatures,171111,False,0.4364568591117859,,0,0.9980251800317698,,0.9675226535871644,,no_aplica,,no_aplica,0.7798725962638855
1:10_GraphSAGE_focal_loss_s43,43,1:10,GraphSAGE,focal_loss,ShapleyFeatures,171381,True,0.7114213109016418,,0,0.999124419436766,,0.9672358467037993,,no_aplica,,no_aplica,0.7676042914390564
1:10_GraphSAGE_focal_loss_s43,43,1:10,GraphSAGE,focal_loss,ShapleyFeatures,172466,True,0.5639469027519226,,0,0.9965670309147764,,0.982219635879957,,no_aplica,,no_aplica,0.7769562005996704
1:10_GraphSAGE_focal_loss_s43,43,1:10,GraphSAGE,focal_loss,ShapleyFeatures,172476,False,0.4801805913448334,,0,0.9945327693910871,,0.8989558566796907,,no_aplica,,no_aplica,0.7885922193527222
1:10_GraphSAGE_focal_loss_s43,43,1:10,GraphSAGE,focal_loss,ShapleyFeatures,172625,False,0.3013958930969238,,0,0.99628679224346,,0.9346720425638042,,no_aplica,,no_aplica,0.7905795574188232
1:10_GraphSAGE_focal_loss_s43,43,1:10,GraphSAGE,focal_loss,ShapleyFeatures,172800,False,0.4518950879573822,,0,0.9969974605420856,,0.9683805802643612,,no_aplica,,no_aplica,0.7819306254386902
1:10_GraphSAGE_focal_loss_s43,43,1:10,GraphSAGE,focal_loss,ShapleyFeatures,173595,True,0.5495099425315857,,0,0.9999243223686196,,0.9637941641034168,,no_aplica,,no_aplica,0.7729566097259521
1:10_GraphSAGE_none_s43,43,1:10,GraphSAGE,none,GNNExplainer,139670,True,0.5618683695793152,,1,0.9094034752557072,,0.7485393632055864,,menos_de_2_aristas,,menos_de_2_aristas,0.9054951071739196
1:10_GraphSAGE_none_s43,43,1:10,GraphSAGE,none,GNNExplainer,139873,False,0.472385436296463,,1,0.9202772802217366,,0.811685094355308,,menos_de_2_aristas,,menos_de_2_aristas,0.9453848600387572
1:10_GraphSAGE_none_s43,43,1:10,GraphSAGE,none,GNNExplainer,140575,True,0.6722095608711243,,2,0.9023422777591276,,0.9205935655499212,0.1999999999999999,,0.6,,0.979423463344574
1:10_GraphSAGE_none_s43,43,1:10,GraphSAGE,none,GNNExplainer,141068,True,0.7040880918502808,,1,0.9333694043601096,,0.701346745365367,,menos_de_2_aristas,,menos_de_2_aristas,0.9387195706367492
1:10_GraphSAGE_none_s43,43,1:10,GraphSAGE,none,GNNExplainer,148220,True,0.7055345177650452,,2,0.893961078676675,,0.6977895086873389,0.1999999999999999,,0.6,,0.9245877861976624
1:10_GraphSAGE_none_s43,43,1:10,GraphSAGE,none,GNNExplainer,150129,False,0.0160031765699386,,0,0.8627007494262251,,0.6225355391138083,,menos_de_2_aristas,,menos_de_2_aristas,0.8145618438720703
1:10_GraphSAGE_none_s43,43,1:10,GraphSAGE,none,GNNExplainer,150346,False,0.4860092997550964,,0,0.9253334835614416,,0.8233460803059275,,menos_de_2_aristas,,menos_de_2_aristas,0.8270412087440491
1:10_GraphSAGE_none_s43,43,1:10,GraphSAGE,none,GNNExplainer,150528,True,0.5664743185043335,,2,0.9409461956217458,,0.6321606118546845,0.1999999999999999,,0.6,,0.919087529182434
1:10_GraphSAGE_none_s43,43,1:10,GraphSAGE,none,GNNExplainer,152223,False,0.4658872783184051,,2,0.9534902477162376,,0.8183406766979798,0.1999999999999999,,0.6,,0.9679956436157228
1:10_GraphSAGE_none_s43,43,1:10,GraphSAGE,none,GNNExplainer,152280,True,0.5897507667541504,,1,0.8144150499706054,,0.6657635713691912,,menos_de_2_aristas,,menos_de_2_aristas,0.9014338850975036
1:10_GraphSAGE_none_s43,43,1:10,GraphSAGE,none,GNNExplainer,153599,True,0.6246170401573181,,2,0.9608024309267906,,0.8096200847950786,0.1999999999999999,,0.6,,0.9202659726142884
1:10_GraphSAGE_none_s43,43,1:10,GraphSAGE,none,GNNExplainer,155856,True,0.6358115077018738,,2,0.9422010426413582,,0.7168268351483914,0.1999999999999999,,0.6,,0.8980769515037537
1:10_GraphSAGE_none_s43,43,1:10,GraphSAGE,none,GNNExplainer,158611,False,0.1823337078094482,,3,0.9281901038184436,,0.7298719760578603,0.1,,0.5333333333333332,,0.8972722291946411
1:10_GraphSAGE_none_s43,43,1:10,GraphSAGE,none,GNNExplainer,158949,False,0.3755288422107696,,2,0.9641105602951348,,0.8889525313824924,0.1999999999999999,,0.6,,0.9070661067962646
1:10_GraphSAGE_none_s43,43,1:10,GraphSAGE,none,GNNExplainer,159862,False,0.0111832451075315,,0,0.8807370579511664,,0.4859348241749107,,menos_de_2_aristas,,menos_de_2_aristas,0.7996636629104614
1:10_GraphSAGE_none_s43,43,1:10,GraphSAGE,none,GNNExplainer,161504,True,0.6686882376670837,,2,0.8983943856948533,,0.7399833735140079,0.1999999999999999,,0.6,,0.9187103509902954
1:10_GraphSAGE_none_s43,43,1:10,GraphSAGE,none,GNNExplainer,163852,False,0.4596324265003204,,2,0.9649527708890066,,0.6949621747443678,0.1999999999999999,,0.6,,0.8981326818466187
1:10_GraphSAGE_none_s43,43,1:10,GraphSAGE,none,GNNExplainer,165001,False,0.3128779232501983,,1,0.9536427373556696,,0.6764103416742872,,menos_de_2_aristas,,menos_de_2_aristas,0.9088284373283386
1:10_GraphSAGE_none_s43,43,1:10,GraphSAGE,none,GNNExplainer,168077,False,0.1806448549032211,,1,0.7933168158055102,,0.8441990190373266,,menos_de_2_aristas,,menos_de_2_aristas,0.9258598685264589
1:10_GraphSAGE_none_s43,43,1:10,GraphSAGE,none,GNNExplainer,168167,True,0.6537812352180481,,1,0.905269962273824,,0.6511422395876634,,menos_de_2_aristas,,menos_de_2_aristas,0.8867013454437256
1:10_GraphSAGE_none_s43,43,1:10,GraphSAGE,none,GNNExplainer,168250,False,0.0338131077587604,,1,0.877318066088472,,0.4904746861750769,,menos_de_2_aristas,,menos_de_2_aristas,0.8811070919036865
1:10_GraphSAGE_none_s43,43,1:10,GraphSAGE,none,GNNExplainer,170168,False,0.3282938599586487,,2,0.953675326129556,,0.7161351733311164,0.1999999999999999,,0.6,,0.9095058441162108
1:10_GraphSAGE_none_s43,43,1:10,GraphSAGE,none,GNNExplainer,170185,False,0.4359279274940491,,2,0.9589057163652648,,0.7963363538116219,0.1999999999999999,,0.6,,0.9453669786453248
1:10_GraphSAGE_none_s43,43,1:10,GraphSAGE,none,GNNExplainer,171111,False,0.3942523002624511,,2,0.9367269469794526,,0.795529969241001,0.1999999999999999,,0.6,,0.9025773406028748
1:10_GraphSAGE_none_s43,43,1:10,GraphSAGE,none,GNNExplainer,171381,True,0.7094371914863586,,2,0.9123440382054152,,0.6679408097098678,0.1999999999999999,,0.6,,0.8956151604652405
1:10_GraphSAGE_none_s43,43,1:10,GraphSAGE,none,GNNExplainer,172466,True,0.5552565455436707,,2,0.9312592295389828,,0.8633793332779117,0.1999999999999999,,0.6,,0.904464304447174
1:10_GraphSAGE_none_s43,43,1:10,GraphSAGE,none,GNNExplainer,172476,False,0.3061958253383636,,2,0.9232600788159409,,0.5025230692493141,0.1999999999999999,,0.6,,0.9127718210220336
1:10_GraphSAGE_none_s43,43,1:10,GraphSAGE,none,GNNExplainer,172625,False,0.0263494998216629,,1,0.8792100088190669,,0.5420184553994513,,menos_de_2_aristas,,menos_de_2_aristas,0.924817144870758
1:10_GraphSAGE_none_s43,43,1:10,GraphSAGE,none,GNNExplainer,172800,False,0.3235558271408081,,1,0.922489159891599,,0.9290340011638542,,menos_de_2_aristas,,menos_de_2_aristas,0.990004062652588
1:10_GraphSAGE_none_s43,43,1:10,GraphSAGE,none,GNNExplainer,173595,True,0.5413292050361633,,1,0.9029785757152876,,0.6775816776124366,,menos_de_2_aristas,,menos_de_2_aristas,1.0112730264663696
1:10_GraphSAGE_none_s43,43,1:10,GraphSAGE,none,PGExplainer,139670,True,0.5618683695793152,,1,,no_aplica,,,menos_de_2_aristas,,menos_de_2_aristas,2.364193916320801
1:10_GraphSAGE_none_s43,43,1:10,GraphSAGE,none,PGExplainer,139873,False,0.472385436296463,,1,,no_aplica,,,menos_de_2_aristas,,menos_de_2_aristas,2.3648252487182617
1:10_GraphSAGE_none_s43,43,1:10,GraphSAGE,none,PGExplainer,140575,True,0.6722095608711243,,2,,no_aplica,,-0.1999999999999999,,0.4,,2.365670919418335
1:10_GraphSAGE_none_s43,43,1:10,GraphSAGE,none,PGExplainer,141068,True,0.7040880918502808,,1,,no_aplica,,,menos_de_2_aristas,,menos_de_2_aristas,2.365544319152832
1:10_GraphSAGE_none_s43,43,1:10,GraphSAGE,none,PGExplainer,148220,True,0.7055345177650452,,2,,no_aplica,,-0.1999999999999999,,0.4,,2.3643367290496826
1:10_GraphSAGE_none_s43,43,1:10,GraphSAGE,none,PGExplainer,150129,False,0.0160031765699386,,0,,no_aplica,,,menos_de_2_aristas,,menos_de_2_aristas,2.363400459289551
1:10_GraphSAGE_none_s43,43,1:10,GraphSAGE,none,PGExplainer,150346,False,0.4860092997550964,,0,,no_aplica,,,menos_de_2_aristas,,menos_de_2_aristas,2.3649768829345703
1:10_GraphSAGE_none_s43,43,1:10,GraphSAGE,none,PGExplainer,150528,True,0.5664743185043335,,2,,no_aplica,,1.0,,1.0,,2.363886833190918
1:10_GraphSAGE_none_s43,43,1:10,GraphSAGE,none,PGExplainer,152223,False,0.4658872783184051,,2,,no_aplica,,1.0,,1.0,,2.3638267517089844
1:10_GraphSAGE_none_s43,43,1:10,GraphSAGE,none,PGExplainer,152280,True,0.5897507667541504,,1,,no_aplica,,,menos_de_2_aristas,,menos_de_2_aristas,2.3639161586761475
1:10_GraphSAGE_none_s43,43,1:10,GraphSAGE,none,PGExplainer,153599,True,0.6246170401573181,,2,,no_aplica,,1.0,,1.0,,2.364253759384156
1:10_GraphSAGE_none_s43,43,1:10,GraphSAGE,none,PGExplainer,155856,True,0.6358115077018738,,2,,no_aplica,,1.0,,1.0,,2.3644044399261475
1:10_GraphSAGE_none_s43,43,1:10,GraphSAGE,none,PGExplainer,158611,False,0.1823337078094482,,3,,no_aplica,,1.0,,1.0,,2.36470890045166
1:10_GraphSAGE_none_s43,43,1:10,GraphSAGE,none,PGExplainer,158949,False,0.3755288422107696,,2,,no_aplica,,1.0,,1.0,,2.3644187450408936
1:10_GraphSAGE_none_s43,43,1:10,GraphSAGE,none,PGExplainer,159862,False,0.0111832451075315,,0,,no_aplica,,,menos_de_2_aristas,,menos_de_2_aristas,2.363078117370605
1:10_GraphSAGE_none_s43,43,1:10,GraphSAGE,none,PGExplainer,161504,True,0.6686882376670837,,2,,no_aplica,,-0.1999999999999999,,0.4,,2.363790512084961
1:10_GraphSAGE_none_s43,43,1:10,GraphSAGE,none,PGExplainer,163852,False,0.4596324265003204,,2,,no_aplica,,-0.3333333333333333,,0.4,,2.363720655441284
1:10_GraphSAGE_none_s43,43,1:10,GraphSAGE,none,PGExplainer,165001,False,0.3128779232501983,,1,,no_aplica,,,menos_de_2_aristas,,menos_de_2_aristas,2.3658485412597656
1:10_GraphSAGE_none_s43,43,1:10,GraphSAGE,none,PGExplainer,168077,False,0.1806448549032211,,1,,no_aplica,,,menos_de_2_aristas,,menos_de_2_aristas,2.3644418716430664
1:10_GraphSAGE_none_s43,43,1:10,GraphSAGE,none,PGExplainer,168167,True,0.6537812352180481,,1,,no_aplica,,,menos_de_2_aristas,,menos_de_2_aristas,2.3647706508636475
1:10_GraphSAGE_none_s43,43,1:10,GraphSAGE,none,PGExplainer,168250,False,0.0338131077587604,,1,,no_aplica,,,menos_de_2_aristas,,menos_de_2_aristas,2.3636937141418457
1:10_GraphSAGE_none_s43,43,1:10,GraphSAGE,none,PGExplainer,170168,False,0.3282938599586487,,2,,no_aplica,,1.0,,1.0,,2.365161180496216
1:10_GraphSAGE_none_s43,43,1:10,GraphSAGE,none,PGExplainer,170185,False,0.4359279274940491,,2,,no_aplica,,-0.1999999999999999,,0.4,,2.36369252204895
1:10_GraphSAGE_none_s43,43,1:10,GraphSAGE,none,PGExplainer,171111,False,0.3942523002624511,,2,,no_aplica,,1.0,,0.4,,2.363936185836792
1:10_GraphSAGE_none_s43,43,1:10,GraphSAGE,none,PGExplainer,171381,True,0.7094371914863586,,2,,no_aplica,,-0.1999999999999999,,0.4,,2.364346981048584
1:10_GraphSAGE_none_s43,43,1:10,GraphSAGE,none,PGExplainer,172466,True,0.5552565455436707,,2,,no_aplica,,1.0,,1.0,,2.365414619445801
1:10_GraphSAGE_none_s43,43,1:10,GraphSAGE,none,PGExplainer,172476,False,0.3061958253383636,,2,,no_aplica,,1.0,,1.0,,2.364123821258545
1:10_GraphSAGE_none_s43,43,1:10,GraphSAGE,none,PGExplainer,172625,False,0.0263494998216629,,1,,no_aplica,,,menos_de_2_aristas,,menos_de_2_aristas,2.364506483078003
1:10_GraphSAGE_none_s43,43,1:10,GraphSAGE,none,PGExplainer,172800,False,0.3235558271408081,,1,,no_aplica,,,menos_de_2_aristas,,menos_de_2_aristas,2.363687753677368
1:10_GraphSAGE_none_s43,43,1:10,GraphSAGE,none,PGExplainer,173595,True,0.5413292050361633,,1,,no_aplica,,,menos_de_2_aristas,,menos_de_2_aristas,2.3636085987091064
1:10_GraphSAGE_none_s43,43,1:10,GraphSAGE,none,ShapleyFeatures,139670,True,0.5618683695793152,,0,0.9974300813008132,,0.9998927591653504,,no_aplica,,no_aplica,0.8036884069442749
1:10_GraphSAGE_none_s43,43,1:10,GraphSAGE,none,ShapleyFeatures,139873,False,0.472385436296463,,0,0.9977261124454436,,0.999870313409261,,no_aplica,,no_aplica,0.7965759038925171
1:10_GraphSAGE_none_s43,43,1:10,GraphSAGE,none,ShapleyFeatures,140575,True,0.6722095608711243,,0,0.9939176573342422,,0.9819452988610856,,no_aplica,,no_aplica,0.7856352925300598
1:10_GraphSAGE_none_s43,43,1:10,GraphSAGE,none,ShapleyFeatures,141068,True,0.7040880918502808,,0,0.9994789331558512,,0.999983373514008,,no_aplica,,no_aplica,0.790399968624115
1:10_GraphSAGE_none_s43,43,1:10,GraphSAGE,none,ShapleyFeatures,148220,True,0.7055345177650452,,0,0.9981028079455292,,0.9995893257959932,,no_aplica,,no_aplica,0.7802110314369202
1:10_GraphSAGE_none_s43,43,1:10,GraphSAGE,none,ShapleyFeatures,150129,False,0.0160031765699386,,0,,vector_constante,,,no_aplica,,no_aplica,0.5828714370727539
1:10_GraphSAGE_none_s43,43,1:10,GraphSAGE,none,ShapleyFeatures,150346,False,0.4860092997550964,,0,,vector_constante,,,no_aplica,,no_aplica,0.5803595185279846
1:10_GraphSAGE_none_s43,43,1:10,GraphSAGE,none,ShapleyFeatures,150528,True,0.5664743185043335,,0,0.99773424384692,,0.9638573447501873,,no_aplica,,no_aplica,0.7936286330223083
1:10_GraphSAGE_none_s43,43,1:10,GraphSAGE,none,ShapleyFeatures,152223,False,0.4658872783184051,,0,0.9975318903793926,,0.9361908720591904,,no_aplica,,no_aplica,0.7886555790901184
1:10_GraphSAGE_none_s43,43,1:10,GraphSAGE,none,ShapleyFeatures,152280,True,0.5897507667541504,,0,0.995054337620154,,0.94210657577521,,no_aplica,,no_aplica,0.7925419807434082
1:10_GraphSAGE_none_s43,43,1:10,GraphSAGE,none,ShapleyFeatures,153599,True,0.6246170401573181,,0,0.9993477862525484,,0.9821672624490814,,no_aplica,,no_aplica,0.7873564958572388
1:10_GraphSAGE_none_s43,43,1:10,GraphSAGE,none,ShapleyFeatures,155856,True,0.6358115077018738,,0,0.994802130826772,,0.9685551583672792,,no_aplica,,no_aplica,0.7924906015396118
1:10_GraphSAGE_none_s43,43,1:10,GraphSAGE,none,ShapleyFeatures,158611,False,0.1823337078094482,,0,0.9934125193428832,,0.95031922853105,,no_aplica,,no_aplica,0.79265958070755
1:10_GraphSAGE_none_s43,43,1:10,GraphSAGE,none,ShapleyFeatures,158949,False,0.3755288422107696,,0,0.9992383385097672,,0.9548133676947378,,no_aplica,,no_aplica,0.7844322919845581
1:10_GraphSAGE_none_s43,43,1:10,GraphSAGE,none,ShapleyFeatures,159862,False,0.0111832451075315,,0,,vector_constante,,,no_aplica,,no_aplica,0.5853201746940613
1:10_GraphSAGE_none_s43,43,1:10,GraphSAGE,none,ShapleyFeatures,161504,True,0.6686882376670837,,0,0.9968505052286692,,0.999797988195195,,no_aplica,,no_aplica,0.8289330005645752
1:10_GraphSAGE_none_s43,43,1:10,GraphSAGE,none,ShapleyFeatures,163852,False,0.4596324265003204,,0,0.9974580060213863,,0.9721963587995676,,no_aplica,,no_aplica,0.8068232536315918
1:10_GraphSAGE_none_s43,43,1:10,GraphSAGE,none,ShapleyFeatures,165001,False,0.3128779232501983,,0,0.9981623658408252,,0.9999143735971404,,no_aplica,,no_aplica,0.8023783564567566
1:10_GraphSAGE_none_s43,43,1:10,GraphSAGE,none,ShapleyFeatures,168077,False,0.1806448549032211,,0,0.9958299692554472,,0.9536993931332614,,no_aplica,,no_aplica,0.7788498401641846
1:10_GraphSAGE_none_s43,43,1:10,GraphSAGE,none,ShapleyFeatures,168167,True,0.6537812352180481,,0,0.9989547908241636,,0.9545905727824424,,no_aplica,,no_aplica,0.7581575512886047
1:10_GraphSAGE_none_s43,43,1:10,GraphSAGE,none,ShapleyFeatures,168250,False,0.0338131077587604,,0,0.9953116526711911,,0.9998586748690664,,no_aplica,,no_aplica,0.7529363036155701
1:10_GraphSAGE_none_s43,43,1:10,GraphSAGE,none,ShapleyFeatures,170168,False,0.3282938599586487,,0,0.9942210608830524,,0.9810574445091028,,no_aplica,,no_aplica,0.7625687718391418
1:10_GraphSAGE_none_s43,43,1:10,GraphSAGE,none,ShapleyFeatures,170185,False,0.4359279274940491,,0,0.9954539039396184,,0.9999883614598056,,no_aplica,,no_aplica,0.7618066072463989
1:10_GraphSAGE_none_s43,43,1:10,GraphSAGE,none,ShapleyFeatures,171111,False,0.3942523002624511,,0,0.9993350242579704,,0.9459605952281986,,no_aplica,,no_aplica,0.7770704627037048
1:10_GraphSAGE_none_s43,43,1:10,GraphSAGE,none,ShapleyFeatures,171381,True,0.7094371914863586,,0,0.998732091992086,,0.9999700723252142,,no_aplica,,no_aplica,0.7548891305923462
1:10_GraphSAGE_none_s43,43,1:10,GraphSAGE,none,ShapleyFeatures,172466,True,0.5552565455436707,,0,0.9991559336426172,,0.9998495303017708,,no_aplica,,no_aplica,0.759859561920166
1:10_GraphSAGE_none_s43,43,1:10,GraphSAGE,none,ShapleyFeatures,172476,False,0.3061958253383636,,0,0.9935663481932004,,0.9265940643445008,,no_aplica,,no_aplica,0.7638353109359741
1:10_GraphSAGE_none_s43,43,1:10,GraphSAGE,none,ShapleyFeatures,172625,False,0.0263494998216629,,0,0.997749327267179,,0.9995901571202926,,no_aplica,,no_aplica,0.7629679441452026
1:10_GraphSAGE_none_s43,43,1:10,GraphSAGE,none,ShapleyFeatures,172800,False,0.3235558271408081,,0,0.9953721671291916,,0.9817898412170588,,no_aplica,,no_aplica,0.7495712637901306
1:10_GraphSAGE_none_s43,43,1:10,GraphSAGE,none,ShapleyFeatures,173595,True,0.5413292050361633,,0,0.9995884463472732,,0.999940975974728,,no_aplica,,no_aplica,0.7428501844406128
1:10_os_GraphSAGE_class_weighting_s43,43,1:10_os,GraphSAGE,class_weighting,GNNExplainer,139670,True,0.9883891344070436,,1,0.9487882755733956,,0.827576689666639,,menos_de_2_aristas,,menos_de_2_aristas,1.147038459777832
1:10_os_GraphSAGE_class_weighting_s43,43,1:10_os,GraphSAGE,class_weighting,GNNExplainer,139873,True,0.9020946621894836,,1,0.9690075537223584,,0.8592443262116551,,menos_de_2_aristas,,menos_de_2_aristas,0.8532012701034546
1:10_os_GraphSAGE_class_weighting_s43,43,1:10_os,GraphSAGE,class_weighting,GNNExplainer,140575,True,0.9557337760925292,,2,0.9464214495025348,,0.8837409593482418,0.1999999999999999,,0.6,,0.8550927639007568
1:10_os_GraphSAGE_class_weighting_s43,43,1:10_os,GraphSAGE,class_weighting,GNNExplainer,141068,True,0.9867383241653442,,1,0.9480553816997056,,0.8523152381744119,,menos_de_2_aristas,,menos_de_2_aristas,0.8379703164100647
1:10_os_GraphSAGE_class_weighting_s43,43,1:10_os,GraphSAGE,class_weighting,GNNExplainer,148220,True,0.9892731308937072,,2,0.975043369474562,,0.8506766979798821,0.1999999999999999,,0.6,,0.9288644790649414
1:10_os_GraphSAGE_class_weighting_s43,43,1:10_os,GraphSAGE,class_weighting,GNNExplainer,150129,False,0.1816006153821945,,0,0.9605412299322388,,0.9979266771967744,,menos_de_2_aristas,,menos_de_2_aristas,0.7767853140830994
1:10_os_GraphSAGE_class_weighting_s43,43,1:10_os,GraphSAGE,class_weighting,GNNExplainer,150346,True,0.625468373298645,,0,0.9528706003084751,,0.8918729736470198,,menos_de_2_aristas,,menos_de_2_aristas,0.7369491457939148
1:10_os_GraphSAGE_class_weighting_s43,43,1:10_os,GraphSAGE,class_weighting,GNNExplainer,150528,True,0.9771023988723756,,2,0.9772966239292314,,0.7832263696067836,0.1999999999999999,,0.6,,0.8285573720932007
1:10_os_GraphSAGE_class_weighting_s43,43,1:10_os,GraphSAGE,class_weighting,GNNExplainer,152223,True,0.7562127709388733,,2,0.9811905741639922,,0.7631058275833403,0.1999999999999999,,0.6,,0.8370059728622437
1:10_os_GraphSAGE_class_weighting_s43,43,1:10_os,GraphSAGE,class_weighting,GNNExplainer,152280,False,0.2621757090091705,,1,0.9279776601998824,,0.8268916784437609,,menos_de_2_aristas,,menos_de_2_aristas,0.8263047933578491
1:10_os_GraphSAGE_class_weighting_s43,43,1:10_os,GraphSAGE,class_weighting,GNNExplainer,153599,True,0.920710563659668,,2,0.9694814585560744,,0.8634741042480671,0.1999999999999999,,0.6,,0.8524430990219116
1:10_os_GraphSAGE_class_weighting_s43,43,1:10_os,GraphSAGE,class_weighting,GNNExplainer,155856,True,0.6690109968185425,,2,0.9782005079534823,,0.776572449912711,0.1999999999999999,,0.6,,0.8348755836486816
1:10_os_GraphSAGE_class_weighting_s43,43,1:10_os,GraphSAGE,class_weighting,GNNExplainer,158611,False,0.3877502679824829,,3,0.945876145292334,,0.8491387480256047,0.2,,0.5333333333333332,,0.8413935899734497
1:10_os_GraphSAGE_class_weighting_s43,43,1:10_os,GraphSAGE,class_weighting,GNNExplainer,158949,True,0.502234160900116,,2,0.9828130043809086,,0.9044550669216062,0.1999999999999999,,0.6,,0.8161097764968872
1:10_os_GraphSAGE_class_weighting_s43,43,1:10_os,GraphSAGE,class_weighting,GNNExplainer,159862,False,0.2197725623846054,,0,0.9626682955460208,,0.997302352647768,,menos_de_2_aristas,,menos_de_2_aristas,0.7279738187789917
1:10_os_GraphSAGE_class_weighting_s43,43,1:10_os,GraphSAGE,class_weighting,GNNExplainer,161504,True,0.9960011839866638,,2,0.9554428668018934,,0.8606825172499791,0.1999999999999999,,0.6,,0.8141962885856628
1:10_os_GraphSAGE_class_weighting_s43,43,1:10_os,GraphSAGE,class_weighting,GNNExplainer,163852,True,0.8360834121704102,,2,0.9872787101472176,,0.8430434782608696,-0.1999999999999999,,0.4,,0.8170808553695679
1:10_os_GraphSAGE_class_weighting_s43,43,1:10_os,GraphSAGE,class_weighting,GNNExplainer,165001,True,0.9258021116256714,,1,0.9741283611975688,,0.7978443760911131,,menos_de_2_aristas,,menos_de_2_aristas,0.8066606521606445
1:10_os_GraphSAGE_class_weighting_s43,43,1:10_os,GraphSAGE,class_weighting,GNNExplainer,168077,True,0.7482216954231262,,1,0.9246135219218063,,0.8513849862831491,,menos_de_2_aristas,,menos_de_2_aristas,0.7939836382865906
1:10_os_GraphSAGE_class_weighting_s43,43,1:10_os,GraphSAGE,class_weighting,GNNExplainer,168167,True,0.5176502466201782,,1,0.9590854885177568,,0.8984861584504115,,menos_de_2_aristas,,menos_de_2_aristas,0.8048294186592102
1:10_os_GraphSAGE_class_weighting_s43,43,1:10_os,GraphSAGE,class_weighting,GNNExplainer,168250,False,0.4123217463493347,,1,0.9747028469508626,,0.7645589824590573,,menos_de_2_aristas,,menos_de_2_aristas,0.8071454763412476
1:10_os_GraphSAGE_class_weighting_s43,43,1:10_os,GraphSAGE,class_weighting,GNNExplainer,170168,True,0.9715697169303894,,2,0.9671992049717264,,0.7157228364785102,0.1999999999999999,,0.6,,0.8311273455619812
1:10_os_GraphSAGE_class_weighting_s43,43,1:10_os,GraphSAGE,class_weighting,GNNExplainer,170185,False,0.4201588630676269,,2,0.9786506914506468,,0.892350985119295,-0.1999999999999999,,0.4,,0.7621947526931763
1:10_os_GraphSAGE_class_weighting_s43,43,1:10_os,GraphSAGE,class_weighting,GNNExplainer,171111,False,0.0389711782336235,,2,0.9684412966799172,,0.8756987280738215,0.1999999999999999,,0.6,,0.7826886177062988
1:10_os_GraphSAGE_class_weighting_s43,43,1:10_os,GraphSAGE,class_weighting,GNNExplainer,171381,True,0.9795551896095276,,2,0.9795250514067908,,0.8841208745531631,-0.1999999999999999,,0.4,,0.7897332310676575
1:10_os_GraphSAGE_class_weighting_s43,43,1:10_os,GraphSAGE,class_weighting,GNNExplainer,172466,True,0.8340927958488464,,2,0.971052264963695,,0.8240302602045059,0.1999999999999999,,0.6,,1.0016546249389648
1:10_os_GraphSAGE_class_weighting_s43,43,1:10_os,GraphSAGE,class_weighting,GNNExplainer,172476,True,0.7184754610061646,,2,0.9707823957508888,,0.7795436029595145,0.1999999999999999,,0.6,,0.8980321288108826
1:10_os_GraphSAGE_class_weighting_s43,43,1:10_os,GraphSAGE,class_weighting,GNNExplainer,172625,False,0.1430606842041015,,1,0.9555047957098805,,0.6983040984287971,,menos_de_2_aristas,,menos_de_2_aristas,0.9872138500213624
1:10_os_GraphSAGE_class_weighting_s43,43,1:10_os,GraphSAGE,class_weighting,GNNExplainer,172800,True,0.8144940137863159,,1,0.9495943089430896,,0.7825779366530885,,menos_de_2_aristas,,menos_de_2_aristas,0.9217236042022704
1:10_os_GraphSAGE_class_weighting_s43,43,1:10_os,GraphSAGE,class_weighting,GNNExplainer,173595,True,0.6059490442276001,,1,0.9647022075039228,,0.8541591154709453,,menos_de_2_aristas,,menos_de_2_aristas,0.9247118830680848
1:10_os_GraphSAGE_class_weighting_s43,43,1:10_os,GraphSAGE,class_weighting,PGExplainer,139670,True,0.9883891344070436,,1,,no_aplica,,,menos_de_2_aristas,,menos_de_2_aristas,2.3076632022857666
1:10_os_GraphSAGE_class_weighting_s43,43,1:10_os,GraphSAGE,class_weighting,PGExplainer,139873,True,0.9020946621894836,,1,,no_aplica,,,menos_de_2_aristas,,menos_de_2_aristas,2.3078413009643555
1:10_os_GraphSAGE_class_weighting_s43,43,1:10_os,GraphSAGE,class_weighting,PGExplainer,140575,True,0.9557337760925292,,2,,no_aplica,,0.1999999999999999,,0.6,,2.30674695968628
1:10_os_GraphSAGE_class_weighting_s43,43,1:10_os,GraphSAGE,class_weighting,PGExplainer,141068,True,0.9867383241653442,,1,,no_aplica,,,menos_de_2_aristas,,menos_de_2_aristas,2.30613660812378
1:10_os_GraphSAGE_class_weighting_s43,43,1:10_os,GraphSAGE,class_weighting,PGExplainer,148220,True,0.9892731308937072,,2,,no_aplica,,1.0,,0.6,,2.3062071800231934
1:10_os_GraphSAGE_class_weighting_s43,43,1:10_os,GraphSAGE,class_weighting,PGExplainer,150129,False,0.1816006153821945,,0,,no_aplica,,,menos_de_2_aristas,,menos_de_2_aristas,2.30550217628479
1:10_os_GraphSAGE_class_weighting_s43,43,1:10_os,GraphSAGE,class_weighting,PGExplainer,150346,True,0.625468373298645,,0,,no_aplica,,,menos_de_2_aristas,,menos_de_2_aristas,2.305417537689209
1:10_os_GraphSAGE_class_weighting_s43,43,1:10_os,GraphSAGE,class_weighting,PGExplainer,150528,True,0.9771023988723756,,2,,no_aplica,,-0.1999999999999999,,0.4,,2.3061678409576416
1:10_os_GraphSAGE_class_weighting_s43,43,1:10_os,GraphSAGE,class_weighting,PGExplainer,152223,True,0.7562127709388733,,2,,no_aplica,,-0.1999999999999999,,0.4,,2.3062992095947266
1:10_os_GraphSAGE_class_weighting_s43,43,1:10_os,GraphSAGE,class_weighting,PGExplainer,152280,False,0.2621757090091705,,1,,no_aplica,,,menos_de_2_aristas,,menos_de_2_aristas,2.306549072265625
1:10_os_GraphSAGE_class_weighting_s43,43,1:10_os,GraphSAGE,class_weighting,PGExplainer,153599,True,0.920710563659668,,2,,no_aplica,,-0.1999999999999999,,0.4,,2.306265115737915
1:10_os_GraphSAGE_class_weighting_s43,43,1:10_os,GraphSAGE,class_weighting,PGExplainer,155856,True,0.6690109968185425,,2,,no_aplica,,-0.1999999999999999,,0.4,,2.306191921234131
1:10_os_GraphSAGE_class_weighting_s43,43,1:10_os,GraphSAGE,class_weighting,PGExplainer,158611,False,0.3877502679824829,,3,,no_aplica,,-0.05,,0.4666666666666666,,2.306204319000244
1:10_os_GraphSAGE_class_weighting_s43,43,1:10_os,GraphSAGE,class_weighting,PGExplainer,158949,True,0.502234160900116,,2,,no_aplica,,-0.1999999999999999,,0.4,,2.30619215965271
1:10_os_GraphSAGE_class_weighting_s43,43,1:10_os,GraphSAGE,class_weighting,PGExplainer,159862,False,0.2197725623846054,,0,,no_aplica,,,menos_de_2_aristas,,menos_de_2_aristas,2.3056833744049072
1:10_os_GraphSAGE_class_weighting_s43,43,1:10_os,GraphSAGE,class_weighting,PGExplainer,161504,True,0.9960011839866638,,2,,no_aplica,,-0.3333333333333333,,0.4,,2.306325912475586
1:10_os_GraphSAGE_class_weighting_s43,43,1:10_os,GraphSAGE,class_weighting,PGExplainer,163852,True,0.8360834121704102,,2,,no_aplica,,-0.1999999999999999,,0.4,,2.30710768699646
1:10_os_GraphSAGE_class_weighting_s43,43,1:10_os,GraphSAGE,class_weighting,PGExplainer,165001,True,0.9258021116256714,,1,,no_aplica,,,menos_de_2_aristas,,menos_de_2_aristas,2.306181669235229
1:10_os_GraphSAGE_class_weighting_s43,43,1:10_os,GraphSAGE,class_weighting,PGExplainer,168077,True,0.7482216954231262,,1,,no_aplica,,,menos_de_2_aristas,,menos_de_2_aristas,2.306129217147827
1:10_os_GraphSAGE_class_weighting_s43,43,1:10_os,GraphSAGE,class_weighting,PGExplainer,168167,True,0.5176502466201782,,1,,no_aplica,,,menos_de_2_aristas,,menos_de_2_aristas,2.3061139583587646
1:10_os_GraphSAGE_class_weighting_s43,43,1:10_os,GraphSAGE,class_weighting,PGExplainer,168250,False,0.4123217463493347,,1,,no_aplica,,,menos_de_2_aristas,,menos_de_2_aristas,2.306352376937866
1:10_os_GraphSAGE_class_weighting_s43,43,1:10_os,GraphSAGE,class_weighting,PGExplainer,170168,True,0.9715697169303894,,2,,no_aplica,,-0.1999999999999999,,0.4,,2.306392431259156
1:10_os_GraphSAGE_class_weighting_s43,43,1:10_os,GraphSAGE,class_weighting,PGExplainer,170185,False,0.4201588630676269,,2,,no_aplica,,-0.1999999999999999,,0.4,,2.30614972114563
1:10_os_GraphSAGE_class_weighting_s43,43,1:10_os,GraphSAGE,class_weighting,PGExplainer,171111,False,0.0389711782336235,,2,,no_aplica,,1.0,,0.4,,2.306168556213379
1:10_os_GraphSAGE_class_weighting_s43,43,1:10_os,GraphSAGE,class_weighting,PGExplainer,171381,True,0.9795551896095276,,2,,no_aplica,,0.0,,0.4,,2.306098937988281
1:10_os_GraphSAGE_class_weighting_s43,43,1:10_os,GraphSAGE,class_weighting,PGExplainer,172466,True,0.8340927958488464,,2,,no_aplica,,-0.1999999999999999,,0.4,,2.307145118713379
1:10_os_GraphSAGE_class_weighting_s43,43,1:10_os,GraphSAGE,class_weighting,PGExplainer,172476,True,0.7184754610061646,,2,,no_aplica,,-0.1999999999999999,,0.4,,2.3061485290527344
1:10_os_GraphSAGE_class_weighting_s43,43,1:10_os,GraphSAGE,class_weighting,PGExplainer,172625,False,0.1430606842041015,,1,,no_aplica,,,menos_de_2_aristas,,menos_de_2_aristas,2.306643486022949
1:10_os_GraphSAGE_class_weighting_s43,43,1:10_os,GraphSAGE,class_weighting,PGExplainer,172800,True,0.8144940137863159,,1,,no_aplica,,,menos_de_2_aristas,,menos_de_2_aristas,2.3065242767333984
1:10_os_GraphSAGE_class_weighting_s43,43,1:10_os,GraphSAGE,class_weighting,PGExplainer,173595,True,0.6059490442276001,,1,,no_aplica,,,menos_de_2_aristas,,menos_de_2_aristas,2.3061444759368896
1:10_os_GraphSAGE_class_weighting_s43,43,1:10_os,GraphSAGE,class_weighting,ShapleyFeatures,139670,True,0.9883891344070436,,0,0.9969962059620598,,0.948112893839887,,no_aplica,,no_aplica,0.7451285719871521
1:10_os_GraphSAGE_class_weighting_s43,43,1:10_os,GraphSAGE,class_weighting,ShapleyFeatures,139873,True,0.9020946621894836,,0,0.997610621896689,,0.981379167013052,,no_aplica,,no_aplica,0.738961935043335
1:10_os_GraphSAGE_class_weighting_s43,43,1:10_os,GraphSAGE,class_weighting,ShapleyFeatures,140575,True,0.9557337760925292,,0,0.9929630550360098,,0.9821207082883032,,no_aplica,,no_aplica,0.7432335615158081
1:10_os_GraphSAGE_class_weighting_s43,43,1:10_os,GraphSAGE,class_weighting,ShapleyFeatures,141068,True,0.9867383241653442,,0,0.9988896241081038,,0.9359547759581012,,no_aplica,,no_aplica,0.7360906600952148
1:10_os_GraphSAGE_class_weighting_s43,43,1:10_os,GraphSAGE,class_weighting,ShapleyFeatures,148220,True,0.9892731308937072,,0,0.998775251814754,,0.962012636129354,,no_aplica,,no_aplica,0.7380134463310242
1:10_os_GraphSAGE_class_weighting_s43,43,1:10_os,GraphSAGE,class_weighting,ShapleyFeatures,150129,False,0.1816006153821945,,0,,vector_constante,,,no_aplica,,no_aplica,0.5423774719238281
1:10_os_GraphSAGE_class_weighting_s43,43,1:10_os,GraphSAGE,class_weighting,ShapleyFeatures,150346,True,0.625468373298645,,0,,vector_constante,,,no_aplica,,no_aplica,0.546236515045166
1:10_os_GraphSAGE_class_weighting_s43,43,1:10_os,GraphSAGE,class_weighting,ShapleyFeatures,150528,True,0.9771023988723756,,0,0.9968934414568216,,0.8727816111064925,,no_aplica,,no_aplica,0.7382068037986755
1:10_os_GraphSAGE_class_weighting_s43,43,1:10_os,GraphSAGE,class_weighting,ShapleyFeatures,152223,True,0.7562127709388733,,0,0.994233945079966,,0.8766131848033918,,no_aplica,,no_aplica,0.7317972183227539
1:10_os_GraphSAGE_class_weighting_s43,43,1:10_os,GraphSAGE,class_weighting,ShapleyFeatures,152280,False,0.2621757090091705,,0,0.9910424089678618,,0.9317673954609692,,no_aplica,,no_aplica,0.7359158396720886
1:10_os_GraphSAGE_class_weighting_s43,43,1:10_os,GraphSAGE,class_weighting,ShapleyFeatures,153599,True,0.920710563659668,,0,0.9987632932080313,,0.982166431124782,,no_aplica,,no_aplica,0.7354553937911987
1:10_os_GraphSAGE_class_weighting_s43,43,1:10_os,GraphSAGE,class_weighting,ShapleyFeatures,155856,True,0.6690109968185425,,0,0.9865802851712804,,0.8779724000332528,,no_aplica,,no_aplica,0.7388320565223694
1:10_os_GraphSAGE_class_weighting_s43,43,1:10_os,GraphSAGE,class_weighting,ShapleyFeatures,158611,False,0.3877502679824829,,0,0.987709361220076,,0.91463878959182,,no_aplica,,no_aplica,0.7447220087051392
1:10_os_GraphSAGE_class_weighting_s43,43,1:10_os,GraphSAGE,class_weighting,ShapleyFeatures,158949,True,0.502234160900116,,0,0.9990932048416588,,0.9340926095269764,,no_aplica,,no_aplica,0.7406162023544312
1:10_os_GraphSAGE_class_weighting_s43,43,1:10_os,GraphSAGE,class_weighting,ShapleyFeatures,159862,False,0.2197725623846054,,0,,vector_constante,,,no_aplica,,no_aplica,0.5484157204627991
1:10_os_GraphSAGE_class_weighting_s43,43,1:10_os,GraphSAGE,class_weighting,ShapleyFeatures,161504,True,0.9960011839866638,,0,0.9936889843848132,,0.9728098761326792,,no_aplica,,no_aplica,0.7394441962242126
1:10_os_GraphSAGE_class_weighting_s43,43,1:10_os,GraphSAGE,class_weighting,ShapleyFeatures,163852,True,0.8360834121704102,,0,0.994797522234142,,0.999306675534126,,no_aplica,,no_aplica,0.7371968626976013
1:10_os_GraphSAGE_class_weighting_s43,43,1:10_os,GraphSAGE,class_weighting,ShapleyFeatures,165001,True,0.9258021116256714,,0,0.9980245998562932,,0.9624640452240418,,no_aplica,,no_aplica,0.7427305579185486
1:10_os_GraphSAGE_class_weighting_s43,43,1:10_os,GraphSAGE,class_weighting,ShapleyFeatures,168077,True,0.7482216954231262,,0,0.9813278973399278,,0.910118879374844,,no_aplica,,no_aplica,0.7427535653114319
1:10_os_GraphSAGE_class_weighting_s43,43,1:10_os,GraphSAGE,class_weighting,ShapleyFeatures,168167,True,0.5176502466201782,,0,0.999710557458999,,0.9633070080638456,,no_aplica,,no_aplica,0.741215705871582
1:10_os_GraphSAGE_class_weighting_s43,43,1:10_os,GraphSAGE,class_weighting,ShapleyFeatures,168250,False,0.4123217463493347,,0,0.9772232538521792,,0.6867096184221465,,no_aplica,,no_aplica,0.7370719313621521
1:10_os_GraphSAGE_class_weighting_s43,43,1:10_os,GraphSAGE,class_weighting,ShapleyFeatures,170168,True,0.9715697169303894,,0,0.9900970581191734,,0.9321805636378752,,no_aplica,,no_aplica,0.7380213737487793
1:10_os_GraphSAGE_class_weighting_s43,43,1:10_os,GraphSAGE,class_weighting,ShapleyFeatures,170185,False,0.4201588630676269,,0,0.9962389108953064,,0.9634433452489818,,no_aplica,,no_aplica,0.7421976923942566
1:10_os_GraphSAGE_class_weighting_s43,43,1:10_os,GraphSAGE,class_weighting,ShapleyFeatures,171111,False,0.0389711782336235,,0,0.9959524089931148,,0.8889267603292044,,no_aplica,,no_aplica,0.7363388538360596
1:10_os_GraphSAGE_class_weighting_s43,43,1:10_os,GraphSAGE,class_weighting,ShapleyFeatures,171381,True,0.9795551896095276,,0,0.9982421036384302,,0.9494380247734642,,no_aplica,,no_aplica,0.7595034241676331
1:10_os_GraphSAGE_class_weighting_s43,43,1:10_os,GraphSAGE,class_weighting,ShapleyFeatures,172466,True,0.8340927958488464,,0,0.9984498179699808,,0.9407531798154458,,no_aplica,,no_aplica,0.7450215220451355
1:10_os_GraphSAGE_class_weighting_s43,43,1:10_os,GraphSAGE,class_weighting,ShapleyFeatures,172476,True,0.7184754610061646,,0,0.9931195702448022,,0.8690373264610525,,no_aplica,,no_aplica,0.7459149360656738
1:10_os_GraphSAGE_class_weighting_s43,43,1:10_os,GraphSAGE,class_weighting,ShapleyFeatures,172625,False,0.1430606842041015,,0,0.9792670679945628,,0.5882550502951202,,no_aplica,,no_aplica,0.7469907999038696
1:10_os_GraphSAGE_class_weighting_s43,43,1:10_os,GraphSAGE,class_weighting,ShapleyFeatures,172800,True,0.8144940137863159,,0,0.997792057381822,,0.968881037492726,,no_aplica,,no_aplica,0.7390368580818176
1:10_os_GraphSAGE_class_weighting_s43,43,1:10_os,GraphSAGE,class_weighting,ShapleyFeatures,173595,True,0.6059490442276001,,0,0.9998887448367354,,0.9999501205420236,,no_aplica,,no_aplica,0.7374410629272461
1:10_os_GraphSAGE_focal_loss_s43,43,1:10_os,GraphSAGE,focal_loss,GNNExplainer,139670,True,0.6061935424804688,,1,0.9092475824541444,,0.7607215894920609,,menos_de_2_aristas,,menos_de_2_aristas,0.8274020552635193
1:10_os_GraphSAGE_focal_loss_s43,43,1:10_os,GraphSAGE,focal_loss,GNNExplainer,139873,True,0.5909140706062317,,1,0.9254525934081584,,0.7117033834898996,,menos_de_2_aristas,,menos_de_2_aristas,0.8367316722869873
1:10_os_GraphSAGE_focal_loss_s43,43,1:10_os,GraphSAGE,focal_loss,GNNExplainer,140575,True,0.641768217086792,,2,0.9257704051540004,,0.9229628398038076,0.1999999999999999,,0.6,,0.8203478455543518
1:10_os_GraphSAGE_focal_loss_s43,43,1:10_os,GraphSAGE,focal_loss,GNNExplainer,141068,True,0.708053469657898,,1,0.9277253610514802,,0.8441524648765484,,menos_de_2_aristas,,menos_de_2_aristas,0.8216773271560669
1:10_os_GraphSAGE_focal_loss_s43,43,1:10_os,GraphSAGE,focal_loss,GNNExplainer,148220,True,0.7422363758087158,,2,0.9551681957186544,,0.844846620666722,0.1999999999999999,,0.6,,0.8312253355979919
1:10_os_GraphSAGE_focal_loss_s43,43,1:10_os,GraphSAGE,focal_loss,GNNExplainer,150129,False,0.2382151633501052,,0,0.9034673529944016,,0.9990032421647684,,menos_de_2_aristas,,menos_de_2_aristas,0.7301532626152039
1:10_os_GraphSAGE_focal_loss_s43,43,1:10_os,GraphSAGE,focal_loss,GNNExplainer,150346,False,0.4672747254371643,,0,0.9188150047428436,,0.728561808961676,,menos_de_2_aristas,,menos_de_2_aristas,0.7606445550918579
1:10_os_GraphSAGE_focal_loss_s43,43,1:10_os,GraphSAGE,focal_loss,GNNExplainer,150528,True,0.7296214699745178,,2,0.9567207883097252,,0.6776797738797905,0.1999999999999999,,0.6,,0.8338329792022705
1:10_os_GraphSAGE_focal_loss_s43,43,1:10_os,GraphSAGE,focal_loss,GNNExplainer,152223,False,0.3163511157035827,,2,0.9446662826104848,,0.7754393548923436,0.1999999999999999,,0.6,,0.821397066116333
1:10_os_GraphSAGE_focal_loss_s43,43,1:10_os,GraphSAGE,focal_loss,GNNExplainer,152280,True,0.6440401673316956,,1,0.8715710010154455,,0.8157103666140161,,menos_de_2_aristas,,menos_de_2_aristas,0.8527234792709351
1:10_os_GraphSAGE_focal_loss_s43,43,1:10_os,GraphSAGE,focal_loss,GNNExplainer,153599,True,0.6224545836448669,,2,0.951939958359124,,0.8139147061268602,0.1999999999999999,,0.6,,0.8551065325737
1:10_os_GraphSAGE_focal_loss_s43,43,1:10_os,GraphSAGE,focal_loss,GNNExplainer,155856,True,0.5396187901496887,,2,0.9588742146771824,,0.7354942222961177,0.1999999999999999,,0.6,,0.8692496418952942
1:10_os_GraphSAGE_focal_loss_s43,43,1:10_os,GraphSAGE,focal_loss,GNNExplainer,158611,False,0.3573178052902221,,3,0.9131139649445604,,0.8202061684263031,0.1,,0.5333333333333332,,0.8737411499023438
1:10_os_GraphSAGE_focal_loss_s43,43,1:10_os,GraphSAGE,focal_loss,GNNExplainer,158949,True,0.5015174746513367,,2,0.9699953885174084,,0.8247285726161776,0.1999999999999999,,0.6,,0.9923590421676636
1:10_os_GraphSAGE_focal_loss_s43,43,1:10_os,GraphSAGE,focal_loss,GNNExplainer,159862,False,0.2149648219347,,0,0.9205825732809024,,0.8659755590655914,,menos_de_2_aristas,,menos_de_2_aristas,0.7350296974182129
1:10_os_GraphSAGE_focal_loss_s43,43,1:10_os,GraphSAGE,focal_loss,GNNExplainer,161504,True,0.7221939563751221,,2,0.9247993650233708,,0.8592908803724333,0.1999999999999999,,0.6,,0.7455558180809021
1:10_os_GraphSAGE_focal_loss_s43,43,1:10_os,GraphSAGE,focal_loss,GNNExplainer,163852,True,0.5506080389022827,,2,0.9721131849938518,,0.8925829245988861,0.1999999999999999,,0.6,,0.7576141953468323
1:10_os_GraphSAGE_focal_loss_s43,43,1:10_os,GraphSAGE,focal_loss,GNNExplainer,165001,True,0.6153934597969055,,1,0.933391142370813,,0.7603034333693575,,menos_de_2_aristas,,menos_de_2_aristas,0.8044694066047668
1:10_os_GraphSAGE_focal_loss_s43,43,1:10_os,GraphSAGE,focal_loss,GNNExplainer,168077,False,0.3550099730491638,,1,0.7754201545912313,,0.8180463878959182,,menos_de_2_aristas,,menos_de_2_aristas,0.7627536654472351
1:10_os_GraphSAGE_focal_loss_s43,43,1:10_os,GraphSAGE,focal_loss,GNNExplainer,168167,False,0.4900576174259186,,1,0.9302099180277624,,0.938753013550586,,menos_de_2_aristas,,menos_de_2_aristas,0.7935581803321838
1:10_os_GraphSAGE_focal_loss_s43,43,1:10_os,GraphSAGE,focal_loss,GNNExplainer,168250,False,0.3717918395996094,,1,0.9350742712432094,,0.7524158284146647,,menos_de_2_aristas,,menos_de_2_aristas,0.792929470539093
1:10_os_GraphSAGE_focal_loss_s43,43,1:10_os,GraphSAGE,focal_loss,GNNExplainer,170168,True,0.553996741771698,,2,0.953177593639774,,0.7585227367195942,0.1999999999999999,,0.6,,0.7959785461425781
1:10_os_GraphSAGE_focal_loss_s43,43,1:10_os,GraphSAGE,focal_loss,GNNExplainer,170185,False,0.4560961723327636,,2,0.947952802194726,,0.9606742040069832,0.1999999999999999,,0.6,,0.8584903478622437
1:10_os_GraphSAGE_focal_loss_s43,43,1:10_os,GraphSAGE,focal_loss,GNNExplainer,171111,False,0.318378210067749,,2,0.9154809361177988,,0.9510408180231108,0.1999999999999999,,0.6,,0.827012836933136
1:10_os_GraphSAGE_focal_loss_s43,43,1:10_os,GraphSAGE,focal_loss,GNNExplainer,171381,True,0.6661719083786011,,2,0.958581729831542,,0.8487056280655082,0.1999999999999999,,0.6,,0.8655298352241516
1:10_os_GraphSAGE_focal_loss_s43,43,1:10_os,GraphSAGE,focal_loss,GNNExplainer,172466,True,0.6159031391143799,,2,0.9584947980228586,,0.8226095269764736,0.1999999999999999,,0.6,,0.8181298971176147
1:10_os_GraphSAGE_focal_loss_s43,43,1:10_os,GraphSAGE,focal_loss,GNNExplainer,172476,False,0.4384172856807709,,2,0.9587093269206906,,0.7824449247651509,0.1999999999999999,,0.6,,0.8259323239326477
1:10_os_GraphSAGE_focal_loss_s43,43,1:10_os,GraphSAGE,focal_loss,GNNExplainer,172625,False,0.2976385653018951,,1,0.9269359494738688,,0.6459423060936071,,menos_de_2_aristas,,menos_de_2_aristas,0.8248480558395386
1:10_os_GraphSAGE_focal_loss_s43,43,1:10_os,GraphSAGE,focal_loss,GNNExplainer,172800,False,0.3347462117671966,,1,0.8808596205962061,,0.8248674037742123,,menos_de_2_aristas,,menos_de_2_aristas,0.7631369829177856
1:10_os_GraphSAGE_focal_loss_s43,43,1:10_os,GraphSAGE,focal_loss,GNNExplainer,173595,False,0.4343211650848388,,1,0.943034974439809,,0.8631058275833402,,menos_de_2_aristas,,menos_de_2_aristas,0.8610554933547974
1:10_os_GraphSAGE_focal_loss_s43,43,1:10_os,GraphSAGE,focal_loss,PGExplainer,139670,True,0.6061935424804688,,1,,no_aplica,,,menos_de_2_aristas,,menos_de_2_aristas,2.196765899658203
1:10_os_GraphSAGE_focal_loss_s43,43,1:10_os,GraphSAGE,focal_loss,PGExplainer,139873,True,0.5909140706062317,,1,,no_aplica,,,menos_de_2_aristas,,menos_de_2_aristas,2.196530818939209
1:10_os_GraphSAGE_focal_loss_s43,43,1:10_os,GraphSAGE,focal_loss,PGExplainer,140575,True,0.641768217086792,,2,,no_aplica,,-0.1999999999999999,,0.4,,2.1969070434570312
1:10_os_GraphSAGE_focal_loss_s43,43,1:10_os,GraphSAGE,focal_loss,PGExplainer,141068,True,0.708053469657898,,1,,no_aplica,,,menos_de_2_aristas,,menos_de_2_aristas,2.1981523036956787
1:10_os_GraphSAGE_focal_loss_s43,43,1:10_os,GraphSAGE,focal_loss,PGExplainer,148220,True,0.7422363758087158,,2,,no_aplica,,0.1999999999999999,,0.6,,2.196738004684448
1:10_os_GraphSAGE_focal_loss_s43,43,1:10_os,GraphSAGE,focal_loss,PGExplainer,150129,False,0.2382151633501052,,0,,no_aplica,,,menos_de_2_aristas,,menos_de_2_aristas,2.1958606243133545
1:10_os_GraphSAGE_focal_loss_s43,43,1:10_os,GraphSAGE,focal_loss,PGExplainer,150346,False,0.4672747254371643,,0,,no_aplica,,,menos_de_2_aristas,,menos_de_2_aristas,2.195719003677368
1:10_os_GraphSAGE_focal_loss_s43,43,1:10_os,GraphSAGE,focal_loss,PGExplainer,150528,True,0.7296214699745178,,2,,no_aplica,,1.0,,1.0,,2.1964707374572754
1:10_os_GraphSAGE_focal_loss_s43,43,1:10_os,GraphSAGE,focal_loss,PGExplainer,152223,False,0.3163511157035827,,2,,no_aplica,,1.0,,1.0,,2.197685718536377
1:10_os_GraphSAGE_focal_loss_s43,43,1:10_os,GraphSAGE,focal_loss,PGExplainer,152280,True,0.6440401673316956,,1,,no_aplica,,,menos_de_2_aristas,,menos_de_2_aristas,2.196457624435425
1:10_os_GraphSAGE_focal_loss_s43,43,1:10_os,GraphSAGE,focal_loss,PGExplainer,153599,True,0.6224545836448669,,2,,no_aplica,,0.0,,0.6,,2.1963930130004883
1:10_os_GraphSAGE_focal_loss_s43,43,1:10_os,GraphSAGE,focal_loss,PGExplainer,155856,True,0.5396187901496887,,2,,no_aplica,,0.0,,0.6,,2.1963605880737305
1:10_os_GraphSAGE_focal_loss_s43,43,1:10_os,GraphSAGE,focal_loss,PGExplainer,158611,False,0.3573178052902221,,3,,no_aplica,,0.0669872981077806,,0.5333333333333332,,2.196394443511963
1:10_os_GraphSAGE_focal_loss_s43,43,1:10_os,GraphSAGE,focal_loss,PGExplainer,158949,True,0.5015174746513367,,2,,no_aplica,,0.0,,0.6,,2.1967215538024902
1:10_os_GraphSAGE_focal_loss_s43,43,1:10_os,GraphSAGE,focal_loss,PGExplainer,159862,False,0.2149648219347,,0,,no_aplica,,,menos_de_2_aristas,,menos_de_2_aristas,2.1970365047454834
1:10_os_GraphSAGE_focal_loss_s43,43,1:10_os,GraphSAGE,focal_loss,PGExplainer,161504,True,0.7221939563751221,,2,,no_aplica,,-0.1999999999999999,,0.4,,2.196523904800415
1:10_os_GraphSAGE_focal_loss_s43,43,1:10_os,GraphSAGE,focal_loss,PGExplainer,163852,True,0.5506080389022827,,2,,no_aplica,,1.0,,0.4,,2.196542978286743
1:10_os_GraphSAGE_focal_loss_s43,43,1:10_os,GraphSAGE,focal_loss,PGExplainer,165001,True,0.6153934597969055,,1,,no_aplica,,,menos_de_2_aristas,,menos_de_2_aristas,2.196512460708618
1:10_os_GraphSAGE_focal_loss_s43,43,1:10_os,GraphSAGE,focal_loss,PGExplainer,168077,False,0.3550099730491638,,1,,no_aplica,,,menos_de_2_aristas,,menos_de_2_aristas,2.1963608264923096
1:10_os_GraphSAGE_focal_loss_s43,43,1:10_os,GraphSAGE,focal_loss,PGExplainer,168167,False,0.4900576174259186,,1,,no_aplica,,,menos_de_2_aristas,,menos_de_2_aristas,2.196578025817871
1:10_os_GraphSAGE_focal_loss_s43,43,1:10_os,GraphSAGE,focal_loss,PGExplainer,168250,False,0.3717918395996094,,1,,no_aplica,,,menos_de_2_aristas,,menos_de_2_aristas,2.1984848976135254
1:10_os_GraphSAGE_focal_loss_s43,43,1:10_os,GraphSAGE,focal_loss,PGExplainer,170168,True,0.553996741771698,,2,,no_aplica,,1.0,,1.0,,2.1964311599731445
1:10_os_GraphSAGE_focal_loss_s43,43,1:10_os,GraphSAGE,focal_loss,PGExplainer,170185,False,0.4560961723327636,,2,,no_aplica,,-0.1999999999999999,,0.4,,2.1964123249053955
1:10_os_GraphSAGE_focal_loss_s43,43,1:10_os,GraphSAGE,focal_loss,PGExplainer,171111,False,0.318378210067749,,2,,no_aplica,,-0.1999999999999999,,0.4,,2.196452617645264
1:10_os_GraphSAGE_focal_loss_s43,43,1:10_os,GraphSAGE,focal_loss,PGExplainer,171381,True,0.6661719083786011,,2,,no_aplica,,-0.1999999999999999,,0.4,,2.1963608264923096
1:10_os_GraphSAGE_focal_loss_s43,43,1:10_os,GraphSAGE,focal_loss,PGExplainer,172466,True,0.6159031391143799,,2,,no_aplica,,0.0,,0.6,,2.196643829345703
1:10_os_GraphSAGE_focal_loss_s43,43,1:10_os,GraphSAGE,focal_loss,PGExplainer,172476,False,0.4384172856807709,,2,,no_aplica,,-0.1999999999999999,,0.4,,2.197293996810913
1:10_os_GraphSAGE_focal_loss_s43,43,1:10_os,GraphSAGE,focal_loss,PGExplainer,172625,False,0.2976385653018951,,1,,no_aplica,,,menos_de_2_aristas,,menos_de_2_aristas,2.19634222984314
1:10_os_GraphSAGE_focal_loss_s43,43,1:10_os,GraphSAGE,focal_loss,PGExplainer,172800,False,0.3347462117671966,,1,,no_aplica,,,menos_de_2_aristas,,menos_de_2_aristas,2.196444272994995
1:10_os_GraphSAGE_focal_loss_s43,43,1:10_os,GraphSAGE,focal_loss,PGExplainer,173595,False,0.4343211650848388,,1,,no_aplica,,,menos_de_2_aristas,,menos_de_2_aristas,2.196397304534912
1:10_os_GraphSAGE_focal_loss_s43,43,1:10_os,GraphSAGE,focal_loss,ShapleyFeatures,139670,True,0.6061935424804688,,0,0.9958363143631438,,0.973312827333943,,no_aplica,,no_aplica,0.7223283052444458
1:10_os_GraphSAGE_focal_loss_s43,43,1:10_os,GraphSAGE,focal_loss,ShapleyFeatures,139873,True,0.5909140706062317,,0,0.9986914657229858,,0.9998877712195526,,no_aplica,,no_aplica,0.7206875085830688
1:10_os_GraphSAGE_focal_loss_s43,43,1:10_os,GraphSAGE,focal_loss,ShapleyFeatures,140575,True,0.641768217086792,,0,0.9950890100732546,,0.9600540360794746,,no_aplica,,no_aplica,0.7244321703910828
1:10_os_GraphSAGE_focal_loss_s43,43,1:10_os,GraphSAGE,focal_loss,ShapleyFeatures,141068,True,0.708053469657898,,0,0.9998533104795312,,0.9722686840136336,,no_aplica,,no_aplica,0.7267116904258728
1:10_os_GraphSAGE_focal_loss_s43,43,1:10_os,GraphSAGE,focal_loss,ShapleyFeatures,148220,True,0.7422363758087158,,0,0.9994319396770016,,0.99995760246072,,no_aplica,,no_aplica,0.718987226486206
1:10_os_GraphSAGE_focal_loss_s43,43,1:10_os,GraphSAGE,focal_loss,ShapleyFeatures,150129,False,0.2382151633501052,,0,,vector_constante,,,no_aplica,,no_aplica,0.5351118445396423
1:10_os_GraphSAGE_focal_loss_s43,43,1:10_os,GraphSAGE,focal_loss,ShapleyFeatures,150346,False,0.4672747254371643,,0,,vector_constante,,,no_aplica,,no_aplica,0.5333369970321655
1:10_os_GraphSAGE_focal_loss_s43,43,1:10_os,GraphSAGE,focal_loss,ShapleyFeatures,150528,True,0.7296214699745178,,0,0.997978375302319,,0.966965666306426,,no_aplica,,no_aplica,0.7185699939727783
1:10_os_GraphSAGE_focal_loss_s43,43,1:10_os,GraphSAGE,focal_loss,ShapleyFeatures,152223,False,0.3163511157035827,,0,0.99277123967849,,0.9528822013467456,,no_aplica,,no_aplica,0.719706654548645
1:10_os_GraphSAGE_focal_loss_s43,43,1:10_os,GraphSAGE,focal_loss,ShapleyFeatures,152280,True,0.6440401673316956,,0,0.9914638886824474,,0.979436362124865,,no_aplica,,no_aplica,0.7225067615509033
1:10_os_GraphSAGE_focal_loss_s43,43,1:10_os,GraphSAGE,focal_loss,ShapleyFeatures,153599,True,0.6224545836448669,,0,0.9991384937813508,,0.9999900241084048,,no_aplica,,no_aplica,0.7754462361335754
1:10_os_GraphSAGE_focal_loss_s43,43,1:10_os,GraphSAGE,focal_loss,ShapleyFeatures,155856,True,0.5396187901496887,,0,0.9966670723601057,,0.9597888436278992,,no_aplica,,no_aplica,0.7334892749786377
1:10_os_GraphSAGE_focal_loss_s43,43,1:10_os,GraphSAGE,focal_loss,ShapleyFeatures,158611,False,0.3573178052902221,,0,0.9962390880724789,,0.9440834649596808,,no_aplica,,no_aplica,0.72802734375
1:10_os_GraphSAGE_focal_loss_s43,43,1:10_os,GraphSAGE,focal_loss,ShapleyFeatures,158949,True,0.5015174746513367,,0,0.9995524077675536,,0.9731922853104996,,no_aplica,,no_aplica,0.7271838188171387
1:10_os_GraphSAGE_focal_loss_s43,43,1:10_os,GraphSAGE,focal_loss,ShapleyFeatures,159862,False,0.2149648219347,,0,,vector_constante,,,no_aplica,,no_aplica,0.5341529250144958
1:10_os_GraphSAGE_focal_loss_s43,43,1:10_os,GraphSAGE,focal_loss,ShapleyFeatures,161504,True,0.7221939563751221,,0,0.9974427219843476,,0.9999185302186384,,no_aplica,,no_aplica,0.7239410877227783
1:10_os_GraphSAGE_focal_loss_s43,43,1:10_os,GraphSAGE,focal_loss,ShapleyFeatures,163852,True,0.5506080389022827,,0,0.9974488701249266,,0.9998994097597472,,no_aplica,,no_aplica,0.7240656614303589
1:10_os_GraphSAGE_focal_loss_s43,43,1:10_os,GraphSAGE,focal_loss,ShapleyFeatures,165001,True,0.6153934597969055,,0,0.9993584122116674,,0.999630060686674,,no_aplica,,no_aplica,0.7274006009101868
1:10_os_GraphSAGE_focal_loss_s43,43,1:10_os,GraphSAGE,focal_loss,ShapleyFeatures,168077,False,0.3550099730491638,,0,0.9931848683331106,,0.9275642198021448,,no_aplica,,no_aplica,0.7176810503005981
1:10_os_GraphSAGE_focal_loss_s43,43,1:10_os,GraphSAGE,focal_loss,ShapleyFeatures,168167,False,0.4900576174259186,,0,0.999206148820296,,0.98221298528556,,no_aplica,,no_aplica,0.7167641520500183
1:10_os_GraphSAGE_focal_loss_s43,43,1:10_os,GraphSAGE,focal_loss,ShapleyFeatures,168250,False,0.3717918395996094,,0,0.9958446297385328,,0.9581394962174744,,no_aplica,,no_aplica,0.7220642566680908
1:10_os_GraphSAGE_focal_loss_s43,43,1:10_os,GraphSAGE,focal_loss,ShapleyFeatures,170168,True,0.553996741771698,,0,0.993978678904049,,0.964004489151218,,no_aplica,,no_aplica,0.7173466682434082
1:10_os_GraphSAGE_focal_loss_s43,43,1:10_os,GraphSAGE,focal_loss,ShapleyFeatures,170185,False,0.4560961723327636,,0,0.9983625616964976,,0.9999850361626073,,no_aplica,,no_aplica,0.7159318923950195
1:10_os_GraphSAGE_focal_loss_s43,43,1:10_os,GraphSAGE,focal_loss,ShapleyFeatures,171111,False,0.318378210067749,,0,0.9987231891259952,,0.9675450993432536,,no_aplica,,no_aplica,0.716806173324585
1:10_os_GraphSAGE_focal_loss_s43,43,1:10_os,GraphSAGE,focal_loss,ShapleyFeatures,171381,True,0.6661719083786011,,0,0.9989880306525728,,0.9821639371518828,,no_aplica,,no_aplica,0.719721794128418
1:10_os_GraphSAGE_focal_loss_s43,43,1:10_os,GraphSAGE,focal_loss,ShapleyFeatures,172466,True,0.6159031391143799,,0,0.9987042791512508,,0.973229694903982,,no_aplica,,no_aplica,0.7193400859832764
1:10_os_GraphSAGE_focal_loss_s43,43,1:10_os,GraphSAGE,focal_loss,ShapleyFeatures,172476,False,0.4384172856807709,,0,0.993466182969167,,0.942795743619586,,no_aplica,,no_aplica,0.7181456685066223
1:10_os_GraphSAGE_focal_loss_s43,43,1:10_os,GraphSAGE,focal_loss,ShapleyFeatures,172625,False,0.2976385653018951,,0,0.9965431242544456,,0.9674669548590906,,no_aplica,,no_aplica,0.7208820581436157
1:10_os_GraphSAGE_focal_loss_s43,43,1:10_os,GraphSAGE,focal_loss,ShapleyFeatures,172800,False,0.3347462117671966,,0,0.9977615547390354,,0.999948457893424,,no_aplica,,no_aplica,0.7172956466674805
1:10_os_GraphSAGE_focal_loss_s43,43,1:10_os,GraphSAGE,focal_loss,ShapleyFeatures,173595,False,0.4343211650848388,,0,0.999894774926885,,0.9822412503117468,,no_aplica,,no_aplica,0.7212550044059753
1:10_os_GraphSAGE_none_s43,43,1:10_os,GraphSAGE,none,GNNExplainer,139670,True,0.5504726767539978,,1,0.9234882959655696,,0.771655166680522,,menos_de_2_aristas,,menos_de_2_aristas,0.8052237033843994
1:10_os_GraphSAGE_none_s43,43,1:10_os,GraphSAGE,none,GNNExplainer,139873,False,0.4330505728721618,,1,0.9183053149940568,,0.8435705378668219,,menos_de_2_aristas,,menos_de_2_aristas,0.786481499671936
1:10_os_GraphSAGE_none_s43,43,1:10_os,GraphSAGE,none,GNNExplainer,140575,True,0.6755551099777222,,2,0.895301936227666,,0.8508994928921773,0.1999999999999999,,0.6,,0.7837572693824768
1:10_os_GraphSAGE_none_s43,43,1:10_os,GraphSAGE,none,GNNExplainer,141068,True,0.7382003664970398,,1,0.9318699220280886,,0.7058533543935489,,menos_de_2_aristas,,menos_de_2_aristas,0.7928854823112488
1:10_os_GraphSAGE_none_s43,43,1:10_os,GraphSAGE,none,GNNExplainer,148220,True,0.7192911505699158,,2,0.8999886016124549,,0.7346013799983374,0.1999999999999999,,0.6,,0.7712876200675964
1:10_os_GraphSAGE_none_s43,43,1:10_os,GraphSAGE,none,GNNExplainer,150129,False,0.0163787864148616,,0,0.8612725596252007,,0.6512902153129936,,menos_de_2_aristas,,menos_de_2_aristas,0.6663369536399841
1:10_os_GraphSAGE_none_s43,43,1:10_os,GraphSAGE,none,GNNExplainer,150346,True,0.5236807465553284,,0,0.8967591838350497,,0.4659930168758833,,menos_de_2_aristas,,menos_de_2_aristas,0.6533003449440002
1:10_os_GraphSAGE_none_s43,43,1:10_os,GraphSAGE,none,GNNExplainer,150528,True,0.5941551327705383,,2,0.940060186999608,,0.5939063928838639,0.1999999999999999,,0.6,,0.7368991374969482
1:10_os_GraphSAGE_none_s43,43,1:10_os,GraphSAGE,none,GNNExplainer,152223,True,0.6307485103607178,,2,0.9422025622033852,,0.6382883032671045,0.1999999999999999,,0.6,,0.7582094669342041
1:10_os_GraphSAGE_none_s43,43,1:10_os,GraphSAGE,none,GNNExplainer,152280,False,0.4712482690811157,,1,0.8427991555769333,,0.7724266356305595,,menos_de_2_aristas,,menos_de_2_aristas,0.7914577126502991
1:10_os_GraphSAGE_none_s43,43,1:10_os,GraphSAGE,none,GNNExplainer,153599,True,0.6606525778770447,,2,0.959868043441562,,0.8377978219303349,0.1999999999999999,,0.6,,0.7747555375099182
1:10_os_GraphSAGE_none_s43,43,1:10_os,GraphSAGE,none,GNNExplainer,155856,True,0.5899201035499573,,2,0.942596979013501,,0.62080887854352,0.1999999999999999,,0.6,,0.7912988662719727
1:10_os_GraphSAGE_none_s43,43,1:10_os,GraphSAGE,none,GNNExplainer,158611,False,0.1744662374258041,,3,0.9214959269580288,,0.6799160362457395,0.1,,0.5333333333333332,,0.7747589349746704
1:10_os_GraphSAGE_none_s43,43,1:10_os,GraphSAGE,none,GNNExplainer,158949,False,0.4349192976951599,,2,0.9648838482822228,,0.8183173996175908,0.1999999999999999,,0.6,,0.7651358842849731
1:10_os_GraphSAGE_none_s43,43,1:10_os,GraphSAGE,none,GNNExplainer,159862,False,0.0105876782909035,,0,0.8803756378989247,,0.4827832737550919,,menos_de_2_aristas,,menos_de_2_aristas,0.7117232084274292
1:10_os_GraphSAGE_none_s43,43,1:10_os,GraphSAGE,none,GNNExplainer,161504,True,0.707768976688385,,2,0.8914117807406459,,0.7635098511929505,0.1999999999999999,,0.6,,0.7923294305801392
1:10_os_GraphSAGE_none_s43,43,1:10_os,GraphSAGE,none,GNNExplainer,163852,False,0.4024959802627563,,2,0.965478439481476,,0.7636337185135921,0.1999999999999999,,0.6,,0.7808815836906433
1:10_os_GraphSAGE_none_s43,43,1:10_os,GraphSAGE,none,GNNExplainer,165001,False,0.3066014647483825,,1,0.9477023700309012,,0.7493997838556822,,menos_de_2_aristas,,menos_de_2_aristas,0.7900367379188538
1:10_os_GraphSAGE_none_s43,43,1:10_os,GraphSAGE,none,GNNExplainer,168077,False,0.1340703964233398,,1,0.8311317981119771,,0.8710158782941224,,menos_de_2_aristas,,menos_de_2_aristas,0.7659028172492981
1:10_os_GraphSAGE_none_s43,43,1:10_os,GraphSAGE,none,GNNExplainer,168167,True,0.6878066062927246,,1,0.904323464344027,,0.6231207914207332,,menos_de_2_aristas,,menos_de_2_aristas,0.7916259169578552
1:10_os_GraphSAGE_none_s43,43,1:10_os,GraphSAGE,none,GNNExplainer,168250,False,0.0220937374979257,,1,0.896667256661266,,0.5622163105827583,,menos_de_2_aristas,,menos_de_2_aristas,0.7447282671928406
1:10_os_GraphSAGE_none_s43,43,1:10_os,GraphSAGE,none,GNNExplainer,170168,False,0.3565780818462372,,2,0.9545165444264038,,0.7095070246903318,0.1999999999999999,,0.6,,0.7929048538208008
1:10_os_GraphSAGE_none_s43,43,1:10_os,GraphSAGE,none,GNNExplainer,170185,False,0.4884568750858307,,2,0.9602723811656684,,0.7642505611439023,0.1999999999999999,,0.6,,0.729624330997467
1:10_os_GraphSAGE_none_s43,43,1:10_os,GraphSAGE,none,GNNExplainer,171111,False,0.3923893272876739,,2,0.9324363137562288,,0.8343054285476764,0.1999999999999999,,0.6,,0.9215031266212464
1:10_os_GraphSAGE_none_s43,43,1:10_os,GraphSAGE,none,GNNExplainer,171381,True,0.747422456741333,,2,0.912408679806744,,0.7136644775126777,0.1999999999999999,,0.6,,0.7705584764480591
1:10_os_GraphSAGE_none_s43,43,1:10_os,GraphSAGE,none,GNNExplainer,172466,True,0.6183063387870789,,2,0.9303790449760658,,0.9084612187214234,0.1999999999999999,,0.6,,0.756929874420166
1:10_os_GraphSAGE_none_s43,43,1:10_os,GraphSAGE,none,GNNExplainer,172476,False,0.2322456836700439,,2,0.9257743018115534,,0.4566788594230608,0.1999999999999999,,0.6,,0.7644342184066772
1:10_os_GraphSAGE_none_s43,43,1:10_os,GraphSAGE,none,GNNExplainer,172625,False,0.011900714598596,,1,0.8979332708877678,,0.5520450577770388,,menos_de_2_aristas,,menos_de_2_aristas,0.7605844140052795
1:10_os_GraphSAGE_none_s43,43,1:10_os,GraphSAGE,none,GNNExplainer,172800,False,0.3214753568172455,,1,0.9225495934959352,,0.9340443927175992,,menos_de_2_aristas,,menos_de_2_aristas,0.8327845931053162
1:10_os_GraphSAGE_none_s43,43,1:10_os,GraphSAGE,none,GNNExplainer,173595,True,0.5878189206123352,,1,0.8935319339701084,,0.65785102668551,,menos_de_2_aristas,,menos_de_2_aristas,0.8241537809371948
1:10_os_GraphSAGE_none_s43,43,1:10_os,GraphSAGE,none,PGExplainer,139670,True,0.5504726767539978,,1,,no_aplica,,,menos_de_2_aristas,,menos_de_2_aristas,2.184274196624756
1:10_os_GraphSAGE_none_s43,43,1:10_os,GraphSAGE,none,PGExplainer,139873,False,0.4330505728721618,,1,,no_aplica,,,menos_de_2_aristas,,menos_de_2_aristas,2.184115171432495
1:10_os_GraphSAGE_none_s43,43,1:10_os,GraphSAGE,none,PGExplainer,140575,True,0.6755551099777222,,2,,no_aplica,,-0.1999999999999999,,0.4,,2.184167623519897
1:10_os_GraphSAGE_none_s43,43,1:10_os,GraphSAGE,none,PGExplainer,141068,True,0.7382003664970398,,1,,no_aplica,,,menos_de_2_aristas,,menos_de_2_aristas,2.1841061115264893
1:10_os_GraphSAGE_none_s43,43,1:10_os,GraphSAGE,none,PGExplainer,148220,True,0.7192911505699158,,2,,no_aplica,,-0.1999999999999999,,0.4,,2.184077024459839
1:10_os_GraphSAGE_none_s43,43,1:10_os,GraphSAGE,none,PGExplainer,150129,False,0.0163787864148616,,0,,no_aplica,,,menos_de_2_aristas,,menos_de_2_aristas,2.183445453643799
1:10_os_GraphSAGE_none_s43,43,1:10_os,GraphSAGE,none,PGExplainer,150346,True,0.5236807465553284,,0,,no_aplica,,,menos_de_2_aristas,,menos_de_2_aristas,2.1832995414733887
1:10_os_GraphSAGE_none_s43,43,1:10_os,GraphSAGE,none,PGExplainer,150528,True,0.5941551327705383,,2,,no_aplica,,-0.1999999999999999,,0.4,,2.1839399337768555
1:10_os_GraphSAGE_none_s43,43,1:10_os,GraphSAGE,none,PGExplainer,152223,True,0.6307485103607178,,2,,no_aplica,,1.0,,1.0,,2.18410325050354
1:10_os_GraphSAGE_none_s43,43,1:10_os,GraphSAGE,none,PGExplainer,152280,False,0.4712482690811157,,1,,no_aplica,,,menos_de_2_aristas,,menos_de_2_aristas,2.1838302612304688
1:10_os_GraphSAGE_none_s43,43,1:10_os,GraphSAGE,none,PGExplainer,153599,True,0.6606525778770447,,2,,no_aplica,,1.0,,1.0,,2.1841015815734863
1:10_os_GraphSAGE_none_s43,43,1:10_os,GraphSAGE,none,PGExplainer,155856,True,0.5899201035499573,,2,,no_aplica,,1.0,,1.0,,2.184114694595337
1:10_os_GraphSAGE_none_s43,43,1:10_os,GraphSAGE,none,PGExplainer,158611,False,0.1744662374258041,,3,,no_aplica,,1.0,,1.0,,2.1838161945343018
1:10_os_GraphSAGE_none_s43,43,1:10_os,GraphSAGE,none,PGExplainer,158949,False,0.4349192976951599,,2,,no_aplica,,1.0,,1.0,,2.184447288513184
1:10_os_GraphSAGE_none_s43,43,1:10_os,GraphSAGE,none,PGExplainer,159862,False,0.0105876782909035,,0,,no_aplica,,,menos_de_2_aristas,,menos_de_2_aristas,2.183214902877808
1:10_os_GraphSAGE_none_s43,43,1:10_os,GraphSAGE,none,PGExplainer,161504,True,0.707768976688385,,2,,no_aplica,,-0.1999999999999999,,0.4,,2.183926820755005
1:10_os_GraphSAGE_none_s43,43,1:10_os,GraphSAGE,none,PGExplainer,163852,False,0.4024959802627563,,2,,no_aplica,,-0.3333333333333333,,0.4,,2.183924913406372
1:10_os_GraphSAGE_none_s43,43,1:10_os,GraphSAGE,none,PGExplainer,165001,False,0.3066014647483825,,1,,no_aplica,,,menos_de_2_aristas,,menos_de_2_aristas,2.1839375495910645
1:10_os_GraphSAGE_none_s43,43,1:10_os,GraphSAGE,none,PGExplainer,168077,False,0.1340703964233398,,1,,no_aplica,,,menos_de_2_aristas,,menos_de_2_aristas,2.1838183403015137
1:10_os_GraphSAGE_none_s43,43,1:10_os,GraphSAGE,none,PGExplainer,168167,True,0.6878066062927246,,1,,no_aplica,,,menos_de_2_aristas,,menos_de_2_aristas,2.183730363845825
1:10_os_GraphSAGE_none_s43,43,1:10_os,GraphSAGE,none,PGExplainer,168250,False,0.0220937374979257,,1,,no_aplica,,,menos_de_2_aristas,,menos_de_2_aristas,2.184284448623657
1:10_os_GraphSAGE_none_s43,43,1:10_os,GraphSAGE,none,PGExplainer,170168,False,0.3565780818462372,,2,,no_aplica,,1.0,,1.0,,2.183769941329956
1:10_os_GraphSAGE_none_s43,43,1:10_os,GraphSAGE,none,PGExplainer,170185,False,0.4884568750858307,,2,,no_aplica,,-0.1999999999999999,,0.4,,2.1839566230773926
1:10_os_GraphSAGE_none_s43,43,1:10_os,GraphSAGE,none,PGExplainer,171111,False,0.3923893272876739,,2,,no_aplica,,0.0,,0.4,,2.183987617492676
1:10_os_GraphSAGE_none_s43,43,1:10_os,GraphSAGE,none,PGExplainer,171381,True,0.747422456741333,,2,,no_aplica,,-0.1999999999999999,,0.4,,2.184000253677368
1:10_os_GraphSAGE_none_s43,43,1:10_os,GraphSAGE,none,PGExplainer,172466,True,0.6183063387870789,,2,,no_aplica,,1.0,,1.0,,2.184006452560425
1:10_os_GraphSAGE_none_s43,43,1:10_os,GraphSAGE,none,PGExplainer,172476,False,0.2322456836700439,,2,,no_aplica,,1.0,,1.0,,2.183750629425049
1:10_os_GraphSAGE_none_s43,43,1:10_os,GraphSAGE,none,PGExplainer,172625,False,0.011900714598596,,1,,no_aplica,,,menos_de_2_aristas,,menos_de_2_aristas,2.184267997741699
1:10_os_GraphSAGE_none_s43,43,1:10_os,GraphSAGE,none,PGExplainer,172800,False,0.3214753568172455,,1,,no_aplica,,,menos_de_2_aristas,,menos_de_2_aristas,2.183718204498291
1:10_os_GraphSAGE_none_s43,43,1:10_os,GraphSAGE,none,PGExplainer,173595,True,0.5878189206123352,,1,,no_aplica,,,menos_de_2_aristas,,menos_de_2_aristas,2.183945178985596
1:10_os_GraphSAGE_none_s43,43,1:10_os,GraphSAGE,none,ShapleyFeatures,139670,True,0.5504726767539978,,0,0.9985411924119244,,0.9999567711364205,,no_aplica,,no_aplica,0.7548136711120605
1:10_os_GraphSAGE_none_s43,43,1:10_os,GraphSAGE,none,ShapleyFeatures,139873,False,0.4330505728721618,,0,0.9976471072339724,,0.9551359215229862,,no_aplica,,no_aplica,0.7473216652870178
1:10_os_GraphSAGE_none_s43,43,1:10_os,GraphSAGE,none,ShapleyFeatures,140575,True,0.6755551099777222,,0,0.9932393989268462,,0.9818962507274088,,no_aplica,,no_aplica,0.7462607026100159
1:10_os_GraphSAGE_none_s43,43,1:10_os,GraphSAGE,none,ShapleyFeatures,141068,True,0.7382003664970398,,0,0.999697054251206,,0.9822537201762408,,no_aplica,,no_aplica,0.7511589527130127
1:10_os_GraphSAGE_none_s43,43,1:10_os,GraphSAGE,none,ShapleyFeatures,148220,True,0.7192911505699158,,0,0.9993480952112992,,0.9500290963504864,,no_aplica,,no_aplica,0.7440844774246216
1:10_os_GraphSAGE_none_s43,43,1:10_os,GraphSAGE,none,ShapleyFeatures,150129,False,0.0163787864148616,,0,,vector_constante,,,no_aplica,,no_aplica,0.5571734309196472
1:10_os_GraphSAGE_none_s43,43,1:10_os,GraphSAGE,none,ShapleyFeatures,150346,True,0.5236807465553284,,0,,vector_constante,,,no_aplica,,no_aplica,0.5573831796646118
1:10_os_GraphSAGE_none_s43,43,1:10_os,GraphSAGE,none,ShapleyFeatures,150528,True,0.5941551327705383,,0,0.9976042111253378,,0.9641175492559648,,no_aplica,,no_aplica,0.74386066198349
1:10_os_GraphSAGE_none_s43,43,1:10_os,GraphSAGE,none,ShapleyFeatures,152223,True,0.6307485103607178,,0,0.9983030203275453,,0.9545689583506524,,no_aplica,,no_aplica,0.7443054914474487
1:10_os_GraphSAGE_none_s43,43,1:10_os,GraphSAGE,none,ShapleyFeatures,152280,False,0.4712482690811157,,0,0.9968520205637066,,0.9453504031922856,,no_aplica,,no_aplica,0.7464188933372498
1:10_os_GraphSAGE_none_s43,43,1:10_os,GraphSAGE,none,ShapleyFeatures,153599,True,0.6606525778770447,,0,0.9988003618956,,0.9733926344667054,,no_aplica,,no_aplica,0.7430274486541748
1:10_os_GraphSAGE_none_s43,43,1:10_os,GraphSAGE,none,ShapleyFeatures,155856,True,0.5899201035499573,,0,0.996854850466302,,0.954925596475185,,no_aplica,,no_aplica,0.7460964918136597
1:10_os_GraphSAGE_none_s43,43,1:10_os,GraphSAGE,none,ShapleyFeatures,158611,False,0.1744662374258041,,0,0.9899696532391052,,0.9501662648599218,,no_aplica,,no_aplica,0.7425796389579773
1:10_os_GraphSAGE_none_s43,43,1:10_os,GraphSAGE,none,ShapleyFeatures,158949,False,0.4349192976951599,,0,0.9996365852950564,,0.95493640369108,,no_aplica,,no_aplica,0.7388186454772949
1:10_os_GraphSAGE_none_s43,43,1:10_os,GraphSAGE,none,ShapleyFeatures,159862,False,0.0105876782909035,,0,,vector_constante,,,no_aplica,,no_aplica,0.5525563359260559
1:10_os_GraphSAGE_none_s43,43,1:10_os,GraphSAGE,none,ShapleyFeatures,161504,True,0.707768976688385,,0,0.9978165997215298,,0.9266439438024774,,no_aplica,,no_aplica,0.7454066872596741
1:10_os_GraphSAGE_none_s43,43,1:10_os,GraphSAGE,none,ShapleyFeatures,163852,False,0.4024959802627563,,0,0.9973267813267814,,0.9591886274835814,,no_aplica,,no_aplica,0.7446074485778809
1:10_os_GraphSAGE_none_s43,43,1:10_os,GraphSAGE,none,ShapleyFeatures,165001,False,0.3066014647483825,,0,0.9992062189885093,,0.9998628314905644,,no_aplica,,no_aplica,0.7446057200431824
1:10_os_GraphSAGE_none_s43,43,1:10_os,GraphSAGE,none,ShapleyFeatures,168077,False,0.1340703964233398,,0,0.9880767277101994,,0.9295951450660904,,no_aplica,,no_aplica,0.7415575981140137
1:10_os_GraphSAGE_none_s43,43,1:10_os,GraphSAGE,none,ShapleyFeatures,168167,True,0.6878066062927246,,0,0.9987068181209084,,0.95061684263031,,no_aplica,,no_aplica,0.7429458498954773
1:10_os_GraphSAGE_none_s43,43,1:10_os,GraphSAGE,none,ShapleyFeatures,168250,False,0.0220937374979257,,0,0.9946025668414048,,0.9206318064677028,,no_aplica,,no_aplica,0.7432619333267212
1:10_os_GraphSAGE_none_s43,43,1:10_os,GraphSAGE,none,ShapleyFeatures,170168,False,0.3565780818462372,,0,0.9925291397846496,,0.953962091611938,,no_aplica,,no_aplica,0.7429089546203613
1:10_os_GraphSAGE_none_s43,43,1:10_os,GraphSAGE,none,ShapleyFeatures,170185,False,0.4884568750858307,,0,0.996249391153344,,0.9999883614598056,,no_aplica,,no_aplica,0.7432435154914856
1:10_os_GraphSAGE_none_s43,43,1:10_os,GraphSAGE,none,ShapleyFeatures,171111,False,0.3923893272876739,,0,0.9990773641108428,,0.9686333028514426,,no_aplica,,no_aplica,0.7421603202819824
1:10_os_GraphSAGE_none_s43,43,1:10_os,GraphSAGE,none,ShapleyFeatures,171381,True,0.747422456741333,,0,0.998778396733411,,0.9999251808130352,,no_aplica,,no_aplica,0.7436341643333435
1:10_os_GraphSAGE_none_s43,43,1:10_os,GraphSAGE,none,ShapleyFeatures,172466,True,0.6183063387870789,,0,0.9985872044392474,,0.9998686507606618,,no_aplica,,no_aplica,0.7436927556991577
1:10_os_GraphSAGE_none_s43,43,1:10_os,GraphSAGE,none,ShapleyFeatures,172476,False,0.2322456836700439,,0,0.9899850098355542,,0.9053346080305928,,no_aplica,,no_aplica,0.7422173023223877
1:10_os_GraphSAGE_none_s43,43,1:10_os,GraphSAGE,none,ShapleyFeatures,172625,False,0.011900714598596,,0,0.9957283546480982,,0.909697397954942,,no_aplica,,no_aplica,0.7448550462722778
1:10_os_GraphSAGE_none_s43,43,1:10_os,GraphSAGE,none,ShapleyFeatures,172800,False,0.3214753568172455,,0,0.9982368713489398,,0.982178900989276,,no_aplica,,no_aplica,0.7590566277503967
1:10_os_GraphSAGE_none_s43,43,1:10_os,GraphSAGE,none,ShapleyFeatures,173595,True,0.5878189206123352,,0,0.9994708595893508,,0.999923518164436,,no_aplica,,no_aplica,0.7435075044631958
native_GAT_focal_loss_s43,43,native,GAT,focal_loss,GNNExplainer,139670,False,0.1252584606409073,,1,0.9035367005462956,,0.7336628148640786,,menos_de_2_aristas,,menos_de_2_aristas,1.5156548023223877
native_GAT_focal_loss_s43,43,native,GAT,focal_loss,GNNExplainer,139873,True,0.8876758813858032,,1,0.9452434555404008,,0.9114448416327208,,menos_de_2_aristas,,menos_de_2_aristas,1.3961243629455566
native_GAT_focal_loss_s43,43,native,GAT,focal_loss,GNNExplainer,140575,True,0.5300111770629883,,2,0.9079149006742088,,0.8458974145814283,-0.1999999999999999,,0.4,,1.3557546138763428
native_GAT_focal_loss_s43,43,native,GAT,focal_loss,GNNExplainer,141068,False,0.454294204711914,,1,0.9551404137834218,,0.8503674453404273,,menos_de_2_aristas,,menos_de_2_aristas,1.3524067401885986
native_GAT_focal_loss_s43,43,native,GAT,focal_loss,GNNExplainer,148220,True,0.5754825472831726,,2,0.9331498470948012,,0.6488103749272591,0.1999999999999999,,0.6,,1.388179063796997
native_GAT_focal_loss_s43,43,native,GAT,focal_loss,GNNExplainer,150129,False,0.0017986173043027,,0,0.8147337368189745,,0.3192143985368693,,menos_de_2_aristas,,menos_de_2_aristas,1.27692711353302
native_GAT_focal_loss_s43,43,native,GAT,focal_loss,GNNExplainer,150346,True,0.7731473445892334,,0,0.9314515232673396,,0.7358292459888602,,menos_de_2_aristas,,menos_de_2_aristas,1.212597370147705
native_GAT_focal_loss_s43,43,native,GAT,focal_loss,GNNExplainer,150528,True,0.5193995237350464,,2,0.9681400817423438,,0.5965940643445008,-0.1999999999999999,,0.4,,1.3017522096633911
native_GAT_focal_loss_s43,43,native,GAT,focal_loss,GNNExplainer,152223,False,0.0172132290899753,,2,0.9701237209557514,,0.8760312577936654,0.9999999999999998,,1.0,,1.303575038909912
native_GAT_focal_loss_s43,43,native,GAT,focal_loss,GNNExplainer,152280,False,0.1417917907238006,,1,0.915484207150874,,0.8288153628730569,,menos_de_2_aristas,,menos_de_2_aristas,1.2967983484268188
native_GAT_focal_loss_s43,43,native,GAT,focal_loss,GNNExplainer,153599,True,0.6219395995140076,,2,0.9707396882561474,,0.8592160611854684,0.1999999999999999,,0.6,,1.3059319257736206
native_GAT_focal_loss_s43,43,native,GAT,focal_loss,GNNExplainer,155856,True,0.833903431892395,,2,0.9564828231519852,,0.8772815695402777,-0.1999999999999999,,0.4,,1.3152469396591189
native_GAT_focal_loss_s43,43,native,GAT,focal_loss,GNNExplainer,158611,False,0.0090465825051069,,3,0.9200803910976086,,0.7404796741208746,0.1,,0.5333333333333332,,1.3147103786468506
native_GAT_focal_loss_s43,43,native,GAT,focal_loss,GNNExplainer,158949,False,0.4343243539333343,,2,0.9791586926446856,,0.8978601712528057,-0.1999999999999999,,0.4,,1.3816598653793335
native_GAT_focal_loss_s43,43,native,GAT,focal_loss,GNNExplainer,159862,False,0.011175506748259,,0,0.8904096741096298,,0.5647784520741542,,menos_de_2_aristas,,menos_de_2_aristas,1.2698293924331665
native_GAT_focal_loss_s43,43,native,GAT,focal_loss,GNNExplainer,161504,False,0.3960377275943756,,2,0.9224876866379644,,0.8749405603125779,-0.1999999999999999,,0.4,,1.3566049337387085
native_GAT_focal_loss_s43,43,native,GAT,focal_loss,GNNExplainer,163852,False,0.3412558138370514,,2,0.9667169069912824,,0.9053961260287636,0.1999999999999999,,0.6,,1.3328523635864258
native_GAT_focal_loss_s43,43,native,GAT,focal_loss,GNNExplainer,165001,True,0.7314394116401672,,1,0.9647984852356558,,0.8951666805220718,,menos_de_2_aristas,,menos_de_2_aristas,1.4196889400482178
native_GAT_focal_loss_s43,43,native,GAT,focal_loss,GNNExplainer,168077,True,0.6483415961265564,,1,0.8938484236184612,,0.7480571951118131,,menos_de_2_aristas,,menos_de_2_aristas,1.3060128688812256
native_GAT_focal_loss_s43,43,native,GAT,focal_loss,GNNExplainer,168167,True,0.5368727445602417,,1,0.945351098628595,,0.907036328871893,,menos_de_2_aristas,,menos_de_2_aristas,1.3196702003479004
native_GAT_focal_loss_s43,43,native,GAT,focal_loss,GNNExplainer,168250,True,0.6109561324119568,,1,0.956635396952905,,0.9596051209576856,,menos_de_2_aristas,,menos_de_2_aristas,1.311057448387146
native_GAT_focal_loss_s43,43,native,GAT,focal_loss,GNNExplainer,170168,False,0.1068701520562172,,2,0.9728906556183864,,0.8515063596308922,-0.1999999999999999,,0.4,,1.3121923208236694
native_GAT_focal_loss_s43,43,native,GAT,focal_loss,GNNExplainer,170185,False,0.4972842633724212,,2,0.970408991657802,,0.9060661734142488,0.1999999999999999,,0.6,,1.3079094886779783
native_GAT_focal_loss_s43,43,native,GAT,focal_loss,GNNExplainer,171111,False,0.0176292136311531,,2,0.9293357034880468,,0.916899991686757,0.1999999999999999,,0.6,,1.305103063583374
native_GAT_focal_loss_s43,43,native,GAT,focal_loss,GNNExplainer,171381,True,0.7508364915847778,,2,0.9362639383452864,,0.8802178069664975,0.1999999999999999,,0.6,,1.3295561075210571
native_GAT_focal_loss_s43,43,native,GAT,focal_loss,GNNExplainer,172466,True,0.9284489750862122,,2,0.9642754846726962,,0.8068891844708622,0.1999999999999999,,0.6,,1.3329273462295532
native_GAT_focal_loss_s43,43,native,GAT,focal_loss,GNNExplainer,172476,True,0.7618330717086792,,2,0.966889858997234,,0.6754908969989193,-0.1999999999999999,,0.4,,1.3159232139587402
native_GAT_focal_loss_s43,43,native,GAT,focal_loss,GNNExplainer,172625,False,0.3050832450389862,,1,0.9391341977114248,,0.8303316983955442,,menos_de_2_aristas,,menos_de_2_aristas,1.2956409454345703
native_GAT_focal_loss_s43,43,native,GAT,focal_loss,GNNExplainer,172800,False,0.0328308306634426,,1,0.8949915989159895,,0.8120517083714358,,menos_de_2_aristas,,menos_de_2_aristas,1.479028582572937
native_GAT_focal_loss_s43,43,native,GAT,focal_loss,GNNExplainer,173595,True,0.5681557059288025,,1,0.9138895597284182,,0.7323509851192951,,menos_de_2_aristas,,menos_de_2_aristas,1.3673752546310425
native_GAT_focal_loss_s43,43,native,GAT,focal_loss,PGExplainer,139670,False,0.1252584606409073,,1,,no_aplica,,,menos_de_2_aristas,,menos_de_2_aristas,3.385096549987793
native_GAT_focal_loss_s43,43,native,GAT,focal_loss,PGExplainer,139873,True,0.8876758813858032,,1,,no_aplica,,,menos_de_2_aristas,,menos_de_2_aristas,3.384899377822876
native_GAT_focal_loss_s43,43,native,GAT,focal_loss,PGExplainer,140575,True,0.5300111770629883,,2,,no_aplica,,1.0,,0.4,,3.385268211364746
native_GAT_focal_loss_s43,43,native,GAT,focal_loss,PGExplainer,141068,False,0.454294204711914,,1,,no_aplica,,,menos_de_2_aristas,,menos_de_2_aristas,3.384751081466675
native_GAT_focal_loss_s43,43,native,GAT,focal_loss,PGExplainer,148220,True,0.5754825472831726,,2,,no_aplica,,1.0,,1.0,,3.3852667808532715
native_GAT_focal_loss_s43,43,native,GAT,focal_loss,PGExplainer,150129,False,0.0017986173043027,,0,,no_aplica,,,menos_de_2_aristas,,menos_de_2_aristas,3.3837437629699707
native_GAT_focal_loss_s43,43,native,GAT,focal_loss,PGExplainer,150346,True,0.7731473445892334,,0,,no_aplica,,,menos_de_2_aristas,,menos_de_2_aristas,3.384364604949951
native_GAT_focal_loss_s43,43,native,GAT,focal_loss,PGExplainer,150528,True,0.5193995237350464,,2,,no_aplica,,1.0,,1.0,,3.3844847679138184
native_GAT_focal_loss_s43,43,native,GAT,focal_loss,PGExplainer,152223,False,0.0172132290899753,,2,,no_aplica,,1.0,,1.0,,3.384604930877685
native_GAT_focal_loss_s43,43,native,GAT,focal_loss,PGExplainer,152280,False,0.1417917907238006,,1,,no_aplica,,,menos_de_2_aristas,,menos_de_2_aristas,3.384416341781616
native_GAT_focal_loss_s43,43,native,GAT,focal_loss,PGExplainer,153599,True,0.6219395995140076,,2,,no_aplica,,1.0,,1.0,,3.384314775466919
native_GAT_focal_loss_s43,43,native,GAT,focal_loss,PGExplainer,155856,True,0.833903431892395,,2,,no_aplica,,1.0,,1.0,,3.384734630584717
native_GAT_focal_loss_s43,43,native,GAT,focal_loss,PGExplainer,158611,False,0.0090465825051069,,3,,no_aplica,,1.0,,1.0,,3.3844761848449707
native_GAT_focal_loss_s43,43,native,GAT,focal_loss,PGExplainer,158949,False,0.4343243539333343,,2,,no_aplica,,-1.0,,0.6,,3.384740114212036
native_GAT_focal_loss_s43,43,native,GAT,focal_loss,PGExplainer,159862,False,0.011175506748259,,0,,no_aplica,,,menos_de_2_aristas,,menos_de_2_aristas,3.383696794509888
native_GAT_focal_loss_s43,43,native,GAT,focal_loss,PGExplainer,161504,False,0.3960377275943756,,2,,no_aplica,,1.0,,0.4,,3.38427734375
native_GAT_focal_loss_s43,43,native,GAT,focal_loss,PGExplainer,163852,False,0.3412558138370514,,2,,no_aplica,,-1.0,,0.6,,3.3851306438446045
native_GAT_focal_loss_s43,43,native,GAT,focal_loss,PGExplainer,165001,True,0.7314394116401672,,1,,no_aplica,,,menos_de_2_aristas,,menos_de_2_aristas,3.3843491077423096
native_GAT_focal_loss_s43,43,native,GAT,focal_loss,PGExplainer,168077,True,0.6483415961265564,,1,,no_aplica,,,menos_de_2_aristas,,menos_de_2_aristas,3.384721040725708
native_GAT_focal_loss_s43,43,native,GAT,focal_loss,PGExplainer,168167,True,0.5368727445602417,,1,,no_aplica,,,menos_de_2_aristas,,menos_de_2_aristas,3.3843994140625
native_GAT_focal_loss_s43,43,native,GAT,focal_loss,PGExplainer,168250,True,0.6109561324119568,,1,,no_aplica,,,menos_de_2_aristas,,menos_de_2_aristas,3.3843815326690674
native_GAT_focal_loss_s43,43,native,GAT,focal_loss,PGExplainer,170168,False,0.1068701520562172,,2,,no_aplica,,1.0,,1.0,,3.38498854637146
native_GAT_focal_loss_s43,43,native,GAT,focal_loss,PGExplainer,170185,False,0.4972842633724212,,2,,no_aplica,,1.0,,0.4,,3.3843536376953125
native_GAT_focal_loss_s43,43,native,GAT,focal_loss,PGExplainer,171111,False,0.0176292136311531,,2,,no_aplica,,1.0,,0.4,,3.38490891456604
native_GAT_focal_loss_s43,43,native,GAT,focal_loss,PGExplainer,171381,True,0.7508364915847778,,2,,no_aplica,,1.0,,0.4,,3.3844974040985107
native_GAT_focal_loss_s43,43,native,GAT,focal_loss,PGExplainer,172466,True,0.9284489750862122,,2,,no_aplica,,1.0,,1.0,,3.384453296661377
native_GAT_focal_loss_s43,43,native,GAT,focal_loss,PGExplainer,172476,True,0.7618330717086792,,2,,no_aplica,,1.0,,1.0,,3.384773731231689
native_GAT_focal_loss_s43,43,native,GAT,focal_loss,PGExplainer,172625,False,0.3050832450389862,,1,,no_aplica,,,menos_de_2_aristas,,menos_de_2_aristas,3.3842921257019043
native_GAT_focal_loss_s43,43,native,GAT,focal_loss,PGExplainer,172800,False,0.0328308306634426,,1,,no_aplica,,,menos_de_2_aristas,,menos_de_2_aristas,3.384593963623047
native_GAT_focal_loss_s43,43,native,GAT,focal_loss,PGExplainer,173595,True,0.5681557059288025,,1,,no_aplica,,,menos_de_2_aristas,,menos_de_2_aristas,3.3845276832580566
native_GAT_focal_loss_s43,43,native,GAT,focal_loss,ShapleyFeatures,139670,False,0.1252584606409073,,0,0.9960130081300814,,0.9168575941474768,,no_aplica,,no_aplica,0.8694502115249634
native_GAT_focal_loss_s43,43,native,GAT,focal_loss,ShapleyFeatures,139873,True,0.8876758813858032,,0,0.9982223685293392,,0.963859838723086,,no_aplica,,no_aplica,0.877495527267456
native_GAT_focal_loss_s43,43,native,GAT,focal_loss,ShapleyFeatures,140575,True,0.5300111770629883,,0,0.9711357970615266,,0.9284844958018124,,no_aplica,,no_aplica,0.8546141982078552
native_GAT_focal_loss_s43,43,native,GAT,focal_loss,ShapleyFeatures,141068,False,0.454294204711914,,0,0.9996951409096344,,0.9810449746446088,,no_aplica,,no_aplica,0.8540770411491394
native_GAT_focal_loss_s43,43,native,GAT,focal_loss,ShapleyFeatures,148220,True,0.5754825472831726,,0,0.9995191604299136,,0.982057527641533,,no_aplica,,no_aplica,0.8542816638946533
native_GAT_focal_loss_s43,43,native,GAT,focal_loss,ShapleyFeatures,150129,False,0.0017986173043027,,0,,vector_constante,,,no_aplica,,no_aplica,0.6701785326004028
native_GAT_focal_loss_s43,43,native,GAT,focal_loss,ShapleyFeatures,150346,True,0.7731473445892334,,0,,vector_constante,,,no_aplica,,no_aplica,0.6714091897010803
native_GAT_focal_loss_s43,43,native,GAT,focal_loss,ShapleyFeatures,150528,True,0.5193995237350464,,0,0.99347389386826,,0.8546903316983956,,no_aplica,,no_aplica,0.8498715162277222
native_GAT_focal_loss_s43,43,native,GAT,focal_loss,ShapleyFeatures,152223,False,0.0172132290899753,,0,0.9918862645049789,,0.9058841133926344,,no_aplica,,no_aplica,0.8488014340400696
native_GAT_focal_loss_s43,43,native,GAT,focal_loss,ShapleyFeatures,152280,False,0.1417917907238006,,0,0.989470798722728,,0.9174536536702969,,no_aplica,,no_aplica,0.8624433875083923
native_GAT_focal_loss_s43,43,native,GAT,focal_loss,ShapleyFeatures,153599,True,0.6219395995140076,,0,0.9993606701940034,,0.9817457810291794,,no_aplica,,no_aplica,0.863829493522644
native_GAT_focal_loss_s43,43,native,GAT,focal_loss,ShapleyFeatures,155856,True,0.833903431892395,,0,0.9943310806202026,,0.9582309418904316,,no_aplica,,no_aplica,0.8603523373603821
native_GAT_focal_loss_s43,43,native,GAT,focal_loss,ShapleyFeatures,158611,False,0.0090465825051069,,0,0.99003497233505,,0.8951982708454567,,no_aplica,,no_aplica,0.8562591671943665
native_GAT_focal_loss_s43,43,native,GAT,focal_loss,ShapleyFeatures,158949,False,0.4343243539333343,,0,0.9992278888856636,,0.9252473189791338,,no_aplica,,no_aplica,0.8527681231498718
native_GAT_focal_loss_s43,43,native,GAT,focal_loss,ShapleyFeatures,159862,False,0.011175506748259,,0,,vector_constante,,,no_aplica,,no_aplica,0.6623303294181824
native_GAT_focal_loss_s43,43,native,GAT,focal_loss,ShapleyFeatures,161504,False,0.3960377275943756,,0,0.9903043130840996,,0.9305071078227616,,no_aplica,,no_aplica,0.8481640815734863
native_GAT_focal_loss_s43,43,native,GAT,focal_loss,ShapleyFeatures,163852,False,0.3412558138370514,,0,0.9940899055265257,,0.9422686840136338,,no_aplica,,no_aplica,0.8524083495140076
native_GAT_focal_loss_s43,43,native,GAT,focal_loss,ShapleyFeatures,165001,True,0.7314394116401672,,0,0.998872412290876,,0.972444924765151,,no_aplica,,no_aplica,0.8521744608879089
native_GAT_focal_loss_s43,43,native,GAT,focal_loss,ShapleyFeatures,168077,True,0.6483415961265564,,0,0.984889987969523,,0.8436952365117634,,no_aplica,,no_aplica,0.8449837565422058
native_GAT_focal_loss_s43,43,native,GAT,focal_loss,ShapleyFeatures,168167,True,0.5368727445602417,,0,0.9996688055135136,,0.9730958516917452,,no_aplica,,no_aplica,0.8506037592887878
native_GAT_focal_loss_s43,43,native,GAT,focal_loss,ShapleyFeatures,168250,True,0.6109561324119568,,0,0.9865627002777184,,0.7352207166015463,,no_aplica,,no_aplica,0.854187548160553
native_GAT_focal_loss_s43,43,native,GAT,focal_loss,ShapleyFeatures,170168,False,0.1068701520562172,,0,0.9959028917311512,,0.9200074819186964,,no_aplica,,no_aplica,0.8470487594604492
native_GAT_focal_loss_s43,43,native,GAT,focal_loss,ShapleyFeatures,170185,False,0.4972842633724212,,0,0.9995847789585632,,0.9731390805553246,,no_aplica,,no_aplica,0.8462217450141907
native_GAT_focal_loss_s43,43,native,GAT,focal_loss,ShapleyFeatures,171111,False,0.0176292136311531,,0,0.9941777998638454,,0.8327608279990024,,no_aplica,,no_aplica,0.8473489880561829
native_GAT_focal_loss_s43,43,native,GAT,focal_loss,ShapleyFeatures,171381,True,0.7508364915847778,,0,0.9896396621907966,,0.8585684595560729,,no_aplica,,no_aplica,0.8557828664779663
native_GAT_focal_loss_s43,43,native,GAT,focal_loss,ShapleyFeatures,172466,True,0.9284489750862122,,0,0.9987742418707126,,0.982034250561144,,no_aplica,,no_aplica,0.8480342030525208
native_GAT_focal_loss_s43,43,native,GAT,focal_loss,ShapleyFeatures,172476,True,0.7618330717086792,,0,0.9909423742414364,,0.7872824008645772,,no_aplica,,no_aplica,0.8511930108070374
native_GAT_focal_loss_s43,43,native,GAT,focal_loss,ShapleyFeatures,172625,False,0.3050832450389862,,0,0.9833614447804256,,0.6627924183223876,,no_aplica,,no_aplica,0.8479998707771301
native_GAT_focal_loss_s43,43,native,GAT,focal_loss,ShapleyFeatures,172800,False,0.0328308306634426,,0,0.9983753674764042,,0.9488718929254304,,no_aplica,,no_aplica,0.8447225689888
native_GAT_focal_loss_s43,43,native,GAT,focal_loss,ShapleyFeatures,173595,True,0.5681557059288025,,0,0.9995338740314168,,0.9719536121040818,,no_aplica,,no_aplica,0.8466209173202515
native_GAT_none_s43,43,native,GAT,none,GNNExplainer,139670,False,0.1634186655282974,,1,0.9263724469535166,,0.7917757087039654,,menos_de_2_aristas,,menos_de_2_aristas,1.3312305212020874
native_GAT_none_s43,43,native,GAT,none,GNNExplainer,139873,True,0.9628227949142456,,1,0.924486604330655,,0.6567586665558236,,menos_de_2_aristas,,menos_de_2_aristas,1.355894684791565
native_GAT_none_s43,43,native,GAT,none,GNNExplainer,140575,True,0.8657003045082092,,2,0.9424371832749088,,0.7516476847618255,0.1999999999999999,,0.6,,1.3504153490066528
native_GAT_none_s43,43,native,GAT,none,GNNExplainer,141068,False,0.1508650183677673,,1,0.9643423276926046,,0.8780247734641284,,menos_de_2_aristas,,menos_de_2_aristas,1.3349850177764893
native_GAT_none_s43,43,native,GAT,none,GNNExplainer,148220,True,0.863180935382843,,2,0.9711509591326106,,0.7493632055864994,0.1999999999999999,,0.6,,1.425002098083496
native_GAT_none_s43,43,native,GAT,none,GNNExplainer,150129,False,1.5350782632594928e-05,,0,0.8199573151640323,,0.3237501039155375,,menos_de_2_aristas,,menos_de_2_aristas,1.247429132461548
native_GAT_none_s43,43,native,GAT,none,GNNExplainer,150346,True,0.9985789060592652,,0,0.8765831428836794,,0.3046205004572284,,menos_de_2_aristas,,menos_de_2_aristas,1.2082171440124512
native_GAT_none_s43,43,native,GAT,none,GNNExplainer,150528,False,0.0445945598185062,,2,0.9041022339174738,,0.6972940394047719,0.1999999999999999,,0.6,,1.3052061796188354
native_GAT_none_s43,43,native,GAT,none,GNNExplainer,152223,True,0.5981494188308716,,2,0.9663616163278744,,0.769646687172666,-0.1999999999999999,,0.4,,1.3143575191497805
native_GAT_none_s43,43,native,GAT,none,GNNExplainer,152280,False,6.423294053092832e-06,,1,0.8003489925712148,,0.209057278244243,,menos_de_2_aristas,,menos_de_2_aristas,1.303075909614563
native_GAT_none_s43,43,native,GAT,none,GNNExplainer,153599,False,0.1169818416237831,,2,0.977325417815542,,0.8787305677944965,-0.1999999999999999,,0.4,,1.3186277151107788
native_GAT_none_s43,43,native,GAT,none,GNNExplainer,155856,True,0.9924166202545166,,2,0.9578008287662078,,0.7606733726826835,-0.1999999999999999,,0.4,,1.304129719734192
native_GAT_none_s43,43,native,GAT,none,GNNExplainer,158611,False,0.0483437925577163,,3,0.9441525237883838,,0.8979857012220467,0.1,,0.5333333333333332,,1.3152810335159302
native_GAT_none_s43,43,native,GAT,none,GNNExplainer,158949,True,0.943550169467926,,2,0.9789946967950196,,0.8644284645440186,0.1999999999999999,,0.6,,1.3123953342437744
native_GAT_none_s43,43,native,GAT,none,GNNExplainer,159862,False,2.60540000454057e-05,,0,0.8522338596823984,,0.2896383739296699,,menos_de_2_aristas,,menos_de_2_aristas,1.1931588649749756
native_GAT_none_s43,43,native,GAT,none,GNNExplainer,161504,True,0.9097981452941896,,2,0.9433561294219202,,0.8109618422146481,0.1999999999999999,,0.6,,1.3179049491882324
native_GAT_none_s43,43,native,GAT,none,GNNExplainer,163852,False,0.0023941178806126,,2,0.9192547761511882,,0.6026685510017458,0.1999999999999999,,0.6,,1.3022381067276
native_GAT_none_s43,43,native,GAT,none,GNNExplainer,165001,True,0.9866418838500975,,1,0.9632102726938871,,0.703004406018788,,menos_de_2_aristas,,menos_de_2_aristas,1.3167794942855835
native_GAT_none_s43,43,native,GAT,none,GNNExplainer,168077,True,0.7930375337600708,,1,0.909517891315736,,0.5409984204838307,,menos_de_2_aristas,,menos_de_2_aristas,1.3049129247665403
native_GAT_none_s43,43,native,GAT,none,GNNExplainer,168167,False,0.1789444386959076,,1,0.9580829864419812,,0.7188893507357219,,menos_de_2_aristas,,menos_de_2_aristas,1.320098042488098
native_GAT_none_s43,43,native,GAT,none,GNNExplainer,168250,True,0.9955695271492004,,1,0.9364570370471226,,0.7106367944135007,,menos_de_2_aristas,,menos_de_2_aristas,1.3097981214523315
native_GAT_none_s43,43,native,GAT,none,GNNExplainer,170168,False,0.0267012026160955,,2,0.970341526230334,,0.8235938149472108,-0.1999999999999999,,0.4,,1.314330816268921
native_GAT_none_s43,43,native,GAT,none,GNNExplainer,170185,True,0.8762202858924866,,2,0.9798219584569732,,0.8970604372765815,0.1999999999999999,,0.6,,1.3201740980148315
native_GAT_none_s43,43,native,GAT,none,GNNExplainer,171111,False,7.369907052634517e-06,,2,0.8396621129835955,,0.3245174162440769,0.1999999999999999,,0.6,,1.3295519351959229
native_GAT_none_s43,43,native,GAT,none,GNNExplainer,171381,True,0.9308879375457764,,2,0.9646611052599317,,0.8134832488153629,0.1999999999999999,,0.6,,1.398214340209961
native_GAT_none_s43,43,native,GAT,none,GNNExplainer,172466,True,0.9713995456695556,,2,0.953181091217101,,0.8642713442513925,-0.1999999999999999,,0.4,,1.4080142974853516
native_GAT_none_s43,43,native,GAT,none,GNNExplainer,172476,True,0.9950383305549622,,2,0.9671270238295502,,0.7522520575276416,-0.1999999999999999,,0.4,,1.3292158842086792
native_GAT_none_s43,43,native,GAT,none,GNNExplainer,172625,False,0.0066057234071195,,1,0.90798344644745,,0.4776581594480006,,menos_de_2_aristas,,menos_de_2_aristas,1.3025665283203125
native_GAT_none_s43,43,native,GAT,none,GNNExplainer,172800,False,0.0010168376611545,,1,0.8748113821138211,,0.5355341258624989,,menos_de_2_aristas,,menos_de_2_aristas,1.346948742866516
native_GAT_none_s43,43,native,GAT,none,GNNExplainer,173595,True,0.779098629951477,,1,0.9392666719691112,,0.6998329038157787,,menos_de_2_aristas,,menos_de_2_aristas,1.315342664718628
native_GAT_none_s43,43,native,GAT,none,PGExplainer,139670,False,0.1634186655282974,,1,,no_aplica,,,menos_de_2_aristas,,menos_de_2_aristas,3.3962135314941406
native_GAT_none_s43,43,native,GAT,none,PGExplainer,139873,True,0.9628227949142456,,1,,no_aplica,,,menos_de_2_aristas,,menos_de_2_aristas,3.3961269855499268
native_GAT_none_s43,43,native,GAT,none,PGExplainer,140575,True,0.8657003045082092,,2,,no_aplica,,-0.1999999999999999,,0.4,,3.396212577819824
native_GAT_none_s43,43,native,GAT,none,PGExplainer,141068,False,0.1508650183677673,,1,,no_aplica,,,menos_de_2_aristas,,menos_de_2_aristas,3.3958749771118164
native_GAT_none_s43,43,native,GAT,none,PGExplainer,148220,True,0.863180935382843,,2,,no_aplica,,-0.1999999999999999,,0.4,,3.395993709564209
native_GAT_none_s43,43,native,GAT,none,PGExplainer,150129,False,1.5350782632594928e-05,,0,,no_aplica,,,menos_de_2_aristas,,menos_de_2_aristas,3.3954057693481445
native_GAT_none_s43,43,native,GAT,none,PGExplainer,150346,True,0.9985789060592652,,0,,no_aplica,,,menos_de_2_aristas,,menos_de_2_aristas,3.3952107429504395
native_GAT_none_s43,43,native,GAT,none,PGExplainer,150528,False,0.0445945598185062,,2,,no_aplica,,,vector_constante,1.0,,3.3957979679107666
native_GAT_none_s43,43,native,GAT,none,PGExplainer,152223,True,0.5981494188308716,,2,,no_aplica,,1.0,,1.0,,3.3958959579467773
native_GAT_none_s43,43,native,GAT,none,PGExplainer,152280,False,6.423294053092832e-06,,1,,no_aplica,,,menos_de_2_aristas,,menos_de_2_aristas,3.3959779739379883
native_GAT_none_s43,43,native,GAT,none,PGExplainer,153599,False,0.1169818416237831,,2,,no_aplica,,0.0,,0.4,,3.396009683609009
native_GAT_none_s43,43,native,GAT,none,PGExplainer,155856,True,0.9924166202545166,,2,,no_aplica,,,vector_constante,1.0,,3.395861387252808
native_GAT_none_s43,43,native,GAT,none,PGExplainer,158611,False,0.0483437925577163,,3,,no_aplica,,-0.3333333333333333,,0.5999999999999999,,3.3959977626800537
native_GAT_none_s43,43,native,GAT,none,PGExplainer,158949,True,0.943550169467926,,2,,no_aplica,,-0.3333333333333333,,0.4,,3.3960866928100586
native_GAT_none_s43,43,native,GAT,none,PGExplainer,159862,False,2.60540000454057e-05,,0,,no_aplica,,,menos_de_2_aristas,,menos_de_2_aristas,3.395526885986328
native_GAT_none_s43,43,native,GAT,none,PGExplainer,161504,True,0.9097981452941896,,2,,no_aplica,,-0.3333333333333333,,0.4,,3.3963093757629395
native_GAT_none_s43,43,native,GAT,none,PGExplainer,163852,False,0.0023941178806126,,2,,no_aplica,,1.0,,0.4,,3.395927906036377
native_GAT_none_s43,43,native,GAT,none,PGExplainer,165001,True,0.9866418838500975,,1,,no_aplica,,,menos_de_2_aristas,,menos_de_2_aristas,3.395989179611206
native_GAT_none_s43,43,native,GAT,none,PGExplainer,168077,True,0.7930375337600708,,1,,no_aplica,,,menos_de_2_aristas,,menos_de_2_aristas,3.3958139419555664
native_GAT_none_s43,43,native,GAT,none,PGExplainer,168167,False,0.1789444386959076,,1,,no_aplica,,,menos_de_2_aristas,,menos_de_2_aristas,3.39603590965271
native_GAT_none_s43,43,native,GAT,none,PGExplainer,168250,True,0.9955695271492004,,1,,no_aplica,,,menos_de_2_aristas,,menos_de_2_aristas,3.3962061405181885
native_GAT_none_s43,43,native,GAT,none,PGExplainer,170168,False,0.0267012026160955,,2,,no_aplica,,1.0,,1.0,,3.395930767059326
native_GAT_none_s43,43,native,GAT,none,PGExplainer,170185,True,0.8762202858924866,,2,,no_aplica,,-0.1999999999999999,,0.4,,3.396036386489868
native_GAT_none_s43,43,native,GAT,none,PGExplainer,171111,False,7.369907052634517e-06,,2,,no_aplica,,1.0,,0.4,,3.395969152450561
native_GAT_none_s43,43,native,GAT,none,PGExplainer,171381,True,0.9308879375457764,,2,,no_aplica,,-0.1999999999999999,,0.4,,3.396085739135742
native_GAT_none_s43,43,native,GAT,none,PGExplainer,172466,True,0.9713995456695556,,2,,no_aplica,,1.0,,1.0,,3.396105527877808
native_GAT_none_s43,43,native,GAT,none,PGExplainer,172476,True,0.9950383305549622,,2,,no_aplica,,,vector_constante,1.0,,3.3958122730255127
native_GAT_none_s43,43,native,GAT,none,PGExplainer,172625,False,0.0066057234071195,,1,,no_aplica,,,menos_de_2_aristas,,menos_de_2_aristas,3.396169424057007
native_GAT_none_s43,43,native,GAT,none,PGExplainer,172800,False,0.0010168376611545,,1,,no_aplica,,,menos_de_2_aristas,,menos_de_2_aristas,3.3958609104156494
native_GAT_none_s43,43,native,GAT,none,PGExplainer,173595,True,0.779098629951477,,1,,no_aplica,,,menos_de_2_aristas,,menos_de_2_aristas,3.39593243598938
native_GAT_none_s43,43,native,GAT,none,ShapleyFeatures,139670,False,0.1634186655282974,,0,0.9919276422764228,,0.8423393465791005,,no_aplica,,no_aplica,0.857654869556427
native_GAT_none_s43,43,native,GAT,none,ShapleyFeatures,139873,True,0.9628227949142456,,0,0.9961254217759856,,0.9121522986116885,,no_aplica,,no_aplica,0.8539822101593018
native_GAT_none_s43,43,native,GAT,none,ShapleyFeatures,140575,True,0.8657003045082092,,0,0.9912935438837596,,0.9347676448582593,,no_aplica,,no_aplica,0.8495079874992371
native_GAT_none_s43,43,native,GAT,none,ShapleyFeatures,141068,False,0.1508650183677673,,0,0.999324909315582,,0.9630991769889434,,no_aplica,,no_aplica,0.8471750020980835
native_GAT_none_s43,43,native,GAT,none,ShapleyFeatures,148220,True,0.863180935382843,,0,0.9995357605086936,,0.9822304430958516,,no_aplica,,no_aplica,0.849944531917572
native_GAT_none_s43,43,native,GAT,none,ShapleyFeatures,150129,False,1.5350782632594928e-05,,0,,vector_constante,,,no_aplica,,no_aplica,0.6653985977172852
native_GAT_none_s43,43,native,GAT,none,ShapleyFeatures,150346,True,0.9985789060592652,,0,,vector_constante,,,no_aplica,,no_aplica,0.6615707278251648
native_GAT_none_s43,43,native,GAT,none,ShapleyFeatures,150528,False,0.0445945598185062,,0,0.974473751600512,,0.7419827084545682,,no_aplica,,no_aplica,0.8566277027130127
native_GAT_none_s43,43,native,GAT,none,ShapleyFeatures,152223,True,0.5981494188308716,,0,0.9882017940910212,,0.8393665308836977,,no_aplica,,no_aplica,0.8533620834350586
native_GAT_none_s43,43,native,GAT,none,ShapleyFeatures,152280,False,6.423294053092832e-06,,0,0.9348818426898928,,0.6835472607864327,,no_aplica,,no_aplica,0.8468819856643677
native_GAT_none_s43,43,native,GAT,none,ShapleyFeatures,153599,False,0.1169818416237831,,0,0.9968820045984372,,0.9678177737135256,,no_aplica,,no_aplica,0.8487188816070557
native_GAT_none_s43,43,native,GAT,none,ShapleyFeatures,155856,True,0.9924166202545166,,0,0.988980207064148,,0.8858009809626735,,no_aplica,,no_aplica,0.8451489210128784
native_GAT_none_s43,43,native,GAT,none,ShapleyFeatures,158611,False,0.0483437925577163,,0,0.994596918833707,,0.9134059356554992,,no_aplica,,no_aplica,0.8574907183647156
native_GAT_none_s43,43,native,GAT,none,ShapleyFeatures,158949,True,0.943550169467926,,0,0.9987794258512088,,0.9392285310499628,,no_aplica,,no_aplica,0.8479480743408203
native_GAT_none_s43,43,native,GAT,none,ShapleyFeatures,159862,False,2.60540000454057e-05,,0,,vector_constante,,,no_aplica,,no_aplica,0.6636268496513367
native_GAT_none_s43,43,native,GAT,none,ShapleyFeatures,161504,True,0.9097981452941896,,0,0.9928843065098468,,0.906176739546097,,no_aplica,,no_aplica,0.8557881712913513
native_GAT_none_s43,43,native,GAT,none,ShapleyFeatures,163852,False,0.0023941178806126,,0,0.9836434231927192,,0.8040842962839806,,no_aplica,,no_aplica,0.8496742844581604
native_GAT_none_s43,43,native,GAT,none,ShapleyFeatures,165001,True,0.9866418838500975,,0,0.9979663251277237,,0.9534300440601878,,no_aplica,,no_aplica,0.8538302183151245
native_GAT_none_s43,43,native,GAT,none,ShapleyFeatures,168077,True,0.7930375337600708,,0,0.9806477743617164,,0.8140801396624824,,no_aplica,,no_aplica,0.8497348427772522
native_GAT_none_s43,43,native,GAT,none,ShapleyFeatures,168167,False,0.1789444386959076,,0,0.9988820070273038,,0.9159273422562142,,no_aplica,,no_aplica,0.8531931042671204
native_GAT_none_s43,43,native,GAT,none,ShapleyFeatures,168250,True,0.9955695271492004,,0,0.9792494481236204,,0.5940335855017043,,no_aplica,,no_aplica,0.8527684807777405
native_GAT_none_s43,43,native,GAT,none,ShapleyFeatures,170168,False,0.0267012026160955,,0,0.9917858287819056,,0.8641973563887273,,no_aplica,,no_aplica,0.8452809453010559
native_GAT_none_s43,43,native,GAT,none,ShapleyFeatures,170185,True,0.8762202858924866,,0,0.9985515868019788,,0.9178709784687008,,no_aplica,,no_aplica,0.8487361073493958
native_GAT_none_s43,43,native,GAT,none,ShapleyFeatures,171111,False,7.369907052634517e-06,,0,0.9897717251739996,,0.738653254634633,,no_aplica,,no_aplica,0.8518567085266113
native_GAT_none_s43,43,native,GAT,none,ShapleyFeatures,171381,True,0.9308879375457764,,0,0.9956907109427132,,0.926819353229695,,no_aplica,,no_aplica,0.8555099368095398
native_GAT_none_s43,43,native,GAT,none,ShapleyFeatures,172466,True,0.9713995456695556,,0,0.9978475179455784,,0.9496209161193784,,no_aplica,,no_aplica,0.8542308211326599
native_GAT_none_s43,43,native,GAT,none,ShapleyFeatures,172476,True,0.9950383305549622,,0,0.9827621467698704,,0.7247069581843878,,no_aplica,,no_aplica,0.8553773164749146
native_GAT_none_s43,43,native,GAT,none,ShapleyFeatures,172625,False,0.0066057234071195,,0,0.939181069159708,,0.4264618837808629,,no_aplica,,no_aplica,0.8530147671699524
native_GAT_none_s43,43,native,GAT,none,ShapleyFeatures,172800,False,0.0010168376611545,,0,0.997016991589208,,0.9160229445506692,,no_aplica,,no_aplica,0.8501502275466919
native_GAT_none_s43,43,native,GAT,none,ShapleyFeatures,173595,True,0.779098629951477,,0,0.999561612446106,,0.9798395544101756,,no_aplica,,no_aplica,0.8555601239204407
1:10_GAT_none_s43,43,1:10,GAT,none,GNNExplainer,139670,False,0.1872028261423111,,1,0.9052236162836872,,0.7919810458059688,,menos_de_2_aristas,,menos_de_2_aristas,1.5649083852767944
1:10_GAT_none_s43,43,1:10,GAT,none,GNNExplainer,139873,True,0.9255145788192748,,1,0.9489480113278448,,0.8941815612270346,,menos_de_2_aristas,,menos_de_2_aristas,1.3105326890945437
1:10_GAT_none_s43,43,1:10,GAT,none,GNNExplainer,140575,False,0.4829712510108948,,2,0.9030283900702294,,0.9126801895419404,0.1999999999999999,,0.6,,1.3078606128692627
1:10_GAT_none_s43,43,1:10,GAT,none,GNNExplainer,141068,False,0.4129496812820434,,1,0.9619168923543072,,0.9157560894504948,,menos_de_2_aristas,,menos_de_2_aristas,1.2914822101593018
1:10_GAT_none_s43,43,1:10,GAT,none,GNNExplainer,148220,True,0.619332492351532,,2,0.934680011120378,,0.6105220716601546,0.1999999999999999,,0.6,,1.2982308864593506
1:10_GAT_none_s43,43,1:10,GAT,none,GNNExplainer,150129,False,0.0005734548904001,,0,0.8090448190777664,,0.286908304929753,,menos_de_2_aristas,,menos_de_2_aristas,1.1905789375305176
1:10_GAT_none_s43,43,1:10,GAT,none,GNNExplainer,150346,True,0.8299601674079895,,0,0.9399624531235016,,0.8248740543686092,,menos_de_2_aristas,,menos_de_2_aristas,1.2605259418487549
1:10_GAT_none_s43,43,1:10,GAT,none,GNNExplainer,150528,True,0.5122339129447937,,2,0.9694143664968368,,0.5919901903732645,-0.1999999999999999,,0.4,,1.333554744720459
1:10_GAT_none_s43,43,1:10,GAT,none,GNNExplainer,152223,False,0.0108197759836912,,2,0.9722088716978028,,0.8551658491977723,0.9999999999999998,,1.0,,1.3936710357666016
1:10_GAT_none_s43,43,1:10,GAT,none,GNNExplainer,152280,False,0.3454404175281524,,1,0.9298861632194968,,0.8832970321722504,,menos_de_2_aristas,,menos_de_2_aristas,1.344704270362854
1:10_GAT_none_s43,43,1:10,GAT,none,GNNExplainer,153599,True,0.6525018215179443,,2,0.9782792189522256,,0.9233876465209075,0.1999999999999999,,0.6,,1.2960929870605469
1:10_GAT_none_s43,43,1:10,GAT,none,GNNExplainer,155856,True,0.8968435525894165,,2,0.9498018981419596,,0.9031091528805388,-0.1999999999999999,,0.4,,1.308295488357544
1:10_GAT_none_s43,43,1:10,GAT,none,GNNExplainer,158611,False,0.0038780441973358,,3,0.896333727354903,,0.6993407598304099,0.1,,0.5333333333333332,,1.3117713928222656
1:10_GAT_none_s43,43,1:10,GAT,none,GNNExplainer,158949,True,0.5449675917625427,,2,0.9837995734378604,,0.9233884778452074,-0.1999999999999999,,0.4,,1.316678524017334
1:10_GAT_none_s43,43,1:10,GAT,none,GNNExplainer,159862,False,0.0034238556399941,,0,0.8656108820292093,,0.3752182226286474,,menos_de_2_aristas,,menos_de_2_aristas,1.1887710094451904
1:10_GAT_none_s43,43,1:10,GAT,none,GNNExplainer,161504,False,0.3891589045524597,,2,0.9279074366560036,,0.9357951616925764,-0.1999999999999999,,0.4,,1.3062618970870972
1:10_GAT_none_s43,43,1:10,GAT,none,GNNExplainer,163852,False,0.4514661729335785,,2,0.9735222955752334,,0.9085011222878048,0.1999999999999999,,0.6,,1.3408325910568235
1:10_GAT_none_s43,43,1:10,GAT,none,GNNExplainer,165001,True,0.8649123311042786,,1,0.9699580116483816,,0.9435680438939228,,menos_de_2_aristas,,menos_de_2_aristas,1.3115452527999878
1:10_GAT_none_s43,43,1:10,GAT,none,GNNExplainer,168077,True,0.6658620238304138,,1,0.9005583352042507,,0.7791695070246905,,menos_de_2_aristas,,menos_de_2_aristas,1.3227516412734983
1:10_GAT_none_s43,43,1:10,GAT,none,GNNExplainer,168167,True,0.6396088600158691,,1,0.9461593972727932,,0.8376756172582924,,menos_de_2_aristas,,menos_de_2_aristas,1.3012820482254028
1:10_GAT_none_s43,43,1:10,GAT,none,GNNExplainer,168250,True,0.7509365081787109,,1,0.9533380532901276,,0.9606584088452907,,menos_de_2_aristas,,menos_de_2_aristas,1.316638708114624
1:10_GAT_none_s43,43,1:10,GAT,none,GNNExplainer,170168,False,0.1569104790687561,,2,0.9734443760147806,,0.7894205669631724,0.1999999999999999,,0.6,,1.3017746210098269
1:10_GAT_none_s43,43,1:10,GAT,none,GNNExplainer,170185,True,0.5420384407043457,,2,0.979462796036056,,0.7775326294787597,0.1999999999999999,,0.6,,1.3192001581192017
1:10_GAT_none_s43,43,1:10,GAT,none,GNNExplainer,171111,False,0.0176775138825178,,2,0.9363129164100554,,0.9044716934075984,0.1999999999999999,,0.6,,1.307400822639465
1:10_GAT_none_s43,43,1:10,GAT,none,GNNExplainer,171381,True,0.7873566746711731,,2,0.9423728482984212,,0.8102394213982874,0.1999999999999999,,0.6,,1.3204971551895142
1:10_GAT_none_s43,43,1:10,GAT,none,GNNExplainer,172466,True,0.9671854376792908,,2,0.9614610673665792,,0.888634134175742,0.1999999999999999,,0.6,,1.3140783309936523
1:10_GAT_none_s43,43,1:10,GAT,none,GNNExplainer,172476,True,0.8112435340881348,,2,0.9564330960765768,,0.6710724083464961,-0.1999999999999999,,0.4,,1.3032286167144775
1:10_GAT_none_s43,43,1:10,GAT,none,GNNExplainer,172625,False,0.3360955417156219,,1,0.932589464228003,,0.8257269931000083,,menos_de_2_aristas,,menos_de_2_aristas,1.3135392665863037
1:10_GAT_none_s43,43,1:10,GAT,none,GNNExplainer,172800,False,0.0186826214194297,,1,0.9050932249322496,,0.7927225870812203,,menos_de_2_aristas,,menos_de_2_aristas,1.304774045944214
1:10_GAT_none_s43,43,1:10,GAT,none,GNNExplainer,173595,True,0.6090492010116577,,1,0.9238501529273108,,0.7779840385734476,,menos_de_2_aristas,,menos_de_2_aristas,1.3233745098114014
1:10_GAT_none_s43,43,1:10,GAT,none,PGExplainer,139670,False,0.1872028261423111,,1,,no_aplica,,,menos_de_2_aristas,,menos_de_2_aristas,3.3526530265808105
1:10_GAT_none_s43,43,1:10,GAT,none,PGExplainer,139873,True,0.9255145788192748,,1,,no_aplica,,,menos_de_2_aristas,,menos_de_2_aristas,3.3524324893951416
1:10_GAT_none_s43,43,1:10,GAT,none,PGExplainer,140575,False,0.4829712510108948,,2,,no_aplica,,1.0,,0.4,,3.352475881576538
1:10_GAT_none_s43,43,1:10,GAT,none,PGExplainer,141068,False,0.4129496812820434,,1,,no_aplica,,,menos_de_2_aristas,,menos_de_2_aristas,3.351621627807617
1:10_GAT_none_s43,43,1:10,GAT,none,PGExplainer,148220,True,0.619332492351532,,2,,no_aplica,,1.0,,1.0,,3.3518729209899902
1:10_GAT_none_s43,43,1:10,GAT,none,PGExplainer,150129,False,0.0005734548904001,,0,,no_aplica,,,menos_de_2_aristas,,menos_de_2_aristas,3.3517980575561523
1:10_GAT_none_s43,43,1:10,GAT,none,PGExplainer,150346,True,0.8299601674079895,,0,,no_aplica,,,menos_de_2_aristas,,menos_de_2_aristas,3.351136445999145
1:10_GAT_none_s43,43,1:10,GAT,none,PGExplainer,150528,True,0.5122339129447937,,2,,no_aplica,,1.0,,1.0,,3.352128267288208
1:10_GAT_none_s43,43,1:10,GAT,none,PGExplainer,152223,False,0.0108197759836912,,2,,no_aplica,,1.0,,1.0,,3.351917266845703
1:10_GAT_none_s43,43,1:10,GAT,none,PGExplainer,152280,False,0.3454404175281524,,1,,no_aplica,,,menos_de_2_aristas,,menos_de_2_aristas,3.3520171642303467
1:10_GAT_none_s43,43,1:10,GAT,none,PGExplainer,153599,True,0.6525018215179443,,2,,no_aplica,,1.0,,1.0,,3.3523521423339844
1:10_GAT_none_s43,43,1:10,GAT,none,PGExplainer,155856,True,0.8968435525894165,,2,,no_aplica,,1.0,,1.0,,3.351691961288452
1:10_GAT_none_s43,43,1:10,GAT,none,PGExplainer,158611,False,0.0038780441973358,,3,,no_aplica,,1.0,,1.0,,3.3518991470336914
1:10_GAT_none_s43,43,1:10,GAT,none,PGExplainer,158949,True,0.5449675917625427,,2,,no_aplica,,-1.0,,0.6,,3.351792097091675
1:10_GAT_none_s43,43,1:10,GAT,none,PGExplainer,159862,False,0.0034238556399941,,0,,no_aplica,,,menos_de_2_aristas,,menos_de_2_aristas,3.351439952850342
1:10_GAT_none_s43,43,1:10,GAT,none,PGExplainer,161504,False,0.3891589045524597,,2,,no_aplica,,1.0,,0.4,,3.352391481399536
1:10_GAT_none_s43,43,1:10,GAT,none,PGExplainer,163852,False,0.4514661729335785,,2,,no_aplica,,-1.0,,0.6,,3.3516833782196045
1:10_GAT_none_s43,43,1:10,GAT,none,PGExplainer,165001,True,0.8649123311042786,,1,,no_aplica,,,menos_de_2_aristas,,menos_de_2_aristas,3.3518776893615723
1:10_GAT_none_s43,43,1:10,GAT,none,PGExplainer,168077,True,0.6658620238304138,,1,,no_aplica,,,menos_de_2_aristas,,menos_de_2_aristas,3.3519482612609863
1:10_GAT_none_s43,43,1:10,GAT,none,PGExplainer,168167,True,0.6396088600158691,,1,,no_aplica,,,menos_de_2_aristas,,menos_de_2_aristas,3.3519127368927
1:10_GAT_none_s43,43,1:10,GAT,none,PGExplainer,168250,True,0.7509365081787109,,1,,no_aplica,,,menos_de_2_aristas,,menos_de_2_aristas,3.3523340225219727
1:10_GAT_none_s43,43,1:10,GAT,none,PGExplainer,170168,False,0.1569104790687561,,2,,no_aplica,,1.0,,1.0,,3.351645946502685
1:10_GAT_none_s43,43,1:10,GAT,none,PGExplainer,170185,True,0.5420384407043457,,2,,no_aplica,,1.0,,0.4,,3.351677656173706
1:10_GAT_none_s43,43,1:10,GAT,none,PGExplainer,171111,False,0.0176775138825178,,2,,no_aplica,,1.0,,0.4,,3.351903915405273
1:10_GAT_none_s43,43,1:10,GAT,none,PGExplainer,171381,True,0.7873566746711731,,2,,no_aplica,,1.0,,0.4,,3.3517839908599854
1:10_GAT_none_s43,43,1:10,GAT,none,PGExplainer,172466,True,0.9671854376792908,,2,,no_aplica,,1.0,,1.0,,3.3524370193481445
1:10_GAT_none_s43,43,1:10,GAT,none,PGExplainer,172476,True,0.8112435340881348,,2,,no_aplica,,1.0,,1.0,,3.3517162799835205
1:10_GAT_none_s43,43,1:10,GAT,none,PGExplainer,172625,False,0.3360955417156219,,1,,no_aplica,,,menos_de_2_aristas,,menos_de_2_aristas,3.351881742477417
1:10_GAT_none_s43,43,1:10,GAT,none,PGExplainer,172800,False,0.0186826214194297,,1,,no_aplica,,,menos_de_2_aristas,,menos_de_2_aristas,3.352194309234619
1:10_GAT_none_s43,43,1:10,GAT,none,PGExplainer,173595,True,0.6090492010116577,,1,,no_aplica,,,menos_de_2_aristas,,menos_de_2_aristas,3.3519556522369385
1:10_GAT_none_s43,43,1:10,GAT,none,ShapleyFeatures,139670,False,0.1872028261423111,,0,0.9964382113821136,,0.934885692908804,,no_aplica,,no_aplica,0.8531486988067627
1:10_GAT_none_s43,43,1:10,GAT,none,ShapleyFeatures,139873,True,0.9255145788192748,,0,0.9981444599895756,,0.9817890098927592,,no_aplica,,no_aplica,0.8486638069152832
1:10_GAT_none_s43,43,1:10,GAT,none,ShapleyFeatures,140575,False,0.4829712510108948,,0,0.9751944741856152,,0.9224839970072326,,no_aplica,,no_aplica,0.851608395576477
1:10_GAT_none_s43,43,1:10,GAT,none,ShapleyFeatures,141068,False,0.4129496812820434,,0,0.99986829832184,,0.9998819519494556,,no_aplica,,no_aplica,0.8511191606521606
1:10_GAT_none_s43,43,1:10,GAT,none,ShapleyFeatures,148220,True,0.619332492351532,,0,0.9993374036351356,,0.9681710865408596,,no_aplica,,no_aplica,0.8444747924804688
1:10_GAT_none_s43,43,1:10,GAT,none,ShapleyFeatures,150129,False,0.0005734548904001,,0,,vector_constante,,,no_aplica,,no_aplica,0.6623712182044983
1:10_GAT_none_s43,43,1:10,GAT,none,ShapleyFeatures,150346,True,0.8299601674079895,,0,,vector_constante,,,no_aplica,,no_aplica,0.6617201566696167
1:10_GAT_none_s43,43,1:10,GAT,none,ShapleyFeatures,150528,True,0.5122339129447937,,0,0.9915527102005974,,0.8813517333111648,,no_aplica,,no_aplica,0.8491443991661072
1:10_GAT_none_s43,43,1:10,GAT,none,ShapleyFeatures,152223,False,0.0108197759836912,,0,0.9915611883795572,,0.8732986948208497,,no_aplica,,no_aplica,0.8492317199707031
1:10_GAT_none_s43,43,1:10,GAT,none,ShapleyFeatures,152280,False,0.3454404175281524,,0,0.99241689545057,,0.9496059522819852,,no_aplica,,no_aplica,0.8486083149909973
1:10_GAT_none_s43,43,1:10,GAT,none,ShapleyFeatures,153599,True,0.6525018215179443,,0,0.9982898018715822,,0.9689408928422978,,no_aplica,,no_aplica,0.8479454517364502
1:10_GAT_none_s43,43,1:10,GAT,none,ShapleyFeatures,155856,True,0.8968435525894165,,0,0.99437976383292,,0.9588527724665392,,no_aplica,,no_aplica,0.8548048734664917
1:10_GAT_none_s43,43,1:10,GAT,none,ShapleyFeatures,158611,False,0.0038780441973358,,0,0.990430679295417,,0.920391553745116,,no_aplica,,no_aplica,0.8510619401931763
1:10_GAT_none_s43,43,1:10,GAT,none,ShapleyFeatures,158949,True,0.5449675917625427,,0,0.9991271661199964,,0.915785185800981,,no_aplica,,no_aplica,0.8514897227287292
1:10_GAT_none_s43,43,1:10,GAT,none,ShapleyFeatures,159862,False,0.0034238556399941,,0,,vector_constante,,,no_aplica,,no_aplica,0.6655141115188599
1:10_GAT_none_s43,43,1:10,GAT,none,ShapleyFeatures,161504,False,0.3891589045524597,,0,0.9928375384500264,,0.91100008313243,,no_aplica,,no_aplica,0.8471359610557556
1:10_GAT_none_s43,43,1:10,GAT,none,ShapleyFeatures,163852,False,0.4514661729335785,,0,0.9953788974634048,,0.9279216892509768,,no_aplica,,no_aplica,0.8471292853355408
1:10_GAT_none_s43,43,1:10,GAT,none,ShapleyFeatures,165001,True,0.8649123311042786,,0,0.999003388986642,,0.9411804805054452,,no_aplica,,no_aplica,0.8486786484718323
1:10_GAT_none_s43,43,1:10,GAT,none,ShapleyFeatures,168077,True,0.6658620238304138,,0,0.984492447533752,,0.8497988195194945,,no_aplica,,no_aplica,0.8474887609481812
1:10_GAT_none_s43,43,1:10,GAT,none,ShapleyFeatures,168167,True,0.6396088600158691,,0,0.9996360810157006,,0.9999393133261286,,no_aplica,,no_aplica,0.8463633060455322
1:10_GAT_none_s43,43,1:10,GAT,none,ShapleyFeatures,168250,True,0.7509365081787109,,0,0.9900623907887316,,0.8107706376257378,,no_aplica,,no_aplica,0.8444592356681824
1:10_GAT_none_s43,43,1:10,GAT,none,ShapleyFeatures,170168,False,0.1569104790687561,,0,0.9957211202273946,,0.9304580596890848,,no_aplica,,no_aplica,0.8478905558586121
1:10_GAT_none_s43,43,1:10,GAT,none,ShapleyFeatures,170185,True,0.5420384407043457,,0,0.9995808424379854,,0.9681644359464624,,no_aplica,,no_aplica,0.852027177810669
1:10_GAT_none_s43,43,1:10,GAT,none,ShapleyFeatures,171111,False,0.0176775138825178,,0,0.994161139564477,,0.8485327126111896,,no_aplica,,no_aplica,0.8560044765472412
1:10_GAT_none_s43,43,1:10,GAT,none,ShapleyFeatures,171381,True,0.7873566746711731,,0,0.9912179357398704,,0.9200490481336772,,no_aplica,,no_aplica,0.850760281085968
1:10_GAT_none_s43,43,1:10,GAT,none,ShapleyFeatures,172466,True,0.9671854376792908,,0,0.998915295740596,,0.9817931665142574,,no_aplica,,no_aplica,0.8487922549247742
1:10_GAT_none_s43,43,1:10,GAT,none,ShapleyFeatures,172476,True,0.8112435340881348,,0,0.9922705919721816,,0.8275293041815612,,no_aplica,,no_aplica,0.8502967953681946
1:10_GAT_none_s43,43,1:10,GAT,none,ShapleyFeatures,172625,False,0.3360955417156219,,0,0.98520043276833,,0.7708870230276832,,no_aplica,,no_aplica,0.8522608876228333
1:10_GAT_none_s43,43,1:10,GAT,none,ShapleyFeatures,172800,False,0.0186826214194297,,0,0.9984201277602176,,0.935608113725164,,no_aplica,,no_aplica,0.854141891002655
1:10_GAT_none_s43,43,1:10,GAT,none,ShapleyFeatures,173595,True,0.6090492010116577,,0,0.9999350257602272,,0.9821946961509684,,no_aplica,,no_aplica,0.8537886142730713
1:10_os_GAT_focal_loss_s43,43,1:10_os,GAT,focal_loss,GNNExplainer,139670,False,0.0073363822884857,,1,0.9072260740772542,,0.7496491811455649,,menos_de_2_aristas,,menos_de_2_aristas,1.708919882774353
1:10_os_GAT_focal_loss_s43,43,1:10_os,GAT,focal_loss,GNNExplainer,139873,True,0.639226496219635,,1,0.95018268066762,,0.916523401779034,,menos_de_2_aristas,,menos_de_2_aristas,1.466973900794983
1:10_os_GAT_focal_loss_s43,43,1:10_os,GAT,focal_loss,GNNExplainer,140575,False,0.0684083178639411,,2,0.9250251775131704,,0.93746778618339,-0.1999999999999999,,0.4,,1.3627749681472778
1:10_os_GAT_focal_loss_s43,43,1:10_os,GAT,focal_loss,GNNExplainer,141068,False,0.2541472613811493,,1,0.9710064986341757,,0.8648250062349321,,menos_de_2_aristas,,menos_de_2_aristas,1.3496431112289429
1:10_os_GAT_focal_loss_s43,43,1:10_os,GAT,focal_loss,GNNExplainer,148220,True,0.6403993964195251,,2,0.975421462329719,,0.905667969074736,0.1999999999999999,,0.6,,1.354560375213623
1:10_os_GAT_focal_loss_s43,43,1:10_os,GAT,focal_loss,GNNExplainer,150129,False,0.0005417905631475,,0,0.8126919884067296,,0.3612536370438107,,menos_de_2_aristas,,menos_de_2_aristas,1.1889475584030151
1:10_os_GAT_focal_loss_s43,43,1:10_os,GAT,focal_loss,GNNExplainer,150346,True,0.8478333353996277,,0,0.9175004072907328,,0.530870396541691,,menos_de_2_aristas,,menos_de_2_aristas,1.187503695487976
1:10_os_GAT_focal_loss_s43,43,1:10_os,GAT,focal_loss,GNNExplainer,150528,False,0.0060118823312222,,2,0.9143368232461788,,0.9220492143985368,0.1999999999999999,,0.6,,1.3991832733154297
1:10_os_GAT_focal_loss_s43,43,1:10_os,GAT,focal_loss,GNNExplainer,152223,False,0.0825558379292488,,2,0.9692159767371684,,0.8827932496466872,0.9999999999999998,,1.0,,1.2859699726104736
1:10_os_GAT_focal_loss_s43,43,1:10_os,GAT,focal_loss,GNNExplainer,152280,False,0.0152919739484786,,1,0.8852696274918497,,0.8413841549588493,,menos_de_2_aristas,,menos_de_2_aristas,1.2942359447479248
1:10_os_GAT_focal_loss_s43,43,1:10_os,GAT,focal_loss,GNNExplainer,153599,True,0.7366139888763428,,2,0.971823757807664,,0.7672591237841881,-0.1999999999999999,,0.4,,1.329347848892212
1:10_os_GAT_focal_loss_s43,43,1:10_os,GAT,focal_loss,GNNExplainer,155856,False,0.0863256603479385,,2,0.9412648041705656,,0.8883016044558983,0.1999999999999999,,0.6,,1.4845037460327148
1:10_os_GAT_focal_loss_s43,43,1:10_os,GAT,focal_loss,GNNExplainer,158611,False,0.0231565497815608,,3,0.929385272864394,,0.8940818023110815,0.1,,0.5333333333333332,,1.2935640811920166
1:10_os_GAT_focal_loss_s43,43,1:10_os,GAT,focal_loss,GNNExplainer,158949,True,0.7756957411766052,,2,0.9567079778648836,,0.687474436777787,-0.1999999999999999,,0.4,,1.2989072799682615
1:10_os_GAT_focal_loss_s43,43,1:10_os,GAT,focal_loss,GNNExplainer,159862,False,0.0018478707643225,,0,0.8583397677054755,,0.3258799567711364,,menos_de_2_aristas,,menos_de_2_aristas,1.1804319620132446
1:10_os_GAT_focal_loss_s43,43,1:10_os,GAT,focal_loss,GNNExplainer,161504,True,0.6019176244735718,,2,0.9577339672409784,,0.8062199684096767,0.1999999999999999,,0.6,,1.2957475185394287
1:10_os_GAT_focal_loss_s43,43,1:10_os,GAT,focal_loss,GNNExplainer,163852,False,0.0132785458117723,,2,0.9538895491423194,,0.8375459306675535,0.1999999999999999,,0.6,,1.2930221557617188
1:10_os_GAT_focal_loss_s43,43,1:10_os,GAT,focal_loss,GNNExplainer,165001,False,0.1229504346847534,,1,0.9552446341623486,,0.9545282234599718,,menos_de_2_aristas,,menos_de_2_aristas,1.2840712070465088
1:10_os_GAT_focal_loss_s43,43,1:10_os,GAT,focal_loss,GNNExplainer,168077,False,0.3628699779510498,,1,0.8897361471930895,,0.756689666638956,,menos_de_2_aristas,,menos_de_2_aristas,1.4485106468200684
1:10_os_GAT_focal_loss_s43,43,1:10_os,GAT,focal_loss,GNNExplainer,168167,False,0.2724629640579223,,1,0.9751157697644484,,0.8488436278992436,,menos_de_2_aristas,,menos_de_2_aristas,1.306177020072937
1:10_os_GAT_focal_loss_s43,43,1:10_os,GAT,focal_loss,GNNExplainer,168250,False,0.0609262473881244,,1,0.9500818277125004,,0.9796874220633468,,menos_de_2_aristas,,menos_de_2_aristas,1.3155720233917236
1:10_os_GAT_focal_loss_s43,43,1:10_os,GAT,focal_loss,GNNExplainer,170168,True,0.5202195048332214,,2,0.9653930351044174,,0.8284977969906059,0.1999999999999999,,0.6,,1.3858304023742676
1:10_os_GAT_focal_loss_s43,43,1:10_os,GAT,focal_loss,GNNExplainer,170185,True,0.6661235094070435,,2,0.9740160125412912,,0.878649098013135,0.1999999999999999,,0.6,,1.3093376159667969
1:10_os_GAT_focal_loss_s43,43,1:10_os,GAT,focal_loss,GNNExplainer,171111,False,0.0062321424484252,,2,0.9108221824085996,,0.8482409177820267,0.1999999999999999,,0.6,,1.285857915878296
1:10_os_GAT_focal_loss_s43,43,1:10_os,GAT,focal_loss,GNNExplainer,171381,False,0.274042397737503,,2,0.9702356074917388,,0.8613467453653672,-0.1999999999999999,,0.4,,1.2846325635910034
1:10_os_GAT_focal_loss_s43,43,1:10_os,GAT,focal_loss,GNNExplainer,172466,True,0.836269199848175,,2,0.941157196114817,,0.7903491562058359,0.1999999999999999,,0.6,,1.2881642580032349
1:10_os_GAT_focal_loss_s43,43,1:10_os,GAT,focal_loss,GNNExplainer,172476,True,0.8769952654838562,,2,0.9395883259747888,,0.5865591487239172,0.1999999999999999,,0.6,,1.2847391366958618
1:10_os_GAT_focal_loss_s43,43,1:10_os,GAT,focal_loss,GNNExplainer,172625,False,0.0019343106541782,,1,0.9050175559682077,,0.4965067752930417,,menos_de_2_aristas,,menos_de_2_aristas,1.2892910242080688
1:10_os_GAT_focal_loss_s43,43,1:10_os,GAT,focal_loss,GNNExplainer,172800,False,0.0061021042056381,,1,0.9084829268292683,,0.7753977886773631,,menos_de_2_aristas,,menos_de_2_aristas,1.297088623046875
1:10_os_GAT_focal_loss_s43,43,1:10_os,GAT,focal_loss,GNNExplainer,173595,False,0.1487032026052475,,1,0.9465768143397372,,0.9365026186715438,,menos_de_2_aristas,,menos_de_2_aristas,1.2886934280395508
1:10_os_GAT_focal_loss_s43,43,1:10_os,GAT,focal_loss,PGExplainer,139670,False,0.0073363822884857,,1,,no_aplica,,,menos_de_2_aristas,,menos_de_2_aristas,3.3443729877471924
1:10_os_GAT_focal_loss_s43,43,1:10_os,GAT,focal_loss,PGExplainer,139873,True,0.639226496219635,,1,,no_aplica,,,menos_de_2_aristas,,menos_de_2_aristas,3.343867063522339
1:10_os_GAT_focal_loss_s43,43,1:10_os,GAT,focal_loss,PGExplainer,140575,False,0.0684083178639411,,2,,no_aplica,,-0.3333333333333333,,0.4,,3.3442282676696777
1:10_os_GAT_focal_loss_s43,43,1:10_os,GAT,focal_loss,PGExplainer,141068,False,0.2541472613811493,,1,,no_aplica,,,menos_de_2_aristas,,menos_de_2_aristas,3.3436381816864014
1:10_os_GAT_focal_loss_s43,43,1:10_os,GAT,focal_loss,PGExplainer,148220,True,0.6403993964195251,,2,,no_aplica,,1.0,,1.0,,3.343353271484375
1:10_os_GAT_focal_loss_s43,43,1:10_os,GAT,focal_loss,PGExplainer,150129,False,0.0005417905631475,,0,,no_aplica,,,menos_de_2_aristas,,menos_de_2_aristas,3.34301233291626
1:10_os_GAT_focal_loss_s43,43,1:10_os,GAT,focal_loss,PGExplainer,150346,True,0.8478333353996277,,0,,no_aplica,,,menos_de_2_aristas,,menos_de_2_aristas,3.3430392742156982
1:10_os_GAT_focal_loss_s43,43,1:10_os,GAT,focal_loss,PGExplainer,150528,False,0.0060118823312222,,2,,no_aplica,,-0.3333333333333333,,0.6,,3.3437514305114746
1:10_os_GAT_focal_loss_s43,43,1:10_os,GAT,focal_loss,PGExplainer,152223,False,0.0825558379292488,,2,,no_aplica,,-0.3333333333333333,,0.6,,3.343469858169556
1:10_os_GAT_focal_loss_s43,43,1:10_os,GAT,focal_loss,PGExplainer,152280,False,0.0152919739484786,,1,,no_aplica,,,menos_de_2_aristas,,menos_de_2_aristas,3.3433804512023926
1:10_os_GAT_focal_loss_s43,43,1:10_os,GAT,focal_loss,PGExplainer,153599,True,0.7366139888763428,,2,,no_aplica,,1.0,,1.0,,3.343656301498413
1:10_os_GAT_focal_loss_s43,43,1:10_os,GAT,focal_loss,PGExplainer,155856,False,0.0863256603479385,,2,,no_aplica,,-0.3333333333333333,,0.4,,3.3436532020568848
1:10_os_GAT_focal_loss_s43,43,1:10_os,GAT,focal_loss,PGExplainer,158611,False,0.0231565497815608,,3,,no_aplica,,0.0,,0.7333333333333333,,3.343625068664551
1:10_os_GAT_focal_loss_s43,43,1:10_os,GAT,focal_loss,PGExplainer,158949,True,0.7756957411766052,,2,,no_aplica,,-0.3333333333333333,,0.6,,3.343605756759644
1:10_os_GAT_focal_loss_s43,43,1:10_os,GAT,focal_loss,PGExplainer,159862,False,0.0018478707643225,,0,,no_aplica,,,menos_de_2_aristas,,menos_de_2_aristas,3.3427748680114746
1:10_os_GAT_focal_loss_s43,43,1:10_os,GAT,focal_loss,PGExplainer,161504,True,0.6019176244735718,,2,,no_aplica,,-0.3333333333333333,,0.4,,3.343636512756348
1:10_os_GAT_focal_loss_s43,43,1:10_os,GAT,focal_loss,PGExplainer,163852,False,0.0132785458117723,,2,,no_aplica,,1.0,,1.0,,3.343662977218628
1:10_os_GAT_focal_loss_s43,43,1:10_os,GAT,focal_loss,PGExplainer,165001,False,0.1229504346847534,,1,,no_aplica,,,menos_de_2_aristas,,menos_de_2_aristas,3.3433938026428223
1:10_os_GAT_focal_loss_s43,43,1:10_os,GAT,focal_loss,PGExplainer,168077,False,0.3628699779510498,,1,,no_aplica,,,menos_de_2_aristas,,menos_de_2_aristas,3.343517780303955
1:10_os_GAT_focal_loss_s43,43,1:10_os,GAT,focal_loss,PGExplainer,168167,False,0.2724629640579223,,1,,no_aplica,,,menos_de_2_aristas,,menos_de_2_aristas,3.3434817790985107
1:10_os_GAT_focal_loss_s43,43,1:10_os,GAT,focal_loss,PGExplainer,168250,False,0.0609262473881244,,1,,no_aplica,,,menos_de_2_aristas,,menos_de_2_aristas,3.3436644077301025
1:10_os_GAT_focal_loss_s43,43,1:10_os,GAT,focal_loss,PGExplainer,170168,True,0.5202195048332214,,2,,no_aplica,,-0.3333333333333333,,0.6,,3.343574285507202
1:10_os_GAT_focal_loss_s43,43,1:10_os,GAT,focal_loss,PGExplainer,170185,True,0.6661235094070435,,2,,no_aplica,,1.0,,0.4,,3.3435168266296387
1:10_os_GAT_focal_loss_s43,43,1:10_os,GAT,focal_loss,PGExplainer,171111,False,0.0062321424484252,,2,,no_aplica,,-0.3333333333333333,,0.6,,3.343570709228516
1:10_os_GAT_focal_loss_s43,43,1:10_os,GAT,focal_loss,PGExplainer,171381,False,0.274042397737503,,2,,no_aplica,,-0.3333333333333333,,0.4,,3.343491315841675
1:10_os_GAT_focal_loss_s43,43,1:10_os,GAT,focal_loss,PGExplainer,172466,True,0.836269199848175,,2,,no_aplica,,-0.3333333333333333,,0.6,,3.3436102867126465
1:10_os_GAT_focal_loss_s43,43,1:10_os,GAT,focal_loss,PGExplainer,172476,True,0.8769952654838562,,2,,no_aplica,,1.0,,1.0,,3.343601942062378
1:10_os_GAT_focal_loss_s43,43,1:10_os,GAT,focal_loss,PGExplainer,172625,False,0.0019343106541782,,1,,no_aplica,,,menos_de_2_aristas,,menos_de_2_aristas,3.343447208404541
1:10_os_GAT_focal_loss_s43,43,1:10_os,GAT,focal_loss,PGExplainer,172800,False,0.0061021042056381,,1,,no_aplica,,,menos_de_2_aristas,,menos_de_2_aristas,3.343546867370605
1:10_os_GAT_focal_loss_s43,43,1:10_os,GAT,focal_loss,PGExplainer,173595,False,0.1487032026052475,,1,,no_aplica,,,menos_de_2_aristas,,menos_de_2_aristas,3.343466758728028
1:10_os_GAT_focal_loss_s43,43,1:10_os,GAT,focal_loss,ShapleyFeatures,139670,False,0.0073363822884857,,0,0.9961422764227642,,0.8939122121539615,,no_aplica,,no_aplica,0.8397278785705566
1:10_os_GAT_focal_loss_s43,43,1:10_os,GAT,focal_loss,ShapleyFeatures,139873,True,0.639226496219635,,0,0.9981806710010148,,0.9351766564136672,,no_aplica,,no_aplica,0.8400425314903259
1:10_os_GAT_focal_loss_s43,43,1:10_os,GAT,focal_loss,ShapleyFeatures,140575,False,0.0684083178639411,,0,0.9848625532222928,,0.8832080804721922,,no_aplica,,no_aplica,0.8334794044494629
1:10_os_GAT_focal_loss_s43,43,1:10_os,GAT,focal_loss,ShapleyFeatures,141068,False,0.2541472613811493,,0,0.999367321720413,,0.9821273588827,,no_aplica,,no_aplica,0.8338579535484314
1:10_os_GAT_focal_loss_s43,43,1:10_os,GAT,focal_loss,ShapleyFeatures,148220,True,0.6403993964195251,,0,0.9995391367959032,,0.9635198270845456,,no_aplica,,no_aplica,0.8388470411300659
1:10_os_GAT_focal_loss_s43,43,1:10_os,GAT,focal_loss,ShapleyFeatures,150129,False,0.0005417905631475,,0,,vector_constante,,,no_aplica,,no_aplica,0.653211236000061
1:10_os_GAT_focal_loss_s43,43,1:10_os,GAT,focal_loss,ShapleyFeatures,150346,True,0.8478333353996277,,0,,vector_constante,,,no_aplica,,no_aplica,0.6531031727790833
1:10_os_GAT_focal_loss_s43,43,1:10_os,GAT,focal_loss,ShapleyFeatures,150528,False,0.0060118823312222,,0,0.9918042395788876,,0.9225396957353064,,no_aplica,,no_aplica,0.8348212838172913
1:10_os_GAT_focal_loss_s43,43,1:10_os,GAT,focal_loss,ShapleyFeatures,152223,False,0.0825558379292488,,0,0.9843228266534988,,0.7188078809543603,,no_aplica,,no_aplica,0.8375139236450195
1:10_os_GAT_focal_loss_s43,43,1:10_os,GAT,focal_loss,ShapleyFeatures,152280,False,0.0152919739484786,,0,0.989722668675994,,0.933453321140577,,no_aplica,,no_aplica,0.8407002687454224
1:10_os_GAT_focal_loss_s43,43,1:10_os,GAT,focal_loss,ShapleyFeatures,153599,True,0.7366139888763428,,0,0.9992985409652076,,0.9733552248732232,,no_aplica,,no_aplica,0.8344812989234924
1:10_os_GAT_focal_loss_s43,43,1:10_os,GAT,focal_loss,ShapleyFeatures,155856,False,0.0863256603479385,,0,0.9862346878590218,,0.9072865574860752,,no_aplica,,no_aplica,0.8334699869155884
1:10_os_GAT_focal_loss_s43,43,1:10_os,GAT,focal_loss,ShapleyFeatures,158611,False,0.0231565497815608,,0,0.9966534292362732,,0.944966331365866,,no_aplica,,no_aplica,0.8360061049461365
1:10_os_GAT_focal_loss_s43,43,1:10_os,GAT,focal_loss,ShapleyFeatures,158949,True,0.7756957411766052,,0,0.9990720153261152,,0.9158633302851444,,no_aplica,,no_aplica,0.8391603231430054
1:10_os_GAT_focal_loss_s43,43,1:10_os,GAT,focal_loss,ShapleyFeatures,159862,False,0.0018478707643225,,0,,vector_constante,,,no_aplica,,no_aplica,0.6632825136184692
1:10_os_GAT_focal_loss_s43,43,1:10_os,GAT,focal_loss,ShapleyFeatures,161504,True,0.6019176244735718,,0,0.9818702947991248,,0.8718987447003077,,no_aplica,,no_aplica,0.8470335602760315
1:10_os_GAT_focal_loss_s43,43,1:10_os,GAT,focal_loss,ShapleyFeatures,163852,False,0.0132785458117723,,0,0.9964635775340004,,0.9285884113392636,,no_aplica,,no_aplica,0.8397430181503296
1:10_os_GAT_focal_loss_s43,43,1:10_os,GAT,focal_loss,ShapleyFeatures,165001,False,0.1229504346847534,,0,0.997042981855626,,0.9305029512012636,,no_aplica,,no_aplica,0.8341314792633057
1:10_os_GAT_focal_loss_s43,43,1:10_os,GAT,focal_loss,ShapleyFeatures,168077,False,0.3628699779510498,,0,0.9885293409971928,,0.8202394213982874,,no_aplica,,no_aplica,0.842241108417511
1:10_os_GAT_focal_loss_s43,43,1:10_os,GAT,focal_loss,ShapleyFeatures,168167,False,0.2724629640579223,,0,0.9989968248773888,,0.9222994430127192,,no_aplica,,no_aplica,0.8405749201774597
1:10_os_GAT_focal_loss_s43,43,1:10_os,GAT,focal_loss,ShapleyFeatures,168250,False,0.0609262473881244,,0,0.9834437086092715,,0.7450544517416244,,no_aplica,,no_aplica,0.843015730381012
1:10_os_GAT_focal_loss_s43,43,1:10_os,GAT,focal_loss,ShapleyFeatures,170168,True,0.5202195048332214,,0,0.9969856006588896,,0.9687471942804888,,no_aplica,,no_aplica,0.8374769687652588
1:10_os_GAT_focal_loss_s43,43,1:10_os,GAT,focal_loss,ShapleyFeatures,170185,True,0.6661235094070435,,0,0.9985979408598455,,0.9630310083963756,,no_aplica,,no_aplica,0.8398831486701965
1:10_os_GAT_focal_loss_s43,43,1:10_os,GAT,focal_loss,ShapleyFeatures,171111,False,0.0062321424484252,,0,0.995495112500108,,0.9806924931415748,,no_aplica,,no_aplica,0.8425942063331604
1:10_os_GAT_focal_loss_s43,43,1:10_os,GAT,focal_loss,ShapleyFeatures,171381,False,0.274042397737503,,0,0.9963304194087024,,0.937781195444343,,no_aplica,,no_aplica,0.8415470123291016
1:10_os_GAT_focal_loss_s43,43,1:10_os,GAT,focal_loss,ShapleyFeatures,172466,True,0.836269199848175,,0,0.9989779236588244,,0.9997813617092028,,no_aplica,,no_aplica,0.8388020992279053
1:10_os_GAT_focal_loss_s43,43,1:10_os,GAT,focal_loss,ShapleyFeatures,172476,True,0.8769952654838562,,0,0.9919103264958122,,0.8690290132180563,,no_aplica,,no_aplica,0.8363221883773804
1:10_os_GAT_focal_loss_s43,43,1:10_os,GAT,focal_loss,ShapleyFeatures,172625,False,0.0019343106541782,,0,0.9837700779537826,,0.6788577604123369,,no_aplica,,no_aplica,0.8475475311279297
1:10_os_GAT_focal_loss_s43,43,1:10_os,GAT,focal_loss,ShapleyFeatures,172800,False,0.0061021042056381,,0,0.9986055946547844,,0.9998694820849614,,no_aplica,,no_aplica,0.8364750146865845
1:10_os_GAT_focal_loss_s43,43,1:10_os,GAT,focal_loss,ShapleyFeatures,173595,False,0.1487032026052475,,0,0.9988600114571714,,0.9687205919029014,,no_aplica,,no_aplica,0.8376012444496155
1:10_os_GAT_none_s43,43,1:10_os,GAT,none,GNNExplainer,139670,False,0.1193111613392829,,1,0.9033633670698592,,0.7945523318646603,,menos_de_2_aristas,,menos_de_2_aristas,1.2991914749145508
1:10_os_GAT_none_s43,43,1:10_os,GAT,none,GNNExplainer,139873,True,0.9149120450019836,,1,0.9504395839153372,,0.9317482750020784,,menos_de_2_aristas,,menos_de_2_aristas,1.3098793029785156
1:10_os_GAT_none_s43,43,1:10_os,GAT,none,GNNExplainer,140575,False,0.4202916920185089,,2,0.9040213136175236,,0.9510973480754844,0.1999999999999999,,0.6,,1.3701258897781372
1:10_os_GAT_none_s43,43,1:10_os,GAT,none,GNNExplainer,141068,True,0.5104274153709412,,1,0.9567299761931224,,0.8685086042065009,,menos_de_2_aristas,,menos_de_2_aristas,1.3245142698287964
1:10_os_GAT_none_s43,43,1:10_os,GAT,none,GNNExplainer,148220,True,0.5567573308944702,,2,0.9389749791492912,,0.6476199185302187,0.1999999999999999,,0.6,,1.3250609636306765
1:10_os_GAT_none_s43,43,1:10_os,GAT,none,GNNExplainer,150129,False,0.0004770130908582,,0,0.8079231213358113,,0.2665782691828082,,menos_de_2_aristas,,menos_de_2_aristas,1.328528642654419
1:10_os_GAT_none_s43,43,1:10_os,GAT,none,GNNExplainer,150346,True,0.8001550436019897,,0,0.9413038480219372,,0.861144733560562,,menos_de_2_aristas,,menos_de_2_aristas,1.2093448638916016
1:10_os_GAT_none_s43,43,1:10_os,GAT,none,GNNExplainer,150528,False,0.4624306857585907,,2,0.9441044734337384,,0.8015612270346661,0.1999999999999999,,0.6,,1.2980934381484983
1:10_os_GAT_none_s43,43,1:10_os,GAT,none,GNNExplainer,152223,False,0.0177130121737718,,2,0.972744630071599,,0.8473073405935656,0.9999999999999998,,1.0,,1.294835329055786
1:10_os_GAT_none_s43,43,1:10_os,GAT,none,GNNExplainer,152280,False,0.2794003188610077,,1,0.9217903906792796,,0.8583905561559566,,menos_de_2_aristas,,menos_de_2_aristas,1.2829333543777466
1:10_os_GAT_none_s43,43,1:10_os,GAT,none,GNNExplainer,153599,True,0.6802282929420471,,2,0.9764709357942714,,0.8954210657577522,0.1999999999999999,,0.6,,1.2966006994247437
1:10_os_GAT_none_s43,43,1:10_os,GAT,none,GNNExplainer,155856,True,0.8538680672645569,,2,0.9536936238470796,,0.915352897165184,-0.1999999999999999,,0.4,,1.3000608682632446
1:10_os_GAT_none_s43,43,1:10_os,GAT,none,GNNExplainer,158611,False,0.0043661221861839,,3,0.9026462738218132,,0.6909252639454652,0.1,,0.5333333333333332,,1.3067113161087036
1:10_os_GAT_none_s43,43,1:10_os,GAT,none,GNNExplainer,158949,True,0.6360520124435425,,2,0.981810006917224,,0.9400357469448832,-0.1999999999999999,,0.4,,1.304863452911377
1:10_os_GAT_none_s43,43,1:10_os,GAT,none,GNNExplainer,159862,False,0.0026314959395676,,0,0.865309499522836,,0.3641341757419569,,menos_de_2_aristas,,menos_de_2_aristas,1.1919406652450562
1:10_os_GAT_none_s43,43,1:10_os,GAT,none,GNNExplainer,161504,False,0.3144063651561737,,2,0.9315316759882378,,0.92151051625239,-0.1999999999999999,,0.4,,1.2960999011993408
1:10_os_GAT_none_s43,43,1:10_os,GAT,none,GNNExplainer,163852,False,0.3932636976242065,,2,0.9727957572801532,,0.8951517166846787,0.1999999999999999,,0.6,,1.2947672605514526
1:10_os_GAT_none_s43,43,1:10_os,GAT,none,GNNExplainer,165001,True,0.8031719326972961,,1,0.9685733874559976,,0.9194588078809544,,menos_de_2_aristas,,menos_de_2_aristas,1.3110562562942505
1:10_os_GAT_none_s43,43,1:10_os,GAT,none,GNNExplainer,168077,True,0.6649768352508545,,1,0.9100746228765088,,0.7511605287222546,,menos_de_2_aristas,,menos_de_2_aristas,1.3099231719970703
1:10_os_GAT_none_s43,43,1:10_os,GAT,none,GNNExplainer,168167,True,0.6877619624137878,,1,0.9482438102880452,,0.8436054534874055,,menos_de_2_aristas,,menos_de_2_aristas,1.3030543327331543
1:10_os_GAT_none_s43,43,1:10_os,GAT,none,GNNExplainer,168250,True,0.6485822200775146,,1,0.9529056326330552,,0.935880788095436,,menos_de_2_aristas,,menos_de_2_aristas,1.2999058961868286
1:10_os_GAT_none_s43,43,1:10_os,GAT,none,GNNExplainer,170168,False,0.1464957594871521,,2,0.9753280891327472,,0.7769349073073405,0.1999999999999999,,0.6,,1.289635419845581
1:10_os_GAT_none_s43,43,1:10_os,GAT,none,GNNExplainer,170185,True,0.6100063323974609,,2,0.9779351660041432,,0.7646994762656913,0.1999999999999999,,0.6,,1.3045334815979004
1:10_os_GAT_none_s43,43,1:10_os,GAT,none,GNNExplainer,171111,False,0.0139847565442323,,2,0.9331851520071665,,0.8858076315570704,0.1999999999999999,,0.6,,1.2964344024658203
1:10_os_GAT_none_s43,43,1:10_os,GAT,none,GNNExplainer,171381,True,0.7516180872917175,,2,0.938508283598308,,0.8415820101421565,0.1999999999999999,,0.6,,1.3107588291168213
1:10_os_GAT_none_s43,43,1:10_os,GAT,none,GNNExplainer,172466,True,0.957000732421875,,2,0.9646864603707976,,0.8627616593233022,0.1999999999999999,,0.6,,1.2992613315582275
1:10_os_GAT_none_s43,43,1:10_os,GAT,none,GNNExplainer,172476,True,0.8128869533538818,,2,0.9640190614339648,,0.7108146978136171,-0.1999999999999999,,0.4,,1.3047709465026855
1:10_os_GAT_none_s43,43,1:10_os,GAT,none,GNNExplainer,172625,False,0.2633680701255798,,1,0.9389961601454871,,0.8777737135256464,,menos_de_2_aristas,,menos_de_2_aristas,1.3129531145095823
1:10_os_GAT_none_s43,43,1:10_os,GAT,none,GNNExplainer,172800,False,0.0167320612818002,,1,0.9035642276422764,,0.7753445839221882,,menos_de_2_aristas,,menos_de_2_aristas,1.2964701652526855
1:10_os_GAT_none_s43,43,1:10_os,GAT,none,GNNExplainer,173595,True,0.6381217241287231,,1,0.923197373844007,,0.8336578269182808,,menos_de_2_aristas,,menos_de_2_aristas,1.308274507522583
1:10_os_GAT_none_s43,43,1:10_os,GAT,none,PGExplainer,139670,False,0.1193111613392829,,1,,no_aplica,,,menos_de_2_aristas,,menos_de_2_aristas,3.3388657569885254
1:10_os_GAT_none_s43,43,1:10_os,GAT,none,PGExplainer,139873,True,0.9149120450019836,,1,,no_aplica,,,menos_de_2_aristas,,menos_de_2_aristas,3.3390798568725586
1:10_os_GAT_none_s43,43,1:10_os,GAT,none,PGExplainer,140575,False,0.4202916920185089,,2,,no_aplica,,1.0,,0.4,,3.3390214443206787
1:10_os_GAT_none_s43,43,1:10_os,GAT,none,PGExplainer,141068,True,0.5104274153709412,,1,,no_aplica,,,menos_de_2_aristas,,menos_de_2_aristas,3.338763952255249
1:10_os_GAT_none_s43,43,1:10_os,GAT,none,PGExplainer,148220,True,0.5567573308944702,,2,,no_aplica,,1.0,,1.0,,3.338427782058716
1:10_os_GAT_none_s43,43,1:10_os,GAT,none,PGExplainer,150129,False,0.0004770130908582,,0,,no_aplica,,,menos_de_2_aristas,,menos_de_2_aristas,3.337881088256836
1:10_os_GAT_none_s43,43,1:10_os,GAT,none,PGExplainer,150346,True,0.8001550436019897,,0,,no_aplica,,,menos_de_2_aristas,,menos_de_2_aristas,3.3379414081573486
1:10_os_GAT_none_s43,43,1:10_os,GAT,none,PGExplainer,150528,False,0.4624306857585907,,2,,no_aplica,,1.0,,1.0,,3.33888840675354
1:10_os_GAT_none_s43,43,1:10_os,GAT,none,PGExplainer,152223,False,0.0177130121737718,,2,,no_aplica,,1.0,,1.0,,3.3386659622192383
1:10_os_GAT_none_s43,43,1:10_os,GAT,none,PGExplainer,152280,False,0.2794003188610077,,1,,no_aplica,,,menos_de_2_aristas,,menos_de_2_aristas,3.3386058807373047
1:10_os_GAT_none_s43,43,1:10_os,GAT,none,PGExplainer,153599,True,0.6802282929420471,,2,,no_aplica,,1.0,,1.0,,3.338744878768921
1:10_os_GAT_none_s43,43,1:10_os,GAT,none,PGExplainer,155856,True,0.8538680672645569,,2,,no_aplica,,1.0,,1.0,,3.338839054107666
1:10_os_GAT_none_s43,43,1:10_os,GAT,none,PGExplainer,158611,False,0.0043661221861839,,3,,no_aplica,,1.0,,1.0,,3.338675022125244
1:10_os_GAT_none_s43,43,1:10_os,GAT,none,PGExplainer,158949,True,0.6360520124435425,,2,,no_aplica,,-1.0,,0.6,,3.338794231414795
1:10_os_GAT_none_s43,43,1:10_os,GAT,none,PGExplainer,159862,False,0.0026314959395676,,0,,no_aplica,,,menos_de_2_aristas,,menos_de_2_aristas,3.337851524353028
1:10_os_GAT_none_s43,43,1:10_os,GAT,none,PGExplainer,161504,False,0.3144063651561737,,2,,no_aplica,,1.0,,0.4,,3.3386425971984863
1:10_os_GAT_none_s43,43,1:10_os,GAT,none,PGExplainer,163852,False,0.3932636976242065,,2,,no_aplica,,-1.0,,0.6,,3.3386693000793457
1:10_os_GAT_none_s43,43,1:10_os,GAT,none,PGExplainer,165001,True,0.8031719326972961,,1,,no_aplica,,,menos_de_2_aristas,,menos_de_2_aristas,3.339128255844116
1:10_os_GAT_none_s43,43,1:10_os,GAT,none,PGExplainer,168077,True,0.6649768352508545,,1,,no_aplica,,,menos_de_2_aristas,,menos_de_2_aristas,3.3387248516082764
1:10_os_GAT_none_s43,43,1:10_os,GAT,none,PGExplainer,168167,True,0.6877619624137878,,1,,no_aplica,,,menos_de_2_aristas,,menos_de_2_aristas,3.338528871536255
1:10_os_GAT_none_s43,43,1:10_os,GAT,none,PGExplainer,168250,True,0.6485822200775146,,1,,no_aplica,,,menos_de_2_aristas,,menos_de_2_aristas,3.3389194011688232
1:10_os_GAT_none_s43,43,1:10_os,GAT,none,PGExplainer,170168,False,0.1464957594871521,,2,,no_aplica,,1.0,,1.0,,3.33909273147583
1:10_os_GAT_none_s43,43,1:10_os,GAT,none,PGExplainer,170185,True,0.6100063323974609,,2,,no_aplica,,1.0,,0.4,,3.339325189590454
1:10_os_GAT_none_s43,43,1:10_os,GAT,none,PGExplainer,171111,False,0.0139847565442323,,2,,no_aplica,,1.0,,0.4,,3.33882999420166
1:10_os_GAT_none_s43,43,1:10_os,GAT,none,PGExplainer,171381,True,0.7516180872917175,,2,,no_aplica,,1.0,,0.4,,3.338529109954834
1:10_os_GAT_none_s43,43,1:10_os,GAT,none,PGExplainer,172466,True,0.957000732421875,,2,,no_aplica,,1.0,,1.0,,3.3389487266540527
1:10_os_GAT_none_s43,43,1:10_os,GAT,none,PGExplainer,172476,True,0.8128869533538818,,2,,no_aplica,,1.0,,1.0,,3.3385140895843506
1:10_os_GAT_none_s43,43,1:10_os,GAT,none,PGExplainer,172625,False,0.2633680701255798,,1,,no_aplica,,,menos_de_2_aristas,,menos_de_2_aristas,3.339340925216675
1:10_os_GAT_none_s43,43,1:10_os,GAT,none,PGExplainer,172800,False,0.0167320612818002,,1,,no_aplica,,,menos_de_2_aristas,,menos_de_2_aristas,3.338706970214844
1:10_os_GAT_none_s43,43,1:10_os,GAT,none,PGExplainer,173595,True,0.6381217241287231,,1,,no_aplica,,,menos_de_2_aristas,,menos_de_2_aristas,3.338470935821533
1:10_os_GAT_none_s43,43,1:10_os,GAT,none,ShapleyFeatures,139670,False,0.1193111613392829,,0,0.9956907859078592,,0.9493316152631142,,no_aplica,,no_aplica,0.8381208777427673
1:10_os_GAT_none_s43,43,1:10_os,GAT,none,ShapleyFeatures,139873,True,0.9149120450019836,,0,0.997789482347132,,0.9814489982542188,,no_aplica,,no_aplica,0.8346633315086365
1:10_os_GAT_none_s43,43,1:10_os,GAT,none,ShapleyFeatures,140575,False,0.4202916920185089,,0,0.9742258588426198,,0.9147252473189792,,no_aplica,,no_aplica,0.8309420347213745
1:10_os_GAT_none_s43,43,1:10_os,GAT,none,ShapleyFeatures,141068,True,0.5104274153709412,,0,0.9997279866066092,,0.9495718679857011,,no_aplica,,no_aplica,0.8447601795196533
1:10_os_GAT_none_s43,43,1:10_os,GAT,none,ShapleyFeatures,148220,True,0.5567573308944702,,0,0.9994209667435708,,0.9822345997173498,,no_aplica,,no_aplica,0.8360738754272461
1:10_os_GAT_none_s43,43,1:10_os,GAT,none,ShapleyFeatures,150129,False,0.0004770130908582,,0,,vector_constante,,,no_aplica,,no_aplica,0.6562786102294922
1:10_os_GAT_none_s43,43,1:10_os,GAT,none,ShapleyFeatures,150346,True,0.8001550436019897,,0,,vector_constante,,,no_aplica,,no_aplica,0.6496570110321045
1:10_os_GAT_none_s43,43,1:10_os,GAT,none,ShapleyFeatures,150528,False,0.4624306857585907,,0,0.9917313984919618,,0.8574029428880205,,no_aplica,,no_aplica,0.8358162641525269
1:10_os_GAT_none_s43,43,1:10_os,GAT,none,ShapleyFeatures,152223,False,0.0177130121737718,,0,0.991944970235646,,0.883483248815363,,no_aplica,,no_aplica,0.8395494222640991
1:10_os_GAT_none_s43,43,1:10_os,GAT,none,ShapleyFeatures,152280,False,0.2794003188610077,,0,0.9924176566400152,,0.9482517249979217,,no_aplica,,no_aplica,0.840673565864563
1:10_os_GAT_none_s43,43,1:10_os,GAT,none,ShapleyFeatures,153599,True,0.6802282929420471,,0,0.9990542650611832,,0.9687056280655084,,no_aplica,,no_aplica,0.8309977650642395
1:10_os_GAT_none_s43,43,1:10_os,GAT,none,ShapleyFeatures,155856,True,0.8538680672645569,,0,0.9915842239641774,,0.9487920857926676,,no_aplica,,no_aplica,0.8304721713066101
1:10_os_GAT_none_s43,43,1:10_os,GAT,none,ShapleyFeatures,158611,False,0.0043661221861839,,0,0.9907221338635616,,0.9186989774711114,,no_aplica,,no_aplica,0.8409180045127869
1:10_os_GAT_none_s43,43,1:10_os,GAT,none,ShapleyFeatures,158949,True,0.6360520124435425,,0,0.9985713041711414,,0.8851525480089781,,no_aplica,,no_aplica,0.8329403400421143
1:10_os_GAT_none_s43,43,1:10_os,GAT,none,ShapleyFeatures,159862,False,0.0026314959395676,,0,,vector_constante,,,no_aplica,,no_aplica,0.6576562523841858
1:10_os_GAT_none_s43,43,1:10_os,GAT,none,ShapleyFeatures,161504,False,0.3144063651561737,,0,0.9918781251085688,,0.9078909302518912,,no_aplica,,no_aplica,0.8393988609313965
1:10_os_GAT_none_s43,43,1:10_os,GAT,none,ShapleyFeatures,163852,False,0.3932636976242065,,0,0.9951568674948956,,0.9135904896500124,,no_aplica,,no_aplica,0.8315129280090332
1:10_os_GAT_none_s43,43,1:10_os,GAT,none,ShapleyFeatures,165001,True,0.8031719326972961,,0,0.9988180979807524,,0.949878626652257,,no_aplica,,no_aplica,0.8363173604011536
1:10_os_GAT_none_s43,43,1:10_os,GAT,none,ShapleyFeatures,168077,True,0.6649768352508545,,0,0.985426279909103,,0.8418696483498213,,no_aplica,,no_aplica,0.8379569053649902
1:10_os_GAT_none_s43,43,1:10_os,GAT,none,ShapleyFeatures,168167,True,0.6877619624137878,,0,0.999752027296745,,0.968523568043894,,no_aplica,,no_aplica,0.8357704877853394
1:10_os_GAT_none_s43,43,1:10_os,GAT,none,ShapleyFeatures,168250,True,0.6485822200775146,,0,0.9888986574203412,,0.7887006401197107,,no_aplica,,no_aplica,0.8344213366508484
1:10_os_GAT_none_s43,43,1:10_os,GAT,none,ShapleyFeatures,170168,False,0.1464957594871521,,0,0.993840627593904,,0.9267353894754344,,no_aplica,,no_aplica,0.8337901830673218
1:10_os_GAT_none_s43,43,1:10_os,GAT,none,ShapleyFeatures,170185,True,0.6100063323974609,,0,0.9995789810749102,,0.954455066921606,,no_aplica,,no_aplica,0.8422932624816895
1:10_os_GAT_none_s43,43,1:10_os,GAT,none,ShapleyFeatures,171111,False,0.0139847565442323,,0,0.9940100478839984,,0.8204854933909719,,no_aplica,,no_aplica,0.8346697092056274
1:10_os_GAT_none_s43,43,1:10_os,GAT,none,ShapleyFeatures,171381,True,0.7516180872917175,,0,0.9919149115298806,,0.8872549671626903,,no_aplica,,no_aplica,0.8354432582855225
1:10_os_GAT_none_s43,43,1:10_os,GAT,none,ShapleyFeatures,172466,True,0.957000732421875,,0,0.9988213538632538,,0.9818713109984204,,no_aplica,,no_aplica,0.8384778499603271
1:10_os_GAT_none_s43,43,1:10_os,GAT,none,ShapleyFeatures,172476,True,0.8128869533538818,,0,0.9909081030476288,,0.837344750187048,,no_aplica,,no_aplica,0.8357652425765991
1:10_os_GAT_none_s43,43,1:10_os,GAT,none,ShapleyFeatures,172625,False,0.2633680701255798,,0,0.9829852692318362,,0.7683564718596725,,no_aplica,,no_aplica,0.8351624608039856
1:10_os_GAT_none_s43,43,1:10_os,GAT,none,ShapleyFeatures,172800,False,0.0167320612818002,,0,0.9989506200128202,,0.9253354393548924,,no_aplica,,no_aplica,0.8327882289886475
1:10_os_GAT_none_s43,43,1:10_os,GAT,none,ShapleyFeatures,173595,True,0.6381217241287231,,0,0.9999258298911567,,0.9999218555158368,,no_aplica,,no_aplica,0.831108808517456
native_TAGCN_class_weighting_s43,43,native,TAGCN,class_weighting,GNNExplainer,139670,False,0.4920063316822052,,0,0.9759649352348556,,0.8782317732147311,,menos_de_2_aristas,,menos_de_2_aristas,1.7913837432861328
native_TAGCN_class_weighting_s43,43,native,TAGCN,class_weighting,GNNExplainer,139873,True,0.8706750869750977,,0,0.96203237547063,,0.8544874885692909,,menos_de_2_aristas,,menos_de_2_aristas,1.5349596738815308
native_TAGCN_class_weighting_s43,43,native,TAGCN,class_weighting,GNNExplainer,140575,True,0.9561397433280944,,1,0.9557674796701262,,0.916534208994929,,menos_de_2_aristas,,menos_de_2_aristas,1.5491727590560913
native_TAGCN_class_weighting_s43,43,native,TAGCN,class_weighting,GNNExplainer,141068,True,0.9644554853439332,,0,0.9363861669731962,,0.7571277745448499,,menos_de_2_aristas,,menos_de_2_aristas,1.5843664407730105
native_TAGCN_class_weighting_s43,43,native,TAGCN,class_weighting,GNNExplainer,148220,True,0.9950503706932068,,1,0.9372193606181064,,0.7203134092609528,,menos_de_2_aristas,,menos_de_2_aristas,1.6909525394439695
native_TAGCN_class_weighting_s43,43,native,TAGCN,class_weighting,GNNExplainer,150129,False,0.0469296611845493,,0,0.956994884139108,,0.8887580014963838,,menos_de_2_aristas,,menos_de_2_aristas,1.3686561584472656
native_TAGCN_class_weighting_s43,43,native,TAGCN,class_weighting,GNNExplainer,150346,False,0.2481611520051956,,0,0.9737193180658944,,0.8613259622578768,,menos_de_2_aristas,,menos_de_2_aristas,1.3368561267852783
native_TAGCN_class_weighting_s43,43,native,TAGCN,class_weighting,GNNExplainer,150528,True,0.9386124014854432,,2,0.9765298695481776,,0.7537933327791171,0.1999999999999999,,0.6,,1.7327982187271118
native_TAGCN_class_weighting_s43,43,native,TAGCN,class_weighting,GNNExplainer,152223,False,0.0288556031882762,,1,0.9799467918622848,,0.8742879707373847,,menos_de_2_aristas,,menos_de_2_aristas,1.6348543167114258
native_TAGCN_class_weighting_s43,43,native,TAGCN,class_weighting,GNNExplainer,152280,True,0.96467787027359,,0,0.9554159079806368,,0.9492966996425306,,menos_de_2_aristas,,menos_de_2_aristas,1.576229453086853
native_TAGCN_class_weighting_s43,43,native,TAGCN,class_weighting,GNNExplainer,153599,False,0.0419103316962718,,9,0.9917475504467635,,0.8588411339263446,-0.1033333333333333,,0.8,,1.6014728546142578
native_TAGCN_class_weighting_s43,43,native,TAGCN,class_weighting,GNNExplainer,155856,True,0.856282114982605,,1,0.9674274547596102,,0.7896699642530551,,menos_de_2_aristas,,menos_de_2_aristas,1.6002278327941897
native_TAGCN_class_weighting_s43,43,native,TAGCN,class_weighting,GNNExplainer,158611,False,0.0001182569030788,,1,0.6154231563145054,,0.2373256297281569,,menos_de_2_aristas,,menos_de_2_aristas,1.7009347677230835
native_TAGCN_class_weighting_s43,43,native,TAGCN,class_weighting,GNNExplainer,158949,True,0.9304041862487792,,1,0.9728052225040352,,0.8673006899991688,,menos_de_2_aristas,,menos_de_2_aristas,1.585632085800171
native_TAGCN_class_weighting_s43,43,native,TAGCN,class_weighting,GNNExplainer,159862,False,0.0150474971160292,,0,0.9383241161263536,,0.880342505611439,,menos_de_2_aristas,,menos_de_2_aristas,1.4605768918991089
native_TAGCN_class_weighting_s43,43,native,TAGCN,class_weighting,GNNExplainer,161504,True,0.9967913031578064,,2,0.959937678219714,,0.8037027184304597,-0.1999999999999999,,0.4,,1.74292254447937
native_TAGCN_class_weighting_s43,43,native,TAGCN,class_weighting,GNNExplainer,163852,False,0.2218445539474487,,3,0.989084613957834,,0.8502219635879957,0.1,,0.5999999999999999,,1.755875587463379
native_TAGCN_class_weighting_s43,43,native,TAGCN,class_weighting,GNNExplainer,165001,True,0.7198251485824585,,0,0.9763714272120656,,0.9396051209576856,,menos_de_2_aristas,,menos_de_2_aristas,1.6936005353927612
native_TAGCN_class_weighting_s43,43,native,TAGCN,class_weighting,GNNExplainer,168077,True,0.7532366514205933,,0,0.97105537081489,,0.9619727325629728,,menos_de_2_aristas,,menos_de_2_aristas,1.8496522903442385
native_TAGCN_class_weighting_s43,43,native,TAGCN,class_weighting,GNNExplainer,168167,True,0.8963252902030945,,0,0.9419726988619612,,0.8835106825172498,,menos_de_2_aristas,,menos_de_2_aristas,1.6204644441604614
native_TAGCN_class_weighting_s43,43,native,TAGCN,class_weighting,GNNExplainer,168250,False,0.0065509602427482,,0,0.9371378844711178,,0.8505752764153296,,menos_de_2_aristas,,menos_de_2_aristas,1.5441434383392334
native_TAGCN_class_weighting_s43,43,native,TAGCN,class_weighting,GNNExplainer,170168,False,0.0041400464251637,,4,0.9927165071505936,,0.9025662981128936,0.0799999999999999,,0.65,,1.5939844846725464
native_TAGCN_class_weighting_s43,43,native,TAGCN,class_weighting,GNNExplainer,170185,False,0.4980423152446747,,1,0.986209418124911,,0.8091578684844958,,menos_de_2_aristas,,menos_de_2_aristas,1.5755964517593384
native_TAGCN_class_weighting_s43,43,native,TAGCN,class_weighting,GNNExplainer,171111,False,0.1298798322677612,,58,0.9847690336989204,,0.891346745365367,0.0787904887877203,,0.2633675464320625,,1.6827155351638794
native_TAGCN_class_weighting_s43,43,native,TAGCN,class_weighting,GNNExplainer,171381,True,0.9647613763809204,,1,0.9675831443688584,,0.915987197605786,,menos_de_2_aristas,,menos_de_2_aristas,1.6698390245437622
native_TAGCN_class_weighting_s43,43,native,TAGCN,class_weighting,GNNExplainer,172466,True,0.9950336217880248,,6,0.979967194884626,,0.8181386648931748,-0.0514285714285714,,0.6666666666666667,,1.8481342792510984
native_TAGCN_class_weighting_s43,43,native,TAGCN,class_weighting,GNNExplainer,172476,False,0.0161644946783781,,1,0.980229216860812,,0.8613051791503865,,menos_de_2_aristas,,menos_de_2_aristas,1.736233830451965
native_TAGCN_class_weighting_s43,43,native,TAGCN,class_weighting,GNNExplainer,172625,False,0.0011714746942743,,0,0.9027347371610364,,0.5657161858841134,,menos_de_2_aristas,,menos_de_2_aristas,1.8507328033447263
native_TAGCN_class_weighting_s43,43,native,TAGCN,class_weighting,GNNExplainer,172800,False,0.4169007241725921,,0,0.9736889827260832,,0.9415155041981876,,menos_de_2_aristas,,menos_de_2_aristas,1.6166484355926514
native_TAGCN_class_weighting_s43,43,native,TAGCN,class_weighting,GNNExplainer,173595,False,0.1418980658054351,,0,0.9547822387109416,,0.819334109236013,,menos_de_2_aristas,,menos_de_2_aristas,1.777819275856018
native_TAGCN_class_weighting_s43,43,native,TAGCN,class_weighting,PGExplainer,139670,False,0.4920063316822052,,1,,no_aplica,,,menos_de_2_aristas,,menos_de_2_aristas,4.236083507537842
native_TAGCN_class_weighting_s43,43,native,TAGCN,class_weighting,PGExplainer,139873,True,0.8706750869750977,,1,,no_aplica,,,menos_de_2_aristas,,menos_de_2_aristas,4.235572338104248
native_TAGCN_class_weighting_s43,43,native,TAGCN,class_weighting,PGExplainer,140575,True,0.9561397433280944,,2,,no_aplica,,-0.3333333333333333,,0.6,,4.235637664794922
native_TAGCN_class_weighting_s43,43,native,TAGCN,class_weighting,PGExplainer,141068,True,0.9644554853439332,,1,,no_aplica,,,menos_de_2_aristas,,menos_de_2_aristas,4.235175609588623
native_TAGCN_class_weighting_s43,43,native,TAGCN,class_weighting,PGExplainer,148220,True,0.9950503706932068,,2,,no_aplica,,0.1999999999999999,,0.6,,4.235193252563477
native_TAGCN_class_weighting_s43,43,native,TAGCN,class_weighting,PGExplainer,150129,False,0.0469296611845493,,0,,no_aplica,,,menos_de_2_aristas,,menos_de_2_aristas,4.233810901641846
native_TAGCN_class_weighting_s43,43,native,TAGCN,class_weighting,PGExplainer,150346,False,0.2481611520051956,,0,,no_aplica,,,menos_de_2_aristas,,menos_de_2_aristas,4.234258651733398
native_TAGCN_class_weighting_s43,43,native,TAGCN,class_weighting,PGExplainer,150528,True,0.9386124014854432,,3,,no_aplica,,-0.1666666666666667,,0.4666666666666666,,4.235340595245361
native_TAGCN_class_weighting_s43,43,native,TAGCN,class_weighting,PGExplainer,152223,False,0.0288556031882762,,2,,no_aplica,,1.0,,1.0,,4.235513210296631
native_TAGCN_class_weighting_s43,43,native,TAGCN,class_weighting,PGExplainer,152280,True,0.96467787027359,,1,,no_aplica,,,menos_de_2_aristas,,menos_de_2_aristas,4.235345840454102
native_TAGCN_class_weighting_s43,43,native,TAGCN,class_weighting,PGExplainer,153599,False,0.0419103316962718,,3,,no_aplica,,-1.0,,0.5333333333333332,,4.235705852508545
native_TAGCN_class_weighting_s43,43,native,TAGCN,class_weighting,PGExplainer,155856,True,0.856282114982605,,2,,no_aplica,,-0.3333333333333333,,0.6,,4.235352993011475
native_TAGCN_class_weighting_s43,43,native,TAGCN,class_weighting,PGExplainer,158611,False,0.0001182569030788,,3,,no_aplica,,1.0,,1.0,,4.235383033752441
native_TAGCN_class_weighting_s43,43,native,TAGCN,class_weighting,PGExplainer,158949,True,0.9304041862487792,,2,,no_aplica,,0.0,,0.6,,4.235194206237793
native_TAGCN_class_weighting_s43,43,native,TAGCN,class_weighting,PGExplainer,159862,False,0.0150474971160292,,0,,no_aplica,,,menos_de_2_aristas,,menos_de_2_aristas,4.234255790710449
native_TAGCN_class_weighting_s43,43,native,TAGCN,class_weighting,PGExplainer,161504,True,0.9967913031578064,,3,,no_aplica,,0.1666666666666666,,0.5999999999999999,,4.235347270965576
native_TAGCN_class_weighting_s43,43,native,TAGCN,class_weighting,PGExplainer,163852,False,0.2218445539474487,,3,,no_aplica,,-0.4106836025229591,,0.5333333333333332,,4.235409736633301
native_TAGCN_class_weighting_s43,43,native,TAGCN,class_weighting,PGExplainer,165001,True,0.7198251485824585,,1,,no_aplica,,,menos_de_2_aristas,,menos_de_2_aristas,4.235358715057373
native_TAGCN_class_weighting_s43,43,native,TAGCN,class_weighting,PGExplainer,168077,True,0.7532366514205933,,1,,no_aplica,,,menos_de_2_aristas,,menos_de_2_aristas,4.235483169555664
native_TAGCN_class_weighting_s43,43,native,TAGCN,class_weighting,PGExplainer,168167,True,0.8963252902030945,,1,,no_aplica,,,menos_de_2_aristas,,menos_de_2_aristas,4.235093116760254
native_TAGCN_class_weighting_s43,43,native,TAGCN,class_weighting,PGExplainer,168250,False,0.0065509602427482,,1,,no_aplica,,,menos_de_2_aristas,,menos_de_2_aristas,4.235129356384277
native_TAGCN_class_weighting_s43,43,native,TAGCN,class_weighting,PGExplainer,170168,False,0.0041400464251637,,3,,no_aplica,,0.5,,1.0,,4.235423564910889
native_TAGCN_class_weighting_s43,43,native,TAGCN,class_weighting,PGExplainer,170185,False,0.4980423152446747,,2,,no_aplica,,-0.3333333333333333,,0.4,,4.235638618469238
native_TAGCN_class_weighting_s43,43,native,TAGCN,class_weighting,PGExplainer,171111,False,0.1298798322677612,,3,,no_aplica,,0.5,,0.7333333333333333,,4.235543727874756
native_TAGCN_class_weighting_s43,43,native,TAGCN,class_weighting,PGExplainer,171381,True,0.9647613763809204,,2,,no_aplica,,-0.1999999999999999,,0.4,,4.235354900360107
native_TAGCN_class_weighting_s43,43,native,TAGCN,class_weighting,PGExplainer,172466,True,0.9950336217880248,,3,,no_aplica,,-0.3333333333333333,,0.4666666666666666,,4.235237121582031
native_TAGCN_class_weighting_s43,43,native,TAGCN,class_weighting,PGExplainer,172476,False,0.0161644946783781,,2,,no_aplica,,-0.3333333333333333,,0.4,,4.235270977020264
native_TAGCN_class_weighting_s43,43,native,TAGCN,class_weighting,PGExplainer,172625,False,0.0011714746942743,,1,,no_aplica,,,menos_de_2_aristas,,menos_de_2_aristas,4.235240459442139
native_TAGCN_class_weighting_s43,43,native,TAGCN,class_weighting,PGExplainer,172800,False,0.4169007241725921,,1,,no_aplica,,,menos_de_2_aristas,,menos_de_2_aristas,4.235296726226807
native_TAGCN_class_weighting_s43,43,native,TAGCN,class_weighting,PGExplainer,173595,False,0.1418980658054351,,1,,no_aplica,,,menos_de_2_aristas,,menos_de_2_aristas,4.235088348388672
native_TAGCN_class_weighting_s43,43,native,TAGCN,class_weighting,ShapleyFeatures,139670,False,0.4920063316822052,,0,0.9841623306233064,,0.8816817690581097,,no_aplica,,no_aplica,0.908043622970581
native_TAGCN_class_weighting_s43,43,native,TAGCN,class_weighting,ShapleyFeatures,139873,True,0.8706750869750977,,0,0.991854991358736,,0.8699326627317318,,no_aplica,,no_aplica,0.9097270965576172
native_TAGCN_class_weighting_s43,43,native,TAGCN,class_weighting,ShapleyFeatures,140575,True,0.9561397433280944,,0,0.987679070825472,,0.9042522237925013,,no_aplica,,no_aplica,0.9024254083633424
native_TAGCN_class_weighting_s43,43,native,TAGCN,class_weighting,ShapleyFeatures,141068,True,0.9644554853439332,,0,0.9994811655439072,,0.9545174162440768,,no_aplica,,no_aplica,0.906275510787964
native_TAGCN_class_weighting_s43,43,native,TAGCN,class_weighting,ShapleyFeatures,148220,True,0.9950503706932068,,0,0.9977755894434752,,0.915906559148724,,no_aplica,,no_aplica,0.9027217626571656
native_TAGCN_class_weighting_s43,43,native,TAGCN,class_weighting,ShapleyFeatures,150129,False,0.0469296611845493,,0,,vector_constante,,,no_aplica,,no_aplica,0.6858730912208557
native_TAGCN_class_weighting_s43,43,native,TAGCN,class_weighting,ShapleyFeatures,150346,False,0.2481611520051956,,0,,vector_constante,,,no_aplica,,no_aplica,0.680433452129364
native_TAGCN_class_weighting_s43,43,native,TAGCN,class_weighting,ShapleyFeatures,150528,True,0.9386124014854432,,0,0.993931996016503,,0.8428905145897415,,no_aplica,,no_aplica,0.9118064641952516
native_TAGCN_class_weighting_s43,43,native,TAGCN,class_weighting,ShapleyFeatures,152223,False,0.0288556031882762,,0,0.9664889035196004,,0.684168260038241,,no_aplica,,no_aplica,0.9069979786872864
native_TAGCN_class_weighting_s43,43,native,TAGCN,class_weighting,ShapleyFeatures,152280,True,0.96467787027359,,0,0.9837723127883866,,0.9151633552248732,,no_aplica,,no_aplica,0.9022469520568848
native_TAGCN_class_weighting_s43,43,native,TAGCN,class_weighting,ShapleyFeatures,153599,False,0.0419103316962718,,0,0.9870868387083066,,0.8358134508271677,,no_aplica,,no_aplica,0.919302225112915
native_TAGCN_class_weighting_s43,43,native,TAGCN,class_weighting,ShapleyFeatures,155856,True,0.856282114982605,,0,0.9840447457572712,,0.857289051458974,,no_aplica,,no_aplica,0.9046850204467772
native_TAGCN_class_weighting_s43,43,native,TAGCN,class_weighting,ShapleyFeatures,158611,False,0.0001182569030788,,0,0.9491509192968752,,0.7104555657161858,,no_aplica,,no_aplica,0.9114256501197816
native_TAGCN_class_weighting_s43,43,native,TAGCN,class_weighting,ShapleyFeatures,158949,True,0.9304041862487792,,0,0.9979495515369652,,0.9430858758001496,,no_aplica,,no_aplica,0.9036773443222046
native_TAGCN_class_weighting_s43,43,native,TAGCN,class_weighting,ShapleyFeatures,159862,False,0.0150474971160292,,0,,vector_constante,,,no_aplica,,no_aplica,0.6799942255020142
native_TAGCN_class_weighting_s43,43,native,TAGCN,class_weighting,ShapleyFeatures,161504,True,0.9967913031578064,,0,0.9732197050651848,,0.8183963754260539,,no_aplica,,no_aplica,0.9083637595176696
native_TAGCN_class_weighting_s43,43,native,TAGCN,class_weighting,ShapleyFeatures,163852,False,0.2218445539474487,,0,0.9926888350583573,,0.8704979632554661,,no_aplica,,no_aplica,0.9082912802696228
native_TAGCN_class_weighting_s43,43,native,TAGCN,class_weighting,ShapleyFeatures,165001,True,0.7198251485824585,,0,0.9943476342157522,,0.83685094355308,,no_aplica,,no_aplica,0.907076060771942
native_TAGCN_class_weighting_s43,43,native,TAGCN,class_weighting,ShapleyFeatures,168077,True,0.7532366514205933,,0,0.9850803368533618,,0.8554568127026354,,no_aplica,,no_aplica,0.9058350920677184
native_TAGCN_class_weighting_s43,43,native,TAGCN,class_weighting,ShapleyFeatures,168167,True,0.8963252902030945,,0,0.9992690588462638,,0.9996874220633468,,no_aplica,,no_aplica,0.9061585068702698
native_TAGCN_class_weighting_s43,43,native,TAGCN,class_weighting,ShapleyFeatures,168250,False,0.0065509602427482,,0,0.9407323111980236,,0.4987563388477845,,no_aplica,,no_aplica,0.9076949954032898
native_TAGCN_class_weighting_s43,43,native,TAGCN,class_weighting,ShapleyFeatures,170168,False,0.0041400464251637,,0,0.9892636242415372,,0.7024806717100341,,no_aplica,,no_aplica,0.930728018283844
native_TAGCN_class_weighting_s43,43,native,TAGCN,class_weighting,ShapleyFeatures,170185,False,0.4980423152446747,,0,0.999143647357933,,0.9401246986449412,,no_aplica,,no_aplica,0.9184667468070984
native_TAGCN_class_weighting_s43,43,native,TAGCN,class_weighting,ShapleyFeatures,171111,False,0.1298798322677612,,0,0.9688921539817812,,0.8027267437027186,,no_aplica,,no_aplica,2.2247121334075928
native_TAGCN_class_weighting_s43,43,native,TAGCN,class_weighting,ShapleyFeatures,171381,True,0.9647613763809204,,0,0.9951416504132348,,0.9322395876631472,,no_aplica,,no_aplica,0.911970317363739
native_TAGCN_class_weighting_s43,43,native,TAGCN,class_weighting,ShapleyFeatures,172466,True,0.9950336217880248,,0,0.994904338529064,,0.9022620334192368,,no_aplica,,no_aplica,0.9066696166992188
native_TAGCN_class_weighting_s43,43,native,TAGCN,class_weighting,ShapleyFeatures,172476,False,0.0161644946783781,,0,0.9723715666114984,,0.7334898994097598,,no_aplica,,no_aplica,0.931762397289276
native_TAGCN_class_weighting_s43,43,native,TAGCN,class_weighting,ShapleyFeatures,172625,False,0.0011714746942743,,0,0.9582947263295144,,0.5309801313492393,,no_aplica,,no_aplica,0.915322244167328
native_TAGCN_class_weighting_s43,43,native,TAGCN,class_weighting,ShapleyFeatures,172800,False,0.4169007241725921,,0,0.9981717358148584,,0.925621414913958,,no_aplica,,no_aplica,0.9047892689704896
native_TAGCN_class_weighting_s43,43,native,TAGCN,class_weighting,ShapleyFeatures,173595,False,0.1418980658054351,,0,0.9995875418337506,,0.9820990938565136,,no_aplica,,no_aplica,0.910658836364746
1:10_TAGCN_class_weighting_s43,43,1:10,TAGCN,class_weighting,GNNExplainer,139670,True,0.8035281896591187,,0,0.970850629809808,,0.958504447585003,,menos_de_2_aristas,,menos_de_2_aristas,1.8060864210128784
1:10_TAGCN_class_weighting_s43,43,1:10,TAGCN,class_weighting,GNNExplainer,139873,True,0.9134277701377868,,0,0.9693103597622992,,0.9542505611439024,,menos_de_2_aristas,,menos_de_2_aristas,1.5415765047073364
1:10_TAGCN_class_weighting_s43,43,1:10,TAGCN,class_weighting,GNNExplainer,140575,True,0.9636179208755492,,1,0.9532790628868856,,0.8789924349488736,,menos_de_2_aristas,,menos_de_2_aristas,1.579506516456604
1:10_TAGCN_class_weighting_s43,43,1:10,TAGCN,class_weighting,GNNExplainer,141068,True,0.9607815742492676,,0,0.9490535773509814,,0.822208828664062,,menos_de_2_aristas,,menos_de_2_aristas,1.5428237915039062
1:10_TAGCN_class_weighting_s43,43,1:10,TAGCN,class_weighting,GNNExplainer,148220,True,0.9964330196380616,,1,0.9294605565197916,,0.7116443594646272,,menos_de_2_aristas,,menos_de_2_aristas,1.64314067363739
1:10_TAGCN_class_weighting_s43,43,1:10,TAGCN,class_weighting,GNNExplainer,150129,False,0.0881648361682891,,0,0.9632878813556888,,0.9630567794496632,,menos_de_2_aristas,,menos_de_2_aristas,1.3395177125930786
1:10_TAGCN_class_weighting_s43,43,1:10,TAGCN,class_weighting,GNNExplainer,150346,False,0.2323841899633407,,0,0.9654041922777676,,0.8253495718679856,,menos_de_2_aristas,,menos_de_2_aristas,1.4034913778305054
1:10_TAGCN_class_weighting_s43,43,1:10,TAGCN,class_weighting,GNNExplainer,150528,True,0.995955228805542,,2,0.9646478360674096,,0.7564011971069914,0.1999999999999999,,0.6,,1.844171166419983
1:10_TAGCN_class_weighting_s43,43,1:10,TAGCN,class_weighting,GNNExplainer,152223,False,0.0543116554617881,,1,0.9777999715464504,,0.8821614431789844,,menos_de_2_aristas,,menos_de_2_aristas,1.7768303155899048
1:10_TAGCN_class_weighting_s43,43,1:10,TAGCN,class_weighting,GNNExplainer,152280,True,0.9933337569236756,,0,0.923064351378958,,0.8190032421647684,,menos_de_2_aristas,,menos_de_2_aristas,1.6157426834106443
1:10_TAGCN_class_weighting_s43,43,1:10,TAGCN,class_weighting,GNNExplainer,153599,False,0.0189334582537412,,9,0.9921217732014618,,0.870959348241749,-0.0683333333333333,,0.8,,1.604721188545227
1:10_TAGCN_class_weighting_s43,43,1:10,TAGCN,class_weighting,GNNExplainer,155856,True,0.9999103546142578,,1,0.9281007067137808,,0.7400124698644942,,menos_de_2_aristas,,menos_de_2_aristas,1.636171579360962
1:10_TAGCN_class_weighting_s43,43,1:10,TAGCN,class_weighting,GNNExplainer,158611,False,1.6750804206822067e-05,,1,0.6360011259148057,,0.3118588411339263,,menos_de_2_aristas,,menos_de_2_aristas,1.7124968767166138
1:10_TAGCN_class_weighting_s43,43,1:10,TAGCN,class_weighting,GNNExplainer,158949,True,0.9642677903175354,,1,0.9697651026054878,,0.8326984786765317,,menos_de_2_aristas,,menos_de_2_aristas,1.6131070852279663
1:10_TAGCN_class_weighting_s43,43,1:10,TAGCN,class_weighting,GNNExplainer,159862,False,0.0209334641695022,,0,0.9525616766306092,,0.8672865574860754,,menos_de_2_aristas,,menos_de_2_aristas,1.3727014064788818
1:10_TAGCN_class_weighting_s43,43,1:10,TAGCN,class_weighting,GNNExplainer,161504,True,0.9997528195381165,,2,0.9462838099666744,,0.8211838058026437,-0.1999999999999999,,0.4,,1.6711076498031616
1:10_TAGCN_class_weighting_s43,43,1:10,TAGCN,class_weighting,GNNExplainer,163852,True,0.7073395252227783,,3,0.9816222083301848,,0.7696583257128606,0.4,,0.7333333333333333,,1.7145469188690186
1:10_TAGCN_class_weighting_s43,43,1:10,TAGCN,class_weighting,GNNExplainer,165001,True,0.8079284429550171,,0,0.9745239256360544,,0.9718222628647436,,menos_de_2_aristas,,menos_de_2_aristas,1.75439453125
1:10_TAGCN_class_weighting_s43,43,1:10,TAGCN,class_weighting,GNNExplainer,168077,True,0.9333966970443726,,0,0.9517728497287616,,0.9591877961592818,,menos_de_2_aristas,,menos_de_2_aristas,1.6467612981796265
1:10_TAGCN_class_weighting_s43,43,1:10,TAGCN,class_weighting,GNNExplainer,168167,True,0.921097695827484,,0,0.9456545197240408,,0.872142322720093,,menos_de_2_aristas,,menos_de_2_aristas,1.643598556518555
1:10_TAGCN_class_weighting_s43,43,1:10,TAGCN,class_weighting,GNNExplainer,168250,False,0.0066924579441547,,0,0.9336225056264066,,0.8474952198852772,,menos_de_2_aristas,,menos_de_2_aristas,1.6075786352157593
1:10_TAGCN_class_weighting_s43,43,1:10,TAGCN,class_weighting,GNNExplainer,170168,False,0.289507508277893,,4,0.9921821467253156,,0.8460162939562723,0.24,,0.65,,1.759855031967163
1:10_TAGCN_class_weighting_s43,43,1:10,TAGCN,class_weighting,GNNExplainer,170185,True,0.824567973613739,,1,0.9814477166026462,,0.7914074320392386,,menos_de_2_aristas,,menos_de_2_aristas,1.689110517501831
1:10_TAGCN_class_weighting_s43,43,1:10,TAGCN,class_weighting,GNNExplainer,171111,True,0.9088367819786072,,58,0.988868897588889,,0.7311904563970406,0.1204404934018271,,0.2711876832844575,,1.6590882539749146
1:10_TAGCN_class_weighting_s43,43,1:10,TAGCN,class_weighting,GNNExplainer,171381,True,0.992418885231018,,1,0.961281465448132,,0.8535572366780281,,menos_de_2_aristas,,menos_de_2_aristas,1.61735200881958
1:10_TAGCN_class_weighting_s43,43,1:10,TAGCN,class_weighting,GNNExplainer,172466,True,0.9990505576133728,,6,0.9785740895190436,,0.8472167262449082,-0.0514285714285714,,0.6666666666666667,,1.673021674156189
1:10_TAGCN_class_weighting_s43,43,1:10,TAGCN,class_weighting,GNNExplainer,172476,False,0.0355982407927513,,1,0.9784907495413452,,0.7873364369440519,,menos_de_2_aristas,,menos_de_2_aristas,1.5722126960754397
1:10_TAGCN_class_weighting_s43,43,1:10,TAGCN,class_weighting,GNNExplainer,172625,False,0.0034026398789137,,0,0.919377973034389,,0.6751259456313908,,menos_de_2_aristas,,menos_de_2_aristas,1.511083960533142
1:10_TAGCN_class_weighting_s43,43,1:10,TAGCN,class_weighting,GNNExplainer,172800,True,0.914970636367798,,0,0.9634906472115168,,0.9127433701887104,,menos_de_2_aristas,,menos_de_2_aristas,1.5104596614837646
1:10_TAGCN_class_weighting_s43,43,1:10,TAGCN,class_weighting,GNNExplainer,173595,False,0.2500100433826446,,0,0.9638734817318054,,0.8042838141158866,,menos_de_2_aristas,,menos_de_2_aristas,1.5020756721496582
1:10_TAGCN_class_weighting_s43,43,1:10,TAGCN,class_weighting,PGExplainer,139670,True,0.8035281896591187,,1,,no_aplica,,,menos_de_2_aristas,,menos_de_2_aristas,4.2849297523498535
1:10_TAGCN_class_weighting_s43,43,1:10,TAGCN,class_weighting,PGExplainer,139873,True,0.9134277701377868,,1,,no_aplica,,,menos_de_2_aristas,,menos_de_2_aristas,4.28344202041626
1:10_TAGCN_class_weighting_s43,43,1:10,TAGCN,class_weighting,PGExplainer,140575,True,0.9636179208755492,,2,,no_aplica,,0.0,,0.6,,4.283453941345215
1:10_TAGCN_class_weighting_s43,43,1:10,TAGCN,class_weighting,PGExplainer,141068,True,0.9607815742492676,,1,,no_aplica,,,menos_de_2_aristas,,menos_de_2_aristas,4.283248901367188
1:10_TAGCN_class_weighting_s43,43,1:10,TAGCN,class_weighting,PGExplainer,148220,True,0.9964330196380616,,2,,no_aplica,,0.1999999999999999,,0.6,,4.283835887908936
1:10_TAGCN_class_weighting_s43,43,1:10,TAGCN,class_weighting,PGExplainer,150129,False,0.0881648361682891,,0,,no_aplica,,,menos_de_2_aristas,,menos_de_2_aristas,4.28189754486084
1:10_TAGCN_class_weighting_s43,43,1:10,TAGCN,class_weighting,PGExplainer,150346,False,0.2323841899633407,,0,,no_aplica,,,menos_de_2_aristas,,menos_de_2_aristas,4.2820820808410645
1:10_TAGCN_class_weighting_s43,43,1:10,TAGCN,class_weighting,PGExplainer,150528,True,0.995955228805542,,3,,no_aplica,,-0.1666666666666667,,0.4666666666666666,,4.284204006195068
1:10_TAGCN_class_weighting_s43,43,1:10,TAGCN,class_weighting,PGExplainer,152223,False,0.0543116554617881,,2,,no_aplica,,1.0,,1.0,,4.28317403793335
1:10_TAGCN_class_weighting_s43,43,1:10,TAGCN,class_weighting,PGExplainer,152280,True,0.9933337569236756,,1,,no_aplica,,,menos_de_2_aristas,,menos_de_2_aristas,4.283071994781494
1:10_TAGCN_class_weighting_s43,43,1:10,TAGCN,class_weighting,PGExplainer,153599,False,0.0189334582537412,,3,,no_aplica,,-1.0,,0.5333333333333332,,4.283289432525635
1:10_TAGCN_class_weighting_s43,43,1:10,TAGCN,class_weighting,PGExplainer,155856,True,0.9999103546142578,,2,,no_aplica,,-0.3333333333333333,,0.4,,4.283931255340576
1:10_TAGCN_class_weighting_s43,43,1:10,TAGCN,class_weighting,PGExplainer,158611,False,1.6750804206822067e-05,,3,,no_aplica,,1.0,,1.0,,4.283248901367188
1:10_TAGCN_class_weighting_s43,43,1:10,TAGCN,class_weighting,PGExplainer,158949,True,0.9642677903175354,,2,,no_aplica,,-0.3333333333333332,,0.4,,4.28311824798584
1:10_TAGCN_class_weighting_s43,43,1:10,TAGCN,class_weighting,PGExplainer,159862,False,0.0209334641695022,,0,,no_aplica,,,menos_de_2_aristas,,menos_de_2_aristas,4.282650947570801
1:10_TAGCN_class_weighting_s43,43,1:10,TAGCN,class_weighting,PGExplainer,161504,True,0.9997528195381165,,3,,no_aplica,,0.1443375672974064,,0.7333333333333333,,4.284125328063965
1:10_TAGCN_class_weighting_s43,43,1:10,TAGCN,class_weighting,PGExplainer,163852,True,0.7073395252227783,,3,,no_aplica,,-0.1443375672974065,,0.4666666666666666,,4.2833123207092285
1:10_TAGCN_class_weighting_s43,43,1:10,TAGCN,class_weighting,PGExplainer,165001,True,0.8079284429550171,,1,,no_aplica,,,menos_de_2_aristas,,menos_de_2_aristas,4.283080101013184
1:10_TAGCN_class_weighting_s43,43,1:10,TAGCN,class_weighting,PGExplainer,168077,True,0.9333966970443726,,1,,no_aplica,,,menos_de_2_aristas,,menos_de_2_aristas,4.283717632293701
1:10_TAGCN_class_weighting_s43,43,1:10,TAGCN,class_weighting,PGExplainer,168167,True,0.921097695827484,,1,,no_aplica,,,menos_de_2_aristas,,menos_de_2_aristas,4.284094333648682
1:10_TAGCN_class_weighting_s43,43,1:10,TAGCN,class_weighting,PGExplainer,168250,False,0.0066924579441547,,1,,no_aplica,,,menos_de_2_aristas,,menos_de_2_aristas,4.283071994781494
1:10_TAGCN_class_weighting_s43,43,1:10,TAGCN,class_weighting,PGExplainer,170168,False,0.289507508277893,,3,,no_aplica,,-0.2440169358562924,,0.4666666666666666,,4.283427715301514
1:10_TAGCN_class_weighting_s43,43,1:10,TAGCN,class_weighting,PGExplainer,170185,True,0.824567973613739,,2,,no_aplica,,0.1999999999999999,,0.6,,4.283205986022949
1:10_TAGCN_class_weighting_s43,43,1:10,TAGCN,class_weighting,PGExplainer,171111,True,0.9088367819786072,,3,,no_aplica,,-0.1220084679281462,,0.5999999999999999,,4.283783435821533
1:10_TAGCN_class_weighting_s43,43,1:10,TAGCN,class_weighting,PGExplainer,171381,True,0.992418885231018,,2,,no_aplica,,-0.3333333333333333,,0.4,,4.28314208984375
1:10_TAGCN_class_weighting_s43,43,1:10,TAGCN,class_weighting,PGExplainer,172466,True,0.9990505576133728,,3,,no_aplica,,-0.3333333333333333,,0.4666666666666666,,4.283312797546387
1:10_TAGCN_class_weighting_s43,43,1:10,TAGCN,class_weighting,PGExplainer,172476,False,0.0355982407927513,,2,,no_aplica,,1.0,,0.4,,4.283825874328613
1:10_TAGCN_class_weighting_s43,43,1:10,TAGCN,class_weighting,PGExplainer,172625,False,0.0034026398789137,,1,,no_aplica,,,menos_de_2_aristas,,menos_de_2_aristas,4.283366680145264
1:10_TAGCN_class_weighting_s43,43,1:10,TAGCN,class_weighting,PGExplainer,172800,True,0.914970636367798,,1,,no_aplica,,,menos_de_2_aristas,,menos_de_2_aristas,4.283258438110352
1:10_TAGCN_class_weighting_s43,43,1:10,TAGCN,class_weighting,PGExplainer,173595,False,0.2500100433826446,,1,,no_aplica,,,menos_de_2_aristas,,menos_de_2_aristas,4.283055305480957
1:10_TAGCN_class_weighting_s43,43,1:10,TAGCN,class_weighting,ShapleyFeatures,139670,True,0.8035281896591187,,0,0.9923008130081304,,0.886538365616427,,no_aplica,,no_aplica,0.9185791611671448
1:10_TAGCN_class_weighting_s43,43,1:10,TAGCN,class_weighting,ShapleyFeatures,139873,True,0.9134277701377868,,0,0.9937072394590296,,0.8832970321722504,,no_aplica,,no_aplica,0.9003589153289795
1:10_TAGCN_class_weighting_s43,43,1:10,TAGCN,class_weighting,ShapleyFeatures,140575,True,0.9636179208755492,,0,0.9911214780923352,,0.8950187047967413,,no_aplica,,no_aplica,0.9032287001609802
1:10_TAGCN_class_weighting_s43,43,1:10,TAGCN,class_weighting,ShapleyFeatures,141068,True,0.9607815742492676,,0,0.9997515844859888,,0.999847036328872,,no_aplica,,no_aplica,0.9056007862091064
1:10_TAGCN_class_weighting_s43,43,1:10,TAGCN,class_weighting,ShapleyFeatures,148220,True,0.9964330196380616,,0,0.9976025547239884,,0.8941241998503617,,no_aplica,,no_aplica,0.9027766585350036
1:10_TAGCN_class_weighting_s43,43,1:10,TAGCN,class_weighting,ShapleyFeatures,150129,False,0.0881648361682891,,0,,vector_constante,,,no_aplica,,no_aplica,0.6830872893333435
1:10_TAGCN_class_weighting_s43,43,1:10,TAGCN,class_weighting,ShapleyFeatures,150346,False,0.2323841899633407,,0,,vector_constante,,,no_aplica,,no_aplica,0.6807088851928711
1:10_TAGCN_class_weighting_s43,43,1:10,TAGCN,class_weighting,ShapleyFeatures,150528,True,0.995955228805542,,0,0.9946074832835397,,0.8398886025438523,,no_aplica,,no_aplica,0.9100984930992126
1:10_TAGCN_class_weighting_s43,43,1:10,TAGCN,class_weighting,ShapleyFeatures,152223,False,0.0543116554617881,,0,0.9756969248072862,,0.6895585667969074,,no_aplica,,no_aplica,0.905401647090912
1:10_TAGCN_class_weighting_s43,43,1:10,TAGCN,class_weighting,ShapleyFeatures,152280,True,0.9933337569236756,,0,0.9875992000627613,,0.90623410092277,,no_aplica,,no_aplica,0.9074995517730712
1:10_TAGCN_class_weighting_s43,43,1:10,TAGCN,class_weighting,ShapleyFeatures,153599,False,0.0189334582537412,,0,0.986329862115763,,0.8260636794413502,,no_aplica,,no_aplica,0.921683430671692
1:10_TAGCN_class_weighting_s43,43,1:10,TAGCN,class_weighting,ShapleyFeatures,155856,True,0.9999103546142578,,0,0.984308758564701,,0.8603799152049214,,no_aplica,,no_aplica,0.8994578719139099
1:10_TAGCN_class_weighting_s43,43,1:10,TAGCN,class_weighting,ShapleyFeatures,158611,False,1.6750804206822067e-05,,0,0.9448239981489678,,0.6929387313991188,,no_aplica,,no_aplica,0.9215495586395264
1:10_TAGCN_class_weighting_s43,43,1:10,TAGCN,class_weighting,ShapleyFeatures,158949,True,0.9642677903175354,,0,0.9991437113581608,,0.9351076564967996,,no_aplica,,no_aplica,0.9112224578857422
1:10_TAGCN_class_weighting_s43,43,1:10,TAGCN,class_weighting,ShapleyFeatures,159862,False,0.0209334641695022,,0,,vector_constante,,,no_aplica,,no_aplica,0.6815978288650513
1:10_TAGCN_class_weighting_s43,43,1:10,TAGCN,class_weighting,ShapleyFeatures,161504,True,0.9997528195381165,,0,0.9793393353280614,,0.819950951866323,,no_aplica,,no_aplica,0.906969666481018
1:10_TAGCN_class_weighting_s43,43,1:10,TAGCN,class_weighting,ShapleyFeatures,163852,True,0.7073395252227783,,0,0.9933247082140498,,0.918846953196442,,no_aplica,,no_aplica,0.9082669019699096
1:10_TAGCN_class_weighting_s43,43,1:10,TAGCN,class_weighting,ShapleyFeatures,165001,True,0.8079284429550171,,0,0.9949883733429892,,0.9036270679191954,,no_aplica,,no_aplica,0.906576693058014
1:10_TAGCN_class_weighting_s43,43,1:10,TAGCN,class_weighting,ShapleyFeatures,168077,True,0.9333966970443726,,0,0.9842018446731722,,0.8046778618339013,,no_aplica,,no_aplica,0.9041659832000732
1:10_TAGCN_class_weighting_s43,43,1:10,TAGCN,class_weighting,ShapleyFeatures,168167,True,0.921097695827484,,0,0.9988371518966808,,0.973110815529138,,no_aplica,,no_aplica,0.8915696740150452
1:10_TAGCN_class_weighting_s43,43,1:10,TAGCN,class_weighting,ShapleyFeatures,168250,False,0.0066924579441547,,0,0.9275513669553404,,0.4609718181062432,,no_aplica,,no_aplica,0.8997599482536316
1:10_TAGCN_class_weighting_s43,43,1:10,TAGCN,class_weighting,ShapleyFeatures,170168,False,0.289507508277893,,0,0.9908709935411432,,0.7734075983040984,,no_aplica,,no_aplica,0.9071977734565736
1:10_TAGCN_class_weighting_s43,43,1:10,TAGCN,class_weighting,ShapleyFeatures,170185,True,0.824567973613739,,0,0.9982097282088672,,0.9549347410424808,,no_aplica,,no_aplica,0.9083542823791504
1:10_TAGCN_class_weighting_s43,43,1:10,TAGCN,class_weighting,ShapleyFeatures,171111,True,0.9088367819786072,,0,0.9763246333449096,,0.8976847618255881,,no_aplica,,no_aplica,2.205333948135376
1:10_TAGCN_class_weighting_s43,43,1:10,TAGCN,class_weighting,ShapleyFeatures,171381,True,0.992418885231018,,0,0.994381691385915,,0.9339521157203424,,no_aplica,,no_aplica,0.9000574946403503
1:10_TAGCN_class_weighting_s43,43,1:10,TAGCN,class_weighting,ShapleyFeatures,172466,True,0.9990505576133728,,0,0.9945039671374708,,0.9060096433618756,,no_aplica,,no_aplica,0.9107294678688048
1:10_TAGCN_class_weighting_s43,43,1:10,TAGCN,class_weighting,ShapleyFeatures,172476,False,0.0355982407927513,,0,0.9740508551080798,,0.6839180314240585,,no_aplica,,no_aplica,0.8974612951278687
1:10_TAGCN_class_weighting_s43,43,1:10,TAGCN,class_weighting,ShapleyFeatures,172625,False,0.0034026398789137,,0,0.9418858712236802,,0.4278701471444009,,no_aplica,,no_aplica,0.8984842896461487
1:10_TAGCN_class_weighting_s43,43,1:10,TAGCN,class_weighting,ShapleyFeatures,172800,True,0.914970636367798,,0,0.996002796136248,,0.934804223127442,,no_aplica,,no_aplica,0.9027543663978576
1:10_TAGCN_class_weighting_s43,43,1:10,TAGCN,class_weighting,ShapleyFeatures,173595,False,0.2500100433826446,,0,0.9998221123405796,,0.9815387812785769,,no_aplica,,no_aplica,0.9104812145233154
1:10_TAGCN_focal_loss_s43,43,1:10,TAGCN,focal_loss,GNNExplainer,139670,True,0.5458452105522156,,0,0.8703430352193926,,0.39146811871311,,menos_de_2_aristas,,menos_de_2_aristas,1.773584246635437
1:10_TAGCN_focal_loss_s43,43,1:10,TAGCN,focal_loss,GNNExplainer,139873,True,0.5878920555114746,,0,0.8636057474749134,,0.36842547177654,,menos_de_2_aristas,,menos_de_2_aristas,1.7499386072158811
1:10_TAGCN_focal_loss_s43,43,1:10,TAGCN,focal_loss,GNNExplainer,140575,True,0.5959942936897278,,1,0.8781706991293559,,0.4381020866239921,,menos_de_2_aristas,,menos_de_2_aristas,1.808135867118836
1:10_TAGCN_focal_loss_s43,43,1:10,TAGCN,focal_loss,GNNExplainer,141068,True,0.65762859582901,,0,0.8715967678716797,,0.3589458807880955,,menos_de_2_aristas,,menos_de_2_aristas,1.7728559970855713
1:10_TAGCN_focal_loss_s43,43,1:10,TAGCN,focal_loss,GNNExplainer,148220,True,0.5763745307922363,,1,0.8861782654946533,,0.5268293291212902,,menos_de_2_aristas,,menos_de_2_aristas,1.886524438858032
1:10_TAGCN_focal_loss_s43,43,1:10,TAGCN,focal_loss,GNNExplainer,150129,False,0.422602504491806,,0,0.8238285367948457,,0.3555075234849115,,menos_de_2_aristas,,menos_de_2_aristas,1.7844908237457275
1:10_TAGCN_focal_loss_s43,43,1:10,TAGCN,focal_loss,GNNExplainer,150346,True,0.6403116583824158,,0,0.868660234264494,,0.2816476847618255,,menos_de_2_aristas,,menos_de_2_aristas,1.6175106763839722
1:10_TAGCN_focal_loss_s43,43,1:10,TAGCN,focal_loss,GNNExplainer,150528,True,0.5278010964393616,,2,0.9060388556071888,,0.7231756588245074,0.1999999999999999,,0.6,,1.9338328838348389
1:10_TAGCN_focal_loss_s43,43,1:10,TAGCN,focal_loss,GNNExplainer,152223,True,0.5357879996299744,,1,0.8876955470194906,,0.4333760079807133,,menos_de_2_aristas,,menos_de_2_aristas,1.8202341794967647
1:10_TAGCN_focal_loss_s43,43,1:10,TAGCN,focal_loss,GNNExplainer,152280,True,0.5482149124145508,,0,0.877739189649302,,0.5044459223543105,,menos_de_2_aristas,,menos_de_2_aristas,1.7665588855743408
1:10_TAGCN_focal_loss_s43,43,1:10,TAGCN,focal_loss,GNNExplainer,153599,False,0.4229143559932709,,11,0.9812140177141414,,0.864440103084213,-0.0636363636363636,,0.8181818181818181,,1.8217878341674805
1:10_TAGCN_focal_loss_s43,43,1:10,TAGCN,focal_loss,GNNExplainer,155856,True,0.6213003396987915,,1,0.834843398650819,,0.6086249896084464,,menos_de_2_aristas,,menos_de_2_aristas,1.814733862876892
1:10_TAGCN_focal_loss_s43,43,1:10,TAGCN,focal_loss,GNNExplainer,158611,False,0.3875452578067779,,1,0.72165750743908,,0.8224956355474269,,menos_de_2_aristas,,menos_de_2_aristas,1.8397669792175293
1:10_TAGCN_focal_loss_s43,43,1:10,TAGCN,focal_loss,GNNExplainer,158949,True,0.5777108073234558,,1,0.8990428291445701,,0.4045091030010807,,menos_de_2_aristas,,menos_de_2_aristas,1.8320271968841555
1:10_TAGCN_focal_loss_s43,43,1:10,TAGCN,focal_loss,GNNExplainer,159862,False,0.426451712846756,,0,0.8735436041345259,,0.3121065757752099,,menos_de_2_aristas,,menos_de_2_aristas,1.5760644674301147
1:10_TAGCN_focal_loss_s43,43,1:10,TAGCN,focal_loss,GNNExplainer,161504,True,0.5935192108154297,,2,0.8601918292190804,,0.4671502203009393,-0.1999999999999999,,0.4,,1.833714365959168
1:10_TAGCN_focal_loss_s43,43,1:10,TAGCN,focal_loss,GNNExplainer,163852,False,0.462179034948349,,3,0.9484476564056414,,0.7538656579931832,0.2,,0.5999999999999999,,1.9075746536254885
1:10_TAGCN_focal_loss_s43,43,1:10,TAGCN,focal_loss,GNNExplainer,165001,True,0.5654701590538025,,0,0.876417220748635,,0.4593898079640868,,menos_de_2_aristas,,menos_de_2_aristas,1.874033808708191
1:10_TAGCN_focal_loss_s43,43,1:10,TAGCN,focal_loss,GNNExplainer,168077,True,0.5094308853149414,,0,0.8466506639652931,,0.3692742538864412,,menos_de_2_aristas,,menos_de_2_aristas,1.896591067314148
1:10_TAGCN_focal_loss_s43,43,1:10,TAGCN,focal_loss,GNNExplainer,168167,True,0.624679446220398,,0,0.8540683412937087,,0.3943203923850694,,menos_de_2_aristas,,menos_de_2_aristas,1.8309383392333984
1:10_TAGCN_focal_loss_s43,43,1:10,TAGCN,focal_loss,GNNExplainer,168250,True,0.5414333343505859,,0,0.8783033758439609,,0.4062548840302601,,menos_de_2_aristas,,menos_de_2_aristas,1.7686352729797363
1:10_TAGCN_focal_loss_s43,43,1:10,TAGCN,focal_loss,GNNExplainer,170168,False,0.4079168736934662,,4,0.943727205411021,,0.6509302518912629,0.26,,0.65,,1.81702721118927
1:10_TAGCN_focal_loss_s43,43,1:10,TAGCN,focal_loss,GNNExplainer,170185,True,0.5565062761306763,,1,0.8691665955327927,,0.4817715520824673,,menos_de_2_aristas,,menos_de_2_aristas,1.8386621475219729
1:10_TAGCN_focal_loss_s43,43,1:10,TAGCN,focal_loss,GNNExplainer,171111,False,0.4484919607639313,,58,0.9780132209724322,,0.7747302352647767,0.0780153188347842,,0.2638347421079869,,1.864396095275879
1:10_TAGCN_focal_loss_s43,43,1:10,TAGCN,focal_loss,GNNExplainer,171381,True,0.6290079951286316,,1,0.8995874275636181,,0.5143079225205753,,menos_de_2_aristas,,menos_de_2_aristas,1.8191063404083248
1:10_TAGCN_focal_loss_s43,43,1:10,TAGCN,focal_loss,GNNExplainer,172466,True,0.5633648633956909,,6,0.9277842646649987,,0.6857984869897746,-0.0457142857142857,,0.6666666666666667,,1.8363606929779053
1:10_TAGCN_focal_loss_s43,43,1:10,TAGCN,focal_loss,GNNExplainer,172476,False,0.408141553401947,,1,0.9049172763643596,,0.4692858924266356,,menos_de_2_aristas,,menos_de_2_aristas,1.819790601730347
1:10_TAGCN_focal_loss_s43,43,1:10,TAGCN,focal_loss,GNNExplainer,172625,False,0.4762152135372162,,0,0.8642945008332072,,0.259768060520409,,menos_de_2_aristas,,menos_de_2_aristas,1.7705856561660769
1:10_TAGCN_focal_loss_s43,43,1:10,TAGCN,focal_loss,GNNExplainer,172800,False,0.4404183030128479,,0,0.8208981858410279,,0.2928356471859673,,menos_de_2_aristas,,menos_de_2_aristas,1.763211727142334
1:10_TAGCN_focal_loss_s43,43,1:10,TAGCN,focal_loss,GNNExplainer,173595,True,0.6241641640663147,,0,0.8694638309334902,,0.2124008645772716,,menos_de_2_aristas,,menos_de_2_aristas,1.7763746976852417
1:10_TAGCN_focal_loss_s43,43,1:10,TAGCN,focal_loss,PGExplainer,139670,True,0.5458452105522156,,1,,no_aplica,,,menos_de_2_aristas,,menos_de_2_aristas,4.7972331047058105
1:10_TAGCN_focal_loss_s43,43,1:10,TAGCN,focal_loss,PGExplainer,139873,True,0.5878920555114746,,1,,no_aplica,,,menos_de_2_aristas,,menos_de_2_aristas,4.79702615737915
1:10_TAGCN_focal_loss_s43,43,1:10,TAGCN,focal_loss,PGExplainer,140575,True,0.5959942936897278,,2,,no_aplica,,-0.1999999999999999,,0.4,,4.797774314880371
1:10_TAGCN_focal_loss_s43,43,1:10,TAGCN,focal_loss,PGExplainer,141068,True,0.65762859582901,,1,,no_aplica,,,menos_de_2_aristas,,menos_de_2_aristas,4.796349048614502
1:10_TAGCN_focal_loss_s43,43,1:10,TAGCN,focal_loss,PGExplainer,148220,True,0.5763745307922363,,2,,no_aplica,,-0.1999999999999999,,0.4,,4.7979912757873535
1:10_TAGCN_focal_loss_s43,43,1:10,TAGCN,focal_loss,PGExplainer,150129,False,0.422602504491806,,0,,no_aplica,,,menos_de_2_aristas,,menos_de_2_aristas,4.795293807983398
1:10_TAGCN_focal_loss_s43,43,1:10,TAGCN,focal_loss,PGExplainer,150346,True,0.6403116583824158,,0,,no_aplica,,,menos_de_2_aristas,,menos_de_2_aristas,4.794754981994629
1:10_TAGCN_focal_loss_s43,43,1:10,TAGCN,focal_loss,PGExplainer,150528,True,0.5278010964393616,,3,,no_aplica,,-0.2,,0.4666666666666666,,4.796339511871338
1:10_TAGCN_focal_loss_s43,43,1:10,TAGCN,focal_loss,PGExplainer,152223,True,0.5357879996299744,,2,,no_aplica,,-0.1999999999999999,,0.4,,4.796378135681152
1:10_TAGCN_focal_loss_s43,43,1:10,TAGCN,focal_loss,PGExplainer,152280,True,0.5482149124145508,,1,,no_aplica,,,menos_de_2_aristas,,menos_de_2_aristas,4.796463489532471
1:10_TAGCN_focal_loss_s43,43,1:10,TAGCN,focal_loss,PGExplainer,153599,False,0.4229143559932709,,3,,no_aplica,,-0.2,,0.5999999999999999,,4.796392440795898
1:10_TAGCN_focal_loss_s43,43,1:10,TAGCN,focal_loss,PGExplainer,155856,True,0.6213003396987915,,2,,no_aplica,,-0.1999999999999999,,0.4,,4.796459197998047
1:10_TAGCN_focal_loss_s43,43,1:10,TAGCN,focal_loss,PGExplainer,158611,False,0.3875452578067779,,3,,no_aplica,,-0.2,,0.5999999999999999,,4.796948432922363
1:10_TAGCN_focal_loss_s43,43,1:10,TAGCN,focal_loss,PGExplainer,158949,True,0.5777108073234558,,2,,no_aplica,,-0.1999999999999999,,0.4,,4.796269416809082
1:10_TAGCN_focal_loss_s43,43,1:10,TAGCN,focal_loss,PGExplainer,159862,False,0.426451712846756,,0,,no_aplica,,,menos_de_2_aristas,,menos_de_2_aristas,4.794906139373779
1:10_TAGCN_focal_loss_s43,43,1:10,TAGCN,focal_loss,PGExplainer,161504,True,0.5935192108154297,,3,,no_aplica,,-0.2,,0.5999999999999999,,4.797029972076416
1:10_TAGCN_focal_loss_s43,43,1:10,TAGCN,focal_loss,PGExplainer,163852,False,0.462179034948349,,3,,no_aplica,,-0.2,,0.5999999999999999,,4.796347618103027
1:10_TAGCN_focal_loss_s43,43,1:10,TAGCN,focal_loss,PGExplainer,165001,True,0.5654701590538025,,1,,no_aplica,,,menos_de_2_aristas,,menos_de_2_aristas,4.796421051025391
1:10_TAGCN_focal_loss_s43,43,1:10,TAGCN,focal_loss,PGExplainer,168077,True,0.5094308853149414,,1,,no_aplica,,,menos_de_2_aristas,,menos_de_2_aristas,4.796459197998047
1:10_TAGCN_focal_loss_s43,43,1:10,TAGCN,focal_loss,PGExplainer,168167,True,0.624679446220398,,1,,no_aplica,,,menos_de_2_aristas,,menos_de_2_aristas,4.796299934387207
1:10_TAGCN_focal_loss_s43,43,1:10,TAGCN,focal_loss,PGExplainer,168250,True,0.5414333343505859,,1,,no_aplica,,,menos_de_2_aristas,,menos_de_2_aristas,4.796564102172852
1:10_TAGCN_focal_loss_s43,43,1:10,TAGCN,focal_loss,PGExplainer,170168,False,0.4079168736934662,,3,,no_aplica,,-0.2,,0.5999999999999999,,4.7963080406188965
1:10_TAGCN_focal_loss_s43,43,1:10,TAGCN,focal_loss,PGExplainer,170185,True,0.5565062761306763,,2,,no_aplica,,-0.1999999999999999,,0.4,,4.796682357788086
1:10_TAGCN_focal_loss_s43,43,1:10,TAGCN,focal_loss,PGExplainer,171111,False,0.4484919607639313,,3,,no_aplica,,-0.1366025403784438,,0.4666666666666666,,4.796640396118164
1:10_TAGCN_focal_loss_s43,43,1:10,TAGCN,focal_loss,PGExplainer,171381,True,0.6290079951286316,,2,,no_aplica,,-0.1999999999999999,,0.4,,4.798104286193848
1:10_TAGCN_focal_loss_s43,43,1:10,TAGCN,focal_loss,PGExplainer,172466,True,0.5633648633956909,,3,,no_aplica,,-0.2,,0.5999999999999999,,4.7968292236328125
1:10_TAGCN_focal_loss_s43,43,1:10,TAGCN,focal_loss,PGExplainer,172476,False,0.408141553401947,,2,,no_aplica,,-0.1999999999999999,,0.4,,4.796860218048096
1:10_TAGCN_focal_loss_s43,43,1:10,TAGCN,focal_loss,PGExplainer,172625,False,0.4762152135372162,,1,,no_aplica,,,menos_de_2_aristas,,menos_de_2_aristas,4.79639196395874
1:10_TAGCN_focal_loss_s43,43,1:10,TAGCN,focal_loss,PGExplainer,172800,False,0.4404183030128479,,1,,no_aplica,,,menos_de_2_aristas,,menos_de_2_aristas,4.796508312225342
1:10_TAGCN_focal_loss_s43,43,1:10,TAGCN,focal_loss,PGExplainer,173595,True,0.6241641640663147,,1,,no_aplica,,,menos_de_2_aristas,,menos_de_2_aristas,4.797054767608643
1:10_TAGCN_focal_loss_s43,43,1:10,TAGCN,focal_loss,ShapleyFeatures,139670,True,0.5458452105522156,,0,0.9938092140921412,,0.9412619502868068,,no_aplica,,no_aplica,0.9437345862388612
1:10_TAGCN_focal_loss_s43,43,1:10,TAGCN,focal_loss,ShapleyFeatures,139873,True,0.5878920555114746,,0,0.9956346504125028,,0.962917116967329,,no_aplica,,no_aplica,0.9411213994026184
1:10_TAGCN_focal_loss_s43,43,1:10,TAGCN,focal_loss,ShapleyFeatures,140575,True,0.5959942936897278,,0,0.9989392421474452,,0.973400116385402,,no_aplica,,no_aplica,0.9498164057731628
1:10_TAGCN_focal_loss_s43,43,1:10,TAGCN,focal_loss,ShapleyFeatures,141068,True,0.65762859582901,,0,0.9999579064854308,,0.9999750602710116,,no_aplica,,no_aplica,0.9408553838729858
1:10_TAGCN_focal_loss_s43,43,1:10,TAGCN,focal_loss,ShapleyFeatures,148220,True,0.5763745307922363,,0,0.9999022283254136,,0.9822745032837312,,no_aplica,,no_aplica,0.9532036185264589
1:10_TAGCN_focal_loss_s43,43,1:10,TAGCN,focal_loss,ShapleyFeatures,150129,False,0.422602504491806,,0,,vector_constante,,,no_aplica,,no_aplica,0.7200193405151367
1:10_TAGCN_focal_loss_s43,43,1:10,TAGCN,focal_loss,ShapleyFeatures,150346,True,0.6403116583824158,,0,,vector_constante,,,no_aplica,,no_aplica,0.7135160565376282
1:10_TAGCN_focal_loss_s43,43,1:10,TAGCN,focal_loss,ShapleyFeatures,150528,True,0.5278010964393616,,0,0.9966578460662968,,0.9110034084296286,,no_aplica,,no_aplica,0.9528412818908693
1:10_TAGCN_focal_loss_s43,43,1:10,TAGCN,focal_loss,ShapleyFeatures,152223,True,0.5357879996299744,,0,0.9979979699887528,,0.9673281237010558,,no_aplica,,no_aplica,0.9555563926696776
1:10_TAGCN_focal_loss_s43,43,1:10,TAGCN,focal_loss,ShapleyFeatures,152280,True,0.5482149124145508,,0,0.988156035958904,,0.9464602211322636,,no_aplica,,no_aplica,0.9404152035713196
1:10_TAGCN_focal_loss_s43,43,1:10,TAGCN,focal_loss,ShapleyFeatures,153599,False,0.4229143559932709,,0,0.9993711818480596,,0.9685609776373764,,no_aplica,,no_aplica,0.948266327381134
1:10_TAGCN_focal_loss_s43,43,1:10,TAGCN,focal_loss,ShapleyFeatures,155856,True,0.6213003396987915,,0,0.9887572033767018,,0.9681968575941476,,no_aplica,,no_aplica,0.9551281929016112
1:10_TAGCN_focal_loss_s43,43,1:10,TAGCN,focal_loss,ShapleyFeatures,158611,False,0.3875452578067779,,0,0.9920962001682512,,0.9484371103167346,,no_aplica,,no_aplica,0.9535684585571288
1:10_TAGCN_focal_loss_s43,43,1:10,TAGCN,focal_loss,ShapleyFeatures,158949,True,0.5777108073234558,,0,0.9994180139908851,,0.9461750768974976,,no_aplica,,no_aplica,0.9484161138534546
1:10_TAGCN_focal_loss_s43,43,1:10,TAGCN,focal_loss,ShapleyFeatures,159862,False,0.426451712846756,,0,,vector_constante,,,no_aplica,,no_aplica,0.7132904529571533
1:10_TAGCN_focal_loss_s43,43,1:10,TAGCN,focal_loss,ShapleyFeatures,161504,True,0.5935192108154297,,0,0.9981625112213056,,0.9999542771635216,,no_aplica,,no_aplica,0.9464673399925232
1:10_TAGCN_focal_loss_s43,43,1:10,TAGCN,focal_loss,ShapleyFeatures,163852,False,0.462179034948349,,0,0.995088976553873,,0.939769723169008,,no_aplica,,no_aplica,0.9502776265144348
1:10_TAGCN_focal_loss_s43,43,1:10,TAGCN,focal_loss,ShapleyFeatures,165001,True,0.5654701590538025,,0,0.9962017993232998,,0.9100956022944552,,no_aplica,,no_aplica,0.9424899220466614
1:10_TAGCN_focal_loss_s43,43,1:10,TAGCN,focal_loss,ShapleyFeatures,168077,True,0.5094308853149414,,0,0.9744673172035824,,0.8443943802477346,,no_aplica,,no_aplica,0.9392293095588684
1:10_TAGCN_focal_loss_s43,43,1:10,TAGCN,focal_loss,ShapleyFeatures,168167,True,0.624679446220398,,0,0.9999136750316312,,0.9999800482168094,,no_aplica,,no_aplica,0.9416963458061218
1:10_TAGCN_focal_loss_s43,43,1:10,TAGCN,focal_loss,ShapleyFeatures,168250,True,0.5414333343505859,,0,0.9887930022074742,,0.8048100423975392,,no_aplica,,no_aplica,0.9383817315101624
1:10_TAGCN_focal_loss_s43,43,1:10,TAGCN,focal_loss,ShapleyFeatures,170168,False,0.4079168736934662,,0,0.9986054000134186,,0.9819860337517669,,no_aplica,,no_aplica,0.9437441229820251
1:10_TAGCN_focal_loss_s43,43,1:10,TAGCN,focal_loss,ShapleyFeatures,170185,True,0.5565062761306763,,0,0.9986824765609124,,0.9356164269681604,,no_aplica,,no_aplica,0.9471806287765504
1:10_TAGCN_focal_loss_s43,43,1:10,TAGCN,focal_loss,ShapleyFeatures,171111,False,0.4484919607639313,,0,0.9629476170058734,,0.7062498960844626,,no_aplica,,no_aplica,3.2015366554260254
1:10_TAGCN_focal_loss_s43,43,1:10,TAGCN,focal_loss,ShapleyFeatures,171381,True,0.6290079951286316,,0,0.9994886834018548,,0.9734009477097016,,no_aplica,,no_aplica,0.9479235410690308
1:10_TAGCN_focal_loss_s43,43,1:10,TAGCN,focal_loss,ShapleyFeatures,172466,True,0.5633648633956909,,0,0.9945658657363116,,0.999812952032588,,no_aplica,,no_aplica,0.9529585242271424
1:10_TAGCN_focal_loss_s43,43,1:10,TAGCN,focal_loss,ShapleyFeatures,172476,False,0.408141553401947,,0,0.994757529000094,,0.8938166098595062,,no_aplica,,no_aplica,0.952523708343506
1:10_TAGCN_focal_loss_s43,43,1:10,TAGCN,focal_loss,ShapleyFeatures,172625,False,0.4762152135372162,,0,0.9967242766388326,,0.8902635298029761,,no_aplica,,no_aplica,0.9434879422187804
1:10_TAGCN_focal_loss_s43,43,1:10,TAGCN,focal_loss,ShapleyFeatures,172800,False,0.4404183030128479,,0,0.9974630555462722,,0.9728797073738468,,no_aplica,,no_aplica,0.9404302835464478
1:10_TAGCN_focal_loss_s43,43,1:10,TAGCN,focal_loss,ShapleyFeatures,173595,True,0.6241641640663147,,0,0.9999261313956648,,0.9999800482168094,,no_aplica,,no_aplica,0.9352731704711914
1:10_TAGCN_none_s43,43,1:10,TAGCN,none,GNNExplainer,139670,False,0.3423046171665191,,0,0.9296370416185932,,0.9403857344750188,,menos_de_2_aristas,,menos_de_2_aristas,1.5379899740219116
1:10_TAGCN_none_s43,43,1:10,TAGCN,none,GNNExplainer,139873,False,0.4676388800144195,,0,0.8999251770883582,,0.6644575608945049,,menos_de_2_aristas,,menos_de_2_aristas,1.5493614673614502
1:10_TAGCN_none_s43,43,1:10,TAGCN,none,GNNExplainer,140575,False,0.4370794594287872,,1,0.9158031556904976,,0.818516917449497,,menos_de_2_aristas,,menos_de_2_aristas,1.642922043800354
1:10_TAGCN_none_s43,43,1:10,TAGCN,none,GNNExplainer,141068,True,0.6401973962783813,,0,0.8961699882413242,,0.4980206168426303,,menos_de_2_aristas,,menos_de_2_aristas,1.5318942070007324
1:10_TAGCN_none_s43,43,1:10,TAGCN,none,GNNExplainer,148220,True,0.5948960781097412,,1,0.9337954201892392,,0.6975858342339347,,menos_de_2_aristas,,menos_de_2_aristas,1.576083779335022
1:10_TAGCN_none_s43,43,1:10,TAGCN,none,GNNExplainer,150129,False,0.0133050130680203,,0,0.8472945684551595,,0.5395053620417325,,menos_de_2_aristas,,menos_de_2_aristas,1.3324897289276123
1:10_TAGCN_none_s43,43,1:10,TAGCN,none,GNNExplainer,150346,True,0.5461342334747314,,0,0.9206853446897664,,0.6390148807049629,,menos_de_2_aristas,,menos_de_2_aristas,1.4761052131652832
1:10_TAGCN_none_s43,43,1:10,TAGCN,none,GNNExplainer,150528,False,0.4791509211063385,,2,0.9232162252953364,,0.7148349821265275,0.1999999999999999,,0.6,,1.640395998954773
1:10_TAGCN_none_s43,43,1:10,TAGCN,none,GNNExplainer,152223,True,0.6149255633354187,,1,0.9451856594110116,,0.7084196525064429,,menos_de_2_aristas,,menos_de_2_aristas,1.6106458902359009
1:10_TAGCN_none_s43,43,1:10,TAGCN,none,GNNExplainer,152280,True,0.5624457001686096,,0,0.8945253216088584,,0.6653188128689,,menos_de_2_aristas,,menos_de_2_aristas,1.706580638885498
1:10_TAGCN_none_s43,43,1:10,TAGCN,none,GNNExplainer,153599,False,0.0177448820322752,,9,0.9768205308656974,,0.8865832571286058,-0.0349999999999999,,0.8,,1.7155728340148926
1:10_TAGCN_none_s43,43,1:10,TAGCN,none,GNNExplainer,155856,True,0.6898133158683777,,1,0.8649204946996465,,0.6347327292376755,,menos_de_2_aristas,,menos_de_2_aristas,1.65522038936615
1:10_TAGCN_none_s43,43,1:10,TAGCN,none,GNNExplainer,158611,False,0.275726169347763,,1,0.837392434924805,,0.8236495136752847,,menos_de_2_aristas,,menos_de_2_aristas,1.6369526386260986
1:10_TAGCN_none_s43,43,1:10,TAGCN,none,GNNExplainer,158949,True,0.708349883556366,,1,0.9412724809776344,,0.7688353146562474,,menos_de_2_aristas,,menos_de_2_aristas,1.6596218347549438
1:10_TAGCN_none_s43,43,1:10,TAGCN,none,GNNExplainer,159862,False,0.0125219635665416,,0,0.8767488922176703,,0.4150918613351068,,menos_de_2_aristas,,menos_de_2_aristas,1.364346623420715
1:10_TAGCN_none_s43,43,1:10,TAGCN,none,GNNExplainer,161504,False,0.4973348379135132,,2,0.9260602319161276,,0.9158491977720508,-0.1999999999999999,,0.4,,1.7070127725601196
1:10_TAGCN_none_s43,43,1:10,TAGCN,none,GNNExplainer,163852,True,0.5007352828979492,,3,0.9777221485638916,,0.6868052207166017,-0.1,,0.5333333333333333,,1.773448824882507
1:10_TAGCN_none_s43,43,1:10,TAGCN,none,GNNExplainer,165001,False,0.474077820777893,,0,0.90949531954373,,0.7954884030260205,,menos_de_2_aristas,,menos_de_2_aristas,1.6407936811447144
1:10_TAGCN_none_s43,43,1:10,TAGCN,none,GNNExplainer,168077,False,0.2726393342018127,,0,0.8909969389328107,,0.7025305511680107,,menos_de_2_aristas,,menos_de_2_aristas,1.5444238185882568
1:10_TAGCN_none_s43,43,1:10,TAGCN,none,GNNExplainer,168167,True,0.5858731269836426,,0,0.8889462822100361,,0.5924898162773298,,menos_de_2_aristas,,menos_de_2_aristas,1.5990198850631714
1:10_TAGCN_none_s43,43,1:10,TAGCN,none,GNNExplainer,168250,False,0.4295337498188019,,0,0.9245752438109528,,0.8741092360129686,,menos_de_2_aristas,,menos_de_2_aristas,1.537574052810669
1:10_TAGCN_none_s43,43,1:10,TAGCN,none,GNNExplainer,170168,False,0.1074744313955307,,4,0.955808890166,,0.71597888436279,0.0799999999999999,,0.65,,1.5607433319091797
1:10_TAGCN_none_s43,43,1:10,TAGCN,none,GNNExplainer,170185,True,0.6304338574409485,,1,0.9310889173424386,,0.6756322221298529,,menos_de_2_aristas,,menos_de_2_aristas,1.5737508535385132
1:10_TAGCN_none_s43,43,1:10,TAGCN,none,GNNExplainer,171111,False,0.28262659907341,,58,0.9875037901100504,,0.8017150220300939,0.1473930296225661,,0.2836055212862777,,1.6660147905349731
1:10_TAGCN_none_s43,43,1:10,TAGCN,none,GNNExplainer,171381,True,0.5711314678192139,,1,0.9441292173435032,,0.7361152215479259,,menos_de_2_aristas,,menos_de_2_aristas,1.6861809492111206
1:10_TAGCN_none_s43,43,1:10,TAGCN,none,GNNExplainer,172466,False,0.2240461409091949,,6,0.9546138448707256,,0.7873331116468536,0.04,,0.6666666666666667,,1.6182966232299805
1:10_TAGCN_none_s43,43,1:10,TAGCN,none,GNNExplainer,172476,False,0.1184039562940597,,1,0.9330101567162532,,0.7183681103998671,,menos_de_2_aristas,,menos_de_2_aristas,1.6590015888214111
1:10_TAGCN_none_s43,43,1:10,TAGCN,none,GNNExplainer,172625,False,0.2557571232318878,,0,0.905912560041861,,0.6495909884445923,,menos_de_2_aristas,,menos_de_2_aristas,1.684039831161499
1:10_TAGCN_none_s43,43,1:10,TAGCN,none,GNNExplainer,172800,False,0.1031606271862983,,0,0.912996435311386,,0.9629935988028931,,menos_de_2_aristas,,menos_de_2_aristas,1.63494610786438
1:10_TAGCN_none_s43,43,1:10,TAGCN,none,GNNExplainer,173595,False,0.4945731163024902,,0,0.9215493069840338,,0.7428664061850527,,menos_de_2_aristas,,menos_de_2_aristas,1.705883502960205
1:10_TAGCN_none_s43,43,1:10,TAGCN,none,PGExplainer,139670,False,0.3423046171665191,,1,,no_aplica,,,menos_de_2_aristas,,menos_de_2_aristas,4.353121757507324
1:10_TAGCN_none_s43,43,1:10,TAGCN,none,PGExplainer,139873,False,0.4676388800144195,,1,,no_aplica,,,menos_de_2_aristas,,menos_de_2_aristas,4.351555824279785
1:10_TAGCN_none_s43,43,1:10,TAGCN,none,PGExplainer,140575,False,0.4370794594287872,,2,,no_aplica,,-0.3333333333333333,,0.4,,4.351230621337891
1:10_TAGCN_none_s43,43,1:10,TAGCN,none,PGExplainer,141068,True,0.6401973962783813,,1,,no_aplica,,,menos_de_2_aristas,,menos_de_2_aristas,4.351797580718994
1:10_TAGCN_none_s43,43,1:10,TAGCN,none,PGExplainer,148220,True,0.5948960781097412,,2,,no_aplica,,-0.3333333333333333,,0.6,,4.350722312927246
1:10_TAGCN_none_s43,43,1:10,TAGCN,none,PGExplainer,150129,False,0.0133050130680203,,0,,no_aplica,,,menos_de_2_aristas,,menos_de_2_aristas,4.349425315856934
1:10_TAGCN_none_s43,43,1:10,TAGCN,none,PGExplainer,150346,True,0.5461342334747314,,0,,no_aplica,,,menos_de_2_aristas,,menos_de_2_aristas,4.350427150726318
1:10_TAGCN_none_s43,43,1:10,TAGCN,none,PGExplainer,150528,False,0.4791509211063385,,3,,no_aplica,,1.0,,1.0,,4.35228967666626
1:10_TAGCN_none_s43,43,1:10,TAGCN,none,PGExplainer,152223,True,0.6149255633354187,,2,,no_aplica,,1.0,,1.0,,4.351943492889404
1:10_TAGCN_none_s43,43,1:10,TAGCN,none,PGExplainer,152280,True,0.5624457001686096,,1,,no_aplica,,,menos_de_2_aristas,,menos_de_2_aristas,4.351085186004639
1:10_TAGCN_none_s43,43,1:10,TAGCN,none,PGExplainer,153599,False,0.0177448820322752,,3,,no_aplica,,1.0,,0.5999999999999999,,4.352230548858643
1:10_TAGCN_none_s43,43,1:10,TAGCN,none,PGExplainer,155856,True,0.6898133158683777,,2,,no_aplica,,1.0,,1.0,,4.351712703704834
1:10_TAGCN_none_s43,43,1:10,TAGCN,none,PGExplainer,158611,False,0.275726169347763,,3,,no_aplica,,1.0,,1.0,,4.351017475128174
1:10_TAGCN_none_s43,43,1:10,TAGCN,none,PGExplainer,158949,True,0.708349883556366,,2,,no_aplica,,1.0,,1.0,,4.350934505462647
1:10_TAGCN_none_s43,43,1:10,TAGCN,none,PGExplainer,159862,False,0.0125219635665416,,0,,no_aplica,,,menos_de_2_aristas,,menos_de_2_aristas,4.35020637512207
1:10_TAGCN_none_s43,43,1:10,TAGCN,none,PGExplainer,161504,False,0.4973348379135132,,3,,no_aplica,,-0.1196152422706632,,0.5999999999999999,,4.350771427154541
1:10_TAGCN_none_s43,43,1:10,TAGCN,none,PGExplainer,163852,True,0.5007352828979492,,3,,no_aplica,,1.0,,1.0,,4.351076126098633
1:10_TAGCN_none_s43,43,1:10,TAGCN,none,PGExplainer,165001,False,0.474077820777893,,1,,no_aplica,,,menos_de_2_aristas,,menos_de_2_aristas,4.350828170776367
1:10_TAGCN_none_s43,43,1:10,TAGCN,none,PGExplainer,168077,False,0.2726393342018127,,1,,no_aplica,,,menos_de_2_aristas,,menos_de_2_aristas,4.351254940032959
1:10_TAGCN_none_s43,43,1:10,TAGCN,none,PGExplainer,168167,True,0.5858731269836426,,1,,no_aplica,,,menos_de_2_aristas,,menos_de_2_aristas,4.35161828994751
1:10_TAGCN_none_s43,43,1:10,TAGCN,none,PGExplainer,168250,False,0.4295337498188019,,1,,no_aplica,,,menos_de_2_aristas,,menos_de_2_aristas,4.350620269775391
1:10_TAGCN_none_s43,43,1:10,TAGCN,none,PGExplainer,170168,False,0.1074744313955307,,3,,no_aplica,,1.0,,0.5999999999999999,,4.350797653198242
1:10_TAGCN_none_s43,43,1:10,TAGCN,none,PGExplainer,170185,True,0.6304338574409485,,2,,no_aplica,,1.0,,1.0,,4.351253986358643
1:10_TAGCN_none_s43,43,1:10,TAGCN,none,PGExplainer,171111,False,0.28262659907341,,3,,no_aplica,,-0.2440169358562924,,0.5999999999999999,,4.350863933563232
1:10_TAGCN_none_s43,43,1:10,TAGCN,none,PGExplainer,171381,True,0.5711314678192139,,2,,no_aplica,,-0.1999999999999999,,0.4,,4.350548267364502
1:10_TAGCN_none_s43,43,1:10,TAGCN,none,PGExplainer,172466,False,0.2240461409091949,,3,,no_aplica,,1.0,,1.0,,4.3513383865356445
1:10_TAGCN_none_s43,43,1:10,TAGCN,none,PGExplainer,172476,False,0.1184039562940597,,2,,no_aplica,,1.0,,1.0,,4.351109981536865
1:10_TAGCN_none_s43,43,1:10,TAGCN,none,PGExplainer,172625,False,0.2557571232318878,,1,,no_aplica,,,menos_de_2_aristas,,menos_de_2_aristas,4.350775241851807
1:10_TAGCN_none_s43,43,1:10,TAGCN,none,PGExplainer,172800,False,0.1031606271862983,,1,,no_aplica,,,menos_de_2_aristas,,menos_de_2_aristas,4.350669860839844
1:10_TAGCN_none_s43,43,1:10,TAGCN,none,PGExplainer,173595,False,0.4945731163024902,,1,,no_aplica,,,menos_de_2_aristas,,menos_de_2_aristas,4.352452754974365
1:10_TAGCN_none_s43,43,1:10,TAGCN,none,ShapleyFeatures,139670,False,0.3423046171665191,,0,0.998757994579946,,0.9640485493390972,,no_aplica,,no_aplica,0.9459011554718018
1:10_TAGCN_none_s43,43,1:10,TAGCN,none,ShapleyFeatures,139873,False,0.4676388800144195,,0,0.9987452335884562,,0.9532205503366864,,no_aplica,,no_aplica,0.9593111276626588
1:10_TAGCN_none_s43,43,1:10,TAGCN,none,ShapleyFeatures,140575,False,0.4370794594287872,,0,0.99837707612855,,0.967762074985452,,no_aplica,,no_aplica,0.9677459001541138
1:10_TAGCN_none_s43,43,1:10,TAGCN,none,ShapleyFeatures,141068,True,0.6401973962783813,,0,0.9991035994738312,,0.9999351567046306,,no_aplica,,no_aplica,0.9320885539054872
1:10_TAGCN_none_s43,43,1:10,TAGCN,none,ShapleyFeatures,148220,True,0.5948960781097412,,0,0.9993514714985086,,0.964026103583008,,no_aplica,,no_aplica,0.9561612606048584
1:10_TAGCN_none_s43,43,1:10,TAGCN,none,ShapleyFeatures,150129,False,0.0133050130680203,,0,,vector_constante,,,no_aplica,,no_aplica,0.7054223418235779
1:10_TAGCN_none_s43,43,1:10,TAGCN,none,ShapleyFeatures,150346,True,0.5461342334747314,,0,,vector_constante,,,no_aplica,,no_aplica,0.6959348320960999
1:10_TAGCN_none_s43,43,1:10,TAGCN,none,ShapleyFeatures,150528,False,0.4791509211063385,,0,0.997725138711054,,0.967982375924848,,no_aplica,,no_aplica,0.9315054416656494
1:10_TAGCN_none_s43,43,1:10,TAGCN,none,ShapleyFeatures,152223,True,0.6149255633354187,,0,0.9958702987408444,,0.9598279158699808,,no_aplica,,no_aplica,0.9263821244239808
1:10_TAGCN_none_s43,43,1:10,TAGCN,none,ShapleyFeatures,152280,True,0.5624457001686096,,0,0.9952298414696512,,0.9638082966165102,,no_aplica,,no_aplica,0.9288180470466614
1:10_TAGCN_none_s43,43,1:10,TAGCN,none,ShapleyFeatures,153599,False,0.0177448820322752,,0,0.9978866234132996,,0.9729387313991188,,no_aplica,,no_aplica,0.9831393361091614
1:10_TAGCN_none_s43,43,1:10,TAGCN,none,ShapleyFeatures,155856,True,0.6898133158683777,,0,0.9953261440889348,,0.9272358467037992,,no_aplica,,no_aplica,1.0029255151748655
1:10_TAGCN_none_s43,43,1:10,TAGCN,none,ShapleyFeatures,158611,False,0.275726169347763,,0,0.9964405081778432,,0.9681893756754508,,no_aplica,,no_aplica,0.9307151436805724
1:10_TAGCN_none_s43,43,1:10,TAGCN,none,ShapleyFeatures,158949,True,0.708349883556366,,0,0.9991759310324806,,0.9350361626070331,,no_aplica,,no_aplica,0.9256685376167296
1:10_TAGCN_none_s43,43,1:10,TAGCN,none,ShapleyFeatures,159862,False,0.0125219635665416,,0,,vector_constante,,,no_aplica,,no_aplica,0.693703293800354
1:10_TAGCN_none_s43,43,1:10,TAGCN,none,ShapleyFeatures,161504,False,0.4973348379135132,,0,0.9974265334473176,,0.999840385734475,,no_aplica,,no_aplica,0.9254263043403624
1:10_TAGCN_none_s43,43,1:10,TAGCN,none,ShapleyFeatures,163852,True,0.5007352828979492,,0,0.9985864897599648,,0.9310549505362044,,no_aplica,,no_aplica,0.9235036969184875
1:10_TAGCN_none_s43,43,1:10,TAGCN,none,ShapleyFeatures,165001,False,0.474077820777893,,0,0.998635070071118,,0.9638947543436694,,no_aplica,,no_aplica,0.91581791639328
1:10_TAGCN_none_s43,43,1:10,TAGCN,none,ShapleyFeatures,168077,False,0.2726393342018127,,0,0.9903798957358644,,0.9142272840635132,,no_aplica,,no_aplica,0.916169822216034
1:10_TAGCN_none_s43,43,1:10,TAGCN,none,ShapleyFeatures,168167,True,0.5858731269836426,,0,0.9977941995827624,,0.9637625737800316,,no_aplica,,no_aplica,0.9176365733146667
1:10_TAGCN_none_s43,43,1:10,TAGCN,none,ShapleyFeatures,168250,False,0.4295337498188019,,0,0.9941955751291364,,0.925153379333278,,no_aplica,,no_aplica,0.9168365001678468
1:10_TAGCN_none_s43,43,1:10,TAGCN,none,ShapleyFeatures,170168,False,0.1074744313955307,,0,0.9980813852618452,,0.999934325380331,,no_aplica,,no_aplica,0.9238781332969666
1:10_TAGCN_none_s43,43,1:10,TAGCN,none,ShapleyFeatures,170185,True,0.6304338574409485,,0,0.9965446956901484,,0.96444675367861,,no_aplica,,no_aplica,0.9163489937782288
1:10_TAGCN_none_s43,43,1:10,TAGCN,none,ShapleyFeatures,171111,False,0.28262659907341,,0,0.9921144444741272,,0.9683730983456648,,no_aplica,,no_aplica,2.234091281890869
1:10_TAGCN_none_s43,43,1:10,TAGCN,none,ShapleyFeatures,171381,True,0.5711314678192139,,0,0.9994378885037956,,0.9500473854850778,,no_aplica,,no_aplica,0.9201540946960448
1:10_TAGCN_none_s43,43,1:10,TAGCN,none,ShapleyFeatures,172466,False,0.2240461409091949,,0,0.9985647965786952,,0.9727375509186134,,no_aplica,,no_aplica,0.9163601398468018
1:10_TAGCN_none_s43,43,1:10,TAGCN,none,ShapleyFeatures,172476,False,0.1184039562940597,,0,0.9948325726800074,,0.933959597639039,,no_aplica,,no_aplica,0.9172030091285706
1:10_TAGCN_none_s43,43,1:10,TAGCN,none,ShapleyFeatures,172625,False,0.2557571232318878,,0,0.9958035342746968,,0.9510616011306012,,no_aplica,,no_aplica,0.9268154501914978
1:10_TAGCN_none_s43,43,1:10,TAGCN,none,ShapleyFeatures,172800,False,0.1031606271862983,,0,0.9973586624886592,,0.9684537368027268,,no_aplica,,no_aplica,0.9469977021217346
1:10_TAGCN_none_s43,43,1:10,TAGCN,none,ShapleyFeatures,173595,False,0.4945731163024902,,0,0.999865830494166,,0.9819843711031676,,no_aplica,,no_aplica,0.9517109990119934
1:10_os_TAGCN_class_weighting_s43,43,1:10_os,TAGCN,class_weighting,GNNExplainer,139670,True,0.6353262662887573,,0,0.972897363005959,,0.9697888436278994,,menos_de_2_aristas,,menos_de_2_aristas,1.801740050315857
1:10_os_TAGCN_class_weighting_s43,43,1:10_os,TAGCN,class_weighting,GNNExplainer,139873,True,0.8905771374702454,,0,0.9650363436238484,,0.8931922853104997,,menos_de_2_aristas,,menos_de_2_aristas,1.543642282485962
1:10_os_TAGCN_class_weighting_s43,43,1:10_os,TAGCN,class_weighting,GNNExplainer,140575,True,0.9730287194252014,,1,0.9545162337382552,,0.8517632388394712,,menos_de_2_aristas,,menos_de_2_aristas,1.5734795331954956
1:10_os_TAGCN_class_weighting_s43,43,1:10_os,TAGCN,class_weighting,GNNExplainer,141068,True,0.9751530885696412,,0,0.9431121295263364,,0.7825413583839056,,menos_de_2_aristas,,menos_de_2_aristas,1.5705273151397705
1:10_os_TAGCN_class_weighting_s43,43,1:10_os,TAGCN,class_weighting,GNNExplainer,148220,True,0.9894445538520812,,1,0.9416163708638936,,0.7605071078227617,,menos_de_2_aristas,,menos_de_2_aristas,1.592140793800354
1:10_os_TAGCN_class_weighting_s43,43,1:10_os,TAGCN,class_weighting,GNNExplainer,150129,False,0.0726291239261627,,0,0.9587605886256118,,0.8978851109817938,,menos_de_2_aristas,,menos_de_2_aristas,1.355613350868225
1:10_os_TAGCN_class_weighting_s43,43,1:10_os,TAGCN,class_weighting,GNNExplainer,150346,False,0.2933300733566284,,0,0.977517551566052,,0.8171743287056282,,menos_de_2_aristas,,menos_de_2_aristas,1.3561952114105225
1:10_os_TAGCN_class_weighting_s43,43,1:10_os,TAGCN,class_weighting,GNNExplainer,150528,False,0.3240007758140564,,2,0.9799540899165782,,0.7948516086125197,-0.1999999999999999,,0.4,,1.584670066833496
1:10_os_TAGCN_class_weighting_s43,43,1:10_os,TAGCN,class_weighting,GNNExplainer,152223,False,0.0921947956085205,,1,0.9807634087352396,,0.8644209826253222,,menos_de_2_aristas,,menos_de_2_aristas,1.5770151615142822
1:10_os_TAGCN_class_weighting_s43,43,1:10_os,TAGCN,class_weighting,GNNExplainer,152280,True,0.9810617566108704,,0,0.9531222335716716,,0.8737559231856347,,menos_de_2_aristas,,menos_de_2_aristas,1.5228524208068848
1:10_os_TAGCN_class_weighting_s43,43,1:10_os,TAGCN,class_weighting,GNNExplainer,153599,False,0.0093696760013699,,9,0.993178533577416,,0.8966472690996758,-0.0983333333333333,,0.8,,1.5742979049682615
1:10_os_TAGCN_class_weighting_s43,43,1:10_os,TAGCN,class_weighting,GNNExplainer,155856,False,0.4915861189365387,,1,0.9599022914658956,,0.8160113060104747,,menos_de_2_aristas,,menos_de_2_aristas,1.5563371181488037
1:10_os_TAGCN_class_weighting_s43,43,1:10_os,TAGCN,class_weighting,GNNExplainer,158611,False,7.919717063487042e-06,,1,0.618406562474868,,0.2865774378585086,,menos_de_2_aristas,,menos_de_2_aristas,1.5588887929916382
1:10_os_TAGCN_class_weighting_s43,43,1:10_os,TAGCN,class_weighting,GNNExplainer,158949,True,0.9552758932113647,,1,0.967821074475444,,0.7749463795826752,,menos_de_2_aristas,,menos_de_2_aristas,1.5111979246139526
1:10_os_TAGCN_class_weighting_s43,43,1:10_os,TAGCN,class_weighting,GNNExplainer,159862,False,0.007671876810491,,0,0.9242126045989952,,0.7678718097930002,,menos_de_2_aristas,,menos_de_2_aristas,1.2675966024398804
1:10_os_TAGCN_class_weighting_s43,43,1:10_os,TAGCN,class_weighting,GNNExplainer,161504,True,0.973257541656494,,2,0.9550318423675864,,0.7820808047219221,-0.1999999999999999,,0.4,,1.4906795024871826
1:10_os_TAGCN_class_weighting_s43,43,1:10_os,TAGCN,class_weighting,GNNExplainer,163852,True,0.7542662620544434,,3,0.9770420493655844,,0.7940892842297781,0.2,,0.5999999999999999,,1.5245651006698608
1:10_os_TAGCN_class_weighting_s43,43,1:10_os,TAGCN,class_weighting,GNNExplainer,165001,True,0.9649506211280824,,0,0.9575119241611456,,0.829570205337102,,menos_de_2_aristas,,menos_de_2_aristas,1.4799320697784424
1:10_os_TAGCN_class_weighting_s43,43,1:10_os,TAGCN,class_weighting,GNNExplainer,168077,True,0.5400660037994385,,0,0.9765133196796524,,0.945108487821099,,menos_de_2_aristas,,menos_de_2_aristas,1.4680544137954712
1:10_os_TAGCN_class_weighting_s43,43,1:10_os,TAGCN,class_weighting,GNNExplainer,168167,True,0.896232008934021,,0,0.945016805236158,,0.9082334358633304,,menos_de_2_aristas,,menos_de_2_aristas,1.443071961402893
1:10_os_TAGCN_class_weighting_s43,43,1:10_os,TAGCN,class_weighting,GNNExplainer,168250,False,0.0132824471220374,,0,0.9431333833458364,,0.8652905478427135,,menos_de_2_aristas,,menos_de_2_aristas,1.4796048402786257
1:10_os_TAGCN_class_weighting_s43,43,1:10_os,TAGCN,class_weighting,GNNExplainer,170168,False,0.0844841971993446,,4,0.9916875732189828,,0.8351458974145816,-0.12,,0.65,,1.5471199750900269
1:10_os_TAGCN_class_weighting_s43,43,1:10_os,TAGCN,class_weighting,GNNExplainer,170185,False,0.4850889146327972,,1,0.9863807084933848,,0.8381336769473771,,menos_de_2_aristas,,menos_de_2_aristas,1.576798677444458
1:10_os_TAGCN_class_weighting_s43,43,1:10_os,TAGCN,class_weighting,GNNExplainer,171111,False,0.0155811822041869,,58,0.9863922025915672,,0.8683597971568711,0.0590605678427512,,0.2514691507101374,,1.576109766960144
1:10_os_TAGCN_class_weighting_s43,43,1:10_os,TAGCN,class_weighting,GNNExplainer,171381,True,0.9709686636924744,,1,0.9646613527565908,,0.9329536952365116,,menos_de_2_aristas,,menos_de_2_aristas,1.5698087215423584
1:10_os_TAGCN_class_weighting_s43,43,1:10_os,TAGCN,class_weighting,GNNExplainer,172466,True,0.9908202290534972,,6,0.981137614678899,,0.8676631473937982,-0.1028571428571428,,0.6666666666666667,,1.5711690187454224
1:10_os_TAGCN_class_weighting_s43,43,1:10_os,TAGCN,class_weighting,GNNExplainer,172476,False,0.0098947836086153,,1,0.9789905727105944,,0.8419220217806966,,menos_de_2_aristas,,menos_de_2_aristas,1.589888334274292
1:10_os_TAGCN_class_weighting_s43,43,1:10_os,TAGCN,class_weighting,GNNExplainer,172625,False,0.0102717243134975,,0,0.940635661263445,,0.8219852024274671,,menos_de_2_aristas,,menos_de_2_aristas,1.5263315439224243
1:10_os_TAGCN_class_weighting_s43,43,1:10_os,TAGCN,class_weighting,GNNExplainer,172800,False,0.3529443442821502,,0,0.9642261444241184,,0.8952548008978303,,menos_de_2_aristas,,menos_de_2_aristas,1.520360231399536
1:10_os_TAGCN_class_weighting_s43,43,1:10_os,TAGCN,class_weighting,GNNExplainer,173595,True,0.5160620212554932,,0,0.9739323146243511,,0.9216435281403276,,menos_de_2_aristas,,menos_de_2_aristas,1.517836332321167
1:10_os_TAGCN_class_weighting_s43,43,1:10_os,TAGCN,class_weighting,PGExplainer,139670,True,0.6353262662887573,,1,,no_aplica,,,menos_de_2_aristas,,menos_de_2_aristas,4.153797149658203
1:10_os_TAGCN_class_weighting_s43,43,1:10_os,TAGCN,class_weighting,PGExplainer,139873,True,0.8905771374702454,,1,,no_aplica,,,menos_de_2_aristas,,menos_de_2_aristas,4.153620719909668
1:10_os_TAGCN_class_weighting_s43,43,1:10_os,TAGCN,class_weighting,PGExplainer,140575,True,0.9730287194252014,,2,,no_aplica,,-0.3333333333333333,,0.4,,4.15324592590332
1:10_os_TAGCN_class_weighting_s43,43,1:10_os,TAGCN,class_weighting,PGExplainer,141068,True,0.9751530885696412,,1,,no_aplica,,,menos_de_2_aristas,,menos_de_2_aristas,4.15287446975708
1:10_os_TAGCN_class_weighting_s43,43,1:10_os,TAGCN,class_weighting,PGExplainer,148220,True,0.9894445538520812,,2,,no_aplica,,3.7007434154171876e-17,,0.4,,4.153373718261719
1:10_os_TAGCN_class_weighting_s43,43,1:10_os,TAGCN,class_weighting,PGExplainer,150129,False,0.0726291239261627,,0,,no_aplica,,,menos_de_2_aristas,,menos_de_2_aristas,4.151665687561035
1:10_os_TAGCN_class_weighting_s43,43,1:10_os,TAGCN,class_weighting,PGExplainer,150346,False,0.2933300733566284,,0,,no_aplica,,,menos_de_2_aristas,,menos_de_2_aristas,4.151732444763184
1:10_os_TAGCN_class_weighting_s43,43,1:10_os,TAGCN,class_weighting,PGExplainer,150528,False,0.3240007758140564,,3,,no_aplica,,-0.1220084679281462,,0.4666666666666666,,4.152941703796387
1:10_os_TAGCN_class_weighting_s43,43,1:10_os,TAGCN,class_weighting,PGExplainer,152223,False,0.0921947956085205,,2,,no_aplica,,-0.3333333333333333,,0.6,,4.153083324432373
1:10_os_TAGCN_class_weighting_s43,43,1:10_os,TAGCN,class_weighting,PGExplainer,152280,True,0.9810617566108704,,1,,no_aplica,,,menos_de_2_aristas,,menos_de_2_aristas,4.153140068054199
1:10_os_TAGCN_class_weighting_s43,43,1:10_os,TAGCN,class_weighting,PGExplainer,153599,False,0.0093696760013699,,3,,no_aplica,,-0.3333333333333333,,0.4666666666666666,,4.153025627136231
1:10_os_TAGCN_class_weighting_s43,43,1:10_os,TAGCN,class_weighting,PGExplainer,155856,False,0.4915861189365387,,2,,no_aplica,,-0.3333333333333333,,0.6,,4.152825355529785
1:10_os_TAGCN_class_weighting_s43,43,1:10_os,TAGCN,class_weighting,PGExplainer,158611,False,7.919717063487042e-06,,3,,no_aplica,,1.0,,0.5999999999999999,,4.153098583221436
1:10_os_TAGCN_class_weighting_s43,43,1:10_os,TAGCN,class_weighting,PGExplainer,158949,True,0.9552758932113647,,2,,no_aplica,,-0.3333333333333332,,0.4,,4.153188705444336
1:10_os_TAGCN_class_weighting_s43,43,1:10_os,TAGCN,class_weighting,PGExplainer,159862,False,0.007671876810491,,0,,no_aplica,,,menos_de_2_aristas,,menos_de_2_aristas,4.151589870452881
1:10_os_TAGCN_class_weighting_s43,43,1:10_os,TAGCN,class_weighting,PGExplainer,161504,True,0.973257541656494,,3,,no_aplica,,-0.1220084679281462,,0.5999999999999999,,4.152831554412842
1:10_os_TAGCN_class_weighting_s43,43,1:10_os,TAGCN,class_weighting,PGExplainer,163852,True,0.7542662620544434,,3,,no_aplica,,0.0446581987385204,,0.5999999999999999,,4.152860641479492
1:10_os_TAGCN_class_weighting_s43,43,1:10_os,TAGCN,class_weighting,PGExplainer,165001,True,0.9649506211280824,,1,,no_aplica,,,menos_de_2_aristas,,menos_de_2_aristas,4.152949333190918
1:10_os_TAGCN_class_weighting_s43,43,1:10_os,TAGCN,class_weighting,PGExplainer,168077,True,0.5400660037994385,,1,,no_aplica,,,menos_de_2_aristas,,menos_de_2_aristas,4.152745246887207
1:10_os_TAGCN_class_weighting_s43,43,1:10_os,TAGCN,class_weighting,PGExplainer,168167,True,0.896232008934021,,1,,no_aplica,,,menos_de_2_aristas,,menos_de_2_aristas,4.152846336364746
1:10_os_TAGCN_class_weighting_s43,43,1:10_os,TAGCN,class_weighting,PGExplainer,168250,False,0.0132824471220374,,1,,no_aplica,,,menos_de_2_aristas,,menos_de_2_aristas,4.152915000915527
1:10_os_TAGCN_class_weighting_s43,43,1:10_os,TAGCN,class_weighting,PGExplainer,170168,False,0.0844841971993446,,3,,no_aplica,,-0.2440169358562924,,0.7333333333333333,,4.153091430664063
1:10_os_TAGCN_class_weighting_s43,43,1:10_os,TAGCN,class_weighting,PGExplainer,170185,False,0.4850889146327972,,2,,no_aplica,,-0.3333333333333333,,0.4,,4.152997016906738
1:10_os_TAGCN_class_weighting_s43,43,1:10_os,TAGCN,class_weighting,PGExplainer,171111,False,0.0155811822041869,,3,,no_aplica,,-0.1220084679281462,,0.5999999999999999,,4.153014659881592
1:10_os_TAGCN_class_weighting_s43,43,1:10_os,TAGCN,class_weighting,PGExplainer,171381,True,0.9709686636924744,,2,,no_aplica,,-0.1999999999999999,,0.4,,4.1528754234313965
1:10_os_TAGCN_class_weighting_s43,43,1:10_os,TAGCN,class_weighting,PGExplainer,172466,True,0.9908202290534972,,3,,no_aplica,,-0.3333333333333333,,0.4666666666666666,,4.153053283691406
1:10_os_TAGCN_class_weighting_s43,43,1:10_os,TAGCN,class_weighting,PGExplainer,172476,False,0.0098947836086153,,2,,no_aplica,,-0.1999999999999999,,0.4,,4.15291166305542
1:10_os_TAGCN_class_weighting_s43,43,1:10_os,TAGCN,class_weighting,PGExplainer,172625,False,0.0102717243134975,,1,,no_aplica,,,menos_de_2_aristas,,menos_de_2_aristas,4.152868270874023
1:10_os_TAGCN_class_weighting_s43,43,1:10_os,TAGCN,class_weighting,PGExplainer,172800,False,0.3529443442821502,,1,,no_aplica,,,menos_de_2_aristas,,menos_de_2_aristas,4.152978897094727
1:10_os_TAGCN_class_weighting_s43,43,1:10_os,TAGCN,class_weighting,PGExplainer,173595,True,0.5160620212554932,,1,,no_aplica,,,menos_de_2_aristas,,menos_de_2_aristas,4.153014659881592
1:10_os_TAGCN_class_weighting_s43,43,1:10_os,TAGCN,class_weighting,ShapleyFeatures,139670,True,0.6353262662887573,,0,0.9928108401084014,,0.9281245323800814,,no_aplica,,no_aplica,0.922556221485138
1:10_os_TAGCN_class_weighting_s43,43,1:10_os,TAGCN,class_weighting,ShapleyFeatures,139873,True,0.8905771374702454,,0,0.992595945464022,,0.8842888020616841,,no_aplica,,no_aplica,0.9040148258209229
1:10_os_TAGCN_class_weighting_s43,43,1:10_os,TAGCN,class_weighting,ShapleyFeatures,140575,True,0.9730287194252014,,0,0.9907451833979654,,0.8667079557735473,,no_aplica,,no_aplica,0.8946648836135864
1:10_os_TAGCN_class_weighting_s43,43,1:10_os,TAGCN,class_weighting,ShapleyFeatures,141068,True,0.9751530885696412,,0,0.9992343444812056,,0.9591096516751186,,no_aplica,,no_aplica,0.9113681316375732
1:10_os_TAGCN_class_weighting_s43,43,1:10_os,TAGCN,class_weighting,ShapleyFeatures,148220,True,0.9894445538520812,,0,0.9971127117213434,,0.9391695070246904,,no_aplica,,no_aplica,0.8953238129615784
1:10_os_TAGCN_class_weighting_s43,43,1:10_os,TAGCN,class_weighting,ShapleyFeatures,150129,False,0.0726291239261627,,0,,vector_constante,,,no_aplica,,no_aplica,0.6760028600692749
1:10_os_TAGCN_class_weighting_s43,43,1:10_os,TAGCN,class_weighting,ShapleyFeatures,150346,False,0.2933300733566284,,0,,vector_constante,,,no_aplica,,no_aplica,0.7302907705307007
1:10_os_TAGCN_class_weighting_s43,43,1:10_os,TAGCN,class_weighting,ShapleyFeatures,150528,False,0.3240007758140564,,0,0.9902868117797696,,0.8024249729819601,,no_aplica,,no_aplica,0.9401993155479432
1:10_os_TAGCN_class_weighting_s43,43,1:10_os,TAGCN,class_weighting,ShapleyFeatures,152223,False,0.0921947956085205,,0,0.9800630949441748,,0.7337343087538449,,no_aplica,,no_aplica,0.9742867946624756
1:10_os_TAGCN_class_weighting_s43,43,1:10_os,TAGCN,class_weighting,ShapleyFeatures,152280,True,0.9810617566108704,,0,0.9818020870662864,,0.9073198104580598,,no_aplica,,no_aplica,0.9310070276260376
1:10_os_TAGCN_class_weighting_s43,43,1:10_os,TAGCN,class_weighting,ShapleyFeatures,153599,False,0.0093696760013699,,0,0.9810173092120206,,0.729517000581927,,no_aplica,,no_aplica,0.914739191532135
1:10_os_TAGCN_class_weighting_s43,43,1:10_os,TAGCN,class_weighting,ShapleyFeatures,155856,False,0.4915861189365387,,0,0.9734315378946647,,0.8003009393964586,,no_aplica,,no_aplica,0.9025776982307434
1:10_os_TAGCN_class_weighting_s43,43,1:10_os,TAGCN,class_weighting,ShapleyFeatures,158611,False,7.919717063487042e-06,,0,0.9198353330453356,,0.5886324715271428,,no_aplica,,no_aplica,0.9160816073417664
1:10_os_TAGCN_class_weighting_s43,43,1:10_os,TAGCN,class_weighting,ShapleyFeatures,158949,True,0.9552758932113647,,0,0.9986589649066788,,0.9435713691911214,,no_aplica,,no_aplica,0.9018712639808656
1:10_os_TAGCN_class_weighting_s43,43,1:10_os,TAGCN,class_weighting,ShapleyFeatures,159862,False,0.007671876810491,,0,,vector_constante,,,no_aplica,,no_aplica,0.6780886054039001
1:10_os_TAGCN_class_weighting_s43,43,1:10_os,TAGCN,class_weighting,ShapleyFeatures,161504,True,0.973257541656494,,0,0.9802473819192132,,0.9063055948125364,,no_aplica,,no_aplica,0.9165349006652832
1:10_os_TAGCN_class_weighting_s43,43,1:10_os,TAGCN,class_weighting,ShapleyFeatures,163852,True,0.7542662620544434,,0,0.9936228253688616,,0.9116867570039072,,no_aplica,,no_aplica,0.9127985239028932
1:10_os_TAGCN_class_weighting_s43,43,1:10_os,TAGCN,class_weighting,ShapleyFeatures,165001,True,0.9649506211280824,,0,0.9946234490718476,,0.90517000581927,,no_aplica,,no_aplica,0.9030707478523254
1:10_os_TAGCN_class_weighting_s43,43,1:10_os,TAGCN,class_weighting,ShapleyFeatures,168077,True,0.5400660037994385,,0,0.9704151851356771,,0.8372400033252972,,no_aplica,,no_aplica,0.901386857032776
1:10_os_TAGCN_class_weighting_s43,43,1:10_os,TAGCN,class_weighting,ShapleyFeatures,168167,True,0.896232008934021,,0,0.997223777732954,,0.9546313076731234,,no_aplica,,no_aplica,0.9136783480644226
1:10_os_TAGCN_class_weighting_s43,43,1:10_os,TAGCN,class_weighting,ShapleyFeatures,168250,False,0.0132824471220374,,0,0.9488573557041834,,0.5726527558400532,,no_aplica,,no_aplica,0.9095504283905028
1:10_os_TAGCN_class_weighting_s43,43,1:10_os,TAGCN,class_weighting,ShapleyFeatures,170168,False,0.0844841971993446,,0,0.9893920487154254,,0.7285776041233685,,no_aplica,,no_aplica,0.9100560545921326
1:10_os_TAGCN_class_weighting_s43,43,1:10_os,TAGCN,class_weighting,ShapleyFeatures,170185,False,0.4850889146327972,,0,0.9986265718408576,,0.899034001163854,,no_aplica,,no_aplica,0.9047272205352784
1:10_os_TAGCN_class_weighting_s43,43,1:10_os,TAGCN,class_weighting,ShapleyFeatures,171111,False,0.0155811822041869,,0,0.9543317393743488,,0.8025263945465125,,no_aplica,,no_aplica,2.145908832550049
1:10_os_TAGCN_class_weighting_s43,43,1:10_os,TAGCN,class_weighting,ShapleyFeatures,171381,True,0.9709686636924744,,0,0.995988886862082,,0.9236794413500704,,no_aplica,,no_aplica,0.9245322346687316
1:10_os_TAGCN_class_weighting_s43,43,1:10_os,TAGCN,class_weighting,ShapleyFeatures,172466,True,0.9908202290534972,,0,0.9960429913904674,,0.9342439105495052,,no_aplica,,no_aplica,0.9118077754974364
1:10_os_TAGCN_class_weighting_s43,43,1:10_os,TAGCN,class_weighting,ShapleyFeatures,172476,False,0.0098947836086153,,0,0.9819457679255064,,0.8053720176240752,,no_aplica,,no_aplica,0.9086833596229552
1:10_os_TAGCN_class_weighting_s43,43,1:10_os,TAGCN,class_weighting,ShapleyFeatures,172625,False,0.0102717243134975,,0,0.9551876716509003,,0.4862016792750852,,no_aplica,,no_aplica,0.9167726039886476
1:10_os_TAGCN_class_weighting_s43,43,1:10_os,TAGCN,class_weighting,ShapleyFeatures,172800,False,0.3529443442821502,,0,0.9976506370427052,,0.908838639953446,,no_aplica,,no_aplica,0.9060223698616028
1:10_os_TAGCN_class_weighting_s43,43,1:10_os,TAGCN,class_weighting,ShapleyFeatures,173595,True,0.5160620212554932,,0,0.999570054572316,,0.963053454152465,,no_aplica,,no_aplica,0.9093540906906128
1:10_os_TAGCN_focal_loss_s43,43,1:10_os,TAGCN,focal_loss,GNNExplainer,139670,False,0.4880601167678833,,0,0.9123809070688568,,0.7154484994596393,,menos_de_2_aristas,,menos_de_2_aristas,1.8086144924163816
1:10_os_TAGCN_focal_loss_s43,43,1:10_os,TAGCN,focal_loss,GNNExplainer,139873,True,0.5945131778717041,,0,0.867890217912396,,0.3784861584504115,,menos_de_2_aristas,,menos_de_2_aristas,1.8104908466339111
1:10_os_TAGCN_focal_loss_s43,43,1:10_os,TAGCN,focal_loss,GNNExplainer,140575,True,0.5959989428520203,,1,0.8891918876612145,,0.5157752099093856,,menos_de_2_aristas,,menos_de_2_aristas,1.887231707572937
1:10_os_TAGCN_focal_loss_s43,43,1:10_os,TAGCN,focal_loss,GNNExplainer,141068,True,0.6384150981903076,,0,0.8793484487593091,,0.4056646437775376,,menos_de_2_aristas,,menos_de_2_aristas,2.1776063442230225
1:10_os_TAGCN_focal_loss_s43,43,1:10_os,TAGCN,focal_loss,GNNExplainer,148220,True,0.5634958744049072,,1,0.8943720956273445,,0.6103749272591237,,menos_de_2_aristas,,menos_de_2_aristas,1.994774341583252
1:10_os_TAGCN_focal_loss_s43,43,1:10_os,TAGCN,focal_loss,GNNExplainer,150129,False,0.4078961610794067,,0,0.8071570348114084,,0.3158600049879457,,menos_de_2_aristas,,menos_de_2_aristas,1.578632116317749
1:10_os_TAGCN_focal_loss_s43,43,1:10_os,TAGCN,focal_loss,GNNExplainer,150346,True,0.6252222657203674,,0,0.8683697255850144,,0.2808396375426054,,menos_de_2_aristas,,menos_de_2_aristas,1.584200739860535
1:10_os_TAGCN_focal_loss_s43,43,1:10_os,TAGCN,focal_loss,GNNExplainer,150528,True,0.5675061941146851,,2,0.9135625104977324,,0.7429669964253056,0.1999999999999999,,0.6,,1.852714896202088
1:10_os_TAGCN_focal_loss_s43,43,1:10_os,TAGCN,focal_loss,GNNExplainer,152223,True,0.5156286954879761,,1,0.8918773652013089,,0.4873023526477679,,menos_de_2_aristas,,menos_de_2_aristas,1.817490100860596
1:10_os_TAGCN_focal_loss_s43,43,1:10_os,TAGCN,focal_loss,GNNExplainer,152280,True,0.512706458568573,,0,0.8908495803170936,,0.5934957186798571,,menos_de_2_aristas,,menos_de_2_aristas,1.916471242904663
1:10_os_TAGCN_focal_loss_s43,43,1:10_os,TAGCN,focal_loss,GNNExplainer,153599,False,0.3837509751319885,,11,0.9803558188147472,,0.870802227949123,-0.039090909090909,,0.8181818181818181,,2.0102925300598145
1:10_os_TAGCN_focal_loss_s43,43,1:10_os,TAGCN,focal_loss,GNNExplainer,155856,True,0.5993545651435852,,1,0.825664953421137,,0.6351949455482584,,menos_de_2_aristas,,menos_de_2_aristas,1.8962961435317995
1:10_os_TAGCN_focal_loss_s43,43,1:10_os,TAGCN,focal_loss,GNNExplainer,158611,False,0.3592144250869751,,1,0.71776881215988,,0.6877778701471444,,menos_de_2_aristas,,menos_de_2_aristas,2.1237051486968994
1:10_os_TAGCN_focal_loss_s43,43,1:10_os,TAGCN,focal_loss,GNNExplainer,158949,True,0.5652297735214233,,1,0.9043734148028592,,0.4692626153462466,,menos_de_2_aristas,,menos_de_2_aristas,2.013422966003418
1:10_os_TAGCN_focal_loss_s43,43,1:10_os,TAGCN,focal_loss,GNNExplainer,159862,False,0.4086511433124542,,0,0.8665180164909099,,0.3805968908471194,,menos_de_2_aristas,,menos_de_2_aristas,1.6020337343215942
1:10_os_TAGCN_focal_loss_s43,43,1:10_os,TAGCN,focal_loss,GNNExplainer,161504,True,0.6848175525665283,,2,0.8720717181516194,,0.5552257045473439,-0.1999999999999999,,0.4,,1.809098243713379
1:10_os_TAGCN_focal_loss_s43,43,1:10_os,TAGCN,focal_loss,GNNExplainer,163852,False,0.4511676728725433,,3,0.9459797893753392,,0.5712702635298029,0.2,,0.5999999999999999,,1.8462389707565308
1:10_os_TAGCN_focal_loss_s43,43,1:10_os,TAGCN,focal_loss,GNNExplainer,165001,True,0.5378932952880859,,0,0.8797628251638457,,0.4689924349488736,,menos_de_2_aristas,,menos_de_2_aristas,1.7871838808059692
1:10_os_TAGCN_focal_loss_s43,43,1:10_os,TAGCN,focal_loss,GNNExplainer,168077,True,0.5194458961486816,,0,0.8446384343779133,,0.3463039321639372,,menos_de_2_aristas,,menos_de_2_aristas,1.768746018409729
1:10_os_TAGCN_focal_loss_s43,43,1:10_os,TAGCN,focal_loss,GNNExplainer,168167,True,0.6099569797515869,,0,0.8579078955127073,,0.4053512345165849,,menos_de_2_aristas,,menos_de_2_aristas,1.7830238342285156
1:10_os_TAGCN_focal_loss_s43,43,1:10_os,TAGCN,focal_loss,GNNExplainer,168250,True,0.5008308291435242,,0,0.8905002250562642,,0.4764194862415828,,menos_de_2_aristas,,menos_de_2_aristas,1.76826274394989
1:10_os_TAGCN_focal_loss_s43,43,1:10_os,TAGCN,focal_loss,GNNExplainer,170168,False,0.4014921188354492,,4,0.9363036294511616,,0.6090290132180564,0.26,,0.65,,1.8124679327011108
1:10_os_TAGCN_focal_loss_s43,43,1:10_os,TAGCN,focal_loss,GNNExplainer,170185,True,0.5349661707878113,,1,0.8801263337601364,,0.5527865990522903,,menos_de_2_aristas,,menos_de_2_aristas,1.9241701364517207
1:10_os_TAGCN_focal_loss_s43,43,1:10_os,TAGCN,focal_loss,GNNExplainer,171111,False,0.3957478106021881,,58,0.9610004020522028,,0.6820458891013385,0.1304315727952259,,0.2709433040078201,,1.8431496620178225
1:10_os_TAGCN_focal_loss_s43,43,1:10_os,TAGCN,focal_loss,GNNExplainer,171381,True,0.6154758334159851,,1,0.8928671637004971,,0.4990182060021614,,menos_de_2_aristas,,menos_de_2_aristas,1.8425328731536863
1:10_os_TAGCN_focal_loss_s43,43,1:10_os,TAGCN,focal_loss,GNNExplainer,172466,False,0.483000099658966,,6,0.9255749235474008,,0.792019286723751,-0.0342857142857142,,0.6666666666666667,,1.985342502593994
1:10_os_TAGCN_focal_loss_s43,43,1:10_os,TAGCN,focal_loss,GNNExplainer,172476,False,0.3711915910243988,,1,0.7161262673734916,,0.1350103915537451,,menos_de_2_aristas,,menos_de_2_aristas,1.970556139945984
1:10_os_TAGCN_focal_loss_s43,43,1:10_os,TAGCN,focal_loss,GNNExplainer,172625,False,0.4566144943237304,,0,0.8850116648992579,,0.4341948624158284,,menos_de_2_aristas,,menos_de_2_aristas,1.8803200721740725
1:10_os_TAGCN_focal_loss_s43,43,1:10_os,TAGCN,focal_loss,GNNExplainer,172800,False,0.442813515663147,,0,0.8118862481110043,,0.2108013966248233,,menos_de_2_aristas,,menos_de_2_aristas,1.897261619567871
1:10_os_TAGCN_focal_loss_s43,43,1:10_os,TAGCN,focal_loss,GNNExplainer,173595,True,0.6081081628799438,,0,0.869164156626506,,0.2179798819519494,,menos_de_2_aristas,,menos_de_2_aristas,1.8184322118759155
1:10_os_TAGCN_focal_loss_s43,43,1:10_os,TAGCN,focal_loss,PGExplainer,139670,False,0.4880601167678833,,1,,no_aplica,,,menos_de_2_aristas,,menos_de_2_aristas,4.770977973937988
1:10_os_TAGCN_focal_loss_s43,43,1:10_os,TAGCN,focal_loss,PGExplainer,139873,True,0.5945131778717041,,1,,no_aplica,,,menos_de_2_aristas,,menos_de_2_aristas,4.770756244659424
1:10_os_TAGCN_focal_loss_s43,43,1:10_os,TAGCN,focal_loss,PGExplainer,140575,True,0.5959989428520203,,2,,no_aplica,,-0.1999999999999999,,0.4,,4.771091938018799
1:10_os_TAGCN_focal_loss_s43,43,1:10_os,TAGCN,focal_loss,PGExplainer,141068,True,0.6384150981903076,,1,,no_aplica,,,menos_de_2_aristas,,menos_de_2_aristas,4.770712852478027
1:10_os_TAGCN_focal_loss_s43,43,1:10_os,TAGCN,focal_loss,PGExplainer,148220,True,0.5634958744049072,,2,,no_aplica,,-0.1999999999999999,,0.4,,4.770856857299805
1:10_os_TAGCN_focal_loss_s43,43,1:10_os,TAGCN,focal_loss,PGExplainer,150129,False,0.4078961610794067,,0,,no_aplica,,,menos_de_2_aristas,,menos_de_2_aristas,4.769305229187012
1:10_os_TAGCN_focal_loss_s43,43,1:10_os,TAGCN,focal_loss,PGExplainer,150346,True,0.6252222657203674,,0,,no_aplica,,,menos_de_2_aristas,,menos_de_2_aristas,4.769232749938965
1:10_os_TAGCN_focal_loss_s43,43,1:10_os,TAGCN,focal_loss,PGExplainer,150528,True,0.5675061941146851,,3,,no_aplica,,-0.1732050807568877,,0.5999999999999999,,4.77074670791626
1:10_os_TAGCN_focal_loss_s43,43,1:10_os,TAGCN,focal_loss,PGExplainer,152223,True,0.5156286954879761,,2,,no_aplica,,-0.1999999999999999,,0.4,,4.770676612854004
1:10_os_TAGCN_focal_loss_s43,43,1:10_os,TAGCN,focal_loss,PGExplainer,152280,True,0.512706458568573,,1,,no_aplica,,,menos_de_2_aristas,,menos_de_2_aristas,4.770676136016846
1:10_os_TAGCN_focal_loss_s43,43,1:10_os,TAGCN,focal_loss,PGExplainer,153599,False,0.3837509751319885,,3,,no_aplica,,-0.2,,0.5999999999999999,,4.77086353302002
1:10_os_TAGCN_focal_loss_s43,43,1:10_os,TAGCN,focal_loss,PGExplainer,155856,True,0.5993545651435852,,2,,no_aplica,,-0.3333333333333333,,0.6,,4.770548343658447
1:10_os_TAGCN_focal_loss_s43,43,1:10_os,TAGCN,focal_loss,PGExplainer,158611,False,0.3592144250869751,,3,,no_aplica,,-0.2,,0.5999999999999999,,4.770506381988525
1:10_os_TAGCN_focal_loss_s43,43,1:10_os,TAGCN,focal_loss,PGExplainer,158949,True,0.5652297735214233,,2,,no_aplica,,-0.1999999999999999,,0.4,,4.7706403732299805
1:10_os_TAGCN_focal_loss_s43,43,1:10_os,TAGCN,focal_loss,PGExplainer,159862,False,0.4086511433124542,,0,,no_aplica,,,menos_de_2_aristas,,menos_de_2_aristas,4.769433498382568
1:10_os_TAGCN_focal_loss_s43,43,1:10_os,TAGCN,focal_loss,PGExplainer,161504,True,0.6848175525665283,,3,,no_aplica,,-0.2,,0.5999999999999999,,4.770731925964356
1:10_os_TAGCN_focal_loss_s43,43,1:10_os,TAGCN,focal_loss,PGExplainer,163852,False,0.4511676728725433,,3,,no_aplica,,-0.2,,0.5999999999999999,,4.7707037925720215
1:10_os_TAGCN_focal_loss_s43,43,1:10_os,TAGCN,focal_loss,PGExplainer,165001,True,0.5378932952880859,,1,,no_aplica,,,menos_de_2_aristas,,menos_de_2_aristas,4.770693778991699
1:10_os_TAGCN_focal_loss_s43,43,1:10_os,TAGCN,focal_loss,PGExplainer,168077,True,0.5194458961486816,,1,,no_aplica,,,menos_de_2_aristas,,menos_de_2_aristas,4.770654201507568
1:10_os_TAGCN_focal_loss_s43,43,1:10_os,TAGCN,focal_loss,PGExplainer,168167,True,0.6099569797515869,,1,,no_aplica,,,menos_de_2_aristas,,menos_de_2_aristas,4.770636558532715
1:10_os_TAGCN_focal_loss_s43,43,1:10_os,TAGCN,focal_loss,PGExplainer,168250,True,0.5008308291435242,,1,,no_aplica,,,menos_de_2_aristas,,menos_de_2_aristas,4.77049446105957
1:10_os_TAGCN_focal_loss_s43,43,1:10_os,TAGCN,focal_loss,PGExplainer,170168,False,0.4014921188354492,,3,,no_aplica,,-0.2,,0.5999999999999999,,4.771024227142334
1:10_os_TAGCN_focal_loss_s43,43,1:10_os,TAGCN,focal_loss,PGExplainer,170185,True,0.5349661707878113,,2,,no_aplica,,-0.1999999999999999,,0.4,,4.771050453186035
1:10_os_TAGCN_focal_loss_s43,43,1:10_os,TAGCN,focal_loss,PGExplainer,171111,False,0.3957478106021881,,3,,no_aplica,,-0.1732050807568877,,0.5999999999999999,,4.771050930023193
1:10_os_TAGCN_focal_loss_s43,43,1:10_os,TAGCN,focal_loss,PGExplainer,171381,True,0.6154758334159851,,2,,no_aplica,,-0.1999999999999999,,0.4,,4.771082878112793
1:10_os_TAGCN_focal_loss_s43,43,1:10_os,TAGCN,focal_loss,PGExplainer,172466,False,0.483000099658966,,3,,no_aplica,,-0.2,,0.5999999999999999,,4.770850658416748
1:10_os_TAGCN_focal_loss_s43,43,1:10_os,TAGCN,focal_loss,PGExplainer,172476,False,0.3711915910243988,,2,,no_aplica,,-0.1999999999999999,,0.4,,4.770687580108643
1:10_os_TAGCN_focal_loss_s43,43,1:10_os,TAGCN,focal_loss,PGExplainer,172625,False,0.4566144943237304,,1,,no_aplica,,,menos_de_2_aristas,,menos_de_2_aristas,4.770650386810303
1:10_os_TAGCN_focal_loss_s43,43,1:10_os,TAGCN,focal_loss,PGExplainer,172800,False,0.442813515663147,,1,,no_aplica,,,menos_de_2_aristas,,menos_de_2_aristas,4.770660877227783
1:10_os_TAGCN_focal_loss_s43,43,1:10_os,TAGCN,focal_loss,PGExplainer,173595,True,0.6081081628799438,,1,,no_aplica,,,menos_de_2_aristas,,menos_de_2_aristas,4.770644187927246
1:10_os_TAGCN_focal_loss_s43,43,1:10_os,TAGCN,focal_loss,ShapleyFeatures,139670,False,0.4880601167678833,,0,0.9921653116531166,,0.9445390306758666,,no_aplica,,no_aplica,0.9886281490325928
1:10_os_TAGCN_focal_loss_s43,43,1:10_os,TAGCN,focal_loss,ShapleyFeatures,139873,True,0.5945131778717041,,0,0.9933777741201,,0.9629886108570952,,no_aplica,,no_aplica,0.9555138945579528
1:10_os_TAGCN_focal_loss_s43,43,1:10_os,TAGCN,focal_loss,ShapleyFeatures,140575,True,0.5959989428520203,,0,0.9985295538889826,,0.9729229362374262,,no_aplica,,no_aplica,0.9547386765480042
1:10_os_TAGCN_focal_loss_s43,43,1:10_os,TAGCN,focal_loss,ShapleyFeatures,141068,True,0.6384150981903076,,0,0.9999285685813368,,0.9551359215229862,,no_aplica,,no_aplica,0.9783385396003724
1:10_os_TAGCN_focal_loss_s43,43,1:10_os,TAGCN,focal_loss,ShapleyFeatures,148220,True,0.5634958744049072,,0,0.9997177986607392,,1.0,,no_aplica,,no_aplica,0.9855344891548156
1:10_os_TAGCN_focal_loss_s43,43,1:10_os,TAGCN,focal_loss,ShapleyFeatures,150129,False,0.4078961610794067,,0,,vector_constante,,,no_aplica,,no_aplica,0.7814744114875793
1:10_os_TAGCN_focal_loss_s43,43,1:10_os,TAGCN,focal_loss,ShapleyFeatures,150346,True,0.6252222657203674,,0,,vector_constante,,,no_aplica,,no_aplica,0.733977735042572
1:10_os_TAGCN_focal_loss_s43,43,1:10_os,TAGCN,focal_loss,ShapleyFeatures,150528,True,0.5675061941146851,,0,0.9967784891165172,,0.9585401945298864,,no_aplica,,no_aplica,0.9904905557632446
1:10_os_TAGCN_focal_loss_s43,43,1:10_os,TAGCN,focal_loss,ShapleyFeatures,152223,True,0.5156286954879761,,0,0.9970770581296464,,0.981012552996924,,no_aplica,,no_aplica,0.9736485481262208
1:10_os_TAGCN_focal_loss_s43,43,1:10_os,TAGCN,focal_loss,ShapleyFeatures,152280,True,0.512706458568573,,0,0.9881712603153944,,0.917225039487904,,no_aplica,,no_aplica,0.94758802652359
1:10_os_TAGCN_focal_loss_s43,43,1:10_os,TAGCN,focal_loss,ShapleyFeatures,153599,False,0.3837509751319885,,0,0.9993122207460466,,0.9638124532380082,,no_aplica,,no_aplica,0.9710693359375
1:10_os_TAGCN_focal_loss_s43,43,1:10_os,TAGCN,focal_loss,ShapleyFeatures,155856,True,0.5993545651435852,,0,0.9963259609127132,,0.948557652340178,,no_aplica,,no_aplica,0.9585509300231934
1:10_os_TAGCN_focal_loss_s43,43,1:10_os,TAGCN,focal_loss,ShapleyFeatures,158611,False,0.3592144250869751,,0,0.9901536864827848,,0.9164095103499876,,no_aplica,,no_aplica,0.972657322883606
1:10_os_TAGCN_focal_loss_s43,43,1:10_os,TAGCN,focal_loss,ShapleyFeatures,158949,True,0.5652297735214233,,0,0.9996522597312124,,0.999791337600798,,no_aplica,,no_aplica,0.9570903182029724
1:10_os_TAGCN_focal_loss_s43,43,1:10_os,TAGCN,focal_loss,ShapleyFeatures,159862,False,0.4086511433124542,,0,,vector_constante,,,no_aplica,,no_aplica,0.7186630964279175
1:10_os_TAGCN_focal_loss_s43,43,1:10_os,TAGCN,focal_loss,ShapleyFeatures,161504,True,0.6848175525665283,,0,0.9957313479724842,,0.9629952614514924,,no_aplica,,no_aplica,0.9630573987960817
1:10_os_TAGCN_focal_loss_s43,43,1:10_os,TAGCN,focal_loss,ShapleyFeatures,163852,False,0.4511676728725433,,0,0.9949138377705036,,0.94504281320143,,no_aplica,,no_aplica,0.9611544609069824
1:10_os_TAGCN_focal_loss_s43,43,1:10_os,TAGCN,focal_loss,ShapleyFeatures,165001,True,0.5378932952880859,,0,0.9940353269325428,,0.9243910549505362,,no_aplica,,no_aplica,0.9469838738441468
1:10_os_TAGCN_focal_loss_s43,43,1:10_os,TAGCN,focal_loss,ShapleyFeatures,168077,True,0.5194458961486816,,0,0.9777273091832646,,0.9507964086790258,,no_aplica,,no_aplica,0.9490521550178528
1:10_os_TAGCN_focal_loss_s43,43,1:10_os,TAGCN,focal_loss,ShapleyFeatures,168167,True,0.6099569797515869,,0,0.9998225542316864,,0.9734009477097014,,no_aplica,,no_aplica,0.9624739289283752
1:10_os_TAGCN_focal_loss_s43,43,1:10_os,TAGCN,focal_loss,ShapleyFeatures,168250,True,0.5008308291435242,,0,0.9869932460190954,,0.7729919361542937,,no_aplica,,no_aplica,0.984063684940338
1:10_os_TAGCN_focal_loss_s43,43,1:10_os,TAGCN,focal_loss,ShapleyFeatures,170168,False,0.4014921188354492,,0,0.9988608489468211,,0.9999326627317316,,no_aplica,,no_aplica,0.9497457146644592
1:10_os_TAGCN_focal_loss_s43,43,1:10_os,TAGCN,focal_loss,ShapleyFeatures,170185,True,0.5349661707878113,,0,0.9982948146242656,,0.9999833735140078,,no_aplica,,no_aplica,0.9717000126838684
1:10_os_TAGCN_focal_loss_s43,43,1:10_os,TAGCN,focal_loss,ShapleyFeatures,171111,False,0.3957478106021881,,0,0.4671513208326942,,0.3799733976224125,,no_aplica,,no_aplica,3.1109960079193115
1:10_os_TAGCN_focal_loss_s43,43,1:10_os,TAGCN,focal_loss,ShapleyFeatures,171381,True,0.6154758334159851,,0,0.9993576269521658,,0.9999010724083464,,no_aplica,,no_aplica,0.9656829833984376
1:10_os_TAGCN_focal_loss_s43,43,1:10_os,TAGCN,focal_loss,ShapleyFeatures,172466,False,0.483000099658966,,0,0.9949645473673172,,0.9497456147643196,,no_aplica,,no_aplica,0.958968460559845
1:10_os_TAGCN_focal_loss_s43,43,1:10_os,TAGCN,focal_loss,ShapleyFeatures,172476,False,0.3711915910243988,,0,0.9650013613552926,,0.7099152049214398,,no_aplica,,no_aplica,0.9636854529380798
1:10_os_TAGCN_focal_loss_s43,43,1:10_os,TAGCN,focal_loss,ShapleyFeatures,172625,False,0.4566144943237304,,0,0.9973162815213472,,0.931630226951534,,no_aplica,,no_aplica,0.9770693182945251
1:10_os_TAGCN_focal_loss_s43,43,1:10_os,TAGCN,focal_loss,ShapleyFeatures,172800,False,0.442813515663147,,0,0.9871589296531889,,0.8710025771053289,,no_aplica,,no_aplica,0.9620000720024108
1:10_os_TAGCN_focal_loss_s43,43,1:10_os,TAGCN,focal_loss,ShapleyFeatures,173595,True,0.6081081628799438,,0,0.999784424277143,,0.982267852689334,,no_aplica,,no_aplica,0.9513211250305176
1:10_os_TAGCN_none_s43,43,1:10_os,TAGCN,none,GNNExplainer,139670,False,0.3121793270111084,,0,0.9586270265126734,,0.8943203923850694,,menos_de_2_aristas,,menos_de_2_aristas,1.9516775608062744
1:10_os_TAGCN_none_s43,43,1:10_os,TAGCN,none,GNNExplainer,139873,True,0.599651038646698,,0,0.961884820507153,,0.9537858508604208,,menos_de_2_aristas,,menos_de_2_aristas,1.7912726402282717
1:10_os_TAGCN_none_s43,43,1:10_os,TAGCN,none,GNNExplainer,140575,True,0.8285456299781799,,1,0.9541652184653568,,0.903838224291296,,menos_de_2_aristas,,menos_de_2_aristas,1.8301398754119875
1:10_os_TAGCN_none_s43,43,1:10_os,TAGCN,none,GNNExplainer,141068,True,0.7445245385169983,,0,0.9161148129164532,,0.7079674120874554,,menos_de_2_aristas,,menos_de_2_aristas,1.8187923431396484
1:10_os_TAGCN_none_s43,43,1:10_os,TAGCN,none,GNNExplainer,148220,True,0.8743170499801636,,1,0.9280166284082638,,0.8081835564053538,,menos_de_2_aristas,,menos_de_2_aristas,1.86316466331482
1:10_os_TAGCN_none_s43,43,1:10_os,TAGCN,none,GNNExplainer,150129,False,0.0290124211460351,,0,0.91552136683394,,0.882940394047718,,menos_de_2_aristas,,menos_de_2_aristas,1.5876799821853638
1:10_os_TAGCN_none_s43,43,1:10_os,TAGCN,none,GNNExplainer,150346,False,0.2042244523763656,,0,0.9510974011044812,,0.9086224956355474,,menos_de_2_aristas,,menos_de_2_aristas,1.5273115634918213
1:10_os_TAGCN_none_s43,43,1:10_os,TAGCN,none,GNNExplainer,150528,True,0.6224095225334167,,2,0.9780608588544876,,0.8320517083714357,0.1999999999999999,,0.6,,1.7419179677963257
1:10_os_TAGCN_none_s43,43,1:10_os,TAGCN,none,GNNExplainer,152223,False,0.3020332157611847,,1,0.9603548157632664,,0.8942588743868983,,menos_de_2_aristas,,menos_de_2_aristas,1.8790093660354608
1:10_os_TAGCN_none_s43,43,1:10_os,TAGCN,none,GNNExplainer,152280,False,0.2510514855384826,,0,0.9345975633225264,,0.7335655499210242,,menos_de_2_aristas,,menos_de_2_aristas,1.727863311767578
1:10_os_TAGCN_none_s43,43,1:10_os,TAGCN,none,GNNExplainer,153599,False,0.0298060327768325,,11,0.9878296616216412,,0.9157111979383158,-0.0845454545454545,,0.8181818181818181,,1.7908633947372437
1:10_os_TAGCN_none_s43,43,1:10_os,TAGCN,none,GNNExplainer,155856,True,0.8062309622764587,,1,0.9567025377449404,,0.8354642946213318,,menos_de_2_aristas,,menos_de_2_aristas,1.7974824905395508
1:10_os_TAGCN_none_s43,43,1:10_os,TAGCN,none,GNNExplainer,158611,False,0.1817867159843444,,1,0.8866345870305337,,0.6517324798403857,,menos_de_2_aristas,,menos_de_2_aristas,1.7931129932403564
1:10_os_TAGCN_none_s43,43,1:10_os,TAGCN,none,GNNExplainer,158949,True,0.6021561026573181,,1,0.9751213396356928,,0.831976889184471,,menos_de_2_aristas,,menos_de_2_aristas,1.7564547061920166
1:10_os_TAGCN_none_s43,43,1:10_os,TAGCN,none,GNNExplainer,159862,False,0.0388068854808807,,0,0.9317638941367812,,0.8942389226037077,,menos_de_2_aristas,,menos_de_2_aristas,1.501370191574097
1:10_os_TAGCN_none_s43,43,1:10_os,TAGCN,none,GNNExplainer,161504,True,0.8100626468658447,,2,0.9516920684043008,,0.7983822429129603,-0.1999999999999999,,0.4,,1.8189839124679563
1:10_os_TAGCN_none_s43,43,1:10_os,TAGCN,none,GNNExplainer,163852,False,0.4239295721054077,,3,0.9796401656968958,,0.7675866655582343,0.2,,0.5333333333333333,,1.808223247528076
1:10_os_TAGCN_none_s43,43,1:10_os,TAGCN,none,GNNExplainer,165001,False,0.1807429939508438,,0,0.9455913313429996,,0.8396558317399616,,menos_de_2_aristas,,menos_de_2_aristas,1.729770302772522
1:10_os_TAGCN_none_s43,43,1:10_os,TAGCN,none,GNNExplainer,168077,False,0.3073707520961761,,0,0.9356441821371682,,0.8524706958184389,,menos_de_2_aristas,,menos_de_2_aristas,1.7431199550628662
1:10_os_TAGCN_none_s43,43,1:10_os,TAGCN,none,GNNExplainer,168167,False,0.4432805180549621,,0,0.9531528981661656,,0.8738698146146813,,menos_de_2_aristas,,menos_de_2_aristas,1.8097100257873533
1:10_os_TAGCN_none_s43,43,1:10_os,TAGCN,none,GNNExplainer,168250,False,0.0141220223158597,,0,0.9065668417104276,,0.6641291877961594,,menos_de_2_aristas,,menos_de_2_aristas,1.6944360733032229
1:10_os_TAGCN_none_s43,43,1:10_os,TAGCN,none,GNNExplainer,170168,False,0.3003098368644714,,4,0.9817715125660356,,0.8050577770388229,0.4,,0.8,,1.733309030532837
1:10_os_TAGCN_none_s43,43,1:10_os,TAGCN,none,GNNExplainer,170185,False,0.2468326687812805,,1,0.9711981789728268,,0.9150436445257296,,menos_de_2_aristas,,menos_de_2_aristas,1.7208389043807983
1:10_os_TAGCN_none_s43,43,1:10_os,TAGCN,none,GNNExplainer,171111,False,0.0048669553361833,,58,0.98909810741606,,0.9540651758250892,0.1262604201913316,,0.2841709643711868,,1.7452136278152466
1:10_os_TAGCN_none_s43,43,1:10_os,TAGCN,none,GNNExplainer,171381,True,0.6703343987464905,,1,0.9732039785611214,,0.95140410674204,,menos_de_2_aristas,,menos_de_2_aristas,1.754262924194336
1:10_os_TAGCN_none_s43,43,1:10_os,TAGCN,none,GNNExplainer,172466,False,0.4393263161182403,,6,0.9772791214901309,,0.9156247402111564,-0.1485714285714285,,0.7,,1.805393934249878
1:10_os_TAGCN_none_s43,43,1:10_os,TAGCN,none,GNNExplainer,172476,False,0.3080064952373504,,1,0.9239304502552994,,0.7363895585667969,,menos_de_2_aristas,,menos_de_2_aristas,1.7998756170272827
1:10_os_TAGCN_none_s43,43,1:10_os,TAGCN,none,GNNExplainer,172625,False,0.0056011639535427,,0,0.8976003635812757,,0.5695153379333279,,menos_de_2_aristas,,menos_de_2_aristas,1.7463939189910889
1:10_os_TAGCN_none_s43,43,1:10_os,TAGCN,none,GNNExplainer,172800,False,0.1687606871128082,,0,0.8986714485072416,,0.79797905062765,,menos_de_2_aristas,,menos_de_2_aristas,1.703264236450195
1:10_os_TAGCN_none_s43,43,1:10_os,TAGCN,none,GNNExplainer,173595,False,0.0846289992332458,,0,0.9321416764619456,,0.764210657577521,,menos_de_2_aristas,,menos_de_2_aristas,1.7041752338409424
1:10_os_TAGCN_none_s43,43,1:10_os,TAGCN,none,PGExplainer,139670,False,0.3121793270111084,,1,,no_aplica,,,menos_de_2_aristas,,menos_de_2_aristas,4.592970848083496
1:10_os_TAGCN_none_s43,43,1:10_os,TAGCN,none,PGExplainer,139873,True,0.599651038646698,,1,,no_aplica,,,menos_de_2_aristas,,menos_de_2_aristas,4.592784404754639
1:10_os_TAGCN_none_s43,43,1:10_os,TAGCN,none,PGExplainer,140575,True,0.8285456299781799,,2,,no_aplica,,1.0,,0.4,,4.593034267425537
1:10_os_TAGCN_none_s43,43,1:10_os,TAGCN,none,PGExplainer,141068,True,0.7445245385169983,,1,,no_aplica,,,menos_de_2_aristas,,menos_de_2_aristas,4.592737197875977
1:10_os_TAGCN_none_s43,43,1:10_os,TAGCN,none,PGExplainer,148220,True,0.8743170499801636,,2,,no_aplica,,1.0,,0.4,,4.592499256134033
1:10_os_TAGCN_none_s43,43,1:10_os,TAGCN,none,PGExplainer,150129,False,0.0290124211460351,,0,,no_aplica,,,menos_de_2_aristas,,menos_de_2_aristas,4.59105920791626
1:10_os_TAGCN_none_s43,43,1:10_os,TAGCN,none,PGExplainer,150346,False,0.2042244523763656,,0,,no_aplica,,,menos_de_2_aristas,,menos_de_2_aristas,4.5909743309021
1:10_os_TAGCN_none_s43,43,1:10_os,TAGCN,none,PGExplainer,150528,True,0.6224095225334167,,3,,no_aplica,,1.0,,1.0,,4.592475891113281
1:10_os_TAGCN_none_s43,43,1:10_os,TAGCN,none,PGExplainer,152223,False,0.3020332157611847,,2,,no_aplica,,1.0,,1.0,,4.5924391746521
1:10_os_TAGCN_none_s43,43,1:10_os,TAGCN,none,PGExplainer,152280,False,0.2510514855384826,,1,,no_aplica,,,menos_de_2_aristas,,menos_de_2_aristas,4.592551231384277
1:10_os_TAGCN_none_s43,43,1:10_os,TAGCN,none,PGExplainer,153599,False,0.0298060327768325,,3,,no_aplica,,0.6666666666666666,,0.5999999999999999,,4.592686653137207
1:10_os_TAGCN_none_s43,43,1:10_os,TAGCN,none,PGExplainer,155856,True,0.8062309622764587,,2,,no_aplica,,1.0,,1.0,,4.592862606048584
1:10_os_TAGCN_none_s43,43,1:10_os,TAGCN,none,PGExplainer,158611,False,0.1817867159843444,,3,,no_aplica,,1.0,,1.0,,4.593307971954346
1:10_os_TAGCN_none_s43,43,1:10_os,TAGCN,none,PGExplainer,158949,True,0.6021561026573181,,2,,no_aplica,,-0.3333333333333333,,0.6,,4.592554569244385
1:10_os_TAGCN_none_s43,43,1:10_os,TAGCN,none,PGExplainer,159862,False,0.0388068854808807,,0,,no_aplica,,,menos_de_2_aristas,,menos_de_2_aristas,4.591058731079102
1:10_os_TAGCN_none_s43,43,1:10_os,TAGCN,none,PGExplainer,161504,True,0.8100626468658447,,3,,no_aplica,,-0.1196152422706632,,0.5999999999999999,,4.592509746551514
1:10_os_TAGCN_none_s43,43,1:10_os,TAGCN,none,PGExplainer,163852,False,0.4239295721054077,,3,,no_aplica,,1.0,,0.5999999999999999,,4.592564105987549
1:10_os_TAGCN_none_s43,43,1:10_os,TAGCN,none,PGExplainer,165001,False,0.1807429939508438,,1,,no_aplica,,,menos_de_2_aristas,,menos_de_2_aristas,4.592421531677246
1:10_os_TAGCN_none_s43,43,1:10_os,TAGCN,none,PGExplainer,168077,False,0.3073707520961761,,1,,no_aplica,,,menos_de_2_aristas,,menos_de_2_aristas,4.592484474182129
1:10_os_TAGCN_none_s43,43,1:10_os,TAGCN,none,PGExplainer,168167,False,0.4432805180549621,,1,,no_aplica,,,menos_de_2_aristas,,menos_de_2_aristas,4.592567920684815
1:10_os_TAGCN_none_s43,43,1:10_os,TAGCN,none,PGExplainer,168250,False,0.0141220223158597,,1,,no_aplica,,,menos_de_2_aristas,,menos_de_2_aristas,4.592613697052002
1:10_os_TAGCN_none_s43,43,1:10_os,TAGCN,none,PGExplainer,170168,False,0.3003098368644714,,3,,no_aplica,,1.0,,1.0,,4.592740535736084
1:10_os_TAGCN_none_s43,43,1:10_os,TAGCN,none,PGExplainer,170185,False,0.2468326687812805,,2,,no_aplica,,1.0,,1.0,,4.592586517333984
1:10_os_TAGCN_none_s43,43,1:10_os,TAGCN,none,PGExplainer,171111,False,0.0048669553361833,,3,,no_aplica,,1.0,,1.0,,4.5927252769470215
1:10_os_TAGCN_none_s43,43,1:10_os,TAGCN,none,PGExplainer,171381,True,0.6703343987464905,,2,,no_aplica,,-0.1999999999999999,,0.4,,4.592544555664063
1:10_os_TAGCN_none_s43,43,1:10_os,TAGCN,none,PGExplainer,172466,False,0.4393263161182403,,3,,no_aplica,,1.0,,1.0,,4.592602729797363
1:10_os_TAGCN_none_s43,43,1:10_os,TAGCN,none,PGExplainer,172476,False,0.3080064952373504,,2,,no_aplica,,1.0,,1.0,,4.592579364776611
1:10_os_TAGCN_none_s43,43,1:10_os,TAGCN,none,PGExplainer,172625,False,0.0056011639535427,,1,,no_aplica,,,menos_de_2_aristas,,menos_de_2_aristas,4.592541217803955
1:10_os_TAGCN_none_s43,43,1:10_os,TAGCN,none,PGExplainer,172800,False,0.1687606871128082,,1,,no_aplica,,,menos_de_2_aristas,,menos_de_2_aristas,4.592662334442139
1:10_os_TAGCN_none_s43,43,1:10_os,TAGCN,none,PGExplainer,173595,False,0.0846289992332458,,1,,no_aplica,,,menos_de_2_aristas,,menos_de_2_aristas,4.592560768127441
1:10_os_TAGCN_none_s43,43,1:10_os,TAGCN,none,ShapleyFeatures,139670,False,0.3121793270111084,,0,0.9951834688346886,,0.9071202926261536,,no_aplica,,no_aplica,0.968890905380249
1:10_os_TAGCN_none_s43,43,1:10_os,TAGCN,none,ShapleyFeatures,139873,True,0.599651038646698,,0,0.9964184017776316,,0.9539371518829496,,no_aplica,,no_aplica,0.9494842290878296
1:10_os_TAGCN_none_s43,43,1:10_os,TAGCN,none,ShapleyFeatures,140575,True,0.8285456299781799,,0,0.9950744466710364,,0.9636628148640785,,no_aplica,,no_aplica,0.9695587158203124
1:10_os_TAGCN_none_s43,43,1:10_os,TAGCN,none,ShapleyFeatures,141068,True,0.7445245385169983,,0,0.999507314545382,,0.9815196608196856,,no_aplica,,no_aplica,0.9502991437911988
1:10_os_TAGCN_none_s43,43,1:10_os,TAGCN,none,ShapleyFeatures,148220,True,0.8743170499801636,,0,0.99843368409206,,0.9495726993100008,,no_aplica,,no_aplica,0.9647468328475952
1:10_os_TAGCN_none_s43,43,1:10_os,TAGCN,none,ShapleyFeatures,150129,False,0.0290124211460351,,0,,vector_constante,,,no_aplica,,no_aplica,0.7167641520500183
1:10_os_TAGCN_none_s43,43,1:10_os,TAGCN,none,ShapleyFeatures,150346,False,0.2042244523763656,,0,,vector_constante,,,no_aplica,,no_aplica,0.7179091572761536
1:10_os_TAGCN_none_s43,43,1:10_os,TAGCN,none,ShapleyFeatures,150528,True,0.6224095225334167,,0,0.997619860577607,,0.9809984204838308,,no_aplica,,no_aplica,0.9794647693634032
1:10_os_TAGCN_none_s43,43,1:10_os,TAGCN,none,ShapleyFeatures,152223,False,0.3020332157611847,,0,0.9914780676487532,,0.8906966497630726,,no_aplica,,no_aplica,0.98490172624588
1:10_os_TAGCN_none_s43,43,1:10_os,TAGCN,none,ShapleyFeatures,152280,False,0.2510514855384826,,0,0.9907852810072042,,0.8757843544766812,,no_aplica,,no_aplica,0.9631010293960572
1:10_os_TAGCN_none_s43,43,1:10_os,TAGCN,none,ShapleyFeatures,153599,False,0.0298060327768325,,0,0.9923695498547852,,0.9353504031922852,,no_aplica,,no_aplica,0.9865042567253112
1:10_os_TAGCN_none_s43,43,1:10_os,TAGCN,none,ShapleyFeatures,155856,True,0.8062309622764587,,0,0.9918126605776983,,0.8969581843877297,,no_aplica,,no_aplica,0.984146237373352
1:10_os_TAGCN_none_s43,43,1:10_os,TAGCN,none,ShapleyFeatures,158611,False,0.1817867159843444,,0,0.9887916264874124,,0.9394305428547676,,no_aplica,,no_aplica,1.0038453340530396
1:10_os_TAGCN_none_s43,43,1:10_os,TAGCN,none,ShapleyFeatures,158949,True,0.6021561026573181,,0,0.9988032277727784,,0.9542688502784936,,no_aplica,,no_aplica,1.0158984661102295
1:10_os_TAGCN_none_s43,43,1:10_os,TAGCN,none,ShapleyFeatures,159862,False,0.0388068854808807,,0,,vector_constante,,,no_aplica,,no_aplica,0.7314993143081665
1:10_os_TAGCN_none_s43,43,1:10_os,TAGCN,none,ShapleyFeatures,161504,True,0.8100626468658447,,0,0.9947966723844855,,0.9161950286806884,,no_aplica,,no_aplica,0.9747127890586852
1:10_os_TAGCN_none_s43,43,1:10_os,TAGCN,none,ShapleyFeatures,163852,False,0.4239295721054077,,0,0.9971765580268664,,0.9261077396292297,,no_aplica,,no_aplica,0.9894523620605468
1:10_os_TAGCN_none_s43,43,1:10_os,TAGCN,none,ShapleyFeatures,165001,False,0.1807429939508438,,0,0.9955651800010183,,0.9036495136752848,,no_aplica,,no_aplica,0.9677992463111876
1:10_os_TAGCN_none_s43,43,1:10_os,TAGCN,none,ShapleyFeatures,168077,False,0.3073707520961761,,0,0.9830209864991312,,0.9801762407515172,,no_aplica,,no_aplica,0.989550769329071
1:10_os_TAGCN_none_s43,43,1:10_os,TAGCN,none,ShapleyFeatures,168167,False,0.4432805180549621,,0,0.9992391554258484,,0.9688860254385236,,no_aplica,,no_aplica,0.9568305015563964
1:10_os_TAGCN_none_s43,43,1:10_os,TAGCN,none,ShapleyFeatures,168250,False,0.0141220223158597,,0,0.9956931731659354,,0.9619876964003656,,no_aplica,,no_aplica,0.9606961011886596
1:10_os_TAGCN_none_s43,43,1:10_os,TAGCN,none,ShapleyFeatures,170168,False,0.3003098368644714,,0,0.9972054407298688,,0.9109901072408348,,no_aplica,,no_aplica,0.9748212695121764
1:10_os_TAGCN_none_s43,43,1:10_os,TAGCN,none,ShapleyFeatures,170185,False,0.2468326687812805,,0,0.9959776893853252,,0.9639438024773466,,no_aplica,,no_aplica,0.9777889251708984
1:10_os_TAGCN_none_s43,43,1:10_os,TAGCN,none,ShapleyFeatures,171111,False,0.0048669553361833,,0,0.992518633291481,,0.8940560312577939,,no_aplica,,no_aplica,3.222032070159912
1:10_os_TAGCN_none_s43,43,1:10_os,TAGCN,none,ShapleyFeatures,171381,True,0.6703343987464905,,0,0.9981424782858828,,0.9597647352232108,,no_aplica,,no_aplica,0.9808266162872314
1:10_os_TAGCN_none_s43,43,1:10_os,TAGCN,none,ShapleyFeatures,172466,False,0.4393263161182403,,0,0.9973380788925776,,0.9629570205337104,,no_aplica,,no_aplica,0.974204421043396
1:10_os_TAGCN_none_s43,43,1:10_os,TAGCN,none,ShapleyFeatures,172476,False,0.3080064952373504,,0,0.9890736189823406,,0.9308504447585004,,no_aplica,,no_aplica,0.9742641448974608
1:10_os_TAGCN_none_s43,43,1:10_os,TAGCN,none,ShapleyFeatures,172625,False,0.0056011639535427,,0,0.9907137903292924,,0.908140327541774,,no_aplica,,no_aplica,0.9633937478065492
1:10_os_TAGCN_none_s43,43,1:10_os,TAGCN,none,ShapleyFeatures,172800,False,0.1687606871128082,,0,0.9966816759614734,,0.919833735140078,,no_aplica,,no_aplica,0.9981059432029724
1:10_os_TAGCN_none_s43,43,1:10_os,TAGCN,none,ShapleyFeatures,173595,False,0.0846289992332458,,0,0.9995233213736544,,0.999897747111148,,no_aplica,,no_aplica,0.983491063117981
native_GraphSAGE_class_weighting_s44,44,native,GraphSAGE,class_weighting,GNNExplainer,139670,True,0.9672538638114928,,1,0.9454498620845097,,0.8356962341009228,,menos_de_2_aristas,,menos_de_2_aristas,1.085546851158142
native_GraphSAGE_class_weighting_s44,44,native,GraphSAGE,class_weighting,GNNExplainer,139873,True,0.962154984474182,,1,0.963289128446146,,0.7810067337268269,,menos_de_2_aristas,,menos_de_2_aristas,0.8175229430198669
native_GraphSAGE_class_weighting_s44,44,native,GraphSAGE,class_weighting,GNNExplainer,140575,True,0.944241225719452,,2,0.9604668238617288,,0.8215670463047635,0.1999999999999999,,0.6,,0.8501821160316467
native_GraphSAGE_class_weighting_s44,44,native,GraphSAGE,class_weighting,GNNExplainer,141068,True,0.9789093732833862,,1,0.9642709655531444,,0.931144733560562,,menos_de_2_aristas,,menos_de_2_aristas,0.8589561581611633
native_GraphSAGE_class_weighting_s44,44,native,GraphSAGE,class_weighting,GNNExplainer,148220,True,0.9944181442260742,,2,0.9765471226021684,,0.8040759830409844,0.1999999999999999,,0.6,,0.8818108439445496
native_GraphSAGE_class_weighting_s44,44,native,GraphSAGE,class_weighting,GNNExplainer,150129,False,0.2898692190647125,,0,0.9706204238035464,,0.977831906226619,,menos_de_2_aristas,,menos_de_2_aristas,0.7751986980438232
native_GraphSAGE_class_weighting_s44,44,native,GraphSAGE,class_weighting,GNNExplainer,150346,True,0.509726345539093,,0,0.971159248392534,,0.980223626236595,,menos_de_2_aristas,,menos_de_2_aristas,0.7317824959754944
native_GraphSAGE_class_weighting_s44,44,native,GraphSAGE,class_weighting,GNNExplainer,150528,True,0.9848094582557678,,2,0.9707689938973182,,0.7346928256712943,0.1999999999999999,,0.6,,0.8174188733100891
native_GraphSAGE_class_weighting_s44,44,native,GraphSAGE,class_weighting,GNNExplainer,152223,False,0.3170063197612762,,2,0.9690376649384138,,0.8533901404938067,0.1999999999999999,,0.6,,1.0044758319854736
native_GraphSAGE_class_weighting_s44,44,native,GraphSAGE,class_weighting,GNNExplainer,152280,False,0.4826488494873047,,1,0.9283376088931644,,0.7397564219802144,,menos_de_2_aristas,,menos_de_2_aristas,0.9934952855110168
native_GraphSAGE_class_weighting_s44,44,native,GraphSAGE,class_weighting,GNNExplainer,153599,True,0.9445660710334778,,2,0.9700022508581396,,0.9152664394380248,0.1999999999999999,,0.6,,0.9950836896896362
native_GraphSAGE_class_weighting_s44,44,native,GraphSAGE,class_weighting,GNNExplainer,155856,True,0.6671379804611206,,2,0.9764715947065902,,0.8220500457228365,0.1999999999999999,,0.6,,0.94058495759964
native_GraphSAGE_class_weighting_s44,44,native,GraphSAGE,class_weighting,GNNExplainer,158611,False,0.0021995499264448,,3,0.9300017115869086,,0.9083348574278828,0.1,,0.5333333333333332,,0.8946300745010376
native_GraphSAGE_class_weighting_s44,44,native,GraphSAGE,class_weighting,GNNExplainer,158949,True,0.9429710507392884,,2,0.9816370763200368,,0.828961675949788,0.1999999999999999,,0.6,,0.966099500656128
native_GraphSAGE_class_weighting_s44,44,native,GraphSAGE,class_weighting,GNNExplainer,159862,False,0.42035773396492,,0,0.9797876582519516,,0.9529287555075237,,menos_de_2_aristas,,menos_de_2_aristas,0.7631449103355408
native_GraphSAGE_class_weighting_s44,44,native,GraphSAGE,class_weighting,GNNExplainer,161504,True,0.9975962042808532,,2,0.954663310056202,,0.8867827749605122,0.1999999999999999,,0.6,,0.8316883444786072
native_GraphSAGE_class_weighting_s44,44,native,GraphSAGE,class_weighting,GNNExplainer,163852,True,0.927738606929779,,2,0.9887254666236168,,0.7989417241665975,0.1999999999999999,,0.6,,0.8786786794662476
native_GraphSAGE_class_weighting_s44,44,native,GraphSAGE,class_weighting,GNNExplainer,165001,True,0.9203486442565918,,1,0.9798126372790096,,0.8282542189708206,,menos_de_2_aristas,,menos_de_2_aristas,0.8474185466766357
native_GraphSAGE_class_weighting_s44,44,native,GraphSAGE,class_weighting,GNNExplainer,168077,False,0.2188572585582733,,1,0.9118081378520688,,0.7949771385817608,,menos_de_2_aristas,,menos_de_2_aristas,0.8515616059303284
native_GraphSAGE_class_weighting_s44,44,native,GraphSAGE,class_weighting,GNNExplainer,168167,True,0.57296222448349,,1,0.9655563357128132,,0.8785410258541857,,menos_de_2_aristas,,menos_de_2_aristas,0.8128973245620728
native_GraphSAGE_class_weighting_s44,44,native,GraphSAGE,class_weighting,GNNExplainer,168250,False,0.0536828860640525,,1,0.9584938799406376,,0.7658317399617591,,menos_de_2_aristas,,menos_de_2_aristas,0.95875746011734
native_GraphSAGE_class_weighting_s44,44,native,GraphSAGE,class_weighting,GNNExplainer,170168,True,0.8877173662185669,,2,0.9825673254577012,,0.8206376257378004,0.1999999999999999,,0.6,,0.9215236306190492
native_GraphSAGE_class_weighting_s44,44,native,GraphSAGE,class_weighting,GNNExplainer,170185,False,0.4487435221672058,,2,0.9792788757628352,,0.8451325962257877,0.1999999999999999,,0.6,,0.9189108610153198
native_GraphSAGE_class_weighting_s44,44,native,GraphSAGE,class_weighting,GNNExplainer,171111,False,0.2415778785943985,,2,0.9809498348356754,,0.8560653420899493,0.1999999999999999,,0.6,,0.911313533782959
native_GraphSAGE_class_weighting_s44,44,native,GraphSAGE,class_weighting,GNNExplainer,171381,True,0.968652606010437,,2,0.986991434987824,,0.818193532296949,-0.1999999999999999,,0.4,,0.9760177135467528
native_GraphSAGE_class_weighting_s44,44,native,GraphSAGE,class_weighting,GNNExplainer,172466,True,0.8541949391365051,,2,0.9801235434742632,,0.801125613101671,-0.1999999999999999,,0.4,,0.812908947467804
native_GraphSAGE_class_weighting_s44,44,native,GraphSAGE,class_weighting,GNNExplainer,172476,True,0.8571596741676331,,2,0.9705173778394284,,0.7316202510599386,-0.1999999999999999,,0.4,,0.8259974122047424
native_GraphSAGE_class_weighting_s44,44,native,GraphSAGE,class_weighting,GNNExplainer,172625,False,0.0768565237522125,,1,0.9710260792401362,,0.7793366032089118,,menos_de_2_aristas,,menos_de_2_aristas,0.8571840524673462
native_GraphSAGE_class_weighting_s44,44,native,GraphSAGE,class_weighting,GNNExplainer,172800,True,0.9674989581108092,,1,0.9502276422764228,,0.8062083298694821,,menos_de_2_aristas,,menos_de_2_aristas,0.8753665685653687
native_GraphSAGE_class_weighting_s44,44,native,GraphSAGE,class_weighting,GNNExplainer,173595,True,0.7691352963447571,,1,0.9698619677370371,,0.8451301022528888,,menos_de_2_aristas,,menos_de_2_aristas,0.8050448894500732
native_GraphSAGE_class_weighting_s44,44,native,GraphSAGE,class_weighting,PGExplainer,139670,True,0.9672538638114928,,1,,no_aplica,,,menos_de_2_aristas,,menos_de_2_aristas,2.165757417678833
native_GraphSAGE_class_weighting_s44,44,native,GraphSAGE,class_weighting,PGExplainer,139873,True,0.962154984474182,,1,,no_aplica,,,menos_de_2_aristas,,menos_de_2_aristas,2.1654324531555176
native_GraphSAGE_class_weighting_s44,44,native,GraphSAGE,class_weighting,PGExplainer,140575,True,0.944241225719452,,2,,no_aplica,,-0.1999999999999999,,0.4,,2.16532564163208
native_GraphSAGE_class_weighting_s44,44,native,GraphSAGE,class_weighting,PGExplainer,141068,True,0.9789093732833862,,1,,no_aplica,,,menos_de_2_aristas,,menos_de_2_aristas,2.165121793746948
native_GraphSAGE_class_weighting_s44,44,native,GraphSAGE,class_weighting,PGExplainer,148220,True,0.9944181442260742,,2,,no_aplica,,1.0,,0.6,,2.1652560234069824
native_GraphSAGE_class_weighting_s44,44,native,GraphSAGE,class_weighting,PGExplainer,150129,False,0.2898692190647125,,0,,no_aplica,,,menos_de_2_aristas,,menos_de_2_aristas,2.164522886276245
native_GraphSAGE_class_weighting_s44,44,native,GraphSAGE,class_weighting,PGExplainer,150346,True,0.509726345539093,,0,,no_aplica,,,menos_de_2_aristas,,menos_de_2_aristas,2.164522647857666
native_GraphSAGE_class_weighting_s44,44,native,GraphSAGE,class_weighting,PGExplainer,150528,True,0.9848094582557678,,2,,no_aplica,,-0.1999999999999999,,0.4,,2.16541075706482
native_GraphSAGE_class_weighting_s44,44,native,GraphSAGE,class_weighting,PGExplainer,152223,False,0.3170063197612762,,2,,no_aplica,,1.0,,1.0,,2.165154457092285
native_GraphSAGE_class_weighting_s44,44,native,GraphSAGE,class_weighting,PGExplainer,152280,False,0.4826488494873047,,1,,no_aplica,,,menos_de_2_aristas,,menos_de_2_aristas,2.1655349731445312
native_GraphSAGE_class_weighting_s44,44,native,GraphSAGE,class_weighting,PGExplainer,153599,True,0.9445660710334778,,2,,no_aplica,,-0.1999999999999999,,0.4,,2.165229558944702
native_GraphSAGE_class_weighting_s44,44,native,GraphSAGE,class_weighting,PGExplainer,155856,True,0.6671379804611206,,2,,no_aplica,,-0.1999999999999999,,0.4,,2.1653101444244385
native_GraphSAGE_class_weighting_s44,44,native,GraphSAGE,class_weighting,PGExplainer,158611,False,0.0021995499264448,,3,,no_aplica,,1.0,,1.0,,2.165130853652954
native_GraphSAGE_class_weighting_s44,44,native,GraphSAGE,class_weighting,PGExplainer,158949,True,0.9429710507392884,,2,,no_aplica,,-0.1999999999999999,,0.4,,2.165297746658325
native_GraphSAGE_class_weighting_s44,44,native,GraphSAGE,class_weighting,PGExplainer,159862,False,0.42035773396492,,0,,no_aplica,,,menos_de_2_aristas,,menos_de_2_aristas,2.1644625663757324
native_GraphSAGE_class_weighting_s44,44,native,GraphSAGE,class_weighting,PGExplainer,161504,True,0.9975962042808532,,2,,no_aplica,,3.700743415417188e-17,,0.6,,2.1655898094177246
native_GraphSAGE_class_weighting_s44,44,native,GraphSAGE,class_weighting,PGExplainer,163852,True,0.927738606929779,,2,,no_aplica,,-0.1999999999999999,,0.4,,2.1651597023010254
native_GraphSAGE_class_weighting_s44,44,native,GraphSAGE,class_weighting,PGExplainer,165001,True,0.9203486442565918,,1,,no_aplica,,,menos_de_2_aristas,,menos_de_2_aristas,2.165131092071533
native_GraphSAGE_class_weighting_s44,44,native,GraphSAGE,class_weighting,PGExplainer,168077,False,0.2188572585582733,,1,,no_aplica,,,menos_de_2_aristas,,menos_de_2_aristas,2.1653122901916504
native_GraphSAGE_class_weighting_s44,44,native,GraphSAGE,class_weighting,PGExplainer,168167,True,0.57296222448349,,1,,no_aplica,,,menos_de_2_aristas,,menos_de_2_aristas,2.165136337280273
native_GraphSAGE_class_weighting_s44,44,native,GraphSAGE,class_weighting,PGExplainer,168250,False,0.0536828860640525,,1,,no_aplica,,,menos_de_2_aristas,,menos_de_2_aristas,2.165382146835327
native_GraphSAGE_class_weighting_s44,44,native,GraphSAGE,class_weighting,PGExplainer,170168,True,0.8877173662185669,,2,,no_aplica,,-0.1999999999999999,,0.4,,2.165109634399414
native_GraphSAGE_class_weighting_s44,44,native,GraphSAGE,class_weighting,PGExplainer,170185,False,0.4487435221672058,,2,,no_aplica,,-0.1999999999999999,,0.4,,2.165103912353516
native_GraphSAGE_class_weighting_s44,44,native,GraphSAGE,class_weighting,PGExplainer,171111,False,0.2415778785943985,,2,,no_aplica,,1.0,,0.4,,2.1653969287872314
native_GraphSAGE_class_weighting_s44,44,native,GraphSAGE,class_weighting,PGExplainer,171381,True,0.968652606010437,,2,,no_aplica,,-0.3333333333333333,,0.4,,2.165152311325073
native_GraphSAGE_class_weighting_s44,44,native,GraphSAGE,class_weighting,PGExplainer,172466,True,0.8541949391365051,,2,,no_aplica,,-0.1999999999999999,,0.4,,2.165168523788452
native_GraphSAGE_class_weighting_s44,44,native,GraphSAGE,class_weighting,PGExplainer,172476,True,0.8571596741676331,,2,,no_aplica,,-0.1999999999999999,,0.4,,2.165127992630005
native_GraphSAGE_class_weighting_s44,44,native,GraphSAGE,class_weighting,PGExplainer,172625,False,0.0768565237522125,,1,,no_aplica,,,menos_de_2_aristas,,menos_de_2_aristas,2.165134191513061
native_GraphSAGE_class_weighting_s44,44,native,GraphSAGE,class_weighting,PGExplainer,172800,True,0.9674989581108092,,1,,no_aplica,,,menos_de_2_aristas,,menos_de_2_aristas,2.165109634399414
native_GraphSAGE_class_weighting_s44,44,native,GraphSAGE,class_weighting,PGExplainer,173595,True,0.7691352963447571,,1,,no_aplica,,,menos_de_2_aristas,,menos_de_2_aristas,2.165093183517456
native_GraphSAGE_class_weighting_s44,44,native,GraphSAGE,class_weighting,ShapleyFeatures,139670,True,0.9672538638114928,,0,0.996119241192412,,0.9682583755923184,,no_aplica,,no_aplica,0.7466285824775696
native_GraphSAGE_class_weighting_s44,44,native,GraphSAGE,class_weighting,ShapleyFeatures,139873,True,0.962154984474182,,0,0.9977579348750446,,0.9817673954609694,,no_aplica,,no_aplica,0.7426179051399231
native_GraphSAGE_class_weighting_s44,44,native,GraphSAGE,class_weighting,ShapleyFeatures,140575,True,0.944241225719452,,0,0.9944129099594556,,0.939136254052706,,no_aplica,,no_aplica,0.7737279534339905
native_GraphSAGE_class_weighting_s44,44,native,GraphSAGE,class_weighting,ShapleyFeatures,141068,True,0.9789093732833862,,0,0.9995057200940728,,0.9671734973813284,,no_aplica,,no_aplica,0.7655269503593445
native_GraphSAGE_class_weighting_s44,44,native,GraphSAGE,class_weighting,ShapleyFeatures,148220,True,0.9944181442260742,,0,0.9989240898092394,,0.9133394297115304,,no_aplica,,no_aplica,0.7538275122642517
native_GraphSAGE_class_weighting_s44,44,native,GraphSAGE,class_weighting,ShapleyFeatures,150129,False,0.2898692190647125,,0,,vector_constante,,,no_aplica,,no_aplica,0.5548504590988159
native_GraphSAGE_class_weighting_s44,44,native,GraphSAGE,class_weighting,ShapleyFeatures,150346,True,0.509726345539093,,0,,vector_constante,,,no_aplica,,no_aplica,0.5605629086494446
native_GraphSAGE_class_weighting_s44,44,native,GraphSAGE,class_weighting,ShapleyFeatures,150528,True,0.9848094582557678,,0,0.9937214397496088,,0.9533053454152468,,no_aplica,,no_aplica,0.7429510951042175
native_GraphSAGE_class_weighting_s44,44,native,GraphSAGE,class_weighting,ShapleyFeatures,152223,False,0.3170063197612762,,0,0.9868293418922998,,0.8208753844874886,,no_aplica,,no_aplica,0.7607091665267944
native_GraphSAGE_class_weighting_s44,44,native,GraphSAGE,class_weighting,ShapleyFeatures,152280,False,0.4826488494873047,,0,0.9922949598544512,,0.9330160445589826,,no_aplica,,no_aplica,0.7448119521141052
native_GraphSAGE_class_weighting_s44,44,native,GraphSAGE,class_weighting,ShapleyFeatures,153599,True,0.9445660710334778,,0,0.9974452485710898,,0.9726286474353646,,no_aplica,,no_aplica,0.7359193563461304
native_GraphSAGE_class_weighting_s44,44,native,GraphSAGE,class_weighting,ShapleyFeatures,155856,True,0.6671379804611206,,0,0.9903799831748674,,0.8742630310083965,,no_aplica,,no_aplica,0.7505396604537964
native_GraphSAGE_class_weighting_s44,44,native,GraphSAGE,class_weighting,ShapleyFeatures,158611,False,0.0021995499264448,,0,0.9544862784225032,,0.7524723584670381,,no_aplica,,no_aplica,0.7527632713317871
native_GraphSAGE_class_weighting_s44,44,native,GraphSAGE,class_weighting,ShapleyFeatures,158949,True,0.9429710507392884,,0,0.9989576499956458,,0.9243436694654584,,no_aplica,,no_aplica,0.7510194778442383
native_GraphSAGE_class_weighting_s44,44,native,GraphSAGE,class_weighting,ShapleyFeatures,159862,False,0.42035773396492,,0,,vector_constante,,,no_aplica,,no_aplica,0.5551160573959351
native_GraphSAGE_class_weighting_s44,44,native,GraphSAGE,class_weighting,ShapleyFeatures,161504,True,0.9975962042808532,,0,0.9927271658288505,,0.9818447086208332,,no_aplica,,no_aplica,0.7443117499351501
native_GraphSAGE_class_weighting_s44,44,native,GraphSAGE,class_weighting,ShapleyFeatures,163852,True,0.927738606929779,,0,0.9957789389902066,,0.940080638457062,,no_aplica,,no_aplica,0.7447032332420349
native_GraphSAGE_class_weighting_s44,44,native,GraphSAGE,class_weighting,ShapleyFeatures,165001,True,0.9203486442565918,,0,0.997878064373773,,0.9522387563388476,,no_aplica,,no_aplica,0.7463950514793396
native_GraphSAGE_class_weighting_s44,44,native,GraphSAGE,class_weighting,ShapleyFeatures,168077,False,0.2188572585582733,,0,0.9705779975939046,,0.7807681436528389,,no_aplica,,no_aplica,0.7430443167686462
native_GraphSAGE_class_weighting_s44,44,native,GraphSAGE,class_weighting,ShapleyFeatures,168167,True,0.57296222448349,,0,0.9993968536523784,,0.9283822429129606,,no_aplica,,no_aplica,0.7519193291664124
native_GraphSAGE_class_weighting_s44,44,native,GraphSAGE,class_weighting,ShapleyFeatures,168250,False,0.0536828860640525,,0,0.979484166762526,,0.612114889018206,,no_aplica,,no_aplica,0.7472318410873413
native_GraphSAGE_class_weighting_s44,44,native,GraphSAGE,class_weighting,ShapleyFeatures,170168,True,0.8877173662185669,,0,0.9901314214292296,,0.9596907473605454,,no_aplica,,no_aplica,0.7448712587356567
native_GraphSAGE_class_weighting_s44,44,native,GraphSAGE,class_weighting,ShapleyFeatures,170185,False,0.4487435221672058,,0,0.9982223865585216,,0.904928090448084,,no_aplica,,no_aplica,0.7422187328338623
native_GraphSAGE_class_weighting_s44,44,native,GraphSAGE,class_weighting,ShapleyFeatures,171111,False,0.2415778785943985,,0,0.9947031737870298,,0.8142871394130852,,no_aplica,,no_aplica,0.7397526502609253
native_GraphSAGE_class_weighting_s44,44,native,GraphSAGE,class_weighting,ShapleyFeatures,171381,True,0.968652606010437,,0,0.9985746558715812,,0.9996175908221796,,no_aplica,,no_aplica,0.7443817257881165
native_GraphSAGE_class_weighting_s44,44,native,GraphSAGE,class_weighting,ShapleyFeatures,172466,True,0.8541949391365051,,0,0.9984571527712148,,0.9135988028930088,,no_aplica,,no_aplica,0.7327806353569031
native_GraphSAGE_class_weighting_s44,44,native,GraphSAGE,class_weighting,ShapleyFeatures,172476,True,0.8571596741676331,,0,0.9938013719622626,,0.8941740793083384,,no_aplica,,no_aplica,0.7428382039070129
native_GraphSAGE_class_weighting_s44,44,native,GraphSAGE,class_weighting,ShapleyFeatures,172625,False,0.0768565237522125,,0,0.9815274502732544,,0.6765175825089368,,no_aplica,,no_aplica,0.7448084950447083
native_GraphSAGE_class_weighting_s44,44,native,GraphSAGE,class_weighting,ShapleyFeatures,172800,True,0.9674989581108092,,0,0.9974259926655694,,0.9816909136254052,,no_aplica,,no_aplica,0.743137538433075
native_GraphSAGE_class_weighting_s44,44,native,GraphSAGE,class_weighting,ShapleyFeatures,173595,True,0.7691352963447571,,0,0.999965628486146,,0.9999459639205256,,no_aplica,,no_aplica,0.7536319494247437
native_GraphSAGE_focal_loss_s44,44,native,GraphSAGE,focal_loss,GNNExplainer,139670,False,0.4578840136528015,,1,0.8699430092408745,,0.7954210657577521,,menos_de_2_aristas,,menos_de_2_aristas,0.8422147631645203
native_GraphSAGE_focal_loss_s44,44,native,GraphSAGE,focal_loss,GNNExplainer,139873,False,0.4419478476047516,,1,0.8955055625852465,,0.6840094770970155,,menos_de_2_aristas,,menos_de_2_aristas,0.8213009238243103
native_GraphSAGE_focal_loss_s44,44,native,GraphSAGE,focal_loss,GNNExplainer,140575,False,0.4380762577056885,,2,0.9107267574439172,,0.8722163105827583,0.1999999999999999,,0.6,,0.8260201811790466
native_GraphSAGE_focal_loss_s44,44,native,GraphSAGE,focal_loss,GNNExplainer,141068,True,0.6382203698158264,,1,0.9201922683216444,,0.7007814448416327,,menos_de_2_aristas,,menos_de_2_aristas,0.8306294083595276
native_GraphSAGE_focal_loss_s44,44,native,GraphSAGE,focal_loss,GNNExplainer,148220,True,0.5298990607261658,,2,0.9326385877119824,,0.7760345830908638,0.1999999999999999,,0.6,,0.8141809701919556
native_GraphSAGE_focal_loss_s44,44,native,GraphSAGE,focal_loss,GNNExplainer,150129,False,0.1823623776435852,,0,0.8787770765770555,,0.8226037077063764,,menos_de_2_aristas,,menos_de_2_aristas,0.7318479418754578
native_GraphSAGE_focal_loss_s44,44,native,GraphSAGE,focal_loss,GNNExplainer,150346,True,0.5011494159698486,,0,0.9005239205273009,,0.5697223376839305,,menos_de_2_aristas,,menos_de_2_aristas,0.7612398266792297
native_GraphSAGE_focal_loss_s44,44,native,GraphSAGE,focal_loss,GNNExplainer,150528,False,0.3582625985145569,,2,0.9278993337439112,,0.612917116967329,0.1999999999999999,,0.6,,0.8428164124488831
native_GraphSAGE_focal_loss_s44,44,native,GraphSAGE,focal_loss,GNNExplainer,152223,True,0.866389811038971,,2,0.9584363426878448,,0.7401687588328207,0.1999999999999999,,0.6,,0.9276731014251708
native_GraphSAGE_focal_loss_s44,44,native,GraphSAGE,focal_loss,GNNExplainer,152280,True,0.5907827019691467,,1,0.8676083587194698,,0.6537218388893508,,menos_de_2_aristas,,menos_de_2_aristas,0.9025383591651917
native_GraphSAGE_focal_loss_s44,44,native,GraphSAGE,focal_loss,GNNExplainer,153599,True,0.5606690645217896,,2,0.9435456642845084,,0.7247194280488819,0.1999999999999999,,0.6,,0.8516365885734558
native_GraphSAGE_focal_loss_s44,44,native,GraphSAGE,focal_loss,GNNExplainer,155856,True,0.5917689204216003,,2,0.9336476406897476,,0.6443320309252639,0.1999999999999999,,0.6,,0.9045170545578004
native_GraphSAGE_focal_loss_s44,44,native,GraphSAGE,focal_loss,GNNExplainer,158611,False,0.0637758374214172,,3,0.9291534063253836,,0.801776540028265,0.1,,0.5333333333333332,,0.8944309949874878
native_GraphSAGE_focal_loss_s44,44,native,GraphSAGE,focal_loss,GNNExplainer,158949,True,0.6221215128898621,,2,0.9438073553147336,,0.7718571784853271,0.1999999999999999,,0.6,,0.8372299075126648
native_GraphSAGE_focal_loss_s44,44,native,GraphSAGE,focal_loss,GNNExplainer,159862,False,0.191630944609642,,0,0.8971216327822921,,0.6611547094521573,,menos_de_2_aristas,,menos_de_2_aristas,0.900485634803772
native_GraphSAGE_focal_loss_s44,44,native,GraphSAGE,focal_loss,GNNExplainer,161504,True,0.6534592509269714,,2,0.910195169794782,,0.8628589242663564,0.1999999999999999,,0.6,,0.9380471110343932
native_GraphSAGE_focal_loss_s44,44,native,GraphSAGE,focal_loss,GNNExplainer,163852,False,0.3823938369750976,,2,0.9485743334684372,,0.7262183057610774,0.1999999999999999,,0.6,,0.9239598512649536
native_GraphSAGE_focal_loss_s44,44,native,GraphSAGE,focal_loss,GNNExplainer,165001,False,0.2881772518157959,,1,0.9555590929845804,,0.832125696234101,,menos_de_2_aristas,,menos_de_2_aristas,0.959514856338501
native_GraphSAGE_focal_loss_s44,44,native,GraphSAGE,focal_loss,GNNExplainer,168077,True,0.5278321504592896,,1,0.819379764157499,,0.7150353312827333,,menos_de_2_aristas,,menos_de_2_aristas,0.8556625843048096
native_GraphSAGE_focal_loss_s44,44,native,GraphSAGE,focal_loss,GNNExplainer,168167,True,0.5968658924102783,,1,0.9103699617165688,,0.6327101172167262,,menos_de_2_aristas,,menos_de_2_aristas,0.8412321209907532
native_GraphSAGE_focal_loss_s44,44,native,GraphSAGE,focal_loss,GNNExplainer,168250,False,0.3193200230598449,,1,0.9309529320462374,,0.7156879208579267,,menos_de_2_aristas,,menos_de_2_aristas,1.0193325281143188
native_GraphSAGE_focal_loss_s44,44,native,GraphSAGE,focal_loss,GNNExplainer,170168,False,0.4035001695156097,,2,0.9561480320250824,,0.6955790173746779,0.1999999999999999,,0.6,,0.9044477939605712
native_GraphSAGE_focal_loss_s44,44,native,GraphSAGE,focal_loss,GNNExplainer,170185,True,0.6226619482040405,,2,0.9289219528581828,,0.6720591902901323,0.1999999999999999,,0.6,,0.8429847359657288
native_GraphSAGE_focal_loss_s44,44,native,GraphSAGE,focal_loss,GNNExplainer,171111,False,0.4723999202251434,,2,0.9145151447287386,,0.6307166015462632,0.1999999999999999,,0.6,,0.8726529479026794
native_GraphSAGE_focal_loss_s44,44,native,GraphSAGE,focal_loss,GNNExplainer,171381,True,0.6156704425811768,,2,0.9281820664136728,,0.7118480339180314,0.1999999999999999,,0.6,,0.8373548984527588
native_GraphSAGE_focal_loss_s44,44,native,GraphSAGE,focal_loss,GNNExplainer,172466,True,0.63807612657547,,2,0.933498002240166,,0.646431956106077,0.1999999999999999,,0.6,,0.82587730884552
native_GraphSAGE_focal_loss_s44,44,native,GraphSAGE,focal_loss,GNNExplainer,172476,False,0.4579610824584961,,2,0.945996740362421,,0.6562266190040735,0.1999999999999999,,0.6,,0.8332396149635315
native_GraphSAGE_focal_loss_s44,44,native,GraphSAGE,focal_loss,GNNExplainer,172625,False,0.136387288570404,,1,0.935121522357156,,0.7522354310416495,,menos_de_2_aristas,,menos_de_2_aristas,0.8283271193504333
native_GraphSAGE_focal_loss_s44,44,native,GraphSAGE,focal_loss,GNNExplainer,172800,False,0.4093009233474731,,1,0.8570902439024393,,0.718238423809128,,menos_de_2_aristas,,menos_de_2_aristas,0.8256881833076477
native_GraphSAGE_focal_loss_s44,44,native,GraphSAGE,focal_loss,GNNExplainer,173595,True,0.5175067186355591,,1,0.9091494638505868,,0.5493765067752931,,menos_de_2_aristas,,menos_de_2_aristas,0.823945939540863
native_GraphSAGE_focal_loss_s44,44,native,GraphSAGE,focal_loss,PGExplainer,139670,False,0.4578840136528015,,1,,no_aplica,,,menos_de_2_aristas,,menos_de_2_aristas,2.18538784980774
native_GraphSAGE_focal_loss_s44,44,native,GraphSAGE,focal_loss,PGExplainer,139873,False,0.4419478476047516,,1,,no_aplica,,,menos_de_2_aristas,,menos_de_2_aristas,2.18537974357605
native_GraphSAGE_focal_loss_s44,44,native,GraphSAGE,focal_loss,PGExplainer,140575,False,0.4380762577056885,,2,,no_aplica,,-0.1999999999999999,,0.4,,2.1852829456329346
native_GraphSAGE_focal_loss_s44,44,native,GraphSAGE,focal_loss,PGExplainer,141068,True,0.6382203698158264,,1,,no_aplica,,,menos_de_2_aristas,,menos_de_2_aristas,2.1849162578582764
native_GraphSAGE_focal_loss_s44,44,native,GraphSAGE,focal_loss,PGExplainer,148220,True,0.5298990607261658,,2,,no_aplica,,-0.1999999999999999,,0.4,,2.1854135990142822
native_GraphSAGE_focal_loss_s44,44,native,GraphSAGE,focal_loss,PGExplainer,150129,False,0.1823623776435852,,0,,no_aplica,,,menos_de_2_aristas,,menos_de_2_aristas,2.184388875961304
native_GraphSAGE_focal_loss_s44,44,native,GraphSAGE,focal_loss,PGExplainer,150346,True,0.5011494159698486,,0,,no_aplica,,,menos_de_2_aristas,,menos_de_2_aristas,2.1846489906311035
native_GraphSAGE_focal_loss_s44,44,native,GraphSAGE,focal_loss,PGExplainer,150528,False,0.3582625985145569,,2,,no_aplica,,1.0,,1.0,,2.1850366592407227
native_GraphSAGE_focal_loss_s44,44,native,GraphSAGE,focal_loss,PGExplainer,152223,True,0.866389811038971,,2,,no_aplica,,0.0,,0.6,,2.18513560295105
native_GraphSAGE_focal_loss_s44,44,native,GraphSAGE,focal_loss,PGExplainer,152280,True,0.5907827019691467,,1,,no_aplica,,,menos_de_2_aristas,,menos_de_2_aristas,2.184983015060425
native_GraphSAGE_focal_loss_s44,44,native,GraphSAGE,focal_loss,PGExplainer,153599,True,0.5606690645217896,,2,,no_aplica,,0.1999999999999999,,0.6,,2.184954881668091
native_GraphSAGE_focal_loss_s44,44,native,GraphSAGE,focal_loss,PGExplainer,155856,True,0.5917689204216003,,2,,no_aplica,,1.0,,1.0,,2.184950828552246
native_GraphSAGE_focal_loss_s44,44,native,GraphSAGE,focal_loss,PGExplainer,158611,False,0.0637758374214172,,3,,no_aplica,,1.0,,1.0,,2.184905529022217
native_GraphSAGE_focal_loss_s44,44,native,GraphSAGE,focal_loss,PGExplainer,158949,True,0.6221215128898621,,2,,no_aplica,,0.1999999999999999,,0.6,,2.1852738857269287
native_GraphSAGE_focal_loss_s44,44,native,GraphSAGE,focal_loss,PGExplainer,159862,False,0.191630944609642,,0,,no_aplica,,,menos_de_2_aristas,,menos_de_2_aristas,2.1843976974487305
native_GraphSAGE_focal_loss_s44,44,native,GraphSAGE,focal_loss,PGExplainer,161504,True,0.6534592509269714,,2,,no_aplica,,-0.1999999999999999,,0.4,,2.1849069595336914
native_GraphSAGE_focal_loss_s44,44,native,GraphSAGE,focal_loss,PGExplainer,163852,False,0.3823938369750976,,2,,no_aplica,,1.0,,1.0,,2.1850643157958984
native_GraphSAGE_focal_loss_s44,44,native,GraphSAGE,focal_loss,PGExplainer,165001,False,0.2881772518157959,,1,,no_aplica,,,menos_de_2_aristas,,menos_de_2_aristas,2.1850881576538086
native_GraphSAGE_focal_loss_s44,44,native,GraphSAGE,focal_loss,PGExplainer,168077,True,0.5278321504592896,,1,,no_aplica,,,menos_de_2_aristas,,menos_de_2_aristas,2.1850552558898926
native_GraphSAGE_focal_loss_s44,44,native,GraphSAGE,focal_loss,PGExplainer,168167,True,0.5968658924102783,,1,,no_aplica,,,menos_de_2_aristas,,menos_de_2_aristas,2.1849682331085205
native_GraphSAGE_focal_loss_s44,44,native,GraphSAGE,focal_loss,PGExplainer,168250,False,0.3193200230598449,,1,,no_aplica,,,menos_de_2_aristas,,menos_de_2_aristas,2.1853458881378174
native_GraphSAGE_focal_loss_s44,44,native,GraphSAGE,focal_loss,PGExplainer,170168,False,0.4035001695156097,,2,,no_aplica,,0.0,,0.6,,2.185331106185913
native_GraphSAGE_focal_loss_s44,44,native,GraphSAGE,focal_loss,PGExplainer,170185,True,0.6226619482040405,,2,,no_aplica,,0.1999999999999999,,0.6,,2.184998035430908
native_GraphSAGE_focal_loss_s44,44,native,GraphSAGE,focal_loss,PGExplainer,171111,False,0.4723999202251434,,2,,no_aplica,,1.0,,0.4,,2.184965372085572
native_GraphSAGE_focal_loss_s44,44,native,GraphSAGE,focal_loss,PGExplainer,171381,True,0.6156704425811768,,2,,no_aplica,,-0.1999999999999999,,0.4,,2.184964179992676
native_GraphSAGE_focal_loss_s44,44,native,GraphSAGE,focal_loss,PGExplainer,172466,True,0.63807612657547,,2,,no_aplica,,-0.1999999999999999,,0.4,,2.18508243560791
native_GraphSAGE_focal_loss_s44,44,native,GraphSAGE,focal_loss,PGExplainer,172476,False,0.4579610824584961,,2,,no_aplica,,1.0,,1.0,,2.1849520206451416
native_GraphSAGE_focal_loss_s44,44,native,GraphSAGE,focal_loss,PGExplainer,172625,False,0.136387288570404,,1,,no_aplica,,,menos_de_2_aristas,,menos_de_2_aristas,2.185564994812012
native_GraphSAGE_focal_loss_s44,44,native,GraphSAGE,focal_loss,PGExplainer,172800,False,0.4093009233474731,,1,,no_aplica,,,menos_de_2_aristas,,menos_de_2_aristas,2.1851909160614014
native_GraphSAGE_focal_loss_s44,44,native,GraphSAGE,focal_loss,PGExplainer,173595,True,0.5175067186355591,,1,,no_aplica,,,menos_de_2_aristas,,menos_de_2_aristas,2.185004711151123
native_GraphSAGE_focal_loss_s44,44,native,GraphSAGE,focal_loss,ShapleyFeatures,139670,False,0.4578840136528015,,0,0.9967444444444448,,0.9733394297115304,,no_aplica,,no_aplica,0.7418054342269897
native_GraphSAGE_focal_loss_s44,44,native,GraphSAGE,focal_loss,ShapleyFeatures,139873,False,0.4419478476047516,,0,0.9976435409979976,,0.9265583173996176,,no_aplica,,no_aplica,0.7448468804359436
native_GraphSAGE_focal_loss_s44,44,native,GraphSAGE,focal_loss,ShapleyFeatures,140575,False,0.4380762577056885,,0,0.9948498679166876,,0.9998378917615762,,no_aplica,,no_aplica,0.7361149787902832
native_GraphSAGE_focal_loss_s44,44,native,GraphSAGE,focal_loss,ShapleyFeatures,141068,True,0.6382203698158264,,0,0.9989645629666524,,0.9998802893008564,,no_aplica,,no_aplica,0.7357138991355896
native_GraphSAGE_focal_loss_s44,44,native,GraphSAGE,focal_loss,ShapleyFeatures,148220,True,0.5298990607261658,,0,0.9978585898373752,,0.9636511763238842,,no_aplica,,no_aplica,0.7436853051185608
native_GraphSAGE_focal_loss_s44,44,native,GraphSAGE,focal_loss,ShapleyFeatures,150129,False,0.1823623776435852,,0,,vector_constante,,,no_aplica,,no_aplica,0.5538637638092041
native_GraphSAGE_focal_loss_s44,44,native,GraphSAGE,focal_loss,ShapleyFeatures,150346,True,0.5011494159698486,,0,,vector_constante,,,no_aplica,,no_aplica,0.5654602646827698
native_GraphSAGE_focal_loss_s44,44,native,GraphSAGE,focal_loss,ShapleyFeatures,150528,False,0.3582625985145569,,0,0.9980964575330772,,0.9639812120708288,,no_aplica,,no_aplica,0.7486711144447327
native_GraphSAGE_focal_loss_s44,44,native,GraphSAGE,focal_loss,ShapleyFeatures,152223,True,0.866389811038971,,0,0.9945252791265464,,0.981974395211572,,no_aplica,,no_aplica,0.7425506114959717
native_GraphSAGE_focal_loss_s44,44,native,GraphSAGE,focal_loss,ShapleyFeatures,152280,True,0.5907827019691467,,0,0.9961599040121084,,0.9999110482999418,,no_aplica,,no_aplica,0.7379579544067383
native_GraphSAGE_focal_loss_s44,44,native,GraphSAGE,focal_loss,ShapleyFeatures,153599,True,0.5606690645217896,,0,0.9972584305658496,,0.9639679108820352,,no_aplica,,no_aplica,0.7468171119689941
native_GraphSAGE_focal_loss_s44,44,native,GraphSAGE,focal_loss,ShapleyFeatures,155856,True,0.5917689204216003,,0,0.9977405104515098,,0.9998520242746696,,no_aplica,,no_aplica,0.7448391318321228
native_GraphSAGE_focal_loss_s44,44,native,GraphSAGE,focal_loss,ShapleyFeatures,158611,False,0.0637758374214172,,0,0.9953071522861714,,0.9996333859838724,,no_aplica,,no_aplica,0.7436060309410095
native_GraphSAGE_focal_loss_s44,44,native,GraphSAGE,focal_loss,ShapleyFeatures,158949,True,0.6221215128898621,,0,0.999460393021973,,0.9459896915786848,,no_aplica,,no_aplica,0.774452805519104
native_GraphSAGE_focal_loss_s44,44,native,GraphSAGE,focal_loss,ShapleyFeatures,159862,False,0.191630944609642,,0,,vector_constante,,,no_aplica,,no_aplica,0.5474719405174255
native_GraphSAGE_focal_loss_s44,44,native,GraphSAGE,focal_loss,ShapleyFeatures,161504,True,0.6534592509269714,,0,0.995333813781518,,0.9733394297115304,,no_aplica,,no_aplica,0.7465687394142151
native_GraphSAGE_focal_loss_s44,44,native,GraphSAGE,focal_loss,ShapleyFeatures,163852,False,0.3823938369750976,,0,0.99808284597017,,0.9591753262947876,,no_aplica,,no_aplica,0.7389295101165771
native_GraphSAGE_focal_loss_s44,44,native,GraphSAGE,focal_loss,ShapleyFeatures,165001,False,0.2881772518157959,,0,0.9983145590639833,,0.9999326627317318,,no_aplica,,no_aplica,0.735511302947998
native_GraphSAGE_focal_loss_s44,44,native,GraphSAGE,focal_loss,ShapleyFeatures,168077,True,0.5278321504592896,,0,0.9924691886111482,,0.9999459639205256,,no_aplica,,no_aplica,0.7340168952941895
native_GraphSAGE_focal_loss_s44,44,native,GraphSAGE,focal_loss,ShapleyFeatures,168167,True,0.5968658924102783,,0,0.9993071433911324,,0.973030177072076,,no_aplica,,no_aplica,0.7416573166847229
native_GraphSAGE_focal_loss_s44,44,native,GraphSAGE,focal_loss,ShapleyFeatures,168250,False,0.3193200230598449,,0,0.9949588900026842,,0.9051334275500872,,no_aplica,,no_aplica,0.7411940693855286
native_GraphSAGE_focal_loss_s44,44,native,GraphSAGE,focal_loss,ShapleyFeatures,170168,False,0.4035001695156097,,0,0.9951486917578638,,0.9590930251891264,,no_aplica,,no_aplica,0.7328307032585144
native_GraphSAGE_focal_loss_s44,44,native,GraphSAGE,focal_loss,ShapleyFeatures,170185,True,0.6226619482040405,,0,0.9965415424045476,,0.981689250976806,,no_aplica,,no_aplica,0.7331220507621765
native_GraphSAGE_focal_loss_s44,44,native,GraphSAGE,focal_loss,ShapleyFeatures,171111,False,0.4723999202251434,,0,0.9986424728480208,,0.9689708205170838,,no_aplica,,no_aplica,0.7465749382972717
native_GraphSAGE_focal_loss_s44,44,native,GraphSAGE,focal_loss,ShapleyFeatures,171381,True,0.6156704425811768,,0,0.9964847685464522,,0.9999401446504284,,no_aplica,,no_aplica,0.7451985478401184
native_GraphSAGE_focal_loss_s44,44,native,GraphSAGE,focal_loss,ShapleyFeatures,172466,True,0.63807612657547,,0,0.9988673374248356,,0.9689774711114808,,no_aplica,,no_aplica,0.7415178418159485
native_GraphSAGE_focal_loss_s44,44,native,GraphSAGE,focal_loss,ShapleyFeatures,172476,False,0.4579610824584961,,0,0.997965461323704,,0.9727134425139246,,no_aplica,,no_aplica,0.7433026432991028
native_GraphSAGE_focal_loss_s44,44,native,GraphSAGE,focal_loss,ShapleyFeatures,172625,False,0.136387288570404,,0,0.9980891613726524,,0.906717100340843,,no_aplica,,no_aplica,0.7723661661148071
native_GraphSAGE_focal_loss_s44,44,native,GraphSAGE,focal_loss,ShapleyFeatures,172800,False,0.4093009233474731,,0,0.9972346987408264,,0.94117050461385,,no_aplica,,no_aplica,0.7435406446456909
native_GraphSAGE_focal_loss_s44,44,native,GraphSAGE,focal_loss,ShapleyFeatures,173595,True,0.5175067186355591,,0,0.999628244942262,,0.9999135422728406,,no_aplica,,no_aplica,0.7550036907196045
1:10_GraphSAGE_class_weighting_s44,44,1:10,GraphSAGE,class_weighting,GNNExplainer,139670,True,0.9646416902542114,,1,0.9546510255116823,,0.8389167844376091,,menos_de_2_aristas,,menos_de_2_aristas,1.024646282196045
1:10_GraphSAGE_class_weighting_s44,44,1:10,GraphSAGE,class_weighting,GNNExplainer,139873,True,0.976559281349182,,1,0.9627566978346728,,0.8530476348823676,,menos_de_2_aristas,,menos_de_2_aristas,0.815280020236969
1:10_GraphSAGE_class_weighting_s44,44,1:10,GraphSAGE,class_weighting,GNNExplainer,140575,True,0.960719108581543,,2,0.9528374689544208,,0.7979765566547511,0.1999999999999999,,0.6,,0.8128869533538818
1:10_GraphSAGE_class_weighting_s44,44,1:10,GraphSAGE,class_weighting,GNNExplainer,141068,True,0.9683409333229064,,1,0.9613793251030902,,0.9104904813367696,,menos_de_2_aristas,,menos_de_2_aristas,0.8197386860847473
1:10_GraphSAGE_class_weighting_s44,44,1:10,GraphSAGE,class_weighting,GNNExplainer,148220,True,0.9919820427894592,,2,0.9787592438142896,,0.821136420317566,0.1999999999999999,,0.6,,0.863471508026123
1:10_GraphSAGE_class_weighting_s44,44,1:10,GraphSAGE,class_weighting,GNNExplainer,150129,False,0.2576478123664856,,0,0.9660236174105874,,0.9974445091030012,,menos_de_2_aristas,,menos_de_2_aristas,0.7430427074432373
1:10_GraphSAGE_class_weighting_s44,44,1:10,GraphSAGE,class_weighting,GNNExplainer,150346,True,0.6090662479400635,,0,0.9697347205072028,,0.9353179815446008,,menos_de_2_aristas,,menos_de_2_aristas,0.7302027940750122
1:10_GraphSAGE_class_weighting_s44,44,1:10,GraphSAGE,class_weighting,GNNExplainer,150528,True,0.9807775616645812,,2,0.9707933486366944,,0.6836495136752848,0.1999999999999999,,0.6,,0.8164249062538147
1:10_GraphSAGE_class_weighting_s44,44,1:10,GraphSAGE,class_weighting,GNNExplainer,152223,False,0.1914281100034713,,2,0.9699903985954516,,0.8842829827915869,0.1999999999999999,,0.6,,0.8168072700500488
1:10_GraphSAGE_class_weighting_s44,44,1:10,GraphSAGE,class_weighting,GNNExplainer,152280,True,0.7687285542488098,,1,0.9525944631500186,,0.7390872059190292,,menos_de_2_aristas,,menos_de_2_aristas,0.7989064455032349
1:10_GraphSAGE_class_weighting_s44,44,1:10,GraphSAGE,class_weighting,GNNExplainer,153599,True,0.8411469459533691,,2,0.9699279725395304,,0.8915537451159699,0.1999999999999999,,0.6,,0.8116173148155212
1:10_GraphSAGE_class_weighting_s44,44,1:10,GraphSAGE,class_weighting,GNNExplainer,155856,False,0.2439388632774353,,2,0.9719363721427616,,0.7811680106409511,0.1999999999999999,,0.6,,0.8230202794075012
1:10_GraphSAGE_class_weighting_s44,44,1:10,GraphSAGE,class_weighting,GNNExplainer,158611,False,0.0179961007088422,,3,0.9399190205443916,,0.8505569872807384,0.1,,0.5333333333333332,,0.8201698660850525
1:10_GraphSAGE_class_weighting_s44,44,1:10,GraphSAGE,class_weighting,GNNExplainer,158949,True,0.9046661257743835,,2,0.9830040926908,,0.7555648848615845,0.1999999999999999,,0.6,,0.8162469267845154
1:10_GraphSAGE_class_weighting_s44,44,1:10,GraphSAGE,class_weighting,GNNExplainer,159862,False,0.2942030131816864,,0,0.9774509730712192,,0.9534267187629896,,menos_de_2_aristas,,menos_de_2_aristas,0.7327193021774292
1:10_GraphSAGE_class_weighting_s44,44,1:10,GraphSAGE,class_weighting,GNNExplainer,161504,True,0.9986752867698668,,2,0.950739336214246,,0.8509493723501539,0.1999999999999999,,0.6,,0.8194428086280823
1:10_GraphSAGE_class_weighting_s44,44,1:10,GraphSAGE,class_weighting,GNNExplainer,163852,True,0.8602221608161926,,2,0.9873586733256854,,0.8394006151799818,0.1999999999999999,,0.6,,0.8191619515419006
1:10_GraphSAGE_class_weighting_s44,44,1:10,GraphSAGE,class_weighting,GNNExplainer,165001,True,0.8542667031288147,,1,0.9799092649455214,,0.8039911879624242,,menos_de_2_aristas,,menos_de_2_aristas,0.8177428841590881
1:10_GraphSAGE_class_weighting_s44,44,1:10,GraphSAGE,class_weighting,GNNExplainer,168077,False,0.1102870777249336,,1,0.913603440349808,,0.7590406517582509,,menos_de_2_aristas,,menos_de_2_aristas,0.8482930064201355
1:10_GraphSAGE_class_weighting_s44,44,1:10,GraphSAGE,class_weighting,GNNExplainer,168167,True,0.6203001737594604,,1,0.9676730695287292,,0.8701113974561476,,menos_de_2_aristas,,menos_de_2_aristas,0.9404014348983764
1:10_GraphSAGE_class_weighting_s44,44,1:10,GraphSAGE,class_weighting,GNNExplainer,168250,False,0.1849819719791412,,1,0.964514820210492,,0.791676781112312,,menos_de_2_aristas,,menos_de_2_aristas,0.9138531684875488
1:10_GraphSAGE_class_weighting_s44,44,1:10,GraphSAGE,class_weighting,GNNExplainer,170168,True,0.9571524858474731,,2,0.982038239740216,,0.8025829245988861,0.1999999999999999,,0.6,,0.8798152208328247
1:10_GraphSAGE_class_weighting_s44,44,1:10,GraphSAGE,class_weighting,GNNExplainer,170185,True,0.620432436466217,,2,0.9855901125356924,,0.7963321971901239,0.1999999999999999,,0.6,,0.8312800526618958
1:10_GraphSAGE_class_weighting_s44,44,1:10,GraphSAGE,class_weighting,GNNExplainer,171111,False,0.1089624986052513,,2,0.9707482783718716,,0.8935913209743122,0.1999999999999999,,0.6,,0.8686590194702148
1:10_GraphSAGE_class_weighting_s44,44,1:10,GraphSAGE,class_weighting,GNNExplainer,171381,True,0.9890294075012208,,2,0.9811931947996946,,0.7134366946545847,-0.1999999999999999,,0.4,,0.8705759644508362
1:10_GraphSAGE_class_weighting_s44,44,1:10,GraphSAGE,class_weighting,GNNExplainer,172466,True,0.8969361782073975,,2,0.9812667524839648,,0.7765865824258044,-0.1999999999999999,,0.4,,0.8660477995872498
1:10_GraphSAGE_class_weighting_s44,44,1:10,GraphSAGE,class_weighting,GNNExplainer,172476,True,0.9525576829910278,,2,0.9711094626010364,,0.8567304015296369,0.1999999999999999,,0.6,,0.880211353302002
1:10_GraphSAGE_class_weighting_s44,44,1:10,GraphSAGE,class_weighting,GNNExplainer,172625,False,0.2799239754676819,,1,0.9761326475276488,,0.8549305844209826,,menos_de_2_aristas,,menos_de_2_aristas,0.8212779760360718
1:10_GraphSAGE_class_weighting_s44,44,1:10,GraphSAGE,class_weighting,GNNExplainer,172800,True,0.9653494954109192,,1,0.949627913279133,,0.8004206500956024,,menos_de_2_aristas,,menos_de_2_aristas,0.8092617392539978
1:10_GraphSAGE_class_weighting_s44,44,1:10,GraphSAGE,class_weighting,GNNExplainer,173595,True,0.8889634013175964,,1,0.965931988922712,,0.7841690913625406,,menos_de_2_aristas,,menos_de_2_aristas,0.834647536277771
1:10_GraphSAGE_class_weighting_s44,44,1:10,GraphSAGE,class_weighting,PGExplainer,139670,True,0.9646416902542114,,1,,no_aplica,,,menos_de_2_aristas,,menos_de_2_aristas,2.1661489009857178
1:10_GraphSAGE_class_weighting_s44,44,1:10,GraphSAGE,class_weighting,PGExplainer,139873,True,0.976559281349182,,1,,no_aplica,,,menos_de_2_aristas,,menos_de_2_aristas,2.165922880172729
1:10_GraphSAGE_class_weighting_s44,44,1:10,GraphSAGE,class_weighting,PGExplainer,140575,True,0.960719108581543,,2,,no_aplica,,-0.3333333333333332,,0.4,,2.1660823822021484
1:10_GraphSAGE_class_weighting_s44,44,1:10,GraphSAGE,class_weighting,PGExplainer,141068,True,0.9683409333229064,,1,,no_aplica,,,menos_de_2_aristas,,menos_de_2_aristas,2.165675163269043
1:10_GraphSAGE_class_weighting_s44,44,1:10,GraphSAGE,class_weighting,PGExplainer,148220,True,0.9919820427894592,,2,,no_aplica,,1.0,,0.6,,2.1655054092407227
1:10_GraphSAGE_class_weighting_s44,44,1:10,GraphSAGE,class_weighting,PGExplainer,150129,False,0.2576478123664856,,0,,no_aplica,,,menos_de_2_aristas,,menos_de_2_aristas,2.164860248565674
1:10_GraphSAGE_class_weighting_s44,44,1:10,GraphSAGE,class_weighting,PGExplainer,150346,True,0.6090662479400635,,0,,no_aplica,,,menos_de_2_aristas,,menos_de_2_aristas,2.164859771728516
1:10_GraphSAGE_class_weighting_s44,44,1:10,GraphSAGE,class_weighting,PGExplainer,150528,True,0.9807775616645812,,2,,no_aplica,,-0.1999999999999999,,0.4,,2.165565013885498
1:10_GraphSAGE_class_weighting_s44,44,1:10,GraphSAGE,class_weighting,PGExplainer,152223,False,0.1914281100034713,,2,,no_aplica,,0.0,,0.6,,2.16586709022522
1:10_GraphSAGE_class_weighting_s44,44,1:10,GraphSAGE,class_weighting,PGExplainer,152280,True,0.7687285542488098,,1,,no_aplica,,,menos_de_2_aristas,,menos_de_2_aristas,2.165691375732422
1:10_GraphSAGE_class_weighting_s44,44,1:10,GraphSAGE,class_weighting,PGExplainer,153599,True,0.8411469459533691,,2,,no_aplica,,-0.1999999999999999,,0.4,,2.1656415462493896
1:10_GraphSAGE_class_weighting_s44,44,1:10,GraphSAGE,class_weighting,PGExplainer,155856,False,0.2439388632774353,,2,,no_aplica,,0.0,,0.6,,2.165684223175049
1:10_GraphSAGE_class_weighting_s44,44,1:10,GraphSAGE,class_weighting,PGExplainer,158611,False,0.0179961007088422,,3,,no_aplica,,0.6666666666666666,,1.0,,2.1655938625335693
1:10_GraphSAGE_class_weighting_s44,44,1:10,GraphSAGE,class_weighting,PGExplainer,158949,True,0.9046661257743835,,2,,no_aplica,,-0.1999999999999999,,0.4,,2.1655385494232178
1:10_GraphSAGE_class_weighting_s44,44,1:10,GraphSAGE,class_weighting,PGExplainer,159862,False,0.2942030131816864,,0,,no_aplica,,,menos_de_2_aristas,,menos_de_2_aristas,2.165035009384156
1:10_GraphSAGE_class_weighting_s44,44,1:10,GraphSAGE,class_weighting,PGExplainer,161504,True,0.9986752867698668,,2,,no_aplica,,1.0,,1.0,,2.16556978225708
1:10_GraphSAGE_class_weighting_s44,44,1:10,GraphSAGE,class_weighting,PGExplainer,163852,True,0.8602221608161926,,2,,no_aplica,,-0.1999999999999999,,0.4,,2.1659066677093506
1:10_GraphSAGE_class_weighting_s44,44,1:10,GraphSAGE,class_weighting,PGExplainer,165001,True,0.8542667031288147,,1,,no_aplica,,,menos_de_2_aristas,,menos_de_2_aristas,2.165553092956543
1:10_GraphSAGE_class_weighting_s44,44,1:10,GraphSAGE,class_weighting,PGExplainer,168077,False,0.1102870777249336,,1,,no_aplica,,,menos_de_2_aristas,,menos_de_2_aristas,2.1655752658843994
1:10_GraphSAGE_class_weighting_s44,44,1:10,GraphSAGE,class_weighting,PGExplainer,168167,True,0.6203001737594604,,1,,no_aplica,,,menos_de_2_aristas,,menos_de_2_aristas,2.165634870529175
1:10_GraphSAGE_class_weighting_s44,44,1:10,GraphSAGE,class_weighting,PGExplainer,168250,False,0.1849819719791412,,1,,no_aplica,,,menos_de_2_aristas,,menos_de_2_aristas,2.165533781051636
1:10_GraphSAGE_class_weighting_s44,44,1:10,GraphSAGE,class_weighting,PGExplainer,170168,True,0.9571524858474731,,2,,no_aplica,,-0.1999999999999999,,0.4,,2.165556669235229
1:10_GraphSAGE_class_weighting_s44,44,1:10,GraphSAGE,class_weighting,PGExplainer,170185,True,0.620432436466217,,2,,no_aplica,,-0.1999999999999999,,0.4,,2.165533304214477
1:10_GraphSAGE_class_weighting_s44,44,1:10,GraphSAGE,class_weighting,PGExplainer,171111,False,0.1089624986052513,,2,,no_aplica,,0.0,,0.4,,2.165869235992432
1:10_GraphSAGE_class_weighting_s44,44,1:10,GraphSAGE,class_weighting,PGExplainer,171381,True,0.9890294075012208,,2,,no_aplica,,0.0,,0.4,,2.16558837890625
1:10_GraphSAGE_class_weighting_s44,44,1:10,GraphSAGE,class_weighting,PGExplainer,172466,True,0.8969361782073975,,2,,no_aplica,,-0.1999999999999999,,0.4,,2.165550947189331
1:10_GraphSAGE_class_weighting_s44,44,1:10,GraphSAGE,class_weighting,PGExplainer,172476,True,0.9525576829910278,,2,,no_aplica,,-0.1999999999999999,,0.4,,2.16560697555542
1:10_GraphSAGE_class_weighting_s44,44,1:10,GraphSAGE,class_weighting,PGExplainer,172625,False,0.2799239754676819,,1,,no_aplica,,,menos_de_2_aristas,,menos_de_2_aristas,2.1655876636505127
1:10_GraphSAGE_class_weighting_s44,44,1:10,GraphSAGE,class_weighting,PGExplainer,172800,True,0.9653494954109192,,1,,no_aplica,,,menos_de_2_aristas,,menos_de_2_aristas,2.165827751159668
1:10_GraphSAGE_class_weighting_s44,44,1:10,GraphSAGE,class_weighting,PGExplainer,173595,True,0.8889634013175964,,1,,no_aplica,,,menos_de_2_aristas,,menos_de_2_aristas,2.165595531463623
1:10_GraphSAGE_class_weighting_s44,44,1:10,GraphSAGE,class_weighting,ShapleyFeatures,139670,True,0.9646416902542114,,0,0.9971428184281846,,0.9630459722337684,,no_aplica,,no_aplica,0.7363124489784241
1:10_GraphSAGE_class_weighting_s44,44,1:10,GraphSAGE,class_weighting,ShapleyFeatures,139873,True,0.976559281349182,,0,0.9977916769538858,,0.9537592484828332,,no_aplica,,no_aplica,0.74964439868927
1:10_GraphSAGE_class_weighting_s44,44,1:10,GraphSAGE,class_weighting,ShapleyFeatures,140575,True,0.960719108581543,,0,0.9959158604632492,,0.9433244658741374,,no_aplica,,no_aplica,0.7389272451400757
1:10_GraphSAGE_class_weighting_s44,44,1:10,GraphSAGE,class_weighting,ShapleyFeatures,141068,True,0.9683409333229064,,0,0.9998147247578426,,0.9998927591653504,,no_aplica,,no_aplica,0.7385085821151733
1:10_GraphSAGE_class_weighting_s44,44,1:10,GraphSAGE,class_weighting,ShapleyFeatures,148220,True,0.9919820427894592,,0,0.998191716842046,,0.9640485493390972,,no_aplica,,no_aplica,0.7453777194023132
1:10_GraphSAGE_class_weighting_s44,44,1:10,GraphSAGE,class_weighting,ShapleyFeatures,150129,False,0.2576478123664856,,0,,vector_constante,,,no_aplica,,no_aplica,0.5487163066864014
1:10_GraphSAGE_class_weighting_s44,44,1:10,GraphSAGE,class_weighting,ShapleyFeatures,150346,True,0.6090662479400635,,0,,vector_constante,,,no_aplica,,no_aplica,0.5535213947296143
1:10_GraphSAGE_class_weighting_s44,44,1:10,GraphSAGE,class_weighting,ShapleyFeatures,150528,True,0.9807775616645812,,0,0.9958839095177122,,0.9258101255299694,,no_aplica,,no_aplica,0.745638370513916
1:10_GraphSAGE_class_weighting_s44,44,1:10,GraphSAGE,class_weighting,ShapleyFeatures,152223,False,0.1914281100034713,,0,0.9820006583820262,,0.8360952697647352,,no_aplica,,no_aplica,0.7438475489616394
1:10_GraphSAGE_class_weighting_s44,44,1:10,GraphSAGE,class_weighting,ShapleyFeatures,152280,True,0.7687285542488098,,0,0.9942208423947364,,0.9659539446338016,,no_aplica,,no_aplica,0.7407912015914917
1:10_GraphSAGE_class_weighting_s44,44,1:10,GraphSAGE,class_weighting,ShapleyFeatures,153599,True,0.8411469459533691,,0,0.9987480640919004,,0.9545623077562558,,no_aplica,,no_aplica,0.7460645437240601
1:10_GraphSAGE_class_weighting_s44,44,1:10,GraphSAGE,class_weighting,ShapleyFeatures,155856,False,0.2439388632774353,,0,0.9834648270475368,,0.8209061434865742,,no_aplica,,no_aplica,0.771233081817627
1:10_GraphSAGE_class_weighting_s44,44,1:10,GraphSAGE,class_weighting,ShapleyFeatures,158611,False,0.0179961007088422,,0,0.953623087612396,,0.7383282068334858,,no_aplica,,no_aplica,0.8050568699836731
1:10_GraphSAGE_class_weighting_s44,44,1:10,GraphSAGE,class_weighting,ShapleyFeatures,158949,True,0.9046661257743835,,0,0.9992990043830364,,0.967471942804888,,no_aplica,,no_aplica,0.7753933668136597
1:10_GraphSAGE_class_weighting_s44,44,1:10,GraphSAGE,class_weighting,ShapleyFeatures,159862,False,0.2942030131816864,,0,,vector_constante,,,no_aplica,,no_aplica,0.622570812702179
1:10_GraphSAGE_class_weighting_s44,44,1:10,GraphSAGE,class_weighting,ShapleyFeatures,161504,True,0.9986752867698668,,0,0.9952293906522676,,0.9724233103333612,,no_aplica,,no_aplica,0.795280933380127
1:10_GraphSAGE_class_weighting_s44,44,1:10,GraphSAGE,class_weighting,ShapleyFeatures,163852,True,0.8602221608161926,,0,0.997183652282244,,0.9295211572034252,,no_aplica,,no_aplica,0.765665590763092
1:10_GraphSAGE_class_weighting_s44,44,1:10,GraphSAGE,class_weighting,ShapleyFeatures,165001,True,0.8542667031288147,,0,0.9978466639132332,,0.9342156455233186,,no_aplica,,no_aplica,0.754400372505188
1:10_GraphSAGE_class_weighting_s44,44,1:10,GraphSAGE,class_weighting,ShapleyFeatures,168077,False,0.1102870777249336,,0,0.9764945862852562,,0.7765450162108238,,no_aplica,,no_aplica,0.7505281567573547
1:10_GraphSAGE_class_weighting_s44,44,1:10,GraphSAGE,class_weighting,ShapleyFeatures,168167,True,0.6203001737594604,,0,0.9995655540807588,,0.9403990356638124,,no_aplica,,no_aplica,0.747591495513916
1:10_GraphSAGE_class_weighting_s44,44,1:10,GraphSAGE,class_weighting,ShapleyFeatures,168250,False,0.1849819719791412,,0,0.9809006951177428,,0.6457752099093856,,no_aplica,,no_aplica,0.7459596395492554
1:10_GraphSAGE_class_weighting_s44,44,1:10,GraphSAGE,class_weighting,ShapleyFeatures,170168,True,0.9571524858474731,,0,0.9920407743068074,,0.955415246487655,,no_aplica,,no_aplica,0.7455799579620361
1:10_GraphSAGE_class_weighting_s44,44,1:10,GraphSAGE,class_weighting,ShapleyFeatures,170185,True,0.620432436466217,,0,0.9966147074337156,,0.906289799650844,,no_aplica,,no_aplica,0.746399998664856
1:10_GraphSAGE_class_weighting_s44,44,1:10,GraphSAGE,class_weighting,ShapleyFeatures,171111,False,0.1089624986052513,,0,0.994540879491459,,0.8128880206168427,,no_aplica,,no_aplica,0.7482689619064331
1:10_GraphSAGE_class_weighting_s44,44,1:10,GraphSAGE,class_weighting,ShapleyFeatures,171381,True,0.9890294075012208,,0,0.9990245134494226,,0.9805353728489484,,no_aplica,,no_aplica,0.7410955429077148
1:10_GraphSAGE_class_weighting_s44,44,1:10,GraphSAGE,class_weighting,ShapleyFeatures,172466,True,0.8969361782073975,,0,0.9973989666393492,,0.9621049131266106,,no_aplica,,no_aplica,0.7388688325881958
1:10_GraphSAGE_class_weighting_s44,44,1:10,GraphSAGE,class_weighting,ShapleyFeatures,172476,True,0.9525576829910278,,0,0.994897214281336,,0.8545431872973648,,no_aplica,,no_aplica,0.7371974587440491
1:10_GraphSAGE_class_weighting_s44,44,1:10,GraphSAGE,class_weighting,ShapleyFeatures,172625,False,0.2799239754676819,,0,0.9812197963769524,,0.6485460137999834,,no_aplica,,no_aplica,0.7440958619117737
1:10_GraphSAGE_class_weighting_s44,44,1:10,GraphSAGE,class_weighting,ShapleyFeatures,172800,True,0.9653494954109192,,0,0.9990793746405884,,0.935929836229113,,no_aplica,,no_aplica,0.7418670058250427
1:10_GraphSAGE_class_weighting_s44,44,1:10,GraphSAGE,class_weighting,ShapleyFeatures,173595,True,0.8889634013175964,,0,0.9994979949950252,,0.96444675367861,,no_aplica,,no_aplica,0.7522557377815247
1:10_GraphSAGE_focal_loss_s44,44,1:10,GraphSAGE,focal_loss,GNNExplainer,139670,True,0.5371175408363342,,1,0.910305292305711,,0.8343794164103417,,menos_de_2_aristas,,menos_de_2_aristas,0.8279566764831543
1:10_GraphSAGE_focal_loss_s44,44,1:10,GraphSAGE,focal_loss,GNNExplainer,139873,True,0.650088906288147,,1,0.9355123549099196,,0.7309585169174495,,menos_de_2_aristas,,menos_de_2_aristas,0.8297540545463562
1:10_GraphSAGE_focal_loss_s44,44,1:10,GraphSAGE,focal_loss,GNNExplainer,140575,True,0.6894524693489075,,2,0.9333599040245232,,0.7959398121207083,0.1999999999999999,,0.6,,0.8318476676940918
1:10_GraphSAGE_focal_loss_s44,44,1:10,GraphSAGE,focal_loss,GNNExplainer,141068,True,0.7061259150505066,,1,0.920284980609386,,0.8045814282151469,,menos_de_2_aristas,,menos_de_2_aristas,0.8265745043754578
1:10_GraphSAGE_focal_loss_s44,44,1:10,GraphSAGE,focal_loss,GNNExplainer,148220,True,0.783814013004303,,2,0.9610403113705864,,0.8676972316900823,0.1999999999999999,,0.6,,0.8244200348854065
1:10_GraphSAGE_focal_loss_s44,44,1:10,GraphSAGE,focal_loss,GNNExplainer,150129,False,0.2604835331439972,,0,0.8893322379665246,,0.8609360711613601,,menos_de_2_aristas,,menos_de_2_aristas,0.7425321936607361
1:10_GraphSAGE_focal_loss_s44,44,1:10,GraphSAGE,focal_loss,GNNExplainer,150346,True,0.5013505816459656,,0,0.9110026355897494,,0.5676224125031174,,menos_de_2_aristas,,menos_de_2_aristas,0.7458713054656982
1:10_GraphSAGE_focal_loss_s44,44,1:10,GraphSAGE,focal_loss,GNNExplainer,150528,True,0.7118288278579712,,2,0.9638796819886906,,0.692944550669216,0.1999999999999999,,0.6,,0.8309003710746765
1:10_GraphSAGE_focal_loss_s44,44,1:10,GraphSAGE,focal_loss,GNNExplainer,152223,False,0.4039508402347564,,2,0.9423356102378406,,0.8782783273755091,0.1999999999999999,,0.6,,0.8221970200538635
1:10_GraphSAGE_focal_loss_s44,44,1:10,GraphSAGE,focal_loss,GNNExplainer,152280,True,0.6949078440666199,,1,0.8634765645876756,,0.7751874636295618,,menos_de_2_aristas,,menos_de_2_aristas,0.8339422941207886
1:10_GraphSAGE_focal_loss_s44,44,1:10,GraphSAGE,focal_loss,GNNExplainer,153599,True,0.5827791094779968,,2,0.9521079286477968,,0.8053246321389974,0.1999999999999999,,0.6,,0.8640689253807068
1:10_GraphSAGE_focal_loss_s44,44,1:10,GraphSAGE,focal_loss,GNNExplainer,155856,True,0.6101213693618774,,2,0.9480203181392864,,0.7773081719178653,0.1999999999999999,,0.6,,0.9548724889755248
1:10_GraphSAGE_focal_loss_s44,44,1:10,GraphSAGE,focal_loss,GNNExplainer,158611,False,0.3454478681087494,,3,0.9091938960531876,,0.7094879042314407,0.1,,0.5333333333333332,,0.8607069253921509
1:10_GraphSAGE_focal_loss_s44,44,1:10,GraphSAGE,focal_loss,GNNExplainer,158949,True,0.55066978931427,,2,0.9599106525247868,,0.8551059938482004,0.1999999999999999,,0.6,,0.9172050952911376
1:10_GraphSAGE_focal_loss_s44,44,1:10,GraphSAGE,focal_loss,GNNExplainer,159862,False,0.2523660957813263,,0,0.9106256001887748,,0.74348989940976,,menos_de_2_aristas,,menos_de_2_aristas,0.7744715809822083
1:10_GraphSAGE_focal_loss_s44,44,1:10,GraphSAGE,focal_loss,GNNExplainer,161504,True,0.7365425229072571,,2,0.921388503609158,,0.7962731731648517,0.1999999999999999,,0.6,,0.8515825867652893
1:10_GraphSAGE_focal_loss_s44,44,1:10,GraphSAGE,focal_loss,GNNExplainer,163852,False,0.4509648084640503,,2,0.958197668427597,,0.9198644941391636,0.1999999999999999,,0.6,,0.8332834839820862
1:10_GraphSAGE_focal_loss_s44,44,1:10,GraphSAGE,focal_loss,GNNExplainer,165001,True,0.5527713894844055,,1,0.9457971852304894,,0.7349397289882783,,menos_de_2_aristas,,menos_de_2_aristas,0.8304625153541565
1:10_GraphSAGE_focal_loss_s44,44,1:10,GraphSAGE,focal_loss,GNNExplainer,168077,False,0.2580031156539917,,1,0.809873098346109,,0.875712860586915,,menos_de_2_aristas,,menos_de_2_aristas,0.8336836695671082
1:10_GraphSAGE_focal_loss_s44,44,1:10,GraphSAGE,focal_loss,GNNExplainer,168167,False,0.4698210656642914,,1,0.9320304707134538,,0.8715188294953862,,menos_de_2_aristas,,menos_de_2_aristas,0.832859456539154
1:10_GraphSAGE_focal_loss_s44,44,1:10,GraphSAGE,focal_loss,GNNExplainer,168250,False,0.3054139018058777,,1,0.9314618704644166,,0.7009202759996676,,menos_de_2_aristas,,menos_de_2_aristas,0.8239598274230957
1:10_GraphSAGE_focal_loss_s44,44,1:10,GraphSAGE,focal_loss,GNNExplainer,170168,True,0.5282279253005981,,2,0.9600862213761828,,0.8352681020866239,0.1999999999999999,,0.6,,0.8454409241676331
1:10_GraphSAGE_focal_loss_s44,44,1:10,GraphSAGE,focal_loss,GNNExplainer,170185,False,0.4559457302093506,,2,0.9522204803762384,,0.8423908886856764,0.1999999999999999,,0.6,,0.8321323394775391
1:10_GraphSAGE_focal_loss_s44,44,1:10,GraphSAGE,focal_loss,GNNExplainer,171111,True,0.5158690214157104,,2,0.9666712390123732,,0.8055515836727908,0.1999999999999999,,0.6,,0.8491029739379883
1:10_GraphSAGE_focal_loss_s44,44,1:10,GraphSAGE,focal_loss,GNNExplainer,171381,True,0.7127417922019958,,2,0.9454321792578476,,0.8472125696234102,0.1999999999999999,,0.6,,0.8496707677841187
1:10_GraphSAGE_focal_loss_s44,44,1:10,GraphSAGE,focal_loss,GNNExplainer,172466,True,0.6165793538093567,,2,0.9519899582615868,,0.8227691412419986,0.1999999999999999,,0.6,,0.8576654195785522
1:10_GraphSAGE_focal_loss_s44,44,1:10,GraphSAGE,focal_loss,GNNExplainer,172476,False,0.4595270454883575,,2,0.9506451710758184,,0.8773497381328456,0.1999999999999999,,0.6,,0.8415259122848511
1:10_GraphSAGE_focal_loss_s44,44,1:10,GraphSAGE,focal_loss,GNNExplainer,172625,False,0.3902405202388763,,1,0.9195227296380898,,0.6617698894338682,,menos_de_2_aristas,,menos_de_2_aristas,0.842480480670929
1:10_GraphSAGE_focal_loss_s44,44,1:10,GraphSAGE,focal_loss,GNNExplainer,172800,False,0.3451477587223053,,1,0.8814731707317074,,0.901372516418655,,menos_de_2_aristas,,menos_de_2_aristas,0.8285496234893799
1:10_GraphSAGE_focal_loss_s44,44,1:10,GraphSAGE,focal_loss,GNNExplainer,173595,True,0.5782725214958191,,1,0.9002584218479983,,0.7569124615512512,,menos_de_2_aristas,,menos_de_2_aristas,0.8493543863296509
1:10_GraphSAGE_focal_loss_s44,44,1:10,GraphSAGE,focal_loss,PGExplainer,139670,True,0.5371175408363342,,1,,no_aplica,,,menos_de_2_aristas,,menos_de_2_aristas,2.224055051803589
1:10_GraphSAGE_focal_loss_s44,44,1:10,GraphSAGE,focal_loss,PGExplainer,139873,True,0.650088906288147,,1,,no_aplica,,,menos_de_2_aristas,,menos_de_2_aristas,2.2248106002807617
1:10_GraphSAGE_focal_loss_s44,44,1:10,GraphSAGE,focal_loss,PGExplainer,140575,True,0.6894524693489075,,2,,no_aplica,,0.1999999999999999,,0.6,,2.224331855773926
1:10_GraphSAGE_focal_loss_s44,44,1:10,GraphSAGE,focal_loss,PGExplainer,141068,True,0.7061259150505066,,1,,no_aplica,,,menos_de_2_aristas,,menos_de_2_aristas,2.2239291667938232
1:10_GraphSAGE_focal_loss_s44,44,1:10,GraphSAGE,focal_loss,PGExplainer,148220,True,0.783814013004303,,2,,no_aplica,,0.1999999999999999,,0.6,,2.2240092754364014
1:10_GraphSAGE_focal_loss_s44,44,1:10,GraphSAGE,focal_loss,PGExplainer,150129,False,0.2604835331439972,,0,,no_aplica,,,menos_de_2_aristas,,menos_de_2_aristas,2.2235140800476074
1:10_GraphSAGE_focal_loss_s44,44,1:10,GraphSAGE,focal_loss,PGExplainer,150346,True,0.5013505816459656,,0,,no_aplica,,,menos_de_2_aristas,,menos_de_2_aristas,2.223275184631348
1:10_GraphSAGE_focal_loss_s44,44,1:10,GraphSAGE,focal_loss,PGExplainer,150528,True,0.7118288278579712,,2,,no_aplica,,0.0,,0.6,,2.224039077758789
1:10_GraphSAGE_focal_loss_s44,44,1:10,GraphSAGE,focal_loss,PGExplainer,152223,False,0.4039508402347564,,2,,no_aplica,,1.0,,1.0,,2.2240183353424072
1:10_GraphSAGE_focal_loss_s44,44,1:10,GraphSAGE,focal_loss,PGExplainer,152280,True,0.6949078440666199,,1,,no_aplica,,,menos_de_2_aristas,,menos_de_2_aristas,2.224053382873535
1:10_GraphSAGE_focal_loss_s44,44,1:10,GraphSAGE,focal_loss,PGExplainer,153599,True,0.5827791094779968,,2,,no_aplica,,0.1999999999999999,,0.6,,2.2239480018615723
1:10_GraphSAGE_focal_loss_s44,44,1:10,GraphSAGE,focal_loss,PGExplainer,155856,True,0.6101213693618774,,2,,no_aplica,,1.0,,1.0,,2.223904848098755
1:10_GraphSAGE_focal_loss_s44,44,1:10,GraphSAGE,focal_loss,PGExplainer,158611,False,0.3454478681087494,,3,,no_aplica,,0.2535898384862245,,0.7333333333333333,,2.2239480018615723
1:10_GraphSAGE_focal_loss_s44,44,1:10,GraphSAGE,focal_loss,PGExplainer,158949,True,0.55066978931427,,2,,no_aplica,,0.1999999999999999,,0.6,,2.223972797393799
1:10_GraphSAGE_focal_loss_s44,44,1:10,GraphSAGE,focal_loss,PGExplainer,159862,False,0.2523660957813263,,0,,no_aplica,,,menos_de_2_aristas,,menos_de_2_aristas,2.2232682704925537
1:10_GraphSAGE_focal_loss_s44,44,1:10,GraphSAGE,focal_loss,PGExplainer,161504,True,0.7365425229072571,,2,,no_aplica,,0.1999999999999999,,0.6,,2.224482536315918
1:10_GraphSAGE_focal_loss_s44,44,1:10,GraphSAGE,focal_loss,PGExplainer,163852,False,0.4509648084640503,,2,,no_aplica,,0.0,,0.6,,2.2241573333740234
1:10_GraphSAGE_focal_loss_s44,44,1:10,GraphSAGE,focal_loss,PGExplainer,165001,True,0.5527713894844055,,1,,no_aplica,,,menos_de_2_aristas,,menos_de_2_aristas,2.223929643630981
1:10_GraphSAGE_focal_loss_s44,44,1:10,GraphSAGE,focal_loss,PGExplainer,168077,False,0.2580031156539917,,1,,no_aplica,,,menos_de_2_aristas,,menos_de_2_aristas,2.223895788192749
1:10_GraphSAGE_focal_loss_s44,44,1:10,GraphSAGE,focal_loss,PGExplainer,168167,False,0.4698210656642914,,1,,no_aplica,,,menos_de_2_aristas,,menos_de_2_aristas,2.22395920753479
1:10_GraphSAGE_focal_loss_s44,44,1:10,GraphSAGE,focal_loss,PGExplainer,168250,False,0.3054139018058777,,1,,no_aplica,,,menos_de_2_aristas,,menos_de_2_aristas,2.2239372730255127
1:10_GraphSAGE_focal_loss_s44,44,1:10,GraphSAGE,focal_loss,PGExplainer,170168,True,0.5282279253005981,,2,,no_aplica,,3.7007434154171876e-17,,0.6,,2.224031686782837
1:10_GraphSAGE_focal_loss_s44,44,1:10,GraphSAGE,focal_loss,PGExplainer,170185,False,0.4559457302093506,,2,,no_aplica,,0.1999999999999999,,0.6,,2.224281311035156
1:10_GraphSAGE_focal_loss_s44,44,1:10,GraphSAGE,focal_loss,PGExplainer,171111,True,0.5158690214157104,,2,,no_aplica,,0.0,,0.4,,2.224085569381714
1:10_GraphSAGE_focal_loss_s44,44,1:10,GraphSAGE,focal_loss,PGExplainer,171381,True,0.7127417922019958,,2,,no_aplica,,0.1999999999999999,,0.6,,2.223914623260498
1:10_GraphSAGE_focal_loss_s44,44,1:10,GraphSAGE,focal_loss,PGExplainer,172466,True,0.6165793538093567,,2,,no_aplica,,-0.3333333333333333,,0.4,,2.2240519523620605
1:10_GraphSAGE_focal_loss_s44,44,1:10,GraphSAGE,focal_loss,PGExplainer,172476,False,0.4595270454883575,,2,,no_aplica,,0.1999999999999999,,0.6,,2.2240519523620605
1:10_GraphSAGE_focal_loss_s44,44,1:10,GraphSAGE,focal_loss,PGExplainer,172625,False,0.3902405202388763,,1,,no_aplica,,,menos_de_2_aristas,,menos_de_2_aristas,2.2240684032440186
1:10_GraphSAGE_focal_loss_s44,44,1:10,GraphSAGE,focal_loss,PGExplainer,172800,False,0.3451477587223053,,1,,no_aplica,,,menos_de_2_aristas,,menos_de_2_aristas,2.2239673137664795
1:10_GraphSAGE_focal_loss_s44,44,1:10,GraphSAGE,focal_loss,PGExplainer,173595,True,0.5782725214958191,,1,,no_aplica,,,menos_de_2_aristas,,menos_de_2_aristas,2.2244315147399902
1:10_GraphSAGE_focal_loss_s44,44,1:10,GraphSAGE,focal_loss,ShapleyFeatures,139670,True,0.5371175408363342,,0,0.9973203252032524,,0.9457477762074984,,no_aplica,,no_aplica,0.7524508237838745
1:10_GraphSAGE_focal_loss_s44,44,1:10,GraphSAGE,focal_loss,ShapleyFeatures,139873,True,0.650088906288147,,0,0.9989048912298027,,0.9999526145149225,,no_aplica,,no_aplica,0.7403149008750916
1:10_GraphSAGE_focal_loss_s44,44,1:10,GraphSAGE,focal_loss,ShapleyFeatures,140575,True,0.6894524693489075,,0,0.9939578287995016,,0.9546155125114308,,no_aplica,,no_aplica,0.7544917464256287
1:10_GraphSAGE_focal_loss_s44,44,1:10,GraphSAGE,focal_loss,ShapleyFeatures,141068,True,0.7061259150505066,,0,0.9998478893450792,,0.9822429129603458,,no_aplica,,no_aplica,0.7497925162315369
1:10_GraphSAGE_focal_loss_s44,44,1:10,GraphSAGE,focal_loss,ShapleyFeatures,148220,True,0.783814013004303,,0,0.9995503910866016,,0.944472524731898,,no_aplica,,no_aplica,0.74468994140625
1:10_GraphSAGE_focal_loss_s44,44,1:10,GraphSAGE,focal_loss,ShapleyFeatures,150129,False,0.2604835331439972,,0,,vector_constante,,,no_aplica,,no_aplica,0.5611681342124939
1:10_GraphSAGE_focal_loss_s44,44,1:10,GraphSAGE,focal_loss,ShapleyFeatures,150346,True,0.5013505816459656,,0,,vector_constante,,,no_aplica,,no_aplica,0.5503051280975342
1:10_GraphSAGE_focal_loss_s44,44,1:10,GraphSAGE,focal_loss,ShapleyFeatures,150528,True,0.7118288278579712,,0,0.9982708777920044,,0.9439379832072492,,no_aplica,,no_aplica,0.7410405278205872
1:10_GraphSAGE_focal_loss_s44,44,1:10,GraphSAGE,focal_loss,ShapleyFeatures,152223,False,0.4039508402347564,,0,0.9965160617781802,,0.9536262365948958,,no_aplica,,no_aplica,0.7425997257232666
1:10_GraphSAGE_focal_loss_s44,44,1:10,GraphSAGE,focal_loss,ShapleyFeatures,152280,True,0.6949078440666199,,0,0.9942537992294522,,0.99970238590074,,no_aplica,,no_aplica,0.7408456206321716
1:10_GraphSAGE_focal_loss_s44,44,1:10,GraphSAGE,focal_loss,ShapleyFeatures,153599,True,0.5827791094779968,,0,0.9983944364978689,,0.9999866988112064,,no_aplica,,no_aplica,0.7460483312606812
1:10_GraphSAGE_focal_loss_s44,44,1:10,GraphSAGE,focal_loss,ShapleyFeatures,155856,True,0.6101213693618774,,0,0.9948607111761406,,0.935232355141741,,no_aplica,,no_aplica,0.7472356557846069
1:10_GraphSAGE_focal_loss_s44,44,1:10,GraphSAGE,focal_loss,ShapleyFeatures,158611,False,0.3454478681087494,,0,0.9920830931494424,,0.9819694072657744,,no_aplica,,no_aplica,0.7418088316917419
1:10_GraphSAGE_focal_loss_s44,44,1:10,GraphSAGE,focal_loss,ShapleyFeatures,158949,True,0.55066978931427,,0,0.99878929494064,,0.9686856762823176,,no_aplica,,no_aplica,0.7454873323440552
1:10_GraphSAGE_focal_loss_s44,44,1:10,GraphSAGE,focal_loss,ShapleyFeatures,159862,False,0.2523660957813263,,0,,vector_constante,,,no_aplica,,no_aplica,0.5555950403213501
1:10_GraphSAGE_focal_loss_s44,44,1:10,GraphSAGE,focal_loss,ShapleyFeatures,161504,True,0.7365425229072571,,0,0.9976681343162872,,0.9999625904065176,,no_aplica,,no_aplica,0.7354030609130859
1:10_GraphSAGE_focal_loss_s44,44,1:10,GraphSAGE,focal_loss,ShapleyFeatures,163852,False,0.4509648084640503,,0,0.9963376129009932,,0.9820716601546262,,no_aplica,,no_aplica,0.7385309338569641
1:10_GraphSAGE_focal_loss_s44,44,1:10,GraphSAGE,focal_loss,ShapleyFeatures,165001,True,0.5527713894844055,,0,0.9981419979745288,,0.9731698395544102,,no_aplica,,no_aplica,0.7480495572090149
1:10_GraphSAGE_focal_loss_s44,44,1:10,GraphSAGE,focal_loss,ShapleyFeatures,168077,False,0.2580031156539917,,0,0.9982285790669698,,0.9675426053703547,,no_aplica,,no_aplica,0.7531062364578247
1:10_GraphSAGE_focal_loss_s44,44,1:10,GraphSAGE,focal_loss,ShapleyFeatures,168167,False,0.4698210656642914,,0,0.9990588885801376,,0.9999501205420234,,no_aplica,,no_aplica,0.7385419607162476
1:10_GraphSAGE_focal_loss_s44,44,1:10,GraphSAGE,focal_loss,ShapleyFeatures,168250,False,0.3054139018058777,,0,0.9931802869209406,,0.948417158533544,,no_aplica,,no_aplica,0.7503840327262878
1:10_GraphSAGE_focal_loss_s44,44,1:10,GraphSAGE,focal_loss,ShapleyFeatures,170168,True,0.5282279253005981,,0,0.9953096682076236,,0.9999459639205254,,no_aplica,,no_aplica,0.7479111552238464
1:10_GraphSAGE_focal_loss_s44,44,1:10,GraphSAGE,focal_loss,ShapleyFeatures,170185,False,0.4559457302093506,,0,0.9961818608315256,,0.9999551084878212,,no_aplica,,no_aplica,0.7479000687599182
1:10_GraphSAGE_focal_loss_s44,44,1:10,GraphSAGE,focal_loss,ShapleyFeatures,171111,True,0.5158690214157104,,0,0.9979438892607136,,0.9550877047136088,,no_aplica,,no_aplica,0.7416542172431946
1:10_GraphSAGE_focal_loss_s44,44,1:10,GraphSAGE,focal_loss,ShapleyFeatures,171381,True,0.7127417922019958,,0,0.99949794435012,,0.9819228531049962,,no_aplica,,no_aplica,0.7415153384208679
1:10_GraphSAGE_focal_loss_s44,44,1:10,GraphSAGE,focal_loss,ShapleyFeatures,172466,True,0.6165793538093567,,0,0.998303121945302,,0.9731739961759084,,no_aplica,,no_aplica,0.739567756652832
1:10_GraphSAGE_focal_loss_s44,44,1:10,GraphSAGE,focal_loss,ShapleyFeatures,172476,False,0.4595270454883575,,0,0.9966486673242276,,0.9154169091362542,,no_aplica,,no_aplica,0.7402403950691223
1:10_GraphSAGE_focal_loss_s44,44,1:10,GraphSAGE,focal_loss,ShapleyFeatures,172625,False,0.3902405202388763,,0,0.993210808111632,,0.9042813201429878,,no_aplica,,no_aplica,0.7399167418479919
1:10_GraphSAGE_focal_loss_s44,44,1:10,GraphSAGE,focal_loss,ShapleyFeatures,172800,False,0.3451477587223053,,0,0.9975801581582138,,0.9311688419652506,,no_aplica,,no_aplica,0.7392550110816956
1:10_GraphSAGE_focal_loss_s44,44,1:10,GraphSAGE,focal_loss,ShapleyFeatures,173595,True,0.5782725214958191,,0,0.9998989959432876,,0.9999758915953114,,no_aplica,,no_aplica,0.7411256432533264
1:10_GraphSAGE_none_s44,44,1:10,GraphSAGE,none,GNNExplainer,139670,False,0.4468414783477783,,1,0.9078625245511038,,0.8822745032837311,,menos_de_2_aristas,,menos_de_2_aristas,0.8166410326957703
1:10_GraphSAGE_none_s44,44,1:10,GraphSAGE,none,GNNExplainer,139873,True,0.5909091234207153,,1,0.9083438778696202,,0.6861651010059024,,menos_de_2_aristas,,menos_de_2_aristas,0.8613412976264954
1:10_GraphSAGE_none_s44,44,1:10,GraphSAGE,none,GNNExplainer,140575,True,0.5483905076980591,,2,0.909776097345026,,0.7419137085377006,-0.1999999999999999,,0.4,,0.8449423909187317
1:10_GraphSAGE_none_s44,44,1:10,GraphSAGE,none,GNNExplainer,141068,True,0.6711835861206055,,1,0.9413672283997918,,0.8292501454817524,,menos_de_2_aristas,,menos_de_2_aristas,0.8112114071846008
1:10_GraphSAGE_none_s44,44,1:10,GraphSAGE,none,GNNExplainer,148220,True,0.6382368803024292,,2,0.9401217681401168,,0.7467802809876132,0.1999999999999999,,0.6,,0.8182443976402283
1:10_GraphSAGE_none_s44,44,1:10,GraphSAGE,none,GNNExplainer,150129,False,0.01439044252038,,0,0.8665771414947736,,0.6598952531382494,,menos_de_2_aristas,,menos_de_2_aristas,0.7415982484817505
1:10_GraphSAGE_none_s44,44,1:10,GraphSAGE,none,GNNExplainer,150346,True,0.5486761927604675,,0,0.8923376051913964,,0.4494845789342422,,menos_de_2_aristas,,menos_de_2_aristas,0.766486406326294
1:10_GraphSAGE_none_s44,44,1:10,GraphSAGE,none,GNNExplainer,150528,True,0.5330029726028442,,2,0.968026986170987,,0.7062357635713691,0.1999999999999999,,0.6,,0.8306468725204468
1:10_GraphSAGE_none_s44,44,1:10,GraphSAGE,none,GNNExplainer,152223,True,0.5930172801017761,,2,0.9444012838449511,,0.6882292792418323,0.1999999999999999,,0.6,,0.8408337235450745
1:10_GraphSAGE_none_s44,44,1:10,GraphSAGE,none,GNNExplainer,152280,True,0.6485545635223389,,1,0.8575116241782907,,0.7625845872474851,,menos_de_2_aristas,,menos_de_2_aristas,0.8346470594406128
1:10_GraphSAGE_none_s44,44,1:10,GraphSAGE,none,GNNExplainer,153599,True,0.7115478515625,,2,0.96410781610489,,0.8433236345498379,0.1999999999999999,,0.6,,0.8255321383476257
1:10_GraphSAGE_none_s44,44,1:10,GraphSAGE,none,GNNExplainer,155856,True,0.5380419492721558,,2,0.94817965512632,,0.7340651758250893,0.1999999999999999,,0.6,,0.8414232134819031
1:10_GraphSAGE_none_s44,44,1:10,GraphSAGE,none,GNNExplainer,158611,False,0.234934851527214,,3,0.9275573515332076,,0.731976889184471,0.1,,0.5333333333333332,,0.8644925355911255
1:10_GraphSAGE_none_s44,44,1:10,GraphSAGE,none,GNNExplainer,158949,True,0.6497695446014404,,2,0.9557317846437632,,0.8555266439438025,0.1999999999999999,,0.6,,0.8370985984802246
1:10_GraphSAGE_none_s44,44,1:10,GraphSAGE,none,GNNExplainer,159862,False,0.008780226111412,,0,0.8935683658885184,,0.6144816692991937,,menos_de_2_aristas,,menos_de_2_aristas,0.739266574382782
1:10_GraphSAGE_none_s44,44,1:10,GraphSAGE,none,GNNExplainer,161504,True,0.7986281514167786,,2,0.9026027093405172,,0.7970429794662899,0.1999999999999999,,0.6,,0.8318942189216614
1:10_GraphSAGE_none_s44,44,1:10,GraphSAGE,none,GNNExplainer,163852,False,0.433172732591629,,2,0.9551840733133196,,0.786017125280572,-0.1999999999999999,,0.4,,0.8281968235969543
1:10_GraphSAGE_none_s44,44,1:10,GraphSAGE,none,GNNExplainer,165001,True,0.6052437424659729,,1,0.9286728636837764,,0.7286108570953529,,menos_de_2_aristas,,menos_de_2_aristas,0.8178322911262512
1:10_GraphSAGE_none_s44,44,1:10,GraphSAGE,none,GNNExplainer,168077,False,0.2113046944141388,,1,0.7911657953537102,,0.7623592983622911,,menos_de_2_aristas,,menos_de_2_aristas,0.8473321795463562
1:10_GraphSAGE_none_s44,44,1:10,GraphSAGE,none,GNNExplainer,168167,True,0.7042339444160461,,1,0.8970627079258404,,0.677146895003741,,menos_de_2_aristas,,menos_de_2_aristas,0.8575419783592224
1:10_GraphSAGE_none_s44,44,1:10,GraphSAGE,none,GNNExplainer,168250,False,0.1190866157412529,,1,0.8689814424006427,,0.5521946961509685,,menos_de_2_aristas,,menos_de_2_aristas,0.821194589138031
1:10_GraphSAGE_none_s44,44,1:10,GraphSAGE,none,GNNExplainer,170168,False,0.4426558911800384,,2,0.9478391467443033,,0.6895411089866157,0.1999999999999999,,0.6,,0.8322638869285583
1:10_GraphSAGE_none_s44,44,1:10,GraphSAGE,none,GNNExplainer,170185,True,0.5196505784988403,,2,0.9574640277700018,,0.8260537035497547,0.1999999999999999,,0.6,,0.820458710193634
1:10_GraphSAGE_none_s44,44,1:10,GraphSAGE,none,GNNExplainer,171111,False,0.4046390056610107,,2,0.9360632103465653,,0.73697896749522,0.1999999999999999,,0.6,,0.8210245370864868
1:10_GraphSAGE_none_s44,44,1:10,GraphSAGE,none,GNNExplainer,171381,True,0.6574810147285461,,2,0.9356707402020608,,0.7519619253470778,0.1999999999999999,,0.6,,0.8285622596740723
1:10_GraphSAGE_none_s44,44,1:10,GraphSAGE,none,GNNExplainer,172466,True,0.6629893779754639,,2,0.945688795270018,,0.815130102252889,0.1999999999999999,,0.6,,0.8179295063018799
1:10_GraphSAGE_none_s44,44,1:10,GraphSAGE,none,GNNExplainer,172476,False,0.2976539731025696,,2,0.9212621029902072,,0.5637966580763155,0.1999999999999999,,0.6,,0.8154194355010986
1:10_GraphSAGE_none_s44,44,1:10,GraphSAGE,none,GNNExplainer,172625,False,0.0778798535466194,,1,0.8856827107948664,,0.5764593898079642,,menos_de_2_aristas,,menos_de_2_aristas,0.8145281076431274
1:10_GraphSAGE_none_s44,44,1:10,GraphSAGE,none,GNNExplainer,172800,False,0.2739124000072479,,1,0.9129566395663956,,0.9211522154792584,,menos_de_2_aristas,,menos_de_2_aristas,0.8073437809944153
1:10_GraphSAGE_none_s44,44,1:10,GraphSAGE,none,GNNExplainer,173595,True,0.6659591794013977,,1,0.89021308595021,,0.607991520492144,,menos_de_2_aristas,,menos_de_2_aristas,0.8293343186378479
1:10_GraphSAGE_none_s44,44,1:10,GraphSAGE,none,PGExplainer,139670,False,0.4468414783477783,,1,,no_aplica,,,menos_de_2_aristas,,menos_de_2_aristas,2.172609329223633
1:10_GraphSAGE_none_s44,44,1:10,GraphSAGE,none,PGExplainer,139873,True,0.5909091234207153,,1,,no_aplica,,,menos_de_2_aristas,,menos_de_2_aristas,2.172522783279419
1:10_GraphSAGE_none_s44,44,1:10,GraphSAGE,none,PGExplainer,140575,True,0.5483905076980591,,2,,no_aplica,,0.1999999999999999,,0.6,,2.1721887588500977
1:10_GraphSAGE_none_s44,44,1:10,GraphSAGE,none,PGExplainer,141068,True,0.6711835861206055,,1,,no_aplica,,,menos_de_2_aristas,,menos_de_2_aristas,2.1719884872436523
1:10_GraphSAGE_none_s44,44,1:10,GraphSAGE,none,PGExplainer,148220,True,0.6382368803024292,,2,,no_aplica,,0.1999999999999999,,0.6,,2.172672986984253
1:10_GraphSAGE_none_s44,44,1:10,GraphSAGE,none,PGExplainer,150129,False,0.01439044252038,,0,,no_aplica,,,menos_de_2_aristas,,menos_de_2_aristas,2.170916557312012
1:10_GraphSAGE_none_s44,44,1:10,GraphSAGE,none,PGExplainer,150346,True,0.5486761927604675,,0,,no_aplica,,,menos_de_2_aristas,,menos_de_2_aristas,2.170783758163452
1:10_GraphSAGE_none_s44,44,1:10,GraphSAGE,none,PGExplainer,150528,True,0.5330029726028442,,2,,no_aplica,,1.0,,1.0,,2.171499729156494
1:10_GraphSAGE_none_s44,44,1:10,GraphSAGE,none,PGExplainer,152223,True,0.5930172801017761,,2,,no_aplica,,1.0,,1.0,,2.1715104579925537
1:10_GraphSAGE_none_s44,44,1:10,GraphSAGE,none,PGExplainer,152280,True,0.6485545635223389,,1,,no_aplica,,,menos_de_2_aristas,,menos_de_2_aristas,2.171421766281128
1:10_GraphSAGE_none_s44,44,1:10,GraphSAGE,none,PGExplainer,153599,True,0.7115478515625,,2,,no_aplica,,-0.1999999999999999,,0.4,,2.1718392372131348
1:10_GraphSAGE_none_s44,44,1:10,GraphSAGE,none,PGExplainer,155856,True,0.5380419492721558,,2,,no_aplica,,1.0,,1.0,,2.171590566635132
1:10_GraphSAGE_none_s44,44,1:10,GraphSAGE,none,PGExplainer,158611,False,0.234934851527214,,3,,no_aplica,,1.0,,1.0,,2.171557664871216
1:10_GraphSAGE_none_s44,44,1:10,GraphSAGE,none,PGExplainer,158949,True,0.6497695446014404,,2,,no_aplica,,-0.3333333333333333,,0.4,,2.171478033065796
1:10_GraphSAGE_none_s44,44,1:10,GraphSAGE,none,PGExplainer,159862,False,0.008780226111412,,0,,no_aplica,,,menos_de_2_aristas,,menos_de_2_aristas,2.171032428741455
1:10_GraphSAGE_none_s44,44,1:10,GraphSAGE,none,PGExplainer,161504,True,0.7986281514167786,,2,,no_aplica,,1.0,,0.6,,2.1715428829193115
1:10_GraphSAGE_none_s44,44,1:10,GraphSAGE,none,PGExplainer,163852,False,0.433172732591629,,2,,no_aplica,,0.0,,0.6,,2.1715872287750244
1:10_GraphSAGE_none_s44,44,1:10,GraphSAGE,none,PGExplainer,165001,True,0.6052437424659729,,1,,no_aplica,,,menos_de_2_aristas,,menos_de_2_aristas,2.1716527938842773
1:10_GraphSAGE_none_s44,44,1:10,GraphSAGE,none,PGExplainer,168077,False,0.2113046944141388,,1,,no_aplica,,,menos_de_2_aristas,,menos_de_2_aristas,2.171692371368408
1:10_GraphSAGE_none_s44,44,1:10,GraphSAGE,none,PGExplainer,168167,True,0.7042339444160461,,1,,no_aplica,,,menos_de_2_aristas,,menos_de_2_aristas,2.171695709228516
1:10_GraphSAGE_none_s44,44,1:10,GraphSAGE,none,PGExplainer,168250,False,0.1190866157412529,,1,,no_aplica,,,menos_de_2_aristas,,menos_de_2_aristas,2.1715540885925293
1:10_GraphSAGE_none_s44,44,1:10,GraphSAGE,none,PGExplainer,170168,False,0.4426558911800384,,2,,no_aplica,,1.0,,1.0,,2.171520948410034
1:10_GraphSAGE_none_s44,44,1:10,GraphSAGE,none,PGExplainer,170185,True,0.5196505784988403,,2,,no_aplica,,0.1999999999999999,,0.6,,2.171613931655884
1:10_GraphSAGE_none_s44,44,1:10,GraphSAGE,none,PGExplainer,171111,False,0.4046390056610107,,2,,no_aplica,,1.0,,0.6,,2.171649694442749
1:10_GraphSAGE_none_s44,44,1:10,GraphSAGE,none,PGExplainer,171381,True,0.6574810147285461,,2,,no_aplica,,0.1999999999999999,,0.6,,2.17154598236084
1:10_GraphSAGE_none_s44,44,1:10,GraphSAGE,none,PGExplainer,172466,True,0.6629893779754639,,2,,no_aplica,,1.0,,1.0,,2.171637535095215
1:10_GraphSAGE_none_s44,44,1:10,GraphSAGE,none,PGExplainer,172476,False,0.2976539731025696,,2,,no_aplica,,1.0,,1.0,,2.171624183654785
1:10_GraphSAGE_none_s44,44,1:10,GraphSAGE,none,PGExplainer,172625,False,0.0778798535466194,,1,,no_aplica,,,menos_de_2_aristas,,menos_de_2_aristas,2.1714351177215576
1:10_GraphSAGE_none_s44,44,1:10,GraphSAGE,none,PGExplainer,172800,False,0.2739124000072479,,1,,no_aplica,,,menos_de_2_aristas,,menos_de_2_aristas,2.17147159576416
1:10_GraphSAGE_none_s44,44,1:10,GraphSAGE,none,PGExplainer,173595,True,0.6659591794013977,,1,,no_aplica,,,menos_de_2_aristas,,menos_de_2_aristas,2.1719648838043213
1:10_GraphSAGE_none_s44,44,1:10,GraphSAGE,none,ShapleyFeatures,139670,False,0.4468414783477783,,0,0.9951818428184286,,0.9675160029927674,,no_aplica,,no_aplica,0.7458207607269287
1:10_GraphSAGE_none_s44,44,1:10,GraphSAGE,none,ShapleyFeatures,139873,True,0.5909091234207153,,0,0.9988379557238088,,0.9822271177986536,,no_aplica,,no_aplica,0.7384462356567383
1:10_GraphSAGE_none_s44,44,1:10,GraphSAGE,none,ShapleyFeatures,140575,True,0.5483905076980591,,0,0.9930201811394962,,0.9689142904647104,,no_aplica,,no_aplica,0.7395183444023132
1:10_GraphSAGE_none_s44,44,1:10,GraphSAGE,none,ShapleyFeatures,141068,True,0.6711835861206055,,0,0.9993953840634592,,0.9999268434616344,,no_aplica,,no_aplica,0.7377336621284485
1:10_GraphSAGE_none_s44,44,1:10,GraphSAGE,none,ShapleyFeatures,148220,True,0.6382368803024292,,0,0.9991407349051824,,0.945004572283648,,no_aplica,,no_aplica,0.7535395622253418
1:10_GraphSAGE_none_s44,44,1:10,GraphSAGE,none,ShapleyFeatures,150129,False,0.01439044252038,,0,,vector_constante,,,no_aplica,,no_aplica,0.5572848916053772
1:10_GraphSAGE_none_s44,44,1:10,GraphSAGE,none,ShapleyFeatures,150346,True,0.5486761927604675,,0,,vector_constante,,,no_aplica,,no_aplica,0.5508778095245361
1:10_GraphSAGE_none_s44,44,1:10,GraphSAGE,none,ShapleyFeatures,150528,True,0.5330029726028442,,0,0.9966749181960448,,0.9459306675534126,,no_aplica,,no_aplica,0.7472390532493591
1:10_GraphSAGE_none_s44,44,1:10,GraphSAGE,none,ShapleyFeatures,152223,True,0.5930172801017761,,0,0.9953803527830356,,0.999886939895253,,no_aplica,,no_aplica,0.7433164715766907
1:10_GraphSAGE_none_s44,44,1:10,GraphSAGE,none,ShapleyFeatures,152280,True,0.6485545635223389,,0,0.9932592463983634,,0.9821148890182062,,no_aplica,,no_aplica,0.7441994547843933
1:10_GraphSAGE_none_s44,44,1:10,GraphSAGE,none,ShapleyFeatures,153599,True,0.7115478515625,,0,0.9988705077990794,,0.9999634217308172,,no_aplica,,no_aplica,0.7442933917045593
1:10_GraphSAGE_none_s44,44,1:10,GraphSAGE,none,ShapleyFeatures,155856,True,0.5380419492721558,,0,0.9942556483895082,,0.9999384820018288,,no_aplica,,no_aplica,0.7418239712715149
1:10_GraphSAGE_none_s44,44,1:10,GraphSAGE,none,ShapleyFeatures,158611,False,0.234934851527214,,0,0.9939734462498544,,0.9634998753013552,,no_aplica,,no_aplica,0.7351504564285278
1:10_GraphSAGE_none_s44,44,1:10,GraphSAGE,none,ShapleyFeatures,158949,True,0.6497695446014404,,0,0.9993393515427706,,0.9821165516668052,,no_aplica,,no_aplica,0.7407037615776062
1:10_GraphSAGE_none_s44,44,1:10,GraphSAGE,none,ShapleyFeatures,159862,False,0.008780226111412,,0,,vector_constante,,,no_aplica,,no_aplica,0.5509992837905884
1:10_GraphSAGE_none_s44,44,1:10,GraphSAGE,none,ShapleyFeatures,161504,True,0.7986281514167786,,0,0.9946847418167536,,0.9714889018206,,no_aplica,,no_aplica,0.7358728647232056
1:10_GraphSAGE_none_s44,44,1:10,GraphSAGE,none,ShapleyFeatures,163852,False,0.433172732591629,,0,0.997557116655708,,0.9265217391304348,,no_aplica,,no_aplica,0.7475153207778931
1:10_GraphSAGE_none_s44,44,1:10,GraphSAGE,none,ShapleyFeatures,165001,True,0.6052437424659729,,0,0.9985878279367916,,0.9733610441433204,,no_aplica,,no_aplica,0.7371683120727539
1:10_GraphSAGE_none_s44,44,1:10,GraphSAGE,none,ShapleyFeatures,168077,False,0.2113046944141388,,0,0.9952626654190616,,0.9462748358134508,,no_aplica,,no_aplica,0.737925112247467
1:10_GraphSAGE_none_s44,44,1:10,GraphSAGE,none,ShapleyFeatures,168167,True,0.7042339444160461,,0,0.9985798696380132,,0.9437800315903232,,no_aplica,,no_aplica,0.7461653351783752
1:10_GraphSAGE_none_s44,44,1:10,GraphSAGE,none,ShapleyFeatures,168250,False,0.1190866157412529,,0,0.9962560049080024,,0.9636461883780862,,no_aplica,,no_aplica,0.7459602952003479
1:10_GraphSAGE_none_s44,44,1:10,GraphSAGE,none,ShapleyFeatures,170168,False,0.4426558911800384,,0,0.9918972566251992,,0.9688885194114224,,no_aplica,,no_aplica,0.7495248317718506
1:10_GraphSAGE_none_s44,44,1:10,GraphSAGE,none,ShapleyFeatures,170185,True,0.5196505784988403,,0,0.9962315429853028,,0.968964169922687,,no_aplica,,no_aplica,0.7501606941223145
1:10_GraphSAGE_none_s44,44,1:10,GraphSAGE,none,ShapleyFeatures,171111,False,0.4046390056610107,,0,0.9985675015008636,,0.9998570122204672,,no_aplica,,no_aplica,0.7610434293746948
1:10_GraphSAGE_none_s44,44,1:10,GraphSAGE,none,ShapleyFeatures,171381,True,0.6574810147285461,,0,0.9969882273703116,,0.9732180563637876,,no_aplica,,no_aplica,0.7477324604988098
1:10_GraphSAGE_none_s44,44,1:10,GraphSAGE,none,ShapleyFeatures,172466,True,0.6629893779754639,,0,0.9990834319534972,,0.9366738714772632,,no_aplica,,no_aplica,0.7552825808525085
1:10_GraphSAGE_none_s44,44,1:10,GraphSAGE,none,ShapleyFeatures,172476,False,0.2976539731025696,,0,0.992570395261102,,0.902608695652174,,no_aplica,,no_aplica,0.7469161152839661
1:10_GraphSAGE_none_s44,44,1:10,GraphSAGE,none,ShapleyFeatures,172625,False,0.0778798535466194,,0,0.9978727772075346,,0.945357885110982,,no_aplica,,no_aplica,0.7519657611846924
1:10_GraphSAGE_none_s44,44,1:10,GraphSAGE,none,ShapleyFeatures,172800,False,0.2739124000072479,,0,0.9982097029158762,,0.999931831407432,,no_aplica,,no_aplica,0.7426653504371643
1:10_GraphSAGE_none_s44,44,1:10,GraphSAGE,none,ShapleyFeatures,173595,True,0.6659591794013977,,0,0.9995836222751532,,0.9682558816194196,,no_aplica,,no_aplica,0.7422183156013489
1:10_os_GraphSAGE_class_weighting_s44,44,1:10_os,GraphSAGE,class_weighting,GNNExplainer,139670,True,0.9414864182472228,,1,0.9414470930419756,,0.8070030758999085,,menos_de_2_aristas,,menos_de_2_aristas,1.02180016040802
1:10_os_GraphSAGE_class_weighting_s44,44,1:10_os,GraphSAGE,class_weighting,GNNExplainer,139873,True,0.924446940422058,,1,0.9697065058419472,,0.8667653171502204,,menos_de_2_aristas,,menos_de_2_aristas,0.8322940468788147
1:10_os_GraphSAGE_class_weighting_s44,44,1:10_os,GraphSAGE,class_weighting,GNNExplainer,140575,True,0.9666750431060792,,2,0.9608934706984568,,0.8462374262199684,0.1999999999999999,,0.6,,0.8221789598464966
1:10_os_GraphSAGE_class_weighting_s44,44,1:10_os,GraphSAGE,class_weighting,GNNExplainer,141068,True,0.9756613969802856,,1,0.959769593879234,,0.9035148391387482,,menos_de_2_aristas,,menos_de_2_aristas,0.8180198669433594
1:10_os_GraphSAGE_class_weighting_s44,44,1:10_os,GraphSAGE,class_weighting,GNNExplainer,148220,True,0.9939420819282532,,2,0.973135938697806,,0.7942040069831242,0.1999999999999999,,0.6,,0.8232672810554504
1:10_os_GraphSAGE_class_weighting_s44,44,1:10_os,GraphSAGE,class_weighting,GNNExplainer,150129,False,0.2453199923038482,,0,0.9685117469472876,,0.8816551666805219,,menos_de_2_aristas,,menos_de_2_aristas,0.7418113350868225
1:10_os_GraphSAGE_class_weighting_s44,44,1:10_os,GraphSAGE,class_weighting,GNNExplainer,150346,True,0.5725101828575134,,0,0.9678226618086146,,0.9346870064011972,,menos_de_2_aristas,,menos_de_2_aristas,0.7385103106498718
1:10_os_GraphSAGE_class_weighting_s44,44,1:10_os,GraphSAGE,class_weighting,GNNExplainer,150528,True,0.980989396572113,,2,0.97765410671295,,0.7461318480339181,0.1999999999999999,,0.6,,0.8231210112571716
1:10_os_GraphSAGE_class_weighting_s44,44,1:10_os,GraphSAGE,class_weighting,GNNExplainer,152223,False,0.1915884464979171,,2,0.9766411543631526,,0.8945564884861584,0.1999999999999999,,0.6,,0.8208467364311218
1:10_os_GraphSAGE_class_weighting_s44,44,1:10_os,GraphSAGE,class_weighting,GNNExplainer,152280,True,0.7806714773178101,,1,0.9493025493025492,,0.7049472109069748,,menos_de_2_aristas,,menos_de_2_aristas,0.8269302845001221
1:10_os_GraphSAGE_class_weighting_s44,44,1:10_os,GraphSAGE,class_weighting,GNNExplainer,153599,True,0.842602550983429,,2,0.9708834618198184,,0.8947817773713526,0.1999999999999999,,0.6,,0.8226449489593506
1:10_os_GraphSAGE_class_weighting_s44,44,1:10_os,GraphSAGE,class_weighting,GNNExplainer,155856,True,0.5574873685836792,,2,0.9777834514102396,,0.8389259290049049,0.1999999999999999,,0.6,,0.8210997581481934
1:10_os_GraphSAGE_class_weighting_s44,44,1:10_os,GraphSAGE,class_weighting,GNNExplainer,158611,False,0.0025844033807516,,3,0.924921507694118,,0.8736744534042732,0.1,,0.5333333333333332,,0.8191910982131958
1:10_os_GraphSAGE_class_weighting_s44,44,1:10_os,GraphSAGE,class_weighting,GNNExplainer,158949,True,0.8551511764526367,,2,0.9842708093151948,,0.8835431041649349,0.1999999999999999,,0.6,,0.8183029890060425
1:10_os_GraphSAGE_class_weighting_s44,44,1:10_os,GraphSAGE,class_weighting,GNNExplainer,159862,False,0.2810180187225342,,0,0.9753287503677672,,0.9622612020949372,,menos_de_2_aristas,,menos_de_2_aristas,0.736074686050415
1:10_os_GraphSAGE_class_weighting_s44,44,1:10_os,GraphSAGE,class_weighting,GNNExplainer,161504,True,0.995932400226593,,2,0.9538369852506904,,0.8501629395627235,0.1999999999999999,,0.6,,0.8113828897476196
1:10_os_GraphSAGE_class_weighting_s44,44,1:10_os,GraphSAGE,class_weighting,GNNExplainer,163852,True,0.7609856128692627,,2,0.9906934950916074,,0.8077221714190707,-0.1999999999999999,,0.4,,0.7909812331199646
1:10_os_GraphSAGE_class_weighting_s44,44,1:10_os,GraphSAGE,class_weighting,GNNExplainer,165001,True,0.8923986554145813,,1,0.9794574049327588,,0.8085792667719677,,menos_de_2_aristas,,menos_de_2_aristas,0.8200492858886719
1:10_os_GraphSAGE_class_weighting_s44,44,1:10_os,GraphSAGE,class_weighting,GNNExplainer,168077,False,0.1867861002683639,,1,0.9127714166586484,,0.8650344999584337,,menos_de_2_aristas,,menos_de_2_aristas,0.8209338188171387
1:10_os_GraphSAGE_class_weighting_s44,44,1:10_os,GraphSAGE,class_weighting,GNNExplainer,168167,False,0.3935289978981018,,1,0.9725685563189952,,0.9100224457560896,,menos_de_2_aristas,,menos_de_2_aristas,0.8181056976318359
1:10_os_GraphSAGE_class_weighting_s44,44,1:10_os,GraphSAGE,class_weighting,GNNExplainer,168250,False,0.0188432745635509,,1,0.9580652715563605,,0.7438074652922104,,menos_de_2_aristas,,menos_de_2_aristas,0.8154394030570984
1:10_os_GraphSAGE_class_weighting_s44,44,1:10_os,GraphSAGE,class_weighting,GNNExplainer,170168,True,0.78128582239151,,2,0.9817672582722132,,0.7952514756006319,0.1999999999999999,,0.6,,0.823729395866394
1:10_os_GraphSAGE_class_weighting_s44,44,1:10_os,GraphSAGE,class_weighting,GNNExplainer,170185,False,0.3478783071041107,,2,0.9830157885896648,,0.8762174744367778,0.1999999999999999,,0.6,,0.8261585831642151
1:10_os_GraphSAGE_class_weighting_s44,44,1:10_os,GraphSAGE,class_weighting,GNNExplainer,171111,False,0.0686381086707115,,2,0.975391635406752,,0.8875467619918531,0.1999999999999999,,0.6,,0.8263349533081055
1:10_os_GraphSAGE_class_weighting_s44,44,1:10_os,GraphSAGE,class_weighting,GNNExplainer,171381,True,0.9829854369163512,,2,0.9842906977392156,,0.8061775708703965,-0.1999999999999999,,0.4,,0.8112303018569946
1:10_os_GraphSAGE_class_weighting_s44,44,1:10_os,GraphSAGE,class_weighting,GNNExplainer,172466,True,0.9067414402961732,,2,0.9801486199575372,,0.7835140078144485,0.1999999999999999,,0.6,,0.8144598603248596
1:10_os_GraphSAGE_class_weighting_s44,44,1:10_os,GraphSAGE,class_weighting,GNNExplainer,172476,True,0.6573652625083923,,2,0.967440853572778,,0.7440019951783192,-0.1999999999999999,,0.4,,0.8243322968482971
1:10_os_GraphSAGE_class_weighting_s44,44,1:10_os,GraphSAGE,class_weighting,GNNExplainer,172625,False,0.0296508558094501,,1,0.9599252844285958,,0.774076814365284,,menos_de_2_aristas,,menos_de_2_aristas,0.9017560482025146
1:10_os_GraphSAGE_class_weighting_s44,44,1:10_os,GraphSAGE,class_weighting,GNNExplainer,172800,True,0.7379250526428223,,1,0.95819918699187,,0.8337309834566465,,menos_de_2_aristas,,menos_de_2_aristas,0.7856451272964478
1:10_os_GraphSAGE_class_weighting_s44,44,1:10_os,GraphSAGE,class_weighting,GNNExplainer,173595,True,0.6376916766166687,,1,0.9730680183078936,,0.8194305428547677,,menos_de_2_aristas,,menos_de_2_aristas,0.8141132593154907
1:10_os_GraphSAGE_class_weighting_s44,44,1:10_os,GraphSAGE,class_weighting,PGExplainer,139670,True,0.9414864182472228,,1,,no_aplica,,,menos_de_2_aristas,,menos_de_2_aristas,2.1751184463500977
1:10_os_GraphSAGE_class_weighting_s44,44,1:10_os,GraphSAGE,class_weighting,PGExplainer,139873,True,0.924446940422058,,1,,no_aplica,,,menos_de_2_aristas,,menos_de_2_aristas,2.174672842025757
1:10_os_GraphSAGE_class_weighting_s44,44,1:10_os,GraphSAGE,class_weighting,PGExplainer,140575,True,0.9666750431060792,,2,,no_aplica,,-0.1999999999999999,,0.4,,2.174569129943848
1:10_os_GraphSAGE_class_weighting_s44,44,1:10_os,GraphSAGE,class_weighting,PGExplainer,141068,True,0.9756613969802856,,1,,no_aplica,,,menos_de_2_aristas,,menos_de_2_aristas,2.174216985702514
1:10_os_GraphSAGE_class_weighting_s44,44,1:10_os,GraphSAGE,class_weighting,PGExplainer,148220,True,0.9939420819282532,,2,,no_aplica,,1.0,,0.6,,2.1746411323547363
1:10_os_GraphSAGE_class_weighting_s44,44,1:10_os,GraphSAGE,class_weighting,PGExplainer,150129,False,0.2453199923038482,,0,,no_aplica,,,menos_de_2_aristas,,menos_de_2_aristas,2.1735706329345703
1:10_os_GraphSAGE_class_weighting_s44,44,1:10_os,GraphSAGE,class_weighting,PGExplainer,150346,True,0.5725101828575134,,0,,no_aplica,,,menos_de_2_aristas,,menos_de_2_aristas,2.173423767089844
1:10_os_GraphSAGE_class_weighting_s44,44,1:10_os,GraphSAGE,class_weighting,PGExplainer,150528,True,0.980989396572113,,2,,no_aplica,,-0.1999999999999999,,0.4,,2.174134016036988
1:10_os_GraphSAGE_class_weighting_s44,44,1:10_os,GraphSAGE,class_weighting,PGExplainer,152223,False,0.1915884464979171,,2,,no_aplica,,1.0,,1.0,,2.1741631031036377
1:10_os_GraphSAGE_class_weighting_s44,44,1:10_os,GraphSAGE,class_weighting,PGExplainer,152280,True,0.7806714773178101,,1,,no_aplica,,,menos_de_2_aristas,,menos_de_2_aristas,2.1742103099823
1:10_os_GraphSAGE_class_weighting_s44,44,1:10_os,GraphSAGE,class_weighting,PGExplainer,153599,True,0.842602550983429,,2,,no_aplica,,-0.1999999999999999,,0.4,,2.1743719577789307
1:10_os_GraphSAGE_class_weighting_s44,44,1:10_os,GraphSAGE,class_weighting,PGExplainer,155856,True,0.5574873685836792,,2,,no_aplica,,0.0,,0.6,,2.1740970611572266
1:10_os_GraphSAGE_class_weighting_s44,44,1:10_os,GraphSAGE,class_weighting,PGExplainer,158611,False,0.0025844033807516,,3,,no_aplica,,0.0,,0.7333333333333333,,2.1741886138916016
1:10_os_GraphSAGE_class_weighting_s44,44,1:10_os,GraphSAGE,class_weighting,PGExplainer,158949,True,0.8551511764526367,,2,,no_aplica,,-0.1999999999999999,,0.4,,2.174101591110229
1:10_os_GraphSAGE_class_weighting_s44,44,1:10_os,GraphSAGE,class_weighting,PGExplainer,159862,False,0.2810180187225342,,0,,no_aplica,,,menos_de_2_aristas,,menos_de_2_aristas,2.173501968383789
1:10_os_GraphSAGE_class_weighting_s44,44,1:10_os,GraphSAGE,class_weighting,PGExplainer,161504,True,0.995932400226593,,2,,no_aplica,,-0.1999999999999999,,0.4,,2.174114942550659
1:10_os_GraphSAGE_class_weighting_s44,44,1:10_os,GraphSAGE,class_weighting,PGExplainer,163852,True,0.7609856128692627,,2,,no_aplica,,-0.3333333333333333,,0.4,,2.1742796897888184
1:10_os_GraphSAGE_class_weighting_s44,44,1:10_os,GraphSAGE,class_weighting,PGExplainer,165001,True,0.8923986554145813,,1,,no_aplica,,,menos_de_2_aristas,,menos_de_2_aristas,2.174391508102417
1:10_os_GraphSAGE_class_weighting_s44,44,1:10_os,GraphSAGE,class_weighting,PGExplainer,168077,False,0.1867861002683639,,1,,no_aplica,,,menos_de_2_aristas,,menos_de_2_aristas,2.17415452003479
1:10_os_GraphSAGE_class_weighting_s44,44,1:10_os,GraphSAGE,class_weighting,PGExplainer,168167,False,0.3935289978981018,,1,,no_aplica,,,menos_de_2_aristas,,menos_de_2_aristas,2.174015045166016
1:10_os_GraphSAGE_class_weighting_s44,44,1:10_os,GraphSAGE,class_weighting,PGExplainer,168250,False,0.0188432745635509,,1,,no_aplica,,,menos_de_2_aristas,,menos_de_2_aristas,2.1740410327911377
1:10_os_GraphSAGE_class_weighting_s44,44,1:10_os,GraphSAGE,class_weighting,PGExplainer,170168,True,0.78128582239151,,2,,no_aplica,,0.0,,0.6,,2.1741294860839844
1:10_os_GraphSAGE_class_weighting_s44,44,1:10_os,GraphSAGE,class_weighting,PGExplainer,170185,False,0.3478783071041107,,2,,no_aplica,,-0.3333333333333332,,0.4,,2.174128532409668
1:10_os_GraphSAGE_class_weighting_s44,44,1:10_os,GraphSAGE,class_weighting,PGExplainer,171111,False,0.0686381086707115,,2,,no_aplica,,1.0,,0.4,,2.174492359161377
1:10_os_GraphSAGE_class_weighting_s44,44,1:10_os,GraphSAGE,class_weighting,PGExplainer,171381,True,0.9829854369163512,,2,,no_aplica,,-0.3333333333333333,,0.4,,2.174365282058716
1:10_os_GraphSAGE_class_weighting_s44,44,1:10_os,GraphSAGE,class_weighting,PGExplainer,172466,True,0.9067414402961732,,2,,no_aplica,,-0.1999999999999999,,0.4,,2.1744065284729004
1:10_os_GraphSAGE_class_weighting_s44,44,1:10_os,GraphSAGE,class_weighting,PGExplainer,172476,True,0.6573652625083923,,2,,no_aplica,,-0.1999999999999999,,0.4,,2.1741042137146
1:10_os_GraphSAGE_class_weighting_s44,44,1:10_os,GraphSAGE,class_weighting,PGExplainer,172625,False,0.0296508558094501,,1,,no_aplica,,,menos_de_2_aristas,,menos_de_2_aristas,2.17412543296814
1:10_os_GraphSAGE_class_weighting_s44,44,1:10_os,GraphSAGE,class_weighting,PGExplainer,172800,True,0.7379250526428223,,1,,no_aplica,,,menos_de_2_aristas,,menos_de_2_aristas,2.1740400791168213
1:10_os_GraphSAGE_class_weighting_s44,44,1:10_os,GraphSAGE,class_weighting,PGExplainer,173595,True,0.6376916766166687,,1,,no_aplica,,,menos_de_2_aristas,,menos_de_2_aristas,2.1741862297058105
1:10_os_GraphSAGE_class_weighting_s44,44,1:10_os,GraphSAGE,class_weighting,ShapleyFeatures,139670,True,0.9414864182472228,,0,0.9957300813008132,,0.9726693823260456,,no_aplica,,no_aplica,0.7571083903312683
1:10_os_GraphSAGE_class_weighting_s44,44,1:10_os,GraphSAGE,class_weighting,ShapleyFeatures,139873,True,0.924446940422058,,0,0.996769538858256,,0.9452124033585502,,no_aplica,,no_aplica,0.7701638340950012
1:10_os_GraphSAGE_class_weighting_s44,44,1:10_os,GraphSAGE,class_weighting,ShapleyFeatures,140575,True,0.9666750431060792,,0,0.9939303921962186,,0.9632288635796826,,no_aplica,,no_aplica,0.7558065056800842
1:10_os_GraphSAGE_class_weighting_s44,44,1:10_os,GraphSAGE,class_weighting,ShapleyFeatures,141068,True,0.9756613969802856,,0,0.9997075776298482,,0.9300906143486574,,no_aplica,,no_aplica,0.7568801045417786
1:10_os_GraphSAGE_class_weighting_s44,44,1:10_os,GraphSAGE,class_weighting,ShapleyFeatures,148220,True,0.9939420819282532,,0,0.9976697991109108,,0.940208662399202,,no_aplica,,no_aplica,0.7605348825454712
1:10_os_GraphSAGE_class_weighting_s44,44,1:10_os,GraphSAGE,class_weighting,ShapleyFeatures,150129,False,0.2453199923038482,,0,,vector_constante,,,no_aplica,,no_aplica,0.5655944347381592
1:10_os_GraphSAGE_class_weighting_s44,44,1:10_os,GraphSAGE,class_weighting,ShapleyFeatures,150346,True,0.5725101828575134,,0,,vector_constante,,,no_aplica,,no_aplica,0.5596219897270203
1:10_os_GraphSAGE_class_weighting_s44,44,1:10_os,GraphSAGE,class_weighting,ShapleyFeatures,150528,True,0.980989396572113,,0,0.9934548299900412,,0.9340394047718016,,no_aplica,,no_aplica,0.7541229724884033
1:10_os_GraphSAGE_class_weighting_s44,44,1:10_os,GraphSAGE,class_weighting,ShapleyFeatures,152223,False,0.1915884464979171,,0,0.9819397580446054,,0.7967328955025356,,no_aplica,,no_aplica,0.7516449093818665
1:10_os_GraphSAGE_class_weighting_s44,44,1:10_os,GraphSAGE,class_weighting,ShapleyFeatures,152280,True,0.7806714773178101,,0,0.9931884561643598,,0.953412586249896,,no_aplica,,no_aplica,0.7556079030036926
1:10_os_GraphSAGE_class_weighting_s44,44,1:10_os,GraphSAGE,class_weighting,ShapleyFeatures,153599,True,0.842602550983429,,0,0.9985921613078206,,0.9644351151384156,,no_aplica,,no_aplica,0.742042601108551
1:10_os_GraphSAGE_class_weighting_s44,44,1:10_os,GraphSAGE,class_weighting,ShapleyFeatures,155856,True,0.5574873685836792,,0,0.9798240182107312,,0.8798894338681521,,no_aplica,,no_aplica,0.7326401472091675
1:10_os_GraphSAGE_class_weighting_s44,44,1:10_os,GraphSAGE,class_weighting,ShapleyFeatures,158611,False,0.0025844033807516,,0,0.9592625830724189,,0.7935090198686507,,no_aplica,,no_aplica,0.7456406354904175
1:10_os_GraphSAGE_class_weighting_s44,44,1:10_os,GraphSAGE,class_weighting,ShapleyFeatures,158949,True,0.8551511764526367,,0,0.999062146236684,,0.9202311081552916,,no_aplica,,no_aplica,0.748896598815918
1:10_os_GraphSAGE_class_weighting_s44,44,1:10_os,GraphSAGE,class_weighting,ShapleyFeatures,159862,False,0.2810180187225342,,0,,vector_constante,,,no_aplica,,no_aplica,0.5538482069969177
1:10_os_GraphSAGE_class_weighting_s44,44,1:10_os,GraphSAGE,class_weighting,ShapleyFeatures,161504,True,0.995932400226593,,0,0.9926106465483836,,0.968593399285061,,no_aplica,,no_aplica,0.7431787848472595
1:10_os_GraphSAGE_class_weighting_s44,44,1:10_os,GraphSAGE,class_weighting,ShapleyFeatures,163852,True,0.7609856128692627,,0,0.9957739557739558,,0.9661351733311164,,no_aplica,,no_aplica,0.7472018599510193
1:10_os_GraphSAGE_class_weighting_s44,44,1:10_os,GraphSAGE,class_weighting,ShapleyFeatures,165001,True,0.8923986554145813,,0,0.9973759398921634,,0.9519677446171751,,no_aplica,,no_aplica,0.7268056273460388
1:10_os_GraphSAGE_class_weighting_s44,44,1:10_os,GraphSAGE,class_weighting,ShapleyFeatures,168077,False,0.1867861002683639,,0,0.9770594840261998,,0.7393923019369856,,no_aplica,,no_aplica,0.7569202780723572
1:10_os_GraphSAGE_class_weighting_s44,44,1:10_os,GraphSAGE,class_weighting,ShapleyFeatures,168167,False,0.3935289978981018,,0,0.9993551017068928,,0.939953445839222,,no_aplica,,no_aplica,0.7669699788093567
1:10_os_GraphSAGE_class_weighting_s44,44,1:10_os,GraphSAGE,class_weighting,ShapleyFeatures,168250,False,0.0188432745635509,,0,0.9794072053418348,,0.5590946878377255,,no_aplica,,no_aplica,0.742437481880188
1:10_os_GraphSAGE_class_weighting_s44,44,1:10_os,GraphSAGE,class_weighting,ShapleyFeatures,170168,True,0.78128582239151,,0,0.9944826129604196,,0.9542015130102252,,no_aplica,,no_aplica,0.7398722767829895
1:10_os_GraphSAGE_class_weighting_s44,44,1:10_os,GraphSAGE,class_weighting,ShapleyFeatures,170185,False,0.3478783071041107,,0,0.9989150698152718,,0.9243860670047386,,no_aplica,,no_aplica,0.7331159710884094
1:10_os_GraphSAGE_class_weighting_s44,44,1:10_os,GraphSAGE,class_weighting,ShapleyFeatures,171111,False,0.0686381086707115,,0,0.9936403615859458,,0.8081985202427466,,no_aplica,,no_aplica,0.7374908328056335
1:10_os_GraphSAGE_class_weighting_s44,44,1:10_os,GraphSAGE,class_weighting,ShapleyFeatures,171381,True,0.9829854369163512,,0,0.9976120785216158,,0.963061767395461,,no_aplica,,no_aplica,0.7374046444892883
1:10_os_GraphSAGE_class_weighting_s44,44,1:10_os,GraphSAGE,class_weighting,ShapleyFeatures,172466,True,0.9067414402961732,,0,0.9980658693361582,,0.8957519328289966,,no_aplica,,no_aplica,0.7539746165275574
1:10_os_GraphSAGE_class_weighting_s44,44,1:10_os,GraphSAGE,class_weighting,ShapleyFeatures,172476,True,0.6573652625083923,,0,0.9955570044190336,,0.8568783772549672,,no_aplica,,no_aplica,0.7512033581733704
1:10_os_GraphSAGE_class_weighting_s44,44,1:10_os,GraphSAGE,class_weighting,ShapleyFeatures,172625,False,0.0296508558094501,,0,0.9744772103087636,,0.6230717432870563,,no_aplica,,no_aplica,0.7433411478996277
1:10_os_GraphSAGE_class_weighting_s44,44,1:10_os,GraphSAGE,class_weighting,ShapleyFeatures,172800,True,0.7379250526428223,,0,0.9970013372825534,,0.9724665391969406,,no_aplica,,no_aplica,0.733932375907898
1:10_os_GraphSAGE_class_weighting_s44,44,1:10_os,GraphSAGE,class_weighting,ShapleyFeatures,173595,True,0.6376916766166687,,0,0.9996237223746496,,0.9733859838723088,,no_aplica,,no_aplica,0.7345486879348755
1:10_os_GraphSAGE_focal_loss_s44,44,1:10_os,GraphSAGE,focal_loss,GNNExplainer,139670,True,0.5781226754188538,,1,0.9091230828673542,,0.7953437525978885,,menos_de_2_aristas,,menos_de_2_aristas,0.7748489379882812
1:10_os_GraphSAGE_focal_loss_s44,44,1:10_os,GraphSAGE,focal_loss,GNNExplainer,139873,True,0.57451993227005,,1,0.9442016005784432,,0.8154543187297365,,menos_de_2_aristas,,menos_de_2_aristas,0.7864035964012146
1:10_os_GraphSAGE_focal_loss_s44,44,1:10_os,GraphSAGE,focal_loss,GNNExplainer,140575,True,0.663593053817749,,2,0.9422330882677468,,0.8400881203757585,0.1999999999999999,,0.6,,0.8515883684158325
1:10_os_GraphSAGE_focal_loss_s44,44,1:10_os,GraphSAGE,focal_loss,GNNExplainer,141068,True,0.7247524261474609,,1,0.9246953948022624,,0.8222520575276416,,menos_de_2_aristas,,menos_de_2_aristas,0.8164682984352112
1:10_os_GraphSAGE_focal_loss_s44,44,1:10_os,GraphSAGE,focal_loss,GNNExplainer,148220,True,0.7650333046913147,,2,0.9630853489018624,,0.8150320059855349,0.1999999999999999,,0.6,,0.7873015403747559
1:10_os_GraphSAGE_focal_loss_s44,44,1:10_os,GraphSAGE,focal_loss,GNNExplainer,150129,False,0.2455980330705642,,0,0.8890685456420393,,0.8560146313076732,,menos_de_2_aristas,,menos_de_2_aristas,0.7773481607437134
1:10_os_GraphSAGE_focal_loss_s44,44,1:10_os,GraphSAGE,focal_loss,GNNExplainer,150346,False,0.4758855402469635,,0,0.9243803471182848,,0.7800249397289882,,menos_de_2_aristas,,menos_de_2_aristas,0.7566307783126831
1:10_os_GraphSAGE_focal_loss_s44,44,1:10_os,GraphSAGE,focal_loss,GNNExplainer,150528,True,0.7116858959197998,,2,0.9692427635630704,,0.7185817607448667,0.1999999999999999,,0.6,,0.8042482137680054
1:10_os_GraphSAGE_focal_loss_s44,44,1:10_os,GraphSAGE,focal_loss,GNNExplainer,152223,False,0.4541473388671875,,2,0.9538627822127124,,0.8266065342089949,0.1999999999999999,,0.6,,0.8627437949180603
1:10_os_GraphSAGE_focal_loss_s44,44,1:10_os,GraphSAGE,focal_loss,GNNExplainer,152280,True,0.6486262679100037,,1,0.9070928865373308,,0.76293623742622,,menos_de_2_aristas,,menos_de_2_aristas,0.8357313275337219
1:10_os_GraphSAGE_focal_loss_s44,44,1:10_os,GraphSAGE,focal_loss,GNNExplainer,153599,True,0.6008092761039734,,2,0.947313882167576,,0.7398495303017707,0.1999999999999999,,0.6,,1.056849718093872
1:10_os_GraphSAGE_focal_loss_s44,44,1:10_os,GraphSAGE,focal_loss,GNNExplainer,155856,True,0.5311711430549622,,2,0.9573987434834916,,0.7511089866156787,0.1999999999999999,,0.6,,0.9382365345954896
1:10_os_GraphSAGE_focal_loss_s44,44,1:10_os,GraphSAGE,focal_loss,GNNExplainer,158611,False,0.2749767899513244,,3,0.9412893598130092,,0.8077088702302768,0.1,,0.5333333333333332,,0.8626231551170349
1:10_os_GraphSAGE_focal_loss_s44,44,1:10_os,GraphSAGE,focal_loss,GNNExplainer,158949,True,0.5359283089637756,,2,0.9699507147798018,,0.88414913957935,0.1999999999999999,,0.6,,0.844111979007721
1:10_os_GraphSAGE_focal_loss_s44,44,1:10_os,GraphSAGE,focal_loss,GNNExplainer,159862,False,0.2826360166072845,,0,0.9224491136994628,,0.8450070662565468,,menos_de_2_aristas,,menos_de_2_aristas,0.7002606391906738
1:10_os_GraphSAGE_focal_loss_s44,44,1:10_os,GraphSAGE,focal_loss,GNNExplainer,161504,True,0.7257618308067322,,2,0.9303097114544332,,0.7896707955773546,0.1999999999999999,,0.6,,0.8362425565719604
1:10_os_GraphSAGE_focal_loss_s44,44,1:10_os,GraphSAGE,focal_loss,GNNExplainer,163852,False,0.4476011395454407,,2,0.9658559975818696,,0.9042322720093108,0.1999999999999999,,0.6,,0.8194242119789124
1:10_os_GraphSAGE_focal_loss_s44,44,1:10_os,GraphSAGE,focal_loss,GNNExplainer,165001,True,0.5723618865013123,,1,0.95447328845453,,0.7821389974228946,,menos_de_2_aristas,,menos_de_2_aristas,0.8041933178901672
1:10_os_GraphSAGE_focal_loss_s44,44,1:10_os,GraphSAGE,focal_loss,GNNExplainer,168077,False,0.2145672589540481,,1,0.8097226231330918,,0.8619311663479925,,menos_de_2_aristas,,menos_de_2_aristas,0.8088616132736206
1:10_os_GraphSAGE_focal_loss_s44,44,1:10_os,GraphSAGE,focal_loss,GNNExplainer,168167,False,0.4183253645896911,,1,0.9355679266206371,,0.8900407348906809,,menos_de_2_aristas,,menos_de_2_aristas,0.8138534426689148
1:10_os_GraphSAGE_focal_loss_s44,44,1:10_os,GraphSAGE,focal_loss,GNNExplainer,168250,False,0.3354354202747345,,1,0.9400021784415976,,0.7713533959597639,,menos_de_2_aristas,,menos_de_2_aristas,0.8424621820449829
1:10_os_GraphSAGE_focal_loss_s44,44,1:10_os,GraphSAGE,focal_loss,GNNExplainer,170168,True,0.5413810610771179,,2,0.9695157046078048,,0.7701878792917117,0.1999999999999999,,0.6,,0.8064113259315491
1:10_os_GraphSAGE_focal_loss_s44,44,1:10_os,GraphSAGE,focal_loss,GNNExplainer,170185,False,0.4287529587745666,,2,0.9587195565757796,,0.8841948624158285,0.1999999999999999,,0.6,,0.8447134494781494
1:10_os_GraphSAGE_focal_loss_s44,44,1:10_os,GraphSAGE,focal_loss,GNNExplainer,171111,False,0.3491623699665069,,2,0.9373932030681372,,0.9048657411256132,0.1999999999999999,,0.6,,0.858180582523346
1:10_os_GraphSAGE_focal_loss_s44,44,1:10_os,GraphSAGE,focal_loss,GNNExplainer,171381,True,0.6698384881019592,,2,0.9644577071178204,,0.8110906974810874,0.1999999999999999,,0.6,,0.8407524228096008
1:10_os_GraphSAGE_focal_loss_s44,44,1:10_os,GraphSAGE,focal_loss,GNNExplainer,172466,True,0.6084259748458862,,2,0.9653902736680208,,0.7603923850694155,0.1999999999999999,,0.6,,1.0007494688034058
1:10_os_GraphSAGE_focal_loss_s44,44,1:10_os,GraphSAGE,focal_loss,GNNExplainer,172476,False,0.496662974357605,,2,0.9340532848708142,,0.7194804223127442,0.1999999999999999,,0.6,,0.8063996434211731
1:10_os_GraphSAGE_focal_loss_s44,44,1:10_os,GraphSAGE,focal_loss,GNNExplainer,172625,False,0.3100248277187347,,1,0.9303052711726072,,0.7012178900989277,,menos_de_2_aristas,,menos_de_2_aristas,1.2146451473236084
1:10_os_GraphSAGE_focal_loss_s44,44,1:10_os,GraphSAGE,focal_loss,GNNExplainer,172800,False,0.3755644261837005,,1,0.8785756097560977,,0.9341782359298362,,menos_de_2_aristas,,menos_de_2_aristas,0.7659866809844971
1:10_os_GraphSAGE_focal_loss_s44,44,1:10_os,GraphSAGE,focal_loss,GNNExplainer,173595,True,0.5277154445648193,,1,0.9222368601817776,,0.8129104663729321,,menos_de_2_aristas,,menos_de_2_aristas,0.8059629797935486
1:10_os_GraphSAGE_focal_loss_s44,44,1:10_os,GraphSAGE,focal_loss,PGExplainer,139670,True,0.5781226754188538,,1,,no_aplica,,,menos_de_2_aristas,,menos_de_2_aristas,2.2005629539489746
1:10_os_GraphSAGE_focal_loss_s44,44,1:10_os,GraphSAGE,focal_loss,PGExplainer,139873,True,0.57451993227005,,1,,no_aplica,,,menos_de_2_aristas,,menos_de_2_aristas,2.200385808944702
1:10_os_GraphSAGE_focal_loss_s44,44,1:10_os,GraphSAGE,focal_loss,PGExplainer,140575,True,0.663593053817749,,2,,no_aplica,,0.1999999999999999,,0.6,,2.2008509635925293
1:10_os_GraphSAGE_focal_loss_s44,44,1:10_os,GraphSAGE,focal_loss,PGExplainer,141068,True,0.7247524261474609,,1,,no_aplica,,,menos_de_2_aristas,,menos_de_2_aristas,2.2004189491271973
1:10_os_GraphSAGE_focal_loss_s44,44,1:10_os,GraphSAGE,focal_loss,PGExplainer,148220,True,0.7650333046913147,,2,,no_aplica,,0.1999999999999999,,0.6,,2.20063591003418
1:10_os_GraphSAGE_focal_loss_s44,44,1:10_os,GraphSAGE,focal_loss,PGExplainer,150129,False,0.2455980330705642,,0,,no_aplica,,,menos_de_2_aristas,,menos_de_2_aristas,2.199753522872925
1:10_os_GraphSAGE_focal_loss_s44,44,1:10_os,GraphSAGE,focal_loss,PGExplainer,150346,False,0.4758855402469635,,0,,no_aplica,,,menos_de_2_aristas,,menos_de_2_aristas,2.1999261379241943
1:10_os_GraphSAGE_focal_loss_s44,44,1:10_os,GraphSAGE,focal_loss,PGExplainer,150528,True,0.7116858959197998,,2,,no_aplica,,3.700743415417188e-17,,0.4,,2.2005977630615234
1:10_os_GraphSAGE_focal_loss_s44,44,1:10_os,GraphSAGE,focal_loss,PGExplainer,152223,False,0.4541473388671875,,2,,no_aplica,,1.0,,1.0,,2.2001547813415527
1:10_os_GraphSAGE_focal_loss_s44,44,1:10_os,GraphSAGE,focal_loss,PGExplainer,152280,True,0.6486262679100037,,1,,no_aplica,,,menos_de_2_aristas,,menos_de_2_aristas,2.200338363647461
1:10_os_GraphSAGE_focal_loss_s44,44,1:10_os,GraphSAGE,focal_loss,PGExplainer,153599,True,0.6008092761039734,,2,,no_aplica,,0.1999999999999999,,0.6,,2.20092248916626
1:10_os_GraphSAGE_focal_loss_s44,44,1:10_os,GraphSAGE,focal_loss,PGExplainer,155856,True,0.5311711430549622,,2,,no_aplica,,1.0,,1.0,,2.200531244277954
1:10_os_GraphSAGE_focal_loss_s44,44,1:10_os,GraphSAGE,focal_loss,PGExplainer,158611,False,0.2749767899513244,,3,,no_aplica,,0.2535898384862245,,0.7333333333333333,,2.2001492977142334
1:10_os_GraphSAGE_focal_loss_s44,44,1:10_os,GraphSAGE,focal_loss,PGExplainer,158949,True,0.5359283089637756,,2,,no_aplica,,0.1999999999999999,,0.6,,2.2000718116760254
1:10_os_GraphSAGE_focal_loss_s44,44,1:10_os,GraphSAGE,focal_loss,PGExplainer,159862,False,0.2826360166072845,,0,,no_aplica,,,menos_de_2_aristas,,menos_de_2_aristas,2.199387788772583
1:10_os_GraphSAGE_focal_loss_s44,44,1:10_os,GraphSAGE,focal_loss,PGExplainer,161504,True,0.7257618308067322,,2,,no_aplica,,0.1999999999999999,,0.6,,2.200061559677124
1:10_os_GraphSAGE_focal_loss_s44,44,1:10_os,GraphSAGE,focal_loss,PGExplainer,163852,False,0.4476011395454407,,2,,no_aplica,,0.0,,0.6,,2.2002525329589844
1:10_os_GraphSAGE_focal_loss_s44,44,1:10_os,GraphSAGE,focal_loss,PGExplainer,165001,True,0.5723618865013123,,1,,no_aplica,,,menos_de_2_aristas,,menos_de_2_aristas,2.2000863552093506
1:10_os_GraphSAGE_focal_loss_s44,44,1:10_os,GraphSAGE,focal_loss,PGExplainer,168077,False,0.2145672589540481,,1,,no_aplica,,,menos_de_2_aristas,,menos_de_2_aristas,2.200302124023437
1:10_os_GraphSAGE_focal_loss_s44,44,1:10_os,GraphSAGE,focal_loss,PGExplainer,168167,False,0.4183253645896911,,1,,no_aplica,,,menos_de_2_aristas,,menos_de_2_aristas,2.20032286643982
1:10_os_GraphSAGE_focal_loss_s44,44,1:10_os,GraphSAGE,focal_loss,PGExplainer,168250,False,0.3354354202747345,,1,,no_aplica,,,menos_de_2_aristas,,menos_de_2_aristas,2.200098991394043
1:10_os_GraphSAGE_focal_loss_s44,44,1:10_os,GraphSAGE,focal_loss,PGExplainer,170168,True,0.5413810610771179,,2,,no_aplica,,1.0,,1.0,,2.200093984603882
1:10_os_GraphSAGE_focal_loss_s44,44,1:10_os,GraphSAGE,focal_loss,PGExplainer,170185,False,0.4287529587745666,,2,,no_aplica,,0.1999999999999999,,0.6,,2.200066328048706
1:10_os_GraphSAGE_focal_loss_s44,44,1:10_os,GraphSAGE,focal_loss,PGExplainer,171111,False,0.3491623699665069,,2,,no_aplica,,1.0,,0.6,,2.200005054473877
1:10_os_GraphSAGE_focal_loss_s44,44,1:10_os,GraphSAGE,focal_loss,PGExplainer,171381,True,0.6698384881019592,,2,,no_aplica,,0.1999999999999999,,0.6,,2.200089693069458
1:10_os_GraphSAGE_focal_loss_s44,44,1:10_os,GraphSAGE,focal_loss,PGExplainer,172466,True,0.6084259748458862,,2,,no_aplica,,3.700743415417188e-17,,0.6,,2.2003769874572754
1:10_os_GraphSAGE_focal_loss_s44,44,1:10_os,GraphSAGE,focal_loss,PGExplainer,172476,False,0.496662974357605,,2,,no_aplica,,-0.1999999999999999,,0.4,,2.2000253200531006
1:10_os_GraphSAGE_focal_loss_s44,44,1:10_os,GraphSAGE,focal_loss,PGExplainer,172625,False,0.3100248277187347,,1,,no_aplica,,,menos_de_2_aristas,,menos_de_2_aristas,2.2000486850738525
1:10_os_GraphSAGE_focal_loss_s44,44,1:10_os,GraphSAGE,focal_loss,PGExplainer,172800,False,0.3755644261837005,,1,,no_aplica,,,menos_de_2_aristas,,menos_de_2_aristas,2.200129270553589
1:10_os_GraphSAGE_focal_loss_s44,44,1:10_os,GraphSAGE,focal_loss,PGExplainer,173595,True,0.5277154445648193,,1,,no_aplica,,,menos_de_2_aristas,,menos_de_2_aristas,2.2000365257263184
1:10_os_GraphSAGE_focal_loss_s44,44,1:10_os,GraphSAGE,focal_loss,ShapleyFeatures,139670,True,0.5781226754188538,,0,0.9972102981029812,,0.9998836145980547,,no_aplica,,no_aplica,0.7500264048576355
1:10_os_GraphSAGE_focal_loss_s44,44,1:10_os,GraphSAGE,focal_loss,ShapleyFeatures,139873,True,0.57451993227005,,0,0.998615477464132,,0.9503350236927424,,no_aplica,,no_aplica,0.7394279837608337
1:10_os_GraphSAGE_focal_loss_s44,44,1:10_os,GraphSAGE,focal_loss,ShapleyFeatures,140575,True,0.663593053817749,,0,0.9979014590789272,,0.952566298112894,,no_aplica,,no_aplica,0.7430750727653503
1:10_os_GraphSAGE_focal_loss_s44,44,1:10_os,GraphSAGE,focal_loss,ShapleyFeatures,141068,True,0.7247524261474609,,0,0.9995615258899032,,0.9999293374345332,,no_aplica,,no_aplica,0.7522544264793396
1:10_os_GraphSAGE_focal_loss_s44,44,1:10_os,GraphSAGE,focal_loss,ShapleyFeatures,148220,True,0.7650333046913147,,0,0.999470204265376,,0.9821365034499958,,no_aplica,,no_aplica,0.7541961669921875
1:10_os_GraphSAGE_focal_loss_s44,44,1:10_os,GraphSAGE,focal_loss,ShapleyFeatures,150129,False,0.2455980330705642,,0,,vector_constante,,,no_aplica,,no_aplica,0.5769379734992981
1:10_os_GraphSAGE_focal_loss_s44,44,1:10_os,GraphSAGE,focal_loss,ShapleyFeatures,150346,False,0.4758855402469635,,0,,vector_constante,,,no_aplica,,no_aplica,0.5811907649040222
1:10_os_GraphSAGE_focal_loss_s44,44,1:10_os,GraphSAGE,focal_loss,ShapleyFeatures,150528,True,0.7116858959197998,,0,0.9984117228624272,,0.972917116967329,,no_aplica,,no_aplica,0.7547717094421387
1:10_os_GraphSAGE_focal_loss_s44,44,1:10_os,GraphSAGE,focal_loss,ShapleyFeatures,152223,False,0.4541473388671875,,0,0.9949011055331524,,0.9538797905062764,,no_aplica,,no_aplica,0.753652036190033
1:10_os_GraphSAGE_focal_loss_s44,44,1:10_os,GraphSAGE,focal_loss,ShapleyFeatures,152280,True,0.6486262679100037,,0,0.994836526113014,,0.924861584504115,,no_aplica,,no_aplica,0.7619871497154236
1:10_os_GraphSAGE_focal_loss_s44,44,1:10_os,GraphSAGE,focal_loss,ShapleyFeatures,153599,True,0.6008092761039734,,0,0.998805515472182,,0.9999551084878212,,no_aplica,,no_aplica,0.75166916847229
1:10_os_GraphSAGE_focal_loss_s44,44,1:10_os,GraphSAGE,focal_loss,ShapleyFeatures,155856,True,0.5311711430549622,,0,0.9960188088218648,,0.9551159697397956,,no_aplica,,no_aplica,0.7480407357215881
1:10_os_GraphSAGE_focal_loss_s44,44,1:10_os,GraphSAGE,focal_loss,ShapleyFeatures,158611,False,0.2749767899513244,,0,0.9854953450021464,,0.9688286640618504,,no_aplica,,no_aplica,0.7449961304664612
1:10_os_GraphSAGE_focal_loss_s44,44,1:10_os,GraphSAGE,focal_loss,ShapleyFeatures,158949,True,0.5359283089637756,,0,0.9991730283591188,,0.9999077230027436,,no_aplica,,no_aplica,0.7436015605926514
1:10_os_GraphSAGE_focal_loss_s44,44,1:10_os,GraphSAGE,focal_loss,ShapleyFeatures,159862,False,0.2826360166072845,,0,,vector_constante,,,no_aplica,,no_aplica,0.5589504837989807
1:10_os_GraphSAGE_focal_loss_s44,44,1:10_os,GraphSAGE,focal_loss,ShapleyFeatures,161504,True,0.7257618308067322,,0,0.9951681189534072,,0.982157286557486,,no_aplica,,no_aplica,0.7468460202217102
1:10_os_GraphSAGE_focal_loss_s44,44,1:10_os,GraphSAGE,focal_loss,ShapleyFeatures,163852,False,0.4476011395454407,,0,0.9974361352389522,,0.9493415911547094,,no_aplica,,no_aplica,0.750128448009491
1:10_os_GraphSAGE_focal_loss_s44,44,1:10_os,GraphSAGE,focal_loss,ShapleyFeatures,165001,True,0.5723618865013123,,0,0.9988882539646616,,0.9814373597140243,,no_aplica,,no_aplica,0.7497004270553589
1:10_os_GraphSAGE_focal_loss_s44,44,1:10_os,GraphSAGE,focal_loss,ShapleyFeatures,168077,False,0.2145672589540481,,0,0.997157064563561,,0.8913317815279742,,no_aplica,,no_aplica,0.755129873752594
1:10_os_GraphSAGE_focal_loss_s44,44,1:10_os,GraphSAGE,focal_loss,ShapleyFeatures,168167,False,0.4183253645896911,,0,0.9995666825117178,,0.9688452905478426,,no_aplica,,no_aplica,0.7425077557563782
1:10_os_GraphSAGE_focal_loss_s44,44,1:10_os,GraphSAGE,focal_loss,ShapleyFeatures,168250,False,0.3354354202747345,,0,0.9958057395143488,,0.9491179649181144,,no_aplica,,no_aplica,0.7439805269241333
1:10_os_GraphSAGE_focal_loss_s44,44,1:10_os,GraphSAGE,focal_loss,ShapleyFeatures,170168,True,0.5413810610771179,,0,0.9922759624804868,,0.967930002493973,,no_aplica,,no_aplica,0.7596909403800964
1:10_os_GraphSAGE_focal_loss_s44,44,1:10_os,GraphSAGE,focal_loss,ShapleyFeatures,170185,False,0.4287529587745666,,0,0.9966174783074412,,0.963921356721257,,no_aplica,,no_aplica,0.7557108402252197
1:10_os_GraphSAGE_focal_loss_s44,44,1:10_os,GraphSAGE,focal_loss,ShapleyFeatures,171111,False,0.3491623699665069,,0,0.9981423766204298,,0.9995460969324134,,no_aplica,,no_aplica,0.7401955127716064
1:10_os_GraphSAGE_focal_loss_s44,44,1:10_os,GraphSAGE,focal_loss,ShapleyFeatures,171381,True,0.6698384881019592,,0,0.9993980383627766,,0.9820184553994512,,no_aplica,,no_aplica,0.7396584153175354
1:10_os_GraphSAGE_focal_loss_s44,44,1:10_os,GraphSAGE,focal_loss,ShapleyFeatures,172466,True,0.6084259748458862,,0,0.9989739741504676,,0.9814913957934992,,no_aplica,,no_aplica,0.7523037791252136
1:10_os_GraphSAGE_focal_loss_s44,44,1:10_os,GraphSAGE,focal_loss,ShapleyFeatures,172476,False,0.496662974357605,,0,0.995330480186792,,0.9133003574694488,,no_aplica,,no_aplica,0.7489782571792603
1:10_os_GraphSAGE_focal_loss_s44,44,1:10_os,GraphSAGE,focal_loss,ShapleyFeatures,172625,False,0.3100248277187347,,0,0.995947512969179,,0.915366198353978,,no_aplica,,no_aplica,0.7526307106018066
1:10_os_GraphSAGE_focal_loss_s44,44,1:10_os,GraphSAGE,focal_loss,ShapleyFeatures,172800,False,0.3755644261837005,,0,0.9983156168932784,,0.9682276165932328,,no_aplica,,no_aplica,0.751218318939209
1:10_os_GraphSAGE_focal_loss_s44,44,1:10_os,GraphSAGE,focal_loss,ShapleyFeatures,173595,True,0.5277154445648193,,0,0.9998676394710996,,0.9733942971153048,,no_aplica,,no_aplica,0.7440494298934937
1:10_os_GraphSAGE_none_s44,44,1:10_os,GraphSAGE,none,GNNExplainer,139670,False,0.4002769589424133,,1,0.9034615714853016,,0.8157610773962924,,menos_de_2_aristas,,menos_de_2_aristas,0.8190761208534241
1:10_os_GraphSAGE_none_s44,44,1:10_os,GraphSAGE,none,GNNExplainer,139873,True,0.574296772480011,,1,0.9068969483838104,,0.6968634134175742,,menos_de_2_aristas,,menos_de_2_aristas,0.8287885189056396
1:10_os_GraphSAGE_none_s44,44,1:10_os,GraphSAGE,none,GNNExplainer,140575,True,0.5351784229278564,,2,0.9157801819200712,,0.7833543935489233,-0.1999999999999999,,0.4,,0.8363244533538818
1:10_os_GraphSAGE_none_s44,44,1:10_os,GraphSAGE,none,GNNExplainer,141068,True,0.7221189737319946,,1,0.9374569341187068,,0.7869265940643444,,menos_de_2_aristas,,menos_de_2_aristas,0.8701383471488953
1:10_os_GraphSAGE_none_s44,44,1:10_os,GraphSAGE,none,GNNExplainer,148220,True,0.6419107913970947,,2,0.9531009174311926,,0.7621373347742956,0.1999999999999999,,0.6,,0.9040534496307372
1:10_os_GraphSAGE_none_s44,44,1:10_os,GraphSAGE,none,GNNExplainer,150129,False,0.0127297285944223,,0,0.8633846834399499,,0.6428913459140411,,menos_de_2_aristas,,menos_de_2_aristas,0.7348602414131165
1:10_os_GraphSAGE_none_s44,44,1:10_os,GraphSAGE,none,GNNExplainer,150346,True,0.5476961731910706,,0,0.8880384421548193,,0.4276722919610939,,menos_de_2_aristas,,menos_de_2_aristas,0.766826331615448
1:10_os_GraphSAGE_none_s44,44,1:10_os,GraphSAGE,none,GNNExplainer,150528,True,0.5052651166915894,,2,0.9631204859750294,,0.6336877545930667,0.1999999999999999,,0.6,,0.8349745273590088
1:10_os_GraphSAGE_none_s44,44,1:10_os,GraphSAGE,none,GNNExplainer,152223,True,0.5826493501663208,,2,0.956891888184786,,0.7108886856762823,0.1999999999999999,,0.6,,0.7970445156097412
1:10_os_GraphSAGE_none_s44,44,1:10_os,GraphSAGE,none,GNNExplainer,152280,True,0.6175742745399475,,1,0.8649144888033776,,0.8207897580846287,,menos_de_2_aristas,,menos_de_2_aristas,0.8221571445465088
1:10_os_GraphSAGE_none_s44,44,1:10_os,GraphSAGE,none,GNNExplainer,153599,True,0.7505521774291992,,2,0.9617477913454502,,0.7762074985451825,-0.1999999999999999,,0.4,,0.8156893253326416
1:10_os_GraphSAGE_none_s44,44,1:10_os,GraphSAGE,none,GNNExplainer,155856,False,0.4870299398899078,,2,0.9352893998128592,,0.7423568043893923,0.1999999999999999,,0.6,,0.8121415376663208
1:10_os_GraphSAGE_none_s44,44,1:10_os,GraphSAGE,none,GNNExplainer,158611,False,0.1943555176258087,,3,0.9342068666727286,,0.7545955607282402,0.1,,0.5333333333333332,,0.8134281635284424
1:10_os_GraphSAGE_none_s44,44,1:10_os,GraphSAGE,none,GNNExplainer,158949,True,0.6564235091209412,,2,0.9612597994005072,,0.8426652257045474,-0.1999999999999999,,0.4,,0.817733108997345
1:10_os_GraphSAGE_none_s44,44,1:10_os,GraphSAGE,none,GNNExplainer,159862,False,0.0073242937214672,,0,0.8912863417570092,,0.6127674785933992,,menos_de_2_aristas,,menos_de_2_aristas,0.7337725758552551
1:10_os_GraphSAGE_none_s44,44,1:10_os,GraphSAGE,none,GNNExplainer,161504,True,0.773750901222229,,2,0.9176994390505284,,0.7909227699725664,0.1999999999999999,,0.6,,0.8011037111282349
1:10_os_GraphSAGE_none_s44,44,1:10_os,GraphSAGE,none,GNNExplainer,163852,False,0.3864275813102722,,2,0.9542728777813654,,0.7710815529137918,0.1999999999999999,,0.6,,0.8116422891616821
1:10_os_GraphSAGE_none_s44,44,1:10_os,GraphSAGE,none,GNNExplainer,165001,True,0.6084974408149719,,1,0.9280595851992108,,0.7326735389475434,,menos_de_2_aristas,,menos_de_2_aristas,0.7976566553115845
1:10_os_GraphSAGE_none_s44,44,1:10_os,GraphSAGE,none,GNNExplainer,168077,False,0.1712301969528198,,1,0.7960611843441633,,0.872750852107407,,menos_de_2_aristas,,menos_de_2_aristas,0.7959561347961426
1:10_os_GraphSAGE_none_s44,44,1:10_os,GraphSAGE,none,GNNExplainer,168167,True,0.7238828539848328,,1,0.9003137346685166,,0.6798104580596891,,menos_de_2_aristas,,menos_de_2_aristas,0.8166936635971069
1:10_os_GraphSAGE_none_s44,44,1:10_os,GraphSAGE,none,GNNExplainer,168250,False,0.1025598123669624,,1,0.8765275640938363,,0.5104721922021781,,menos_de_2_aristas,,menos_de_2_aristas,0.8116922378540039
1:10_os_GraphSAGE_none_s44,44,1:10_os,GraphSAGE,none,GNNExplainer,170168,False,0.4290589094161987,,2,0.9458216225295336,,0.6332521406600715,0.1999999999999999,,0.6,,0.8105863928794861
1:10_os_GraphSAGE_none_s44,44,1:10_os,GraphSAGE,none,GNNExplainer,170185,True,0.5077226161956787,,2,0.9546943060298976,,0.7995386150137169,0.1999999999999999,,0.6,,0.8154812455177307
1:10_os_GraphSAGE_none_s44,44,1:10_os,GraphSAGE,none,GNNExplainer,171111,False,0.413667231798172,,2,0.9395974469514586,,0.7705869149555242,0.1999999999999999,,0.6,,0.8099856972694397
1:10_os_GraphSAGE_none_s44,44,1:10_os,GraphSAGE,none,GNNExplainer,171381,True,0.6360601782798767,,2,0.9427849385068904,,0.7585992185551584,-0.1999999999999999,,0.4,,0.8234269618988037
1:10_os_GraphSAGE_none_s44,44,1:10_os,GraphSAGE,none,GNNExplainer,172466,True,0.6779253482818604,,2,0.9521788677689174,,0.8525380330867071,0.1999999999999999,,0.6,,0.8398084044456482
1:10_os_GraphSAGE_none_s44,44,1:10_os,GraphSAGE,none,GNNExplainer,172476,False,0.2804493010044098,,2,0.92769395808801,,0.6377712195527476,0.1999999999999999,,0.6,,0.8215910792350769
1:10_os_GraphSAGE_none_s44,44,1:10_os,GraphSAGE,none,GNNExplainer,172625,False,0.0505737699568271,,1,0.8887622631587597,,0.5782741707540111,,menos_de_2_aristas,,menos_de_2_aristas,0.8328187465667725
1:10_os_GraphSAGE_none_s44,44,1:10_os,GraphSAGE,none,GNNExplainer,172800,False,0.3194068372249603,,1,0.9192699186991872,,0.8564884861584504,,menos_de_2_aristas,,menos_de_2_aristas,0.818818211555481
1:10_os_GraphSAGE_none_s44,44,1:10_os,GraphSAGE,none,GNNExplainer,173595,True,0.6718733906745911,,1,0.899284314647038,,0.6846861750768976,,menos_de_2_aristas,,menos_de_2_aristas,0.8265712857246399
1:10_os_GraphSAGE_none_s44,44,1:10_os,GraphSAGE,none,PGExplainer,139670,False,0.4002769589424133,,1,,no_aplica,,,menos_de_2_aristas,,menos_de_2_aristas,2.214236259460449
1:10_os_GraphSAGE_none_s44,44,1:10_os,GraphSAGE,none,PGExplainer,139873,True,0.574296772480011,,1,,no_aplica,,,menos_de_2_aristas,,menos_de_2_aristas,2.214064598083496
1:10_os_GraphSAGE_none_s44,44,1:10_os,GraphSAGE,none,PGExplainer,140575,True,0.5351784229278564,,2,,no_aplica,,0.1999999999999999,,0.6,,2.2139248847961426
1:10_os_GraphSAGE_none_s44,44,1:10_os,GraphSAGE,none,PGExplainer,141068,True,0.7221189737319946,,1,,no_aplica,,,menos_de_2_aristas,,menos_de_2_aristas,2.213763952255249
1:10_os_GraphSAGE_none_s44,44,1:10_os,GraphSAGE,none,PGExplainer,148220,True,0.6419107913970947,,2,,no_aplica,,0.1999999999999999,,0.6,,2.2137346267700195
1:10_os_GraphSAGE_none_s44,44,1:10_os,GraphSAGE,none,PGExplainer,150129,False,0.0127297285944223,,0,,no_aplica,,,menos_de_2_aristas,,menos_de_2_aristas,2.213101387023926
1:10_os_GraphSAGE_none_s44,44,1:10_os,GraphSAGE,none,PGExplainer,150346,True,0.5476961731910706,,0,,no_aplica,,,menos_de_2_aristas,,menos_de_2_aristas,2.2129907608032227
1:10_os_GraphSAGE_none_s44,44,1:10_os,GraphSAGE,none,PGExplainer,150528,True,0.5052651166915894,,2,,no_aplica,,1.0,,1.0,,2.213771104812622
1:10_os_GraphSAGE_none_s44,44,1:10_os,GraphSAGE,none,PGExplainer,152223,True,0.5826493501663208,,2,,no_aplica,,1.0,,1.0,,2.2136785984039307
1:10_os_GraphSAGE_none_s44,44,1:10_os,GraphSAGE,none,PGExplainer,152280,True,0.6175742745399475,,1,,no_aplica,,,menos_de_2_aristas,,menos_de_2_aristas,2.213796377182007
1:10_os_GraphSAGE_none_s44,44,1:10_os,GraphSAGE,none,PGExplainer,153599,True,0.7505521774291992,,2,,no_aplica,,-0.1999999999999999,,0.4,,2.213854551315308
1:10_os_GraphSAGE_none_s44,44,1:10_os,GraphSAGE,none,PGExplainer,155856,False,0.4870299398899078,,2,,no_aplica,,1.0,,1.0,,2.2136998176574707
1:10_os_GraphSAGE_none_s44,44,1:10_os,GraphSAGE,none,PGExplainer,158611,False,0.1943555176258087,,3,,no_aplica,,1.0,,0.7333333333333333,,2.213619947433472
1:10_os_GraphSAGE_none_s44,44,1:10_os,GraphSAGE,none,PGExplainer,158949,True,0.6564235091209412,,2,,no_aplica,,0.0,,0.6,,2.213675737380981
1:10_os_GraphSAGE_none_s44,44,1:10_os,GraphSAGE,none,PGExplainer,159862,False,0.0073242937214672,,0,,no_aplica,,,menos_de_2_aristas,,menos_de_2_aristas,2.2130603790283203
1:10_os_GraphSAGE_none_s44,44,1:10_os,GraphSAGE,none,PGExplainer,161504,True,0.773750901222229,,2,,no_aplica,,1.0,,0.6,,2.2136690616607666
1:10_os_GraphSAGE_none_s44,44,1:10_os,GraphSAGE,none,PGExplainer,163852,False,0.3864275813102722,,2,,no_aplica,,0.0,,0.6,,2.2136971950531006
1:10_os_GraphSAGE_none_s44,44,1:10_os,GraphSAGE,none,PGExplainer,165001,True,0.6084974408149719,,1,,no_aplica,,,menos_de_2_aristas,,menos_de_2_aristas,2.2140886783599854
1:10_os_GraphSAGE_none_s44,44,1:10_os,GraphSAGE,none,PGExplainer,168077,False,0.1712301969528198,,1,,no_aplica,,,menos_de_2_aristas,,menos_de_2_aristas,2.213820219039917
1:10_os_GraphSAGE_none_s44,44,1:10_os,GraphSAGE,none,PGExplainer,168167,True,0.7238828539848328,,1,,no_aplica,,,menos_de_2_aristas,,menos_de_2_aristas,2.21362853050232
1:10_os_GraphSAGE_none_s44,44,1:10_os,GraphSAGE,none,PGExplainer,168250,False,0.1025598123669624,,1,,no_aplica,,,menos_de_2_aristas,,menos_de_2_aristas,2.2137269973754883
1:10_os_GraphSAGE_none_s44,44,1:10_os,GraphSAGE,none,PGExplainer,170168,False,0.4290589094161987,,2,,no_aplica,,1.0,,1.0,,2.213657855987549
1:10_os_GraphSAGE_none_s44,44,1:10_os,GraphSAGE,none,PGExplainer,170185,True,0.5077226161956787,,2,,no_aplica,,0.1999999999999999,,0.6,,2.213657855987549
1:10_os_GraphSAGE_none_s44,44,1:10_os,GraphSAGE,none,PGExplainer,171111,False,0.413667231798172,,2,,no_aplica,,1.0,,0.6,,2.2136971950531006
1:10_os_GraphSAGE_none_s44,44,1:10_os,GraphSAGE,none,PGExplainer,171381,True,0.6360601782798767,,2,,no_aplica,,0.1999999999999999,,0.6,,2.2136592864990234
1:10_os_GraphSAGE_none_s44,44,1:10_os,GraphSAGE,none,PGExplainer,172466,True,0.6779253482818604,,2,,no_aplica,,1.0,,1.0,,2.2141635417938232
1:10_os_GraphSAGE_none_s44,44,1:10_os,GraphSAGE,none,PGExplainer,172476,False,0.2804493010044098,,2,,no_aplica,,1.0,,1.0,,2.2138357162475586
1:10_os_GraphSAGE_none_s44,44,1:10_os,GraphSAGE,none,PGExplainer,172625,False,0.0505737699568271,,1,,no_aplica,,,menos_de_2_aristas,,menos_de_2_aristas,2.2136521339416504
1:10_os_GraphSAGE_none_s44,44,1:10_os,GraphSAGE,none,PGExplainer,172800,False,0.3194068372249603,,1,,no_aplica,,,menos_de_2_aristas,,menos_de_2_aristas,2.213642835617065
1:10_os_GraphSAGE_none_s44,44,1:10_os,GraphSAGE,none,PGExplainer,173595,True,0.6718733906745911,,1,,no_aplica,,,menos_de_2_aristas,,menos_de_2_aristas,2.213728904724121
1:10_os_GraphSAGE_none_s44,44,1:10_os,GraphSAGE,none,ShapleyFeatures,139670,False,0.4002769589424133,,0,0.9981108401084012,,0.963242164768476,,no_aplica,,no_aplica,0.7492226362228394
1:10_os_GraphSAGE_none_s44,44,1:10_os,GraphSAGE,none,ShapleyFeatures,139873,True,0.574296772480011,,0,0.9985068444298136,,0.9821913708537702,,no_aplica,,no_aplica,0.7736899852752686
1:10_os_GraphSAGE_none_s44,44,1:10_os,GraphSAGE,none,ShapleyFeatures,140575,True,0.5351784229278564,,0,0.9940781166203164,,0.9688685676282318,,no_aplica,,no_aplica,0.7736477255821228
1:10_os_GraphSAGE_none_s44,44,1:10_os,GraphSAGE,none,ShapleyFeatures,141068,True,0.7221189737319946,,0,0.9997129987643004,,0.9999226868401364,,no_aplica,,no_aplica,0.7447871565818787
1:10_os_GraphSAGE_none_s44,44,1:10_os,GraphSAGE,none,ShapleyFeatures,148220,True,0.6419107913970947,,0,0.998278937594958,,0.954542355973065,,no_aplica,,no_aplica,0.7410261631011963
1:10_os_GraphSAGE_none_s44,44,1:10_os,GraphSAGE,none,ShapleyFeatures,150129,False,0.0127297285944223,,0,,vector_constante,,,no_aplica,,no_aplica,0.55515456199646
1:10_os_GraphSAGE_none_s44,44,1:10_os,GraphSAGE,none,ShapleyFeatures,150346,True,0.5476961731910706,,0,,vector_constante,,,no_aplica,,no_aplica,0.5593688488006592
1:10_os_GraphSAGE_none_s44,44,1:10_os,GraphSAGE,none,ShapleyFeatures,150528,True,0.5052651166915894,,0,0.9963551002987622,,0.9550760661734145,,no_aplica,,no_aplica,0.7542403340339661
1:10_os_GraphSAGE_none_s44,44,1:10_os,GraphSAGE,none,ShapleyFeatures,152223,True,0.5826493501663208,,0,0.9962763009903164,,0.9401820600216144,,no_aplica,,no_aplica,0.750271737575531
1:10_os_GraphSAGE_none_s44,44,1:10_os,GraphSAGE,none,ShapleyFeatures,152280,True,0.6175742745399475,,0,0.9934817753082132,,0.9682334358633302,,no_aplica,,no_aplica,0.7519441246986389
1:10_os_GraphSAGE_none_s44,44,1:10_os,GraphSAGE,none,ShapleyFeatures,153599,True,0.7505521774291992,,0,0.998925192972812,,0.9822545515005404,,no_aplica,,no_aplica,0.7534772753715515
1:10_os_GraphSAGE_none_s44,44,1:10_os,GraphSAGE,none,ShapleyFeatures,155856,False,0.4870299398899078,,0,0.9970217643384766,,0.9499526145149222,,no_aplica,,no_aplica,0.764495313167572
1:10_os_GraphSAGE_none_s44,44,1:10_os,GraphSAGE,none,ShapleyFeatures,158611,False,0.1943555176258087,,0,0.9902299211840182,,0.9504248067171004,,no_aplica,,no_aplica,0.754059910774231
1:10_os_GraphSAGE_none_s44,44,1:10_os,GraphSAGE,none,ShapleyFeatures,158949,True,0.6564235091209412,,0,0.9996966706336534,,0.973138249231025,,no_aplica,,no_aplica,0.7470524311065674
1:10_os_GraphSAGE_none_s44,44,1:10_os,GraphSAGE,none,ShapleyFeatures,159862,False,0.0073242937214672,,0,,vector_constante,,,no_aplica,,no_aplica,0.5579693913459778
1:10_os_GraphSAGE_none_s44,44,1:10_os,GraphSAGE,none,ShapleyFeatures,161504,True,0.773750901222229,,0,0.9971305790954792,,0.9637002244575608,,no_aplica,,no_aplica,0.7592806816101074
1:10_os_GraphSAGE_none_s44,44,1:10_os,GraphSAGE,none,ShapleyFeatures,163852,False,0.3864275813102722,,0,0.9982716544970068,,0.9502460719926844,,no_aplica,,no_aplica,0.7591143846511841
1:10_os_GraphSAGE_none_s44,44,1:10_os,GraphSAGE,none,ShapleyFeatures,165001,True,0.6084974408149719,,0,0.9990902353054332,,0.959672458225954,,no_aplica,,no_aplica,0.7490166425704956
1:10_os_GraphSAGE_none_s44,44,1:10_os,GraphSAGE,none,ShapleyFeatures,168077,False,0.1712301969528198,,0,0.9960561422269752,,0.8349472109069748,,no_aplica,,no_aplica,0.7469092607498169
1:10_os_GraphSAGE_none_s44,44,1:10_os,GraphSAGE,none,ShapleyFeatures,168167,True,0.7238828539848328,,0,0.9986898916565224,,0.9821090697481089,,no_aplica,,no_aplica,0.7397576570510864
1:10_os_GraphSAGE_none_s44,44,1:10_os,GraphSAGE,none,ShapleyFeatures,168250,False,0.1025598123669624,,0,0.9975402472625292,,0.9528680688336522,,no_aplica,,no_aplica,0.7470751404762268
1:10_os_GraphSAGE_none_s44,44,1:10_os,GraphSAGE,none,ShapleyFeatures,170168,False,0.4290589094161987,,0,0.9950323490541418,,0.999953445839222,,no_aplica,,no_aplica,0.7481504082679749
1:10_os_GraphSAGE_none_s44,44,1:10_os,GraphSAGE,none,ShapleyFeatures,170185,True,0.5077226161956787,,0,0.9960122021930936,,0.96389392301937,,no_aplica,,no_aplica,0.7448089718818665
1:10_os_GraphSAGE_none_s44,44,1:10_os,GraphSAGE,none,ShapleyFeatures,171111,False,0.413667231798172,,0,0.9984316338870488,,0.9628481170504614,,no_aplica,,no_aplica,0.7400312423706055
1:10_os_GraphSAGE_none_s44,44,1:10_os,GraphSAGE,none,ShapleyFeatures,171381,True,0.6360601782798767,,0,0.9976440708883494,,0.9681494721090698,,no_aplica,,no_aplica,0.7464305758476257
1:10_os_GraphSAGE_none_s44,44,1:10_os,GraphSAGE,none,ShapleyFeatures,172466,True,0.6779253482818604,,0,0.9970830059708102,,0.982144816692992,,no_aplica,,no_aplica,0.7440119385719299
1:10_os_GraphSAGE_none_s44,44,1:10_os,GraphSAGE,none,ShapleyFeatures,172476,False,0.2804493010044098,,0,0.9934670188519428,,0.9163995344583922,,no_aplica,,no_aplica,0.7456362247467041
1:10_os_GraphSAGE_none_s44,44,1:10_os,GraphSAGE,none,ShapleyFeatures,172625,False,0.0505737699568271,,0,0.9968491136571698,,0.9447709701554576,,no_aplica,,no_aplica,0.7422540187835693
1:10_os_GraphSAGE_none_s44,44,1:10_os,GraphSAGE,none,ShapleyFeatures,172800,False,0.3194068372249603,,0,0.9976702718925732,,0.9819286723750936,,no_aplica,,no_aplica,0.745917558670044
1:10_os_GraphSAGE_none_s44,44,1:10_os,GraphSAGE,none,ShapleyFeatures,173595,True,0.6718733906745911,,0,0.9994591009135588,,0.9733602128190206,,no_aplica,,no_aplica,0.7641853094100952
native_GAT_focal_loss_s44,44,native,GAT,focal_loss,GNNExplainer,139670,False,0.2101456671953201,,1,0.8908643061831217,,0.7316659738964171,,menos_de_2_aristas,,menos_de_2_aristas,1.4858099222183228
native_GAT_focal_loss_s44,44,native,GAT,focal_loss,GNNExplainer,139873,True,0.741594672203064,,1,0.9231640182078124,,0.8009335771884611,,menos_de_2_aristas,,menos_de_2_aristas,1.2724264860153198
native_GAT_focal_loss_s44,44,native,GAT,focal_loss,GNNExplainer,140575,True,0.6143763065338135,,2,0.9118456688658816,,0.8702269515337934,0.1999999999999999,,0.6,,1.3174781799316406
native_GAT_focal_loss_s44,44,native,GAT,focal_loss,GNNExplainer,141068,True,0.6224721670150757,,1,0.9242780432735336,,0.8121389974228947,,menos_de_2_aristas,,menos_de_2_aristas,1.2735588550567627
native_GAT_focal_loss_s44,44,native,GAT,focal_loss,GNNExplainer,148220,True,0.6772361993789673,,2,0.9315921601334444,,0.7311538781278577,0.1999999999999999,,0.6,,1.2778772115707395
native_GAT_focal_loss_s44,44,native,GAT,focal_loss,GNNExplainer,150129,False,0.019785014912486,,0,0.8860518824702055,,0.8414880704963007,,menos_de_2_aristas,,menos_de_2_aristas,1.1719998121261597
native_GAT_focal_loss_s44,44,native,GAT,focal_loss,GNNExplainer,150346,False,0.475938081741333,,0,0.9126528101537964,,0.633734308753845,,menos_de_2_aristas,,menos_de_2_aristas,1.1778303384780884
native_GAT_focal_loss_s44,44,native,GAT,focal_loss,GNNExplainer,150528,True,0.6754864454269409,,2,0.9586073008230224,,0.4903050960179566,0.1999999999999999,,0.6,,1.2625559568405151
native_GAT_focal_loss_s44,44,native,GAT,focal_loss,GNNExplainer,152223,False,0.3289834260940552,,2,0.9517940910213152,,0.8987679773879791,0.1999999999999999,,0.6,,1.2649550437927246
native_GAT_focal_loss_s44,44,native,GAT,focal_loss,GNNExplainer,152280,False,0.3256926238536834,,1,0.8948968521190743,,0.9115263114140828,,menos_de_2_aristas,,menos_de_2_aristas,1.260525822639465
native_GAT_focal_loss_s44,44,native,GAT,focal_loss,GNNExplainer,153599,True,0.5525998473167419,,2,0.9523003770187382,,0.8880156288968326,0.1999999999999999,,0.6,,1.2927117347717283
native_GAT_focal_loss_s44,44,native,GAT,focal_loss,GNNExplainer,155856,True,0.7470768690109253,,2,0.9343507552466248,,0.7670047385485079,0.1999999999999999,,0.6,,1.2716504335403442
native_GAT_focal_loss_s44,44,native,GAT,focal_loss,GNNExplainer,158611,False,0.3413529694080353,,3,0.9502671680189988,,0.755302186382908,0.1,,0.5333333333333332,,1.268339991569519
native_GAT_focal_loss_s44,44,native,GAT,focal_loss,GNNExplainer,158949,False,0.4574823975563049,,2,0.9457816462992854,,0.8635730318397208,0.1999999999999999,,0.6,,1.2851283550262451
native_GAT_focal_loss_s44,44,native,GAT,focal_loss,GNNExplainer,159862,False,0.0539347529411315,,0,0.9230796572782084,,0.7963055948125364,,menos_de_2_aristas,,menos_de_2_aristas,1.2256590127944946
native_GAT_focal_loss_s44,44,native,GAT,focal_loss,GNNExplainer,161504,True,0.5587155818939209,,2,0.925020110265723,,0.7652664394380249,-0.1999999999999999,,0.4,,1.2973397970199585
native_GAT_focal_loss_s44,44,native,GAT,focal_loss,GNNExplainer,163852,False,0.4355493485927582,,2,0.9400328371128074,,0.8627965749438857,0.1999999999999999,,0.6,,1.29267418384552
native_GAT_focal_loss_s44,44,native,GAT,focal_loss,GNNExplainer,165001,True,0.608936607837677,,1,0.9549885429190214,,0.8347535123451658,,menos_de_2_aristas,,menos_de_2_aristas,1.30859112739563
native_GAT_focal_loss_s44,44,native,GAT,focal_loss,GNNExplainer,168077,False,0.4912860095500946,,1,0.8596894811678801,,0.7530135505860835,,menos_de_2_aristas,,menos_de_2_aristas,1.291359543800354
native_GAT_focal_loss_s44,44,native,GAT,focal_loss,GNNExplainer,168167,False,0.4875763356685638,,1,0.9345361686477088,,0.8369897747111148,,menos_de_2_aristas,,menos_de_2_aristas,1.325824499130249
native_GAT_focal_loss_s44,44,native,GAT,focal_loss,GNNExplainer,168250,True,0.5863719582557678,,1,0.949466417961251,,0.7082292792418322,,menos_de_2_aristas,,menos_de_2_aristas,1.305551052093506
native_GAT_focal_loss_s44,44,native,GAT,focal_loss,GNNExplainer,170168,False,0.2694410979747772,,2,0.956618610380158,,0.9011788178568458,0.1999999999999999,,0.6,,1.4362469911575315
native_GAT_focal_loss_s44,44,native,GAT,focal_loss,GNNExplainer,170185,False,0.4250265657901764,,2,0.9385403952746204,,0.8763854019452989,0.1999999999999999,,0.6,,1.3155040740966797
native_GAT_focal_loss_s44,44,native,GAT,focal_loss,GNNExplainer,171111,False,0.2888146936893463,,2,0.9404954929735178,,0.8797954942222962,0.1999999999999999,,0.6,,1.293546438217163
native_GAT_focal_loss_s44,44,native,GAT,focal_loss,GNNExplainer,171381,True,0.8176391124725342,,2,0.9357351031757972,,0.7861002577105329,0.1999999999999999,,0.6,,1.281550407409668
native_GAT_focal_loss_s44,44,native,GAT,focal_loss,GNNExplainer,172466,True,0.7167232036590576,,2,0.9466038082819266,,0.8148707290714109,0.1999999999999999,,0.6,,1.2699722051620483
native_GAT_focal_loss_s44,44,native,GAT,focal_loss,GNNExplainer,172476,True,0.5062252283096313,,2,0.9622292942691602,,0.6673397622412504,0.1999999999999999,,0.6,,1.2678827047348022
native_GAT_focal_loss_s44,44,native,GAT,focal_loss,GNNExplainer,172625,False,0.2232684940099716,,1,0.9254575233212275,,0.7852672707623244,,menos_de_2_aristas,,menos_de_2_aristas,1.2748041152954102
native_GAT_focal_loss_s44,44,native,GAT,focal_loss,GNNExplainer,172800,False,0.2117933332920074,,1,0.9039268292682928,,0.827193449164519,,menos_de_2_aristas,,menos_de_2_aristas,1.2768359184265137
native_GAT_focal_loss_s44,44,native,GAT,focal_loss,GNNExplainer,173595,True,0.5733152031898499,,1,0.9032686676162862,,0.6596433618754677,,menos_de_2_aristas,,menos_de_2_aristas,1.2834149599075315
native_GAT_focal_loss_s44,44,native,GAT,focal_loss,PGExplainer,139670,False,0.2101456671953201,,1,,no_aplica,,,menos_de_2_aristas,,menos_de_2_aristas,3.376004695892334
native_GAT_focal_loss_s44,44,native,GAT,focal_loss,PGExplainer,139873,True,0.741594672203064,,1,,no_aplica,,,menos_de_2_aristas,,menos_de_2_aristas,3.375436782836914
native_GAT_focal_loss_s44,44,native,GAT,focal_loss,PGExplainer,140575,True,0.6143763065338135,,2,,no_aplica,,-0.1999999999999999,,0.4,,3.375419855117798
native_GAT_focal_loss_s44,44,native,GAT,focal_loss,PGExplainer,141068,True,0.6224721670150757,,1,,no_aplica,,,menos_de_2_aristas,,menos_de_2_aristas,3.375115156173706
native_GAT_focal_loss_s44,44,native,GAT,focal_loss,PGExplainer,148220,True,0.6772361993789673,,2,,no_aplica,,-0.1999999999999999,,0.4,,3.375197410583496
native_GAT_focal_loss_s44,44,native,GAT,focal_loss,PGExplainer,150129,False,0.019785014912486,,0,,no_aplica,,,menos_de_2_aristas,,menos_de_2_aristas,3.374642133712769
native_GAT_focal_loss_s44,44,native,GAT,focal_loss,PGExplainer,150346,False,0.475938081741333,,0,,no_aplica,,,menos_de_2_aristas,,menos_de_2_aristas,3.374783515930176
native_GAT_focal_loss_s44,44,native,GAT,focal_loss,PGExplainer,150528,True,0.6754864454269409,,2,,no_aplica,,1.0,,1.0,,3.375643730163574
native_GAT_focal_loss_s44,44,native,GAT,focal_loss,PGExplainer,152223,False,0.3289834260940552,,2,,no_aplica,,1.0,,1.0,,3.375140905380249
native_GAT_focal_loss_s44,44,native,GAT,focal_loss,PGExplainer,152280,False,0.3256926238536834,,1,,no_aplica,,,menos_de_2_aristas,,menos_de_2_aristas,3.3751089572906494
native_GAT_focal_loss_s44,44,native,GAT,focal_loss,PGExplainer,153599,True,0.5525998473167419,,2,,no_aplica,,-0.1999999999999999,,0.4,,3.3751778602600098
native_GAT_focal_loss_s44,44,native,GAT,focal_loss,PGExplainer,155856,True,0.7470768690109253,,2,,no_aplica,,1.0,,1.0,,3.3752949237823486
native_GAT_focal_loss_s44,44,native,GAT,focal_loss,PGExplainer,158611,False,0.3413529694080353,,3,,no_aplica,,-0.1,,0.5999999999999999,,3.3755578994750977
native_GAT_focal_loss_s44,44,native,GAT,focal_loss,PGExplainer,158949,False,0.4574823975563049,,2,,no_aplica,,-0.1999999999999999,,0.4,,3.3754749298095703
native_GAT_focal_loss_s44,44,native,GAT,focal_loss,PGExplainer,159862,False,0.0539347529411315,,0,,no_aplica,,,menos_de_2_aristas,,menos_de_2_aristas,3.374568462371826
native_GAT_focal_loss_s44,44,native,GAT,focal_loss,PGExplainer,161504,True,0.5587155818939209,,2,,no_aplica,,-0.1999999999999999,,0.4,,3.3752543926239014
native_GAT_focal_loss_s44,44,native,GAT,focal_loss,PGExplainer,163852,False,0.4355493485927582,,2,,no_aplica,,1.0,,0.4,,3.3752963542938232
native_GAT_focal_loss_s44,44,native,GAT,focal_loss,PGExplainer,165001,True,0.608936607837677,,1,,no_aplica,,,menos_de_2_aristas,,menos_de_2_aristas,3.375429630279541
native_GAT_focal_loss_s44,44,native,GAT,focal_loss,PGExplainer,168077,False,0.4912860095500946,,1,,no_aplica,,,menos_de_2_aristas,,menos_de_2_aristas,3.375164270401001
native_GAT_focal_loss_s44,44,native,GAT,focal_loss,PGExplainer,168167,False,0.4875763356685638,,1,,no_aplica,,,menos_de_2_aristas,,menos_de_2_aristas,3.3752312660217285
native_GAT_focal_loss_s44,44,native,GAT,focal_loss,PGExplainer,168250,True,0.5863719582557678,,1,,no_aplica,,,menos_de_2_aristas,,menos_de_2_aristas,3.375253438949585
native_GAT_focal_loss_s44,44,native,GAT,focal_loss,PGExplainer,170168,False,0.2694410979747772,,2,,no_aplica,,1.0,,1.0,,3.3752098083496094
native_GAT_focal_loss_s44,44,native,GAT,focal_loss,PGExplainer,170185,False,0.4250265657901764,,2,,no_aplica,,0.1999999999999999,,0.6,,3.375207662582397
native_GAT_focal_loss_s44,44,native,GAT,focal_loss,PGExplainer,171111,False,0.2888146936893463,,2,,no_aplica,,0.0,,0.4,,3.375312089920044
native_GAT_focal_loss_s44,44,native,GAT,focal_loss,PGExplainer,171381,True,0.8176391124725342,,2,,no_aplica,,-0.1999999999999999,,0.4,,3.375221014022827
native_GAT_focal_loss_s44,44,native,GAT,focal_loss,PGExplainer,172466,True,0.7167232036590576,,2,,no_aplica,,1.0,,1.0,,3.3752682209014893
native_GAT_focal_loss_s44,44,native,GAT,focal_loss,PGExplainer,172476,True,0.5062252283096313,,2,,no_aplica,,1.0,,1.0,,3.3751606941223145
native_GAT_focal_loss_s44,44,native,GAT,focal_loss,PGExplainer,172625,False,0.2232684940099716,,1,,no_aplica,,,menos_de_2_aristas,,menos_de_2_aristas,3.3759334087371826
native_GAT_focal_loss_s44,44,native,GAT,focal_loss,PGExplainer,172800,False,0.2117933332920074,,1,,no_aplica,,,menos_de_2_aristas,,menos_de_2_aristas,3.375260353088379
native_GAT_focal_loss_s44,44,native,GAT,focal_loss,PGExplainer,173595,True,0.5733152031898499,,1,,no_aplica,,,menos_de_2_aristas,,menos_de_2_aristas,3.3753182888031006
native_GAT_focal_loss_s44,44,native,GAT,focal_loss,ShapleyFeatures,139670,False,0.2101456671953201,,0,0.9934032520325204,,0.9084670379915206,,no_aplica,,no_aplica,0.8854978680610657
native_GAT_focal_loss_s44,44,native,GAT,focal_loss,ShapleyFeatures,139873,True,0.741594672203064,,0,0.998017995775382,,0.9636653088369772,,no_aplica,,no_aplica,0.8493556380271912
native_GAT_focal_loss_s44,44,native,GAT,focal_loss,ShapleyFeatures,140575,True,0.6143763065338135,,0,0.9886962187044602,,0.8862133178152799,,no_aplica,,no_aplica,0.8983418941497803
native_GAT_focal_loss_s44,44,native,GAT,focal_loss,ShapleyFeatures,141068,True,0.6224721670150757,,0,0.9998179136604618,,0.99993598802893,,no_aplica,,no_aplica,0.890889585018158
native_GAT_focal_loss_s44,44,native,GAT,focal_loss,ShapleyFeatures,148220,True,0.6772361993789673,,0,0.9996077879691632,,0.9822362623659492,,no_aplica,,no_aplica,0.8700729012489319
native_GAT_focal_loss_s44,44,native,GAT,focal_loss,ShapleyFeatures,150129,False,0.019785014912486,,0,,vector_constante,,,no_aplica,,no_aplica,0.6818299889564514
native_GAT_focal_loss_s44,44,native,GAT,focal_loss,ShapleyFeatures,150346,False,0.475938081741333,,0,,vector_constante,,,no_aplica,,no_aplica,0.6702224612236023
native_GAT_focal_loss_s44,44,native,GAT,focal_loss,ShapleyFeatures,150528,True,0.6754864454269409,,0,0.9966325224071704,,0.9356538365616428,,no_aplica,,no_aplica,0.8675947785377502
native_GAT_focal_loss_s44,44,native,GAT,focal_loss,ShapleyFeatures,152223,False,0.3289834260940552,,0,0.9934013661427044,,0.933342755008729,,no_aplica,,no_aplica,0.8632243275642395
native_GAT_focal_loss_s44,44,native,GAT,focal_loss,ShapleyFeatures,152280,False,0.3256926238536834,,0,0.9948904058543782,,0.9406584088452908,,no_aplica,,no_aplica,0.854537308216095
native_GAT_focal_loss_s44,44,native,GAT,focal_loss,ShapleyFeatures,153599,True,0.5525998473167419,,0,0.9987072063195364,,0.9729902735056946,,no_aplica,,no_aplica,0.8481701016426086
native_GAT_focal_loss_s44,44,native,GAT,focal_loss,ShapleyFeatures,155856,True,0.7470768690109253,,0,0.9943642494024936,,0.945740294288802,,no_aplica,,no_aplica,0.8421704769134521
native_GAT_focal_loss_s44,44,native,GAT,focal_loss,ShapleyFeatures,158611,False,0.3413529694080353,,0,0.9908334579096774,,0.8994987114473355,,no_aplica,,no_aplica,0.8413352370262146
native_GAT_focal_loss_s44,44,native,GAT,focal_loss,ShapleyFeatures,158949,False,0.4574823975563049,,0,0.9989106266871788,,0.9349738132845624,,no_aplica,,no_aplica,0.8369245529174805
native_GAT_focal_loss_s44,44,native,GAT,focal_loss,ShapleyFeatures,159862,False,0.0539347529411315,,0,,vector_constante,,,no_aplica,,no_aplica,0.6703630089759827
native_GAT_focal_loss_s44,44,native,GAT,focal_loss,ShapleyFeatures,161504,True,0.5587155818939209,,0,0.9946592182103164,,0.9188344833319478,,no_aplica,,no_aplica,0.8541311025619507
native_GAT_focal_loss_s44,44,native,GAT,focal_loss,ShapleyFeatures,163852,False,0.4355493485927582,,0,0.9951275218880856,,0.9502419153711864,,no_aplica,,no_aplica,0.8530289530754089
native_GAT_focal_loss_s44,44,native,GAT,focal_loss,ShapleyFeatures,165001,True,0.608936607837677,,0,0.9988087627087,,0.9051043311996008,,no_aplica,,no_aplica,0.8472098112106323
native_GAT_focal_loss_s44,44,native,GAT,focal_loss,ShapleyFeatures,168077,False,0.4912860095500946,,0,0.9912471594706592,,0.925429379000748,,no_aplica,,no_aplica,0.8506472110748291
native_GAT_focal_loss_s44,44,native,GAT,focal_loss,ShapleyFeatures,168167,False,0.4875763356685638,,0,0.9987451847735168,,0.96891512178901,,no_aplica,,no_aplica,0.8705763816833496
native_GAT_focal_loss_s44,44,native,GAT,focal_loss,ShapleyFeatures,168250,True,0.5863719582557678,,0,0.9924345006271948,,0.8473671959431375,,no_aplica,,no_aplica,0.8842475414276123
native_GAT_focal_loss_s44,44,native,GAT,focal_loss,ShapleyFeatures,170168,False,0.2694410979747772,,0,0.9965247723167774,,0.9809111314323716,,no_aplica,,no_aplica,0.8370484113693237
native_GAT_focal_loss_s44,44,native,GAT,focal_loss,ShapleyFeatures,170185,False,0.4250265657901764,,0,0.9983438502499006,,0.9548200182891348,,no_aplica,,no_aplica,0.858820915222168
native_GAT_focal_loss_s44,44,native,GAT,focal_loss,ShapleyFeatures,171111,False,0.2888146936893463,,0,0.9980791823814464,,0.9671410757336436,,no_aplica,,no_aplica,0.8573870658874512
native_GAT_focal_loss_s44,44,native,GAT,focal_loss,ShapleyFeatures,171381,True,0.8176391124725342,,0,0.9955377675504178,,0.9624881536287306,,no_aplica,,no_aplica,0.8359468579292297
native_GAT_focal_loss_s44,44,native,GAT,focal_loss,ShapleyFeatures,172466,True,0.7167232036590576,,0,0.9985922823785632,,0.981399950120542,,no_aplica,,no_aplica,0.8792017698287964
native_GAT_focal_loss_s44,44,native,GAT,focal_loss,ShapleyFeatures,172476,True,0.5062252283096313,,0,0.99032744314604,,0.9344334524898164,,no_aplica,,no_aplica,0.881713330745697
native_GAT_focal_loss_s44,44,native,GAT,focal_loss,ShapleyFeatures,172625,False,0.2232684940099716,,0,0.9928584903043248,,0.8278909302518912,,no_aplica,,no_aplica,0.8621546030044556
native_GAT_focal_loss_s44,44,native,GAT,focal_loss,ShapleyFeatures,172800,False,0.2117933332920074,,0,0.9992169713313146,,0.973065924016959,,no_aplica,,no_aplica,0.8923625349998474
native_GAT_focal_loss_s44,44,native,GAT,focal_loss,ShapleyFeatures,173595,True,0.5733152031898499,,0,0.9987469537893476,,0.9999700723252142,,no_aplica,,no_aplica,0.8589562177658081
1:10_GAT_none_s44,44,1:10,GAT,none,GNNExplainer,139670,True,0.5093806385993958,,1,0.9182322131948096,,0.9098952531382491,,menos_de_2_aristas,,menos_de_2_aristas,1.5507818460464478
1:10_GAT_none_s44,44,1:10,GAT,none,GNNExplainer,139873,True,0.6519153118133545,,1,0.9555891520001752,,0.8614731066589076,,menos_de_2_aristas,,menos_de_2_aristas,1.3499175310134888
1:10_GAT_none_s44,44,1:10,GAT,none,GNNExplainer,140575,False,0.4683787226676941,,2,0.900592624493273,,0.8831041649347411,0.1999999999999999,,0.6,,1.2968082427978516
1:10_GAT_none_s44,44,1:10,GAT,none,GNNExplainer,141068,True,0.8012431263923645,,1,0.9629843997683656,,0.9171202926261536,,menos_de_2_aristas,,menos_de_2_aristas,1.3452476263046265
1:10_GAT_none_s44,44,1:10,GAT,none,GNNExplainer,148220,True,0.6559944748878479,,2,0.9667197664720598,,0.7572616177570871,0.1999999999999999,,0.6,,1.3911645412445068
1:10_GAT_none_s44,44,1:10,GAT,none,GNNExplainer,150129,False,0.0323214754462242,,0,0.901092685841331,,0.7569407265774377,,menos_de_2_aristas,,menos_de_2_aristas,1.2035529613494873
1:10_GAT_none_s44,44,1:10,GAT,none,GNNExplainer,150346,False,0.4721446335315704,,0,0.9387060183105732,,0.775974727741292,,menos_de_2_aristas,,menos_de_2_aristas,1.2034680843353271
1:10_GAT_none_s44,44,1:10,GAT,none,GNNExplainer,150528,True,0.6222598552703857,,2,0.9627445271821288,,0.6168442929586833,0.1999999999999999,,0.6,,1.3824321031570437
1:10_GAT_none_s44,44,1:10,GAT,none,GNNExplainer,152223,False,0.2641488015651703,,2,0.9670545634104192,,0.8900290963504862,0.1999999999999999,,0.6,,1.3222520351409912
1:10_GAT_none_s44,44,1:10,GAT,none,GNNExplainer,152280,False,0.4822618365287781,,1,0.9065506921062476,,0.8827175991354228,,menos_de_2_aristas,,menos_de_2_aristas,1.4031506776809692
1:10_GAT_none_s44,44,1:10,GAT,none,GNNExplainer,153599,True,0.6790837645530701,,2,0.9777252264926002,,0.9179898578435448,0.1999999999999999,,0.6,,1.2817950248718262
1:10_GAT_none_s44,44,1:10,GAT,none,GNNExplainer,155856,True,0.5190733075141907,,2,0.9480403689346344,,0.7624657078726412,0.1999999999999999,,0.6,,1.273509502410889
1:10_GAT_none_s44,44,1:10,GAT,none,GNNExplainer,158611,False,0.0312488563358783,,3,0.9471694631500688,,0.7919519494554825,0.1,,0.5333333333333332,,1.2735623121261597
1:10_GAT_none_s44,44,1:10,GAT,none,GNNExplainer,158949,True,0.641209602355957,,2,0.975157943278764,,0.9404505777703882,0.1999999999999999,,0.6,,1.287389874458313
1:10_GAT_none_s44,44,1:10,GAT,none,GNNExplainer,159862,False,0.0929884016513824,,0,0.9529239927656252,,0.92270180397373,,menos_de_2_aristas,,menos_de_2_aristas,1.2053924798965454
1:10_GAT_none_s44,44,1:10,GAT,none,GNNExplainer,161504,True,0.7679393887519836,,2,0.9354330855962394,,0.9495003740959348,0.1999999999999999,,0.6,,1.2884958982467651
1:10_GAT_none_s44,44,1:10,GAT,none,GNNExplainer,163852,False,0.4213298261165619,,2,0.9547438636504156,,0.9037974894006152,0.1999999999999999,,0.6,,1.312924027442932
1:10_GAT_none_s44,44,1:10,GAT,none,GNNExplainer,165001,True,0.6497372984886169,,1,0.9543847596386796,,0.9293050128855268,,menos_de_2_aristas,,menos_de_2_aristas,1.3089008331298828
1:10_GAT_none_s44,44,1:10,GAT,none,GNNExplainer,168077,True,0.6675100922584534,,1,0.8380608743064242,,0.8525962257876797,,menos_de_2_aristas,,menos_de_2_aristas,1.3003873825073242
1:10_GAT_none_s44,44,1:10,GAT,none,GNNExplainer,168167,True,0.6021617650985718,,1,0.9465411170737414,,0.8876323883947128,,menos_de_2_aristas,,menos_de_2_aristas,1.3106439113616943
1:10_GAT_none_s44,44,1:10,GAT,none,GNNExplainer,168250,False,0.4570944607257843,,1,0.9311182213024358,,0.8662158117881786,,menos_de_2_aristas,,menos_de_2_aristas,1.286603331565857
1:10_GAT_none_s44,44,1:10,GAT,none,GNNExplainer,170168,True,0.5509341955184937,,2,0.9671885672694698,,0.9106401197106992,0.1999999999999999,,0.6,,1.390000581741333
1:10_GAT_none_s44,44,1:10,GAT,none,GNNExplainer,170185,True,0.7628768682479858,,2,0.973504283074856,,0.920923601296866,0.1999999999999999,,0.6,,1.2714306116104126
1:10_GAT_none_s44,44,1:10,GAT,none,GNNExplainer,171111,False,0.305784672498703,,2,0.9638626056771736,,0.8445373680272675,0.1999999999999999,,0.6,,1.3039073944091797
1:10_GAT_none_s44,44,1:10,GAT,none,GNNExplainer,171381,True,0.8298240900039673,,2,0.9612807953145984,,0.9307989026519244,-0.1999999999999999,,0.4,,1.3493353128433228
1:10_GAT_none_s44,44,1:10,GAT,none,GNNExplainer,172466,True,0.868391752243042,,2,0.9625808716585588,,0.9349189458807882,0.1999999999999999,,0.6,,1.3050751686096191
1:10_GAT_none_s44,44,1:10,GAT,none,GNNExplainer,172476,True,0.6494691371917725,,2,0.957102397295218,,0.627121123950453,0.1999999999999999,,0.6,,1.2911657094955444
1:10_GAT_none_s44,44,1:10,GAT,none,GNNExplainer,172625,False,0.1251097619533538,,1,0.9198070212917469,,0.7705303849031507,,menos_de_2_aristas,,menos_de_2_aristas,1.364984393119812
1:10_GAT_none_s44,44,1:10,GAT,none,GNNExplainer,172800,False,0.4343042373657226,,1,0.9093615176151764,,0.830714938897664,,menos_de_2_aristas,,menos_de_2_aristas,1.4238067865371704
1:10_GAT_none_s44,44,1:10,GAT,none,GNNExplainer,173595,True,0.5588275790214539,,1,0.914081026167562,,0.8112968659073905,,menos_de_2_aristas,,menos_de_2_aristas,1.4003783464431765
1:10_GAT_none_s44,44,1:10,GAT,none,PGExplainer,139670,True,0.5093806385993958,,1,,no_aplica,,,menos_de_2_aristas,,menos_de_2_aristas,3.371789693832397
1:10_GAT_none_s44,44,1:10,GAT,none,PGExplainer,139873,True,0.6519153118133545,,1,,no_aplica,,,menos_de_2_aristas,,menos_de_2_aristas,3.371293544769287
1:10_GAT_none_s44,44,1:10,GAT,none,PGExplainer,140575,False,0.4683787226676941,,2,,no_aplica,,1.0,,1.0,,3.371283054351806
1:10_GAT_none_s44,44,1:10,GAT,none,PGExplainer,141068,True,0.8012431263923645,,1,,no_aplica,,,menos_de_2_aristas,,menos_de_2_aristas,3.370868444442749
1:10_GAT_none_s44,44,1:10,GAT,none,PGExplainer,148220,True,0.6559944748878479,,2,,no_aplica,,-0.1999999999999999,,0.4,,3.370783805847168
1:10_GAT_none_s44,44,1:10,GAT,none,PGExplainer,150129,False,0.0323214754462242,,0,,no_aplica,,,menos_de_2_aristas,,menos_de_2_aristas,3.370161294937134
1:10_GAT_none_s44,44,1:10,GAT,none,PGExplainer,150346,False,0.4721446335315704,,0,,no_aplica,,,menos_de_2_aristas,,menos_de_2_aristas,3.370349168777466
1:10_GAT_none_s44,44,1:10,GAT,none,PGExplainer,150528,True,0.6222598552703857,,2,,no_aplica,,-0.1999999999999999,,0.4,,3.3709545135498047
1:10_GAT_none_s44,44,1:10,GAT,none,PGExplainer,152223,False,0.2641488015651703,,2,,no_aplica,,1.0,,1.0,,3.3708322048187256
1:10_GAT_none_s44,44,1:10,GAT,none,PGExplainer,152280,False,0.4822618365287781,,1,,no_aplica,,,menos_de_2_aristas,,menos_de_2_aristas,3.3710155487060547
1:10_GAT_none_s44,44,1:10,GAT,none,PGExplainer,153599,True,0.6790837645530701,,2,,no_aplica,,1.0,,1.0,,3.3707642555236816
1:10_GAT_none_s44,44,1:10,GAT,none,PGExplainer,155856,True,0.5190733075141907,,2,,no_aplica,,-1.0,,0.6,,3.370849847793579
1:10_GAT_none_s44,44,1:10,GAT,none,PGExplainer,158611,False,0.0312488563358783,,3,,no_aplica,,-0.2440169358562924,,0.5999999999999999,,3.3709843158721924
1:10_GAT_none_s44,44,1:10,GAT,none,PGExplainer,158949,True,0.641209602355957,,2,,no_aplica,,1.0,,1.0,,3.370717287063598
1:10_GAT_none_s44,44,1:10,GAT,none,PGExplainer,159862,False,0.0929884016513824,,0,,no_aplica,,,menos_de_2_aristas,,menos_de_2_aristas,3.3702075481414795
1:10_GAT_none_s44,44,1:10,GAT,none,PGExplainer,161504,True,0.7679393887519836,,2,,no_aplica,,1.0,,1.0,,3.370724439620972
1:10_GAT_none_s44,44,1:10,GAT,none,PGExplainer,163852,False,0.4213298261165619,,2,,no_aplica,,-1.0,,0.6,,3.37121319770813
1:10_GAT_none_s44,44,1:10,GAT,none,PGExplainer,165001,True,0.6497372984886169,,1,,no_aplica,,,menos_de_2_aristas,,menos_de_2_aristas,3.3707833290100098
1:10_GAT_none_s44,44,1:10,GAT,none,PGExplainer,168077,True,0.6675100922584534,,1,,no_aplica,,,menos_de_2_aristas,,menos_de_2_aristas,3.370699644088745
1:10_GAT_none_s44,44,1:10,GAT,none,PGExplainer,168167,True,0.6021617650985718,,1,,no_aplica,,,menos_de_2_aristas,,menos_de_2_aristas,3.370746374130249
1:10_GAT_none_s44,44,1:10,GAT,none,PGExplainer,168250,False,0.4570944607257843,,1,,no_aplica,,,menos_de_2_aristas,,menos_de_2_aristas,3.3710062503814697
1:10_GAT_none_s44,44,1:10,GAT,none,PGExplainer,170168,True,0.5509341955184937,,2,,no_aplica,,-1.0,,0.6,,3.371253490447998
1:10_GAT_none_s44,44,1:10,GAT,none,PGExplainer,170185,True,0.7628768682479858,,2,,no_aplica,,1.0,,0.4,,3.370778799057007
1:10_GAT_none_s44,44,1:10,GAT,none,PGExplainer,171111,False,0.305784672498703,,2,,no_aplica,,-0.1999999999999999,,0.4,,3.370685577392578
1:10_GAT_none_s44,44,1:10,GAT,none,PGExplainer,171381,True,0.8298240900039673,,2,,no_aplica,,-1.0,,0.6,,3.37069058418274
1:10_GAT_none_s44,44,1:10,GAT,none,PGExplainer,172466,True,0.868391752243042,,2,,no_aplica,,1.0,,0.4,,3.370797872543335
1:10_GAT_none_s44,44,1:10,GAT,none,PGExplainer,172476,True,0.6494691371917725,,2,,no_aplica,,1.0,,0.4,,3.370915412902832
1:10_GAT_none_s44,44,1:10,GAT,none,PGExplainer,172625,False,0.1251097619533538,,1,,no_aplica,,,menos_de_2_aristas,,menos_de_2_aristas,3.370784282684326
1:10_GAT_none_s44,44,1:10,GAT,none,PGExplainer,172800,False,0.4343042373657226,,1,,no_aplica,,,menos_de_2_aristas,,menos_de_2_aristas,3.370795726776123
1:10_GAT_none_s44,44,1:10,GAT,none,PGExplainer,173595,True,0.5588275790214539,,1,,no_aplica,,,menos_de_2_aristas,,menos_de_2_aristas,3.370724439620972
1:10_GAT_none_s44,44,1:10,GAT,none,ShapleyFeatures,139670,True,0.5093806385993958,,0,0.9978525745257456,,0.9639762241250314,,no_aplica,,no_aplica,0.8711574077606201
1:10_GAT_none_s44,44,1:10,GAT,none,ShapleyFeatures,139873,True,0.6519153118133545,,0,0.999008037747236,,0.9489109651675118,,no_aplica,,no_aplica,0.8445218205451965
1:10_GAT_none_s44,44,1:10,GAT,none,ShapleyFeatures,140575,False,0.4683787226676941,,0,0.9957094592125352,,0.9807332280322554,,no_aplica,,no_aplica,0.8352195620536804
1:10_GAT_none_s44,44,1:10,GAT,none,ShapleyFeatures,141068,True,0.8012431263923645,,0,0.9997560489496552,,0.9733893091695072,,no_aplica,,no_aplica,0.8384082913398743
1:10_GAT_none_s44,44,1:10,GAT,none,ShapleyFeatures,148220,True,0.6559944748878479,,0,0.998881323504586,,0.9999301687588328,,no_aplica,,no_aplica,0.8448728322982788
1:10_GAT_none_s44,44,1:10,GAT,none,ShapleyFeatures,150129,False,0.0323214754462242,,0,,vector_constante,,,no_aplica,,no_aplica,0.6517602205276489
1:10_GAT_none_s44,44,1:10,GAT,none,ShapleyFeatures,150346,False,0.4721446335315704,,0,,vector_constante,,,no_aplica,,no_aplica,0.6683564782142639
1:10_GAT_none_s44,44,1:10,GAT,none,ShapleyFeatures,150528,True,0.6222598552703857,,0,0.9978326931284676,,0.967025521655998,,no_aplica,,no_aplica,0.8944052457809448
1:10_GAT_none_s44,44,1:10,GAT,none,ShapleyFeatures,152223,False,0.2641488015651703,,0,0.9942034949112556,,0.8759589325795993,,no_aplica,,no_aplica,0.862186074256897
1:10_GAT_none_s44,44,1:10,GAT,none,ShapleyFeatures,152280,False,0.4822618365287781,,0,0.9962598715912908,,0.9354268850278492,,no_aplica,,no_aplica,0.8642174005508423
1:10_GAT_none_s44,44,1:10,GAT,none,ShapleyFeatures,153599,True,0.6790837645530701,,0,0.99870265529092,,0.9733643694405186,,no_aplica,,no_aplica,0.8556929230690002
1:10_GAT_none_s44,44,1:10,GAT,none,ShapleyFeatures,155856,True,0.5190733075141907,,0,0.9951972138222872,,0.9302826502618672,,no_aplica,,no_aplica,0.8963502645492554
1:10_GAT_none_s44,44,1:10,GAT,none,ShapleyFeatures,158611,False,0.0312488563358783,,0,0.9924147712955907,,0.9535439354892344,,no_aplica,,no_aplica,0.8790474534034729
1:10_GAT_none_s44,44,1:10,GAT,none,ShapleyFeatures,158949,True,0.641209602355957,,0,0.9995852079765464,,0.9999043977055452,,no_aplica,,no_aplica,0.863923192024231
1:10_GAT_none_s44,44,1:10,GAT,none,ShapleyFeatures,159862,False,0.0929884016513824,,0,,vector_constante,,,no_aplica,,no_aplica,0.6692145466804504
1:10_GAT_none_s44,44,1:10,GAT,none,ShapleyFeatures,161504,True,0.7679393887519836,,0,0.9961786486435928,,0.9581012552996924,,no_aplica,,no_aplica,0.8400745391845703
1:10_GAT_none_s44,44,1:10,GAT,none,ShapleyFeatures,163852,False,0.4213298261165619,,0,0.9959300965498148,,0.9992626153462468,,no_aplica,,no_aplica,0.839724600315094
1:10_GAT_none_s44,44,1:10,GAT,none,ShapleyFeatures,165001,True,0.6497372984886169,,0,0.9988226241732628,,0.9438324050211988,,no_aplica,,no_aplica,0.8389964699745178
1:10_GAT_none_s44,44,1:10,GAT,none,ShapleyFeatures,168077,True,0.6675100922584534,,0,0.9842443523593104,,0.8239895253138251,,no_aplica,,no_aplica,0.8584313988685608
1:10_GAT_none_s44,44,1:10,GAT,none,ShapleyFeatures,168167,True,0.6021617650985718,,0,0.9995754278516508,,0.973198104580597,,no_aplica,,no_aplica,0.8607734441757202
1:10_GAT_none_s44,44,1:10,GAT,none,ShapleyFeatures,168250,False,0.4570944607257843,,0,0.9928225943393644,,0.806306426136836,,no_aplica,,no_aplica,0.8658828139305115
1:10_GAT_none_s44,44,1:10,GAT,none,ShapleyFeatures,170168,True,0.5509341955184937,,0,0.99961851033911,,0.9729886108570952,,no_aplica,,no_aplica,0.8516278266906738
1:10_GAT_none_s44,44,1:10,GAT,none,ShapleyFeatures,170185,True,0.7628768682479858,,0,0.998074917501618,,0.981919527807798,,no_aplica,,no_aplica,0.8371608853340149
1:10_GAT_none_s44,44,1:10,GAT,none,ShapleyFeatures,171111,False,0.305784672498703,,0,0.9990101484202878,,0.9541399950120544,,no_aplica,,no_aplica,0.8633676767349243
1:10_GAT_none_s44,44,1:10,GAT,none,ShapleyFeatures,171381,True,0.8298240900039673,,0,0.997090939705614,,0.9588153628730568,,no_aplica,,no_aplica,0.8602021336555481
1:10_GAT_none_s44,44,1:10,GAT,none,ShapleyFeatures,172466,True,0.868391752243042,,0,0.9992504397354393,,0.999867819436362,,no_aplica,,no_aplica,0.8620894551277161
1:10_GAT_none_s44,44,1:10,GAT,none,ShapleyFeatures,172476,True,0.6494691371917725,,0,0.9915807100545552,,0.9144176573281236,,no_aplica,,no_aplica,0.8567026853561401
1:10_GAT_none_s44,44,1:10,GAT,none,ShapleyFeatures,172625,False,0.1251097619533538,,0,0.9899761422587178,,0.6527292376756173,,no_aplica,,no_aplica,0.93559330701828
1:10_GAT_none_s44,44,1:10,GAT,none,ShapleyFeatures,172800,False,0.4343042373657226,,0,0.9978534398847296,,0.9455482583755924,,no_aplica,,no_aplica,0.9000795483589172
1:10_GAT_none_s44,44,1:10,GAT,none,ShapleyFeatures,173595,True,0.5588275790214539,,0,0.9992444292023144,,0.9999334940560316,,no_aplica,,no_aplica,0.8693004250526428
1:10_os_GAT_none_s44,44,1:10_os,GAT,none,GNNExplainer,139670,False,0.3166086673736572,,1,0.9181731832183144,,0.8422520575276415,,menos_de_2_aristas,,menos_de_2_aristas,1.5733875036239624
1:10_os_GAT_none_s44,44,1:10_os,GAT,none,GNNExplainer,139873,True,0.7123622298240662,,1,0.9266472756752612,,0.7553271261118962,,menos_de_2_aristas,,menos_de_2_aristas,1.3068429231643677
1:10_os_GAT_none_s44,44,1:10_os,GAT,none,GNNExplainer,140575,True,0.562749445438385,,2,0.9266924438036568,,0.9110150469698228,0.1999999999999999,,0.6,,1.323090434074402
1:10_os_GAT_none_s44,44,1:10_os,GAT,none,GNNExplainer,141068,True,0.6955004930496216,,1,0.953960306272264,,0.9802078310749024,,menos_de_2_aristas,,menos_de_2_aristas,1.3160792589187622
1:10_os_GAT_none_s44,44,1:10_os,GAT,none,GNNExplainer,148220,True,0.7179245352745056,,2,0.9427559077008618,,0.7158882700141325,0.1999999999999999,,0.6,,1.4077945947647097
1:10_os_GAT_none_s44,44,1:10_os,GAT,none,GNNExplainer,150129,False,0.0021555873099714,,0,0.8223314078240213,,0.3955083548092111,,menos_de_2_aristas,,menos_de_2_aristas,1.3133100271224976
1:10_os_GAT_none_s44,44,1:10_os,GAT,none,GNNExplainer,150346,True,0.5545529127120972,,0,0.9409058450407216,,0.9035572366780282,,menos_de_2_aristas,,menos_de_2_aristas,1.2453323602676392
1:10_os_GAT_none_s44,44,1:10_os,GAT,none,GNNExplainer,150528,True,0.5459580421447754,,2,0.952813952186328,,0.5017715520824675,-0.1999999999999999,,0.4,,1.3511203527450562
1:10_os_GAT_none_s44,44,1:10_os,GAT,none,GNNExplainer,152223,False,0.2712468802928924,,2,0.9657742846953612,,0.8329146229944302,0.1999999999999999,,0.6,,1.3043766021728516
1:10_os_GAT_none_s44,44,1:10_os,GAT,none,GNNExplainer,152280,False,0.2303478270769119,,1,0.9049861044305488,,0.9123642863080887,,menos_de_2_aristas,,menos_de_2_aristas,1.3783502578735352
1:10_os_GAT_none_s44,44,1:10_os,GAT,none,GNNExplainer,153599,True,0.6616425514221191,,2,0.96274295200045,,0.8828946712112395,0.1999999999999999,,0.6,,1.44981586933136
1:10_os_GAT_none_s44,44,1:10_os,GAT,none,GNNExplainer,155856,True,0.6998264789581299,,2,0.931932896671568,,0.7404256380414,0.1999999999999999,,0.6,,1.5890461206436155
1:10_os_GAT_none_s44,44,1:10_os,GAT,none,GNNExplainer,158611,False,0.1068136319518089,,3,0.9390907729419506,,0.723491562058359,0.1,,0.5333333333333332,,1.4778742790222168
1:10_os_GAT_none_s44,44,1:10_os,GAT,none,GNNExplainer,158949,True,0.5648541450500488,,2,0.9591624394742913,,0.874419319976723,0.1999999999999999,,0.6,,1.421737790107727
1:10_os_GAT_none_s44,44,1:10_os,GAT,none,GNNExplainer,159862,False,0.0044044516980648,,0,0.872341957134387,,0.3746545847535122,,menos_de_2_aristas,,menos_de_2_aristas,1.287248969078064
1:10_os_GAT_none_s44,44,1:10_os,GAT,none,GNNExplainer,161504,True,0.6335535049438477,,2,0.9273288489445118,,0.8951217890098928,-0.1999999999999999,,0.4,,1.334407091140747
1:10_os_GAT_none_s44,44,1:10_os,GAT,none,GNNExplainer,163852,False,0.307932436466217,,2,0.960475382469928,,0.909508687338931,0.1999999999999999,,0.6,,1.3123196363449097
1:10_os_GAT_none_s44,44,1:10_os,GAT,none,GNNExplainer,165001,True,0.6039248108863831,,1,0.956463092280818,,0.8404297946628981,,menos_de_2_aristas,,menos_de_2_aristas,1.425778031349182
1:10_os_GAT_none_s44,44,1:10_os,GAT,none,GNNExplainer,168077,False,0.4027064144611358,,1,0.8124926499673926,,0.6037592484828332,,menos_de_2_aristas,,menos_de_2_aristas,1.275126814842224
1:10_os_GAT_none_s44,44,1:10_os,GAT,none,GNNExplainer,168167,True,0.5662407875061035,,1,0.9167800680965836,,0.9092019286723751,,menos_de_2_aristas,,menos_de_2_aristas,1.346385836601257
1:10_os_GAT_none_s44,44,1:10_os,GAT,none,GNNExplainer,168250,True,0.5306638479232788,,1,0.9472400506487672,,0.6103849031507191,,menos_de_2_aristas,,menos_de_2_aristas,1.4443118572235107
1:10_os_GAT_none_s44,44,1:10_os,GAT,none,GNNExplainer,170168,False,0.2640697360038757,,2,0.9623195789709424,,0.8453429212735889,0.1999999999999999,,0.6,,1.321259617805481
1:10_os_GAT_none_s44,44,1:10_os,GAT,none,GNNExplainer,170185,True,0.5527939200401306,,2,0.9562661665080344,,0.912966165101006,0.1999999999999999,,0.6,,1.2844481468200684
1:10_os_GAT_none_s44,44,1:10_os,GAT,none,GNNExplainer,171111,False,0.2519597709178924,,2,0.957483623537316,,0.8261601130601048,0.1999999999999999,,0.6,,1.2482578754425049
1:10_os_GAT_none_s44,44,1:10_os,GAT,none,GNNExplainer,171381,True,0.8281888961791992,,2,0.9540935965806824,,0.8919253470778952,-0.1999999999999999,,0.4,,1.30784273147583
1:10_os_GAT_none_s44,44,1:10_os,GAT,none,GNNExplainer,172466,True,0.7793177962303162,,2,0.9462962034204324,,0.7036736220799733,0.1999999999999999,,0.6,,1.3321609497070312
1:10_os_GAT_none_s44,44,1:10_os,GAT,none,GNNExplainer,172476,True,0.5348715782165527,,2,0.962510031245088,,0.6566422811538783,0.1999999999999999,,0.6,,1.4493000507354736
1:10_os_GAT_none_s44,44,1:10_os,GAT,none,GNNExplainer,172625,False,0.143751859664917,,1,0.9281312952844524,,0.7307215894920609,,menos_de_2_aristas,,menos_de_2_aristas,1.4726383686065674
1:10_os_GAT_none_s44,44,1:10_os,GAT,none,GNNExplainer,172800,False,0.211810290813446,,1,0.9047663956639568,,0.8721348408013967,,menos_de_2_aristas,,menos_de_2_aristas,1.3941277265548706
1:10_os_GAT_none_s44,44,1:10_os,GAT,none,GNNExplainer,173595,True,0.6344124674797058,,1,0.919965003868374,,0.8116235763571371,,menos_de_2_aristas,,menos_de_2_aristas,1.2692644596099854
1:10_os_GAT_none_s44,44,1:10_os,GAT,none,PGExplainer,139670,False,0.3166086673736572,,1,,no_aplica,,,menos_de_2_aristas,,menos_de_2_aristas,3.500130176544189
1:10_os_GAT_none_s44,44,1:10_os,GAT,none,PGExplainer,139873,True,0.7123622298240662,,1,,no_aplica,,,menos_de_2_aristas,,menos_de_2_aristas,3.499683856964112
1:10_os_GAT_none_s44,44,1:10_os,GAT,none,PGExplainer,140575,True,0.562749445438385,,2,,no_aplica,,-0.1999999999999999,,0.4,,3.499455213546753
1:10_os_GAT_none_s44,44,1:10_os,GAT,none,PGExplainer,141068,True,0.6955004930496216,,1,,no_aplica,,,menos_de_2_aristas,,menos_de_2_aristas,3.499352216720581
1:10_os_GAT_none_s44,44,1:10_os,GAT,none,PGExplainer,148220,True,0.7179245352745056,,2,,no_aplica,,-0.1999999999999999,,0.4,,3.499351739883423
1:10_os_GAT_none_s44,44,1:10_os,GAT,none,PGExplainer,150129,False,0.0021555873099714,,0,,no_aplica,,,menos_de_2_aristas,,menos_de_2_aristas,3.499106168746948
1:10_os_GAT_none_s44,44,1:10_os,GAT,none,PGExplainer,150346,True,0.5545529127120972,,0,,no_aplica,,,menos_de_2_aristas,,menos_de_2_aristas,3.4989013671875
1:10_os_GAT_none_s44,44,1:10_os,GAT,none,PGExplainer,150528,True,0.5459580421447754,,2,,no_aplica,,1.0,,1.0,,3.4992752075195312
1:10_os_GAT_none_s44,44,1:10_os,GAT,none,PGExplainer,152223,False,0.2712468802928924,,2,,no_aplica,,1.0,,1.0,,3.4991345405578613
1:10_os_GAT_none_s44,44,1:10_os,GAT,none,PGExplainer,152280,False,0.2303478270769119,,1,,no_aplica,,,menos_de_2_aristas,,menos_de_2_aristas,3.4991912841796875
1:10_os_GAT_none_s44,44,1:10_os,GAT,none,PGExplainer,153599,True,0.6616425514221191,,2,,no_aplica,,-0.3333333333333333,,0.6,,3.49917984008789
1:10_os_GAT_none_s44,44,1:10_os,GAT,none,PGExplainer,155856,True,0.6998264789581299,,2,,no_aplica,,1.0,,1.0,,3.499203681945801
1:10_os_GAT_none_s44,44,1:10_os,GAT,none,PGExplainer,158611,False,0.1068136319518089,,3,,no_aplica,,-0.3333333333333333,,0.5999999999999999,,3.49932861328125
1:10_os_GAT_none_s44,44,1:10_os,GAT,none,PGExplainer,158949,True,0.5648541450500488,,2,,no_aplica,,-1.0,,0.6,,3.499084711074829
1:10_os_GAT_none_s44,44,1:10_os,GAT,none,PGExplainer,159862,False,0.0044044516980648,,0,,no_aplica,,,menos_de_2_aristas,,menos_de_2_aristas,3.498512983322144
1:10_os_GAT_none_s44,44,1:10_os,GAT,none,PGExplainer,161504,True,0.6335535049438477,,2,,no_aplica,,-0.3333333333333333,,0.4,,3.4993062019348145
1:10_os_GAT_none_s44,44,1:10_os,GAT,none,PGExplainer,163852,False,0.307932436466217,,2,,no_aplica,,1.0,,0.4,,3.499518871307373
1:10_os_GAT_none_s44,44,1:10_os,GAT,none,PGExplainer,165001,True,0.6039248108863831,,1,,no_aplica,,,menos_de_2_aristas,,menos_de_2_aristas,3.4992330074310303
1:10_os_GAT_none_s44,44,1:10_os,GAT,none,PGExplainer,168077,False,0.4027064144611358,,1,,no_aplica,,,menos_de_2_aristas,,menos_de_2_aristas,3.499094724655152
1:10_os_GAT_none_s44,44,1:10_os,GAT,none,PGExplainer,168167,True,0.5662407875061035,,1,,no_aplica,,,menos_de_2_aristas,,menos_de_2_aristas,3.499065637588501
1:10_os_GAT_none_s44,44,1:10_os,GAT,none,PGExplainer,168250,True,0.5306638479232788,,1,,no_aplica,,,menos_de_2_aristas,,menos_de_2_aristas,3.499719858169556
1:10_os_GAT_none_s44,44,1:10_os,GAT,none,PGExplainer,170168,False,0.2640697360038757,,2,,no_aplica,,1.0,,1.0,,3.50200629234314
1:10_os_GAT_none_s44,44,1:10_os,GAT,none,PGExplainer,170185,True,0.5527939200401306,,2,,no_aplica,,-0.1999999999999999,,0.4,,3.499351978302002
1:10_os_GAT_none_s44,44,1:10_os,GAT,none,PGExplainer,171111,False,0.2519597709178924,,2,,no_aplica,,1.0,,0.4,,3.499232769012451
1:10_os_GAT_none_s44,44,1:10_os,GAT,none,PGExplainer,171381,True,0.8281888961791992,,2,,no_aplica,,-0.1999999999999999,,0.4,,3.4992148876190186
1:10_os_GAT_none_s44,44,1:10_os,GAT,none,PGExplainer,172466,True,0.7793177962303162,,2,,no_aplica,,1.0,,1.0,,3.500312566757202
1:10_os_GAT_none_s44,44,1:10_os,GAT,none,PGExplainer,172476,True,0.5348715782165527,,2,,no_aplica,,1.0,,1.0,,3.4996416568756104
1:10_os_GAT_none_s44,44,1:10_os,GAT,none,PGExplainer,172625,False,0.143751859664917,,1,,no_aplica,,,menos_de_2_aristas,,menos_de_2_aristas,3.499210357666016
1:10_os_GAT_none_s44,44,1:10_os,GAT,none,PGExplainer,172800,False,0.211810290813446,,1,,no_aplica,,,menos_de_2_aristas,,menos_de_2_aristas,3.4992496967315674
1:10_os_GAT_none_s44,44,1:10_os,GAT,none,PGExplainer,173595,True,0.6344124674797058,,1,,no_aplica,,,menos_de_2_aristas,,menos_de_2_aristas,3.49915075302124
1:10_os_GAT_none_s44,44,1:10_os,GAT,none,ShapleyFeatures,139670,False,0.3166086673736572,,0,0.9982471544715448,,0.9493316152631142,,no_aplica,,no_aplica,0.9179255962371826
1:10_os_GAT_none_s44,44,1:10_os,GAT,none,ShapleyFeatures,139873,True,0.7123622298240662,,0,0.9968671988588046,,0.9308113725164188,,no_aplica,,no_aplica,0.9183204770088196
1:10_os_GAT_none_s44,44,1:10_os,GAT,none,ShapleyFeatures,140575,True,0.562749445438385,,0,0.9923348776552108,,0.944727741291878,,no_aplica,,no_aplica,0.920982837677002
1:10_os_GAT_none_s44,44,1:10_os,GAT,none,ShapleyFeatures,141068,True,0.6955004930496216,,0,0.99989699844541,,0.9999767229196108,,no_aplica,,no_aplica,0.8993350267410278
1:10_os_GAT_none_s44,44,1:10_os,GAT,none,ShapleyFeatures,148220,True,0.7179245352745056,,0,0.9995048112092734,,0.9822229611771552,,no_aplica,,no_aplica,0.8791176676750183
1:10_os_GAT_none_s44,44,1:10_os,GAT,none,ShapleyFeatures,150129,False,0.0021555873099714,,0,,vector_constante,,,no_aplica,,no_aplica,0.6935304999351501
1:10_os_GAT_none_s44,44,1:10_os,GAT,none,ShapleyFeatures,150346,True,0.5545529127120972,,0,,vector_constante,,,no_aplica,,no_aplica,0.685327410697937
1:10_os_GAT_none_s44,44,1:10_os,GAT,none,ShapleyFeatures,150528,True,0.5459580421447754,,0,0.994534642196614,,0.9207930833818272,,no_aplica,,no_aplica,0.956272542476654
1:10_os_GAT_none_s44,44,1:10_os,GAT,none,ShapleyFeatures,152223,False,0.2712468802928924,,0,0.9933857295695828,,0.9137625737800316,,no_aplica,,no_aplica,0.9337610006332396
1:10_os_GAT_none_s44,44,1:10_os,GAT,none,ShapleyFeatures,152280,False,0.2303478270769119,,0,0.9942622482827655,,0.939478759664145,,no_aplica,,no_aplica,0.9294133186340332
1:10_os_GAT_none_s44,44,1:10_os,GAT,none,ShapleyFeatures,153599,True,0.6616425514221191,,0,0.9983014492774132,,0.9999517831906226,,no_aplica,,no_aplica,0.8897954225540161
1:10_os_GAT_none_s44,44,1:10_os,GAT,none,ShapleyFeatures,155856,True,0.6998264789581299,,0,0.9895229446388948,,0.951582841466456,,no_aplica,,no_aplica,0.9020575284957886
1:10_os_GAT_none_s44,44,1:10_os,GAT,none,ShapleyFeatures,158611,False,0.1068136319518089,,0,0.990270819775532,,0.9995826752015962,,no_aplica,,no_aplica,0.9086918830871582
1:10_os_GAT_none_s44,44,1:10_os,GAT,none,ShapleyFeatures,158949,True,0.5648541450500488,,0,0.9992592377579748,,0.9589242663563056,,no_aplica,,no_aplica,0.9042981863021852
1:10_os_GAT_none_s44,44,1:10_os,GAT,none,ShapleyFeatures,159862,False,0.0044044516980648,,0,,vector_constante,,,no_aplica,,no_aplica,0.7153133153915405
1:10_os_GAT_none_s44,44,1:10_os,GAT,none,ShapleyFeatures,161504,True,0.6335535049438477,,0,0.9950399131984812,,0.9491412419985036,,no_aplica,,no_aplica,0.938872754573822
1:10_os_GAT_none_s44,44,1:10_os,GAT,none,ShapleyFeatures,163852,False,0.307932436466217,,0,0.9958833096861266,,0.9158691495552416,,no_aplica,,no_aplica,0.8609474897384644
1:10_os_GAT_none_s44,44,1:10_os,GAT,none,ShapleyFeatures,165001,True,0.6039248108863831,,0,0.9982189432472036,,0.9487604954692824,,no_aplica,,no_aplica,0.8674632906913757
1:10_os_GAT_none_s44,44,1:10_os,GAT,none,ShapleyFeatures,168077,False,0.4027064144611358,,0,0.9673166688945328,,0.8838590073987863,,no_aplica,,no_aplica,0.8510199785232544
1:10_os_GAT_none_s44,44,1:10_os,GAT,none,ShapleyFeatures,168167,True,0.5662407875061035,,0,0.9993407142121644,,0.999953445839222,,no_aplica,,no_aplica,0.870233416557312
1:10_os_GAT_none_s44,44,1:10_os,GAT,none,ShapleyFeatures,168250,True,0.5306638479232788,,0,0.9910144117792056,,0.8146986449413918,,no_aplica,,no_aplica,0.8626494407653809
1:10_os_GAT_none_s44,44,1:10_os,GAT,none,ShapleyFeatures,170168,False,0.2640697360038757,,0,0.996301773320225,,0.9169482084961345,,no_aplica,,no_aplica,0.8742685317993164
1:10_os_GAT_none_s44,44,1:10_os,GAT,none,ShapleyFeatures,170185,True,0.5527939200401306,,0,0.9980926886864432,,0.9998761326793584,,no_aplica,,no_aplica,0.8682633638381958
1:10_os_GAT_none_s44,44,1:10_os,GAT,none,ShapleyFeatures,171111,False,0.2519597709178924,,0,0.9966354812672168,,0.9165358716435282,,no_aplica,,no_aplica,0.9056942462921144
1:10_os_GAT_none_s44,44,1:10_os,GAT,none,ShapleyFeatures,171381,True,0.8281888961791992,,0,0.9955611370926788,,0.9334375259788844,,no_aplica,,no_aplica,0.8263289928436279
1:10_os_GAT_none_s44,44,1:10_os,GAT,none,ShapleyFeatures,172466,True,0.7793177962303162,,0,0.997527325660943,,0.9730152132346828,,no_aplica,,no_aplica,0.8181810975074768
1:10_os_GAT_none_s44,44,1:10_os,GAT,none,ShapleyFeatures,172476,True,0.5348715782165527,,0,0.9933279836835682,,0.83831906226619,,no_aplica,,no_aplica,0.8321226835250854
1:10_os_GAT_none_s44,44,1:10_os,GAT,none,ShapleyFeatures,172625,False,0.143751859664917,,0,0.9901595139678752,,0.7945988860254386,,no_aplica,,no_aplica,0.8379437327384949
1:10_os_GAT_none_s44,44,1:10_os,GAT,none,ShapleyFeatures,172800,False,0.211810290813446,,0,0.9992169711775832,,0.9616668052207166,,no_aplica,,no_aplica,0.8104543089866638
1:10_os_GAT_none_s44,44,1:10_os,GAT,none,ShapleyFeatures,173595,True,0.6344124674797058,,0,0.9998655289896584,,0.9642630310083964,,no_aplica,,no_aplica,0.8050354719161987
native_TAGCN_focal_loss_s44,44,native,TAGCN,focal_loss,GNNExplainer,139670,False,0.3811039924621582,,0,0.9060938113306294,,0.6805519993349405,,menos_de_2_aristas,,menos_de_2_aristas,1.6710975170135498
native_TAGCN_focal_loss_s44,44,native,TAGCN,focal_loss,GNNExplainer,139873,False,0.4823537170886993,,0,0.8709312241536125,,0.3849014880704963,,menos_de_2_aristas,,menos_de_2_aristas,1.463440179824829
native_TAGCN_focal_loss_s44,44,native,TAGCN,focal_loss,GNNExplainer,140575,False,0.4999769926071167,,1,0.9087472316614628,,0.6617391304347826,,menos_de_2_aristas,,menos_de_2_aristas,1.52098548412323
native_TAGCN_focal_loss_s44,44,native,TAGCN,focal_loss,GNNExplainer,141068,True,0.5914850831031799,,0,0.8808728555491905,,0.436831823094189,,menos_de_2_aristas,,menos_de_2_aristas,1.4489681720733645
native_TAGCN_focal_loss_s44,44,native,TAGCN,focal_loss,GNNExplainer,148220,True,0.5797737836837769,,1,0.919314708023067,,0.6019552747526811,,menos_de_2_aristas,,menos_de_2_aristas,1.50876784324646
native_TAGCN_focal_loss_s44,44,native,TAGCN,focal_loss,GNNExplainer,150129,False,0.1750061810016632,,0,0.8504241195175408,,0.5891221215396125,,menos_de_2_aristas,,menos_de_2_aristas,1.2666352987289429
native_TAGCN_focal_loss_s44,44,native,TAGCN,focal_loss,GNNExplainer,150346,True,0.523106038570404,,0,0.8848675125118192,,0.3611621913708538,,menos_de_2_aristas,,menos_de_2_aristas,1.262297749519348
native_TAGCN_focal_loss_s44,44,native,TAGCN,focal_loss,GNNExplainer,150528,False,0.4497401714324951,,2,0.8596080846537149,,0.5233144899825422,0.1999999999999999,,0.6,,1.495003581047058
native_TAGCN_focal_loss_s44,44,native,TAGCN,focal_loss,GNNExplainer,152223,False,0.4668441116809845,,1,0.9464068857589985,,0.8720068168592569,,menos_de_2_aristas,,menos_de_2_aristas,1.5100839138031006
native_TAGCN_focal_loss_s44,44,native,TAGCN,focal_loss,GNNExplainer,152280,False,0.4326722025871277,,0,0.8875140264392829,,0.5472607864327875,,menos_de_2_aristas,,menos_de_2_aristas,1.4513415098190308
native_TAGCN_focal_loss_s44,44,native,TAGCN,focal_loss,GNNExplainer,153599,False,0.1989667862653732,,9,0.9744059562857554,,0.8870704131681769,0.0216666666666666,,0.7777777777777778,,1.5140172243118286
native_TAGCN_focal_loss_s44,44,native,TAGCN,focal_loss,GNNExplainer,155856,False,0.4438396990299225,,1,0.8249127315558409,,0.6062207997339762,,menos_de_2_aristas,,menos_de_2_aristas,1.4898508787155151
native_TAGCN_focal_loss_s44,44,native,TAGCN,focal_loss,GNNExplainer,158611,False,0.3301016092300415,,1,0.7856585261239042,,0.7410183722670214,,menos_de_2_aristas,,menos_de_2_aristas,1.5107808113098145
native_TAGCN_focal_loss_s44,44,native,TAGCN,focal_loss,GNNExplainer,158949,True,0.5755317807197571,,1,0.9151464145722852,,0.4747227533460803,,menos_de_2_aristas,,menos_de_2_aristas,1.4906011819839478
native_TAGCN_focal_loss_s44,44,native,TAGCN,focal_loss,GNNExplainer,159862,False,0.1508130580186844,,0,0.8860188685162811,,0.5289500374095935,,menos_de_2_aristas,,menos_de_2_aristas,1.299502968788147
native_TAGCN_focal_loss_s44,44,native,TAGCN,focal_loss,GNNExplainer,161504,False,0.4306486546993255,,2,0.913664558095284,,0.8339238506941558,0.1999999999999999,,0.6,,1.7247028350830078
native_TAGCN_focal_loss_s44,44,native,TAGCN,focal_loss,GNNExplainer,163852,False,0.3682866990566253,,3,0.9406901289440605,,0.7071377504364452,-0.05,,0.5999999999999999,,1.5836373567581177
native_TAGCN_focal_loss_s44,44,native,TAGCN,focal_loss,GNNExplainer,165001,False,0.4901142120361328,,0,0.9076162977412487,,0.7530808878543521,,menos_de_2_aristas,,menos_de_2_aristas,1.534676194190979
native_TAGCN_focal_loss_s44,44,native,TAGCN,focal_loss,GNNExplainer,168077,False,0.3841978311538696,,0,0.8721278454344585,,0.5331349239338266,,menos_de_2_aristas,,menos_de_2_aristas,1.6178617477416992
native_TAGCN_focal_loss_s44,44,native,TAGCN,focal_loss,GNNExplainer,168167,True,0.552827000617981,,0,0.8845179550681056,,0.5528539363205587,,menos_de_2_aristas,,menos_de_2_aristas,1.544584035873413
native_TAGCN_focal_loss_s44,44,native,TAGCN,focal_loss,GNNExplainer,168250,False,0.4773269593715668,,0,0.9104768192048012,,0.7380455565716185,,menos_de_2_aristas,,menos_de_2_aristas,1.648661732673645
native_TAGCN_focal_loss_s44,44,native,TAGCN,focal_loss,GNNExplainer,170168,False,0.3437106609344482,,4,0.9677786742114456,,0.8109551916202511,0.2799999999999999,,0.65,,1.6233347654342651
native_TAGCN_focal_loss_s44,44,native,TAGCN,focal_loss,GNNExplainer,170185,False,0.4816720187664032,,1,0.929893014653578,,0.8356305594812536,,menos_de_2_aristas,,menos_de_2_aristas,1.6908639669418335
native_TAGCN_focal_loss_s44,44,native,TAGCN,focal_loss,GNNExplainer,171111,False,0.4759718477725982,,58,0.9879090480445706,,0.8776473522321059,0.1321849334030576,,0.2671554252199414,,1.6642895936965942
native_TAGCN_focal_loss_s44,44,native,TAGCN,focal_loss,GNNExplainer,171381,True,0.5328063368797302,,1,0.9345189422570376,,0.6932405021198769,,menos_de_2_aristas,,menos_de_2_aristas,1.5982052087783811
native_TAGCN_focal_loss_s44,44,native,TAGCN,focal_loss,GNNExplainer,172466,False,0.3505260050296783,,6,0.9463280511537392,,0.8647252473189792,-0.0742857142857142,,0.7,,1.675684094429016
native_TAGCN_focal_loss_s44,44,native,TAGCN,focal_loss,GNNExplainer,172476,False,0.2840960025787353,,1,0.893735494352468,,0.6200507107822762,,menos_de_2_aristas,,menos_de_2_aristas,1.8084843158721924
native_TAGCN_focal_loss_s44,44,native,TAGCN,focal_loss,GNNExplainer,172625,False,0.308809369802475,,0,0.8944681108922892,,0.4968825338764652,,menos_de_2_aristas,,menos_de_2_aristas,1.6807947158813477
native_TAGCN_focal_loss_s44,44,native,TAGCN,focal_loss,GNNExplainer,172800,False,0.275956243276596,,0,0.8754314140895584,,0.7022769972566298,,menos_de_2_aristas,,menos_de_2_aristas,1.6278148889541626
native_TAGCN_focal_loss_s44,44,native,TAGCN,focal_loss,GNNExplainer,173595,False,0.4829322695732116,,0,0.912396537368988,,0.6582392551334275,,menos_de_2_aristas,,menos_de_2_aristas,1.828822135925293
native_TAGCN_focal_loss_s44,44,native,TAGCN,focal_loss,PGExplainer,139670,False,0.3811039924621582,,1,,no_aplica,,,menos_de_2_aristas,,menos_de_2_aristas,4.272387027740479
native_TAGCN_focal_loss_s44,44,native,TAGCN,focal_loss,PGExplainer,139873,False,0.4823537170886993,,1,,no_aplica,,,menos_de_2_aristas,,menos_de_2_aristas,4.27093505859375
native_TAGCN_focal_loss_s44,44,native,TAGCN,focal_loss,PGExplainer,140575,False,0.4999769926071167,,2,,no_aplica,,-0.1999999999999999,,0.4,,4.271864414215088
native_TAGCN_focal_loss_s44,44,native,TAGCN,focal_loss,PGExplainer,141068,True,0.5914850831031799,,1,,no_aplica,,,menos_de_2_aristas,,menos_de_2_aristas,4.27049446105957
native_TAGCN_focal_loss_s44,44,native,TAGCN,focal_loss,PGExplainer,148220,True,0.5797737836837769,,2,,no_aplica,,-0.1999999999999999,,0.4,,4.2706298828125
native_TAGCN_focal_loss_s44,44,native,TAGCN,focal_loss,PGExplainer,150129,False,0.1750061810016632,,0,,no_aplica,,,menos_de_2_aristas,,menos_de_2_aristas,4.268908500671387
native_TAGCN_focal_loss_s44,44,native,TAGCN,focal_loss,PGExplainer,150346,True,0.523106038570404,,0,,no_aplica,,,menos_de_2_aristas,,menos_de_2_aristas,4.268945693969727
native_TAGCN_focal_loss_s44,44,native,TAGCN,focal_loss,PGExplainer,150528,False,0.4497401714324951,,3,,no_aplica,,1.0,,1.0,,4.270499229431152
native_TAGCN_focal_loss_s44,44,native,TAGCN,focal_loss,PGExplainer,152223,False,0.4668441116809845,,2,,no_aplica,,1.0,,1.0,,4.2704176902771
native_TAGCN_focal_loss_s44,44,native,TAGCN,focal_loss,PGExplainer,152280,False,0.4326722025871277,,1,,no_aplica,,,menos_de_2_aristas,,menos_de_2_aristas,4.271785259246826
native_TAGCN_focal_loss_s44,44,native,TAGCN,focal_loss,PGExplainer,153599,False,0.1989667862653732,,3,,no_aplica,,0.6666666666666666,,0.5999999999999999,,4.270849227905273
native_TAGCN_focal_loss_s44,44,native,TAGCN,focal_loss,PGExplainer,155856,False,0.4438396990299225,,2,,no_aplica,,1.0,,1.0,,4.270362377166748
native_TAGCN_focal_loss_s44,44,native,TAGCN,focal_loss,PGExplainer,158611,False,0.3301016092300415,,3,,no_aplica,,1.0,,0.5999999999999999,,4.270298480987549
native_TAGCN_focal_loss_s44,44,native,TAGCN,focal_loss,PGExplainer,158949,True,0.5755317807197571,,2,,no_aplica,,1.0,,0.4,,4.270228862762451
native_TAGCN_focal_loss_s44,44,native,TAGCN,focal_loss,PGExplainer,159862,False,0.1508130580186844,,0,,no_aplica,,,menos_de_2_aristas,,menos_de_2_aristas,4.268984794616699
native_TAGCN_focal_loss_s44,44,native,TAGCN,focal_loss,PGExplainer,161504,False,0.4306486546993255,,3,,no_aplica,,-0.1196152422706632,,0.5999999999999999,,4.270298004150391
native_TAGCN_focal_loss_s44,44,native,TAGCN,focal_loss,PGExplainer,163852,False,0.3682866990566253,,3,,no_aplica,,1.0,,0.5999999999999999,,4.273345470428467
native_TAGCN_focal_loss_s44,44,native,TAGCN,focal_loss,PGExplainer,165001,False,0.4901142120361328,,1,,no_aplica,,,menos_de_2_aristas,,menos_de_2_aristas,4.270857810974121
native_TAGCN_focal_loss_s44,44,native,TAGCN,focal_loss,PGExplainer,168077,False,0.3841978311538696,,1,,no_aplica,,,menos_de_2_aristas,,menos_de_2_aristas,4.27034330368042
native_TAGCN_focal_loss_s44,44,native,TAGCN,focal_loss,PGExplainer,168167,True,0.552827000617981,,1,,no_aplica,,,menos_de_2_aristas,,menos_de_2_aristas,4.270258903503418
native_TAGCN_focal_loss_s44,44,native,TAGCN,focal_loss,PGExplainer,168250,False,0.4773269593715668,,1,,no_aplica,,,menos_de_2_aristas,,menos_de_2_aristas,4.270431995391846
native_TAGCN_focal_loss_s44,44,native,TAGCN,focal_loss,PGExplainer,170168,False,0.3437106609344482,,3,,no_aplica,,1.0,,1.0,,4.271551609039307
native_TAGCN_focal_loss_s44,44,native,TAGCN,focal_loss,PGExplainer,170185,False,0.4816720187664032,,2,,no_aplica,,-0.1999999999999999,,0.4,,4.270821571350098
native_TAGCN_focal_loss_s44,44,native,TAGCN,focal_loss,PGExplainer,171111,False,0.4759718477725982,,3,,no_aplica,,-0.0098076211353316,,0.5333333333333332,,4.271167278289795
native_TAGCN_focal_loss_s44,44,native,TAGCN,focal_loss,PGExplainer,171381,True,0.5328063368797302,,2,,no_aplica,,-0.1999999999999999,,0.4,,4.2720489501953125
native_TAGCN_focal_loss_s44,44,native,TAGCN,focal_loss,PGExplainer,172466,False,0.3505260050296783,,3,,no_aplica,,-0.1196152422706632,,0.5999999999999999,,4.2705979347229
native_TAGCN_focal_loss_s44,44,native,TAGCN,focal_loss,PGExplainer,172476,False,0.2840960025787353,,2,,no_aplica,,1.0,,1.0,,4.270520687103272
native_TAGCN_focal_loss_s44,44,native,TAGCN,focal_loss,PGExplainer,172625,False,0.308809369802475,,1,,no_aplica,,,menos_de_2_aristas,,menos_de_2_aristas,4.2703728675842285
native_TAGCN_focal_loss_s44,44,native,TAGCN,focal_loss,PGExplainer,172800,False,0.275956243276596,,1,,no_aplica,,,menos_de_2_aristas,,menos_de_2_aristas,4.270298004150391
native_TAGCN_focal_loss_s44,44,native,TAGCN,focal_loss,PGExplainer,173595,False,0.4829322695732116,,1,,no_aplica,,,menos_de_2_aristas,,menos_de_2_aristas,4.270219802856445
native_TAGCN_focal_loss_s44,44,native,TAGCN,focal_loss,ShapleyFeatures,139670,False,0.3811039924621582,,0,0.9959796747967482,,0.9593632055864992,,no_aplica,,no_aplica,0.9243038892745972
native_TAGCN_focal_loss_s44,44,native,TAGCN,focal_loss,ShapleyFeatures,139873,False,0.4823537170886993,,0,0.9967105588017448,,0.922704297946629,,no_aplica,,no_aplica,0.9160205721855164
native_TAGCN_focal_loss_s44,44,native,TAGCN,focal_loss,ShapleyFeatures,140575,False,0.4999769926071167,,0,0.9976811926687617,,0.9998636628148642,,no_aplica,,no_aplica,0.9239923357963562
native_TAGCN_focal_loss_s44,44,native,TAGCN,focal_loss,ShapleyFeatures,141068,True,0.5914850831031799,,0,0.998854865069558,,0.9644733560561978,,no_aplica,,no_aplica,0.9122486114501952
native_TAGCN_focal_loss_s44,44,native,TAGCN,focal_loss,ShapleyFeatures,148220,True,0.5797737836837769,,0,0.9968597715378984,,0.9729802976140992,,no_aplica,,no_aplica,0.9109434485435486
native_TAGCN_focal_loss_s44,44,native,TAGCN,focal_loss,ShapleyFeatures,150129,False,0.1750061810016632,,0,,vector_constante,,,no_aplica,,no_aplica,0.6867837309837341
native_TAGCN_focal_loss_s44,44,native,TAGCN,focal_loss,ShapleyFeatures,150346,True,0.523106038570404,,0,,vector_constante,,,no_aplica,,no_aplica,0.6892696022987366
native_TAGCN_focal_loss_s44,44,native,TAGCN,focal_loss,ShapleyFeatures,150528,False,0.4497401714324951,,0,0.9962188077962726,,0.982016792750852,,no_aplica,,no_aplica,0.9359282851219176
native_TAGCN_focal_loss_s44,44,native,TAGCN,focal_loss,ShapleyFeatures,152223,False,0.4668441116809845,,0,0.9979156722354814,,0.945135921522986,,no_aplica,,no_aplica,0.9138920307159424
native_TAGCN_focal_loss_s44,44,native,TAGCN,focal_loss,ShapleyFeatures,152280,False,0.4326722025871277,,0,0.9890050211333364,,0.9302011804805056,,no_aplica,,no_aplica,0.909273624420166
native_TAGCN_focal_loss_s44,44,native,TAGCN,focal_loss,ShapleyFeatures,153599,False,0.1989667862653732,,0,0.9974698668033664,,0.9999501205420234,,no_aplica,,no_aplica,0.9178665280342102
native_TAGCN_focal_loss_s44,44,native,TAGCN,focal_loss,ShapleyFeatures,155856,False,0.4438396990299225,,0,0.9932909432200002,,0.9822404189874469,,no_aplica,,no_aplica,0.9130125045776368
native_TAGCN_focal_loss_s44,44,native,TAGCN,focal_loss,ShapleyFeatures,158611,False,0.3301016092300415,,0,0.9936310588197528,,0.9309094687837725,,no_aplica,,no_aplica,0.9096888899803162
native_TAGCN_focal_loss_s44,44,native,TAGCN,focal_loss,ShapleyFeatures,158949,True,0.5755317807197571,,0,0.9986543206292996,,0.9816676365450162,,no_aplica,,no_aplica,0.9102346301078796
native_TAGCN_focal_loss_s44,44,native,TAGCN,focal_loss,ShapleyFeatures,159862,False,0.1508130580186844,,0,,vector_constante,,,no_aplica,,no_aplica,0.6918998956680298
native_TAGCN_focal_loss_s44,44,native,TAGCN,focal_loss,ShapleyFeatures,161504,False,0.4306486546993255,,0,0.9973902585540998,,0.9999684096766148,,no_aplica,,no_aplica,0.9186741709709167
native_TAGCN_focal_loss_s44,44,native,TAGCN,focal_loss,ShapleyFeatures,163852,False,0.3682866990566253,,0,0.9954291455626514,,0.9596799401446504,,no_aplica,,no_aplica,0.9348244071006776
native_TAGCN_focal_loss_s44,44,native,TAGCN,focal_loss,ShapleyFeatures,165001,False,0.4901142120361328,,0,0.9986967394440704,,0.9502028431291046,,no_aplica,,no_aplica,0.9180922508239746
native_TAGCN_focal_loss_s44,44,native,TAGCN,focal_loss,ShapleyFeatures,168077,False,0.3841978311538696,,0,0.9883114556877424,,0.9535480921107324,,no_aplica,,no_aplica,0.9154167175292968
native_TAGCN_focal_loss_s44,44,native,TAGCN,focal_loss,ShapleyFeatures,168167,True,0.552827000617981,,0,0.999184144416594,,0.954450910300108,,no_aplica,,no_aplica,0.9199120998382568
native_TAGCN_focal_loss_s44,44,native,TAGCN,focal_loss,ShapleyFeatures,168250,False,0.4773269593715668,,0,0.9945651307554596,,0.894883198935905,,no_aplica,,no_aplica,0.9153477549552916
native_TAGCN_focal_loss_s44,44,native,TAGCN,focal_loss,ShapleyFeatures,170168,False,0.3437106609344482,,0,0.998648280316844,,0.9999767229196108,,no_aplica,,no_aplica,0.9256177544593812
native_TAGCN_focal_loss_s44,44,native,TAGCN,focal_loss,ShapleyFeatures,170185,False,0.4816720187664032,,0,0.995646935060122,,0.9726095269764736,,no_aplica,,no_aplica,0.908025324344635
native_TAGCN_focal_loss_s44,44,native,TAGCN,focal_loss,ShapleyFeatures,171111,False,0.4759718477725982,,0,0.9935658376298988,,0.9635455981378336,,no_aplica,,no_aplica,2.16723895072937
native_TAGCN_focal_loss_s44,44,native,TAGCN,focal_loss,ShapleyFeatures,171381,True,0.5328063368797302,,0,0.999075027712686,,0.9733926344667057,,no_aplica,,no_aplica,0.931743621826172
native_TAGCN_focal_loss_s44,44,native,TAGCN,focal_loss,ShapleyFeatures,172466,False,0.3505260050296783,,0,0.9990374767880252,,0.9820758167761244,,no_aplica,,no_aplica,0.9197442531585692
native_TAGCN_focal_loss_s44,44,native,TAGCN,focal_loss,ShapleyFeatures,172476,False,0.2840960025787353,,0,0.995326298154335,,0.9499268434616344,,no_aplica,,no_aplica,0.9079189896583556
native_TAGCN_focal_loss_s44,44,native,TAGCN,focal_loss,ShapleyFeatures,172625,False,0.308809369802475,,0,0.9943945404610648,,0.949417241665974,,no_aplica,,no_aplica,0.937896192073822
native_TAGCN_focal_loss_s44,44,native,TAGCN,focal_loss,ShapleyFeatures,172800,False,0.275956243276596,,0,0.9968009223079658,,0.9544517416244076,,no_aplica,,no_aplica,0.9114667177200316
native_TAGCN_focal_loss_s44,44,native,TAGCN,focal_loss,ShapleyFeatures,173595,False,0.4829322695732116,,0,0.9997518617903336,,0.9999517831906228,,no_aplica,,no_aplica,0.9118325710296632
1:10_TAGCN_focal_loss_s44,44,1:10,TAGCN,focal_loss,GNNExplainer,139670,True,0.5339022874832153,,0,0.880567185660081,,0.4735406101920358,,menos_de_2_aristas,,menos_de_2_aristas,2.056215047836304
1:10_TAGCN_focal_loss_s44,44,1:10,TAGCN,focal_loss,GNNExplainer,139873,True,0.6151686906814575,,0,0.8685727342920424,,0.4222528888519411,,menos_de_2_aristas,,menos_de_2_aristas,1.832578182220459
1:10_TAGCN_focal_loss_s44,44,1:10,TAGCN,focal_loss,GNNExplainer,140575,True,0.644314706325531,,1,0.9019785541732614,,0.6705819270097265,,menos_de_2_aristas,,menos_de_2_aristas,1.9543818235397337
1:10_TAGCN_focal_loss_s44,44,1:10,TAGCN,focal_loss,GNNExplainer,141068,True,0.6518053412437439,,0,0.8874414327494197,,0.5096674702801562,,menos_de_2_aristas,,menos_de_2_aristas,1.931209683418274
1:10_TAGCN_focal_loss_s44,44,1:10,TAGCN,focal_loss,GNNExplainer,148220,True,0.6422735452651978,,1,0.9009154022731092,,0.6899077230027434,,menos_de_2_aristas,,menos_de_2_aristas,1.8443293571472168
1:10_TAGCN_focal_loss_s44,44,1:10,TAGCN,focal_loss,GNNExplainer,150129,False,0.4059910476207733,,0,0.8439938184544413,,0.3856604871560395,,menos_de_2_aristas,,menos_de_2_aristas,1.5463420152664185
1:10_TAGCN_focal_loss_s44,44,1:10,TAGCN,focal_loss,GNNExplainer,150346,True,0.6004719138145447,,0,0.8710793128282118,,0.3075243162357636,,menos_de_2_aristas,,menos_de_2_aristas,1.534774661064148
1:10_TAGCN_focal_loss_s44,44,1:10,TAGCN,focal_loss,GNNExplainer,150528,True,0.565682590007782,,2,0.9263451094563576,,0.5657652340177902,0.1999999999999999,,0.6,,1.936928391456604
1:10_TAGCN_focal_loss_s44,44,1:10,TAGCN,focal_loss,GNNExplainer,152223,True,0.5397262573242188,,1,0.9077848911651728,,0.5653537284894836,,menos_de_2_aristas,,menos_de_2_aristas,2.0021276473999023
1:10_TAGCN_focal_loss_s44,44,1:10,TAGCN,focal_loss,GNNExplainer,152280,True,0.5450612306594849,,0,0.8824115113025714,,0.5740751517166847,,menos_de_2_aristas,,menos_de_2_aristas,1.8780908584594729
1:10_TAGCN_focal_loss_s44,44,1:10,TAGCN,focal_loss,GNNExplainer,153599,False,0.3689407110214233,,11,0.9720234978377468,,0.8101072408346497,-0.06,,0.8181818181818181,,1.9295799732208248
1:10_TAGCN_focal_loss_s44,44,1:10,TAGCN,focal_loss,GNNExplainer,155856,True,0.6502346396446228,,1,0.8395928364921297,,0.7283997007232521,,menos_de_2_aristas,,menos_de_2_aristas,1.844512820243836
1:10_TAGCN_focal_loss_s44,44,1:10,TAGCN,focal_loss,GNNExplainer,158611,False,0.3996502757072449,,1,0.7267123287671232,,0.7124615512511431,,menos_de_2_aristas,,menos_de_2_aristas,1.9494102001190183
1:10_TAGCN_focal_loss_s44,44,1:10,TAGCN,focal_loss,GNNExplainer,158949,True,0.5764642953872681,,1,0.9075573311841832,,0.5440244409344085,,menos_de_2_aristas,,menos_de_2_aristas,1.9059654474258425
1:10_TAGCN_focal_loss_s44,44,1:10,TAGCN,focal_loss,GNNExplainer,159862,False,0.4117482900619507,,0,0.8468107667332255,,0.2437193449164519,,menos_de_2_aristas,,menos_de_2_aristas,1.6312768459320068
1:10_TAGCN_focal_loss_s44,44,1:10,TAGCN,focal_loss,GNNExplainer,161504,True,0.7006686925888062,,2,0.8852172844059254,,0.6776357136919112,-0.1999999999999999,,0.4,,1.9211854934692385
1:10_TAGCN_focal_loss_s44,44,1:10,TAGCN,focal_loss,GNNExplainer,163852,True,0.5048192143440247,,3,0.9543113480390476,,0.8298462050045725,0.2,,0.5999999999999999,,1.8554127216339111
1:10_TAGCN_focal_loss_s44,44,1:10,TAGCN,focal_loss,GNNExplainer,165001,True,0.5970034003257751,,0,0.8772284205392932,,0.5188344833319478,,menos_de_2_aristas,,menos_de_2_aristas,1.8659881353378296
1:10_TAGCN_focal_loss_s44,44,1:10,TAGCN,focal_loss,GNNExplainer,168077,True,0.5437974333763123,,0,0.8527046767527728,,0.4120209493723502,,menos_de_2_aristas,,menos_de_2_aristas,1.880427360534668
1:10_TAGCN_focal_loss_s44,44,1:10,TAGCN,focal_loss,GNNExplainer,168167,True,0.6220771074295044,,0,0.8607084733769682,,0.439459639205254,,menos_de_2_aristas,,menos_de_2_aristas,1.9879090785980225
1:10_TAGCN_focal_loss_s44,44,1:10,TAGCN,focal_loss,GNNExplainer,168250,True,0.5310588479042053,,0,0.8767807951987999,,0.4476165932330202,,menos_de_2_aristas,,menos_de_2_aristas,1.8959109783172607
1:10_TAGCN_focal_loss_s44,44,1:10,TAGCN,focal_loss,GNNExplainer,170168,False,0.4917835593223572,,4,0.9448323976039434,,0.6327882617008895,0.2,,0.65,,1.8883538246154783
1:10_TAGCN_focal_loss_s44,44,1:10,TAGCN,focal_loss,GNNExplainer,170185,True,0.6126012206077576,,1,0.9052977663963576,,0.6410183722670215,,menos_de_2_aristas,,menos_de_2_aristas,2.1113028526306152
1:10_TAGCN_focal_loss_s44,44,1:10,TAGCN,focal_loss,GNNExplainer,171111,False,0.4756715893745422,,58,0.9833130971510397,,0.7770180397373017,0.0921529422621428,,0.2709433040078201,,1.928851842880249
1:10_TAGCN_focal_loss_s44,44,1:10,TAGCN,focal_loss,GNNExplainer,171381,True,0.7049527168273926,,1,0.9003587461920797,,0.6008978302435779,,menos_de_2_aristas,,menos_de_2_aristas,1.8188438415527344
1:10_TAGCN_focal_loss_s44,44,1:10,TAGCN,focal_loss,GNNExplainer,172466,True,0.7592561841011047,,6,0.9417253266611064,,0.790689167844376,-0.04,,0.6666666666666667,,1.831269264221192
1:10_TAGCN_focal_loss_s44,44,1:10,TAGCN,focal_loss,GNNExplainer,172476,False,0.3115224242210388,,1,0.9008004354457242,,0.5471119793831575,,menos_de_2_aristas,,menos_de_2_aristas,1.9860385656356807
1:10_TAGCN_focal_loss_s44,44,1:10,TAGCN,focal_loss,GNNExplainer,172625,False,0.4928840100765228,,0,0.900391152855628,,0.5236960678360629,,menos_de_2_aristas,,menos_de_2_aristas,2.0578088760375977
1:10_TAGCN_focal_loss_s44,44,1:10,TAGCN,focal_loss,GNNExplainer,172800,False,0.4724196195602417,,0,0.8385666047244777,,0.3711705046138498,,menos_de_2_aristas,,menos_de_2_aristas,2.0105581283569336
1:10_TAGCN_focal_loss_s44,44,1:10,TAGCN,focal_loss,GNNExplainer,173595,True,0.6032119989395142,,0,0.8725839332941524,,0.2517382991104829,,menos_de_2_aristas,,menos_de_2_aristas,1.8158080577850344
1:10_TAGCN_focal_loss_s44,44,1:10,TAGCN,focal_loss,PGExplainer,139670,True,0.5339022874832153,,1,,no_aplica,,,menos_de_2_aristas,,menos_de_2_aristas,4.86061954498291
1:10_TAGCN_focal_loss_s44,44,1:10,TAGCN,focal_loss,PGExplainer,139873,True,0.6151686906814575,,1,,no_aplica,,,menos_de_2_aristas,,menos_de_2_aristas,4.859870433807373
1:10_TAGCN_focal_loss_s44,44,1:10,TAGCN,focal_loss,PGExplainer,140575,True,0.644314706325531,,2,,no_aplica,,-0.1999999999999999,,0.4,,4.859771251678467
1:10_TAGCN_focal_loss_s44,44,1:10,TAGCN,focal_loss,PGExplainer,141068,True,0.6518053412437439,,1,,no_aplica,,,menos_de_2_aristas,,menos_de_2_aristas,4.859498977661133
1:10_TAGCN_focal_loss_s44,44,1:10,TAGCN,focal_loss,PGExplainer,148220,True,0.6422735452651978,,2,,no_aplica,,0.1999999999999999,,0.6,,4.859503269195557
1:10_TAGCN_focal_loss_s44,44,1:10,TAGCN,focal_loss,PGExplainer,150129,False,0.4059910476207733,,0,,no_aplica,,,menos_de_2_aristas,,menos_de_2_aristas,4.858073711395264
1:10_TAGCN_focal_loss_s44,44,1:10,TAGCN,focal_loss,PGExplainer,150346,True,0.6004719138145447,,0,,no_aplica,,,menos_de_2_aristas,,menos_de_2_aristas,4.8585357666015625
1:10_TAGCN_focal_loss_s44,44,1:10,TAGCN,focal_loss,PGExplainer,150528,True,0.565682590007782,,3,,no_aplica,,-0.1,,0.5333333333333333,,4.859491348266602
1:10_TAGCN_focal_loss_s44,44,1:10,TAGCN,focal_loss,PGExplainer,152223,True,0.5397262573242188,,2,,no_aplica,,-0.1999999999999999,,0.4,,4.859456062316895
1:10_TAGCN_focal_loss_s44,44,1:10,TAGCN,focal_loss,PGExplainer,152280,True,0.5450612306594849,,1,,no_aplica,,,menos_de_2_aristas,,menos_de_2_aristas,4.859836101531982
1:10_TAGCN_focal_loss_s44,44,1:10,TAGCN,focal_loss,PGExplainer,153599,False,0.3689407110214233,,3,,no_aplica,,-0.2,,0.5999999999999999,,4.861796855926514
1:10_TAGCN_focal_loss_s44,44,1:10,TAGCN,focal_loss,PGExplainer,155856,True,0.6502346396446228,,2,,no_aplica,,-0.1999999999999999,,0.4,,4.85970401763916
1:10_TAGCN_focal_loss_s44,44,1:10,TAGCN,focal_loss,PGExplainer,158611,False,0.3996502757072449,,3,,no_aplica,,-0.2,,0.5999999999999999,,4.859599113464356
1:10_TAGCN_focal_loss_s44,44,1:10,TAGCN,focal_loss,PGExplainer,158949,True,0.5764642953872681,,2,,no_aplica,,0.1999999999999999,,0.6,,4.859509944915772
1:10_TAGCN_focal_loss_s44,44,1:10,TAGCN,focal_loss,PGExplainer,159862,False,0.4117482900619507,,0,,no_aplica,,,menos_de_2_aristas,,menos_de_2_aristas,4.858113765716553
1:10_TAGCN_focal_loss_s44,44,1:10,TAGCN,focal_loss,PGExplainer,161504,True,0.7006686925888062,,3,,no_aplica,,-0.2,,0.5999999999999999,,4.859585762023926
1:10_TAGCN_focal_loss_s44,44,1:10,TAGCN,focal_loss,PGExplainer,163852,True,0.5048192143440247,,3,,no_aplica,,-0.1,,0.5333333333333333,,4.859622478485107
1:10_TAGCN_focal_loss_s44,44,1:10,TAGCN,focal_loss,PGExplainer,165001,True,0.5970034003257751,,1,,no_aplica,,,menos_de_2_aristas,,menos_de_2_aristas,4.859429836273193
1:10_TAGCN_focal_loss_s44,44,1:10,TAGCN,focal_loss,PGExplainer,168077,True,0.5437974333763123,,1,,no_aplica,,,menos_de_2_aristas,,menos_de_2_aristas,4.85970401763916
1:10_TAGCN_focal_loss_s44,44,1:10,TAGCN,focal_loss,PGExplainer,168167,True,0.6220771074295044,,1,,no_aplica,,,menos_de_2_aristas,,menos_de_2_aristas,4.859594345092773
1:10_TAGCN_focal_loss_s44,44,1:10,TAGCN,focal_loss,PGExplainer,168250,True,0.5310588479042053,,1,,no_aplica,,,menos_de_2_aristas,,menos_de_2_aristas,4.8596296310424805
1:10_TAGCN_focal_loss_s44,44,1:10,TAGCN,focal_loss,PGExplainer,170168,False,0.4917835593223572,,3,,no_aplica,,-0.1,,0.5333333333333333,,4.8596062660217285
1:10_TAGCN_focal_loss_s44,44,1:10,TAGCN,focal_loss,PGExplainer,170185,True,0.6126012206077576,,2,,no_aplica,,-0.1999999999999999,,0.4,,4.859567642211914
1:10_TAGCN_focal_loss_s44,44,1:10,TAGCN,focal_loss,PGExplainer,171111,False,0.4756715893745422,,3,,no_aplica,,0.0,,0.5333333333333333,,4.859772205352783
1:10_TAGCN_focal_loss_s44,44,1:10,TAGCN,focal_loss,PGExplainer,171381,True,0.7049527168273926,,2,,no_aplica,,-0.1999999999999999,,0.4,,4.859663009643555
1:10_TAGCN_focal_loss_s44,44,1:10,TAGCN,focal_loss,PGExplainer,172466,True,0.7592561841011047,,3,,no_aplica,,0.2,,0.7333333333333333,,4.859494686126709
1:10_TAGCN_focal_loss_s44,44,1:10,TAGCN,focal_loss,PGExplainer,172476,False,0.3115224242210388,,2,,no_aplica,,-0.1999999999999999,,0.4,,4.859527587890625
1:10_TAGCN_focal_loss_s44,44,1:10,TAGCN,focal_loss,PGExplainer,172625,False,0.4928840100765228,,1,,no_aplica,,,menos_de_2_aristas,,menos_de_2_aristas,4.859513282775879
1:10_TAGCN_focal_loss_s44,44,1:10,TAGCN,focal_loss,PGExplainer,172800,False,0.4724196195602417,,1,,no_aplica,,,menos_de_2_aristas,,menos_de_2_aristas,4.861152172088623
1:10_TAGCN_focal_loss_s44,44,1:10,TAGCN,focal_loss,PGExplainer,173595,True,0.6032119989395142,,1,,no_aplica,,,menos_de_2_aristas,,menos_de_2_aristas,4.859569072723389
1:10_TAGCN_focal_loss_s44,44,1:10,TAGCN,focal_loss,ShapleyFeatures,139670,True,0.5339022874832153,,0,0.9969425474254744,,0.9461102336021282,,no_aplica,,no_aplica,0.9495537877082824
1:10_TAGCN_focal_loss_s44,44,1:10,TAGCN,focal_loss,ShapleyFeatures,139873,True,0.6151686906814575,,0,0.9948410281732644,,0.9625646354642946,,no_aplica,,no_aplica,0.937581479549408
1:10_TAGCN_focal_loss_s44,44,1:10,TAGCN,focal_loss,ShapleyFeatures,140575,True,0.644314706325531,,0,0.9974853412730988,,0.9820417324798404,,no_aplica,,no_aplica,0.948042094707489
1:10_TAGCN_focal_loss_s44,44,1:10,TAGCN,focal_loss,ShapleyFeatures,141068,True,0.6518053412437439,,0,0.9999859688284768,,0.9999950120542024,,no_aplica,,no_aplica,0.9644663333892822
1:10_TAGCN_focal_loss_s44,44,1:10,TAGCN,focal_loss,ShapleyFeatures,148220,True,0.6422735452651978,,0,0.998487704687412,,0.9999866988112064,,no_aplica,,no_aplica,0.9601006507873536
1:10_TAGCN_focal_loss_s44,44,1:10,TAGCN,focal_loss,ShapleyFeatures,150129,False,0.4059910476207733,,0,,vector_constante,,,no_aplica,,no_aplica,0.7064690589904785
1:10_TAGCN_focal_loss_s44,44,1:10,TAGCN,focal_loss,ShapleyFeatures,150346,True,0.6004719138145447,,0,,vector_constante,,,no_aplica,,no_aplica,0.7093014717102051
1:10_TAGCN_focal_loss_s44,44,1:10,TAGCN,focal_loss,ShapleyFeatures,150528,True,0.565682590007782,,0,0.9975811631100836,,0.942230443095852,,no_aplica,,no_aplica,0.9462127685546876
1:10_TAGCN_focal_loss_s44,44,1:10,TAGCN,focal_loss,ShapleyFeatures,152223,True,0.5397262573242188,,0,0.9960455929553124,,0.9623667802809877,,no_aplica,,no_aplica,0.9478625059127808
1:10_TAGCN_focal_loss_s44,44,1:10,TAGCN,focal_loss,ShapleyFeatures,152280,True,0.5450612306594849,,0,0.9897949799128168,,0.9519461301853852,,no_aplica,,no_aplica,0.9301140904426576
1:10_TAGCN_focal_loss_s44,44,1:10,TAGCN,focal_loss,ShapleyFeatures,153599,False,0.3689407110214233,,0,0.9991852728475532,,0.982038407182642,,no_aplica,,no_aplica,0.9388526678085328
1:10_TAGCN_focal_loss_s44,44,1:10,TAGCN,focal_loss,ShapleyFeatures,155856,True,0.6502346396446228,,0,0.9971868859136837,,0.9997456147643196,,no_aplica,,no_aplica,0.9493571519851683
1:10_TAGCN_focal_loss_s44,44,1:10,TAGCN,focal_loss,ShapleyFeatures,158611,False,0.3996502757072449,,0,0.9882360493840368,,0.915378668218472,,no_aplica,,no_aplica,0.950721263885498
1:10_TAGCN_focal_loss_s44,44,1:10,TAGCN,focal_loss,ShapleyFeatures,158949,True,0.5764642953872681,,0,0.99946677890337,,0.9729079724000332,,no_aplica,,no_aplica,0.9582014679908752
1:10_TAGCN_focal_loss_s44,44,1:10,TAGCN,focal_loss,ShapleyFeatures,159862,False,0.4117482900619507,,0,,vector_constante,,,no_aplica,,no_aplica,0.7123479247093201
1:10_TAGCN_focal_loss_s44,44,1:10,TAGCN,focal_loss,ShapleyFeatures,161504,True,0.7006686925888062,,0,0.9982805510867978,,0.9628373098345666,,no_aplica,,no_aplica,0.9496917128562928
1:10_TAGCN_focal_loss_s44,44,1:10,TAGCN,focal_loss,ShapleyFeatures,163852,True,0.5048192143440247,,0,0.9984298612640388,,0.9544791753262948,,no_aplica,,no_aplica,0.9545682668685912
1:10_TAGCN_focal_loss_s44,44,1:10,TAGCN,focal_loss,ShapleyFeatures,165001,True,0.5970034003257751,,0,0.9980697197540966,,0.933176490148807,,no_aplica,,no_aplica,0.946135938167572
1:10_TAGCN_focal_loss_s44,44,1:10,TAGCN,focal_loss,ShapleyFeatures,168077,True,0.5437974333763123,,0,0.9812952813794948,,0.9247052955357884,,no_aplica,,no_aplica,0.942891240119934
1:10_TAGCN_focal_loss_s44,44,1:10,TAGCN,focal_loss,ShapleyFeatures,168167,True,0.6220771074295044,,0,0.9996042028411068,,0.9999883614598056,,no_aplica,,no_aplica,0.9413434267044068
1:10_TAGCN_focal_loss_s44,44,1:10,TAGCN,focal_loss,ShapleyFeatures,168250,True,0.5310588479042053,,0,0.9850289495450786,,0.8899002410840471,,no_aplica,,no_aplica,0.937254011631012
1:10_TAGCN_focal_loss_s44,44,1:10,TAGCN,focal_loss,ShapleyFeatures,170168,False,0.4917835593223572,,0,0.9994953092535568,,0.9999301687588328,,no_aplica,,no_aplica,0.9397233128547668
1:10_TAGCN_focal_loss_s44,44,1:10,TAGCN,focal_loss,ShapleyFeatures,170185,True,0.6126012206077576,,0,0.9969369770890044,,0.9999343253803308,,no_aplica,,no_aplica,0.9433906674385072
1:10_TAGCN_focal_loss_s44,44,1:10,TAGCN,focal_loss,ShapleyFeatures,171111,False,0.4756715893745422,,0,0.9845429084429226,,0.8354967162690166,,no_aplica,,no_aplica,3.0881409645080566
1:10_TAGCN_focal_loss_s44,44,1:10,TAGCN,focal_loss,ShapleyFeatures,171381,True,0.7049527168273926,,0,0.9993362987076766,,0.9999526145149225,,no_aplica,,no_aplica,0.945516049861908
1:10_TAGCN_focal_loss_s44,44,1:10,TAGCN,focal_loss,ShapleyFeatures,172466,True,0.7592561841011047,,0,0.9993587867874624,,0.972666057028847,,no_aplica,,no_aplica,0.9692961573600768
1:10_TAGCN_focal_loss_s44,44,1:10,TAGCN,focal_loss,ShapleyFeatures,172476,False,0.3115224242210388,,0,0.9986092452680236,,0.9473339429711533,,no_aplica,,no_aplica,0.9561250805854796
1:10_TAGCN_focal_loss_s44,44,1:10,TAGCN,focal_loss,ShapleyFeatures,172625,False,0.4928840100765228,,0,0.9940732932005436,,0.962812370105578,,no_aplica,,no_aplica,0.9371458292007446
1:10_TAGCN_focal_loss_s44,44,1:10,TAGCN,focal_loss,ShapleyFeatures,172800,False,0.4724196195602417,,0,0.9958531979771882,,0.9639936819353232,,no_aplica,,no_aplica,0.9414008259773254
1:10_TAGCN_focal_loss_s44,44,1:10,TAGCN,focal_loss,ShapleyFeatures,173595,True,0.6032119989395142,,0,0.9999424126390692,,0.9999900241084048,,no_aplica,,no_aplica,0.9347085952758788
1:10_TAGCN_none_s44,44,1:10,TAGCN,none,GNNExplainer,139670,False,0.159287080168724,,0,0.9184170304378336,,0.7951093191453986,,menos_de_2_aristas,,menos_de_2_aristas,1.6016236543655396
1:10_TAGCN_none_s44,44,1:10,TAGCN,none,GNNExplainer,139873,False,0.4838466644287109,,0,0.8916576187197665,,0.6261559564386068,,menos_de_2_aristas,,menos_de_2_aristas,1.6266857385635376
1:10_TAGCN_none_s44,44,1:10,TAGCN,none,GNNExplainer,140575,True,0.5059752464294434,,1,0.9258266237328838,,0.7284562307756256,,menos_de_2_aristas,,menos_de_2_aristas,1.6121702194213867
1:10_TAGCN_none_s44,44,1:10,TAGCN,none,GNNExplainer,141068,True,0.6119560599327087,,0,0.9026601742696052,,0.5493565549921025,,menos_de_2_aristas,,menos_de_2_aristas,1.5632877349853516
1:10_TAGCN_none_s44,44,1:10,TAGCN,none,GNNExplainer,148220,True,0.6641355156898499,,1,0.9379819159061642,,0.7449073073405936,,menos_de_2_aristas,,menos_de_2_aristas,1.6066089868545532
1:10_TAGCN_none_s44,44,1:10,TAGCN,none,GNNExplainer,150129,False,0.0166157502681016,,0,0.8531342906303052,,0.5646229944301272,,menos_de_2_aristas,,menos_de_2_aristas,1.3422507047653198
1:10_TAGCN_none_s44,44,1:10,TAGCN,none,GNNExplainer,150346,False,0.4923003911972046,,0,0.9246949125961702,,0.8237226702136503,,menos_de_2_aristas,,menos_de_2_aristas,1.4581289291381836
1:10_TAGCN_none_s44,44,1:10,TAGCN,none,GNNExplainer,150528,True,0.5691773891448975,,2,0.9391002743407424,,0.7109460470529554,0.1999999999999999,,0.6,,1.6536166667938232
1:10_TAGCN_none_s44,44,1:10,TAGCN,none,GNNExplainer,152223,True,0.5141974091529846,,1,0.948171859439465,,0.6265458475351234,,menos_de_2_aristas,,menos_de_2_aristas,1.8114537000656128
1:10_TAGCN_none_s44,44,1:10,TAGCN,none,GNNExplainer,152280,False,0.3623148798942566,,0,0.9021989311779248,,0.7421805636378751,,menos_de_2_aristas,,menos_de_2_aristas,1.6218767166137695
1:10_TAGCN_none_s44,44,1:10,TAGCN,none,GNNExplainer,153599,False,0.080856442451477,,9,0.982602830967212,,0.90751101504697,-0.08,,0.8,,1.942134976387024
1:10_TAGCN_none_s44,44,1:10,TAGCN,none,GNNExplainer,155856,True,0.5997585654258728,,1,0.8732969268658314,,0.6734990439770554,,menos_de_2_aristas,,menos_de_2_aristas,1.7746210098266602
1:10_TAGCN_none_s44,44,1:10,TAGCN,none,GNNExplainer,158611,False,0.1498788446187973,,1,0.8244398573841247,,0.7275342921273589,,menos_de_2_aristas,,menos_de_2_aristas,1.8338680267333984
1:10_TAGCN_none_s44,44,1:10,TAGCN,none,GNNExplainer,158949,True,0.608790934085846,,1,0.944455268618861,,0.7952273671959431,,menos_de_2_aristas,,menos_de_2_aristas,1.7634148597717283
1:10_TAGCN_none_s44,44,1:10,TAGCN,none,GNNExplainer,159862,False,0.0109754260629415,,0,0.8779114102700045,,0.4613475766896666,,menos_de_2_aristas,,menos_de_2_aristas,1.4468684196472168
1:10_TAGCN_none_s44,44,1:10,TAGCN,none,GNNExplainer,161504,True,0.5017627477645874,,2,0.9274464372092032,,0.7774029428880207,0.1999999999999999,,0.6,,1.6859517097473145
1:10_TAGCN_none_s44,44,1:10,TAGCN,none,GNNExplainer,163852,False,0.3702858388423919,,3,0.9341304004341644,,0.6672840635131765,0.2,,0.5999999999999999,,1.807921290397644
1:10_TAGCN_none_s44,44,1:10,TAGCN,none,GNNExplainer,165001,False,0.3936114311218261,,0,0.924265816611754,,0.8597996508437943,,menos_de_2_aristas,,menos_de_2_aristas,1.6472550630569458
1:10_TAGCN_none_s44,44,1:10,TAGCN,none,GNNExplainer,168077,False,0.252385526895523,,0,0.879688167543879,,0.5945074403524815,,menos_de_2_aristas,,menos_de_2_aristas,1.6125339269638062
1:10_TAGCN_none_s44,44,1:10,TAGCN,none,GNNExplainer,168167,True,0.5352264046669006,,0,0.9138849578394956,,0.7602111563721008,,menos_de_2_aristas,,menos_de_2_aristas,1.693354845046997
1:10_TAGCN_none_s44,44,1:10,TAGCN,none,GNNExplainer,168250,False,0.3349376320838928,,0,0.9322289572393098,,0.921502203009394,,menos_de_2_aristas,,menos_de_2_aristas,1.6905068159103394
1:10_TAGCN_none_s44,44,1:10,TAGCN,none,GNNExplainer,170168,False,0.1544868648052215,,4,0.9752870736721116,,0.790591902901322,0.1599999999999999,,0.65,,1.6601641178131104
1:10_TAGCN_none_s44,44,1:10,TAGCN,none,GNNExplainer,170185,False,0.4769137501716614,,1,0.937366908521838,,0.8755199933494057,,menos_de_2_aristas,,menos_de_2_aristas,1.6115710735321045
1:10_TAGCN_none_s44,44,1:10,TAGCN,none,GNNExplainer,171111,False,0.1684013307094574,,58,0.9944685096953354,,0.9488876880871228,0.1544926020486634,,0.2836055212862777,,1.6493887901306152
1:10_TAGCN_none_s44,44,1:10,TAGCN,none,GNNExplainer,171381,True,0.5719336271286011,,1,0.9511068737259214,,0.8189799650843795,,menos_de_2_aristas,,menos_de_2_aristas,1.603153944015503
1:10_TAGCN_none_s44,44,1:10,TAGCN,none,GNNExplainer,172466,False,0.22246153652668,,6,0.9540063942174032,,0.9273306176739547,-0.0399999999999999,,0.7,,1.6759860515594482
1:10_TAGCN_none_s44,44,1:10,TAGCN,none,GNNExplainer,172476,False,0.1184615716338157,,1,0.9206941712163744,,0.6160320891179649,,menos_de_2_aristas,,menos_de_2_aristas,1.633554220199585
1:10_TAGCN_none_s44,44,1:10,TAGCN,none,GNNExplainer,172625,False,0.0883031412959098,,0,0.9174346311164976,,0.7507806135173332,,menos_de_2_aristas,,menos_de_2_aristas,1.6767399311065674
1:10_TAGCN_none_s44,44,1:10,TAGCN,none,GNNExplainer,172800,False,0.0893504619598388,,0,0.9013109088148312,,0.9675301355058608,,menos_de_2_aristas,,menos_de_2_aristas,1.664820909500122
1:10_TAGCN_none_s44,44,1:10,TAGCN,none,GNNExplainer,173595,False,0.4092225432395935,,0,0.9262008399451466,,0.7787812785767727,,menos_de_2_aristas,,menos_de_2_aristas,1.58108651638031
1:10_TAGCN_none_s44,44,1:10,TAGCN,none,PGExplainer,139670,False,0.159287080168724,,1,,no_aplica,,,menos_de_2_aristas,,menos_de_2_aristas,4.245195388793945
1:10_TAGCN_none_s44,44,1:10,TAGCN,none,PGExplainer,139873,False,0.4838466644287109,,1,,no_aplica,,,menos_de_2_aristas,,menos_de_2_aristas,4.24471378326416
1:10_TAGCN_none_s44,44,1:10,TAGCN,none,PGExplainer,140575,True,0.5059752464294434,,2,,no_aplica,,-0.3333333333333333,,0.4,,4.246984481811523
1:10_TAGCN_none_s44,44,1:10,TAGCN,none,PGExplainer,141068,True,0.6119560599327087,,1,,no_aplica,,,menos_de_2_aristas,,menos_de_2_aristas,4.244909286499023
1:10_TAGCN_none_s44,44,1:10,TAGCN,none,PGExplainer,148220,True,0.6641355156898499,,2,,no_aplica,,-0.1999999999999999,,0.4,,4.245465278625488
1:10_TAGCN_none_s44,44,1:10,TAGCN,none,PGExplainer,150129,False,0.0166157502681016,,0,,no_aplica,,,menos_de_2_aristas,,menos_de_2_aristas,4.2442307472229
1:10_TAGCN_none_s44,44,1:10,TAGCN,none,PGExplainer,150346,False,0.4923003911972046,,0,,no_aplica,,,menos_de_2_aristas,,menos_de_2_aristas,4.245015621185303
1:10_TAGCN_none_s44,44,1:10,TAGCN,none,PGExplainer,150528,True,0.5691773891448975,,3,,no_aplica,,1.0,,1.0,,4.244767189025879
1:10_TAGCN_none_s44,44,1:10,TAGCN,none,PGExplainer,152223,True,0.5141974091529846,,2,,no_aplica,,1.0,,1.0,,4.244617938995361
1:10_TAGCN_none_s44,44,1:10,TAGCN,none,PGExplainer,152280,False,0.3623148798942566,,1,,no_aplica,,,menos_de_2_aristas,,menos_de_2_aristas,4.246328830718994
1:10_TAGCN_none_s44,44,1:10,TAGCN,none,PGExplainer,153599,False,0.080856442451477,,3,,no_aplica,,1.0,,1.0,,4.244905948638916
1:10_TAGCN_none_s44,44,1:10,TAGCN,none,PGExplainer,155856,True,0.5997585654258728,,2,,no_aplica,,1.0,,1.0,,4.244651794433594
1:10_TAGCN_none_s44,44,1:10,TAGCN,none,PGExplainer,158611,False,0.1498788446187973,,3,,no_aplica,,1.0,,0.5999999999999999,,4.24448299407959
1:10_TAGCN_none_s44,44,1:10,TAGCN,none,PGExplainer,158949,True,0.608790934085846,,2,,no_aplica,,1.0,,0.4,,4.244452476501465
1:10_TAGCN_none_s44,44,1:10,TAGCN,none,PGExplainer,159862,False,0.0109754260629415,,0,,no_aplica,,,menos_de_2_aristas,,menos_de_2_aristas,4.243180751800537
1:10_TAGCN_none_s44,44,1:10,TAGCN,none,PGExplainer,161504,True,0.5017627477645874,,3,,no_aplica,,-0.2440169358562924,,0.5999999999999999,,4.24454402923584
1:10_TAGCN_none_s44,44,1:10,TAGCN,none,PGExplainer,163852,False,0.3702858388423919,,3,,no_aplica,,1.0,,0.5999999999999999,,4.244538307189941
1:10_TAGCN_none_s44,44,1:10,TAGCN,none,PGExplainer,165001,False,0.3936114311218261,,1,,no_aplica,,,menos_de_2_aristas,,menos_de_2_aristas,4.244402885437012
1:10_TAGCN_none_s44,44,1:10,TAGCN,none,PGExplainer,168077,False,0.252385526895523,,1,,no_aplica,,,menos_de_2_aristas,,menos_de_2_aristas,4.244344711303711
1:10_TAGCN_none_s44,44,1:10,TAGCN,none,PGExplainer,168167,True,0.5352264046669006,,1,,no_aplica,,,menos_de_2_aristas,,menos_de_2_aristas,4.244282245635986
1:10_TAGCN_none_s44,44,1:10,TAGCN,none,PGExplainer,168250,False,0.3349376320838928,,1,,no_aplica,,,menos_de_2_aristas,,menos_de_2_aristas,4.244424343109131
1:10_TAGCN_none_s44,44,1:10,TAGCN,none,PGExplainer,170168,False,0.1544868648052215,,3,,no_aplica,,1.0,,0.5999999999999999,,4.24544095993042
1:10_TAGCN_none_s44,44,1:10,TAGCN,none,PGExplainer,170185,False,0.4769137501716614,,2,,no_aplica,,1.0,,1.0,,4.244663238525391
1:10_TAGCN_none_s44,44,1:10,TAGCN,none,PGExplainer,171111,False,0.1684013307094574,,3,,no_aplica,,1.0,,0.5999999999999999,,4.24474048614502
1:10_TAGCN_none_s44,44,1:10,TAGCN,none,PGExplainer,171381,True,0.5719336271286011,,2,,no_aplica,,-0.1999999999999999,,0.4,,4.245951652526856
1:10_TAGCN_none_s44,44,1:10,TAGCN,none,PGExplainer,172466,False,0.22246153652668,,3,,no_aplica,,1.0,,1.0,,4.244681358337402
1:10_TAGCN_none_s44,44,1:10,TAGCN,none,PGExplainer,172476,False,0.1184615716338157,,2,,no_aplica,,1.0,,1.0,,4.245994091033936
1:10_TAGCN_none_s44,44,1:10,TAGCN,none,PGExplainer,172625,False,0.0883031412959098,,1,,no_aplica,,,menos_de_2_aristas,,menos_de_2_aristas,4.246097564697266
1:10_TAGCN_none_s44,44,1:10,TAGCN,none,PGExplainer,172800,False,0.0893504619598388,,1,,no_aplica,,,menos_de_2_aristas,,menos_de_2_aristas,4.2446608543396
1:10_TAGCN_none_s44,44,1:10,TAGCN,none,PGExplainer,173595,False,0.4092225432395935,,1,,no_aplica,,,menos_de_2_aristas,,menos_de_2_aristas,4.244563102722168
1:10_TAGCN_none_s44,44,1:10,TAGCN,none,ShapleyFeatures,139670,False,0.159287080168724,,0,0.998759891598916,,0.9688137002244576,,no_aplica,,no_aplica,0.9157319068908693
1:10_TAGCN_none_s44,44,1:10,TAGCN,none,ShapleyFeatures,139873,False,0.4838466644287109,,0,0.9961786409897676,,0.9541840551999335,,no_aplica,,no_aplica,0.910845160484314
1:10_TAGCN_none_s44,44,1:10,TAGCN,none,ShapleyFeatures,140575,True,0.5059752464294434,,0,0.9968636006894585,,0.9496633136586584,,no_aplica,,no_aplica,0.9186539053916932
1:10_TAGCN_none_s44,44,1:10,TAGCN,none,ShapleyFeatures,141068,True,0.6119560599327087,,0,0.9990468370072152,,0.9821207082883032,,no_aplica,,no_aplica,0.9077723026275636
1:10_TAGCN_none_s44,44,1:10,TAGCN,none,ShapleyFeatures,148220,True,0.6641355156898499,,0,0.9990307242136062,,0.954759331615263,,no_aplica,,no_aplica,0.9059152007102966
1:10_TAGCN_none_s44,44,1:10,TAGCN,none,ShapleyFeatures,150129,False,0.0166157502681016,,0,,vector_constante,,,no_aplica,,no_aplica,0.6803402900695801
1:10_TAGCN_none_s44,44,1:10,TAGCN,none,ShapleyFeatures,150346,False,0.4923003911972046,,0,,vector_constante,,,no_aplica,,no_aplica,0.687389075756073
1:10_TAGCN_none_s44,44,1:10,TAGCN,none,ShapleyFeatures,150528,True,0.5691773891448975,,0,0.997563948791018,,0.9822271177986532,,no_aplica,,no_aplica,0.9003162980079651
1:10_TAGCN_none_s44,44,1:10,TAGCN,none,ShapleyFeatures,152223,True,0.5141974091529846,,0,0.9968954544207608,,0.9681187131099844,,no_aplica,,no_aplica,0.9096983671188354
1:10_TAGCN_none_s44,44,1:10,TAGCN,none,ShapleyFeatures,152280,False,0.3623148798942566,,0,0.9951370680613292,,0.9545714523235512,,no_aplica,,no_aplica,0.918562352657318
1:10_TAGCN_none_s44,44,1:10,TAGCN,none,ShapleyFeatures,153599,False,0.080856442451477,,0,0.9967423264746544,,0.9999634217308172,,no_aplica,,no_aplica,0.9424496293067932
1:10_TAGCN_none_s44,44,1:10,TAGCN,none,ShapleyFeatures,155856,True,0.5997585654258728,,0,0.9978531238171916,,0.9546895003740958,,no_aplica,,no_aplica,0.9060975909233092
1:10_TAGCN_none_s44,44,1:10,TAGCN,none,ShapleyFeatures,158611,False,0.1498788446187973,,0,0.997311456203164,,0.95799983373514,,no_aplica,,no_aplica,0.9266942739486694
1:10_TAGCN_none_s44,44,1:10,TAGCN,none,ShapleyFeatures,158949,True,0.608790934085846,,0,0.9993515427708918,,0.964030260204506,,no_aplica,,no_aplica,0.9034085273742676
1:10_TAGCN_none_s44,44,1:10,TAGCN,none,ShapleyFeatures,159862,False,0.0109754260629415,,0,,vector_constante,,,no_aplica,,no_aplica,0.6985958218574524
1:10_TAGCN_none_s44,44,1:10,TAGCN,none,ShapleyFeatures,161504,True,0.5017627477645874,,0,0.9977316082026696,,0.9999467952448248,,no_aplica,,no_aplica,0.905822455883026
1:10_TAGCN_none_s44,44,1:10,TAGCN,none,ShapleyFeatures,163852,False,0.3702858388423919,,0,0.9983249834838144,,0.9820866239920194,,no_aplica,,no_aplica,0.9253303408622742
1:10_TAGCN_none_s44,44,1:10,TAGCN,none,ShapleyFeatures,165001,False,0.3936114311218261,,0,0.9992854273574392,,0.981985202427467,,no_aplica,,no_aplica,0.9032235741615297
1:10_TAGCN_none_s44,44,1:10,TAGCN,none,ShapleyFeatures,168077,False,0.252385526895523,,0,0.989876487100655,,0.9632047551749938,,no_aplica,,no_aplica,0.9052111506462096
1:10_TAGCN_none_s44,44,1:10,TAGCN,none,ShapleyFeatures,168167,True,0.5352264046669006,,0,0.9986399585865836,,0.9460703300357468,,no_aplica,,no_aplica,0.9136104583740234
1:10_TAGCN_none_s44,44,1:10,TAGCN,none,ShapleyFeatures,168250,False,0.3349376320838928,,0,0.9946943180013038,,0.9046205004572284,,no_aplica,,no_aplica,0.9023990631103516
1:10_TAGCN_none_s44,44,1:10,TAGCN,none,ShapleyFeatures,170168,False,0.1544868648052215,,0,0.9987195765400132,,0.9733211405769392,,no_aplica,,no_aplica,0.9093034267425536
1:10_TAGCN_none_s44,44,1:10,TAGCN,none,ShapleyFeatures,170185,False,0.4769137501716614,,0,0.9964638546958484,,0.9821631058275834,,no_aplica,,no_aplica,0.9067621827125548
1:10_TAGCN_none_s44,44,1:10,TAGCN,none,ShapleyFeatures,171111,False,0.1684013307094574,,0,0.9976689017711646,,0.9822113226369608,,no_aplica,,no_aplica,2.168337821960449
1:10_TAGCN_none_s44,44,1:10,TAGCN,none,ShapleyFeatures,171381,True,0.5719336271286011,,0,0.9989843826736078,,0.9821123950453072,,no_aplica,,no_aplica,0.9017738699913024
1:10_TAGCN_none_s44,44,1:10,TAGCN,none,ShapleyFeatures,172466,False,0.22246153652668,,0,0.999198131787744,,0.9548782109901072,,no_aplica,,no_aplica,0.908142864704132
1:10_TAGCN_none_s44,44,1:10,TAGCN,none,ShapleyFeatures,172476,False,0.1184615716338157,,0,0.995038478470446,,0.9818729736470196,,no_aplica,,no_aplica,0.903309404850006
1:10_TAGCN_none_s44,44,1:10,TAGCN,none,ShapleyFeatures,172625,False,0.0883031412959098,,0,0.9947745998280024,,0.9466838473688586,,no_aplica,,no_aplica,0.9033882021903992
1:10_TAGCN_none_s44,44,1:10,TAGCN,none,ShapleyFeatures,172800,False,0.0893504619598388,,0,0.998533133661944,,0.9998038074652922,,no_aplica,,no_aplica,0.8989609479904175
1:10_TAGCN_none_s44,44,1:10,TAGCN,none,ShapleyFeatures,173595,False,0.4092225432395935,,0,0.9989824222872132,,0.9999218555158368,,no_aplica,,no_aplica,0.8998966217041016
1:10_os_TAGCN_focal_loss_s44,44,1:10_os,TAGCN,focal_loss,GNNExplainer,139670,False,0.44691002368927,,0,0.8881629655180616,,0.5608271676781112,,menos_de_2_aristas,,menos_de_2_aristas,2.188938617706299
1:10_os_TAGCN_focal_loss_s44,44,1:10_os,TAGCN,focal_loss,GNNExplainer,139873,True,0.6146234273910522,,0,0.8754143262726988,,0.4617183473272924,,menos_de_2_aristas,,menos_de_2_aristas,2.0044946670532227
1:10_os_TAGCN_focal_loss_s44,44,1:10_os,TAGCN,focal_loss,GNNExplainer,140575,True,0.6447181105613708,,1,0.9037028951578852,,0.6987372183888936,,menos_de_2_aristas,,menos_de_2_aristas,1.9631435871124268
1:10_os_TAGCN_focal_loss_s44,44,1:10_os,TAGCN,focal_loss,GNNExplainer,141068,True,0.6196631193161011,,0,0.8888325745469896,,0.4944500789758084,,menos_de_2_aristas,,menos_de_2_aristas,1.922820806503296
1:10_os_TAGCN_focal_loss_s44,44,1:10_os,TAGCN,focal_loss,GNNExplainer,148220,True,0.6914203763008118,,1,0.8975079782766923,,0.6989699891927841,,menos_de_2_aristas,,menos_de_2_aristas,1.9390572309494016
1:10_os_TAGCN_focal_loss_s44,44,1:10_os,TAGCN,focal_loss,GNNExplainer,150129,False,0.408713698387146,,0,0.7953471805315786,,0.1675301355058608,,menos_de_2_aristas,,menos_de_2_aristas,1.694799304008484
1:10_os_TAGCN_focal_loss_s44,44,1:10_os,TAGCN,focal_loss,GNNExplainer,150346,True,0.5727888345718384,,0,0.8699955388342199,,0.3178418821182143,,menos_de_2_aristas,,menos_de_2_aristas,1.7095447778701782
1:10_os_TAGCN_focal_loss_s44,44,1:10_os,TAGCN,focal_loss,GNNExplainer,150528,True,0.5980431437492371,,2,0.9426594255640784,,0.6236960678360629,0.1999999999999999,,0.6,,2.0558300018310547
1:10_os_TAGCN_focal_loss_s44,44,1:10_os,TAGCN,focal_loss,GNNExplainer,152223,True,0.5464720129966736,,1,0.903181960449566,,0.587904231440685,,menos_de_2_aristas,,menos_de_2_aristas,1.9206348657608032
1:10_os_TAGCN_focal_loss_s44,44,1:10_os,TAGCN,focal_loss,GNNExplainer,152280,True,0.5452638864517212,,0,0.8680792290269574,,0.4671327624906475,,menos_de_2_aristas,,menos_de_2_aristas,1.8399447202682493
1:10_os_TAGCN_focal_loss_s44,44,1:10_os,TAGCN,focal_loss,GNNExplainer,153599,False,0.3816604912281036,,11,0.9778057979392616,,0.8981295203258792,-0.0872727272727273,,0.8181818181818181,,1.805194616317749
1:10_os_TAGCN_focal_loss_s44,44,1:10_os,TAGCN,focal_loss,GNNExplainer,155856,True,0.6122581958770752,,1,0.8721276367919476,,0.8216992268684014,,menos_de_2_aristas,,menos_de_2_aristas,1.8094640970230105
1:10_os_TAGCN_focal_loss_s44,44,1:10_os,TAGCN,focal_loss,GNNExplainer,158611,False,0.3635356724262237,,1,0.4418882621541768,,0.0822661900407348,,menos_de_2_aristas,,menos_de_2_aristas,1.814342737197876
1:10_os_TAGCN_focal_loss_s44,44,1:10_os,TAGCN,focal_loss,GNNExplainer,158949,True,0.5694859623908997,,1,0.8964416647452156,,0.464012802394214,,menos_de_2_aristas,,menos_de_2_aristas,1.7999937534332275
1:10_os_TAGCN_focal_loss_s44,44,1:10_os,TAGCN,focal_loss,GNNExplainer,159862,False,0.407487541437149,,0,,vector_constante,,,menos_de_2_aristas,,menos_de_2_aristas,1.443198323249817
1:10_os_TAGCN_focal_loss_s44,44,1:10_os,TAGCN,focal_loss,GNNExplainer,161504,True,0.7702956795692444,,2,0.8983077979726717,,0.8038373929669964,-0.1999999999999999,,0.4,,1.7788589000701904
1:10_os_TAGCN_focal_loss_s44,44,1:10_os,TAGCN,focal_loss,GNNExplainer,163852,False,0.4767279028892517,,3,0.9490472428503716,,0.662259539446338,0.2,,0.5999999999999999,,1.7628059387207031
1:10_os_TAGCN_focal_loss_s44,44,1:10_os,TAGCN,focal_loss,GNNExplainer,165001,True,0.5567101836204529,,0,0.8714370249663983,,0.4323609610108903,,menos_de_2_aristas,,menos_de_2_aristas,1.6813576221466064
1:10_os_TAGCN_focal_loss_s44,44,1:10_os,TAGCN,focal_loss,GNNExplainer,168077,True,0.5373628735542297,,0,0.8478113736630769,,0.3530210325047801,,menos_de_2_aristas,,menos_de_2_aristas,1.683779001235962
1:10_os_TAGCN_focal_loss_s44,44,1:10_os,TAGCN,focal_loss,GNNExplainer,168167,True,0.5878211855888367,,0,0.8605023881125069,,0.4228007315653836,,menos_de_2_aristas,,menos_de_2_aristas,1.708386778831482
1:10_os_TAGCN_focal_loss_s44,44,1:10_os,TAGCN,focal_loss,GNNExplainer,168250,False,0.4906967878341675,,0,0.9034502625656416,,0.6573272923767562,,menos_de_2_aristas,,menos_de_2_aristas,1.6872016191482544
1:10_os_TAGCN_focal_loss_s44,44,1:10_os,TAGCN,focal_loss,GNNExplainer,170168,False,0.4394380748271942,,4,0.9562761101655578,,0.6989799650843793,0.2,,0.65,,1.746049165725708
1:10_os_TAGCN_focal_loss_s44,44,1:10_os,TAGCN,focal_loss,GNNExplainer,170185,True,0.6011144518852234,,1,0.8753660549153507,,0.5816875883282069,,menos_de_2_aristas,,menos_de_2_aristas,1.7238709926605225
1:10_os_TAGCN_focal_loss_s44,44,1:10_os,TAGCN,focal_loss,GNNExplainer,171111,False,0.4217637181282043,,58,0.9460662330914342,,0.4327317316485161,0.1328309083638377,,0.2795732632217615,,1.7406784296035769
1:10_os_TAGCN_focal_loss_s44,44,1:10_os,TAGCN,focal_loss,GNNExplainer,171381,True,0.6999927759170532,,1,0.8890200187819234,,0.6086308088785436,,menos_de_2_aristas,,menos_de_2_aristas,1.7243459224700928
1:10_os_TAGCN_focal_loss_s44,44,1:10_os,TAGCN,focal_loss,GNNExplainer,172466,True,0.7063367366790771,,6,0.9460945232137892,,0.7654734391886274,0.1820682625831142,,0.7666666666666667,,1.7320897579193115
1:10_os_TAGCN_focal_loss_s44,44,1:10_os,TAGCN,focal_loss,GNNExplainer,172476,False,0.3247948288917541,,1,0.8977313167259788,,0.5512162274503284,,menos_de_2_aristas,,menos_de_2_aristas,1.7504937648773191
1:10_os_TAGCN_focal_loss_s44,44,1:10_os,TAGCN,focal_loss,GNNExplainer,172625,False,0.4603569507598877,,0,0.8785826389940918,,0.3976523401779034,,menos_de_2_aristas,,menos_de_2_aristas,1.7688874006271362
1:10_os_TAGCN_focal_loss_s44,44,1:10_os,TAGCN,focal_loss,GNNExplainer,172800,False,0.4662805795669555,,0,0.8792896652952619,,0.6153520658408844,,menos_de_2_aristas,,menos_de_2_aristas,1.7367758750915527
1:10_os_TAGCN_focal_loss_s44,44,1:10_os,TAGCN,focal_loss,GNNExplainer,173595,True,0.5586658716201782,,0,0.870933734939759,,0.244074320392385,,menos_de_2_aristas,,menos_de_2_aristas,1.729276180267334
1:10_os_TAGCN_focal_loss_s44,44,1:10_os,TAGCN,focal_loss,PGExplainer,139670,False,0.44691002368927,,1,,no_aplica,,,menos_de_2_aristas,,menos_de_2_aristas,4.7364821434021
1:10_os_TAGCN_focal_loss_s44,44,1:10_os,TAGCN,focal_loss,PGExplainer,139873,True,0.6146234273910522,,1,,no_aplica,,,menos_de_2_aristas,,menos_de_2_aristas,4.735562801361084
1:10_os_TAGCN_focal_loss_s44,44,1:10_os,TAGCN,focal_loss,PGExplainer,140575,True,0.6447181105613708,,2,,no_aplica,,-0.1999999999999999,,0.4,,4.735639572143555
1:10_os_TAGCN_focal_loss_s44,44,1:10_os,TAGCN,focal_loss,PGExplainer,141068,True,0.6196631193161011,,1,,no_aplica,,,menos_de_2_aristas,,menos_de_2_aristas,4.735602378845215
1:10_os_TAGCN_focal_loss_s44,44,1:10_os,TAGCN,focal_loss,PGExplainer,148220,True,0.6914203763008118,,2,,no_aplica,,0.1999999999999999,,0.6,,4.7353692054748535
1:10_os_TAGCN_focal_loss_s44,44,1:10_os,TAGCN,focal_loss,PGExplainer,150129,False,0.408713698387146,,0,,no_aplica,,,menos_de_2_aristas,,menos_de_2_aristas,4.733959674835205
1:10_os_TAGCN_focal_loss_s44,44,1:10_os,TAGCN,focal_loss,PGExplainer,150346,True,0.5727888345718384,,0,,no_aplica,,,menos_de_2_aristas,,menos_de_2_aristas,4.734108924865723
1:10_os_TAGCN_focal_loss_s44,44,1:10_os,TAGCN,focal_loss,PGExplainer,150528,True,0.5980431437492371,,3,,no_aplica,,-0.1,,0.5333333333333333,,4.7354350090026855
1:10_os_TAGCN_focal_loss_s44,44,1:10_os,TAGCN,focal_loss,PGExplainer,152223,True,0.5464720129966736,,2,,no_aplica,,-0.1999999999999999,,0.4,,4.735228538513184
1:10_os_TAGCN_focal_loss_s44,44,1:10_os,TAGCN,focal_loss,PGExplainer,152280,True,0.5452638864517212,,1,,no_aplica,,,menos_de_2_aristas,,menos_de_2_aristas,4.735218524932861
1:10_os_TAGCN_focal_loss_s44,44,1:10_os,TAGCN,focal_loss,PGExplainer,153599,False,0.3816604912281036,,3,,no_aplica,,-0.2,,0.5999999999999999,,4.735327243804932
1:10_os_TAGCN_focal_loss_s44,44,1:10_os,TAGCN,focal_loss,PGExplainer,155856,True,0.6122581958770752,,2,,no_aplica,,-0.1999999999999999,,0.4,,4.735587596893311
1:10_os_TAGCN_focal_loss_s44,44,1:10_os,TAGCN,focal_loss,PGExplainer,158611,False,0.3635356724262237,,3,,no_aplica,,-0.2,,0.5999999999999999,,4.735480785369873
1:10_os_TAGCN_focal_loss_s44,44,1:10_os,TAGCN,focal_loss,PGExplainer,158949,True,0.5694859623908997,,2,,no_aplica,,0.1999999999999999,,0.6,,4.735266208648682
1:10_os_TAGCN_focal_loss_s44,44,1:10_os,TAGCN,focal_loss,PGExplainer,159862,False,0.407487541437149,,0,,no_aplica,,,menos_de_2_aristas,,menos_de_2_aristas,4.7339768409729
1:10_os_TAGCN_focal_loss_s44,44,1:10_os,TAGCN,focal_loss,PGExplainer,161504,True,0.7702956795692444,,3,,no_aplica,,-0.1,,0.5333333333333333,,4.735315322875977
1:10_os_TAGCN_focal_loss_s44,44,1:10_os,TAGCN,focal_loss,PGExplainer,163852,False,0.4767279028892517,,3,,no_aplica,,-0.2,,0.5999999999999999,,4.7356276512146
1:10_os_TAGCN_focal_loss_s44,44,1:10_os,TAGCN,focal_loss,PGExplainer,165001,True,0.5567101836204529,,1,,no_aplica,,,menos_de_2_aristas,,menos_de_2_aristas,4.735209941864014
1:10_os_TAGCN_focal_loss_s44,44,1:10_os,TAGCN,focal_loss,PGExplainer,168077,True,0.5373628735542297,,1,,no_aplica,,,menos_de_2_aristas,,menos_de_2_aristas,4.735393047332764
1:10_os_TAGCN_focal_loss_s44,44,1:10_os,TAGCN,focal_loss,PGExplainer,168167,True,0.5878211855888367,,1,,no_aplica,,,menos_de_2_aristas,,menos_de_2_aristas,4.735368251800537
1:10_os_TAGCN_focal_loss_s44,44,1:10_os,TAGCN,focal_loss,PGExplainer,168250,False,0.4906967878341675,,1,,no_aplica,,,menos_de_2_aristas,,menos_de_2_aristas,4.735230922698975
1:10_os_TAGCN_focal_loss_s44,44,1:10_os,TAGCN,focal_loss,PGExplainer,170168,False,0.4394380748271942,,3,,no_aplica,,-0.2,,0.5999999999999999,,4.735630035400391
1:10_os_TAGCN_focal_loss_s44,44,1:10_os,TAGCN,focal_loss,PGExplainer,170185,True,0.6011144518852234,,2,,no_aplica,,0.1999999999999999,,0.6,,4.73553991317749
1:10_os_TAGCN_focal_loss_s44,44,1:10_os,TAGCN,focal_loss,PGExplainer,171111,False,0.4217637181282043,,3,,no_aplica,,-0.1196152422706632,,0.5999999999999999,,4.735540866851807
1:10_os_TAGCN_focal_loss_s44,44,1:10_os,TAGCN,focal_loss,PGExplainer,171381,True,0.6999927759170532,,2,,no_aplica,,-0.1999999999999999,,0.4,,4.735211849212647
1:10_os_TAGCN_focal_loss_s44,44,1:10_os,TAGCN,focal_loss,PGExplainer,172466,True,0.7063367366790771,,3,,no_aplica,,0.75,,0.7333333333333333,,4.73533296585083
1:10_os_TAGCN_focal_loss_s44,44,1:10_os,TAGCN,focal_loss,PGExplainer,172476,False,0.3247948288917541,,2,,no_aplica,,1.0,,1.0,,4.735330581665039
1:10_os_TAGCN_focal_loss_s44,44,1:10_os,TAGCN,focal_loss,PGExplainer,172625,False,0.4603569507598877,,1,,no_aplica,,,menos_de_2_aristas,,menos_de_2_aristas,4.735260486602783
1:10_os_TAGCN_focal_loss_s44,44,1:10_os,TAGCN,focal_loss,PGExplainer,172800,False,0.4662805795669555,,1,,no_aplica,,,menos_de_2_aristas,,menos_de_2_aristas,4.735498905181885
1:10_os_TAGCN_focal_loss_s44,44,1:10_os,TAGCN,focal_loss,PGExplainer,173595,True,0.5586658716201782,,1,,no_aplica,,,menos_de_2_aristas,,menos_de_2_aristas,4.73534631729126
1:10_os_TAGCN_focal_loss_s44,44,1:10_os,TAGCN,focal_loss,ShapleyFeatures,139670,False,0.44691002368927,,0,0.9936135501355016,,0.9811513841549588,,no_aplica,,no_aplica,0.9395437836647034
1:10_os_TAGCN_focal_loss_s44,44,1:10_os,TAGCN,focal_loss,ShapleyFeatures,139873,True,0.6146234273910522,,0,0.997037280882232,,0.9547501870479674,,no_aplica,,no_aplica,0.94159197807312
1:10_os_TAGCN_focal_loss_s44,44,1:10_os,TAGCN,focal_loss,ShapleyFeatures,140575,True,0.6447181105613708,,0,0.9960535512549196,,0.9821556239088872,,no_aplica,,no_aplica,0.9439548254013062
1:10_os_TAGCN_focal_loss_s44,44,1:10_os,TAGCN,focal_loss,ShapleyFeatures,141068,True,0.6196631193161011,,0,0.9999477019970504,,0.9999966747028016,,no_aplica,,no_aplica,0.9392403960227966
1:10_os_TAGCN_focal_loss_s44,44,1:10_os,TAGCN,focal_loss,ShapleyFeatures,148220,True,0.6914203763008118,,0,0.9998821113049348,,0.999991686757004,,no_aplica,,no_aplica,0.9439573884010316
1:10_os_TAGCN_focal_loss_s44,44,1:10_os,TAGCN,focal_loss,ShapleyFeatures,150129,False,0.408713698387146,,0,,vector_constante,,,no_aplica,,no_aplica,0.707680344581604
1:10_os_TAGCN_focal_loss_s44,44,1:10_os,TAGCN,focal_loss,ShapleyFeatures,150346,True,0.5727888345718384,,0,,vector_constante,,,no_aplica,,no_aplica,0.7046473026275635
1:10_os_TAGCN_focal_loss_s44,44,1:10_os,TAGCN,focal_loss,ShapleyFeatures,150528,True,0.5980431437492371,,0,0.99696116016454,,0.932697647352232,,no_aplica,,no_aplica,0.9463086724281312
1:10_os_TAGCN_focal_loss_s44,44,1:10_os,TAGCN,focal_loss,ShapleyFeatures,152223,True,0.5464720129966736,,0,0.9949572822116332,,0.8871103167345581,,no_aplica,,no_aplica,0.9471436142921448
1:10_os_TAGCN_focal_loss_s44,44,1:10_os,TAGCN,focal_loss,ShapleyFeatures,152280,True,0.5452638864517212,,0,0.985739418366932,,0.9005860836312246,,no_aplica,,no_aplica,0.9321225881576538
1:10_os_TAGCN_focal_loss_s44,44,1:10_os,TAGCN,focal_loss,ShapleyFeatures,153599,False,0.3816604912281036,,0,0.9989186810334736,,0.932244575608945,,no_aplica,,no_aplica,0.9424694776535034
1:10_os_TAGCN_focal_loss_s44,44,1:10_os,TAGCN,focal_loss,ShapleyFeatures,155856,True,0.6122581958770752,,0,0.9919706449851756,,0.9397331448998256,,no_aplica,,no_aplica,0.945717453956604
1:10_os_TAGCN_focal_loss_s44,44,1:10_os,TAGCN,focal_loss,ShapleyFeatures,158611,False,0.3635356724262237,,0,0.9708647021296228,,0.7988793748441266,,no_aplica,,no_aplica,0.9470863342285156
1:10_os_TAGCN_focal_loss_s44,44,1:10_os,TAGCN,focal_loss,ShapleyFeatures,158949,True,0.5694859623908997,,0,0.9997547241008968,,0.9821398287471944,,no_aplica,,no_aplica,0.9413392543792723
1:10_os_TAGCN_focal_loss_s44,44,1:10_os,TAGCN,focal_loss,ShapleyFeatures,159862,False,0.407487541437149,,0,,vector_constante,,,no_aplica,,no_aplica,0.7053704857826233
1:10_os_TAGCN_focal_loss_s44,44,1:10_os,TAGCN,focal_loss,ShapleyFeatures,161504,True,0.7702956795692444,,0,0.997583953398014,,0.9821813949621748,,no_aplica,,no_aplica,0.9437759518623352
1:10_os_TAGCN_focal_loss_s44,44,1:10_os,TAGCN,focal_loss,ShapleyFeatures,163852,False,0.4767279028892517,,0,0.9985457498348383,,0.971825588161942,,no_aplica,,no_aplica,0.9457322359085084
1:10_os_TAGCN_focal_loss_s44,44,1:10_os,TAGCN,focal_loss,ShapleyFeatures,165001,True,0.5567101836204529,,0,0.9957028909331672,,0.9042621996840968,,no_aplica,,no_aplica,0.9432771801948548
1:10_os_TAGCN_focal_loss_s44,44,1:10_os,TAGCN,focal_loss,ShapleyFeatures,168077,True,0.5373628735542297,,0,0.9735650314129128,,0.8617017208413003,,no_aplica,,no_aplica,0.9349569082260132
1:10_os_TAGCN_focal_loss_s44,44,1:10_os,TAGCN,focal_loss,ShapleyFeatures,168167,True,0.5878211855888367,,0,0.9997669790069524,,0.9732845623077562,,no_aplica,,no_aplica,0.9342058897018432
1:10_os_TAGCN_focal_loss_s44,44,1:10_os,TAGCN,focal_loss,ShapleyFeatures,168250,False,0.4906967878341675,,0,0.9924297028488344,,0.8969897747111147,,no_aplica,,no_aplica,0.9362378120422364
1:10_os_TAGCN_focal_loss_s44,44,1:10_os,TAGCN,focal_loss,ShapleyFeatures,170168,False,0.4394380748271942,,0,0.9984053855799636,,0.9688918447086208,,no_aplica,,no_aplica,0.9376062750816344
1:10_os_TAGCN_focal_loss_s44,44,1:10_os,TAGCN,focal_loss,ShapleyFeatures,170185,True,0.6011144518852234,,0,0.999925401294592,,0.999961759082218,,no_aplica,,no_aplica,0.945897936820984
1:10_os_TAGCN_focal_loss_s44,44,1:10_os,TAGCN,focal_loss,ShapleyFeatures,171111,False,0.4217637181282043,,0,0.9665001021827028,,0.6871111480588578,,no_aplica,,no_aplica,3.177788734436035
1:10_os_TAGCN_focal_loss_s44,44,1:10_os,TAGCN,focal_loss,ShapleyFeatures,171381,True,0.6999927759170532,,0,0.9991011265121422,,0.9644958018122868,,no_aplica,,no_aplica,0.9436002373695374
1:10_os_TAGCN_focal_loss_s44,44,1:10_os,TAGCN,focal_loss,ShapleyFeatures,172466,True,0.7063367366790771,,0,0.9989266220246468,,0.9822404189874472,,no_aplica,,no_aplica,0.9411975145339966
1:10_os_TAGCN_focal_loss_s44,44,1:10_os,TAGCN,focal_loss,ShapleyFeatures,172476,False,0.3247948288917541,,0,0.9827140997651576,,0.9019145398620004,,no_aplica,,no_aplica,0.944381833076477
1:10_os_TAGCN_focal_loss_s44,44,1:10_os,TAGCN,focal_loss,ShapleyFeatures,172625,False,0.4603569507598877,,0,0.996007711042186,,0.9285568210158784,,no_aplica,,no_aplica,0.9352901577949524
1:10_os_TAGCN_focal_loss_s44,44,1:10_os,TAGCN,focal_loss,ShapleyFeatures,172800,False,0.4662805795669555,,0,0.995067211759555,,0.9306243245490066,,no_aplica,,no_aplica,0.9363744854927064
1:10_os_TAGCN_focal_loss_s44,44,1:10_os,TAGCN,focal_loss,ShapleyFeatures,173595,True,0.5586658716201782,,0,0.9998088461422496,,0.999983373514008,,no_aplica,,no_aplica,0.9346224069595336
1:10_os_TAGCN_none_s44,44,1:10_os,TAGCN,none,GNNExplainer,139670,False,0.1492327898740768,,0,0.9286777562356524,,0.8892651093191454,,menos_de_2_aristas,,menos_de_2_aristas,1.7647441625595093
1:10_os_TAGCN_none_s44,44,1:10_os,TAGCN,none,GNNExplainer,139873,True,0.6314716935157776,,0,0.9328998284001488,,0.8541690913625404,,menos_de_2_aristas,,menos_de_2_aristas,1.7534369230270386
1:10_os_TAGCN_none_s44,44,1:10_os,TAGCN,none,GNNExplainer,140575,True,0.6888256669044495,,1,0.9609252785573332,,0.8861817274918946,,menos_de_2_aristas,,menos_de_2_aristas,1.79667329788208
1:10_os_TAGCN_none_s44,44,1:10_os,TAGCN,none,GNNExplainer,141068,True,0.6809512376785278,,0,0.8935535321253052,,0.5526585751101505,,menos_de_2_aristas,,menos_de_2_aristas,1.7553366422653198
1:10_os_TAGCN_none_s44,44,1:10_os,TAGCN,none,GNNExplainer,148220,True,0.8313142657279968,,1,0.9321958456973294,,0.7928373098345664,,menos_de_2_aristas,,menos_de_2_aristas,1.817404866218567
1:10_os_TAGCN_none_s44,44,1:10_os,TAGCN,none,GNNExplainer,150129,False,0.0392849817872047,,0,0.9101061950461462,,0.8977063762573781,,menos_de_2_aristas,,menos_de_2_aristas,1.6081609725952148
1:10_os_TAGCN_none_s44,44,1:10_os,TAGCN,none,GNNExplainer,150346,False,0.279600977897644,,0,0.9404533336175488,,0.8556679690747361,,menos_de_2_aristas,,menos_de_2_aristas,1.6089110374450684
1:10_os_TAGCN_none_s44,44,1:10_os,TAGCN,none,GNNExplainer,150528,True,0.606217086315155,,2,0.9653594423604502,,0.689391470612686,0.1999999999999999,,0.6,,1.8971929550170896
1:10_os_TAGCN_none_s44,44,1:10_os,TAGCN,none,GNNExplainer,152223,False,0.4462197422981262,,1,0.9626527244273724,,0.8947950785601464,,menos_de_2_aristas,,menos_de_2_aristas,1.9185856580734253
1:10_os_TAGCN_none_s44,44,1:10_os,TAGCN,none,GNNExplainer,152280,False,0.2724104225635528,,0,0.9070095187339934,,0.6899443012719262,,menos_de_2_aristas,,menos_de_2_aristas,2.026939392089844
1:10_os_TAGCN_none_s44,44,1:10_os,TAGCN,none,GNNExplainer,153599,False,0.0036529276985675,,12,0.9879494687572872,,0.8909842879707375,-0.0874125874125874,,0.8333333333333334,,1.8701272010803225
1:10_os_TAGCN_none_s44,44,1:10_os,TAGCN,none,GNNExplainer,155856,True,0.5346325635910034,,1,0.9626263518578004,,0.8301097348075486,,menos_de_2_aristas,,menos_de_2_aristas,1.9237779378890991
1:10_os_TAGCN_none_s44,44,1:10_os,TAGCN,none,GNNExplainer,158611,False,0.3262112140655517,,1,0.8290167010696189,,0.6861634383573032,,menos_de_2_aristas,,menos_de_2_aristas,1.8615530729293823
1:10_os_TAGCN_none_s44,44,1:10_os,TAGCN,none,GNNExplainer,158949,True,0.6971431374549866,,1,0.9492618745676736,,0.8067752930418155,,menos_de_2_aristas,,menos_de_2_aristas,1.8620086908340447
1:10_os_TAGCN_none_s44,44,1:10_os,TAGCN,none,GNNExplainer,159862,False,0.0477440953254699,,0,0.934320418291439,,0.9038656579931832,,menos_de_2_aristas,,menos_de_2_aristas,1.5415035486221311
1:10_os_TAGCN_none_s44,44,1:10_os,TAGCN,none,GNNExplainer,161504,True,0.631941556930542,,2,0.9499001835980406,,0.740189541940311,-0.1999999999999999,,0.4,,1.8838937282562256
1:10_os_TAGCN_none_s44,44,1:10_os,TAGCN,none,GNNExplainer,163852,False,0.2570997178554535,,3,0.9450114380319716,,0.7155707041316818,0.35,,0.7333333333333333,,1.8534481525421145
1:10_os_TAGCN_none_s44,44,1:10_os,TAGCN,none,GNNExplainer,165001,False,0.3853601515293121,,0,0.9412495688270908,,0.8682342671876299,,menos_de_2_aristas,,menos_de_2_aristas,1.904546141624451
1:10_os_TAGCN_none_s44,44,1:10_os,TAGCN,none,GNNExplainer,168077,False,0.2729079127311706,,0,0.9235957629544804,,0.8174561476431956,,menos_de_2_aristas,,menos_de_2_aristas,1.843409776687622
1:10_os_TAGCN_none_s44,44,1:10_os,TAGCN,none,GNNExplainer,168167,True,0.6428883671760559,,0,0.925939619081314,,0.7878310749023194,,menos_de_2_aristas,,menos_de_2_aristas,1.8314733505249023
1:10_os_TAGCN_none_s44,44,1:10_os,TAGCN,none,GNNExplainer,168250,False,0.0718122869729995,,0,0.9317953488372096,,0.8314756006318065,,menos_de_2_aristas,,menos_de_2_aristas,1.785294532775879
1:10_os_TAGCN_none_s44,44,1:10_os,TAGCN,none,GNNExplainer,170168,False,0.1201614737510681,,4,0.9687766627616544,,0.8453238008146979,0.2,,0.65,,1.8710591793060305
1:10_os_TAGCN_none_s44,44,1:10_os,TAGCN,none,GNNExplainer,170185,True,0.5615085959434509,,1,0.9640287380850762,,0.7774968825338766,,menos_de_2_aristas,,menos_de_2_aristas,1.906347393989563
1:10_os_TAGCN_none_s44,44,1:10_os,TAGCN,none,GNNExplainer,171111,False,0.0172480307519435,,58,0.992666086963491,,0.9590456397040484,0.1574886954381863,,0.3000033707486432,,1.8902933597564693
1:10_os_TAGCN_none_s44,44,1:10_os,TAGCN,none,GNNExplainer,171381,True,0.8026652336120605,,1,0.9543146888384983,,0.8610732396707956,,menos_de_2_aristas,,menos_de_2_aristas,1.9500147104263303
1:10_os_TAGCN_none_s44,44,1:10_os,TAGCN,none,GNNExplainer,172466,True,0.904851257801056,,6,0.9656163469557963,,0.8831881286890015,-0.0685714285714285,,0.7,,1.8706365823745728
1:10_os_TAGCN_none_s44,44,1:10_os,TAGCN,none,GNNExplainer,172476,False,0.1094556748867034,,1,0.9461066842023828,,0.8383182309418904,,menos_de_2_aristas,,menos_de_2_aristas,1.9303686618804927
1:10_os_TAGCN_none_s44,44,1:10_os,TAGCN,none,GNNExplainer,172625,False,0.0656158849596977,,0,0.9204275109831844,,0.7509576855931499,,menos_de_2_aristas,,menos_de_2_aristas,1.8474704027175903
1:10_os_TAGCN_none_s44,44,1:10_os,TAGCN,none,GNNExplainer,172800,False,0.2383365780115127,,0,0.917878829509548,,0.9543461634383572,,menos_de_2_aristas,,menos_de_2_aristas,1.9297839403152464
1:10_os_TAGCN_none_s44,44,1:10_os,TAGCN,none,GNNExplainer,173595,False,0.2134259492158889,,0,0.9366869918699188,,0.8145714523235515,,menos_de_2_aristas,,menos_de_2_aristas,1.9381877183914185
1:10_os_TAGCN_none_s44,44,1:10_os,TAGCN,none,PGExplainer,139670,False,0.1492327898740768,,1,,no_aplica,,,menos_de_2_aristas,,menos_de_2_aristas,4.725305080413818
1:10_os_TAGCN_none_s44,44,1:10_os,TAGCN,none,PGExplainer,139873,True,0.6314716935157776,,1,,no_aplica,,,menos_de_2_aristas,,menos_de_2_aristas,4.724778652191162
1:10_os_TAGCN_none_s44,44,1:10_os,TAGCN,none,PGExplainer,140575,True,0.6888256669044495,,2,,no_aplica,,-0.3333333333333333,,0.4,,4.72496509552002
1:10_os_TAGCN_none_s44,44,1:10_os,TAGCN,none,PGExplainer,141068,True,0.6809512376785278,,1,,no_aplica,,,menos_de_2_aristas,,menos_de_2_aristas,4.724761962890625
1:10_os_TAGCN_none_s44,44,1:10_os,TAGCN,none,PGExplainer,148220,True,0.8313142657279968,,2,,no_aplica,,1.0,,0.4,,4.724849224090576
1:10_os_TAGCN_none_s44,44,1:10_os,TAGCN,none,PGExplainer,150129,False,0.0392849817872047,,0,,no_aplica,,,menos_de_2_aristas,,menos_de_2_aristas,4.723343372344971
1:10_os_TAGCN_none_s44,44,1:10_os,TAGCN,none,PGExplainer,150346,False,0.279600977897644,,0,,no_aplica,,,menos_de_2_aristas,,menos_de_2_aristas,4.723154067993164
1:10_os_TAGCN_none_s44,44,1:10_os,TAGCN,none,PGExplainer,150528,True,0.606217086315155,,3,,no_aplica,,-0.1196152422706632,,0.5999999999999999,,4.7247419357299805
1:10_os_TAGCN_none_s44,44,1:10_os,TAGCN,none,PGExplainer,152223,False,0.4462197422981262,,2,,no_aplica,,1.0,,1.0,,4.724720478057861
1:10_os_TAGCN_none_s44,44,1:10_os,TAGCN,none,PGExplainer,152280,False,0.2724104225635528,,1,,no_aplica,,,menos_de_2_aristas,,menos_de_2_aristas,4.72480583190918
1:10_os_TAGCN_none_s44,44,1:10_os,TAGCN,none,PGExplainer,153599,False,0.0036529276985675,,3,,no_aplica,,0.6666666666666666,,0.5999999999999999,,4.724687099456787
1:10_os_TAGCN_none_s44,44,1:10_os,TAGCN,none,PGExplainer,155856,True,0.5346325635910034,,2,,no_aplica,,1.0,,1.0,,4.724479675292969
1:10_os_TAGCN_none_s44,44,1:10_os,TAGCN,none,PGExplainer,158611,False,0.3262112140655517,,3,,no_aplica,,1.0,,0.5999999999999999,,4.724571704864502
1:10_os_TAGCN_none_s44,44,1:10_os,TAGCN,none,PGExplainer,158949,True,0.6971431374549866,,2,,no_aplica,,1.0,,0.4,,4.724501132965088
1:10_os_TAGCN_none_s44,44,1:10_os,TAGCN,none,PGExplainer,159862,False,0.0477440953254699,,0,,no_aplica,,,menos_de_2_aristas,,menos_de_2_aristas,4.723050117492676
1:10_os_TAGCN_none_s44,44,1:10_os,TAGCN,none,PGExplainer,161504,True,0.631941556930542,,3,,no_aplica,,1.0,,0.5999999999999999,,4.724725246429443
1:10_os_TAGCN_none_s44,44,1:10_os,TAGCN,none,PGExplainer,163852,False,0.2570997178554535,,3,,no_aplica,,1.0,,0.5999999999999999,,4.724610805511475
1:10_os_TAGCN_none_s44,44,1:10_os,TAGCN,none,PGExplainer,165001,False,0.3853601515293121,,1,,no_aplica,,,menos_de_2_aristas,,menos_de_2_aristas,4.72446870803833
1:10_os_TAGCN_none_s44,44,1:10_os,TAGCN,none,PGExplainer,168077,False,0.2729079127311706,,1,,no_aplica,,,menos_de_2_aristas,,menos_de_2_aristas,4.724816799163818
1:10_os_TAGCN_none_s44,44,1:10_os,TAGCN,none,PGExplainer,168167,True,0.6428883671760559,,1,,no_aplica,,,menos_de_2_aristas,,menos_de_2_aristas,4.724714756011963
1:10_os_TAGCN_none_s44,44,1:10_os,TAGCN,none,PGExplainer,168250,False,0.0718122869729995,,1,,no_aplica,,,menos_de_2_aristas,,menos_de_2_aristas,4.724581718444824
1:10_os_TAGCN_none_s44,44,1:10_os,TAGCN,none,PGExplainer,170168,False,0.1201614737510681,,3,,no_aplica,,1.0,,0.5999999999999999,,4.724636554718018
1:10_os_TAGCN_none_s44,44,1:10_os,TAGCN,none,PGExplainer,170185,True,0.5615085959434509,,2,,no_aplica,,1.0,,1.0,,4.724579334259033
1:10_os_TAGCN_none_s44,44,1:10_os,TAGCN,none,PGExplainer,171111,False,0.0172480307519435,,3,,no_aplica,,1.0,,1.0,,4.7251458168029785
1:10_os_TAGCN_none_s44,44,1:10_os,TAGCN,none,PGExplainer,171381,True,0.8026652336120605,,2,,no_aplica,,-0.1999999999999999,,0.4,,4.725152969360352
1:10_os_TAGCN_none_s44,44,1:10_os,TAGCN,none,PGExplainer,172466,True,0.904851257801056,,3,,no_aplica,,0.6666666666666666,,1.0,,4.724664211273193
1:10_os_TAGCN_none_s44,44,1:10_os,TAGCN,none,PGExplainer,172476,False,0.1094556748867034,,2,,no_aplica,,1.0,,1.0,,4.72456169128418
1:10_os_TAGCN_none_s44,44,1:10_os,TAGCN,none,PGExplainer,172625,False,0.0656158849596977,,1,,no_aplica,,,menos_de_2_aristas,,menos_de_2_aristas,4.724692344665527
1:10_os_TAGCN_none_s44,44,1:10_os,TAGCN,none,PGExplainer,172800,False,0.2383365780115127,,1,,no_aplica,,,menos_de_2_aristas,,menos_de_2_aristas,4.724589347839356
1:10_os_TAGCN_none_s44,44,1:10_os,TAGCN,none,PGExplainer,173595,False,0.2134259492158889,,1,,no_aplica,,,menos_de_2_aristas,,menos_de_2_aristas,4.724662780761719
1:10_os_TAGCN_none_s44,44,1:10_os,TAGCN,none,ShapleyFeatures,139670,False,0.14923278987407684,,0,0.9960010840108403,,0.9315736968991605,,no_aplica,,no_aplica,0.9435097575187683
1:10_os_TAGCN_none_s44,44,1:10_os,TAGCN,none,ShapleyFeatures,139873,True,0.6314716935157776,,0,0.996837845993471,,0.9818380580264361,,no_aplica,,no_aplica,0.9390764832496643
1:10_os_TAGCN_none_s44,44,1:10_os,TAGCN,none,ShapleyFeatures,140575,True,0.6888256669044495,,0,0.9971142322940926,,0.9054609693241333,,no_aplica,,no_aplica,0.944002628326416
1:10_os_TAGCN_none_s44,44,1:10_os,TAGCN,none,ShapleyFeatures,141068,True,0.6809512376785278,,0,0.9997927213297725,,0.9822761659323304,,no_aplica,,no_aplica,0.9297933578491211
1:10_os_TAGCN_none_s44,44,1:10_os,TAGCN,none,ShapleyFeatures,148220,True,0.8313142657279968,,0,0.9992690338191433,,0.9688394712777454,,no_aplica,,no_aplica,0.948123574256897
1:10_os_TAGCN_none_s44,44,1:10_os,TAGCN,none,ShapleyFeatures,150129,False,0.03928498178720474,,0,,vector_constante,,,no_aplica,,no_aplica,0.7048993706703186
1:10_os_TAGCN_none_s44,44,1:10_os,TAGCN,none,ShapleyFeatures,150346,False,0.27960097789764404,,0,,vector_constante,,,no_aplica,,no_aplica,0.7045374512672424
1:10_os_TAGCN_none_s44,44,1:10_os,TAGCN,none,ShapleyFeatures,150528,True,0.606217086315155,,0,0.9954195475885615,,0.8569606783606286,,no_aplica,,no_aplica,0.9400064945220947
1:10_os_TAGCN_none_s44,44,1:10_os,TAGCN,none,ShapleyFeatures,152223,False,0.4462197422981262,,0,0.9948835486791211,,0.9637318147809459,,no_aplica,,no_aplica,0.941770613193512
1:10_os_TAGCN_none_s44,44,1:10_os,TAGCN,none,ShapleyFeatures,152280,False,0.27241042256355286,,0,0.9883371258869575,,0.9198636628148641,,no_aplica,,no_aplica,0.9305039644241333
1:10_os_TAGCN_none_s44,44,1:10_os,TAGCN,none,ShapleyFeatures,153599,False,0.0036529276985675097,,0,0.9956472661629243,,0.9492035913209744,,no_aplica,,no_aplica,0.9586382508277893
1:10_os_TAGCN_none_s44,44,1:10_os,TAGCN,none,ShapleyFeatures,155856,True,0.5346325635910034,,0,0.9933378895827285,,0.9467994014465043,,no_aplica,,no_aplica,0.9507771134376526
1:10_os_TAGCN_none_s44,44,1:10_os,TAGCN,none,ShapleyFeatures,158611,False,0.32621121406555176,,0,0.9878813574056661,,0.9073921356721257,,no_aplica,,no_aplica,0.9432540535926819
1:10_os_TAGCN_none_s44,44,1:10_os,TAGCN,none,ShapleyFeatures,158949,True,0.6971431374549866,,0,0.9996966706336534,,0.9501895419403109,,no_aplica,,no_aplica,0.9422966837882996
1:10_os_TAGCN_none_s44,44,1:10_os,TAGCN,none,ShapleyFeatures,159862,False,0.04774409532546997,,0,,vector_constante,,,no_aplica,,no_aplica,0.7057622671127319
1:10_os_TAGCN_none_s44,44,1:10_os,TAGCN,none,ShapleyFeatures,161504,True,0.631941556930542,,0,0.9938965565700222,,0.9820924432621165,,no_aplica,,no_aplica,0.9428769946098328
1:10_os_TAGCN_none_s44,44,1:10_os,TAGCN,none,ShapleyFeatures,163852,False,0.2570997178554535,,0,0.9952100308302139,,0.9221373347742956,,no_aplica,,no_aplica,0.9445555806159973
1:10_os_TAGCN_none_s44,44,1:10_os,TAGCN,none,ShapleyFeatures,165001,False,0.38536015152931213,,0,0.9955210496240431,,0.9116044558982461,,no_aplica,,no_aplica,0.9353631734848022
1:10_os_TAGCN_none_s44,44,1:10_os,TAGCN,none,ShapleyFeatures,168077,False,0.27290791273117065,,0,0.9850062825825425,,0.9255332945381994,,no_aplica,,no_aplica,0.9355987906455994
1:10_os_TAGCN_none_s44,44,1:10_os,TAGCN,none,ShapleyFeatures,168167,True,0.6428883671760559,,0,0.9976427077265078,,0.99989359048965,,no_aplica,,no_aplica,0.9366860389709473
1:10_os_TAGCN_none_s44,44,1:10_os,TAGCN,none,ShapleyFeatures,168250,False,0.07181228697299957,,0,0.9942618550715114,,0.9201072408346496,,no_aplica,,no_aplica,0.9433719515800476
1:10_os_TAGCN_none_s44,44,1:10_os,TAGCN,none,ShapleyFeatures,170168,False,0.12016147375106812,,0,0.997338595583039,,0.9679898578435446,,no_aplica,,no_aplica,0.9459250569343567
1:10_os_TAGCN_none_s44,44,1:10_os,TAGCN,none,ShapleyFeatures,170185,True,0.5615085959434509,,0,0.995744524524324,,0.9998561808961677,,no_aplica,,no_aplica,0.9417723417282104
1:10_os_TAGCN_none_s44,44,1:10_os,TAGCN,none,ShapleyFeatures,171111,False,0.017248030751943588,,0,0.9885395239494565,,0.9505786017125282,,no_aplica,,no_aplica,3.1884310245513916
1:10_os_TAGCN_none_s44,44,1:10_os,TAGCN,none,ShapleyFeatures,171381,True,0.8026652336120605,,0,0.9986995383557609,,0.9644667054618008,,no_aplica,,no_aplica,0.9435675740242004
1:10_os_TAGCN_none_s44,44,1:10_os,TAGCN,none,ShapleyFeatures,172466,True,0.9048512578010559,,0,0.9993503460694388,,0.9999301687588329,,no_aplica,,no_aplica,0.9463962912559509
1:10_os_TAGCN_none_s44,44,1:10_os,TAGCN,none,ShapleyFeatures,172476,False,0.10945567488670349,,0,0.9972874894080528,,0.9109518663230526,,no_aplica,,no_aplica,0.9439561367034912
1:10_os_TAGCN_none_s44,44,1:10_os,TAGCN,none,ShapleyFeatures,172625,False,0.06561588495969772,,0,0.9950195577995394,,0.9047585002909635,,no_aplica,,no_aplica,0.9343757033348083
1:10_os_TAGCN_none_s44,44,1:10_os,TAGCN,none,ShapleyFeatures,172800,False,0.23833657801151276,,0,0.9958731152677366,,0.9681793997838557,,no_aplica,,no_aplica,0.9389516711235046
1:10_os_TAGCN_none_s44,44,1:10_os,TAGCN,none,ShapleyFeatures,173595,False,0.21342594921588898,,0,0.9989733771519885,,0.9821847202593732,,no_aplica,,no_aplica,0.9370072484016418
