architecture,scenario,balancing,explainer,node,node_typ,spearman,plaus_edge,plaus_feat,shap_conc,fid_plus,fid_minus,sub_n_nodes
GraphSAGE,1:1,none,GNNExplainer,8568,2,0.9452631578947368,0.25,1.0,,1.0,0.0,17
GraphSAGE,1:1,none,GNNExplainer,8147,1,0.9004511278195488,0.5294117647058824,0.0,,1.0,0.0,28
GraphSAGE,1:1,none,GNNExplainer,9119,3,0.8541353383458645,0.5416666666666666,0.0,,1.0,0.0,27
GraphSAGE,1:1,none,GNNExplainer,8265,1,0.8672180451127819,0.5,1.0,,0.4,0.0,34
GraphSAGE,1:1,none,GNNExplainer,9321,4,0.823609022556391,0.5,0.0,,1.0,0.0,32
GraphSAGE,1:1,none,GNNExplainer,9008,3,0.7221052631578947,0.5,0.0,,1.0,0.0,33
GraphSAGE,1:1,none,GNNExplainer,8107,1,0.4825563909774435,0.391304347826087,1.0,,0.0,0.0,83
GraphSAGE,1:1,none,GNNExplainer,8053,1,0.49052631578947353,0.36363636363636365,1.0,,0.0,0.0,83
GraphSAGE,1:1,none,GNNExplainer,9238,4,0.7633082706766917,0.5,0.0,,1.0,0.0,39
GraphSAGE,1:1,none,GNNExplainer,9121,3,0.8921804511278195,0.5,0.0,,1.0,0.0,26
GraphSAGE,1:1,none,GNNExplainer,9405,4,0.699548872180451,0.5555555555555556,0.0,,1.0,0.0,30
GraphSAGE,1:1,none,GNNExplainer,8997,3,0.8293233082706765,0.4666666666666667,0.0,,1.0,0.0,32
GraphSAGE,1:1,none,GNNExplainer,9184,3,0.7147368421052631,0.4375,0.0,,1.0,0.0,35
GraphSAGE,1:1,none,GNNExplainer,8224,1,0.4121804511278195,0.5476190476190477,0.0,,0.8,0.0,36
GraphSAGE,1:1,none,GNNExplainer,8333,1,0.8275187969924811,0.5238095238095238,0.0,,1.0,0.0,33
GraphSAGE,1:1,none,GNNExplainer,8937,3,0.8604511278195488,0.5,0.0,,1.0,0.0,38
GraphSAGE,1:1,none,GNNExplainer,8209,1,0.9293233082706767,0.6590909090909091,0.0,,1.0,0.0,25
GraphSAGE,1:1,none,GNNExplainer,8803,2,0.9354887218045114,0.25,1.0,,1.0,0.0,17
GraphSAGE,1:1,none,GNNExplainer,8825,2,0.9542857142857143,0.625,1.0,,1.0,0.0,26
GraphSAGE,1:1,none,GNNExplainer,8687,2,0.8551879699248118,0.375,1.0,,1.0,0.0,30
GraphSAGE,1:1,none,GNNExplainer,8029,1,0.9693233082706767,0.4090909090909091,0.0,,1.0,0.0,25
GraphSAGE,1:1,none,GNNExplainer,8556,2,0.9314285714285713,0.5,1.0,,1.0,0.0,25
GraphSAGE,1:1,none,GNNExplainer,8226,1,0.8574436090225565,0.5238095238095238,0.0,,1.0,0.0,33
GraphSAGE,1:1,none,GNNExplainer,8604,2,0.8666165413533834,0.375,1.0,,1.0,0.0,20
GraphSAGE,1:1,none,GNNExplainer,9462,4,0.8965413533834585,0.575,0.0,,1.0,0.0,33
GraphSAGE,1:1,none,GNNExplainer,8521,2,0.9076691729323307,0.5,1.0,,1.0,0.0,23
GraphSAGE,1:1,none,GNNExplainer,9442,4,0.9213533834586464,0.3,1.0,,1.0,0.0,30
GraphSAGE,1:1,none,GNNExplainer,9096,3,0.78796992481203,0.5,0.0,,1.0,0.0,34
GraphSAGE,1:1,none,GNNExplainer,8647,2,0.9290225563909773,0.0,1.0,,1.0,0.0,21
GraphSAGE,1:1,none,GNNExplainer,8698,2,0.9070676691729324,0.5,1.0,,1.0,0.0,18
GraphSAGE,1:1,none,PGExplainer,8568,2,,1.0,,,,,17
GraphSAGE,1:1,none,PGExplainer,8147,1,,0.9705882352941176,,,,,28
GraphSAGE,1:1,none,PGExplainer,9119,3,,1.0,,,,,27
GraphSAGE,1:1,none,PGExplainer,8265,1,,0.9473684210526315,,,,,34
GraphSAGE,1:1,none,PGExplainer,9321,4,,0.9411764705882353,,,,,32
GraphSAGE,1:1,none,PGExplainer,9008,3,,1.0,,,,,33
GraphSAGE,1:1,none,PGExplainer,8107,1,,1.0,,,,,83
GraphSAGE,1:1,none,PGExplainer,8053,1,,0.9772727272727273,,,,,83
GraphSAGE,1:1,none,PGExplainer,9238,4,,0.9500000000000001,,,,,39
GraphSAGE,1:1,none,PGExplainer,9121,3,,1.0,,,,,26
GraphSAGE,1:1,none,PGExplainer,9405,4,,0.9444444444444444,,,,,30
GraphSAGE,1:1,none,PGExplainer,8997,3,,1.0,,,,,32
GraphSAGE,1:1,none,PGExplainer,9184,3,,1.0,,,,,35
GraphSAGE,1:1,none,PGExplainer,8224,1,,0.9285714285714286,,,,,36
GraphSAGE,1:1,none,PGExplainer,8333,1,,0.9761904761904762,,,,,33
GraphSAGE,1:1,none,PGExplainer,8937,3,,0.9473684210526315,,,,,38
GraphSAGE,1:1,none,PGExplainer,8209,1,,0.9772727272727273,,,,,25
GraphSAGE,1:1,none,PGExplainer,8803,2,,1.0,,,,,17
GraphSAGE,1:1,none,PGExplainer,8825,2,,0.75,,,,,26
GraphSAGE,1:1,none,PGExplainer,8687,2,,1.0,,,,,30
GraphSAGE,1:1,none,PGExplainer,8029,1,,0.9545454545454546,,,,,25
GraphSAGE,1:1,none,PGExplainer,8556,2,,1.0,,,,,25
GraphSAGE,1:1,none,PGExplainer,8226,1,,0.9523809523809523,,,,,33
GraphSAGE,1:1,none,PGExplainer,8604,2,,0.875,,,,,20
GraphSAGE,1:1,none,PGExplainer,9462,4,,0.9500000000000001,,,,,33
GraphSAGE,1:1,none,PGExplainer,8521,2,,0.8333333333333334,,,,,23
GraphSAGE,1:1,none,PGExplainer,9442,4,,0.9500000000000001,,,,,30
GraphSAGE,1:1,none,PGExplainer,9096,3,,0.9411764705882353,,,,,34
GraphSAGE,1:1,none,PGExplainer,8647,2,,1.0,,,,,21
GraphSAGE,1:1,none,PGExplainer,8698,2,,1.0,,,,,18
GraphSAGE,1:1,none,GNNShap,8568,2,0.9317293233082706,,0.0,0.9740226164886556,,,17
GraphSAGE,1:1,none,GNNShap,8147,1,0.9663157894736839,,0.0,0.9389029127891917,,,28
GraphSAGE,1:1,none,GNNShap,9119,3,0.9266165413533833,,0.0,0.9865463676626641,,,27
GraphSAGE,1:1,none,GNNShap,8265,1,0.9675187969924812,,0.0,0.9674487013258911,,,34
GraphSAGE,1:1,none,GNNShap,9321,4,0.9777443609022555,,0.0,0.9526967669335937,,,32
GraphSAGE,1:1,none,GNNShap,9008,3,0.9670676691729321,,0.0,0.9623501803766785,,,33
GraphSAGE,1:1,none,GNNShap,8107,1,0.8878195488721804,,0.0,0.9960173714147398,,,83
GraphSAGE,1:1,none,GNNShap,8053,1,0.9478195488721802,,0.0,0.9978410029839548,,,83
GraphSAGE,1:1,none,GNNShap,9238,4,0.9276691729323308,,0.0,0.9039170179757747,,,39
GraphSAGE,1:1,none,GNNShap,9121,3,0.9512781954887217,,0.0,0.9935737386601904,,,26
GraphSAGE,1:1,none,GNNShap,9405,4,0.9741353383458644,,0.0,0.9534741734039718,,,30
GraphSAGE,1:1,none,GNNShap,8997,3,0.9378947368421052,,0.0,0.9748062329744449,,,32
GraphSAGE,1:1,none,GNNShap,9184,3,0.9102255639097743,,0.0,0.9774657045485531,,,35
GraphSAGE,1:1,none,GNNShap,8224,1,0.9130827067669172,,0.0,0.945160625122093,,,36
GraphSAGE,1:1,none,GNNShap,8333,1,0.9631578947368421,,0.0,0.9758222030027669,,,33
GraphSAGE,1:1,none,GNNShap,8937,3,0.9685714285714285,,0.0,0.9672897559337678,,,38
GraphSAGE,1:1,none,GNNShap,8209,1,0.9476691729323308,,0.0,0.9832253199965495,,,25
GraphSAGE,1:1,none,GNNShap,8803,2,0.9790977443609021,,1.0,0.9464768772144734,,,17
GraphSAGE,1:1,none,GNNShap,8825,2,0.9097744360902255,,1.0,0.9802428584848839,,,26
GraphSAGE,1:1,none,GNNShap,8687,2,0.9744360902255638,,1.0,0.970215073571054,,,30
GraphSAGE,1:1,none,GNNShap,8029,1,0.9807518796992479,,0.0,0.9555436469449674,,,25
GraphSAGE,1:1,none,GNNShap,8556,2,0.9705263157894736,,0.0,0.96844637653105,,,25
GraphSAGE,1:1,none,GNNShap,8226,1,0.9803007518796992,,0.0,0.9552486060537774,,,33
GraphSAGE,1:1,none,GNNShap,8604,2,0.9658646616541354,,1.0,0.9844414503999263,,,20
GraphSAGE,1:1,none,GNNShap,9462,4,0.9786466165413534,,0.0,0.9649067557259615,,,33
GraphSAGE,1:1,none,GNNShap,8521,2,0.9369924812030076,,1.0,0.9770467540965582,,,23
GraphSAGE,1:1,none,GNNShap,9442,4,0.9730827067669171,,0.0,0.8985720567552888,,,30
GraphSAGE,1:1,none,GNNShap,9096,3,0.9230075187969924,,0.0,0.9845659640627158,,,34
GraphSAGE,1:1,none,GNNShap,8647,2,0.9306766917293231,,0.0,0.988756299334604,,,21
GraphSAGE,1:1,none,GNNShap,8698,2,0.9681203007518796,,1.0,0.9692132339756464,,,18
GraphSAGE,1:1,class_weighting,GNNExplainer,8568,2,0.9497744360902255,0.25,1.0,,1.0,0.0,17
GraphSAGE,1:1,class_weighting,GNNExplainer,8147,1,0.8932330827067668,0.5294117647058824,0.0,,1.0,0.0,28
GraphSAGE,1:1,class_weighting,GNNExplainer,9119,3,0.8569924812030074,0.5416666666666666,0.0,,1.0,0.0,27
GraphSAGE,1:1,class_weighting,GNNExplainer,8265,1,0.8622556390977444,0.5,1.0,,0.4,0.0,34
GraphSAGE,1:1,class_weighting,GNNExplainer,9321,4,0.8156390977443608,0.5,0.0,,1.0,0.0,32
GraphSAGE,1:1,class_weighting,GNNExplainer,9008,3,0.7066165413533834,0.5,0.0,,1.0,0.0,33
GraphSAGE,1:1,class_weighting,GNNExplainer,8107,1,0.4825563909774435,0.391304347826087,1.0,,0.0,0.0,83
GraphSAGE,1:1,class_weighting,GNNExplainer,8053,1,0.49052631578947353,0.36363636363636365,1.0,,0.0,0.0,83
GraphSAGE,1:1,class_weighting,GNNExplainer,9238,4,0.7377443609022556,0.5,0.0,,1.0,0.0,39
GraphSAGE,1:1,class_weighting,GNNExplainer,9121,3,0.8866165413533833,0.5,0.0,,1.0,0.0,26
GraphSAGE,1:1,class_weighting,GNNExplainer,9405,4,0.7061654135338346,0.5555555555555556,0.0,,1.0,0.0,30
GraphSAGE,1:1,class_weighting,GNNExplainer,8997,3,0.8386466165413532,0.4666666666666667,0.0,,1.0,0.0,32
GraphSAGE,1:1,class_weighting,GNNExplainer,9184,3,0.7257142857142856,0.4375,0.0,,1.0,0.0,35
GraphSAGE,1:1,class_weighting,GNNExplainer,8224,1,0.47187969924812023,0.5476190476190477,0.0,,0.6,0.0,36
GraphSAGE,1:1,class_weighting,GNNExplainer,8333,1,0.814736842105263,0.5238095238095238,0.0,,1.0,0.0,33
GraphSAGE,1:1,class_weighting,GNNExplainer,8937,3,0.8657142857142857,0.5,0.0,,1.0,0.0,38
GraphSAGE,1:1,class_weighting,GNNExplainer,8209,1,0.9384962406015036,0.6590909090909091,0.0,,1.0,0.0,25
GraphSAGE,1:1,class_weighting,GNNExplainer,8803,2,0.9305263157894735,0.25,1.0,,1.0,0.0,17
GraphSAGE,1:1,class_weighting,GNNExplainer,8825,2,0.968421052631579,0.625,1.0,,1.0,0.0,26
GraphSAGE,1:1,class_weighting,GNNExplainer,8687,2,0.8581954887218043,0.375,1.0,,1.0,0.0,30
GraphSAGE,1:1,class_weighting,GNNExplainer,8029,1,0.9520300751879699,0.4090909090909091,0.0,,1.0,0.0,25
GraphSAGE,1:1,class_weighting,GNNExplainer,8556,2,0.9390977443609023,0.5,1.0,,1.0,0.0,25
GraphSAGE,1:1,class_weighting,GNNExplainer,8226,1,0.8470676691729322,0.5238095238095238,0.0,,1.0,0.0,33
GraphSAGE,1:1,class_weighting,GNNExplainer,8604,2,0.8742857142857142,0.5,1.0,,1.0,0.0,20
GraphSAGE,1:1,class_weighting,GNNExplainer,9462,4,0.8941353383458646,0.575,0.0,,1.0,0.0,33
GraphSAGE,1:1,class_weighting,GNNExplainer,8521,2,0.9066165413533833,0.5,1.0,,1.0,0.0,23
GraphSAGE,1:1,class_weighting,GNNExplainer,9442,4,0.9377443609022554,0.3,0.0,,1.0,0.0,30
GraphSAGE,1:1,class_weighting,GNNExplainer,9096,3,0.761954887218045,0.5,0.0,,1.0,0.0,34
GraphSAGE,1:1,class_weighting,GNNExplainer,8647,2,0.925563909774436,0.0,1.0,,1.0,0.0,21
GraphSAGE,1:1,class_weighting,GNNExplainer,8698,2,0.9192481203007518,0.5,1.0,,1.0,0.0,18
GraphSAGE,1:1,class_weighting,PGExplainer,8568,2,,1.0,,,,,17
GraphSAGE,1:1,class_weighting,PGExplainer,8147,1,,0.9705882352941176,,,,,28
GraphSAGE,1:1,class_weighting,PGExplainer,9119,3,,1.0,,,,,27
GraphSAGE,1:1,class_weighting,PGExplainer,8265,1,,0.9473684210526315,,,,,34
GraphSAGE,1:1,class_weighting,PGExplainer,9321,4,,0.9411764705882353,,,,,32
GraphSAGE,1:1,class_weighting,PGExplainer,9008,3,,1.0,,,,,33
GraphSAGE,1:1,class_weighting,PGExplainer,8107,1,,1.0,,,,,83
GraphSAGE,1:1,class_weighting,PGExplainer,8053,1,,0.9772727272727273,,,,,83
GraphSAGE,1:1,class_weighting,PGExplainer,9238,4,,0.9500000000000001,,,,,39
GraphSAGE,1:1,class_weighting,PGExplainer,9121,3,,1.0,,,,,26
GraphSAGE,1:1,class_weighting,PGExplainer,9405,4,,0.9444444444444444,,,,,30
GraphSAGE,1:1,class_weighting,PGExplainer,8997,3,,1.0,,,,,32
GraphSAGE,1:1,class_weighting,PGExplainer,9184,3,,1.0,,,,,35
GraphSAGE,1:1,class_weighting,PGExplainer,8224,1,,0.9523809523809523,,,,,36
GraphSAGE,1:1,class_weighting,PGExplainer,8333,1,,0.9761904761904762,,,,,33
GraphSAGE,1:1,class_weighting,PGExplainer,8937,3,,0.9473684210526315,,,,,38
GraphSAGE,1:1,class_weighting,PGExplainer,8209,1,,0.9772727272727273,,,,,25
GraphSAGE,1:1,class_weighting,PGExplainer,8803,2,,1.0,,,,,17
GraphSAGE,1:1,class_weighting,PGExplainer,8825,2,,0.75,,,,,26
GraphSAGE,1:1,class_weighting,PGExplainer,8687,2,,1.0,,,,,30
GraphSAGE,1:1,class_weighting,PGExplainer,8029,1,,0.9545454545454546,,,,,25
GraphSAGE,1:1,class_weighting,PGExplainer,8556,2,,1.0,,,,,25
GraphSAGE,1:1,class_weighting,PGExplainer,8226,1,,0.9523809523809523,,,,,33
GraphSAGE,1:1,class_weighting,PGExplainer,8604,2,,1.0,,,,,20
GraphSAGE,1:1,class_weighting,PGExplainer,9462,4,,0.9500000000000001,,,,,33
GraphSAGE,1:1,class_weighting,PGExplainer,8521,2,,0.8333333333333334,,,,,23
GraphSAGE,1:1,class_weighting,PGExplainer,9442,4,,0.9500000000000001,,,,,30
GraphSAGE,1:1,class_weighting,PGExplainer,9096,3,,0.9411764705882353,,,,,34
GraphSAGE,1:1,class_weighting,PGExplainer,8647,2,,1.0,,,,,21
GraphSAGE,1:1,class_weighting,PGExplainer,8698,2,,1.0,,,,,18
GraphSAGE,1:1,class_weighting,GNNShap,8568,2,0.9290225563909773,,0.0,0.9740593648393068,,,17
GraphSAGE,1:1,class_weighting,GNNShap,8147,1,0.9640601503759397,,0.0,0.9393520125537431,,,28
GraphSAGE,1:1,class_weighting,GNNShap,9119,3,0.949624060150376,,0.0,0.9865699667308139,,,27
GraphSAGE,1:1,class_weighting,GNNShap,8265,1,0.9717293233082704,,0.0,0.9660971828256555,,,34
GraphSAGE,1:1,class_weighting,GNNShap,9321,4,0.9748872180451128,,0.0,0.9565700952664351,,,32
GraphSAGE,1:1,class_weighting,GNNShap,9008,3,0.9751879699248118,,0.0,0.9639014403690046,,,33
GraphSAGE,1:1,class_weighting,GNNShap,8107,1,0.8860150375939849,,0.0,0.9963342709951271,,,83
GraphSAGE,1:1,class_weighting,GNNShap,8053,1,0.9530827067669172,,0.0,0.99796759102622,,,83
GraphSAGE,1:1,class_weighting,GNNShap,9238,4,0.9324812030075187,,0.0,0.9019409053050719,,,39
GraphSAGE,1:1,class_weighting,GNNShap,9121,3,0.9535338345864661,,0.0,0.993890547210259,,,26
GraphSAGE,1:1,class_weighting,GNNShap,9405,4,0.9714285714285715,,0.0,0.9523145007743621,,,30
GraphSAGE,1:1,class_weighting,GNNShap,8997,3,0.9366917293233081,,0.0,0.9748755869524229,,,32
GraphSAGE,1:1,class_weighting,GNNShap,9184,3,0.9090225563909774,,0.0,0.9788738517599969,,,35
GraphSAGE,1:1,class_weighting,GNNShap,8224,1,0.9269172932330827,,0.0,0.9372120741776346,,,36
GraphSAGE,1:1,class_weighting,GNNShap,8333,1,0.9729323308270675,,0.0,0.9747217575962995,,,33
GraphSAGE,1:1,class_weighting,GNNShap,8937,3,0.9652631578947366,,0.0,0.9673063416723073,,,38
GraphSAGE,1:1,class_weighting,GNNShap,8209,1,0.9654135338345865,,0.0,0.9855719133939862,,,25
GraphSAGE,1:1,class_weighting,GNNShap,8803,2,0.9759398496240601,,1.0,0.9500079154082914,,,17
GraphSAGE,1:1,class_weighting,GNNShap,8825,2,0.9141353383458647,,1.0,0.9782240824259862,,,26
GraphSAGE,1:1,class_weighting,GNNShap,8687,2,0.9861654135338347,,1.0,0.969206710854275,,,30
GraphSAGE,1:1,class_weighting,GNNShap,8029,1,0.9769924812030075,,0.0,0.9578567054982525,,,25
GraphSAGE,1:1,class_weighting,GNNShap,8556,2,0.9613533834586464,,0.0,0.9683806094613537,,,25
GraphSAGE,1:1,class_weighting,GNNShap,8226,1,0.9834586466165411,,0.0,0.9575625918347397,,,33
GraphSAGE,1:1,class_weighting,GNNShap,8604,2,0.9581954887218045,,1.0,0.9850744727053105,,,20
GraphSAGE,1:1,class_weighting,GNNShap,9462,4,0.9745864661654133,,0.0,0.9618778872343826,,,33
GraphSAGE,1:1,class_weighting,GNNShap,8521,2,0.936390977443609,,1.0,0.9753809184687132,,,23
GraphSAGE,1:1,class_weighting,GNNShap,9442,4,0.9723308270676689,,0.0,0.8992641410456402,,,30
GraphSAGE,1:1,class_weighting,GNNShap,9096,3,0.9118796992481201,,0.0,0.98417802883636,,,34
GraphSAGE,1:1,class_weighting,GNNShap,8647,2,0.9341353383458646,,0.0,0.9896282808526244,,,21
GraphSAGE,1:1,class_weighting,GNNShap,8698,2,0.9712781954887216,,1.0,0.9702192171924023,,,18
GraphSAGE,1:1,focal_loss,GNNExplainer,8790,2,0.9566917293233083,0.5,1.0,,1.0,0.0,24
GraphSAGE,1:1,focal_loss,GNNExplainer,8147,1,0.9685714285714285,0.5294117647058824,0.0,,1.0,0.0,28
GraphSAGE,1:1,focal_loss,GNNExplainer,8745,2,0.8566917293233083,0.5,1.0,,1.0,0.0,21
GraphSAGE,1:1,focal_loss,GNNExplainer,8336,1,0.921203007518797,0.5714285714285714,1.0,,1.0,0.0,30
GraphSAGE,1:1,focal_loss,GNNExplainer,8404,2,0.9499248120300751,0.375,1.0,,1.0,0.0,25
GraphSAGE,1:1,focal_loss,GNNExplainer,9343,4,0.8965413533834585,0.65,1.0,,1.0,0.0,32
GraphSAGE,1:1,focal_loss,GNNExplainer,8107,1,0.5302255639097744,0.391304347826087,1.0,,0.0,0.0,83
GraphSAGE,1:1,focal_loss,GNNExplainer,8053,1,0.5021052631578946,0.4090909090909091,1.0,,0.0,0.0,83
GraphSAGE,1:1,focal_loss,GNNExplainer,8285,1,0.9233082706766916,0.4230769230769231,1.0,,1.0,0.0,27
GraphSAGE,1:1,focal_loss,GNNExplainer,8346,1,0.8470676691729322,0.5454545454545454,0.0,,1.0,0.0,35
GraphSAGE,1:1,focal_loss,GNNExplainer,8985,3,0.8878195488721804,0.43333333333333335,0.0,,1.0,0.0,36
GraphSAGE,1:1,focal_loss,GNNExplainer,8906,3,0.8270676691729323,0.5227272727272727,0.0,,1.0,0.0,37
GraphSAGE,1:1,focal_loss,GNNExplainer,8827,2,0.9270676691729323,0.375,1.0,,1.0,0.0,23
GraphSAGE,1:1,focal_loss,GNNExplainer,8270,1,0.9372932330827066,0.4666666666666667,1.0,,1.0,0.0,25
GraphSAGE,1:1,focal_loss,GNNExplainer,8635,2,0.9478195488721803,0.25,1.0,,1.0,0.0,23
GraphSAGE,1:1,focal_loss,GNNExplainer,9065,3,0.8711278195488721,0.5263157894736842,0.0,,1.0,0.0,33
GraphSAGE,1:1,focal_loss,GNNExplainer,8738,2,0.8548872180451127,0.25,1.0,,1.0,0.0,17
GraphSAGE,1:1,focal_loss,GNNExplainer,8749,2,0.9789473684210523,0.5,1.0,,1.0,0.0,19
GraphSAGE,1:1,focal_loss,GNNExplainer,8828,2,0.9413533834586465,0.5,1.0,,1.0,0.0,25
GraphSAGE,1:1,focal_loss,GNNExplainer,8209,1,0.8837593984962405,0.6590909090909091,0.0,,1.0,0.0,25
GraphSAGE,1:1,focal_loss,GNNExplainer,8029,1,0.9532330827067668,0.4090909090909091,0.0,,1.0,0.0,25
GraphSAGE,1:1,focal_loss,GNNExplainer,8716,2,0.9568421052631576,0.375,1.0,,1.0,0.0,23
GraphSAGE,1:1,focal_loss,GNNExplainer,8602,2,0.8488721804511279,0.25,1.0,,1.0,0.0,16
GraphSAGE,1:1,focal_loss,GNNExplainer,9405,4,0.877142857142857,0.5555555555555556,0.0,,1.0,0.0,30
GraphSAGE,1:1,focal_loss,GNNExplainer,9462,4,0.922706766917293,0.575,0.0,,1.0,0.0,33
GraphSAGE,1:1,focal_loss,GNNExplainer,9352,4,0.8646616541353384,0.525,1.0,,1.0,0.0,36
GraphSAGE,1:1,focal_loss,GNNExplainer,8519,2,0.8227067669172932,0.5,0.0,,1.0,0.0,21
GraphSAGE,1:1,focal_loss,GNNExplainer,9174,3,0.9015037593984963,0.5208333333333334,0.0,,1.0,0.0,41
GraphSAGE,1:1,focal_loss,GNNExplainer,8333,1,0.9120300751879699,0.5238095238095238,0.0,,1.0,0.0,33
GraphSAGE,1:1,focal_loss,GNNExplainer,9488,4,0.5418045112781955,0.5,0.0,,0.0,0.0,67
GraphSAGE,1:1,focal_loss,PGExplainer,8790,2,,0.6666666666666666,,,,,24
GraphSAGE,1:1,focal_loss,PGExplainer,8147,1,,0.9705882352941176,,,,,28
GraphSAGE,1:1,focal_loss,PGExplainer,8745,2,,1.0,,,,,21
GraphSAGE,1:1,focal_loss,PGExplainer,8336,1,,0.9523809523809523,,,,,30
GraphSAGE,1:1,focal_loss,PGExplainer,8404,2,,0.75,,,,,25
GraphSAGE,1:1,focal_loss,PGExplainer,9343,4,,0.975,,,,,32
GraphSAGE,1:1,focal_loss,PGExplainer,8107,1,,0.9782608695652174,,,,,83
GraphSAGE,1:1,focal_loss,PGExplainer,8053,1,,0.9545454545454546,,,,,83
GraphSAGE,1:1,focal_loss,PGExplainer,8285,1,,0.9615384615384616,,,,,27
GraphSAGE,1:1,focal_loss,PGExplainer,8346,1,,1.0,,,,,35
GraphSAGE,1:1,focal_loss,PGExplainer,8985,3,,1.0,,,,,36
GraphSAGE,1:1,focal_loss,PGExplainer,8906,3,,0.9545454545454546,,,,,37
GraphSAGE,1:1,focal_loss,PGExplainer,8827,2,,1.0,,,,,23
GraphSAGE,1:1,focal_loss,PGExplainer,8270,1,,0.9666666666666667,,,,,25
GraphSAGE,1:1,focal_loss,PGExplainer,8635,2,,0.5,,,,,23
GraphSAGE,1:1,focal_loss,PGExplainer,9065,3,,1.0,,,,,33
GraphSAGE,1:1,focal_loss,PGExplainer,8738,2,,1.0,,,,,17
GraphSAGE,1:1,focal_loss,PGExplainer,8749,2,,1.0,,,,,19
GraphSAGE,1:1,focal_loss,PGExplainer,8828,2,,0.5,,,,,25
GraphSAGE,1:1,focal_loss,PGExplainer,8209,1,,0.9772727272727273,,,,,25
GraphSAGE,1:1,focal_loss,PGExplainer,8029,1,,0.9545454545454546,,,,,25
GraphSAGE,1:1,focal_loss,PGExplainer,8716,2,,0.75,,,,,23
GraphSAGE,1:1,focal_loss,PGExplainer,8602,2,,0.75,,,,,16
GraphSAGE,1:1,focal_loss,PGExplainer,9405,4,,0.9444444444444444,,,,,30
GraphSAGE,1:1,focal_loss,PGExplainer,9462,4,,0.9500000000000001,,,,,33
GraphSAGE,1:1,focal_loss,PGExplainer,9352,4,,0.975,,,,,36
GraphSAGE,1:1,focal_loss,PGExplainer,8519,2,,0.5,,,,,21
GraphSAGE,1:1,focal_loss,PGExplainer,9174,3,,0.9583333333333334,,,,,41
GraphSAGE,1:1,focal_loss,PGExplainer,8333,1,,0.9523809523809523,,,,,33
GraphSAGE,1:1,focal_loss,PGExplainer,9488,4,,0.9,,,,,67
GraphSAGE,1:1,focal_loss,GNNShap,8790,2,0.9667669172932329,,0.0,0.9570890682501544,,,24
GraphSAGE,1:1,focal_loss,GNNShap,8147,1,0.9921804511278195,,0.0,0.9579143862108077,,,28
GraphSAGE,1:1,focal_loss,GNNShap,8745,2,0.9876691729323307,,0.0,0.970105421310618,,,21
GraphSAGE,1:1,focal_loss,GNNShap,8336,1,0.9830075187969923,,0.0,0.9748831463629694,,,30
GraphSAGE,1:1,focal_loss,GNNShap,8404,2,0.9930827067669172,,0.0,0.959408480306473,,,25
GraphSAGE,1:1,focal_loss,GNNShap,9343,4,0.9917293233082706,,0.0,0.9524889916465827,,,32
GraphSAGE,1:1,focal_loss,GNNShap,8107,1,0.9530827067669172,,0.0,0.994277421117825,,,83
GraphSAGE,1:1,focal_loss,GNNShap,8053,1,0.9763909774436088,,0.0,0.9963953021395475,,,83
GraphSAGE,1:1,focal_loss,GNNShap,8285,1,0.983157894736842,,0.0,0.9612027912324766,,,27
GraphSAGE,1:1,focal_loss,GNNShap,8346,1,0.9851127819548869,,0.0,0.9667814056018808,,,35
GraphSAGE,1:1,focal_loss,GNNShap,8985,3,0.9936842105263158,,0.0,0.9771553523818663,,,36
GraphSAGE,1:1,focal_loss,GNNShap,8906,3,0.9798496240601503,,0.0,0.987159948071121,,,37
GraphSAGE,1:1,focal_loss,GNNShap,8827,2,0.9700751879699248,,1.0,0.966570327014707,,,23
GraphSAGE,1:1,focal_loss,GNNShap,8270,1,0.9921804511278195,,0.0,0.9509850256197272,,,25
GraphSAGE,1:1,focal_loss,GNNShap,8635,2,0.9942857142857141,,1.0,0.9603035276206084,,,23
GraphSAGE,1:1,focal_loss,GNNShap,9065,3,0.9538345864661654,,0.0,0.981419816799461,,,33
GraphSAGE,1:1,focal_loss,GNNShap,8738,2,0.9639097744360903,,0.0,0.9847712095337224,,,17
GraphSAGE,1:1,focal_loss,GNNShap,8749,2,0.9799999999999999,,0.0,0.9541544979249851,,,19
GraphSAGE,1:1,focal_loss,GNNShap,8828,2,0.9792481203007519,,0.0,0.9703869151510472,,,25
GraphSAGE,1:1,focal_loss,GNNShap,8209,1,0.9845112781954887,,0.0,0.9829955501920693,,,25
GraphSAGE,1:1,focal_loss,GNNShap,8029,1,0.9923308270676691,,0.0,0.9664017681546995,,,25
GraphSAGE,1:1,focal_loss,GNNShap,8716,2,0.9673684210526314,,1.0,0.9833997891566542,,,23
GraphSAGE,1:1,focal_loss,GNNShap,8602,2,0.9592481203007518,,0.0,0.9719084604103063,,,16
GraphSAGE,1:1,focal_loss,GNNShap,9405,4,0.9858646616541351,,0.0,0.9591801331715087,,,30
GraphSAGE,1:1,focal_loss,GNNShap,9462,4,0.993082706766917,,0.0,0.9748882998628423,,,33
GraphSAGE,1:1,focal_loss,GNNShap,9352,4,0.9950375939849623,,0.0,0.9536275340539465,,,36
GraphSAGE,1:1,focal_loss,GNNShap,8519,2,0.9885714285714284,,0.0,0.9401711436766661,,,21
GraphSAGE,1:1,focal_loss,GNNShap,9174,3,0.9888721804511279,,0.0,0.9738252533683699,,,41
GraphSAGE,1:1,focal_loss,GNNShap,8333,1,0.9926315789473683,,0.0,0.9847958093622229,,,33
GraphSAGE,1:1,focal_loss,GNNShap,9488,4,0.9362406015037592,,0.0,0.9904322968887247,,,67
GraphSAGE,1:10,none,GNNExplainer,8897,3,0.8712781954887218,0.5294117647058824,1.0,,1.0,0.0,35
GraphSAGE,1:10,none,GNNExplainer,8722,2,0.9676691729323308,0.5,1.0,,1.0,0.0,22
GraphSAGE,1:10,none,GNNExplainer,8482,2,0.9669172932330827,0.0,1.0,,1.0,0.0,17
GraphSAGE,1:10,none,GNNExplainer,9328,4,0.939548872180451,0.35,0.0,,1.0,0.0,28
GraphSAGE,1:10,none,GNNExplainer,8270,1,0.9607518796992481,0.5,0.0,,1.0,0.0,25
GraphSAGE,1:10,none,GNNExplainer,8053,1,0.4950375939849624,0.36363636363636365,1.0,,0.0,0.0,83
GraphSAGE,1:10,none,GNNExplainer,8533,2,0.9596992481203008,0.6666666666666666,1.0,,1.0,0.0,19
GraphSAGE,1:10,none,GNNExplainer,8740,2,0.9378947368421052,0.625,1.0,,1.0,0.0,23
GraphSAGE,1:10,none,GNNExplainer,8802,2,0.9181954887218045,0.6666666666666666,1.0,,1.0,0.0,19
GraphSAGE,1:10,none,GNNExplainer,8147,1,0.939548872180451,0.5294117647058824,0.0,,1.0,0.0,28
GraphSAGE,1:10,none,GNNExplainer,8029,1,0.9669172932330827,0.4090909090909091,0.0,,1.0,0.0,25
GraphSAGE,1:10,none,GNNExplainer,8445,2,0.96,0.5,1.0,,1.0,0.0,31
GraphSAGE,1:10,none,GNNExplainer,8224,1,0.7317293233082707,0.5476190476190477,0.0,,1.0,0.0,36
GraphSAGE,1:10,none,GNNExplainer,8863,2,0.940751879699248,0.625,1.0,,1.0,0.0,20
GraphSAGE,1:10,none,GNNExplainer,8529,2,0.9451127819548871,0.375,1.0,,1.0,0.0,23
GraphSAGE,1:10,none,GNNExplainer,8226,1,0.8646616541353384,0.5238095238095238,0.0,,1.0,0.0,33
GraphSAGE,1:10,none,GNNExplainer,8560,2,0.9342857142857142,0.375,1.0,,1.0,0.0,27
GraphSAGE,1:10,none,GNNExplainer,9000,3,0.9497744360902255,0.5333333333333333,0.0,,1.0,0.0,32
GraphSAGE,1:10,none,GNNExplainer,9287,4,0.870827067669173,0.3,0.0,,1.0,0.0,38
GraphSAGE,1:10,none,GNNExplainer,8647,2,0.8735338345864662,0.0,1.0,,1.0,0.0,21
GraphSAGE,1:10,none,GNNExplainer,9203,3,0.847218045112782,0.55,0.0,,1.0,0.0,21
GraphSAGE,1:10,none,GNNExplainer,9443,4,0.8936842105263159,0.3,0.0,,1.0,0.0,27
GraphSAGE,1:10,none,GNNExplainer,9316,4,0.8180451127819548,0.5294117647058824,0.0,,1.0,0.0,31
GraphSAGE,1:10,none,GNNExplainer,8107,1,0.5028571428571428,0.391304347826087,1.0,,0.0,0.0,83
GraphSAGE,1:10,none,GNNExplainer,8687,2,0.9500751879699246,0.625,1.0,,1.0,0.0,30
GraphSAGE,1:10,none,GNNExplainer,9142,3,0.9473684210526316,0.5,1.0,,1.0,0.0,75
GraphSAGE,1:10,none,GNNExplainer,9362,4,0.9357894736842105,0.46153846153846156,0.0,,1.0,0.0,25
GraphSAGE,1:10,none,GNNExplainer,8319,1,0.9073684210526316,0.5666666666666667,0.0,,1.0,0.0,23
GraphSAGE,1:10,none,GNNExplainer,9238,4,0.8160902255639098,0.5,0.0,,1.0,0.0,39
GraphSAGE,1:10,none,GNNExplainer,8468,2,0.9210526315789472,0.5,1.0,,1.0,0.0,27
GraphSAGE,1:10,none,PGExplainer,8897,3,,0.9411764705882353,,,,,35
GraphSAGE,1:10,none,PGExplainer,8722,2,,1.0,,,,,22
GraphSAGE,1:10,none,PGExplainer,8482,2,,0.5,,,,,17
GraphSAGE,1:10,none,PGExplainer,9328,4,,1.0,,,,,28
GraphSAGE,1:10,none,PGExplainer,8270,1,,1.0,,,,,25
GraphSAGE,1:10,none,PGExplainer,8053,1,,1.0,,,,,83
GraphSAGE,1:10,none,PGExplainer,8533,2,,0.8333333333333334,,,,,19
GraphSAGE,1:10,none,PGExplainer,8740,2,,1.0,,,,,23
GraphSAGE,1:10,none,PGExplainer,8802,2,,0.8333333333333334,,,,,19
GraphSAGE,1:10,none,PGExplainer,8147,1,,0.9705882352941176,,,,,28
GraphSAGE,1:10,none,PGExplainer,8029,1,,0.9545454545454546,,,,,25
GraphSAGE,1:10,none,PGExplainer,8445,2,,1.0,,,,,31
GraphSAGE,1:10,none,PGExplainer,8224,1,,0.9523809523809523,,,,,36
GraphSAGE,1:10,none,PGExplainer,8863,2,,1.0,,,,,20
GraphSAGE,1:10,none,PGExplainer,8529,2,,0.875,,,,,23
GraphSAGE,1:10,none,PGExplainer,8226,1,,0.9523809523809523,,,,,33
GraphSAGE,1:10,none,PGExplainer,8560,2,,1.0,,,,,27
GraphSAGE,1:10,none,PGExplainer,9000,3,,1.0,,,,,32
GraphSAGE,1:10,none,PGExplainer,9287,4,,1.0,,,,,38
GraphSAGE,1:10,none,PGExplainer,8647,2,,1.0,,,,,21
GraphSAGE,1:10,none,PGExplainer,9203,3,,0.9500000000000001,,,,,21
GraphSAGE,1:10,none,PGExplainer,9443,4,,0.9,,,,,27
GraphSAGE,1:10,none,PGExplainer,9316,4,,0.9705882352941176,,,,,31
GraphSAGE,1:10,none,PGExplainer,8107,1,,1.0,,,,,83
GraphSAGE,1:10,none,PGExplainer,8687,2,,0.75,,,,,30
GraphSAGE,1:10,none,PGExplainer,9142,3,,0.8666666666666667,,,,,75
GraphSAGE,1:10,none,PGExplainer,9362,4,,1.0,,,,,25
GraphSAGE,1:10,none,PGExplainer,8319,1,,1.0,,,,,23
GraphSAGE,1:10,none,PGExplainer,9238,4,,0.9500000000000001,,,,,39
GraphSAGE,1:10,none,PGExplainer,8468,2,,0.75,,,,,27
GraphSAGE,1:10,none,GNNShap,8897,3,0.9648120300751881,,0.0,0.9786894205828698,,,35
GraphSAGE,1:10,none,GNNShap,8722,2,0.9636090225563908,,0.0,0.9783921807610497,,,22
GraphSAGE,1:10,none,GNNShap,8482,2,0.9350375939849623,,0.0,0.9696787614318294,,,17
GraphSAGE,1:10,none,GNNShap,9328,4,0.9789473684210526,,0.0,0.9234850898759422,,,28
GraphSAGE,1:10,none,GNNShap,8270,1,0.9765413533834586,,0.0,0.9419646931012492,,,25
GraphSAGE,1:10,none,GNNShap,8053,1,0.9052631578947368,,0.0,0.9958491249757809,,,83
GraphSAGE,1:10,none,GNNShap,8533,2,0.9705263157894736,,0.0,0.9567339167213739,,,19
GraphSAGE,1:10,none,GNNShap,8740,2,0.940751879699248,,1.0,0.9721996619302067,,,23
GraphSAGE,1:10,none,GNNShap,8802,2,0.9293233082706767,,1.0,0.9693062778787904,,,19
GraphSAGE,1:10,none,GNNShap,8147,1,0.9851127819548872,,0.0,0.9460552631592278,,,28
GraphSAGE,1:10,none,GNNShap,8029,1,0.9780451127819548,,0.0,0.9640685443797998,,,25
GraphSAGE,1:10,none,GNNShap,8445,2,0.9809022556390978,,0.0,0.944181722111155,,,31
GraphSAGE,1:10,none,GNNShap,8224,1,0.9709774436090223,,0.0,0.9390438580696291,,,36
GraphSAGE,1:10,none,GNNShap,8863,2,0.9651127819548873,,1.0,0.9834062002084185,,,20
GraphSAGE,1:10,none,GNNShap,8529,2,0.9750375939849624,,0.0,0.9344291753458173,,,23
GraphSAGE,1:10,none,GNNShap,8226,1,0.96796992481203,,0.0,0.9596887607934235,,,33
GraphSAGE,1:10,none,GNNShap,8560,2,0.941954887218045,,0.0,0.9578729615417061,,,27
GraphSAGE,1:10,none,GNNShap,9000,3,0.9539849624060149,,0.0,0.9854477684170675,,,32
GraphSAGE,1:10,none,GNNShap,9287,4,0.9860150375939849,,0.0,0.9695691938082251,,,38
GraphSAGE,1:10,none,GNNShap,8647,2,0.9314285714285713,,1.0,0.9847054995020492,,,21
GraphSAGE,1:10,none,GNNShap,9203,3,0.947669172932331,,0.0,0.9501430307862714,,,21
GraphSAGE,1:10,none,GNNShap,9443,4,0.9583458646616542,,0.0,0.9796289304024748,,,27
GraphSAGE,1:10,none,GNNShap,9316,4,0.9715789473684209,,0.0,0.9740316893488744,,,31
GraphSAGE,1:10,none,GNNShap,8107,1,0.9114285714285716,,0.0,0.995369724057884,,,83
GraphSAGE,1:10,none,GNNShap,8687,2,0.9578947368421051,,0.0,0.9725861760965872,,,30
GraphSAGE,1:10,none,GNNShap,9142,3,0.9667669172932328,,0.0,0.9916206006247272,,,75
GraphSAGE,1:10,none,GNNShap,9362,4,0.97593984962406,,0.0,0.9624798476416496,,,25
GraphSAGE,1:10,none,GNNShap,8319,1,0.9845112781954886,,0.0,0.954725229438343,,,23
GraphSAGE,1:10,none,GNNShap,9238,4,0.972781954887218,,0.0,0.944478823218201,,,39
GraphSAGE,1:10,none,GNNShap,8468,2,0.9821052631578947,,0.0,0.9475726326601887,,,27
GraphSAGE,1:10,class_weighting,GNNExplainer,9141,3,0.9075187969924812,0.5,1.0,,1.0,0.0,30
GraphSAGE,1:10,class_weighting,GNNExplainer,8053,1,0.48075187969924815,0.38636363636363635,1.0,,0.0,0.0,83
GraphSAGE,1:10,class_weighting,GNNExplainer,8265,1,0.9178947368421053,0.47368421052631576,1.0,,1.0,0.0,34
GraphSAGE,1:10,class_weighting,GNNExplainer,8270,1,0.9150375939849622,0.5,0.0,,1.0,0.0,25
GraphSAGE,1:10,class_weighting,GNNExplainer,8107,1,0.49368421052631567,0.391304347826087,1.0,,0.0,0.0,83
GraphSAGE,1:10,class_weighting,GNNExplainer,8285,1,0.9147368421052631,0.4230769230769231,0.0,,1.0,0.0,27
GraphSAGE,1:10,class_weighting,GNNExplainer,8404,2,0.9024060150375941,0.375,1.0,,1.0,0.0,25
GraphSAGE,1:10,class_weighting,GNNExplainer,8870,2,0.9246616541353383,0.5,1.0,,1.0,0.0,20
GraphSAGE,1:10,class_weighting,GNNExplainer,9350,4,0.844812030075188,0.525,0.0,,1.0,0.0,36
GraphSAGE,1:10,class_weighting,GNNExplainer,8226,1,0.8622556390977444,0.5238095238095238,0.0,,1.0,0.0,33
GraphSAGE,1:10,class_weighting,GNNExplainer,8331,1,0.6270676691729322,0.5952380952380952,1.0,,1.0,0.0,30
GraphSAGE,1:10,class_weighting,GNNExplainer,8746,2,0.9353383458646615,0.5,1.0,,1.0,0.0,21
GraphSAGE,1:10,class_weighting,GNNExplainer,8825,2,0.8807518796992481,0.5,1.0,,1.0,0.0,26
GraphSAGE,1:10,class_weighting,GNNExplainer,8461,2,0.9482706766917293,0.625,1.0,,1.0,0.0,20
GraphSAGE,1:10,class_weighting,GNNExplainer,8802,2,0.9290225563909773,0.6666666666666666,1.0,,1.0,0.0,19
GraphSAGE,1:10,class_weighting,GNNExplainer,9462,4,0.9592481203007518,0.575,0.0,,1.0,0.0,33
GraphSAGE,1:10,class_weighting,GNNExplainer,8029,1,0.9792481203007517,0.4090909090909091,0.0,,1.0,0.0,25
GraphSAGE,1:10,class_weighting,GNNExplainer,9154,3,0.9308270676691729,0.5,1.0,,1.0,0.0,29
GraphSAGE,1:10,class_weighting,GNNExplainer,8747,2,0.9309774436090225,0.625,1.0,,1.0,0.0,19
GraphSAGE,1:10,class_weighting,GNNExplainer,9471,4,0.7544360902255638,0.525,1.0,,1.0,0.0,33
GraphSAGE,1:10,class_weighting,GNNExplainer,8319,1,0.8860150375939849,0.5666666666666667,0.0,,1.0,0.0,23
GraphSAGE,1:10,class_weighting,GNNExplainer,9540,4,0.8308270676691729,0.5,0.0,,1.0,0.0,32
GraphSAGE,1:10,class_weighting,GNNExplainer,9115,3,0.9174436090225562,0.5416666666666666,0.0,,1.0,0.0,28
GraphSAGE,1:10,class_weighting,GNNExplainer,9266,4,0.9135338345864662,0.4166666666666667,1.0,,1.0,0.0,30
GraphSAGE,1:10,class_weighting,GNNExplainer,8333,1,0.7667669172932331,0.5238095238095238,0.0,,1.0,0.0,33
GraphSAGE,1:10,class_weighting,GNNExplainer,8634,2,0.9440601503759398,0.5,1.0,,1.0,0.0,24
GraphSAGE,1:10,class_weighting,GNNExplainer,8666,2,0.9042105263157895,0.625,1.0,,1.0,0.0,24
GraphSAGE,1:10,class_weighting,GNNExplainer,8147,1,0.8825563909774436,0.5294117647058824,0.0,,1.0,0.0,28
GraphSAGE,1:10,class_weighting,GNNExplainer,9407,4,0.6445112781954886,0.4166666666666667,1.0,,1.0,0.0,40
GraphSAGE,1:10,class_weighting,GNNExplainer,9460,4,0.8078195488721803,0.525,0.0,,1.0,0.0,35
GraphSAGE,1:10,class_weighting,PGExplainer,9141,3,,0.9333333333333333,,,,,30
GraphSAGE,1:10,class_weighting,PGExplainer,8053,1,,1.0,,,,,83
GraphSAGE,1:10,class_weighting,PGExplainer,8265,1,,0.9473684210526315,,,,,34
GraphSAGE,1:10,class_weighting,PGExplainer,8270,1,,1.0,,,,,25
GraphSAGE,1:10,class_weighting,PGExplainer,8107,1,,1.0,,,,,83
GraphSAGE,1:10,class_weighting,PGExplainer,8285,1,,1.0,,,,,27
GraphSAGE,1:10,class_weighting,PGExplainer,8404,2,,0.75,,,,,25
GraphSAGE,1:10,class_weighting,PGExplainer,8870,2,,1.0,,,,,20
GraphSAGE,1:10,class_weighting,PGExplainer,9350,4,,0.975,,,,,36
GraphSAGE,1:10,class_weighting,PGExplainer,8226,1,,0.9285714285714286,,,,,33
GraphSAGE,1:10,class_weighting,PGExplainer,8331,1,,1.0,,,,,30
GraphSAGE,1:10,class_weighting,PGExplainer,8746,2,,1.0,,,,,21
GraphSAGE,1:10,class_weighting,PGExplainer,8825,2,,0.75,,,,,26
GraphSAGE,1:10,class_weighting,PGExplainer,8461,2,,0.875,,,,,20
GraphSAGE,1:10,class_weighting,PGExplainer,8802,2,,1.0,,,,,19
GraphSAGE,1:10,class_weighting,PGExplainer,9462,4,,0.9500000000000001,,,,,33
GraphSAGE,1:10,class_weighting,PGExplainer,8029,1,,0.9545454545454546,,,,,25
GraphSAGE,1:10,class_weighting,PGExplainer,9154,3,,0.9333333333333333,,,,,29
GraphSAGE,1:10,class_weighting,PGExplainer,8747,2,,1.0,,,,,19
GraphSAGE,1:10,class_weighting,PGExplainer,9471,4,,0.9500000000000001,,,,,33
GraphSAGE,1:10,class_weighting,PGExplainer,8319,1,,1.0,,,,,23
GraphSAGE,1:10,class_weighting,PGExplainer,9540,4,,0.9666666666666667,,,,,32
GraphSAGE,1:10,class_weighting,PGExplainer,9115,3,,0.9583333333333334,,,,,28
GraphSAGE,1:10,class_weighting,PGExplainer,9266,4,,0.9166666666666666,,,,,30
GraphSAGE,1:10,class_weighting,PGExplainer,8333,1,,0.9761904761904762,,,,,33
GraphSAGE,1:10,class_weighting,PGExplainer,8634,2,,1.0,,,,,24
GraphSAGE,1:10,class_weighting,PGExplainer,8666,2,,1.0,,,,,24
GraphSAGE,1:10,class_weighting,PGExplainer,8147,1,,0.9705882352941176,,,,,28
GraphSAGE,1:10,class_weighting,PGExplainer,9407,4,,0.9722222222222222,,,,,40
GraphSAGE,1:10,class_weighting,PGExplainer,9460,4,,0.9500000000000001,,,,,35
GraphSAGE,1:10,class_weighting,GNNShap,9141,3,0.9350375939849623,,0.0,0.9785205060629616,,,30
GraphSAGE,1:10,class_weighting,GNNShap,8053,1,0.9039097744360902,,0.0,0.9993163346257085,,,83
GraphSAGE,1:10,class_weighting,GNNShap,8265,1,0.9870676691729321,,0.0,0.9731117545621861,,,34
GraphSAGE,1:10,class_weighting,GNNShap,8270,1,0.9742857142857142,,0.0,0.9566813588572931,,,25
GraphSAGE,1:10,class_weighting,GNNShap,8107,1,0.9383458646616539,,0.0,0.9979049839393601,,,83
GraphSAGE,1:10,class_weighting,GNNShap,8285,1,0.9568421052631578,,0.0,0.9341072857050798,,,27
GraphSAGE,1:10,class_weighting,GNNShap,8404,2,0.9664661654135338,,0.0,0.9690272021810366,,,25
GraphSAGE,1:10,class_weighting,GNNShap,8870,2,0.9512781954887218,,1.0,0.9701679501255057,,,20
GraphSAGE,1:10,class_weighting,GNNShap,9350,4,0.9733834586466162,,0.0,0.945139749366418,,,36
GraphSAGE,1:10,class_weighting,GNNShap,8226,1,0.9670676691729323,,0.0,0.9660956543273566,,,33
GraphSAGE,1:10,class_weighting,GNNShap,8331,1,0.9700751879699249,,0.0,0.9512508529163854,,,30
GraphSAGE,1:10,class_weighting,GNNShap,8746,2,0.9502255639097743,,0.0,0.9702066811637063,,,21
GraphSAGE,1:10,class_weighting,GNNShap,8825,2,0.9380451127819548,,0.0,0.9771880836359399,,,26
GraphSAGE,1:10,class_weighting,GNNShap,8461,2,0.9861654135338342,,1.0,0.9400646042074804,,,20
GraphSAGE,1:10,class_weighting,GNNShap,8802,2,0.9621052631578948,,1.0,0.9669629023257187,,,19
GraphSAGE,1:10,class_weighting,GNNShap,9462,4,0.9792481203007519,,0.0,0.9683704227768549,,,33
GraphSAGE,1:10,class_weighting,GNNShap,8029,1,0.9678195488721804,,0.0,0.9604647823413947,,,25
GraphSAGE,1:10,class_weighting,GNNShap,9154,3,0.9804511278195488,,0.0,0.9818734826949396,,,29
GraphSAGE,1:10,class_weighting,GNNShap,8747,2,0.9433082706766915,,0.0,0.9555414783679032,,,19
GraphSAGE,1:10,class_weighting,GNNShap,9471,4,0.985563909774436,,0.0,0.9564092423559216,,,33
GraphSAGE,1:10,class_weighting,GNNShap,8319,1,0.9715789473684211,,0.0,0.9577123387102191,,,23
GraphSAGE,1:10,class_weighting,GNNShap,9540,4,0.9833082706766916,,0.0,0.9338664487343195,,,32
GraphSAGE,1:10,class_weighting,GNNShap,9115,3,0.9410526315789471,,0.0,0.9635067200887265,,,28
GraphSAGE,1:10,class_weighting,GNNShap,9266,4,0.9819548872180451,,0.0,0.9582770426714955,,,30
GraphSAGE,1:10,class_weighting,GNNShap,8333,1,0.986766917293233,,0.0,0.9790512276566771,,,33
GraphSAGE,1:10,class_weighting,GNNShap,8634,2,0.9816541353383459,,0.0,0.9601702171763795,,,24
GraphSAGE,1:10,class_weighting,GNNShap,8666,2,0.9505263157894737,,1.0,0.9620716370607783,,,24
GraphSAGE,1:10,class_weighting,GNNShap,8147,1,0.9890225563909774,,0.0,0.9477073748932355,,,28
GraphSAGE,1:10,class_weighting,GNNShap,9407,4,0.9930827067669172,,1.0,0.9717772684043927,,,40
GraphSAGE,1:10,class_weighting,GNNShap,9460,4,0.9891729323308269,,0.0,0.9531133006350135,,,35
GraphSAGE,1:10,focal_loss,GNNExplainer,9141,3,0.8354887218045113,0.4666666666666667,0.0,,1.0,0.0,30
GraphSAGE,1:10,focal_loss,GNNExplainer,8053,1,0.6043609022556391,0.38636363636363635,1.0,,0.0,0.0,83
GraphSAGE,1:10,focal_loss,GNNExplainer,8265,1,0.9509774436090226,0.47368421052631576,0.0,,1.0,0.0,34
GraphSAGE,1:10,focal_loss,GNNExplainer,8270,1,0.9434586466165413,0.4666666666666667,0.0,,1.0,0.0,25
GraphSAGE,1:10,focal_loss,GNNExplainer,8107,1,0.6479699248120301,0.36956521739130427,1.0,,0.0,0.0,83
GraphSAGE,1:10,focal_loss,GNNExplainer,8285,1,0.9312781954887217,0.4230769230769231,0.0,,1.0,0.0,27
GraphSAGE,1:10,focal_loss,GNNExplainer,8404,2,0.9499248120300752,0.5,1.0,,1.0,0.0,25
GraphSAGE,1:10,focal_loss,GNNExplainer,8870,2,0.9118796992481203,0.5,1.0,,1.0,0.0,20
GraphSAGE,1:10,focal_loss,GNNExplainer,9350,4,0.9387969924812027,0.525,0.0,,1.0,0.0,36
GraphSAGE,1:10,focal_loss,GNNExplainer,8226,1,0.9395488721804511,0.5238095238095238,0.0,,1.0,0.0,33
GraphSAGE,1:10,focal_loss,GNNExplainer,8331,1,0.8171428571428571,0.5952380952380952,0.0,,1.0,0.0,30
GraphSAGE,1:10,focal_loss,GNNExplainer,8747,2,0.8894736842105262,0.5,1.0,,1.0,0.0,19
GraphSAGE,1:10,focal_loss,GNNExplainer,8825,2,0.9351879699248119,0.5,1.0,,1.0,0.0,26
GraphSAGE,1:10,focal_loss,GNNExplainer,8461,2,0.938796992481203,0.625,1.0,,1.0,0.0,20
GraphSAGE,1:10,focal_loss,GNNExplainer,8802,2,0.8909774436090224,0.6666666666666666,1.0,,1.0,0.0,19
GraphSAGE,1:10,focal_loss,GNNExplainer,9462,4,0.9278195488721803,0.575,0.0,,1.0,0.0,33
GraphSAGE,1:10,focal_loss,GNNExplainer,8029,1,0.9475187969924811,0.4090909090909091,0.0,,1.0,0.0,25
GraphSAGE,1:10,focal_loss,GNNExplainer,9154,3,0.9499248120300752,0.5,0.0,,1.0,0.0,29
GraphSAGE,1:10,focal_loss,GNNExplainer,8749,2,0.9697744360902254,0.5,1.0,,1.0,0.0,19
GraphSAGE,1:10,focal_loss,GNNExplainer,9471,4,0.874736842105263,0.525,0.0,,1.0,0.0,33
GraphSAGE,1:10,focal_loss,GNNExplainer,8319,1,0.9203007518796991,0.5666666666666667,1.0,,1.0,0.0,23
GraphSAGE,1:10,focal_loss,GNNExplainer,9540,4,0.9356390977443608,0.4666666666666667,0.0,,1.0,0.0,32
GraphSAGE,1:10,focal_loss,GNNExplainer,9115,3,0.9073684210526315,0.4583333333333333,0.0,,1.0,0.0,28
GraphSAGE,1:10,focal_loss,GNNExplainer,9266,4,0.8809022556390976,0.4166666666666667,0.0,,1.0,0.0,30
GraphSAGE,1:10,focal_loss,GNNExplainer,8333,1,0.9294736842105262,0.5238095238095238,0.0,,1.0,0.0,33
GraphSAGE,1:10,focal_loss,GNNExplainer,8634,2,0.9300751879699248,0.3333333333333333,1.0,,1.0,0.0,24
GraphSAGE,1:10,focal_loss,GNNExplainer,8666,2,0.9079699248120301,0.375,1.0,,1.0,0.0,24
GraphSAGE,1:10,focal_loss,GNNExplainer,8147,1,0.9463157894736842,0.5294117647058824,0.0,,1.0,0.0,28
GraphSAGE,1:10,focal_loss,GNNExplainer,9407,4,0.8234586466165412,0.4166666666666667,0.0,,1.0,0.0,40
GraphSAGE,1:10,focal_loss,GNNExplainer,9460,4,0.919548872180451,0.525,0.0,,1.0,0.0,35
GraphSAGE,1:10,focal_loss,PGExplainer,9141,3,,0.9333333333333333,,,,,30
GraphSAGE,1:10,focal_loss,PGExplainer,8053,1,,1.0,,,,,83
GraphSAGE,1:10,focal_loss,PGExplainer,8265,1,,0.9473684210526315,,,,,34
GraphSAGE,1:10,focal_loss,PGExplainer,8270,1,,0.9666666666666667,,,,,25
GraphSAGE,1:10,focal_loss,PGExplainer,8107,1,,1.0,,,,,83
GraphSAGE,1:10,focal_loss,PGExplainer,8285,1,,0.9615384615384616,,,,,27
GraphSAGE,1:10,focal_loss,PGExplainer,8404,2,,0.5,,,,,25
GraphSAGE,1:10,focal_loss,PGExplainer,8870,2,,0.5,,,,,20
GraphSAGE,1:10,focal_loss,PGExplainer,9350,4,,0.9500000000000001,,,,,36
GraphSAGE,1:10,focal_loss,PGExplainer,8226,1,,0.9285714285714286,,,,,33
GraphSAGE,1:10,focal_loss,PGExplainer,8331,1,,0.9523809523809523,,,,,30
GraphSAGE,1:10,focal_loss,PGExplainer,8747,2,,0.875,,,,,19
GraphSAGE,1:10,focal_loss,PGExplainer,8825,2,,0.625,,,,,26
GraphSAGE,1:10,focal_loss,PGExplainer,8461,2,,0.625,,,,,20
GraphSAGE,1:10,focal_loss,PGExplainer,8802,2,,0.6666666666666666,,,,,19
GraphSAGE,1:10,focal_loss,PGExplainer,9462,4,,0.925,,,,,33
GraphSAGE,1:10,focal_loss,PGExplainer,8029,1,,0.9090909090909091,,,,,25
GraphSAGE,1:10,focal_loss,PGExplainer,9154,3,,0.9333333333333333,,,,,29
GraphSAGE,1:10,focal_loss,PGExplainer,8749,2,,0.75,,,,,19
GraphSAGE,1:10,focal_loss,PGExplainer,9471,4,,0.925,,,,,33
GraphSAGE,1:10,focal_loss,PGExplainer,8319,1,,0.9666666666666667,,,,,23
GraphSAGE,1:10,focal_loss,PGExplainer,9540,4,,0.9333333333333333,,,,,32
GraphSAGE,1:10,focal_loss,PGExplainer,9115,3,,0.9583333333333334,,,,,28
GraphSAGE,1:10,focal_loss,PGExplainer,9266,4,,0.9166666666666666,,,,,30
GraphSAGE,1:10,focal_loss,PGExplainer,8333,1,,0.9523809523809523,,,,,33
GraphSAGE,1:10,focal_loss,PGExplainer,8634,2,,0.8333333333333334,,,,,24
GraphSAGE,1:10,focal_loss,PGExplainer,8666,2,,0.875,,,,,24
GraphSAGE,1:10,focal_loss,PGExplainer,8147,1,,0.9411764705882353,,,,,28
GraphSAGE,1:10,focal_loss,PGExplainer,9407,4,,0.9444444444444444,,,,,40
GraphSAGE,1:10,focal_loss,PGExplainer,9460,4,,0.925,,,,,35
GraphSAGE,1:10,focal_loss,GNNShap,9141,3,0.9762406015037592,,0.0,0.9797041416195326,,,30
GraphSAGE,1:10,focal_loss,GNNShap,8053,1,0.9025563909774433,,0.0,0.9952357089586471,,,83
GraphSAGE,1:10,focal_loss,GNNShap,8265,1,0.993233082706767,,0.0,0.9802282501208147,,,34
GraphSAGE,1:10,focal_loss,GNNShap,8270,1,0.9938345864661654,,0.0,0.9665168958047247,,,25
GraphSAGE,1:10,focal_loss,GNNShap,8107,1,0.9667669172932332,,0.0,0.989632249552724,,,83
GraphSAGE,1:10,focal_loss,GNNShap,8285,1,0.9846616541353382,,0.0,0.9751602138028499,,,27
GraphSAGE,1:10,focal_loss,GNNShap,8404,2,0.9818045112781955,,0.0,0.9688611104541553,,,25
GraphSAGE,1:10,focal_loss,GNNShap,8870,2,0.9469172932330825,,1.0,0.9730194168175534,,,20
GraphSAGE,1:10,focal_loss,GNNShap,9350,4,0.9939849624060149,,0.0,0.944610079093418,,,36
GraphSAGE,1:10,focal_loss,GNNShap,8226,1,0.9881203007518795,,0.0,0.9775713915448211,,,33
GraphSAGE,1:10,focal_loss,GNNShap,8331,1,0.9876691729323308,,0.0,0.9540513493734271,,,30
GraphSAGE,1:10,focal_loss,GNNShap,8747,2,0.9583458646616541,,0.0,0.9644979672263503,,,19
GraphSAGE,1:10,focal_loss,GNNShap,8825,2,0.9416541353383459,,1.0,0.977311909007055,,,26
GraphSAGE,1:10,focal_loss,GNNShap,8461,2,0.9860150375939849,,1.0,0.9543746461351026,,,20
GraphSAGE,1:10,focal_loss,GNNShap,8802,2,0.9836090225563907,,1.0,0.9553777289356488,,,19
GraphSAGE,1:10,focal_loss,GNNShap,9462,4,0.9893233082706766,,0.0,0.9815298599274433,,,33
GraphSAGE,1:10,focal_loss,GNNShap,8029,1,0.9870676691729322,,0.0,0.9728341533554525,,,25
GraphSAGE,1:10,focal_loss,GNNShap,9154,3,0.955639097744361,,0.0,0.977268349944301,,,29
GraphSAGE,1:10,focal_loss,GNNShap,8749,2,0.9918796992481204,,0.0,0.9495386597365411,,,19
GraphSAGE,1:10,focal_loss,GNNShap,9471,4,0.9974436090225565,,0.0,0.959231150879425,,,33
GraphSAGE,1:10,focal_loss,GNNShap,8319,1,0.9806015037593984,,0.0,0.9745579017346454,,,23
GraphSAGE,1:10,focal_loss,GNNShap,9540,4,0.9938345864661654,,0.0,0.9489827699668979,,,32
GraphSAGE,1:10,focal_loss,GNNShap,9115,3,0.9556390977443607,,0.0,0.974681210610753,,,28
GraphSAGE,1:10,focal_loss,GNNShap,9266,4,0.9935338345864662,,0.0,0.9555284084502462,,,30
GraphSAGE,1:10,focal_loss,GNNShap,8333,1,0.9929323308270674,,0.0,0.9822547316934619,,,33
GraphSAGE,1:10,focal_loss,GNNShap,8634,2,0.9825563909774436,,1.0,0.9681222201652352,,,24
GraphSAGE,1:10,focal_loss,GNNShap,8666,2,0.9864661654135336,,1.0,0.963672884208993,,,24
GraphSAGE,1:10,focal_loss,GNNShap,8147,1,0.9921804511278195,,0.0,0.964348442014289,,,28
GraphSAGE,1:10,focal_loss,GNNShap,9407,4,0.9951879699248121,,0.0,0.9737872850221823,,,40
GraphSAGE,1:10,focal_loss,GNNShap,9460,4,0.9929323308270674,,0.0,0.9696819796380536,,,35
GraphSAGE,1:50,none,GNNExplainer,9141,3,0.8553383458646616,0.5,1.0,,1.0,0.0,30
GraphSAGE,1:50,none,GNNExplainer,9340,4,0.7783458646616542,0.55,0.0,,1.0,0.0,34
GraphSAGE,1:50,none,GNNExplainer,8101,1,0.8867669172932329,0.58,0.0,,1.0,0.0,33
GraphSAGE,1:50,none,GNNExplainer,8206,1,0.9745864661654136,0.5227272727272727,0.0,,1.0,0.0,34
GraphSAGE,1:50,none,GNNExplainer,8746,2,0.9368421052631577,0.5,1.0,,1.0,0.0,21
GraphSAGE,1:50,none,GNNExplainer,8825,2,0.9723308270676692,0.5,0.0,,1.0,0.0,26
GraphSAGE,1:50,none,GNNExplainer,8747,2,0.936390977443609,0.25,1.0,,1.0,0.0,19
GraphSAGE,1:50,none,GNNExplainer,9417,4,0.9147368421052631,0.38461538461538464,0.0,,1.0,0.0,34
GraphSAGE,1:50,none,GNNExplainer,9354,4,0.9156390977443607,0.525,0.0,,1.0,0.0,35
GraphSAGE,1:50,none,GNNExplainer,8950,3,0.9458646616541351,0.4666666666666667,1.0,,1.0,0.0,29
GraphSAGE,1:50,none,GNNExplainer,9120,3,0.9413533834586467,0.4583333333333333,1.0,,1.0,0.0,30
GraphSAGE,1:50,none,GNNExplainer,8335,1,0.9180451127819547,0.5476190476190477,0.0,,1.0,0.0,33
GraphSAGE,1:50,none,GNNExplainer,9008,3,0.8651127819548871,0.43333333333333335,0.0,,1.0,0.0,33
GraphSAGE,1:50,none,GNNExplainer,8850,2,0.9688721804511278,0.5,1.0,,1.0,0.0,24
GraphSAGE,1:50,none,GNNExplainer,8228,1,0.9706766917293234,0.38095238095238093,0.0,,1.0,0.0,41
GraphSAGE,1:50,none,GNNExplainer,8314,1,0.9479699248120301,0.43333333333333335,0.0,,1.0,0.0,32
GraphSAGE,1:50,none,GNNExplainer,8213,1,0.9347368421052631,0.5681818181818182,0.0,,1.0,0.0,32
GraphSAGE,1:50,none,GNNExplainer,8138,1,0.9584962406015037,0.4411764705882353,0.0,,1.0,0.0,33
GraphSAGE,1:50,none,GNNExplainer,9122,3,0.9536842105263157,0.4166666666666667,0.0,,1.0,0.0,32
GraphSAGE,1:50,none,GNNExplainer,8560,2,0.9557894736842105,0.25,1.0,,1.0,0.0,27
GraphSAGE,1:50,none,GNNExplainer,9362,4,0.9488721804511278,0.46153846153846156,0.0,,1.0,0.0,25
GraphSAGE,1:50,none,GNNExplainer,8058,1,0.9314285714285713,0.5454545454545454,0.0,,1.0,0.0,33
GraphSAGE,1:50,none,GNNExplainer,9382,4,0.9213533834586466,0.525,0.0,,1.0,0.0,35
GraphSAGE,1:50,none,GNNExplainer,8279,1,0.9010526315789473,0.5,0.0,,1.0,0.0,21
GraphSAGE,1:50,none,GNNExplainer,9321,4,0.9380451127819548,0.5,0.0,,1.0,0.0,32
GraphSAGE,1:50,none,GNNExplainer,9540,4,0.8666165413533834,0.43333333333333335,0.0,,1.0,0.0,32
GraphSAGE,1:50,none,GNNExplainer,8123,1,0.908270676691729,0.6304347826086957,0.0,,1.0,0.0,31
GraphSAGE,1:50,none,GNNExplainer,8130,1,0.9682706766917291,0.5454545454545454,0.0,,1.0,0.0,19
GraphSAGE,1:50,none,GNNExplainer,8087,1,0.7813533834586466,0.5652173913043478,0.0,,1.0,0.0,35
GraphSAGE,1:50,none,GNNExplainer,9459,4,0.9539849624060149,0.525,0.0,,1.0,0.0,35
GraphSAGE,1:50,none,PGExplainer,9141,3,,1.0,,,,,30
GraphSAGE,1:50,none,PGExplainer,9340,4,,1.0,,,,,34
GraphSAGE,1:50,none,PGExplainer,8101,1,,0.96,,,,,33
GraphSAGE,1:50,none,PGExplainer,8206,1,,1.0,,,,,34
GraphSAGE,1:50,none,PGExplainer,8746,2,,1.0,,,,,21
GraphSAGE,1:50,none,PGExplainer,8825,2,,0.75,,,,,26
GraphSAGE,1:50,none,PGExplainer,8747,2,,0.875,,,,,19
GraphSAGE,1:50,none,PGExplainer,9417,4,,1.0,,,,,34
GraphSAGE,1:50,none,PGExplainer,9354,4,,1.0,,,,,35
GraphSAGE,1:50,none,PGExplainer,8950,3,,0.9666666666666667,,,,,29
GraphSAGE,1:50,none,PGExplainer,9120,3,,0.9583333333333334,,,,,30
GraphSAGE,1:50,none,PGExplainer,8335,1,,0.9761904761904762,,,,,33
GraphSAGE,1:50,none,PGExplainer,9008,3,,0.8333333333333334,,,,,33
GraphSAGE,1:50,none,PGExplainer,8850,2,,0.875,,,,,24
GraphSAGE,1:50,none,PGExplainer,8228,1,,0.8809523809523809,,,,,41
GraphSAGE,1:50,none,PGExplainer,8314,1,,1.0,,,,,32
GraphSAGE,1:50,none,PGExplainer,8213,1,,1.0,,,,,32
GraphSAGE,1:50,none,PGExplainer,8138,1,,1.0,,,,,33
GraphSAGE,1:50,none,PGExplainer,9122,3,,0.75,,,,,32
GraphSAGE,1:50,none,PGExplainer,8560,2,,0.75,,,,,27
GraphSAGE,1:50,none,PGExplainer,9362,4,,0.9615384615384616,,,,,25
GraphSAGE,1:50,none,PGExplainer,8058,1,,0.9772727272727273,,,,,33
GraphSAGE,1:50,none,PGExplainer,9382,4,,0.975,,,,,35
GraphSAGE,1:50,none,PGExplainer,8279,1,,1.0,,,,,21
GraphSAGE,1:50,none,PGExplainer,9321,4,,0.9705882352941176,,,,,32
GraphSAGE,1:50,none,PGExplainer,9540,4,,1.0,,,,,32
GraphSAGE,1:50,none,PGExplainer,8123,1,,1.0,,,,,31
GraphSAGE,1:50,none,PGExplainer,8130,1,,1.0,,,,,19
GraphSAGE,1:50,none,PGExplainer,8087,1,,0.9782608695652174,,,,,35
GraphSAGE,1:50,none,PGExplainer,9459,4,,0.9500000000000001,,,,,35
GraphSAGE,1:50,none,GNNShap,9141,3,0.9736842105263156,,0.0,0.9260314103022347,,,30
GraphSAGE,1:50,none,GNNShap,9340,4,0.9900751879699248,,0.0,0.9343548282259013,,,34
GraphSAGE,1:50,none,GNNShap,8101,1,0.9887218045112782,,0.0,0.9377663210234759,,,33
GraphSAGE,1:50,none,GNNShap,8206,1,0.9837593984962405,,0.0,0.9432185455922605,,,34
GraphSAGE,1:50,none,GNNShap,8746,2,0.966015037593985,,0.0,0.8957702144390403,,,21
GraphSAGE,1:50,none,GNNShap,8825,2,0.984360902255639,,0.0,0.9297476355293576,,,26
GraphSAGE,1:50,none,GNNShap,8747,2,0.9772932330827068,,0.0,0.917666398110762,,,19
GraphSAGE,1:50,none,GNNShap,9417,4,0.9912781954887218,,0.0,0.9252688506385776,,,34
GraphSAGE,1:50,none,GNNShap,9354,4,0.9900751879699248,,0.0,0.9024210667811637,,,35
GraphSAGE,1:50,none,GNNShap,8950,3,0.9753383458646615,,1.0,0.9206605977818028,,,29
GraphSAGE,1:50,none,GNNShap,9120,3,0.9669172932330827,,1.0,0.9613057088325148,,,30
GraphSAGE,1:50,none,GNNShap,8335,1,0.9879699248120298,,0.0,0.9128679148209944,,,33
GraphSAGE,1:50,none,GNNShap,9008,3,0.9630075187969924,,0.0,0.951562662990149,,,33
GraphSAGE,1:50,none,GNNShap,8850,2,0.9894736842105262,,1.0,0.9017370707822504,,,24
GraphSAGE,1:50,none,GNNShap,8228,1,0.986766917293233,,1.0,0.9277475029236266,,,41
GraphSAGE,1:50,none,GNNShap,8314,1,0.985563909774436,,0.0,0.9096987589151244,,,32
GraphSAGE,1:50,none,GNNShap,8213,1,0.981203007518797,,1.0,0.9504414733512944,,,32
GraphSAGE,1:50,none,GNNShap,8138,1,0.989172932330827,,0.0,0.9336971402270677,,,33
GraphSAGE,1:50,none,GNNShap,9122,3,0.9765413533834588,,0.0,0.9551919315958793,,,32
GraphSAGE,1:50,none,GNNShap,8560,2,0.9745864661654136,,0.0,0.9180178878469872,,,27
GraphSAGE,1:50,none,GNNShap,9362,4,0.9861654135338345,,0.0,0.9115297499361109,,,25
GraphSAGE,1:50,none,GNNShap,8058,1,0.9514285714285713,,1.0,0.8905061161989556,,,33
GraphSAGE,1:50,none,GNNShap,9382,4,0.96796992481203,,0.0,0.9436458582860675,,,35
GraphSAGE,1:50,none,GNNShap,8279,1,0.9667669172932329,,1.0,0.9463311513336805,,,21
GraphSAGE,1:50,none,GNNShap,9321,4,0.9848120300751878,,0.0,0.9378310007472159,,,32
GraphSAGE,1:50,none,GNNShap,9540,4,0.9885714285714284,,0.0,0.9127409105121218,,,32
GraphSAGE,1:50,none,GNNShap,8123,1,0.9858646616541351,,0.0,0.9517422639958149,,,31
GraphSAGE,1:50,none,GNNShap,8130,1,0.9885714285714284,,0.0,0.9513595645802819,,,19
GraphSAGE,1:50,none,GNNShap,8087,1,0.9885714285714287,,0.0,0.9133005132813239,,,35
GraphSAGE,1:50,none,GNNShap,9459,4,0.9860150375939849,,0.0,0.9249516545904765,,,35
GraphSAGE,1:50,class_weighting,GNNExplainer,9466,4,0.913233082706767,0.5,0.0,,1.0,0.0,38
GraphSAGE,1:50,class_weighting,GNNExplainer,9411,4,0.896390977443609,0.34615384615384615,0.0,,1.0,0.0,30
GraphSAGE,1:50,class_weighting,GNNExplainer,8825,2,0.9499248120300751,0.5,1.0,,1.0,0.0,26
GraphSAGE,1:50,class_weighting,GNNExplainer,8053,1,0.49984962406015043,0.38636363636363635,1.0,,0.0,0.0,83
GraphSAGE,1:50,class_weighting,GNNExplainer,8335,1,0.7986466165413533,0.5476190476190477,1.0,,1.0,0.0,33
GraphSAGE,1:50,class_weighting,GNNExplainer,9460,4,0.7792481203007517,0.525,0.0,,1.0,0.0,35
GraphSAGE,1:50,class_weighting,GNNExplainer,8421,2,0.9351879699248119,0.625,1.0,,1.0,0.0,22
GraphSAGE,1:50,class_weighting,GNNExplainer,8482,2,0.9533834586466163,0.25,0.0,,1.0,0.0,17
GraphSAGE,1:50,class_weighting,GNNExplainer,8029,1,0.9586466165413533,0.36363636363636365,0.0,,1.0,0.0,25
GraphSAGE,1:50,class_weighting,GNNExplainer,8874,2,0.9529323308270676,0.375,1.0,,1.0,0.0,23
GraphSAGE,1:50,class_weighting,GNNExplainer,8430,2,0.969924812030075,0.375,1.0,,1.0,0.0,29
GraphSAGE,1:50,class_weighting,GNNExplainer,9026,3,0.9027067669172932,0.5294117647058824,1.0,,1.0,0.0,35
GraphSAGE,1:50,class_weighting,GNNExplainer,8969,3,0.8157894736842106,0.5277777777777778,0.0,,1.0,0.0,32
GraphSAGE,1:50,class_weighting,GNNExplainer,8746,2,0.9396992481203006,0.5,1.0,,1.0,0.0,21
GraphSAGE,1:50,class_weighting,GNNExplainer,8265,1,0.8894736842105262,0.47368421052631576,0.0,,1.0,0.0,34
GraphSAGE,1:50,class_weighting,GNNExplainer,8270,1,0.9596992481203006,0.5,0.0,,1.0,0.0,25
GraphSAGE,1:50,class_weighting,GNNExplainer,8716,2,0.9359398496240601,0.625,1.0,,1.0,0.0,23
GraphSAGE,1:50,class_weighting,GNNExplainer,8477,2,0.9789473684210523,0.5,1.0,,1.0,0.0,24
GraphSAGE,1:50,class_weighting,GNNExplainer,8285,1,0.9484210526315788,0.34615384615384615,0.0,,1.0,0.0,27
GraphSAGE,1:50,class_weighting,GNNExplainer,8666,2,0.9409022556390978,0.5,1.0,,1.0,0.0,24
GraphSAGE,1:50,class_weighting,GNNExplainer,8747,2,0.868421052631579,0.5,1.0,,1.0,0.0,19
GraphSAGE,1:50,class_weighting,GNNExplainer,8459,2,0.965563909774436,0.75,1.0,,1.0,0.0,18
GraphSAGE,1:50,class_weighting,GNNExplainer,9350,4,0.9240601503759398,0.525,0.0,,1.0,0.0,36
GraphSAGE,1:50,class_weighting,GNNExplainer,8226,1,0.9084210526315788,0.5238095238095238,0.0,,1.0,0.0,33
GraphSAGE,1:50,class_weighting,GNNExplainer,8209,1,0.9360902255639096,0.6590909090909091,0.0,,1.0,0.0,25
GraphSAGE,1:50,class_weighting,GNNExplainer,9455,4,0.8900751879699248,0.525,0.0,,1.0,0.0,36
GraphSAGE,1:50,class_weighting,GNNExplainer,9464,4,0.7833082706766916,0.525,0.0,,1.0,0.0,36
GraphSAGE,1:50,class_weighting,GNNExplainer,8533,2,0.970375939849624,0.6666666666666666,1.0,,1.0,0.0,19
GraphSAGE,1:50,class_weighting,GNNExplainer,9133,3,0.8554887218045113,0.5333333333333333,0.0,,1.0,0.0,31
GraphSAGE,1:50,class_weighting,GNNExplainer,9293,4,0.9601503759398495,0.4000000000000001,0.0,,1.0,0.0,36
GraphSAGE,1:50,class_weighting,PGExplainer,9466,4,,0.9500000000000001,,,,,38
GraphSAGE,1:50,class_weighting,PGExplainer,9411,4,,0.9615384615384616,,,,,30
GraphSAGE,1:50,class_weighting,PGExplainer,8825,2,,0.75,,,,,26
GraphSAGE,1:50,class_weighting,PGExplainer,8053,1,,1.0,,,,,83
GraphSAGE,1:50,class_weighting,PGExplainer,8335,1,,1.0,,,,,33
GraphSAGE,1:50,class_weighting,PGExplainer,9460,4,,0.9500000000000001,,,,,35
GraphSAGE,1:50,class_weighting,PGExplainer,8421,2,,1.0,,,,,22
GraphSAGE,1:50,class_weighting,PGExplainer,8482,2,,0.5,,,,,17
GraphSAGE,1:50,class_weighting,PGExplainer,8029,1,,0.9545454545454546,,,,,25
GraphSAGE,1:50,class_weighting,PGExplainer,8874,2,,0.875,,,,,23
GraphSAGE,1:50,class_weighting,PGExplainer,8430,2,,0.625,,,,,29
GraphSAGE,1:50,class_weighting,PGExplainer,9026,3,,1.0,,,,,35
GraphSAGE,1:50,class_weighting,PGExplainer,8969,3,,0.9444444444444444,,,,,32
GraphSAGE,1:50,class_weighting,PGExplainer,8746,2,,1.0,,,,,21
GraphSAGE,1:50,class_weighting,PGExplainer,8265,1,,0.9473684210526315,,,,,34
GraphSAGE,1:50,class_weighting,PGExplainer,8270,1,,1.0,,,,,25
GraphSAGE,1:50,class_weighting,PGExplainer,8716,2,,0.75,,,,,23
GraphSAGE,1:50,class_weighting,PGExplainer,8477,2,,0.75,,,,,24
GraphSAGE,1:50,class_weighting,PGExplainer,8285,1,,1.0,,,,,27
GraphSAGE,1:50,class_weighting,PGExplainer,8666,2,,1.0,,,,,24
GraphSAGE,1:50,class_weighting,PGExplainer,8747,2,,1.0,,,,,19
GraphSAGE,1:50,class_weighting,PGExplainer,8459,2,,0.75,,,,,18
GraphSAGE,1:50,class_weighting,PGExplainer,9350,4,,0.975,,,,,36
GraphSAGE,1:50,class_weighting,PGExplainer,8226,1,,0.9523809523809523,,,,,33
GraphSAGE,1:50,class_weighting,PGExplainer,8209,1,,0.9772727272727273,,,,,25
GraphSAGE,1:50,class_weighting,PGExplainer,9455,4,,0.925,,,,,36
GraphSAGE,1:50,class_weighting,PGExplainer,9464,4,,0.9500000000000001,,,,,36
GraphSAGE,1:50,class_weighting,PGExplainer,8533,2,,0.6666666666666666,,,,,19
GraphSAGE,1:50,class_weighting,PGExplainer,9133,3,,0.9333333333333333,,,,,31
GraphSAGE,1:50,class_weighting,PGExplainer,9293,4,,0.9333333333333333,,,,,36
GraphSAGE,1:50,class_weighting,GNNShap,9466,4,0.9663157894736841,,0.0,0.8820868031551271,,,38
GraphSAGE,1:50,class_weighting,GNNShap,9411,4,0.9742857142857142,,0.0,0.9332282893212881,,,30
GraphSAGE,1:50,class_weighting,GNNShap,8825,2,0.9769924812030075,,1.0,0.9428715167538861,,,26
GraphSAGE,1:50,class_weighting,GNNShap,8053,1,0.9073684210526315,,0.0,0.9971942808586866,,,83
GraphSAGE,1:50,class_weighting,GNNShap,8335,1,0.9529323308270674,,0.0,0.8715005812724288,,,33
GraphSAGE,1:50,class_weighting,GNNShap,9460,4,0.9667669172932329,,0.0,0.887257777791955,,,35
GraphSAGE,1:50,class_weighting,GNNShap,8421,2,0.983157894736842,,1.0,0.9633666728250665,,,22
GraphSAGE,1:50,class_weighting,GNNShap,8482,2,0.95203007518797,,0.0,0.9121923014618643,,,17
GraphSAGE,1:50,class_weighting,GNNShap,8029,1,0.973533834586466,,0.0,0.94301283940184,,,25
GraphSAGE,1:50,class_weighting,GNNShap,8874,2,0.9806015037593984,,0.0,0.9243718465537312,,,23
GraphSAGE,1:50,class_weighting,GNNShap,8430,2,0.9903759398496239,,0.0,0.9411062130711878,,,29
GraphSAGE,1:50,class_weighting,GNNShap,9026,3,0.9610526315789473,,1.0,0.9566960581410697,,,35
GraphSAGE,1:50,class_weighting,GNNShap,8969,3,0.9681203007518796,,0.0,0.97480614278847,,,32
GraphSAGE,1:50,class_weighting,GNNShap,8746,2,0.9714285714285713,,0.0,0.9174050069406405,,,21
GraphSAGE,1:50,class_weighting,GNNShap,8265,1,0.9876691729323308,,0.0,0.9552244475152349,,,34
GraphSAGE,1:50,class_weighting,GNNShap,8270,1,0.9578947368421051,,0.0,0.9123424132385172,,,25
GraphSAGE,1:50,class_weighting,GNNShap,8716,2,0.9587969924812031,,0.0,0.9757520145721864,,,23
GraphSAGE,1:50,class_weighting,GNNShap,8477,2,0.9793984962406015,,0.0,0.9425123814428163,,,24
GraphSAGE,1:50,class_weighting,GNNShap,8285,1,0.9840601503759399,,1.0,0.8935291267454006,,,27
GraphSAGE,1:50,class_weighting,GNNShap,8666,2,0.9678195488721805,,1.0,0.8962547925740996,,,24
GraphSAGE,1:50,class_weighting,GNNShap,8747,2,0.9571428571428571,,0.0,0.9232813573810977,,,19
GraphSAGE,1:50,class_weighting,GNNShap,8459,2,0.9720300751879698,,1.0,0.9602243275643192,,,18
GraphSAGE,1:50,class_weighting,GNNShap,9350,4,0.9849624060150374,,0.0,0.8816247863544847,,,36
GraphSAGE,1:50,class_weighting,GNNShap,8226,1,0.9804511278195488,,0.0,0.9534026034460309,,,33
GraphSAGE,1:50,class_weighting,GNNShap,8209,1,0.9736842105263157,,0.0,0.9463511154943222,,,25
GraphSAGE,1:50,class_weighting,GNNShap,9455,4,0.9843609022556391,,0.0,0.9009028282948373,,,36
GraphSAGE,1:50,class_weighting,GNNShap,9464,4,0.9625563909774435,,0.0,0.9122352217292194,,,36
GraphSAGE,1:50,class_weighting,GNNShap,8533,2,0.9771428571428569,,0.0,0.9230788104579339,,,19
GraphSAGE,1:50,class_weighting,GNNShap,9133,3,0.9368421052631579,,1.0,0.9658449318937177,,,31
GraphSAGE,1:50,class_weighting,GNNShap,9293,4,0.9830075187969924,,0.0,0.9190018272942708,,,36
GraphSAGE,1:50,focal_loss,GNNExplainer,8591,2,0.9129323308270676,0.5,1.0,,1.0,0.0,21
GraphSAGE,1:50,focal_loss,GNNExplainer,8665,2,0.9625563909774435,0.375,1.0,,1.0,0.0,19
GraphSAGE,1:50,focal_loss,GNNExplainer,9534,4,0.8929323308270677,0.43333333333333335,0.0,,1.0,0.0,34
GraphSAGE,1:50,focal_loss,GNNExplainer,9399,4,0.8584962406015038,0.5833333333333334,0.0,,1.0,0.0,28
GraphSAGE,1:50,focal_loss,GNNExplainer,8291,1,0.8891729323308268,0.6666666666666666,0.0,,1.0,0.0,30
GraphSAGE,1:50,focal_loss,GNNExplainer,9481,4,0.9592481203007519,0.5,0.0,,1.0,0.0,27
GraphSAGE,1:50,focal_loss,GNNExplainer,9096,3,0.9329323308270677,0.5,0.0,,1.0,0.0,34
GraphSAGE,1:50,focal_loss,GNNExplainer,9362,4,0.9548872180451127,0.46153846153846156,0.0,,1.0,0.0,25
GraphSAGE,1:50,focal_loss,GNNExplainer,8058,1,0.9034586466165413,0.5454545454545454,0.0,,1.0,0.0,33
GraphSAGE,1:50,focal_loss,GNNExplainer,8459,2,0.9272180451127818,0.5,1.0,,1.0,0.0,18
GraphSAGE,1:50,focal_loss,GNNExplainer,8107,1,0.8396992481203007,0.36956521739130427,0.0,,1.0,0.0,83
GraphSAGE,1:50,focal_loss,GNNExplainer,8560,2,0.929473684210526,0.25,1.0,,1.0,0.0,27
GraphSAGE,1:50,focal_loss,GNNExplainer,8228,1,0.9016541353383458,0.38095238095238093,0.0,,1.0,0.0,41
GraphSAGE,1:50,focal_loss,GNNExplainer,9389,4,0.940751879699248,0.5,1.0,,1.0,0.0,40
GraphSAGE,1:50,focal_loss,GNNExplainer,9184,3,0.857142857142857,0.40625,0.0,,1.0,0.0,35
GraphSAGE,1:50,focal_loss,GNNExplainer,9354,4,0.9464661654135338,0.525,1.0,,1.0,0.0,35
GraphSAGE,1:50,focal_loss,GNNExplainer,8344,1,0.9013533834586465,0.6363636363636364,0.0,,1.0,0.0,29
GraphSAGE,1:50,focal_loss,GNNExplainer,8051,1,0.9054135338345866,0.5714285714285714,0.0,,1.0,0.0,32
GraphSAGE,1:50,focal_loss,GNNExplainer,9508,4,0.957593984962406,0.4166666666666667,0.0,,1.0,0.0,28
GraphSAGE,1:50,focal_loss,GNNExplainer,8293,1,0.9375939849624059,0.6458333333333334,0.0,,1.0,0.0,32
GraphSAGE,1:50,focal_loss,GNNExplainer,8839,2,0.9425563909774436,0.5,1.0,,1.0,0.0,27
GraphSAGE,1:50,focal_loss,GNNExplainer,8874,2,0.9685714285714285,0.375,1.0,,1.0,0.0,23
GraphSAGE,1:50,focal_loss,GNNExplainer,8094,1,0.923609022556391,0.6,0.0,,1.0,0.0,32
GraphSAGE,1:50,focal_loss,GNNExplainer,9500,4,0.9493233082706766,0.43333333333333335,0.0,,1.0,0.0,32
GraphSAGE,1:50,focal_loss,GNNExplainer,8543,2,0.9258646616541354,0.5,1.0,,1.0,0.0,25
GraphSAGE,1:50,focal_loss,GNNExplainer,8773,2,0.923609022556391,0.5,1.0,,1.0,0.0,28
GraphSAGE,1:50,focal_loss,GNNExplainer,8340,1,0.9487218045112782,0.5681818181818182,0.0,,1.0,0.0,32
GraphSAGE,1:50,focal_loss,GNNExplainer,8298,1,0.9010526315789473,0.625,0.0,,1.0,0.0,32
GraphSAGE,1:50,focal_loss,GNNExplainer,9266,4,0.9393984962406015,0.4166666666666667,0.0,,1.0,0.0,30
GraphSAGE,1:50,focal_loss,GNNExplainer,8081,1,0.8732330827067669,0.5,0.0,,1.0,0.0,38
GraphSAGE,1:50,focal_loss,PGExplainer,8591,2,,0.3333333333333333,,,,,21
GraphSAGE,1:50,focal_loss,PGExplainer,8665,2,,0.5,,,,,19
GraphSAGE,1:50,focal_loss,PGExplainer,9534,4,,0.9,,,,,34
GraphSAGE,1:50,focal_loss,PGExplainer,9399,4,,0.9166666666666666,,,,,28
GraphSAGE,1:50,focal_loss,PGExplainer,8291,1,,0.9583333333333334,,,,,30
GraphSAGE,1:50,focal_loss,PGExplainer,9481,4,,0.8928571428571429,,,,,27
GraphSAGE,1:50,focal_loss,PGExplainer,9096,3,,0.9411764705882353,,,,,34
GraphSAGE,1:50,focal_loss,PGExplainer,9362,4,,0.8846153846153846,,,,,25
GraphSAGE,1:50,focal_loss,PGExplainer,8058,1,,0.9318181818181818,,,,,33
GraphSAGE,1:50,focal_loss,PGExplainer,8459,2,,0.5,,,,,18
GraphSAGE,1:50,focal_loss,PGExplainer,8107,1,,0.9782608695652174,,,,,83
GraphSAGE,1:50,focal_loss,PGExplainer,8560,2,,0.375,,,,,27
GraphSAGE,1:50,focal_loss,PGExplainer,8228,1,,0.9047619047619048,,,,,41
GraphSAGE,1:50,focal_loss,PGExplainer,9389,4,,0.925,,,,,40
GraphSAGE,1:50,focal_loss,PGExplainer,9184,3,,0.9375,,,,,35
GraphSAGE,1:50,focal_loss,PGExplainer,9354,4,,0.9500000000000001,,,,,35
GraphSAGE,1:50,focal_loss,PGExplainer,8344,1,,0.9318181818181818,,,,,29
GraphSAGE,1:50,focal_loss,PGExplainer,8051,1,,0.9523809523809523,,,,,32
GraphSAGE,1:50,focal_loss,PGExplainer,9508,4,,0.875,,,,,28
GraphSAGE,1:50,focal_loss,PGExplainer,8293,1,,0.9375,,,,,32
GraphSAGE,1:50,focal_loss,PGExplainer,8839,2,,0.375,,,,,27
GraphSAGE,1:50,focal_loss,PGExplainer,8874,2,,0.5,,,,,23
GraphSAGE,1:50,focal_loss,PGExplainer,8094,1,,0.96,,,,,32
GraphSAGE,1:50,focal_loss,PGExplainer,9500,4,,0.9,,,,,32
GraphSAGE,1:50,focal_loss,PGExplainer,8543,2,,0.5,,,,,25
GraphSAGE,1:50,focal_loss,PGExplainer,8773,2,,0.625,,,,,28
GraphSAGE,1:50,focal_loss,PGExplainer,8340,1,,0.9318181818181818,,,,,32
GraphSAGE,1:50,focal_loss,PGExplainer,8298,1,,0.9375,,,,,32
GraphSAGE,1:50,focal_loss,PGExplainer,9266,4,,0.875,,,,,30
GraphSAGE,1:50,focal_loss,PGExplainer,8081,1,,0.9565217391304348,,,,,38
GraphSAGE,1:50,focal_loss,GNNShap,8591,2,0.9891729323308269,,0.0,0.9427699609712995,,,21
GraphSAGE,1:50,focal_loss,GNNShap,8665,2,0.9852631578947367,,0.0,0.9027972363210577,,,19
GraphSAGE,1:50,focal_loss,GNNShap,9534,4,0.9957894736842106,,1.0,0.9455327302715928,,,34
GraphSAGE,1:50,focal_loss,GNNShap,9399,4,0.9942857142857141,,0.0,0.9148289869160392,,,28
GraphSAGE,1:50,focal_loss,GNNShap,8291,1,0.9948872180451126,,0.0,0.9460375333197899,,,30
GraphSAGE,1:50,focal_loss,GNNShap,9481,4,0.9860150375939847,,0.0,0.9583312441073908,,,27
GraphSAGE,1:50,focal_loss,GNNShap,9096,3,0.993984962406015,,0.0,0.9558296056327743,,,34
GraphSAGE,1:50,focal_loss,GNNShap,9362,4,0.9960902255639097,,0.0,0.9298673613202958,,,25
GraphSAGE,1:50,focal_loss,GNNShap,8058,1,0.9905263157894735,,1.0,0.873947494161297,,,33
GraphSAGE,1:50,focal_loss,GNNShap,8459,2,0.9875187969924811,,1.0,0.9478079554032777,,,18
GraphSAGE,1:50,focal_loss,GNNShap,8107,1,0.9625563909774435,,0.0,0.9843818289310289,,,83
GraphSAGE,1:50,focal_loss,GNNShap,8560,2,0.9603007518796991,,0.0,0.9286122964540183,,,27
GraphSAGE,1:50,focal_loss,GNNShap,8228,1,0.9833082706766916,,1.0,0.9303446467352021,,,41
GraphSAGE,1:50,focal_loss,GNNShap,9389,4,0.9927819548872179,,0.0,0.9273681886829455,,,40
GraphSAGE,1:50,focal_loss,GNNShap,9184,3,0.9936842105263157,,1.0,0.9622354432516497,,,35
GraphSAGE,1:50,focal_loss,GNNShap,9354,4,1.0,,0.0,0.896697637841543,,,35
GraphSAGE,1:50,focal_loss,GNNShap,8344,1,0.9963909774436089,,0.0,0.9084010208551179,,,29
GraphSAGE,1:50,focal_loss,GNNShap,8051,1,0.9953383458646616,,1.0,0.904713497022928,,,32
GraphSAGE,1:50,focal_loss,GNNShap,9508,4,0.9915789473684209,,0.0,0.926391633671116,,,28
GraphSAGE,1:50,focal_loss,GNNShap,8293,1,0.9926315789473683,,0.0,0.940809494057796,,,32
GraphSAGE,1:50,focal_loss,GNNShap,8839,2,0.9969924812030074,,1.0,0.9161763298488868,,,27
GraphSAGE,1:50,focal_loss,GNNShap,8874,2,0.9914285714285713,,1.0,0.9425969873777811,,,23
GraphSAGE,1:50,focal_loss,GNNShap,8094,1,0.9987969924812031,,0.0,0.9678090711440707,,,32
GraphSAGE,1:50,focal_loss,GNNShap,9500,4,0.9972932330827067,,0.0,0.9201393904940959,,,32
GraphSAGE,1:50,focal_loss,GNNShap,8543,2,0.995639097744361,,1.0,0.9644961144079213,,,25
GraphSAGE,1:50,focal_loss,GNNShap,8773,2,0.9849624060150376,,0.0,0.9194121464050969,,,28
GraphSAGE,1:50,focal_loss,GNNShap,8340,1,0.9927819548872179,,0.0,0.9397278133801444,,,32
GraphSAGE,1:50,focal_loss,GNNShap,8298,1,0.9978947368421054,,0.0,0.9455894668702293,,,32
GraphSAGE,1:50,focal_loss,GNNShap,9266,4,0.9951879699248121,,0.0,0.9374681392529267,,,30
GraphSAGE,1:50,focal_loss,GNNShap,8081,1,0.9969924812030075,,0.0,0.8889804873961209,,,38
GraphSAGE,1:100,none,GNNExplainer,8155,1,0.9533834586466163,0.5,0.0,,1.0,0.0,36
GraphSAGE,1:100,none,GNNExplainer,8320,1,0.9622556390977441,0.4000000000000001,0.0,,1.0,0.0,31
GraphSAGE,1:100,none,GNNExplainer,8001,1,0.9475187969924809,0.5,0.0,,1.0,0.0,26
GraphSAGE,1:100,none,GNNExplainer,9174,3,0.9418045112781954,0.5208333333333334,1.0,,1.0,0.0,41
GraphSAGE,1:100,none,GNNExplainer,8203,1,0.9153383458646616,0.5454545454545454,0.0,,1.0,0.0,34
GraphSAGE,1:100,none,GNNExplainer,8164,1,0.9514285714285714,0.525,0.0,,1.0,0.0,33
GraphSAGE,1:100,none,GNNExplainer,8250,1,0.8894736842105262,0.55,0.0,,1.0,0.0,29
GraphSAGE,1:100,none,GNNExplainer,8059,1,0.8827067669172932,0.5454545454545454,0.0,,1.0,0.0,37
GraphSAGE,1:100,none,GNNExplainer,9129,3,0.9309774436090226,0.4666666666666667,1.0,,1.0,0.0,34
GraphSAGE,1:100,none,GNNExplainer,8094,1,0.85593984962406,0.6,0.0,,1.0,0.0,32
GraphSAGE,1:100,none,GNNExplainer,8066,1,0.9536842105263158,0.5454545454545454,0.0,,1.0,0.0,36
GraphSAGE,1:100,none,GNNExplainer,8224,1,0.947218045112782,0.5476190476190477,0.0,,1.0,0.0,36
GraphSAGE,1:100,none,GNNExplainer,8291,1,0.9254135338345865,0.6666666666666666,0.0,,1.0,0.0,30
GraphSAGE,1:100,none,GNNExplainer,8073,1,0.9033082706766917,0.5652173913043478,0.0,,1.0,0.0,35
GraphSAGE,1:100,none,GNNExplainer,8087,1,0.89203007518797,0.5652173913043478,0.0,,1.0,0.0,35
GraphSAGE,1:100,none,GNNExplainer,9008,3,0.919548872180451,0.4666666666666667,0.0,,1.0,0.0,33
GraphSAGE,1:100,none,GNNExplainer,8331,1,0.9616541353383459,0.5952380952380952,0.0,,1.0,0.0,30
GraphSAGE,1:100,none,GNNExplainer,9061,3,0.9365413533834586,0.47368421052631576,1.0,,1.0,0.0,38
GraphSAGE,1:100,none,GNNExplainer,8335,1,0.9457142857142857,0.5476190476190477,0.0,,1.0,0.0,33
GraphSAGE,1:100,none,GNNExplainer,9464,4,0.9362406015037594,0.525,0.0,,1.0,0.0,36
GraphSAGE,1:100,none,GNNExplainer,8906,3,0.938345864661654,0.5227272727272727,1.0,,1.0,0.0,37
GraphSAGE,1:100,none,GNNExplainer,8123,1,0.9100751879699247,0.6304347826086957,0.0,,1.0,0.0,31
GraphSAGE,1:100,none,GNNExplainer,8196,1,0.9747368421052631,0.5961538461538461,0.0,,1.0,0.0,33
GraphSAGE,1:100,none,GNNExplainer,8265,1,0.9404511278195488,0.5,0.0,,1.0,0.0,34
GraphSAGE,1:100,none,GNNExplainer,8346,1,0.9365413533834586,0.5454545454545454,0.0,,1.0,0.0,35
GraphSAGE,1:100,none,GNNExplainer,8106,1,0.8846616541353383,0.5,0.0,,1.0,0.0,39
GraphSAGE,1:100,none,PGExplainer,8155,1,,0.875,,,,,36
GraphSAGE,1:100,none,PGExplainer,8320,1,,0.8333333333333334,,,,,31
GraphSAGE,1:100,none,PGExplainer,8001,1,,0.9166666666666666,,,,,26
GraphSAGE,1:100,none,PGExplainer,9174,3,,0.9375,,,,,41
GraphSAGE,1:100,none,PGExplainer,8203,1,,0.9318181818181818,,,,,34
GraphSAGE,1:100,none,PGExplainer,8164,1,,0.9,,,,,33
GraphSAGE,1:100,none,PGExplainer,8250,1,,0.9,,,,,29
GraphSAGE,1:100,none,PGExplainer,8059,1,,0.8863636363636365,,,,,37
GraphSAGE,1:100,none,PGExplainer,9129,3,,0.9,,,,,34
GraphSAGE,1:100,none,PGExplainer,8094,1,,0.94,,,,,32
GraphSAGE,1:100,none,PGExplainer,8066,1,,0.9090909090909091,,,,,36
GraphSAGE,1:100,none,PGExplainer,8224,1,,0.8571428571428571,,,,,36
GraphSAGE,1:100,none,PGExplainer,8291,1,,0.9166666666666666,,,,,30
GraphSAGE,1:100,none,PGExplainer,8073,1,,0.8695652173913043,,,,,35
GraphSAGE,1:100,none,PGExplainer,8087,1,,0.8478260869565218,,,,,35
GraphSAGE,1:100,none,PGExplainer,9008,3,,0.6333333333333333,,,,,33
GraphSAGE,1:100,none,PGExplainer,8331,1,,0.8809523809523809,,,,,30
GraphSAGE,1:100,none,PGExplainer,9061,3,,0.8947368421052632,,,,,38
GraphSAGE,1:100,none,PGExplainer,8335,1,,0.8809523809523809,,,,,33
GraphSAGE,1:100,none,PGExplainer,9464,4,,0.8000000000000002,,,,,36
GraphSAGE,1:100,none,PGExplainer,8906,3,,0.9318181818181818,,,,,37
GraphSAGE,1:100,none,PGExplainer,8123,1,,0.9130434782608695,,,,,31
GraphSAGE,1:100,none,PGExplainer,8196,1,,0.9038461538461539,,,,,33
GraphSAGE,1:100,none,PGExplainer,8265,1,,0.868421052631579,,,,,34
GraphSAGE,1:100,none,PGExplainer,8346,1,,0.9318181818181818,,,,,35
GraphSAGE,1:100,none,PGExplainer,8106,1,,0.92,,,,,39
GraphSAGE,1:100,none,GNNShap,8155,1,0.9876691729323307,,0.0,0.9128968736423557,,,36
GraphSAGE,1:100,none,GNNShap,8320,1,0.9849624060150374,,0.0,0.8671452221472851,,,31
GraphSAGE,1:100,none,GNNShap,8001,1,0.9869172932330826,,0.0,0.8314761074208828,,,26
GraphSAGE,1:100,none,GNNShap,9174,3,0.9837593984962405,,0.0,0.8953513397766933,,,41
GraphSAGE,1:100,none,GNNShap,8203,1,0.9763909774436088,,0.0,0.9242104596126707,,,34
GraphSAGE,1:100,none,GNNShap,8164,1,0.9878195488721804,,0.0,0.8500651252569611,,,33
GraphSAGE,1:100,none,GNNShap,8250,1,0.9908270676691728,,0.0,0.883694192516179,,,29
GraphSAGE,1:100,none,GNNShap,8059,1,0.9924812030075186,,0.0,0.9104640862371289,,,37
GraphSAGE,1:100,none,GNNShap,9129,3,0.9699248120300752,,0.0,0.9367932639915182,,,34
GraphSAGE,1:100,none,GNNShap,8094,1,0.9784962406015036,,0.0,0.9636953205396226,,,32
GraphSAGE,1:100,none,GNNShap,8066,1,0.9899248120300752,,0.0,0.9386034117184184,,,36
GraphSAGE,1:100,none,GNNShap,8224,1,0.9463157894736842,,0.0,0.9554437715517174,,,36
GraphSAGE,1:100,none,GNNShap,8291,1,0.9890225563909771,,0.0,0.9337654625172946,,,30
GraphSAGE,1:100,none,GNNShap,8073,1,0.9932330827067668,,0.0,0.956033327922681,,,35
GraphSAGE,1:100,none,GNNShap,8087,1,0.994736842105263,,0.0,0.918549365949818,,,35
GraphSAGE,1:100,none,GNNShap,9008,3,0.9452631578947367,,0.0,0.9378293365230972,,,33
GraphSAGE,1:100,none,GNNShap,8331,1,0.9830075187969923,,0.0,0.8389548994167114,,,30
GraphSAGE,1:100,none,GNNShap,9061,3,0.9717293233082707,,0.0,0.9428071719490386,,,38
GraphSAGE,1:100,none,GNNShap,8335,1,0.9845112781954886,,0.0,0.920528840333408,,,33
GraphSAGE,1:100,none,GNNShap,9464,4,0.9654135338345864,,0.0,0.9208952790290468,,,36
GraphSAGE,1:100,none,GNNShap,8906,3,0.9765413533834586,,0.0,0.977118870685976,,,37
GraphSAGE,1:100,none,GNNShap,8123,1,0.9857142857142855,,0.0,0.9227984204414209,,,31
GraphSAGE,1:100,none,GNNShap,8196,1,0.9815037593984961,,0.0,0.9444325840532292,,,33
GraphSAGE,1:100,none,GNNShap,8265,1,0.9738345864661653,,0.0,0.9536590807862163,,,34
GraphSAGE,1:100,none,GNNShap,8346,1,0.9891729323308269,,0.0,0.8962704007970311,,,35
GraphSAGE,1:100,none,GNNShap,8106,1,0.9948872180451127,,0.0,0.8973460594465115,,,39
GraphSAGE,1:100,class_weighting,GNNExplainer,9425,4,0.9308270676691727,0.5294117647058824,0.0,,1.0,0.0,31
GraphSAGE,1:100,class_weighting,GNNExplainer,8051,1,0.8878195488721804,0.5714285714285714,0.0,,1.0,0.0,32
GraphSAGE,1:100,class_weighting,GNNExplainer,8398,2,0.9043609022556389,0.625,1.0,,1.0,0.0,25
GraphSAGE,1:100,class_weighting,GNNExplainer,9340,4,0.8654135338345863,0.55,0.0,,1.0,0.0,34
GraphSAGE,1:100,class_weighting,GNNExplainer,8670,2,0.9141353383458645,0.5,1.0,,1.0,0.0,22
GraphSAGE,1:100,class_weighting,GNNExplainer,9149,3,0.9784962406015036,0.4666666666666667,1.0,,1.0,0.0,34
GraphSAGE,1:100,class_weighting,GNNExplainer,9471,4,0.9257142857142856,0.525,0.0,,1.0,0.0,33
GraphSAGE,1:100,class_weighting,GNNExplainer,9061,3,0.888721804511278,0.47368421052631576,1.0,,1.0,0.0,38
GraphSAGE,1:100,class_weighting,GNNExplainer,8058,1,0.8766917293233082,0.5454545454545454,1.0,,1.0,0.0,33
GraphSAGE,1:100,class_weighting,GNNExplainer,8138,1,0.9201503759398495,0.3823529411764706,0.0,,1.0,0.0,33
GraphSAGE,1:100,class_weighting,GNNExplainer,9129,3,0.960751879699248,0.5,1.0,,1.0,0.0,34
GraphSAGE,1:100,class_weighting,GNNExplainer,9404,4,0.984360902255639,0.5277777777777778,0.0,,1.0,0.0,33
GraphSAGE,1:100,class_weighting,GNNExplainer,9436,4,0.9473684210526315,0.5,0.0,,1.0,0.0,32
GraphSAGE,1:100,class_weighting,GNNExplainer,9385,4,0.7839097744360901,0.55,0.0,,1.0,0.0,35
GraphSAGE,1:100,class_weighting,GNNExplainer,8835,2,0.8891729323308271,0.375,1.0,,1.0,0.0,24
GraphSAGE,1:100,class_weighting,GNNExplainer,8333,1,0.9380451127819548,0.5238095238095238,0.0,,1.0,0.0,33
GraphSAGE,1:100,class_weighting,GNNExplainer,9282,4,0.9335338345864661,0.5666666666666667,1.0,,1.0,0.0,26
GraphSAGE,1:100,class_weighting,GNNExplainer,8081,1,0.938345864661654,0.5,0.0,,1.0,0.0,38
GraphSAGE,1:100,class_weighting,GNNExplainer,8533,2,0.9494736842105261,0.5,1.0,,1.0,0.0,19
GraphSAGE,1:100,class_weighting,GNNExplainer,8113,1,0.8416541353383458,0.6086956521739131,1.0,,1.0,0.0,34
GraphSAGE,1:100,class_weighting,GNNExplainer,9457,4,0.9246616541353383,0.525,0.0,,1.0,0.0,34
GraphSAGE,1:100,class_weighting,GNNExplainer,8094,1,0.8861654135338345,0.6,1.0,,1.0,0.0,32
GraphSAGE,1:100,class_weighting,GNNExplainer,8698,2,0.9299248120300752,0.5,1.0,,1.0,0.0,18
GraphSAGE,1:100,class_weighting,GNNExplainer,8969,3,0.8353383458646617,0.5277777777777778,1.0,,1.0,0.0,32
GraphSAGE,1:100,class_weighting,GNNExplainer,8160,1,0.9058646616541353,0.575,0.0,,1.0,0.0,30
GraphSAGE,1:100,class_weighting,GNNExplainer,8722,2,0.9466165413533835,0.375,1.0,,1.0,0.0,22
GraphSAGE,1:100,class_weighting,GNNExplainer,9540,4,0.9652631578947368,0.4666666666666667,0.0,,1.0,0.0,32
GraphSAGE,1:100,class_weighting,GNNExplainer,9350,4,0.9666165413533834,0.525,0.0,,1.0,0.0,36
GraphSAGE,1:100,class_weighting,GNNExplainer,8059,1,0.795187969924812,0.5227272727272727,1.0,,1.0,0.0,37
GraphSAGE,1:100,class_weighting,GNNExplainer,9029,3,0.9559398496240601,0.5294117647058824,1.0,,1.0,0.0,32
GraphSAGE,1:100,class_weighting,PGExplainer,9425,4,,0.9411764705882353,,,,,31
GraphSAGE,1:100,class_weighting,PGExplainer,8051,1,,0.9523809523809523,,,,,32
GraphSAGE,1:100,class_weighting,PGExplainer,8398,2,,0.75,,,,,25
GraphSAGE,1:100,class_weighting,PGExplainer,9340,4,,0.975,,,,,34
GraphSAGE,1:100,class_weighting,PGExplainer,8670,2,,0.8333333333333334,,,,,22
GraphSAGE,1:100,class_weighting,PGExplainer,9149,3,,0.9333333333333333,,,,,34
GraphSAGE,1:100,class_weighting,PGExplainer,9471,4,,0.925,,,,,33
GraphSAGE,1:100,class_weighting,PGExplainer,9061,3,,1.0,,,,,38
GraphSAGE,1:100,class_weighting,PGExplainer,8058,1,,0.9545454545454546,,,,,33
GraphSAGE,1:100,class_weighting,PGExplainer,8138,1,,0.9705882352941176,,,,,33
GraphSAGE,1:100,class_weighting,PGExplainer,9129,3,,0.9666666666666667,,,,,34
GraphSAGE,1:100,class_weighting,PGExplainer,9404,4,,0.9444444444444444,,,,,33
GraphSAGE,1:100,class_weighting,PGExplainer,9436,4,,0.9411764705882353,,,,,32
GraphSAGE,1:100,class_weighting,PGExplainer,9385,4,,0.9500000000000001,,,,,35
GraphSAGE,1:100,class_weighting,PGExplainer,8835,2,,0.875,,,,,24
GraphSAGE,1:100,class_weighting,PGExplainer,8333,1,,0.9523809523809523,,,,,33
GraphSAGE,1:100,class_weighting,PGExplainer,9282,4,,0.9333333333333333,,,,,26
GraphSAGE,1:100,class_weighting,PGExplainer,8081,1,,1.0,,,,,38
GraphSAGE,1:100,class_weighting,PGExplainer,8533,2,,0.6666666666666666,,,,,19
GraphSAGE,1:100,class_weighting,PGExplainer,8113,1,,1.0,,,,,34
GraphSAGE,1:100,class_weighting,PGExplainer,9457,4,,0.925,,,,,34
GraphSAGE,1:100,class_weighting,PGExplainer,8094,1,,1.0,,,,,32
GraphSAGE,1:100,class_weighting,PGExplainer,8698,2,,1.0,,,,,18
GraphSAGE,1:100,class_weighting,PGExplainer,8969,3,,0.9444444444444444,,,,,32
GraphSAGE,1:100,class_weighting,PGExplainer,8160,1,,0.9500000000000001,,,,,30
GraphSAGE,1:100,class_weighting,PGExplainer,8722,2,,0.875,,,,,22
GraphSAGE,1:100,class_weighting,PGExplainer,9540,4,,0.9333333333333333,,,,,32
GraphSAGE,1:100,class_weighting,PGExplainer,9350,4,,0.975,,,,,36
GraphSAGE,1:100,class_weighting,PGExplainer,8059,1,,0.9772727272727273,,,,,37
GraphSAGE,1:100,class_weighting,PGExplainer,9029,3,,0.9705882352941176,,,,,32
GraphSAGE,1:100,class_weighting,GNNShap,9425,4,0.9744360902255638,,0.0,0.8694474881302255,,,31
GraphSAGE,1:100,class_weighting,GNNShap,8051,1,0.9536842105263157,,0.0,0.8946998310054989,,,32
GraphSAGE,1:100,class_weighting,GNNShap,8398,2,0.9657142857142856,,1.0,0.9462715893807306,,,25
GraphSAGE,1:100,class_weighting,GNNShap,9340,4,0.978345864661654,,0.0,0.9373520502191234,,,34
GraphSAGE,1:100,class_weighting,GNNShap,8670,2,0.987218045112782,,1.0,0.9153064306555123,,,22
GraphSAGE,1:100,class_weighting,GNNShap,9149,3,0.9599999999999997,,0.0,0.902309560506969,,,34
GraphSAGE,1:100,class_weighting,GNNShap,9471,4,0.984812030075188,,0.0,0.9341238489841432,,,33
GraphSAGE,1:100,class_weighting,GNNShap,9061,3,0.9604511278195489,,0.0,0.939887716235632,,,38
GraphSAGE,1:100,class_weighting,GNNShap,8058,1,0.9783458646616541,,1.0,0.847983020516503,,,33
GraphSAGE,1:100,class_weighting,GNNShap,8138,1,0.9890225563909774,,0.0,0.9620862868727604,,,33
GraphSAGE,1:100,class_weighting,GNNShap,9129,3,0.9726315789473684,,0.0,0.9414202024963426,,,34
GraphSAGE,1:100,class_weighting,GNNShap,9404,4,0.9593984962406015,,0.0,0.9589852486802872,,,33
GraphSAGE,1:100,class_weighting,GNNShap,9436,4,0.9688721804511278,,0.0,0.8631930547885072,,,32
GraphSAGE,1:100,class_weighting,GNNShap,9385,4,0.9732330827067669,,0.0,0.9317103604790038,,,35
GraphSAGE,1:100,class_weighting,GNNShap,8835,2,0.9796992481203007,,0.0,0.9172245912908414,,,24
GraphSAGE,1:100,class_weighting,GNNShap,8333,1,0.9824060150375938,,0.0,0.9518758938607486,,,33
GraphSAGE,1:100,class_weighting,GNNShap,9282,4,0.9738345864661655,,0.0,0.9172877735550881,,,26
GraphSAGE,1:100,class_weighting,GNNShap,8081,1,0.9705263157894738,,0.0,0.8824065983669405,,,38
GraphSAGE,1:100,class_weighting,GNNShap,8533,2,0.9672180451127819,,0.0,0.9275425310819394,,,19
GraphSAGE,1:100,class_weighting,GNNShap,8113,1,0.9657142857142856,,1.0,0.9289348902032615,,,34
GraphSAGE,1:100,class_weighting,GNNShap,9457,4,0.9894736842105262,,1.0,0.8907655017199095,,,34
GraphSAGE,1:100,class_weighting,GNNShap,8094,1,0.9879699248120299,,0.0,0.9557202682938557,,,32
GraphSAGE,1:100,class_weighting,GNNShap,8698,2,0.9881203007518795,,0.0,0.9374977328390666,,,18
GraphSAGE,1:100,class_weighting,GNNShap,8969,3,0.9578947368421051,,0.0,0.9658101783104429,,,32
GraphSAGE,1:100,class_weighting,GNNShap,8160,1,0.9884210526315786,,0.0,0.918296116733552,,,30
GraphSAGE,1:100,class_weighting,GNNShap,8722,2,0.9676691729323309,,0.0,0.9501259890309951,,,22
GraphSAGE,1:100,class_weighting,GNNShap,9540,4,0.984360902255639,,0.0,0.8862393931939042,,,32
GraphSAGE,1:100,class_weighting,GNNShap,9350,4,0.9852631578947367,,0.0,0.8744577980267628,,,36
GraphSAGE,1:100,class_weighting,GNNShap,8059,1,0.9610526315789473,,0.0,0.898413349754421,,,37
GraphSAGE,1:100,class_weighting,GNNShap,9029,3,0.9718796992481202,,0.0,0.9057644742961379,,,32
GraphSAGE,1:100,focal_loss,GNNExplainer,9381,4,0.9181954887218042,0.5,0.0,,1.0,0.0,40
GraphSAGE,1:100,focal_loss,GNNExplainer,8180,1,0.9243609022556392,0.5652173913043478,0.0,,1.0,0.0,35
GraphSAGE,1:100,focal_loss,GNNExplainer,9184,3,0.9281203007518796,0.40625,0.0,,1.0,0.0,35
GraphSAGE,1:100,focal_loss,GNNExplainer,8164,1,0.8261654135338347,0.525,0.0,,1.0,0.0,33
GraphSAGE,1:100,focal_loss,GNNExplainer,9398,4,0.9383458646616543,0.5,0.0,,1.0,0.0,34
GraphSAGE,1:100,focal_loss,GNNExplainer,9497,4,0.9505263157894737,0.4000000000000001,0.0,,1.0,0.0,34
GraphSAGE,1:100,focal_loss,GNNExplainer,9534,4,0.9180451127819547,0.4666666666666667,0.0,,1.0,0.0,34
GraphSAGE,1:100,focal_loss,GNNExplainer,8289,1,0.9478195488721803,0.5833333333333334,0.0,,1.0,0.0,35
GraphSAGE,1:100,focal_loss,GNNExplainer,9103,3,0.9418045112781954,0.4411764705882353,1.0,,1.0,0.0,36
GraphSAGE,1:100,focal_loss,GNNExplainer,8344,1,0.8729323308270676,0.6363636363636364,0.0,,1.0,0.0,29
GraphSAGE,1:100,focal_loss,GNNExplainer,8087,1,0.8473684210526315,0.5652173913043478,1.0,,1.0,0.0,35
GraphSAGE,1:100,focal_loss,GNNExplainer,9466,4,0.8873684210526314,0.5,0.0,,1.0,0.0,38
GraphSAGE,1:100,focal_loss,GNNExplainer,9354,4,0.8738345864661653,0.525,0.0,,1.0,0.0,35
GraphSAGE,1:100,focal_loss,GNNExplainer,8259,1,0.9193984962406014,0.5526315789473685,0.0,,1.0,0.0,28
GraphSAGE,1:100,focal_loss,GNNExplainer,8424,2,0.9652631578947368,0.375,1.0,,1.0,0.0,29
GraphSAGE,1:100,focal_loss,GNNExplainer,8906,3,0.933533834586466,0.5227272727272727,1.0,,1.0,0.0,37
GraphSAGE,1:100,focal_loss,GNNExplainer,8125,1,0.9309774436090225,0.5217391304347826,0.0,,1.0,0.0,38
GraphSAGE,1:100,focal_loss,GNNExplainer,9128,3,0.929624060150376,0.4666666666666667,0.0,,1.0,0.0,31
GraphSAGE,1:100,focal_loss,GNNExplainer,8631,2,0.8762406015037593,0.625,1.0,,1.0,0.0,20
GraphSAGE,1:100,focal_loss,GNNExplainer,9122,3,0.9559398496240601,0.4583333333333333,1.0,,1.0,0.0,32
GraphSAGE,1:100,focal_loss,GNNExplainer,8106,1,0.9045112781954886,0.52,0.0,,1.0,0.0,39
GraphSAGE,1:100,focal_loss,GNNExplainer,8089,1,0.921954887218045,0.5869565217391305,1.0,,1.0,0.0,34
GraphSAGE,1:100,focal_loss,GNNExplainer,8184,1,0.8986466165413531,0.4230769230769231,0.0,,1.0,0.0,81
GraphSAGE,1:100,focal_loss,GNNExplainer,8101,1,0.8612030075187971,0.58,1.0,,1.0,0.0,33
GraphSAGE,1:100,focal_loss,GNNExplainer,8073,1,0.8933834586466164,0.5652173913043478,0.0,,1.0,0.0,35
GraphSAGE,1:100,focal_loss,GNNExplainer,8065,1,0.9517293233082708,0.4772727272727273,0.0,,1.0,0.0,40
GraphSAGE,1:100,focal_loss,GNNExplainer,8897,3,0.9287218045112781,0.4411764705882353,1.0,,1.0,0.0,35
GraphSAGE,1:100,focal_loss,GNNExplainer,9026,3,0.8606015037593984,0.4411764705882353,1.0,,1.0,0.0,35
GraphSAGE,1:100,focal_loss,GNNExplainer,8637,2,0.9714285714285713,0.5,1.0,,1.0,0.0,23
GraphSAGE,1:100,focal_loss,GNNExplainer,8314,1,0.9120300751879696,0.43333333333333335,0.0,,1.0,0.0,32
GraphSAGE,1:100,focal_loss,PGExplainer,9381,4,,0.9500000000000001,,,,,40
GraphSAGE,1:100,focal_loss,PGExplainer,8180,1,,0.9565217391304348,,,,,35
GraphSAGE,1:100,focal_loss,PGExplainer,9184,3,,0.90625,,,,,35
GraphSAGE,1:100,focal_loss,PGExplainer,8164,1,,0.9,,,,,33
GraphSAGE,1:100,focal_loss,PGExplainer,9398,4,,0.9166666666666666,,,,,34
GraphSAGE,1:100,focal_loss,PGExplainer,9497,4,,0.9,,,,,34
GraphSAGE,1:100,focal_loss,PGExplainer,9534,4,,0.9333333333333333,,,,,34
GraphSAGE,1:100,focal_loss,PGExplainer,8289,1,,0.9375,,,,,35
GraphSAGE,1:100,focal_loss,PGExplainer,9103,3,,0.9411764705882353,,,,,36
GraphSAGE,1:100,focal_loss,PGExplainer,8344,1,,0.9545454545454546,,,,,29
GraphSAGE,1:100,focal_loss,PGExplainer,8087,1,,0.8695652173913043,,,,,35
GraphSAGE,1:100,focal_loss,PGExplainer,9466,4,,0.925,,,,,38
GraphSAGE,1:100,focal_loss,PGExplainer,9354,4,,0.9500000000000001,,,,,35
GraphSAGE,1:100,focal_loss,PGExplainer,8259,1,,0.9210526315789473,,,,,28
GraphSAGE,1:100,focal_loss,PGExplainer,8424,2,,0.5,,,,,29
GraphSAGE,1:100,focal_loss,PGExplainer,8906,3,,0.9545454545454546,,,,,37
GraphSAGE,1:100,focal_loss,PGExplainer,8125,1,,0.9347826086956522,,,,,38
GraphSAGE,1:100,focal_loss,PGExplainer,9128,3,,0.9666666666666667,,,,,31
GraphSAGE,1:100,focal_loss,PGExplainer,8631,2,,0.5,,,,,20
GraphSAGE,1:100,focal_loss,PGExplainer,9122,3,,0.5833333333333334,,,,,32
GraphSAGE,1:100,focal_loss,PGExplainer,8106,1,,0.9,,,,,39
GraphSAGE,1:100,focal_loss,PGExplainer,8089,1,,0.9565217391304348,,,,,34
GraphSAGE,1:100,focal_loss,PGExplainer,8184,1,,0.7115384615384616,,,,,81
GraphSAGE,1:100,focal_loss,PGExplainer,8101,1,,0.9,,,,,33
GraphSAGE,1:100,focal_loss,PGExplainer,8073,1,,0.8913043478260869,,,,,35
GraphSAGE,1:100,focal_loss,PGExplainer,8065,1,,0.9545454545454546,,,,,40
GraphSAGE,1:100,focal_loss,PGExplainer,8897,3,,0.9411764705882353,,,,,35
GraphSAGE,1:100,focal_loss,PGExplainer,9026,3,,0.9705882352941176,,,,,35
GraphSAGE,1:100,focal_loss,PGExplainer,8637,2,,0.3333333333333333,,,,,23
GraphSAGE,1:100,focal_loss,PGExplainer,8314,1,,0.9,,,,,32
GraphSAGE,1:100,focal_loss,GNNShap,9381,4,0.9954887218045112,,0.0,0.9352674865177437,,,40
GraphSAGE,1:100,focal_loss,GNNShap,8180,1,0.997593984962406,,1.0,0.9319310744650922,,,35
GraphSAGE,1:100,focal_loss,GNNShap,9184,3,0.9948872180451127,,0.0,0.9451729175066292,,,35
GraphSAGE,1:100,focal_loss,GNNShap,8164,1,0.9897744360902255,,0.0,0.8798655387525407,,,33
GraphSAGE,1:100,focal_loss,GNNShap,9398,4,0.9984962406015037,,0.0,0.9397302889859324,,,34
GraphSAGE,1:100,focal_loss,GNNShap,9497,4,0.9948872180451127,,0.0,0.944605854173361,,,34
GraphSAGE,1:100,focal_loss,GNNShap,9534,4,0.9906766917293233,,1.0,0.9412977659332352,,,34
GraphSAGE,1:100,focal_loss,GNNShap,8289,1,0.9938345864661653,,0.0,0.9111980820248149,,,35
GraphSAGE,1:100,focal_loss,GNNShap,9103,3,0.9935338345864662,,0.0,0.9496137831783106,,,36
GraphSAGE,1:100,focal_loss,GNNShap,8344,1,0.9900751879699248,,0.0,0.9103467350269228,,,29
GraphSAGE,1:100,focal_loss,GNNShap,8087,1,0.9921804511278195,,0.0,0.8941190258390279,,,35
GraphSAGE,1:100,focal_loss,GNNShap,9466,4,0.9968421052631579,,1.0,0.8569751562836514,,,38
GraphSAGE,1:100,focal_loss,GNNShap,9354,4,0.9959398496240601,,0.0,0.910117440139041,,,35
GraphSAGE,1:100,focal_loss,GNNShap,8259,1,0.9957894736842106,,0.0,0.921579063652068,,,28
GraphSAGE,1:100,focal_loss,GNNShap,8424,2,0.9729323308270675,,0.0,0.9318892009589848,,,29
GraphSAGE,1:100,focal_loss,GNNShap,8906,3,0.9936842105263157,,0.0,0.9656889115845966,,,37
GraphSAGE,1:100,focal_loss,GNNShap,8125,1,0.9957894736842103,,0.0,0.8647502113481449,,,38
GraphSAGE,1:100,focal_loss,GNNShap,9128,3,0.9873684210526313,,0.0,0.9336709198408342,,,31
GraphSAGE,1:100,focal_loss,GNNShap,8631,2,0.9866165413533834,,1.0,0.9286920258086662,,,20
GraphSAGE,1:100,focal_loss,GNNShap,9122,3,0.9860150375939849,,0.0,0.9503431303394422,,,32
GraphSAGE,1:100,focal_loss,GNNShap,8106,1,0.997593984962406,,0.0,0.8809532492752759,,,39
GraphSAGE,1:100,focal_loss,GNNShap,8089,1,0.9942857142857141,,0.0,0.9000091368144915,,,34
GraphSAGE,1:100,focal_loss,GNNShap,8184,1,0.9828571428571428,,0.0,0.9710610314581242,,,81
GraphSAGE,1:100,focal_loss,GNNShap,8101,1,0.9966917293233083,,1.0,0.9262108291369794,,,33
GraphSAGE,1:100,focal_loss,GNNShap,8073,1,0.9969924812030074,,0.0,0.9655699824423325,,,35
GraphSAGE,1:100,focal_loss,GNNShap,8065,1,0.9948872180451127,,0.0,0.9409253252636474,,,40
GraphSAGE,1:100,focal_loss,GNNShap,8897,3,0.9852631578947368,,0.0,0.9386271114764921,,,35
GraphSAGE,1:100,focal_loss,GNNShap,9026,3,0.9885714285714284,,1.0,0.9465327365012722,,,35
GraphSAGE,1:100,focal_loss,GNNShap,8637,2,0.9936842105263157,,1.0,0.9127335364861808,,,23
GraphSAGE,1:100,focal_loss,GNNShap,8314,1,0.9929323308270674,,1.0,0.9066708768964246,,,32
GraphSAGE,natural,none,GNNExplainer,8897,3,0.8712781954887218,0.5294117647058824,1.0,,1.0,0.0,35
GraphSAGE,natural,none,GNNExplainer,8722,2,0.9676691729323308,0.5,1.0,,1.0,0.0,22
GraphSAGE,natural,none,GNNExplainer,8482,2,0.9669172932330827,0.0,1.0,,1.0,0.0,17
GraphSAGE,natural,none,GNNExplainer,9328,4,0.939548872180451,0.35,0.0,,1.0,0.0,28
GraphSAGE,natural,none,GNNExplainer,8270,1,0.9607518796992481,0.5,0.0,,1.0,0.0,25
GraphSAGE,natural,none,GNNExplainer,8053,1,0.4950375939849624,0.36363636363636365,1.0,,0.0,0.0,83
GraphSAGE,natural,none,GNNExplainer,8533,2,0.9596992481203008,0.6666666666666666,1.0,,1.0,0.0,19
GraphSAGE,natural,none,GNNExplainer,8740,2,0.9378947368421052,0.625,1.0,,1.0,0.0,23
GraphSAGE,natural,none,GNNExplainer,8802,2,0.9181954887218045,0.6666666666666666,1.0,,1.0,0.0,19
GraphSAGE,natural,none,GNNExplainer,8147,1,0.939548872180451,0.5294117647058824,0.0,,1.0,0.0,28
GraphSAGE,natural,none,GNNExplainer,8029,1,0.9669172932330827,0.4090909090909091,0.0,,1.0,0.0,25
GraphSAGE,natural,none,GNNExplainer,8445,2,0.96,0.5,1.0,,1.0,0.0,31
GraphSAGE,natural,none,GNNExplainer,8224,1,0.7317293233082707,0.5476190476190477,0.0,,1.0,0.0,36
GraphSAGE,natural,none,GNNExplainer,8863,2,0.940751879699248,0.625,1.0,,1.0,0.0,20
GraphSAGE,natural,none,GNNExplainer,8529,2,0.9451127819548871,0.375,1.0,,1.0,0.0,23
GraphSAGE,natural,none,GNNExplainer,8226,1,0.8646616541353384,0.5238095238095238,0.0,,1.0,0.0,33
GraphSAGE,natural,none,GNNExplainer,8560,2,0.9342857142857142,0.375,1.0,,1.0,0.0,27
GraphSAGE,natural,none,GNNExplainer,9000,3,0.9497744360902255,0.5333333333333333,0.0,,1.0,0.0,32
GraphSAGE,natural,none,GNNExplainer,9287,4,0.870827067669173,0.3,0.0,,1.0,0.0,38
GraphSAGE,natural,none,GNNExplainer,8647,2,0.8735338345864662,0.0,1.0,,1.0,0.0,21
GraphSAGE,natural,none,GNNExplainer,9203,3,0.847218045112782,0.55,0.0,,1.0,0.0,21
GraphSAGE,natural,none,GNNExplainer,9443,4,0.8936842105263159,0.3,0.0,,1.0,0.0,27
GraphSAGE,natural,none,GNNExplainer,9316,4,0.8180451127819548,0.5294117647058824,0.0,,1.0,0.0,31
GraphSAGE,natural,none,GNNExplainer,8107,1,0.5028571428571428,0.391304347826087,1.0,,0.0,0.0,83
GraphSAGE,natural,none,GNNExplainer,8687,2,0.9500751879699246,0.625,1.0,,1.0,0.0,30
GraphSAGE,natural,none,GNNExplainer,9142,3,0.9473684210526316,0.5,1.0,,1.0,0.0,75
GraphSAGE,natural,none,GNNExplainer,9362,4,0.9357894736842105,0.46153846153846156,0.0,,1.0,0.0,25
GraphSAGE,natural,none,GNNExplainer,8319,1,0.9073684210526316,0.5666666666666667,0.0,,1.0,0.0,23
GraphSAGE,natural,none,GNNExplainer,9238,4,0.8160902255639098,0.5,0.0,,1.0,0.0,39
GraphSAGE,natural,none,GNNExplainer,8468,2,0.9210526315789472,0.5,1.0,,1.0,0.0,27
GraphSAGE,natural,none,PGExplainer,8897,3,,0.9411764705882353,,,,,35
GraphSAGE,natural,none,PGExplainer,8722,2,,1.0,,,,,22
GraphSAGE,natural,none,PGExplainer,8482,2,,0.5,,,,,17
GraphSAGE,natural,none,PGExplainer,9328,4,,1.0,,,,,28
GraphSAGE,natural,none,PGExplainer,8270,1,,1.0,,,,,25
GraphSAGE,natural,none,PGExplainer,8053,1,,1.0,,,,,83
GraphSAGE,natural,none,PGExplainer,8533,2,,0.8333333333333334,,,,,19
GraphSAGE,natural,none,PGExplainer,8740,2,,1.0,,,,,23
GraphSAGE,natural,none,PGExplainer,8802,2,,0.8333333333333334,,,,,19
GraphSAGE,natural,none,PGExplainer,8147,1,,0.9705882352941176,,,,,28
GraphSAGE,natural,none,PGExplainer,8029,1,,0.9545454545454546,,,,,25
GraphSAGE,natural,none,PGExplainer,8445,2,,1.0,,,,,31
GraphSAGE,natural,none,PGExplainer,8224,1,,0.9523809523809523,,,,,36
GraphSAGE,natural,none,PGExplainer,8863,2,,1.0,,,,,20
GraphSAGE,natural,none,PGExplainer,8529,2,,0.875,,,,,23
GraphSAGE,natural,none,PGExplainer,8226,1,,0.9523809523809523,,,,,33
GraphSAGE,natural,none,PGExplainer,8560,2,,1.0,,,,,27
GraphSAGE,natural,none,PGExplainer,9000,3,,1.0,,,,,32
GraphSAGE,natural,none,PGExplainer,9287,4,,1.0,,,,,38
GraphSAGE,natural,none,PGExplainer,8647,2,,1.0,,,,,21
GraphSAGE,natural,none,PGExplainer,9203,3,,0.9500000000000001,,,,,21
GraphSAGE,natural,none,PGExplainer,9443,4,,0.9,,,,,27
GraphSAGE,natural,none,PGExplainer,9316,4,,0.9705882352941176,,,,,31
GraphSAGE,natural,none,PGExplainer,8107,1,,1.0,,,,,83
GraphSAGE,natural,none,PGExplainer,8687,2,,0.75,,,,,30
GraphSAGE,natural,none,PGExplainer,9142,3,,0.8666666666666667,,,,,75
GraphSAGE,natural,none,PGExplainer,9362,4,,1.0,,,,,25
GraphSAGE,natural,none,PGExplainer,8319,1,,1.0,,,,,23
GraphSAGE,natural,none,PGExplainer,9238,4,,0.9500000000000001,,,,,39
GraphSAGE,natural,none,PGExplainer,8468,2,,0.75,,,,,27
GraphSAGE,natural,none,GNNShap,8897,3,0.9648120300751881,,0.0,0.9786894266517068,,,35
GraphSAGE,natural,none,GNNShap,8722,2,0.9636090225563908,,0.0,0.9783921877439958,,,22
GraphSAGE,natural,none,GNNShap,8482,2,0.9350375939849623,,0.0,0.9696787593114579,,,17
GraphSAGE,natural,none,GNNShap,9328,4,0.9789473684210526,,0.0,0.9234850940662964,,,28
GraphSAGE,natural,none,GNNShap,8270,1,0.9765413533834586,,0.0,0.9419646824086328,,,25
GraphSAGE,natural,none,GNNShap,8053,1,0.9052631578947368,,0.0,0.9958491255650287,,,83
GraphSAGE,natural,none,GNNShap,8533,2,0.9705263157894736,,0.0,0.9567339152881773,,,19
GraphSAGE,natural,none,GNNShap,8740,2,0.940751879699248,,1.0,0.9721996508755888,,,23
GraphSAGE,natural,none,GNNShap,8802,2,0.9293233082706767,,1.0,0.9693062756818144,,,19
GraphSAGE,natural,none,GNNShap,8147,1,0.9851127819548872,,0.0,0.9460552550700105,,,28
GraphSAGE,natural,none,GNNShap,8029,1,0.9780451127819548,,0.0,0.9640685382930887,,,25
GraphSAGE,natural,none,GNNShap,8445,2,0.9809022556390978,,0.0,0.9441817106388413,,,31
GraphSAGE,natural,none,GNNShap,8224,1,0.9709774436090223,,0.0,0.9390438139859523,,,36
GraphSAGE,natural,none,GNNShap,8863,2,0.9651127819548873,,1.0,0.9834062079426638,,,20
GraphSAGE,natural,none,GNNShap,8529,2,0.9750375939849624,,0.0,0.9344292036990323,,,23
GraphSAGE,natural,none,GNNShap,8226,1,0.96796992481203,,0.0,0.9596887620660558,,,33
GraphSAGE,natural,none,GNNShap,8560,2,0.941954887218045,,0.0,0.9578729729433046,,,27
GraphSAGE,natural,none,GNNShap,9000,3,0.9539849624060149,,0.0,0.9854477646565403,,,32
GraphSAGE,natural,none,GNNShap,9287,4,0.9860150375939849,,0.0,0.969569148945116,,,38
GraphSAGE,natural,none,GNNShap,8647,2,0.9314285714285713,,1.0,0.9847054885285601,,,21
GraphSAGE,natural,none,GNNShap,9203,3,0.947669172932331,,0.0,0.9501430250318362,,,21
GraphSAGE,natural,none,GNNShap,9443,4,0.9583458646616542,,0.0,0.9796289144798372,,,27
GraphSAGE,natural,none,GNNShap,9316,4,0.9715789473684209,,0.0,0.9740316798670394,,,31
GraphSAGE,natural,none,GNNShap,8107,1,0.9114285714285716,,0.0,0.9953697256360826,,,83
GraphSAGE,natural,none,GNNShap,8687,2,0.9578947368421051,,0.0,0.9725861662443653,,,30
GraphSAGE,natural,none,GNNShap,9142,3,0.9667669172932328,,0.0,0.9916205975321644,,,75
GraphSAGE,natural,none,GNNShap,9362,4,0.97593984962406,,0.0,0.9624798435408366,,,25
GraphSAGE,natural,none,GNNShap,8319,1,0.9845112781954886,,0.0,0.9547252392830362,,,23
GraphSAGE,natural,none,GNNShap,9238,4,0.972781954887218,,0.0,0.9444788316138053,,,39
GraphSAGE,natural,none,GNNShap,8468,2,0.9821052631578947,,0.0,0.9475726295849162,,,27
GraphSAGE,natural,class_weighting,GNNExplainer,9141,3,0.9075187969924811,0.5,1.0,,1.0,0.0,30
GraphSAGE,natural,class_weighting,GNNExplainer,8053,1,0.48075187969924815,0.38636363636363635,1.0,,0.0,0.0,83
GraphSAGE,natural,class_weighting,GNNExplainer,8265,1,0.917142857142857,0.47368421052631576,1.0,,1.0,0.0,34
GraphSAGE,natural,class_weighting,GNNExplainer,8270,1,0.9230075187969925,0.5,0.0,,1.0,0.0,25
GraphSAGE,natural,class_weighting,GNNExplainer,8107,1,0.49368421052631567,0.391304347826087,1.0,,0.0,0.0,83
GraphSAGE,natural,class_weighting,GNNExplainer,8285,1,0.9166917293233082,0.4230769230769231,0.0,,1.0,0.0,27
GraphSAGE,natural,class_weighting,GNNExplainer,8404,2,0.9111278195488721,0.375,1.0,,1.0,0.0,25
GraphSAGE,natural,class_weighting,GNNExplainer,8870,2,0.9225563909774437,0.5,1.0,,1.0,0.0,20
GraphSAGE,natural,class_weighting,GNNExplainer,9350,4,0.8428571428571427,0.525,0.0,,1.0,0.0,36
GraphSAGE,natural,class_weighting,GNNExplainer,8226,1,0.8621052631578948,0.5238095238095238,0.0,,1.0,0.0,33
GraphSAGE,natural,class_weighting,GNNExplainer,8331,1,0.6368421052631579,0.5952380952380952,1.0,,1.0,0.0,30
GraphSAGE,natural,class_weighting,GNNExplainer,8746,2,0.9284210526315789,0.5,1.0,,1.0,0.0,21
GraphSAGE,natural,class_weighting,GNNExplainer,8825,2,0.8796992481203008,0.5,1.0,,1.0,0.0,26
GraphSAGE,natural,class_weighting,GNNExplainer,8461,2,0.940751879699248,0.625,1.0,,1.0,0.0,20
GraphSAGE,natural,class_weighting,GNNExplainer,8802,2,0.9290225563909773,0.6666666666666666,1.0,,1.0,0.0,19
GraphSAGE,natural,class_weighting,GNNExplainer,9462,4,0.9568421052631578,0.575,0.0,,1.0,0.0,33
GraphSAGE,natural,class_weighting,GNNExplainer,8029,1,0.9786466165413532,0.45454545454545453,0.0,,1.0,0.0,25
GraphSAGE,natural,class_weighting,GNNExplainer,9154,3,0.9330827067669171,0.5,1.0,,1.0,0.0,29
GraphSAGE,natural,class_weighting,GNNExplainer,8747,2,0.9356390977443608,0.625,1.0,,1.0,0.0,19
GraphSAGE,natural,class_weighting,GNNExplainer,9471,4,0.7535338345864662,0.525,1.0,,1.0,0.0,33
GraphSAGE,natural,class_weighting,GNNExplainer,8319,1,0.8906766917293231,0.5666666666666667,0.0,,1.0,0.0,23
GraphSAGE,natural,class_weighting,GNNExplainer,9540,4,0.8330827067669173,0.5,0.0,,1.0,0.0,32
GraphSAGE,natural,class_weighting,GNNExplainer,9115,3,0.915187969924812,0.5416666666666666,0.0,,1.0,0.0,28
GraphSAGE,natural,class_weighting,GNNExplainer,9266,4,0.9102255639097743,0.4166666666666667,1.0,,1.0,0.0,30
GraphSAGE,natural,class_weighting,GNNExplainer,8333,1,0.7732330827067668,0.5238095238095238,0.0,,1.0,0.0,33
GraphSAGE,natural,class_weighting,GNNExplainer,8634,2,0.9491729323308269,0.5,1.0,,1.0,0.0,24
GraphSAGE,natural,class_weighting,GNNExplainer,8666,2,0.8978947368421052,0.625,1.0,,1.0,0.0,24
GraphSAGE,natural,class_weighting,GNNExplainer,8147,1,0.8845112781954887,0.5294117647058824,0.0,,1.0,0.0,28
GraphSAGE,natural,class_weighting,GNNExplainer,9407,4,0.6416541353383459,0.4166666666666667,1.0,,1.0,0.0,40
GraphSAGE,natural,class_weighting,GNNExplainer,9460,4,0.8019548872180449,0.525,0.0,,1.0,0.0,35
GraphSAGE,natural,class_weighting,PGExplainer,9141,3,,0.9333333333333333,,,,,30
GraphSAGE,natural,class_weighting,PGExplainer,8053,1,,1.0,,,,,83
GraphSAGE,natural,class_weighting,PGExplainer,8265,1,,0.9473684210526315,,,,,34
GraphSAGE,natural,class_weighting,PGExplainer,8270,1,,1.0,,,,,25
GraphSAGE,natural,class_weighting,PGExplainer,8107,1,,1.0,,,,,83
GraphSAGE,natural,class_weighting,PGExplainer,8285,1,,1.0,,,,,27
GraphSAGE,natural,class_weighting,PGExplainer,8404,2,,0.75,,,,,25
GraphSAGE,natural,class_weighting,PGExplainer,8870,2,,1.0,,,,,20
GraphSAGE,natural,class_weighting,PGExplainer,9350,4,,0.975,,,,,36
GraphSAGE,natural,class_weighting,PGExplainer,8226,1,,0.9285714285714286,,,,,33
GraphSAGE,natural,class_weighting,PGExplainer,8331,1,,1.0,,,,,30
GraphSAGE,natural,class_weighting,PGExplainer,8746,2,,1.0,,,,,21
GraphSAGE,natural,class_weighting,PGExplainer,8825,2,,0.75,,,,,26
GraphSAGE,natural,class_weighting,PGExplainer,8461,2,,0.875,,,,,20
GraphSAGE,natural,class_weighting,PGExplainer,8802,2,,1.0,,,,,19
GraphSAGE,natural,class_weighting,PGExplainer,9462,4,,0.9500000000000001,,,,,33
GraphSAGE,natural,class_weighting,PGExplainer,8029,1,,0.9545454545454546,,,,,25
GraphSAGE,natural,class_weighting,PGExplainer,9154,3,,0.9333333333333333,,,,,29
GraphSAGE,natural,class_weighting,PGExplainer,8747,2,,1.0,,,,,19
GraphSAGE,natural,class_weighting,PGExplainer,9471,4,,0.9500000000000001,,,,,33
GraphSAGE,natural,class_weighting,PGExplainer,8319,1,,1.0,,,,,23
GraphSAGE,natural,class_weighting,PGExplainer,9540,4,,0.9666666666666667,,,,,32
GraphSAGE,natural,class_weighting,PGExplainer,9115,3,,0.9583333333333334,,,,,28
GraphSAGE,natural,class_weighting,PGExplainer,9266,4,,0.9166666666666666,,,,,30
GraphSAGE,natural,class_weighting,PGExplainer,8333,1,,0.9761904761904762,,,,,33
GraphSAGE,natural,class_weighting,PGExplainer,8634,2,,1.0,,,,,24
GraphSAGE,natural,class_weighting,PGExplainer,8666,2,,1.0,,,,,24
GraphSAGE,natural,class_weighting,PGExplainer,8147,1,,0.9705882352941176,,,,,28
GraphSAGE,natural,class_weighting,PGExplainer,9407,4,,0.9722222222222222,,,,,40
GraphSAGE,natural,class_weighting,PGExplainer,9460,4,,0.9500000000000001,,,,,35
GraphSAGE,natural,class_weighting,GNNShap,9141,3,0.9315789473684211,,0.0,0.978667243991471,,,30
GraphSAGE,natural,class_weighting,GNNShap,8053,1,0.904812030075188,,0.0,0.9993146464131077,,,83
GraphSAGE,natural,class_weighting,GNNShap,8265,1,0.9888721804511278,,0.0,0.9728014753061445,,,34
GraphSAGE,natural,class_weighting,GNNShap,8270,1,0.9760902255639097,,0.0,0.9567166924199849,,,25
GraphSAGE,natural,class_weighting,GNNShap,8107,1,0.9213533834586466,,0.0,0.9979531265721475,,,83
GraphSAGE,natural,class_weighting,GNNShap,8285,1,0.9581954887218045,,0.0,0.9346809337101938,,,27
GraphSAGE,natural,class_weighting,GNNShap,8404,2,0.9652631578947368,,0.0,0.9686079121758453,,,25
GraphSAGE,natural,class_weighting,GNNShap,8870,2,0.9476691729323307,,1.0,0.9704373143128991,,,20
GraphSAGE,natural,class_weighting,GNNShap,9350,4,0.9745864661654133,,0.0,0.9449453519574789,,,36
GraphSAGE,natural,class_weighting,GNNShap,8226,1,0.96796992481203,,0.0,0.965778632228534,,,33
GraphSAGE,natural,class_weighting,GNNShap,8331,1,0.9717293233082707,,0.0,0.950457963132888,,,30
GraphSAGE,natural,class_weighting,GNNShap,8746,2,0.951578947368421,,0.0,0.9707359393423,,,21
GraphSAGE,natural,class_weighting,GNNShap,8825,2,0.937142857142857,,0.0,0.9776412039628717,,,26
GraphSAGE,natural,class_weighting,GNNShap,8461,2,0.9903759398496239,,1.0,0.9403828384563978,,,20
GraphSAGE,natural,class_weighting,GNNShap,8802,2,0.9642105263157894,,1.0,0.9670691806181184,,,19
GraphSAGE,natural,class_weighting,GNNShap,9462,4,0.9792481203007519,,0.0,0.9676567904105934,,,33
GraphSAGE,natural,class_weighting,GNNShap,8029,1,0.9723308270676692,,0.0,0.9600790424584194,,,25
GraphSAGE,natural,class_weighting,GNNShap,9154,3,0.9750375939849623,,0.0,0.9820782440103233,,,29
GraphSAGE,natural,class_weighting,GNNShap,8747,2,0.944812030075188,,0.0,0.9562221439432923,,,19
GraphSAGE,natural,class_weighting,GNNShap,9471,4,0.9830075187969923,,0.0,0.9564546433475718,,,33
GraphSAGE,natural,class_weighting,GNNShap,8319,1,0.9673684210526317,,0.0,0.9577804022096501,,,23
GraphSAGE,natural,class_weighting,GNNShap,9540,4,0.9833082706766916,,0.0,0.9335982132616785,,,32
GraphSAGE,natural,class_weighting,GNNShap,9115,3,0.9410526315789471,,0.0,0.9637064199208544,,,28
GraphSAGE,natural,class_weighting,GNNShap,9266,4,0.9851127819548872,,0.0,0.9580828398206807,,,30
GraphSAGE,natural,class_weighting,GNNShap,8333,1,0.986315789473684,,0.0,0.9794665501009469,,,33
GraphSAGE,natural,class_weighting,GNNShap,8634,2,0.9839097744360903,,0.0,0.9601102357567971,,,24
GraphSAGE,natural,class_weighting,GNNShap,8666,2,0.9533834586466166,,1.0,0.9614752571782205,,,24
GraphSAGE,natural,class_weighting,GNNShap,8147,1,0.9882706766917291,,0.0,0.9470569648437281,,,28
GraphSAGE,natural,class_weighting,GNNShap,9407,4,0.9897744360902255,,1.0,0.9718501643178072,,,40
GraphSAGE,natural,class_weighting,GNNShap,9460,4,0.9912781954887218,,0.0,0.9523507579248702,,,35
GraphSAGE,natural,focal_loss,GNNExplainer,8226,1,0.9457142857142855,0.5238095238095238,0.0,,1.0,0.0,33
GraphSAGE,natural,focal_loss,GNNExplainer,8053,1,0.6240601503759399,0.38636363636363635,1.0,,0.0,0.0,83
GraphSAGE,natural,focal_loss,GNNExplainer,9011,3,0.9305263157894735,0.5357142857142857,0.0,,1.0,0.0,27
GraphSAGE,natural,focal_loss,GNNExplainer,8604,2,0.8610526315789473,0.625,1.0,,1.0,0.0,20
GraphSAGE,natural,focal_loss,GNNExplainer,8270,1,0.9403007518796992,0.4666666666666667,0.0,,1.0,0.0,25
GraphSAGE,natural,focal_loss,GNNExplainer,8147,1,0.9478195488721802,0.5294117647058824,0.0,,1.0,0.0,28
GraphSAGE,natural,focal_loss,GNNExplainer,9471,4,0.897593984962406,0.525,0.0,,1.0,0.0,33
GraphSAGE,natural,focal_loss,GNNExplainer,8870,2,0.9139849624060149,0.5,1.0,,1.0,0.0,20
GraphSAGE,natural,focal_loss,GNNExplainer,9468,4,0.9090225563909776,0.575,0.0,,1.0,0.0,33
GraphSAGE,natural,focal_loss,GNNExplainer,9405,4,0.9120300751879699,0.5555555555555556,0.0,,1.0,0.0,30
GraphSAGE,natural,focal_loss,GNNExplainer,8635,2,0.8330827067669173,0.25,1.0,,1.0,0.0,23
GraphSAGE,natural,focal_loss,GNNExplainer,8107,1,0.6505263157894736,0.36956521739130427,1.0,,0.0,0.0,83
GraphSAGE,natural,focal_loss,GNNExplainer,8717,2,0.8233082706766917,0.5,1.0,,1.0,0.0,21
GraphSAGE,natural,focal_loss,GNNExplainer,9495,4,0.9243609022556389,0.5666666666666667,0.0,,1.0,0.0,26
GraphSAGE,natural,focal_loss,GNNExplainer,9287,4,0.9270676691729323,0.3333333333333333,0.0,,1.0,0.0,38
GraphSAGE,natural,focal_loss,GNNExplainer,8331,1,0.8198496240601504,0.5952380952380952,0.0,,1.0,0.0,30
GraphSAGE,natural,focal_loss,GNNExplainer,8029,1,0.9473684210526315,0.4090909090909091,0.0,,1.0,0.0,25
GraphSAGE,natural,focal_loss,GNNExplainer,8463,2,0.927218045112782,0.5,1.0,,1.0,0.0,22
GraphSAGE,natural,focal_loss,GNNExplainer,8285,1,0.9288721804511276,0.4230769230769231,0.0,,1.0,0.0,27
GraphSAGE,natural,focal_loss,GNNExplainer,9128,3,0.9087218045112783,0.5,0.0,,1.0,0.0,31
GraphSAGE,natural,focal_loss,GNNExplainer,8224,1,0.8511278195488721,0.5476190476190477,0.0,,1.0,0.0,36
GraphSAGE,natural,focal_loss,GNNExplainer,9141,3,0.8436090225563909,0.4666666666666667,0.0,,1.0,0.0,30
GraphSAGE,natural,focal_loss,GNNExplainer,9464,4,0.9172932330827068,0.525,0.0,,1.0,0.0,36
GraphSAGE,natural,focal_loss,GNNExplainer,8461,2,0.9418045112781954,0.625,1.0,,1.0,0.0,20
GraphSAGE,natural,focal_loss,GNNExplainer,8969,3,0.8999999999999998,0.5277777777777778,0.0,,1.0,0.0,32
GraphSAGE,natural,focal_loss,GNNExplainer,8333,1,0.9284210526315787,0.5238095238095238,0.0,,1.0,0.0,33
GraphSAGE,natural,focal_loss,GNNExplainer,8718,2,0.9418045112781954,0.25,1.0,,1.0,0.0,22
GraphSAGE,natural,focal_loss,GNNExplainer,8747,2,0.8911278195488721,0.5,1.0,,1.0,0.0,19
GraphSAGE,natural,focal_loss,GNNExplainer,8265,1,0.9511278195488722,0.47368421052631576,0.0,,1.0,0.0,34
GraphSAGE,natural,focal_loss,GNNExplainer,9407,4,0.8258646616541352,0.4166666666666667,0.0,,1.0,0.0,40
GraphSAGE,natural,focal_loss,PGExplainer,8226,1,,0.9285714285714286,,,,,33
GraphSAGE,natural,focal_loss,PGExplainer,8053,1,,1.0,,,,,83
GraphSAGE,natural,focal_loss,PGExplainer,9011,3,,0.9285714285714286,,,,,27
GraphSAGE,natural,focal_loss,PGExplainer,8604,2,,1.0,,,,,20
GraphSAGE,natural,focal_loss,PGExplainer,8270,1,,0.9666666666666667,,,,,25
GraphSAGE,natural,focal_loss,PGExplainer,8147,1,,0.9411764705882353,,,,,28
GraphSAGE,natural,focal_loss,PGExplainer,9471,4,,0.925,,,,,33
GraphSAGE,natural,focal_loss,PGExplainer,8870,2,,0.5,,,,,20
GraphSAGE,natural,focal_loss,PGExplainer,9468,4,,0.925,,,,,33
GraphSAGE,natural,focal_loss,PGExplainer,9405,4,,0.9444444444444444,,,,,30
GraphSAGE,natural,focal_loss,PGExplainer,8635,2,,0.5,,,,,23
GraphSAGE,natural,focal_loss,PGExplainer,8107,1,,1.0,,,,,83
GraphSAGE,natural,focal_loss,PGExplainer,8717,2,,0.6666666666666666,,,,,21
GraphSAGE,natural,focal_loss,PGExplainer,9495,4,,0.9333333333333333,,,,,26
GraphSAGE,natural,focal_loss,PGExplainer,9287,4,,0.9333333333333333,,,,,38
GraphSAGE,natural,focal_loss,PGExplainer,8331,1,,0.9523809523809523,,,,,30
GraphSAGE,natural,focal_loss,PGExplainer,8029,1,,0.9090909090909091,,,,,25
GraphSAGE,natural,focal_loss,PGExplainer,8463,2,,0.5,,,,,22
GraphSAGE,natural,focal_loss,PGExplainer,8285,1,,0.9615384615384616,,,,,27
GraphSAGE,natural,focal_loss,PGExplainer,9128,3,,0.9333333333333333,,,,,31
GraphSAGE,natural,focal_loss,PGExplainer,8224,1,,0.9285714285714286,,,,,36
GraphSAGE,natural,focal_loss,PGExplainer,9141,3,,0.9333333333333333,,,,,30
GraphSAGE,natural,focal_loss,PGExplainer,9464,4,,0.925,,,,,36
GraphSAGE,natural,focal_loss,PGExplainer,8461,2,,0.625,,,,,20
GraphSAGE,natural,focal_loss,PGExplainer,8969,3,,0.9444444444444444,,,,,32
GraphSAGE,natural,focal_loss,PGExplainer,8333,1,,0.9523809523809523,,,,,33
GraphSAGE,natural,focal_loss,PGExplainer,8718,2,,0.5,,,,,22
GraphSAGE,natural,focal_loss,PGExplainer,8747,2,,0.875,,,,,19
GraphSAGE,natural,focal_loss,PGExplainer,8265,1,,0.9473684210526315,,,,,34
GraphSAGE,natural,focal_loss,PGExplainer,9407,4,,0.9444444444444444,,,,,40
GraphSAGE,natural,focal_loss,GNNShap,8226,1,0.9882706766917293,,0.0,0.9765712221745468,,,33
GraphSAGE,natural,focal_loss,GNNShap,8053,1,0.9030075187969924,,0.0,0.9952557143456335,,,83
GraphSAGE,natural,focal_loss,GNNShap,9011,3,0.9885714285714284,,0.0,0.9737973883026481,,,27
GraphSAGE,natural,focal_loss,GNNShap,8604,2,0.9724812030075187,,1.0,0.9749242594325949,,,20
GraphSAGE,natural,focal_loss,GNNShap,8270,1,0.9957894736842106,,0.0,0.9666457503773269,,,25
GraphSAGE,natural,focal_loss,GNNShap,8147,1,0.9941353383458645,,0.0,0.9641988064702682,,,28
GraphSAGE,natural,focal_loss,GNNShap,9471,4,0.9986466165413536,,0.0,0.9581678377777647,,,33
GraphSAGE,natural,focal_loss,GNNShap,8870,2,0.9517293233082708,,1.0,0.9730569566046758,,,20
GraphSAGE,natural,focal_loss,GNNShap,9468,4,0.9945864661654135,,0.0,0.9354776562712015,,,33
GraphSAGE,natural,focal_loss,GNNShap,9405,4,0.9903759398496239,,0.0,0.9631598533767993,,,30
GraphSAGE,natural,focal_loss,GNNShap,8635,2,0.9908270676691728,,1.0,0.9734979687408787,,,23
GraphSAGE,natural,focal_loss,GNNShap,8107,1,0.9682706766917292,,0.0,0.9897198038593256,,,83
GraphSAGE,natural,focal_loss,GNNShap,8717,2,0.9806015037593985,,0.0,0.9858386148719536,,,21
GraphSAGE,natural,focal_loss,GNNShap,9495,4,0.9981954887218045,,0.0,0.9531676352543631,,,26
GraphSAGE,natural,focal_loss,GNNShap,9287,4,0.9972932330827069,,0.0,0.9681393313234053,,,38
GraphSAGE,natural,focal_loss,GNNShap,8331,1,0.9827067669172932,,0.0,0.9540631486040023,,,30
GraphSAGE,natural,focal_loss,GNNShap,8029,1,0.9899248120300751,,0.0,0.9725027080196508,,,25
GraphSAGE,natural,focal_loss,GNNShap,8463,2,0.9827067669172932,,0.0,0.971999117290415,,,22
GraphSAGE,natural,focal_loss,GNNShap,8285,1,0.9815037593984961,,0.0,0.9759916153242466,,,27
GraphSAGE,natural,focal_loss,GNNShap,9128,3,0.9824060150375941,,0.0,0.979172390762785,,,31
GraphSAGE,natural,focal_loss,GNNShap,8224,1,0.9941353383458645,,0.0,0.9702203643477046,,,36
GraphSAGE,natural,focal_loss,GNNShap,9141,3,0.9763909774436088,,0.0,0.9798997407541684,,,30
GraphSAGE,natural,focal_loss,GNNShap,9464,4,0.9882706766917293,,0.0,0.9698011204429312,,,36
GraphSAGE,natural,focal_loss,GNNShap,8461,2,0.9857142857142858,,1.0,0.9537308701127525,,,20
GraphSAGE,natural,focal_loss,GNNShap,8969,3,0.9903759398496239,,0.0,0.9878442986529545,,,32
GraphSAGE,natural,focal_loss,GNNShap,8333,1,0.9882706766917291,,0.0,0.9815510902357498,,,33
GraphSAGE,natural,focal_loss,GNNShap,8718,2,0.989172932330827,,1.0,0.9729725629131112,,,22
GraphSAGE,natural,focal_loss,GNNShap,8747,2,0.9589473684210524,,0.0,0.9646330314496439,,,19
GraphSAGE,natural,focal_loss,GNNShap,8265,1,0.9924812030075186,,0.0,0.9804429053073921,,,34
GraphSAGE,natural,focal_loss,GNNShap,9407,4,0.9960902255639097,,0.0,0.9735083756726501,,,40
GAT,1:1,none,GNNExplainer,8355,1,0.9691729323308269,0.6818181818181818,1.0,,1.0,0.0,38
GAT,1:1,none,GNNExplainer,9420,4,0.9646616541353383,0.5384615384615384,0.0,,1.0,0.0,32
GAT,1:1,none,GNNExplainer,8224,1,0.9679699248120299,0.5476190476190477,0.0,,1.0,0.0,36
GAT,1:1,none,GNNExplainer,8950,3,0.9708270676691727,0.5333333333333333,0.0,,1.0,0.0,29
GAT,1:1,none,GNNExplainer,8698,2,0.9445112781954886,0.5,0.0,,1.0,0.0,18
GAT,1:1,none,GNNExplainer,8571,2,0.9415037593984963,0.5,0.0,,1.0,0.0,16
GAT,1:1,none,GNNExplainer,9282,4,0.9762406015037592,0.5666666666666667,1.0,,1.0,0.0,26
GAT,1:1,none,GNNExplainer,8541,2,0.9533834586466166,0.6666666666666666,0.0,,1.0,0.0,24
GAT,1:1,none,GNNExplainer,8053,1,0.9688721804511278,0.7045454545454546,0.0,,1.0,0.0,83
GAT,1:1,none,GNNExplainer,8399,2,0.9574436090225564,0.3333333333333333,0.0,,1.0,0.0,20
GAT,1:1,none,GNNExplainer,8722,2,0.9682706766917294,0.5,0.0,,1.0,0.0,22
GAT,1:1,none,GNNExplainer,9468,4,0.9768421052631577,0.575,1.0,,1.0,0.0,33
GAT,1:1,none,GNNExplainer,8147,1,0.9905263157894735,0.5294117647058824,0.0,,1.0,0.0,28
GAT,1:1,none,GNNExplainer,9495,4,0.989624060150376,0.5666666666666667,1.0,,1.0,0.0,26
GAT,1:1,none,GNNExplainer,9259,4,0.9596992481203006,0.5416666666666666,1.0,,1.0,0.0,26
GAT,1:1,none,GNNExplainer,8335,1,0.9790977443609021,0.5476190476190477,1.0,,1.0,0.0,33
GAT,1:1,none,GNNExplainer,8226,1,0.984812030075188,0.5238095238095238,1.0,,1.0,0.0,33
GAT,1:1,none,GNNExplainer,8029,1,0.9827067669172932,0.5454545454545454,1.0,,1.0,0.0,25
GAT,1:1,none,GNNExplainer,9313,4,0.9824060150375938,0.5294117647058824,1.0,,1.0,0.0,32
GAT,1:1,none,GNNExplainer,9366,4,0.9609022556390977,0.5384615384615384,1.0,,1.0,0.0,27
GAT,1:1,none,GNNExplainer,8564,2,0.9284210526315789,0.5,0.0,,1.0,0.0,19
GAT,1:1,none,GNNExplainer,9343,4,0.9873684210526313,0.65,1.0,,1.0,0.0,32
GAT,1:1,none,GNNExplainer,9488,4,0.9703759398496239,0.7333333333333333,0.0,,1.0,0.0,67
GAT,1:1,none,GNNExplainer,8445,2,0.9421052631578947,0.375,0.0,,1.0,0.0,31
GAT,1:1,none,GNNExplainer,8331,1,0.9723308270676692,0.5952380952380952,1.0,,1.0,0.0,30
GAT,1:1,none,GNNExplainer,9460,4,0.9798496240601503,0.525,1.0,,1.0,0.0,35
GAT,1:1,none,GNNExplainer,9466,4,0.9625563909774435,0.525,1.0,,1.0,0.0,38
GAT,1:1,none,GNNExplainer,8477,2,0.9763909774436088,0.5,0.0,,1.0,0.0,24
GAT,1:1,none,GNNExplainer,8270,1,0.9809022556390976,0.5333333333333333,1.0,,1.0,0.0,25
GAT,1:1,none,GNNExplainer,9121,3,0.9696240601503758,0.5416666666666666,0.0,,1.0,0.0,26
GAT,1:1,none,PGExplainer,8355,1,,0.3181818181818182,,,,,38
GAT,1:1,none,PGExplainer,9420,4,,0.07692307692307693,,,,,32
GAT,1:1,none,PGExplainer,8224,1,,0.47619047619047616,,,,,36
GAT,1:1,none,PGExplainer,8950,3,,0.36666666666666664,,,,,29
GAT,1:1,none,PGExplainer,8698,2,,0.0,,,,,18
GAT,1:1,none,PGExplainer,8571,2,,0.125,,,,,16
GAT,1:1,none,PGExplainer,9282,4,,0.6333333333333333,,,,,26
GAT,1:1,none,PGExplainer,8541,2,,0.0,,,,,24
GAT,1:1,none,PGExplainer,8053,1,,0.0,,,,,83
GAT,1:1,none,PGExplainer,8399,2,,0.16666666666666666,,,,,20
GAT,1:1,none,PGExplainer,8722,2,,0.125,,,,,22
GAT,1:1,none,PGExplainer,9468,4,,0.375,,,,,33
GAT,1:1,none,PGExplainer,8147,1,,0.735294117647059,,,,,28
GAT,1:1,none,PGExplainer,9495,4,,0.7,,,,,26
GAT,1:1,none,PGExplainer,9259,4,,0.3333333333333333,,,,,26
GAT,1:1,none,PGExplainer,8335,1,,0.6428571428571429,,,,,33
GAT,1:1,none,PGExplainer,8226,1,,0.5,,,,,33
GAT,1:1,none,PGExplainer,8029,1,,0.22727272727272727,,,,,25
GAT,1:1,none,PGExplainer,9313,4,,0.4117647058823529,,,,,32
GAT,1:1,none,PGExplainer,9366,4,,0.3076923076923077,,,,,27
GAT,1:1,none,PGExplainer,8564,2,,0.25,,,,,19
GAT,1:1,none,PGExplainer,9343,4,,0.6,,,,,32
GAT,1:1,none,PGExplainer,9488,4,,0.0,,,,,67
GAT,1:1,none,PGExplainer,8445,2,,0.0,,,,,31
GAT,1:1,none,PGExplainer,8331,1,,0.4523809523809524,,,,,30
GAT,1:1,none,PGExplainer,9460,4,,0.47500000000000003,,,,,35
GAT,1:1,none,PGExplainer,9466,4,,0.25,,,,,38
GAT,1:1,none,PGExplainer,8477,2,,0.125,,,,,24
GAT,1:1,none,PGExplainer,8270,1,,0.4666666666666667,,,,,25
GAT,1:1,none,PGExplainer,9121,3,,0.5,,,,,26
GAT,1:1,none,GNNShap,8355,1,0.9407518796992479,,0.0,0.9480270646790322,,,38
GAT,1:1,none,GNNShap,9420,4,0.9732330827067669,,1.0,0.9358570077980337,,,32
GAT,1:1,none,GNNShap,8224,1,0.9741353383458644,,0.0,0.9284144424078071,,,36
GAT,1:1,none,GNNShap,8950,3,0.8609022556390977,,0.0,0.938030051016777,,,29
GAT,1:1,none,GNNShap,8698,2,0.9168421052631578,,0.0,0.9766805201054505,,,18
GAT,1:1,none,GNNShap,8571,2,0.9733834586466166,,0.0,0.946919882929563,,,16
GAT,1:1,none,GNNShap,9282,4,0.9738345864661653,,0.0,0.9396775948969331,,,26
GAT,1:1,none,GNNShap,8541,2,0.9454135338345864,,0.0,0.965078074075374,,,24
GAT,1:1,none,GNNShap,8053,1,0.968421052631579,,0.0,0.9504362156388473,,,83
GAT,1:1,none,GNNShap,8399,2,0.9801503759398497,,0.0,0.9322339847199086,,,20
GAT,1:1,none,GNNShap,8722,2,0.980751879699248,,0.0,0.9376363475167357,,,22
GAT,1:1,none,GNNShap,9468,4,0.980300751879699,,0.0,0.8871185023415297,,,33
GAT,1:1,none,GNNShap,8147,1,0.973533834586466,,0.0,0.9101772846118156,,,28
GAT,1:1,none,GNNShap,9495,4,0.9766917293233082,,0.0,0.9273467267090798,,,26
GAT,1:1,none,GNNShap,9259,4,0.9658646616541352,,0.0,0.953688335363043,,,26
GAT,1:1,none,GNNShap,8335,1,0.960751879699248,,0.0,0.8840100587512415,,,33
GAT,1:1,none,GNNShap,8226,1,0.9918796992481204,,0.0,0.9367199066323135,,,33
GAT,1:1,none,GNNShap,8029,1,0.9875187969924811,,0.0,0.9185235210102674,,,25
GAT,1:1,none,GNNShap,9313,4,0.9667669172932328,,0.0,0.9581354534731243,,,32
GAT,1:1,none,GNNShap,9366,4,0.9825563909774436,,0.0,0.9236465364602413,,,27
GAT,1:1,none,GNNShap,8564,2,0.9738345864661653,,0.0,0.9435256356597147,,,19
GAT,1:1,none,GNNShap,9343,4,0.9804511278195488,,0.0,0.9263996707237597,,,32
GAT,1:1,none,GNNShap,9488,4,0.8786466165413535,,0.0,0.9817724116859552,,,67
GAT,1:1,none,GNNShap,8445,2,0.9676691729323308,,0.0,0.9592418510995222,,,31
GAT,1:1,none,GNNShap,8331,1,0.9624060150375939,,0.0,0.8936964055923633,,,30
GAT,1:1,none,GNNShap,9460,4,0.9839097744360901,,0.0,0.9473090122642907,,,35
GAT,1:1,none,GNNShap,9466,4,0.9618045112781954,,0.0,0.8507077412058031,,,38
GAT,1:1,none,GNNShap,8477,2,0.9604511278195487,,0.0,0.9631318247595052,,,24
GAT,1:1,none,GNNShap,8270,1,0.9457142857142855,,0.0,0.8962855217712494,,,25
GAT,1:1,none,GNNShap,9121,3,0.9708270676691729,,0.0,0.9751656076981984,,,26
GAT,1:1,class_weighting,GNNExplainer,8355,1,0.9678195488721804,0.6818181818181818,1.0,,1.0,0.0,38
GAT,1:1,class_weighting,GNNExplainer,9420,4,0.9633082706766917,0.5384615384615384,0.0,,1.0,0.0,32
GAT,1:1,class_weighting,GNNExplainer,8224,1,0.9628571428571426,0.5476190476190477,0.0,,1.0,0.0,36
GAT,1:1,class_weighting,GNNExplainer,8950,3,0.9687218045112782,0.5333333333333333,0.0,,1.0,0.0,29
GAT,1:1,class_weighting,GNNExplainer,8698,2,0.9490225563909773,0.5,0.0,,1.0,0.0,18
GAT,1:1,class_weighting,GNNExplainer,8571,2,0.9430075187969924,0.5,0.0,,1.0,0.0,16
GAT,1:1,class_weighting,GNNExplainer,9282,4,0.9771428571428571,0.5666666666666667,1.0,,1.0,0.0,26
GAT,1:1,class_weighting,GNNExplainer,8541,2,0.9545864661654134,0.6666666666666666,0.0,,1.0,0.0,24
GAT,1:1,class_weighting,GNNExplainer,8053,1,0.9715789473684209,0.7045454545454546,0.0,,1.0,0.0,83
GAT,1:1,class_weighting,GNNExplainer,8399,2,0.9598496240601502,0.3333333333333333,0.0,,1.0,0.0,20
GAT,1:1,class_weighting,GNNExplainer,8722,2,0.9670676691729321,0.5,0.0,,1.0,0.0,22
GAT,1:1,class_weighting,GNNExplainer,9468,4,0.9760902255639097,0.575,1.0,,1.0,0.0,33
GAT,1:1,class_weighting,GNNExplainer,8147,1,0.9911278195488722,0.5294117647058824,0.0,,1.0,0.0,28
GAT,1:1,class_weighting,GNNExplainer,9495,4,0.989624060150376,0.5666666666666667,1.0,,1.0,0.0,26
GAT,1:1,class_weighting,GNNExplainer,9259,4,0.9568421052631578,0.5416666666666666,1.0,,1.0,0.0,26
GAT,1:1,class_weighting,GNNExplainer,8335,1,0.9842105263157894,0.5476190476190477,1.0,,1.0,0.0,33
GAT,1:1,class_weighting,GNNExplainer,8226,1,0.9858646616541351,0.5238095238095238,1.0,,1.0,0.0,33
GAT,1:1,class_weighting,GNNExplainer,8029,1,0.9833082706766916,0.5454545454545454,1.0,,1.0,0.0,25
GAT,1:1,class_weighting,GNNExplainer,9313,4,0.9824060150375938,0.5294117647058824,1.0,,1.0,0.0,32
GAT,1:1,class_weighting,GNNExplainer,9366,4,0.9634586466165412,0.5384615384615384,1.0,,1.0,0.0,27
GAT,1:1,class_weighting,GNNExplainer,8564,2,0.9351879699248119,0.5,0.0,,1.0,0.0,19
GAT,1:1,class_weighting,GNNExplainer,9343,4,0.9873684210526313,0.65,1.0,,1.0,0.0,32
GAT,1:1,class_weighting,GNNExplainer,9488,4,0.9709774436090225,0.7333333333333333,0.0,,1.0,0.0,67
GAT,1:1,class_weighting,GNNExplainer,8445,2,0.9380451127819548,0.375,0.0,,1.0,0.0,31
GAT,1:1,class_weighting,GNNExplainer,8331,1,0.9726315789473684,0.5952380952380952,1.0,,1.0,0.0,30
GAT,1:1,class_weighting,GNNExplainer,9460,4,0.9798496240601503,0.525,1.0,,1.0,0.0,35
GAT,1:1,class_weighting,GNNExplainer,9466,4,0.963609022556391,0.525,1.0,,1.0,0.0,38
GAT,1:1,class_weighting,GNNExplainer,8477,2,0.9762406015037592,0.5,0.0,,1.0,0.0,24
GAT,1:1,class_weighting,GNNExplainer,8270,1,0.978345864661654,0.5333333333333333,1.0,,1.0,0.0,25
GAT,1:1,class_weighting,GNNExplainer,9121,3,0.9733834586466166,0.5416666666666666,0.0,,1.0,0.0,26
GAT,1:1,class_weighting,PGExplainer,8355,1,,0.3181818181818182,,,,,38
GAT,1:1,class_weighting,PGExplainer,9420,4,,0.07692307692307693,,,,,32
GAT,1:1,class_weighting,PGExplainer,8224,1,,0.47619047619047616,,,,,36
GAT,1:1,class_weighting,PGExplainer,8950,3,,0.36666666666666664,,,,,29
GAT,1:1,class_weighting,PGExplainer,8698,2,,0.0,,,,,18
GAT,1:1,class_weighting,PGExplainer,8571,2,,0.125,,,,,16
GAT,1:1,class_weighting,PGExplainer,9282,4,,0.6333333333333333,,,,,26
GAT,1:1,class_weighting,PGExplainer,8541,2,,0.0,,,,,24
GAT,1:1,class_weighting,PGExplainer,8053,1,,0.0,,,,,83
GAT,1:1,class_weighting,PGExplainer,8399,2,,0.16666666666666666,,,,,20
GAT,1:1,class_weighting,PGExplainer,8722,2,,0.125,,,,,22
GAT,1:1,class_weighting,PGExplainer,9468,4,,0.35,,,,,33
GAT,1:1,class_weighting,PGExplainer,8147,1,,0.735294117647059,,,,,28
GAT,1:1,class_weighting,PGExplainer,9495,4,,0.7,,,,,26
GAT,1:1,class_weighting,PGExplainer,9259,4,,0.3333333333333333,,,,,26
GAT,1:1,class_weighting,PGExplainer,8335,1,,0.6428571428571429,,,,,33
GAT,1:1,class_weighting,PGExplainer,8226,1,,0.5,,,,,33
GAT,1:1,class_weighting,PGExplainer,8029,1,,0.22727272727272727,,,,,25
GAT,1:1,class_weighting,PGExplainer,9313,4,,0.3823529411764706,,,,,32
GAT,1:1,class_weighting,PGExplainer,9366,4,,0.2692307692307692,,,,,27
GAT,1:1,class_weighting,PGExplainer,8564,2,,0.25,,,,,19
GAT,1:1,class_weighting,PGExplainer,9343,4,,0.6,,,,,32
GAT,1:1,class_weighting,PGExplainer,9488,4,,0.0,,,,,67
GAT,1:1,class_weighting,PGExplainer,8445,2,,0.0,,,,,31
GAT,1:1,class_weighting,PGExplainer,8331,1,,0.42857142857142855,,,,,30
GAT,1:1,class_weighting,PGExplainer,9460,4,,0.47500000000000003,,,,,35
GAT,1:1,class_weighting,PGExplainer,9466,4,,0.25,,,,,38
GAT,1:1,class_weighting,PGExplainer,8477,2,,0.125,,,,,24
GAT,1:1,class_weighting,PGExplainer,8270,1,,0.4666666666666667,,,,,25
GAT,1:1,class_weighting,PGExplainer,9121,3,,0.5,,,,,26
GAT,1:1,class_weighting,GNNShap,8355,1,0.9410526315789474,,0.0,0.9480442272974285,,,38
GAT,1:1,class_weighting,GNNShap,9420,4,0.9750375939849623,,1.0,0.9357103841028097,,,32
GAT,1:1,class_weighting,GNNShap,8224,1,0.9784962406015036,,0.0,0.9284744079054171,,,36
GAT,1:1,class_weighting,GNNShap,8950,3,0.8702255639097742,,0.0,0.9389116573598884,,,29
GAT,1:1,class_weighting,GNNShap,8698,2,0.9081203007518797,,0.0,0.9772733997759457,,,18
GAT,1:1,class_weighting,GNNShap,8571,2,0.9733834586466166,,0.0,0.946519334096578,,,16
GAT,1:1,class_weighting,GNNShap,9282,4,0.9708270676691729,,0.0,0.9389452025109877,,,26
GAT,1:1,class_weighting,GNNShap,8541,2,0.949172932330827,,0.0,0.9648841289323551,,,24
GAT,1:1,class_weighting,GNNShap,8053,1,0.968421052631579,,0.0,0.9501343344541858,,,83
GAT,1:1,class_weighting,GNNShap,8399,2,0.9793984962406015,,0.0,0.931827284026032,,,20
GAT,1:1,class_weighting,GNNShap,8722,2,0.980751879699248,,0.0,0.9377705968124882,,,22
GAT,1:1,class_weighting,GNNShap,9468,4,0.980300751879699,,0.0,0.8867514007057336,,,33
GAT,1:1,class_weighting,GNNShap,8147,1,0.9739849624060151,,0.0,0.9099605125790348,,,28
GAT,1:1,class_weighting,GNNShap,9495,4,0.9772932330827068,,0.0,0.9268901161001019,,,26
GAT,1:1,class_weighting,GNNShap,9259,4,0.9664661654135338,,0.0,0.9535648652869618,,,26
GAT,1:1,class_weighting,GNNShap,8335,1,0.9613533834586464,,0.0,0.8844259761714213,,,33
GAT,1:1,class_weighting,GNNShap,8226,1,0.9918796992481204,,0.0,0.937181937162053,,,33
GAT,1:1,class_weighting,GNNShap,8029,1,0.9864661654135338,,0.0,0.9184047705033708,,,25
GAT,1:1,class_weighting,GNNShap,9313,4,0.9667669172932328,,0.0,0.9584050672068838,,,32
GAT,1:1,class_weighting,GNNShap,9366,4,0.9825563909774436,,0.0,0.9231542601266101,,,27
GAT,1:1,class_weighting,GNNShap,8564,2,0.972781954887218,,0.0,0.9435837149696775,,,19
GAT,1:1,class_weighting,GNNShap,9343,4,0.9784962406015036,,0.0,0.926583957396154,,,32
GAT,1:1,class_weighting,GNNShap,9488,4,0.8681203007518796,,0.0,0.9821223407376353,,,67
GAT,1:1,class_weighting,GNNShap,8445,2,0.9667669172932329,,0.0,0.9592713049934598,,,31
GAT,1:1,class_weighting,GNNShap,8331,1,0.9616541353383458,,0.0,0.8937905812679896,,,30
GAT,1:1,class_weighting,GNNShap,9460,4,0.984812030075188,,0.0,0.9475399802017936,,,35
GAT,1:1,class_weighting,GNNShap,9466,4,0.9598496240601504,,0.0,0.8505390289277214,,,38
GAT,1:1,class_weighting,GNNShap,8477,2,0.9603007518796993,,0.0,0.9630561685288578,,,24
GAT,1:1,class_weighting,GNNShap,8270,1,0.9434586466165413,,0.0,0.8963827222145033,,,25
GAT,1:1,class_weighting,GNNShap,9121,3,0.9700751879699248,,0.0,0.9748988627320877,,,26
GAT,1:1,focal_loss,GNNExplainer,9141,3,0.8878195488721804,0.5333333333333333,0.0,,1.0,0.0,30
GAT,1:1,focal_loss,GNNExplainer,8053,1,0.9530827067669172,0.7045454545454546,0.0,,1.0,0.0,83
GAT,1:1,focal_loss,GNNExplainer,8265,1,0.9246616541353383,0.5263157894736842,0.0,,1.0,0.0,34
GAT,1:1,focal_loss,GNNExplainer,8270,1,0.9,0.5333333333333333,0.0,,1.0,0.0,25
GAT,1:1,focal_loss,GNNExplainer,8107,1,0.9603007518796991,0.7391304347826085,0.0,,1.0,0.0,83
GAT,1:1,focal_loss,GNNExplainer,8285,1,0.955639097744361,0.5384615384615384,0.0,,1.0,0.0,27
GAT,1:1,focal_loss,GNNExplainer,8404,2,0.8330827067669173,0.375,1.0,,1.0,0.0,25
GAT,1:1,focal_loss,GNNExplainer,8870,2,0.72,0.5,0.0,,1.0,0.0,20
GAT,1:1,focal_loss,GNNExplainer,9350,4,0.9357894736842104,0.525,0.0,,1.0,0.0,36
GAT,1:1,focal_loss,GNNExplainer,8226,1,0.9475187969924812,0.5238095238095238,0.0,,1.0,0.0,33
GAT,1:1,focal_loss,GNNExplainer,8331,1,0.9291729323308271,0.5952380952380952,0.0,,1.0,0.0,30
GAT,1:1,focal_loss,GNNExplainer,8749,2,0.9409022556390976,0.5,1.0,,1.0,0.0,19
GAT,1:1,focal_loss,GNNExplainer,8827,2,0.8828571428571428,0.5,1.0,,1.0,0.0,23
GAT,1:1,focal_loss,GNNExplainer,8463,2,0.9538345864661654,0.5,0.0,,1.0,0.0,22
GAT,1:1,focal_loss,GNNExplainer,8803,2,0.837142857142857,0.25,1.0,,1.0,0.0,17
GAT,1:1,focal_loss,GNNExplainer,9462,4,0.9130827067669172,0.575,0.0,,1.0,0.0,33
GAT,1:1,focal_loss,GNNExplainer,8029,1,0.9333834586466164,0.5454545454545454,0.0,,1.0,0.0,25
GAT,1:1,focal_loss,GNNExplainer,9154,3,0.9016541353383458,0.5333333333333333,0.0,,1.0,0.0,29
GAT,1:1,focal_loss,GNNExplainer,8757,2,0.9375939849624061,0.75,1.0,,1.0,0.0,20
GAT,1:1,focal_loss,GNNExplainer,9471,4,0.9359398496240601,0.525,0.0,,1.0,0.0,33
GAT,1:1,focal_loss,GNNExplainer,8319,1,0.8735338345864662,0.5666666666666667,0.0,,1.0,0.0,23
GAT,1:1,focal_loss,GNNExplainer,9540,4,0.959097744360902,0.5333333333333333,0.0,,1.0,0.0,32
GAT,1:1,focal_loss,GNNExplainer,9115,3,0.9248120300751879,0.5416666666666666,0.0,,1.0,0.0,28
GAT,1:1,focal_loss,GNNExplainer,9266,4,0.9088721804511277,0.5416666666666666,0.0,,1.0,0.0,30
GAT,1:1,focal_loss,GNNExplainer,8333,1,0.9254135338345864,0.5238095238095238,0.0,,1.0,0.0,33
GAT,1:1,focal_loss,GNNExplainer,8634,2,0.7821052631578947,0.3333333333333333,1.0,,1.0,0.0,24
GAT,1:1,focal_loss,GNNExplainer,8666,2,0.9033082706766915,0.5,1.0,,1.0,0.0,24
GAT,1:1,focal_loss,GNNExplainer,8147,1,0.9404511278195488,0.5294117647058824,0.0,,1.0,0.0,28
GAT,1:1,focal_loss,GNNExplainer,9407,4,0.9430075187969924,0.5,0.0,,1.0,0.0,40
GAT,1:1,focal_loss,GNNExplainer,9460,4,0.9738345864661652,0.525,0.0,,1.0,0.0,35
GAT,1:1,focal_loss,PGExplainer,9141,3,,0.5,,,,,30
GAT,1:1,focal_loss,PGExplainer,8053,1,,0.1590909090909091,,,,,83
GAT,1:1,focal_loss,PGExplainer,8265,1,,0.47368421052631576,,,,,34
GAT,1:1,focal_loss,PGExplainer,8270,1,,0.7333333333333333,,,,,25
GAT,1:1,focal_loss,PGExplainer,8107,1,,0.2608695652173913,,,,,83
GAT,1:1,focal_loss,PGExplainer,8285,1,,0.7307692307692306,,,,,27
GAT,1:1,focal_loss,PGExplainer,8404,2,,0.375,,,,,25
GAT,1:1,focal_loss,PGExplainer,8870,2,,0.16666666666666666,,,,,20
GAT,1:1,focal_loss,PGExplainer,9350,4,,0.425,,,,,36
GAT,1:1,focal_loss,PGExplainer,8226,1,,0.5714285714285714,,,,,33
GAT,1:1,focal_loss,PGExplainer,8331,1,,0.5714285714285714,,,,,30
GAT,1:1,focal_loss,PGExplainer,8749,2,,0.0,,,,,19
GAT,1:1,focal_loss,PGExplainer,8827,2,,0.375,,,,,23
GAT,1:1,focal_loss,PGExplainer,8463,2,,0.25,,,,,22
GAT,1:1,focal_loss,PGExplainer,8803,2,,0.5,,,,,17
GAT,1:1,focal_loss,PGExplainer,9462,4,,0.5,,,,,33
GAT,1:1,focal_loss,PGExplainer,8029,1,,0.6818181818181818,,,,,25
GAT,1:1,focal_loss,PGExplainer,9154,3,,0.43333333333333335,,,,,29
GAT,1:1,focal_loss,PGExplainer,8757,2,,0.25,,,,,20
GAT,1:1,focal_loss,PGExplainer,9471,4,,0.825,,,,,33
GAT,1:1,focal_loss,PGExplainer,8319,1,,0.7,,,,,23
GAT,1:1,focal_loss,PGExplainer,9540,4,,0.36666666666666664,,,,,32
GAT,1:1,focal_loss,PGExplainer,9115,3,,0.5,,,,,28
GAT,1:1,focal_loss,PGExplainer,9266,4,,0.625,,,,,30
GAT,1:1,focal_loss,PGExplainer,8333,1,,0.5714285714285714,,,,,33
GAT,1:1,focal_loss,PGExplainer,8634,2,,0.16666666666666666,,,,,24
GAT,1:1,focal_loss,PGExplainer,8666,2,,0.375,,,,,24
GAT,1:1,focal_loss,PGExplainer,8147,1,,0.6176470588235294,,,,,28
GAT,1:1,focal_loss,PGExplainer,9407,4,,0.6388888888888888,,,,,40
GAT,1:1,focal_loss,PGExplainer,9460,4,,0.45,,,,,35
GAT,1:1,focal_loss,GNNShap,9141,3,0.9872180451127818,,0.0,0.9558050832881149,,,30
GAT,1:1,focal_loss,GNNShap,8053,1,0.9721804511278196,,0.0,0.9833581017336076,,,83
GAT,1:1,focal_loss,GNNShap,8265,1,0.9987969924812031,,0.0,0.9755413583831153,,,34
GAT,1:1,focal_loss,GNNShap,8270,1,0.9962406015037594,,0.0,0.8999596891009402,,,25
GAT,1:1,focal_loss,GNNShap,8107,1,0.9624060150375939,,0.0,0.9811845175449821,,,83
GAT,1:1,focal_loss,GNNShap,8285,1,0.9984962406015038,,0.0,0.9332245777510018,,,27
GAT,1:1,focal_loss,GNNShap,8404,2,0.9993984962406015,,0.0,0.9439032041275093,,,25
GAT,1:1,focal_loss,GNNShap,8870,2,0.9953383458646616,,1.0,0.9419783933992811,,,20
GAT,1:1,focal_loss,GNNShap,9350,4,0.9966917293233081,,0.0,0.9155103717060962,,,36
GAT,1:1,focal_loss,GNNShap,8226,1,0.9924812030075186,,0.0,0.9518714214671524,,,33
GAT,1:1,focal_loss,GNNShap,8331,1,0.9968421052631579,,0.0,0.9169451419245691,,,30
GAT,1:1,focal_loss,GNNShap,8749,2,0.9962406015037594,,1.0,0.8963545582739773,,,19
GAT,1:1,focal_loss,GNNShap,8827,2,0.9986466165413533,,1.0,0.925853642517831,,,23
GAT,1:1,focal_loss,GNNShap,8463,2,0.9984962406015038,,0.0,0.946108422172532,,,22
GAT,1:1,focal_loss,GNNShap,8803,2,0.9987969924812029,,1.0,0.9420274584682492,,,17
GAT,1:1,focal_loss,GNNShap,9462,4,0.997593984962406,,0.0,0.9397163429728554,,,33
GAT,1:1,focal_loss,GNNShap,8029,1,0.9984962406015038,,0.0,0.9412128702538087,,,25
GAT,1:1,focal_loss,GNNShap,9154,3,0.9957894736842103,,0.0,0.9714770445731492,,,29
GAT,1:1,focal_loss,GNNShap,8757,2,0.9959398496240601,,1.0,0.8908786478610349,,,20
GAT,1:1,focal_loss,GNNShap,9471,4,0.9920300751879697,,0.0,0.9575450049154757,,,33
GAT,1:1,focal_loss,GNNShap,8319,1,0.9878195488721804,,0.0,0.9200987664306626,,,23
GAT,1:1,focal_loss,GNNShap,9540,4,0.9951879699248121,,0.0,0.891027072356453,,,32
GAT,1:1,focal_loss,GNNShap,9115,3,0.9738345864661652,,0.0,0.9238131732907184,,,28
GAT,1:1,focal_loss,GNNShap,9266,4,0.9960902255639097,,1.0,0.9340290022839073,,,30
GAT,1:1,focal_loss,GNNShap,8333,1,0.9906766917293233,,0.0,0.9697290417737928,,,33
GAT,1:1,focal_loss,GNNShap,8634,2,0.9951879699248121,,1.0,0.9529125199752609,,,24
GAT,1:1,focal_loss,GNNShap,8666,2,0.9885714285714284,,1.0,0.927364441602643,,,24
GAT,1:1,focal_loss,GNNShap,8147,1,0.9993984962406015,,0.0,0.9219039412555723,,,28
GAT,1:1,focal_loss,GNNShap,9407,4,0.9984962406015038,,1.0,0.9536173772349951,,,40
GAT,1:1,focal_loss,GNNShap,9460,4,0.9987969924812031,,0.0,0.9274429121786142,,,35
GAT,1:10,none,GNNExplainer,8073,1,0.9861654135338345,0.5652173913043478,1.0,,1.0,1.0,35
GAT,1:10,none,GNNExplainer,8053,1,0.9577443609022556,0.6590909090909091,0.0,,1.0,0.8,83
GAT,1:10,none,GNNExplainer,9065,3,0.9906766917293233,0.5263157894736842,0.0,,1.0,0.0,33
GAT,1:10,none,GNNExplainer,8340,1,0.9816541353383459,0.5681818181818182,0.0,,1.0,0.6,32
GAT,1:10,none,GNNExplainer,8291,1,0.9812030075187967,0.6666666666666666,1.0,,1.0,1.0,30
GAT,1:10,none,GNNExplainer,8224,1,0.9879699248120299,0.5476190476190477,1.0,,1.0,0.0,36
GAT,1:10,none,GNNExplainer,9293,4,0.9470676691729322,0.5333333333333333,1.0,,1.0,0.0,36
GAT,1:10,none,GNNExplainer,9442,4,0.97593984962406,0.55,1.0,,1.0,0.0,30
GAT,1:10,none,GNNExplainer,9540,4,0.9494736842105261,0.5333333333333333,1.0,,1.0,0.0,32
GAT,1:10,none,GNNExplainer,9455,4,0.9596992481203006,0.525,1.0,,1.0,0.0,36
GAT,1:10,none,GNNExplainer,8307,1,0.9795488721804511,0.625,1.0,,1.0,1.0,35
GAT,1:10,none,GNNExplainer,9385,4,0.9485714285714284,0.55,1.0,,1.0,0.0,35
GAT,1:10,none,GNNExplainer,9399,4,0.972781954887218,0.5833333333333334,1.0,,1.0,0.2,28
GAT,1:10,none,GNNExplainer,9468,4,0.9798496240601502,0.575,1.0,,1.0,0.0,33
GAT,1:10,none,GNNExplainer,8260,1,0.9837593984962405,0.5263157894736842,1.0,,1.0,0.0,28
GAT,1:10,none,GNNExplainer,9488,4,0.9433082706766915,0.7666666666666667,1.0,,1.0,0.0,67
GAT,1:10,none,GNNExplainer,8087,1,0.9849624060150376,0.5652173913043478,1.0,,1.0,1.0,35
GAT,1:10,none,GNNExplainer,8344,1,0.9769924812030075,0.6363636363636364,0.0,,1.0,1.0,29
GAT,1:10,none,GNNExplainer,8259,1,0.9888721804511276,0.5526315789473685,1.0,,1.0,0.0,28
GAT,1:10,none,GNNExplainer,9313,4,0.9535338345864661,0.5294117647058824,1.0,,1.0,0.0,32
GAT,1:10,none,GNNExplainer,9438,4,0.9562406015037592,0.5294117647058824,1.0,,1.0,0.0,32
GAT,1:10,none,GNNExplainer,8950,3,0.9756390977443609,0.5333333333333333,0.0,,1.0,0.0,29
GAT,1:10,none,GNNExplainer,8928,3,0.9959398496240601,0.5263157894736842,0.0,,1.0,0.0,31
GAT,1:10,none,GNNExplainer,8126,1,0.9646616541353383,0.6363636363636364,0.0,,1.0,0.0,47
GAT,1:10,none,GNNExplainer,9149,3,0.9848120300751878,0.5333333333333333,0.0,,1.0,0.0,34
GAT,1:10,none,GNNExplainer,8081,1,0.9866165413533834,0.5217391304347826,1.0,,1.0,1.0,38
GAT,1:10,none,GNNExplainer,9425,4,0.977894736842105,0.5294117647058824,1.0,,1.0,0.0,31
GAT,1:10,none,GNNExplainer,8558,2,0.9730827067669171,0.5,0.0,,1.0,1.0,20
GAT,1:10,none,GNNExplainer,9389,4,0.9654135338345864,0.525,1.0,,1.0,0.0,40
GAT,1:10,none,GNNExplainer,9141,3,0.9921804511278195,0.5333333333333333,0.0,,1.0,0.0,30
GAT,1:10,none,PGExplainer,8073,1,,0.5652173913043478,,,,,35
GAT,1:10,none,PGExplainer,8053,1,,0.045454545454545456,,,,,83
GAT,1:10,none,PGExplainer,9065,3,,0.5526315789473685,,,,,33
GAT,1:10,none,PGExplainer,8340,1,,0.38636363636363635,,,,,32
GAT,1:10,none,PGExplainer,8291,1,,0.625,,,,,30
GAT,1:10,none,PGExplainer,8224,1,,0.35714285714285715,,,,,36
GAT,1:10,none,PGExplainer,9293,4,,0.43333333333333335,,,,,36
GAT,1:10,none,PGExplainer,9442,4,,0.45,,,,,30
GAT,1:10,none,PGExplainer,9540,4,,0.36666666666666664,,,,,32
GAT,1:10,none,PGExplainer,9455,4,,0.6,,,,,36
GAT,1:10,none,PGExplainer,8307,1,,0.375,,,,,35
GAT,1:10,none,PGExplainer,9385,4,,0.55,,,,,35
GAT,1:10,none,PGExplainer,9399,4,,0.6388888888888888,,,,,28
GAT,1:10,none,PGExplainer,9468,4,,0.5,,,,,33
GAT,1:10,none,PGExplainer,8260,1,,0.42105263157894735,,,,,28
GAT,1:10,none,PGExplainer,9488,4,,0.0,,,,,67
GAT,1:10,none,PGExplainer,8087,1,,0.45652173913043476,,,,,35
GAT,1:10,none,PGExplainer,8344,1,,0.5227272727272727,,,,,29
GAT,1:10,none,PGExplainer,8259,1,,0.42105263157894735,,,,,28
GAT,1:10,none,PGExplainer,9313,4,,0.47058823529411764,,,,,32
GAT,1:10,none,PGExplainer,9438,4,,0.47058823529411764,,,,,32
GAT,1:10,none,PGExplainer,8950,3,,0.4666666666666667,,,,,29
GAT,1:10,none,PGExplainer,8928,3,,0.5263157894736842,,,,,31
GAT,1:10,none,PGExplainer,8126,1,,0.0,,,,,47
GAT,1:10,none,PGExplainer,9149,3,,0.5,,,,,34
GAT,1:10,none,PGExplainer,8081,1,,0.4782608695652174,,,,,38
GAT,1:10,none,PGExplainer,9425,4,,0.4411764705882353,,,,,31
GAT,1:10,none,PGExplainer,8558,2,,0.25,,,,,20
GAT,1:10,none,PGExplainer,9389,4,,0.45,,,,,40
GAT,1:10,none,PGExplainer,9141,3,,0.7,,,,,30
GAT,1:10,none,GNNShap,8073,1,0.9900751879699247,,0.0,0.967338052550884,,,35
GAT,1:10,none,GNNShap,8053,1,0.8789473684210526,,0.0,0.9812915043540518,,,83
GAT,1:10,none,GNNShap,9065,3,0.9766917293233082,,0.0,0.9463539969640937,,,33
GAT,1:10,none,GNNShap,8340,1,0.9878195488721804,,0.0,0.9591066137831076,,,32
GAT,1:10,none,GNNShap,8291,1,0.9861654135338345,,0.0,0.952677574338162,,,30
GAT,1:10,none,GNNShap,8224,1,0.9846616541353382,,0.0,0.9234963121806785,,,36
GAT,1:10,none,GNNShap,9293,4,0.9840601503759399,,0.0,0.8855450103479454,,,36
GAT,1:10,none,GNNShap,9442,4,0.9403007518796992,,0.0,0.9235192346318343,,,30
GAT,1:10,none,GNNShap,9540,4,0.944812030075188,,1.0,0.8970915916579353,,,32
GAT,1:10,none,GNNShap,9455,4,0.9460150375939851,,0.0,0.873935363691977,,,36
GAT,1:10,none,GNNShap,8307,1,0.9472180451127817,,0.0,0.919100566755706,,,35
GAT,1:10,none,GNNShap,9385,4,0.9756390977443609,,1.0,0.9613064857717737,,,35
GAT,1:10,none,GNNShap,9399,4,0.9854135338345864,,0.0,0.904409227175645,,,28
GAT,1:10,none,GNNShap,9468,4,0.9837593984962405,,0.0,0.9169076807937229,,,33
GAT,1:10,none,GNNShap,8260,1,0.9760902255639097,,0.0,0.9219748503119026,,,28
GAT,1:10,none,GNNShap,9488,4,0.9021052631578946,,0.0,0.9913803130024039,,,67
GAT,1:10,none,GNNShap,8087,1,0.9917293233082706,,0.0,0.9237138576178049,,,35
GAT,1:10,none,GNNShap,8344,1,0.9857142857142855,,0.0,0.9070532461232377,,,29
GAT,1:10,none,GNNShap,8259,1,0.9801503759398497,,0.0,0.9287673395531304,,,28
GAT,1:10,none,GNNShap,9313,4,0.9347368421052632,,0.0,0.958919309834361,,,32
GAT,1:10,none,GNNShap,9438,4,0.9790977443609021,,1.0,0.9225792034744396,,,32
GAT,1:10,none,GNNShap,8950,3,0.9640601503759397,,0.0,0.9662880700696969,,,29
GAT,1:10,none,GNNShap,8928,3,0.9696240601503758,,0.0,0.9576021429876448,,,31
GAT,1:10,none,GNNShap,8126,1,0.9786466165413534,,0.0,0.9508280045397306,,,47
GAT,1:10,none,GNNShap,9149,3,0.9652631578947366,,0.0,0.9505679364473508,,,34
GAT,1:10,none,GNNShap,8081,1,0.9872180451127818,,0.0,0.9344234819878006,,,38
GAT,1:10,none,GNNShap,9425,4,0.9538345864661653,,1.0,0.8998526634219456,,,31
GAT,1:10,none,GNNShap,8558,2,0.9885714285714287,,0.0,0.8843401707756078,,,20
GAT,1:10,none,GNNShap,9389,4,0.9535338345864662,,1.0,0.9174609989015382,,,40
GAT,1:10,none,GNNShap,9141,3,0.9801503759398497,,0.0,0.9616725499149137,,,30
GAT,1:10,class_weighting,GNNExplainer,8355,1,0.9685714285714285,0.6818181818181818,0.0,,1.0,0.0,38
GAT,1:10,class_weighting,GNNExplainer,9420,4,0.985563909774436,0.5384615384615384,0.0,,1.0,0.0,32
GAT,1:10,class_weighting,GNNExplainer,8224,1,0.9784962406015036,0.5476190476190477,0.0,,1.0,0.0,36
GAT,1:10,class_weighting,GNNExplainer,8950,3,0.9678195488721804,0.5333333333333333,0.0,,1.0,0.0,29
GAT,1:10,class_weighting,GNNExplainer,8687,2,0.943157894736842,0.5,0.0,,1.0,0.0,30
GAT,1:10,class_weighting,GNNExplainer,8566,2,0.9625563909774437,0.5,0.0,,1.0,0.0,18
GAT,1:10,class_weighting,GNNExplainer,9282,4,0.9809022556390976,0.5666666666666667,1.0,,1.0,0.0,26
GAT,1:10,class_weighting,GNNExplainer,8536,2,0.9631578947368421,0.375,0.0,,1.0,0.0,21
GAT,1:10,class_weighting,GNNExplainer,8053,1,0.9300751879699247,0.6818181818181818,0.0,,1.0,0.0,83
GAT,1:10,class_weighting,GNNExplainer,8399,2,0.9212030075187968,0.3333333333333333,0.0,,1.0,0.0,20
GAT,1:10,class_weighting,GNNExplainer,8716,2,0.9178947368421053,0.375,0.0,,1.0,0.0,23
GAT,1:10,class_weighting,GNNExplainer,9468,4,0.9781954887218044,0.575,1.0,,1.0,0.0,33
GAT,1:10,class_weighting,GNNExplainer,8147,1,0.9833082706766916,0.5294117647058824,1.0,,1.0,0.0,28
GAT,1:10,class_weighting,GNNExplainer,9495,4,0.9840601503759399,0.5666666666666667,1.0,,1.0,0.0,26
GAT,1:10,class_weighting,GNNExplainer,9259,4,0.9781954887218045,0.5416666666666666,1.0,,1.0,0.0,26
GAT,1:10,class_weighting,GNNExplainer,8335,1,0.9621052631578946,0.5476190476190477,1.0,,1.0,0.0,33
GAT,1:10,class_weighting,GNNExplainer,8226,1,0.9914285714285713,0.5238095238095238,1.0,,1.0,0.0,33
GAT,1:10,class_weighting,GNNExplainer,8029,1,0.9795488721804512,0.5454545454545454,1.0,,1.0,0.0,25
GAT,1:10,class_weighting,GNNExplainer,9313,4,0.9863157894736843,0.5294117647058824,1.0,,1.0,0.0,32
GAT,1:10,class_weighting,GNNExplainer,9366,4,0.9790977443609021,0.5384615384615384,1.0,,1.0,0.0,27
GAT,1:10,class_weighting,GNNExplainer,8564,2,0.9572932330827066,0.5,0.0,,1.0,0.0,19
GAT,1:10,class_weighting,GNNExplainer,9343,4,0.9733834586466162,0.65,1.0,,1.0,0.0,32
GAT,1:10,class_weighting,GNNExplainer,9488,4,0.957142857142857,0.7333333333333333,0.0,,1.0,0.0,67
GAT,1:10,class_weighting,GNNExplainer,8445,2,0.9742857142857142,0.375,1.0,,1.0,0.0,31
GAT,1:10,class_weighting,GNNExplainer,8331,1,0.980751879699248,0.5952380952380952,1.0,,1.0,0.0,30
GAT,1:10,class_weighting,GNNExplainer,9460,4,0.9790977443609021,0.525,1.0,,1.0,0.0,35
GAT,1:10,class_weighting,GNNExplainer,9466,4,0.9792481203007517,0.525,1.0,,1.0,0.0,38
GAT,1:10,class_weighting,GNNExplainer,8472,2,0.9825563909774434,0.25,1.0,,1.0,0.0,13
GAT,1:10,class_weighting,GNNExplainer,8270,1,0.993984962406015,0.5333333333333333,1.0,,1.0,0.0,25
GAT,1:10,class_weighting,GNNExplainer,9121,3,0.976842105263158,0.5416666666666666,0.0,,1.0,0.0,26
GAT,1:10,class_weighting,PGExplainer,8355,1,,0.2727272727272727,,,,,38
GAT,1:10,class_weighting,PGExplainer,9420,4,,0.2692307692307692,,,,,32
GAT,1:10,class_weighting,PGExplainer,8224,1,,0.47619047619047616,,,,,36
GAT,1:10,class_weighting,PGExplainer,8950,3,,0.7,,,,,29
GAT,1:10,class_weighting,PGExplainer,8687,2,,0.5,,,,,30
GAT,1:10,class_weighting,PGExplainer,8566,2,,0.5,,,,,18
GAT,1:10,class_weighting,PGExplainer,9282,4,,0.7333333333333333,,,,,26
GAT,1:10,class_weighting,PGExplainer,8536,2,,0.375,,,,,21
GAT,1:10,class_weighting,PGExplainer,8053,1,,0.09090909090909091,,,,,83
GAT,1:10,class_weighting,PGExplainer,8399,2,,0.5,,,,,20
GAT,1:10,class_weighting,PGExplainer,8716,2,,0.5,,,,,23
GAT,1:10,class_weighting,PGExplainer,9468,4,,0.375,,,,,33
GAT,1:10,class_weighting,PGExplainer,8147,1,,0.7058823529411765,,,,,28
GAT,1:10,class_weighting,PGExplainer,9495,4,,0.8666666666666667,,,,,26
GAT,1:10,class_weighting,PGExplainer,9259,4,,0.8333333333333334,,,,,26
GAT,1:10,class_weighting,PGExplainer,8335,1,,0.5238095238095238,,,,,33
GAT,1:10,class_weighting,PGExplainer,8226,1,,0.4523809523809524,,,,,33
GAT,1:10,class_weighting,PGExplainer,8029,1,,0.8181818181818182,,,,,25
GAT,1:10,class_weighting,PGExplainer,9313,4,,0.4411764705882353,,,,,32
GAT,1:10,class_weighting,PGExplainer,9366,4,,0.6153846153846154,,,,,27
GAT,1:10,class_weighting,PGExplainer,8564,2,,0.625,,,,,19
GAT,1:10,class_weighting,PGExplainer,9343,4,,0.625,,,,,32
GAT,1:10,class_weighting,PGExplainer,9488,4,,0.4666666666666667,,,,,67
GAT,1:10,class_weighting,PGExplainer,8445,2,,0.375,,,,,31
GAT,1:10,class_weighting,PGExplainer,8331,1,,0.5714285714285714,,,,,30
GAT,1:10,class_weighting,PGExplainer,9460,4,,0.5,,,,,35
GAT,1:10,class_weighting,PGExplainer,9466,4,,0.25,,,,,38
GAT,1:10,class_weighting,PGExplainer,8472,2,,0.5,,,,,13
GAT,1:10,class_weighting,PGExplainer,8270,1,,0.4000000000000001,,,,,25
GAT,1:10,class_weighting,PGExplainer,9121,3,,0.4166666666666667,,,,,26
GAT,1:10,class_weighting,GNNShap,8355,1,0.9293233082706764,,0.0,0.9886812918258695,,,38
GAT,1:10,class_weighting,GNNShap,9420,4,0.9249624060150377,,1.0,0.9362500080269461,,,32
GAT,1:10,class_weighting,GNNShap,8224,1,0.9736842105263157,,0.0,0.9432102192976591,,,36
GAT,1:10,class_weighting,GNNShap,8950,3,0.8503759398496241,,0.0,0.951306820977574,,,29
GAT,1:10,class_weighting,GNNShap,8687,2,0.9861654135338345,,1.0,0.9660560040272144,,,30
GAT,1:10,class_weighting,GNNShap,8566,2,0.9663157894736841,,1.0,0.8763600228475802,,,18
GAT,1:10,class_weighting,GNNShap,9282,4,0.9584962406015036,,0.0,0.977943398079318,,,26
GAT,1:10,class_weighting,GNNShap,8536,2,0.9699248120300752,,0.0,0.9182854009679025,,,21
GAT,1:10,class_weighting,GNNShap,8053,1,0.9554887218045112,,0.0,0.9711741420450668,,,83
GAT,1:10,class_weighting,GNNShap,8399,2,0.976390977443609,,0.0,0.9486655985915297,,,20
GAT,1:10,class_weighting,GNNShap,8716,2,0.9624060150375937,,1.0,0.9813854886337797,,,23
GAT,1:10,class_weighting,GNNShap,9468,4,0.959097744360902,,0.0,0.9180312265144259,,,33
GAT,1:10,class_weighting,GNNShap,8147,1,0.9598496240601504,,0.0,0.8938287440503092,,,28
GAT,1:10,class_weighting,GNNShap,9495,4,0.9870676691729322,,0.0,0.95013419207258,,,26
GAT,1:10,class_weighting,GNNShap,9259,4,0.9526315789473683,,0.0,0.9718566205268029,,,26
GAT,1:10,class_weighting,GNNShap,8335,1,0.9604511278195489,,0.0,0.9682812861540224,,,33
GAT,1:10,class_weighting,GNNShap,8226,1,0.9750375939849626,,0.0,0.9509316983313006,,,33
GAT,1:10,class_weighting,GNNShap,8029,1,0.9748872180451127,,0.0,0.9456623447522489,,,25
GAT,1:10,class_weighting,GNNShap,9313,4,0.9539849624060149,,0.0,0.9656479868489132,,,32
GAT,1:10,class_weighting,GNNShap,9366,4,0.9702255639097743,,0.0,0.936379446290917,,,27
GAT,1:10,class_weighting,GNNShap,8564,2,0.9733834586466166,,1.0,0.9618774428015723,,,19
GAT,1:10,class_weighting,GNNShap,9343,4,0.9777443609022555,,0.0,0.958374627632411,,,32
GAT,1:10,class_weighting,GNNShap,9488,4,0.9233082706766915,,0.0,0.9806521485998166,,,67
GAT,1:10,class_weighting,GNNShap,8445,2,0.9481203007518795,,0.0,0.9693201766638652,,,31
GAT,1:10,class_weighting,GNNShap,8331,1,0.9672180451127821,,0.0,0.9348446074772767,,,30
GAT,1:10,class_weighting,GNNShap,9460,4,0.96,,0.0,0.966125682821635,,,35
GAT,1:10,class_weighting,GNNShap,9466,4,0.9199999999999997,,0.0,0.9365485972399668,,,38
GAT,1:10,class_weighting,GNNShap,8472,2,0.9845112781954887,,1.0,0.9683619932701589,,,13
GAT,1:10,class_weighting,GNNShap,8270,1,0.9595488721804509,,0.0,0.9275061898042015,,,25
GAT,1:10,class_weighting,GNNShap,9121,3,0.8580451127819548,,0.0,0.9872344559808262,,,26
GAT,1:10,focal_loss,GNNExplainer,9354,4,0.9545864661654135,0.525,0.0,,1.0,0.0,35
GAT,1:10,focal_loss,GNNExplainer,8051,1,0.8918796992481202,0.5714285714285714,0.0,,1.0,0.0,32
GAT,1:10,focal_loss,GNNExplainer,8340,1,0.9218045112781954,0.5681818181818182,1.0,,1.0,0.0,32
GAT,1:10,focal_loss,GNNExplainer,9343,4,0.9206015037593985,0.65,1.0,,1.0,0.0,32
GAT,1:10,focal_loss,GNNExplainer,8687,2,0.9675187969924812,0.625,0.0,,1.0,0.0,30
GAT,1:10,focal_loss,GNNExplainer,9184,3,0.9145864661654134,0.53125,0.0,,1.0,0.0,35
GAT,1:10,focal_loss,GNNExplainer,9320,4,0.9276691729323309,0.5294117647058824,0.0,,1.0,0.0,38
GAT,1:10,focal_loss,GNNExplainer,9313,4,0.9578947368421054,0.5294117647058824,0.0,,1.0,0.0,32
GAT,1:10,focal_loss,GNNExplainer,8058,1,0.9148872180451129,0.5454545454545454,1.0,,1.0,0.0,33
GAT,1:10,focal_loss,GNNExplainer,8130,1,0.9282706766917291,0.5909090909090909,0.0,,1.0,0.0,19
GAT,1:10,focal_loss,GNNExplainer,9541,4,0.9063157894736842,0.5666666666666667,1.0,,1.0,0.0,26
GAT,1:10,focal_loss,GNNExplainer,9399,4,0.9485714285714284,0.5833333333333334,0.0,,1.0,0.0,28
GAT,1:10,focal_loss,GNNExplainer,9426,4,0.9485714285714284,0.5294117647058824,0.0,,1.0,0.0,30
GAT,1:10,focal_loss,GNNExplainer,9407,4,0.9508270676691728,0.5,0.0,,1.0,0.0,40
GAT,1:10,focal_loss,GNNExplainer,8897,3,0.9348872180451127,0.5294117647058824,0.0,,1.0,0.0,35
GAT,1:10,focal_loss,GNNExplainer,8298,1,0.9300751879699247,0.625,0.0,,1.0,0.0,32
GAT,1:10,focal_loss,GNNExplainer,9300,4,0.908421052631579,0.5333333333333333,0.0,,1.0,0.0,30
GAT,1:10,focal_loss,GNNExplainer,8081,1,0.9230075187969925,0.5,0.0,,1.0,0.0,38
GAT,1:10,focal_loss,GNNExplainer,8445,2,0.950676691729323,0.625,1.0,,1.0,0.0,31
GAT,1:10,focal_loss,GNNExplainer,8107,1,0.9375939849624059,0.7391304347826085,0.0,,1.0,0.0,83
GAT,1:10,focal_loss,GNNExplainer,9455,4,0.9557894736842105,0.525,0.0,,1.0,0.0,36
GAT,1:10,focal_loss,GNNExplainer,8094,1,0.9425563909774436,0.6,0.0,,1.0,0.0,32
GAT,1:10,focal_loss,GNNExplainer,8716,2,0.85593984962406,0.5,1.0,,1.0,0.0,23
GAT,1:10,focal_loss,GNNExplainer,9010,3,0.872781954887218,0.6071428571428571,0.0,,1.0,0.0,67
GAT,1:10,focal_loss,GNNExplainer,8155,1,0.9321804511278196,0.525,0.0,,1.0,0.0,36
GAT,1:10,focal_loss,GNNExplainer,8747,2,0.8076691729323308,0.375,1.0,,1.0,0.0,19
GAT,1:10,focal_loss,GNNExplainer,9540,4,0.9539849624060149,0.5333333333333333,0.0,,1.0,0.0,32
GAT,1:10,focal_loss,GNNExplainer,9350,4,0.9180451127819549,0.525,0.0,,1.0,0.0,36
GAT,1:10,focal_loss,GNNExplainer,8059,1,0.9586466165413533,0.5454545454545454,0.0,,1.0,0.0,37
GAT,1:10,focal_loss,GNNExplainer,9172,3,0.9390977443609021,0.5208333333333334,0.0,,1.0,0.0,40
GAT,1:10,focal_loss,PGExplainer,9354,4,,0.375,,,,,35
GAT,1:10,focal_loss,PGExplainer,8051,1,,0.5,,,,,32
GAT,1:10,focal_loss,PGExplainer,8340,1,,0.5,,,,,32
GAT,1:10,focal_loss,PGExplainer,9343,4,,0.525,,,,,32
GAT,1:10,focal_loss,PGExplainer,8687,2,,0.375,,,,,30
GAT,1:10,focal_loss,PGExplainer,9184,3,,0.0625,,,,,35
GAT,1:10,focal_loss,PGExplainer,9320,4,,0.058823529411764705,,,,,38
GAT,1:10,focal_loss,PGExplainer,9313,4,,0.2647058823529412,,,,,32
GAT,1:10,focal_loss,PGExplainer,8058,1,,0.5909090909090909,,,,,33
GAT,1:10,focal_loss,PGExplainer,8130,1,,0.7272727272727273,,,,,19
GAT,1:10,focal_loss,PGExplainer,9541,4,,0.5333333333333333,,,,,26
GAT,1:10,focal_loss,PGExplainer,9399,4,,0.5555555555555556,,,,,28
GAT,1:10,focal_loss,PGExplainer,9426,4,,0.4117647058823529,,,,,30
GAT,1:10,focal_loss,PGExplainer,9407,4,,0.3888888888888889,,,,,40
GAT,1:10,focal_loss,PGExplainer,8897,3,,0.3235294117647059,,,,,35
GAT,1:10,focal_loss,PGExplainer,8298,1,,0.625,,,,,32
GAT,1:10,focal_loss,PGExplainer,9300,4,,0.5,,,,,30
GAT,1:10,focal_loss,PGExplainer,8081,1,,0.1956521739130435,,,,,38
GAT,1:10,focal_loss,PGExplainer,8445,2,,0.125,,,,,31
GAT,1:10,focal_loss,PGExplainer,8107,1,,0.0,,,,,83
GAT,1:10,focal_loss,PGExplainer,9455,4,,0.35,,,,,36
GAT,1:10,focal_loss,PGExplainer,8094,1,,0.41999999999999993,,,,,32
GAT,1:10,focal_loss,PGExplainer,8716,2,,0.25,,,,,23
GAT,1:10,focal_loss,PGExplainer,9010,3,,0.0,,,,,67
GAT,1:10,focal_loss,PGExplainer,8155,1,,0.15,,,,,36
GAT,1:10,focal_loss,PGExplainer,8747,2,,0.0,,,,,19
GAT,1:10,focal_loss,PGExplainer,9540,4,,0.16666666666666666,,,,,32
GAT,1:10,focal_loss,PGExplainer,9350,4,,0.325,,,,,36
GAT,1:10,focal_loss,PGExplainer,8059,1,,0.4318181818181818,,,,,37
GAT,1:10,focal_loss,PGExplainer,9172,3,,0.5625,,,,,40
GAT,1:10,focal_loss,GNNShap,9354,4,0.9965413533834587,,0.0,0.9365074456788763,,,35
GAT,1:10,focal_loss,GNNShap,8051,1,0.9957894736842106,,1.0,0.9633467785489707,,,32
GAT,1:10,focal_loss,GNNShap,8340,1,0.9918796992481201,,0.0,0.9585265835853244,,,32
GAT,1:10,focal_loss,GNNShap,9343,4,0.9959398496240601,,0.0,0.9409054456558437,,,32
GAT,1:10,focal_loss,GNNShap,8687,2,0.9921804511278195,,1.0,0.9684864452223956,,,30
GAT,1:10,focal_loss,GNNShap,9184,3,0.9912781954887218,,0.0,0.9676581184121702,,,35
GAT,1:10,focal_loss,GNNShap,9320,4,0.9962406015037593,,0.0,0.9577518558285618,,,38
GAT,1:10,focal_loss,GNNShap,9313,4,0.9957894736842106,,0.0,0.9586837563194779,,,32
GAT,1:10,focal_loss,GNNShap,8058,1,0.9945864661654135,,1.0,0.9334182889740088,,,33
GAT,1:10,focal_loss,GNNShap,8130,1,0.9990977443609023,,1.0,0.9689253582806234,,,19
GAT,1:10,focal_loss,GNNShap,9541,4,0.9987969924812031,,0.0,0.9543504096598419,,,26
GAT,1:10,focal_loss,GNNShap,9399,4,0.9957894736842106,,0.0,0.9154745041239719,,,28
GAT,1:10,focal_loss,GNNShap,9426,4,0.9948872180451127,,0.0,0.9588355516011908,,,30
GAT,1:10,focal_loss,GNNShap,9407,4,0.986766917293233,,1.0,0.9626231239610448,,,40
GAT,1:10,focal_loss,GNNShap,8897,3,0.9744360902255638,,0.0,0.9771687440782062,,,35
GAT,1:10,focal_loss,GNNShap,8298,1,0.9993984962406015,,0.0,0.9755077647033392,,,32
GAT,1:10,focal_loss,GNNShap,9300,4,1.0,,0.0,0.9582749696788548,,,30
GAT,1:10,focal_loss,GNNShap,8081,1,0.998045112781955,,0.0,0.9432804328901006,,,38
GAT,1:10,focal_loss,GNNShap,8445,2,0.9971428571428571,,1.0,0.951912207810971,,,31
GAT,1:10,focal_loss,GNNShap,8107,1,0.9418045112781954,,0.0,0.9873543394104087,,,83
GAT,1:10,focal_loss,GNNShap,9455,4,0.9968421052631579,,1.0,0.9369281176096969,,,36
GAT,1:10,focal_loss,GNNShap,8094,1,0.9972932330827067,,0.0,0.9739789581461972,,,32
GAT,1:10,focal_loss,GNNShap,8716,2,1.0,,1.0,0.9693434594408972,,,23
GAT,1:10,focal_loss,GNNShap,9010,3,0.9873684210526316,,0.0,0.9869502483031758,,,67
GAT,1:10,focal_loss,GNNShap,8155,1,0.9963909774436089,,0.0,0.9456940993639747,,,36
GAT,1:10,focal_loss,GNNShap,8747,2,1.0,,0.0,0.9563923546803341,,,19
GAT,1:10,focal_loss,GNNShap,9540,4,0.9927819548872179,,0.0,0.9278453539400179,,,32
GAT,1:10,focal_loss,GNNShap,9350,4,0.9966917293233083,,0.0,0.9456076909660718,,,36
GAT,1:10,focal_loss,GNNShap,8059,1,0.9987969924812031,,0.0,0.9508510460486292,,,37
GAT,1:10,focal_loss,GNNShap,9172,3,0.9918796992481201,,0.0,0.9751581530866515,,,40
GAT,1:50,none,GNNExplainer,9103,3,0.9902255639097742,0.5294117647058824,1.0,,1.0,1.0,36
GAT,1:50,none,GNNExplainer,9172,3,0.9969924812030075,0.5208333333333334,1.0,,1.0,1.0,40
GAT,1:50,none,GNNExplainer,8897,3,0.9830075187969923,0.5294117647058824,0.0,,1.0,1.0,35
GAT,1:50,none,GNNExplainer,9176,3,0.9909774436090226,0.5208333333333334,0.0,,1.0,1.0,40
GAT,1:50,none,GNNExplainer,8921,3,0.995639097744361,0.5909090909090909,0.0,,1.0,1.0,36
GAT,1:50,none,GNNExplainer,9096,3,0.9885714285714287,0.5294117647058824,0.0,,1.0,1.0,34
GAT,1:50,none,GNNExplainer,8900,3,0.983157894736842,0.5454545454545454,1.0,,1.0,1.0,102
GAT,1:50,none,GNNExplainer,8899,3,0.9951879699248121,0.5294117647058824,1.0,,1.0,1.0,38
GAT,1:50,none,GNNExplainer,9178,3,0.9944360902255639,0.5208333333333334,1.0,,1.0,1.0,39
GAT,1:50,none,GNNExplainer,8917,3,0.9978947368421054,0.5227272727272727,0.0,,1.0,1.0,39
GAT,1:50,none,GNNExplainer,9046,3,0.9924812030075187,0.5333333333333333,1.0,,1.0,1.0,32
GAT,1:50,none,GNNExplainer,9112,3,0.991127819548872,0.5294117647058824,1.0,,1.0,1.0,33
GAT,1:50,none,GNNExplainer,9174,3,0.9938345864661653,0.5208333333333334,1.0,,1.0,1.0,41
GAT,1:50,none,GNNExplainer,8906,3,0.9936842105263158,0.5227272727272727,1.0,,1.0,1.0,37
GAT,1:50,none,GNNExplainer,8950,3,0.9924812030075186,0.5333333333333333,1.0,,1.0,1.0,29
GAT,1:50,none,PGExplainer,9103,3,,0.8235294117647058,,,,,36
GAT,1:50,none,PGExplainer,9172,3,,0.875,,,,,40
GAT,1:50,none,PGExplainer,8897,3,,0.7647058823529412,,,,,35
GAT,1:50,none,PGExplainer,9176,3,,0.875,,,,,40
GAT,1:50,none,PGExplainer,8921,3,,0.8636363636363636,,,,,36
GAT,1:50,none,PGExplainer,9096,3,,0.8235294117647058,,,,,34
GAT,1:50,none,PGExplainer,8900,3,,0.5,,,,,102
GAT,1:50,none,PGExplainer,8899,3,,0.7941176470588235,,,,,38
GAT,1:50,none,PGExplainer,9178,3,,0.875,,,,,39
GAT,1:50,none,PGExplainer,8917,3,,0.8636363636363636,,,,,39
GAT,1:50,none,PGExplainer,9046,3,,0.7,,,,,32
GAT,1:50,none,PGExplainer,9112,3,,0.8235294117647058,,,,,33
GAT,1:50,none,PGExplainer,9174,3,,0.875,,,,,41
GAT,1:50,none,PGExplainer,8906,3,,0.8636363636363636,,,,,37
GAT,1:50,none,PGExplainer,8950,3,,0.8000000000000002,,,,,29
GAT,1:50,none,GNNShap,9103,3,0.9954887218045112,,0.0,0.9087872362593877,,,36
GAT,1:50,none,GNNShap,9172,3,0.9903759398496239,,1.0,0.9147007800964302,,,40
GAT,1:50,none,GNNShap,8897,3,0.9945864661654135,,0.0,0.8876551631621904,,,35
GAT,1:50,none,GNNShap,9176,3,0.9881203007518797,,0.0,0.9213657623672603,,,40
GAT,1:50,none,GNNShap,8921,3,0.9948872180451127,,0.0,0.8819169069909425,,,36
GAT,1:50,none,GNNShap,9096,3,0.9900751879699248,,0.0,0.9076514544018913,,,34
GAT,1:50,none,GNNShap,8900,3,0.9106766917293232,,0.0,0.9709906591680685,,,102
GAT,1:50,none,GNNShap,8899,3,0.9972932330827066,,0.0,0.9376575479472079,,,38
GAT,1:50,none,GNNShap,9178,3,0.9896240601503757,,1.0,0.9303907999129333,,,39
GAT,1:50,none,GNNShap,8917,3,0.9942857142857141,,0.0,0.9135727060527691,,,39
GAT,1:50,none,GNNShap,9046,3,0.9908270676691728,,0.0,0.8988471252569573,,,32
GAT,1:50,none,GNNShap,9112,3,0.9953383458646614,,0.0,0.8725430627774131,,,33
GAT,1:50,none,GNNShap,9174,3,0.9851127819548872,,0.0,0.864907843266099,,,41
GAT,1:50,none,GNNShap,8906,3,0.9921804511278195,,0.0,0.9456150711881903,,,37
GAT,1:50,none,GNNShap,8950,3,0.9968421052631579,,1.0,0.8888610855424506,,,29
GAT,1:50,class_weighting,GNNExplainer,8853,2,0.955639097744361,0.5,0.0,,1.0,0.0,20
GAT,1:50,class_weighting,GNNExplainer,8087,1,0.9658646616541352,0.5652173913043478,1.0,,1.0,0.0,35
GAT,1:50,class_weighting,GNNExplainer,9443,4,0.9840601503759396,0.55,1.0,,1.0,0.0,27
GAT,1:50,class_weighting,GNNExplainer,8950,3,0.987218045112782,0.5333333333333333,0.0,,1.0,0.0,29
GAT,1:50,class_weighting,GNNExplainer,8053,1,0.9657142857142856,0.75,0.0,,1.0,0.0,83
GAT,1:50,class_weighting,GNNExplainer,9266,4,0.9783458646616541,0.5416666666666666,0.0,,1.0,0.0,30
GAT,1:50,class_weighting,GNNExplainer,8065,1,0.9909774436090224,0.5227272727272727,1.0,,1.0,0.0,40
GAT,1:50,class_weighting,GNNExplainer,9471,4,0.9884210526315786,0.525,1.0,,1.0,0.0,33
GAT,1:50,class_weighting,GNNExplainer,8800,2,0.8565413533834587,0.5,0.0,,1.0,0.0,27
GAT,1:50,class_weighting,GNNExplainer,9468,4,0.9861654135338345,0.575,1.0,,1.0,0.0,33
GAT,1:50,class_weighting,GNNExplainer,9340,4,0.9748872180451127,0.55,1.0,,1.0,0.0,34
GAT,1:50,class_weighting,GNNExplainer,9029,3,0.9812030075187967,0.5294117647058824,0.0,,1.0,0.0,32
GAT,1:50,class_weighting,GNNExplainer,8147,1,0.9875187969924811,0.5294117647058824,1.0,,1.0,0.0,28
GAT,1:50,class_weighting,GNNExplainer,9366,4,0.9753383458646614,0.5384615384615384,1.0,,1.0,0.0,27
GAT,1:50,class_weighting,GNNExplainer,8839,2,0.9715789473684208,0.375,0.0,,1.0,0.0,27
GAT,1:50,class_weighting,GNNExplainer,8267,1,0.9046616541353382,0.7666666666666667,1.0,,1.0,0.0,50
GAT,1:50,class_weighting,GNNExplainer,8121,1,0.9753383458646617,0.5652173913043478,1.0,,1.0,0.0,35
GAT,1:50,class_weighting,GNNExplainer,9411,4,0.986766917293233,0.5384615384615384,1.0,,1.0,0.0,30
GAT,1:50,class_weighting,GNNExplainer,8424,2,0.948421052631579,0.5,1.0,,1.0,0.0,29
GAT,1:50,class_weighting,GNNExplainer,8100,1,0.9884210526315789,0.54,0.0,,1.0,0.0,35
GAT,1:50,class_weighting,GNNExplainer,9425,4,0.9682706766917292,0.5294117647058824,1.0,,1.0,0.0,31
GAT,1:50,class_weighting,GNNExplainer,8900,3,0.9784962406015036,0.6136363636363636,0.0,,1.0,0.0,102
GAT,1:50,class_weighting,GNNExplainer,9062,3,0.9938345864661653,0.5263157894736842,0.0,,1.0,0.0,37
GAT,1:50,class_weighting,GNNExplainer,9540,4,0.9711278195488722,0.5333333333333333,1.0,,1.0,0.0,32
GAT,1:50,class_weighting,GNNExplainer,8066,1,0.9798496240601503,0.5454545454545454,1.0,,1.0,0.0,36
GAT,1:50,class_weighting,GNNExplainer,9464,4,0.9825563909774436,0.525,1.0,,1.0,0.0,36
GAT,1:50,class_weighting,GNNExplainer,9273,4,0.9524812030075187,0.6666666666666666,0.0,,1.0,0.0,73
GAT,1:50,class_weighting,GNNExplainer,8717,2,0.9821052631578946,0.3333333333333333,0.0,,1.0,0.0,21
GAT,1:50,class_weighting,GNNExplainer,8339,1,0.9887218045112782,0.6363636363636364,0.0,,1.0,0.0,28
GAT,1:50,class_weighting,GNNExplainer,8123,1,0.9858646616541353,0.6304347826086957,1.0,,1.0,0.0,31
GAT,1:50,class_weighting,PGExplainer,8853,2,,0.625,,,,,20
GAT,1:50,class_weighting,PGExplainer,8087,1,,0.8695652173913043,,,,,35
GAT,1:50,class_weighting,PGExplainer,9443,4,,0.8000000000000002,,,,,27
GAT,1:50,class_weighting,PGExplainer,8950,3,,0.8000000000000002,,,,,29
GAT,1:50,class_weighting,PGExplainer,8053,1,,0.7045454545454546,,,,,83
GAT,1:50,class_weighting,PGExplainer,9266,4,,0.8333333333333334,,,,,30
GAT,1:50,class_weighting,PGExplainer,8065,1,,0.9090909090909091,,,,,40
GAT,1:50,class_weighting,PGExplainer,9471,4,,0.9,,,,,33
GAT,1:50,class_weighting,PGExplainer,8800,2,,0.625,,,,,27
GAT,1:50,class_weighting,PGExplainer,9468,4,,0.9,,,,,33
GAT,1:50,class_weighting,PGExplainer,9340,4,,0.925,,,,,34
GAT,1:50,class_weighting,PGExplainer,9029,3,,0.8235294117647058,,,,,32
GAT,1:50,class_weighting,PGExplainer,8147,1,,0.9117647058823528,,,,,28
GAT,1:50,class_weighting,PGExplainer,9366,4,,0.9230769230769231,,,,,27
GAT,1:50,class_weighting,PGExplainer,8839,2,,0.625,,,,,27
GAT,1:50,class_weighting,PGExplainer,8267,1,,0.5333333333333333,,,,,50
GAT,1:50,class_weighting,PGExplainer,8121,1,,0.8695652173913043,,,,,35
GAT,1:50,class_weighting,PGExplainer,9411,4,,0.7692307692307693,,,,,30
GAT,1:50,class_weighting,PGExplainer,8424,2,,0.375,,,,,29
GAT,1:50,class_weighting,PGExplainer,8100,1,,0.88,,,,,35
GAT,1:50,class_weighting,PGExplainer,9425,4,,0.9117647058823528,,,,,31
GAT,1:50,class_weighting,PGExplainer,8900,3,,0.7727272727272727,,,,,102
GAT,1:50,class_weighting,PGExplainer,9062,3,,0.8421052631578947,,,,,37
GAT,1:50,class_weighting,PGExplainer,9540,4,,0.8333333333333334,,,,,32
GAT,1:50,class_weighting,PGExplainer,8066,1,,0.8863636363636365,,,,,36
GAT,1:50,class_weighting,PGExplainer,9464,4,,0.9,,,,,36
GAT,1:50,class_weighting,PGExplainer,9273,4,,0.43333333333333335,,,,,73
GAT,1:50,class_weighting,PGExplainer,8717,2,,0.3333333333333333,,,,,21
GAT,1:50,class_weighting,PGExplainer,8339,1,,0.9090909090909091,,,,,28
GAT,1:50,class_weighting,PGExplainer,8123,1,,0.8695652173913043,,,,,31
GAT,1:50,class_weighting,GNNShap,8853,2,0.9678195488721804,,0.0,0.9546899588047648,,,20
GAT,1:50,class_weighting,GNNShap,8087,1,0.9753383458646614,,0.0,0.9254568185001538,,,35
GAT,1:50,class_weighting,GNNShap,9443,4,0.8663157894736842,,0.0,0.9332543381103472,,,27
GAT,1:50,class_weighting,GNNShap,8950,3,0.9587969924812029,,0.0,0.9146131879620378,,,29
GAT,1:50,class_weighting,GNNShap,8053,1,0.9184962406015037,,0.0,0.9696932834644502,,,83
GAT,1:50,class_weighting,GNNShap,9266,4,0.9560902255639097,,1.0,0.9319616059632609,,,30
GAT,1:50,class_weighting,GNNShap,8065,1,0.9688721804511278,,0.0,0.9067987788555403,,,40
GAT,1:50,class_weighting,GNNShap,9471,4,0.9506766917293232,,0.0,0.8833570699922102,,,33
GAT,1:50,class_weighting,GNNShap,8800,2,0.9628571428571429,,0.0,0.9401801412089685,,,27
GAT,1:50,class_weighting,GNNShap,9468,4,0.9527819548872178,,0.0,0.9020122986672396,,,33
GAT,1:50,class_weighting,GNNShap,9340,4,0.9872180451127818,,0.0,0.949565268486762,,,34
GAT,1:50,class_weighting,GNNShap,9029,3,0.9852631578947367,,0.0,0.9391015794880826,,,32
GAT,1:50,class_weighting,GNNShap,8147,1,0.9789473684210526,,0.0,0.9252346130722483,,,28
GAT,1:50,class_weighting,GNNShap,9366,4,0.8870676691729322,,0.0,0.9086161206398357,,,27
GAT,1:50,class_weighting,GNNShap,8839,2,0.9702255639097744,,0.0,0.9005028466061182,,,27
GAT,1:50,class_weighting,GNNShap,8267,1,0.9416541353383459,,0.0,0.9849466942194551,,,50
GAT,1:50,class_weighting,GNNShap,8121,1,0.9897744360902255,,0.0,0.8937781259807652,,,35
GAT,1:50,class_weighting,GNNShap,9411,4,0.9825563909774434,,1.0,0.9168124239531743,,,30
GAT,1:50,class_weighting,GNNShap,8424,2,0.9648120300751879,,0.0,0.8957621389524896,,,29
GAT,1:50,class_weighting,GNNShap,8100,1,0.9893233082706765,,1.0,0.9134052818948,,,35
GAT,1:50,class_weighting,GNNShap,9425,4,0.9500751879699247,,0.0,0.8954412493927505,,,31
GAT,1:50,class_weighting,GNNShap,8900,3,0.8321804511278195,,0.0,0.9716443957651567,,,102
GAT,1:50,class_weighting,GNNShap,9062,3,0.9702255639097743,,0.0,0.959246532873166,,,37
GAT,1:50,class_weighting,GNNShap,9540,4,0.9512781954887217,,0.0,0.9113406353854859,,,32
GAT,1:50,class_weighting,GNNShap,8066,1,0.9598496240601502,,1.0,0.9121337733496953,,,36
GAT,1:50,class_weighting,GNNShap,9464,4,0.9621052631578946,,0.0,0.9294216177405374,,,36
GAT,1:50,class_weighting,GNNShap,9273,4,0.9621052631578948,,0.0,0.9680916317423517,,,73
GAT,1:50,class_weighting,GNNShap,8717,2,0.9870676691729322,,0.0,0.9244708656422886,,,21
GAT,1:50,class_weighting,GNNShap,8339,1,0.9798496240601503,,0.0,0.9064847693558802,,,28
GAT,1:50,class_weighting,GNNShap,8123,1,0.9738345864661653,,1.0,0.9230663611458517,,,31
GAT,1:50,focal_loss,GNNExplainer,9103,3,0.9497744360902255,0.5294117647058824,0.0,,1.0,1.0,36
GAT,1:50,focal_loss,GNNExplainer,9172,3,0.9320300751879698,0.5208333333333334,0.0,,1.0,1.0,40
GAT,1:50,focal_loss,GNNExplainer,8897,3,0.9581954887218046,0.5294117647058824,0.0,,1.0,1.0,35
GAT,1:50,focal_loss,GNNExplainer,9176,3,0.938345864661654,0.5208333333333334,0.0,,1.0,1.0,40
GAT,1:50,focal_loss,GNNExplainer,8928,3,0.9300751879699247,0.5263157894736842,0.0,,1.0,1.0,31
GAT,1:50,focal_loss,GNNExplainer,9096,3,0.9475187969924811,0.5294117647058824,0.0,,1.0,1.0,34
GAT,1:50,focal_loss,GNNExplainer,8906,3,0.9601503759398495,0.5227272727272727,0.0,,1.0,1.0,37
GAT,1:50,focal_loss,GNNExplainer,8899,3,0.9031578947368419,0.5294117647058824,0.0,,1.0,1.0,38
GAT,1:50,focal_loss,GNNExplainer,9178,3,0.9793984962406015,0.5208333333333334,0.0,,1.0,1.0,39
GAT,1:50,focal_loss,GNNExplainer,8921,3,0.957593984962406,0.5909090909090909,0.0,,1.0,1.0,36
GAT,1:50,focal_loss,GNNExplainer,8950,3,0.9568421052631578,0.5333333333333333,0.0,,1.0,1.0,29
GAT,1:50,focal_loss,GNNExplainer,9112,3,0.9556390977443607,0.5294117647058824,0.0,,1.0,1.0,33
GAT,1:50,focal_loss,GNNExplainer,9174,3,0.9681203007518796,0.5208333333333334,0.0,,1.0,1.0,41
GAT,1:50,focal_loss,GNNExplainer,8917,3,0.9524812030075187,0.5227272727272727,0.0,,1.0,1.0,39
GAT,1:50,focal_loss,GNNExplainer,8937,3,0.9284210526315787,0.5263157894736842,0.0,,1.0,1.0,38
GAT,1:50,focal_loss,PGExplainer,9103,3,,0.6176470588235294,,,,,36
GAT,1:50,focal_loss,PGExplainer,9172,3,,0.8333333333333334,,,,,40
GAT,1:50,focal_loss,PGExplainer,8897,3,,0.4411764705882353,,,,,35
GAT,1:50,focal_loss,PGExplainer,9176,3,,0.7083333333333334,,,,,40
GAT,1:50,focal_loss,PGExplainer,8928,3,,0.6578947368421053,,,,,31
GAT,1:50,focal_loss,PGExplainer,9096,3,,0.47058823529411764,,,,,34
GAT,1:50,focal_loss,PGExplainer,8906,3,,0.5681818181818182,,,,,37
GAT,1:50,focal_loss,PGExplainer,8899,3,,0.3823529411764706,,,,,38
GAT,1:50,focal_loss,PGExplainer,9178,3,,0.625,,,,,39
GAT,1:50,focal_loss,PGExplainer,8921,3,,0.75,,,,,36
GAT,1:50,focal_loss,PGExplainer,8950,3,,0.4000000000000001,,,,,29
GAT,1:50,focal_loss,PGExplainer,9112,3,,0.5882352941176471,,,,,33
GAT,1:50,focal_loss,PGExplainer,9174,3,,0.625,,,,,41
GAT,1:50,focal_loss,PGExplainer,8917,3,,0.5454545454545454,,,,,39
GAT,1:50,focal_loss,PGExplainer,8937,3,,0.5,,,,,38
GAT,1:50,focal_loss,GNNShap,9103,3,0.9924812030075186,,0.0,0.9439343571984204,,,36
GAT,1:50,focal_loss,GNNShap,9172,3,0.9882706766917293,,1.0,0.9334939448091097,,,40
GAT,1:50,focal_loss,GNNShap,8897,3,0.9941353383458645,,0.0,0.9359307930149624,,,35
GAT,1:50,focal_loss,GNNShap,9176,3,0.9950375939849623,,0.0,0.9429618836982918,,,40
GAT,1:50,focal_loss,GNNShap,8928,3,0.9948872180451127,,0.0,0.9418031968993729,,,31
GAT,1:50,focal_loss,GNNShap,9096,3,0.9945864661654135,,0.0,0.9407116768186912,,,34
GAT,1:50,focal_loss,GNNShap,8906,3,0.9954887218045112,,0.0,0.9425549023590551,,,37
GAT,1:50,focal_loss,GNNShap,8899,3,0.9933834586466164,,0.0,0.9639747053984209,,,38
GAT,1:50,focal_loss,GNNShap,9178,3,0.9900751879699248,,0.0,0.924805187512472,,,39
GAT,1:50,focal_loss,GNNShap,8921,3,0.989624060150376,,0.0,0.9108916762257075,,,36
GAT,1:50,focal_loss,GNNShap,8950,3,0.9920300751879699,,1.0,0.91541551728356,,,29
GAT,1:50,focal_loss,GNNShap,9112,3,0.9948872180451127,,0.0,0.9280371785397836,,,33
GAT,1:50,focal_loss,GNNShap,9174,3,0.9858646616541351,,0.0,0.9400474859525488,,,41
GAT,1:50,focal_loss,GNNShap,8917,3,0.9951879699248121,,0.0,0.9302413221429282,,,39
GAT,1:50,focal_loss,GNNShap,8937,3,0.9929323308270677,,0.0,0.9255689763216253,,,38
GAT,1:100,none,GNNExplainer,9176,3,0.9923308270676691,0.5208333333333334,1.0,,1.0,0.4,40
GAT,1:100,none,GNNExplainer,8917,3,0.9953383458646616,0.5227272727272727,1.0,,1.0,1.0,39
GAT,1:100,none,GNNExplainer,9112,3,0.9878195488721804,0.5294117647058824,1.0,,1.0,1.0,33
GAT,1:100,none,GNNExplainer,8906,3,0.997593984962406,0.5227272727272727,1.0,,1.0,1.0,37
GAT,1:100,none,GNNExplainer,9174,3,0.9924812030075187,0.5208333333333334,1.0,,1.0,0.4,41
GAT,1:100,none,GNNExplainer,8921,3,0.9875187969924811,0.5909090909090909,1.0,,1.0,1.0,36
GAT,1:100,none,GNNExplainer,9178,3,0.9923308270676691,0.5208333333333334,1.0,,1.0,0.8,39
GAT,1:100,none,GNNExplainer,9103,3,0.9881203007518795,0.5294117647058824,1.0,,1.0,1.0,36
GAT,1:100,none,GNNExplainer,9096,3,0.9951879699248118,0.5294117647058824,1.0,,1.0,1.0,34
GAT,1:100,none,GNNExplainer,9172,3,0.995488721804511,0.5208333333333334,1.0,,1.0,0.8,40
GAT,1:100,none,PGExplainer,9176,3,,0.8541666666666666,,,,,40
GAT,1:100,none,PGExplainer,8917,3,,0.6363636363636364,,,,,39
GAT,1:100,none,PGExplainer,9112,3,,0.7941176470588235,,,,,33
GAT,1:100,none,PGExplainer,8906,3,,0.8181818181818182,,,,,37
GAT,1:100,none,PGExplainer,9174,3,,0.7083333333333334,,,,,41
GAT,1:100,none,PGExplainer,8921,3,,0.7954545454545455,,,,,36
GAT,1:100,none,PGExplainer,9178,3,,0.8333333333333334,,,,,39
GAT,1:100,none,PGExplainer,9103,3,,0.7647058823529412,,,,,36
GAT,1:100,none,PGExplainer,9096,3,,0.7941176470588235,,,,,34
GAT,1:100,none,PGExplainer,9172,3,,0.8125,,,,,40
GAT,1:100,none,GNNShap,9176,3,0.9938345864661653,,0.0,0.8770379722793503,,,40
GAT,1:100,none,GNNShap,8917,3,0.9978947368421052,,0.0,0.8956764471878167,,,39
GAT,1:100,none,GNNShap,9112,3,0.9936842105263157,,0.0,0.8438211946603282,,,33
GAT,1:100,none,GNNShap,8906,3,0.9969924812030074,,1.0,0.9373654814554243,,,37
GAT,1:100,none,GNNShap,9174,3,0.9881203007518795,,0.0,0.8845429022227347,,,41
GAT,1:100,none,GNNShap,8921,3,0.9972932330827067,,1.0,0.8432260561840398,,,36
GAT,1:100,none,GNNShap,9178,3,0.995639097744361,,1.0,0.9115905251805702,,,39
GAT,1:100,none,GNNShap,9103,3,0.9953383458646616,,1.0,0.9288886658009938,,,36
GAT,1:100,none,GNNShap,9096,3,0.9984962406015038,,0.0,0.888644955386795,,,34
GAT,1:100,none,GNNShap,9172,3,0.9866165413533834,,1.0,0.8748460618214157,,,40
GAT,1:100,class_weighting,GNNExplainer,9462,4,0.9930827067669172,0.575,1.0,,1.0,0.0,33
GAT,1:100,class_weighting,GNNExplainer,9540,4,0.9711278195488721,0.5333333333333333,1.0,,1.0,0.0,32
GAT,1:100,class_weighting,GNNExplainer,9029,3,0.9893233082706766,0.5294117647058824,1.0,,1.0,0.0,32
GAT,1:100,class_weighting,GNNExplainer,9343,4,0.991578947368421,0.65,1.0,,1.0,0.0,32
GAT,1:100,class_weighting,GNNExplainer,8073,1,0.985563909774436,0.5652173913043478,1.0,,1.0,0.0,35
GAT,1:100,class_weighting,GNNExplainer,8839,2,0.9744360902255638,0.5,0.0,,1.0,0.0,27
GAT,1:100,class_weighting,GNNExplainer,9272,4,0.9712781954887216,0.5416666666666666,1.0,,1.0,0.0,33
GAT,1:100,class_weighting,GNNExplainer,8335,1,0.9861654135338345,0.5476190476190477,1.0,,1.0,0.0,33
GAT,1:100,class_weighting,GNNExplainer,9471,4,0.9906766917293233,0.525,1.0,,1.0,0.0,33
GAT,1:100,class_weighting,GNNExplainer,9042,3,0.9917293233082706,0.5294117647058824,1.0,,1.0,0.0,36
GAT,1:100,class_weighting,GNNExplainer,9142,3,0.9748872180451127,0.5666666666666667,1.0,,1.0,0.0,75
GAT,1:100,class_weighting,GNNExplainer,8126,1,0.9702255639097743,0.5909090909090909,0.0,,1.0,0.0,47
GAT,1:100,class_weighting,GNNExplainer,9382,4,0.9843609022556391,0.525,1.0,,1.0,0.0,35
GAT,1:100,class_weighting,GNNExplainer,8053,1,0.9806015037593985,0.5909090909090909,0.0,,1.0,0.0,83
GAT,1:100,class_weighting,GNNExplainer,8313,1,0.9837593984962405,0.5333333333333333,1.0,,1.0,0.0,24
GAT,1:100,class_weighting,GNNExplainer,9340,4,0.9920300751879697,0.55,1.0,,1.0,0.0,34
GAT,1:100,class_weighting,GNNExplainer,9313,4,0.9804511278195488,0.5294117647058824,1.0,,1.0,0.0,32
GAT,1:100,class_weighting,GNNExplainer,8087,1,0.9930827067669172,0.5652173913043478,1.0,,1.0,0.0,35
GAT,1:100,class_weighting,GNNExplainer,9128,3,0.9900751879699247,0.5333333333333333,1.0,,1.0,0.0,31
GAT,1:100,class_weighting,GNNExplainer,8307,1,0.9700751879699249,0.625,1.0,,1.0,0.0,35
GAT,1:100,class_weighting,GNNExplainer,9381,4,0.9887218045112782,0.525,1.0,,1.0,0.0,40
GAT,1:100,class_weighting,GNNExplainer,9062,3,0.9921804511278195,0.5263157894736842,0.0,,1.0,0.0,37
GAT,1:100,class_weighting,GNNExplainer,8347,1,0.9639097744360899,0.6363636363636364,1.0,,1.0,0.0,29
GAT,1:100,class_weighting,GNNExplainer,8107,1,0.9866165413533834,0.6521739130434783,1.0,,1.0,0.0,83
GAT,1:100,class_weighting,GNNExplainer,8717,2,0.9700751879699248,0.3333333333333333,1.0,,1.0,0.0,21
GAT,1:100,class_weighting,GNNExplainer,9096,3,0.9879699248120299,0.5294117647058824,1.0,,1.0,0.0,34
GAT,1:100,class_weighting,GNNExplainer,9411,4,0.9622556390977441,0.5384615384615384,1.0,,1.0,0.0,30
GAT,1:100,class_weighting,GNNExplainer,8081,1,0.9930827067669172,0.5217391304347826,1.0,,1.0,0.0,38
GAT,1:100,class_weighting,GNNExplainer,8226,1,0.9926315789473683,0.5238095238095238,1.0,,1.0,0.0,33
GAT,1:100,class_weighting,GNNExplainer,9120,3,0.9869172932330825,0.5416666666666666,1.0,,1.0,0.0,30
GAT,1:100,class_weighting,PGExplainer,9462,4,,0.675,,,,,33
GAT,1:100,class_weighting,PGExplainer,9540,4,,0.8000000000000002,,,,,32
GAT,1:100,class_weighting,PGExplainer,9029,3,,0.8235294117647058,,,,,32
GAT,1:100,class_weighting,PGExplainer,9343,4,,0.825,,,,,32
GAT,1:100,class_weighting,PGExplainer,8073,1,,0.8695652173913043,,,,,35
GAT,1:100,class_weighting,PGExplainer,8839,2,,0.625,,,,,27
GAT,1:100,class_weighting,PGExplainer,9272,4,,0.875,,,,,33
GAT,1:100,class_weighting,PGExplainer,8335,1,,0.8571428571428571,,,,,33
GAT,1:100,class_weighting,PGExplainer,9471,4,,0.825,,,,,33
GAT,1:100,class_weighting,PGExplainer,9042,3,,0.8235294117647058,,,,,36
GAT,1:100,class_weighting,PGExplainer,9142,3,,0.5333333333333333,,,,,75
GAT,1:100,class_weighting,PGExplainer,8126,1,,0.4090909090909091,,,,,47
GAT,1:100,class_weighting,PGExplainer,9382,4,,0.9,,,,,35
GAT,1:100,class_weighting,PGExplainer,8053,1,,0.7272727272727273,,,,,83
GAT,1:100,class_weighting,PGExplainer,8313,1,,0.7333333333333333,,,,,24
GAT,1:100,class_weighting,PGExplainer,9340,4,,0.85,,,,,34
GAT,1:100,class_weighting,PGExplainer,9313,4,,0.8235294117647058,,,,,32
GAT,1:100,class_weighting,PGExplainer,8087,1,,0.8695652173913043,,,,,35
GAT,1:100,class_weighting,PGExplainer,9128,3,,0.7,,,,,31
GAT,1:100,class_weighting,PGExplainer,8307,1,,0.75,,,,,35
GAT,1:100,class_weighting,PGExplainer,9381,4,,0.925,,,,,40
GAT,1:100,class_weighting,PGExplainer,9062,3,,0.8421052631578947,,,,,37
GAT,1:100,class_weighting,PGExplainer,8347,1,,0.8409090909090909,,,,,29
GAT,1:100,class_weighting,PGExplainer,8107,1,,0.8043478260869565,,,,,83
GAT,1:100,class_weighting,PGExplainer,8717,2,,0.3333333333333333,,,,,21
GAT,1:100,class_weighting,PGExplainer,9096,3,,0.7647058823529412,,,,,34
GAT,1:100,class_weighting,PGExplainer,9411,4,,0.7692307692307693,,,,,30
GAT,1:100,class_weighting,PGExplainer,8081,1,,0.7608695652173914,,,,,38
GAT,1:100,class_weighting,PGExplainer,8226,1,,0.7380952380952381,,,,,33
GAT,1:100,class_weighting,PGExplainer,9120,3,,0.5416666666666666,,,,,30
GAT,1:100,class_weighting,GNNShap,9462,4,0.9933834586466166,,0.0,0.8840862318886724,,,33
GAT,1:100,class_weighting,GNNShap,9540,4,0.9434586466165413,,1.0,0.8209413761017401,,,32
GAT,1:100,class_weighting,GNNShap,9029,3,0.9330827067669173,,1.0,0.8797049603775104,,,32
GAT,1:100,class_weighting,GNNShap,9343,4,0.993082706766917,,0.0,0.8732280749655242,,,32
GAT,1:100,class_weighting,GNNShap,8073,1,0.9933834586466166,,1.0,0.9546450672337008,,,35
GAT,1:100,class_weighting,GNNShap,8839,2,0.9930827067669172,,0.0,0.8476981146413263,,,27
GAT,1:100,class_weighting,GNNShap,9272,4,0.9879699248120299,,0.0,0.8918599903426883,,,33
GAT,1:100,class_weighting,GNNShap,8335,1,0.9792481203007519,,1.0,0.9115883706712242,,,33
GAT,1:100,class_weighting,GNNShap,9471,4,0.9848120300751878,,0.0,0.8795600417422248,,,33
GAT,1:100,class_weighting,GNNShap,9042,3,0.9834586466165411,,0.0,0.8755182789175144,,,36
GAT,1:100,class_weighting,GNNShap,9142,3,0.9548872180451126,,0.0,0.9520013259563076,,,75
GAT,1:100,class_weighting,GNNShap,8126,1,0.9551879699248118,,0.0,0.9459281951170153,,,47
GAT,1:100,class_weighting,GNNShap,9382,4,0.9652631578947368,,0.0,0.9066274441815974,,,35
GAT,1:100,class_weighting,GNNShap,8053,1,0.9353383458646617,,0.0,0.9419527414267856,,,83
GAT,1:100,class_weighting,GNNShap,8313,1,0.993984962406015,,1.0,0.878372286512275,,,24
GAT,1:100,class_weighting,GNNShap,9340,4,0.9884210526315789,,0.0,0.8819045253926715,,,34
GAT,1:100,class_weighting,GNNShap,9313,4,0.9535338345864659,,0.0,0.9365903314078551,,,32
GAT,1:100,class_weighting,GNNShap,8087,1,0.9927819548872179,,0.0,0.9073568268988321,,,35
GAT,1:100,class_weighting,GNNShap,9128,3,0.9893233082706766,,0.0,0.8876863079124758,,,31
GAT,1:100,class_weighting,GNNShap,8307,1,0.9816541353383457,,1.0,0.9190216251288256,,,35
GAT,1:100,class_weighting,GNNShap,9381,4,0.9818045112781955,,0.0,0.8377351944811366,,,40
GAT,1:100,class_weighting,GNNShap,9062,3,0.9687218045112781,,0.0,0.9693296732065363,,,37
GAT,1:100,class_weighting,GNNShap,8347,1,0.9912781954887218,,0.0,0.9237193020232045,,,29
GAT,1:100,class_weighting,GNNShap,8107,1,0.9302255639097743,,0.0,0.922594952434088,,,83
GAT,1:100,class_weighting,GNNShap,8717,2,0.966015037593985,,0.0,0.9498012980817767,,,21
GAT,1:100,class_weighting,GNNShap,9096,3,0.9842105263157894,,0.0,0.9042007713984166,,,34
GAT,1:100,class_weighting,GNNShap,9411,4,0.9795488721804511,,1.0,0.9145729557272311,,,30
GAT,1:100,class_weighting,GNNShap,8081,1,0.9789473684210523,,1.0,0.8488570486902614,,,38
GAT,1:100,class_weighting,GNNShap,8226,1,0.9828571428571429,,1.0,0.9152746669898061,,,33
GAT,1:100,class_weighting,GNNShap,9120,3,0.9816541353383459,,1.0,0.9415842718738083,,,30
GAT,1:100,focal_loss,GNNExplainer,9176,3,0.9721804511278194,0.5208333333333334,0.0,,1.0,1.0,40
GAT,1:100,focal_loss,GNNExplainer,8906,3,0.9199999999999999,0.5227272727272727,0.0,,1.0,1.0,37
GAT,1:100,focal_loss,GNNExplainer,9096,3,0.9784962406015036,0.5294117647058824,0.0,,1.0,1.0,34
GAT,1:100,focal_loss,GNNExplainer,8897,3,0.9541353383458644,0.5294117647058824,0.0,,1.0,1.0,35
GAT,1:100,focal_loss,GNNExplainer,9174,3,0.9715789473684209,0.5208333333333334,1.0,,1.0,1.0,41
GAT,1:100,focal_loss,GNNExplainer,8917,3,0.9730827067669171,0.5227272727272727,0.0,,1.0,1.0,39
GAT,1:100,focal_loss,GNNExplainer,9178,3,0.9780451127819548,0.5208333333333334,0.0,,1.0,1.0,39
GAT,1:100,focal_loss,GNNExplainer,8950,3,0.9327819548872179,0.5333333333333333,1.0,,1.0,1.0,29
GAT,1:100,focal_loss,GNNExplainer,8921,3,0.9556390977443607,0.5909090909090909,0.0,,1.0,1.0,36
GAT,1:100,focal_loss,GNNExplainer,9172,3,0.9687218045112782,0.5208333333333334,1.0,,1.0,1.0,40
GAT,1:100,focal_loss,PGExplainer,9176,3,,0.9166666666666666,,,,,40
GAT,1:100,focal_loss,PGExplainer,8906,3,,0.9318181818181818,,,,,37
GAT,1:100,focal_loss,PGExplainer,9096,3,,0.9117647058823528,,,,,34
GAT,1:100,focal_loss,PGExplainer,8897,3,,0.8235294117647058,,,,,35
GAT,1:100,focal_loss,PGExplainer,9174,3,,0.9375,,,,,41
GAT,1:100,focal_loss,PGExplainer,8917,3,,0.9090909090909091,,,,,39
GAT,1:100,focal_loss,PGExplainer,9178,3,,0.9166666666666666,,,,,39
GAT,1:100,focal_loss,PGExplainer,8950,3,,0.6333333333333333,,,,,29
GAT,1:100,focal_loss,PGExplainer,8921,3,,0.9318181818181818,,,,,36
GAT,1:100,focal_loss,PGExplainer,9172,3,,0.9375,,,,,40
GAT,1:100,focal_loss,GNNShap,9176,3,0.9981954887218045,,0.0,0.9177756239631165,,,40
GAT,1:100,focal_loss,GNNShap,8906,3,0.9963909774436092,,0.0,0.9439122563958829,,,37
GAT,1:100,focal_loss,GNNShap,9096,3,0.9935338345864659,,0.0,0.9145156798147186,,,34
GAT,1:100,focal_loss,GNNShap,8897,3,0.9935338345864662,,0.0,0.8747812708744787,,,35
GAT,1:100,focal_loss,GNNShap,9174,3,0.9960902255639098,,0.0,0.9224837636092204,,,41
GAT,1:100,focal_loss,GNNShap,8917,3,0.9966917293233083,,0.0,0.902427228894706,,,39
GAT,1:100,focal_loss,GNNShap,9178,3,0.9858646616541353,,1.0,0.9084141871851298,,,39
GAT,1:100,focal_loss,GNNShap,8950,3,0.9923308270676691,,1.0,0.897610194136699,,,29
GAT,1:100,focal_loss,GNNShap,8921,3,0.9822556390977443,,1.0,0.8693444375165997,,,36
GAT,1:100,focal_loss,GNNShap,9172,3,0.9745864661654136,,1.0,0.9033060845166604,,,40
GAT,natural,none,GNNExplainer,8073,1,0.9858646616541351,0.5652173913043478,1.0,,1.0,1.0,35
GAT,natural,none,GNNExplainer,8053,1,0.9559398496240601,0.6590909090909091,0.0,,1.0,0.8,83
GAT,natural,none,GNNExplainer,9065,3,0.9906766917293233,0.5263157894736842,0.0,,1.0,0.0,33
GAT,natural,none,GNNExplainer,8340,1,0.9816541353383459,0.5681818181818182,0.0,,1.0,0.6,32
GAT,natural,none,GNNExplainer,8291,1,0.9839097744360903,0.6666666666666666,1.0,,1.0,1.0,30
GAT,natural,none,GNNExplainer,8224,1,0.9903759398496239,0.5476190476190477,1.0,,1.0,0.0,36
GAT,natural,none,GNNExplainer,9293,4,0.949172932330827,0.5333333333333333,1.0,,1.0,0.0,36
GAT,natural,none,GNNExplainer,9442,4,0.978796992481203,0.55,1.0,,1.0,0.0,30
GAT,natural,none,GNNExplainer,9540,4,0.9490225563909773,0.5333333333333333,1.0,,1.0,0.0,32
GAT,natural,none,GNNExplainer,9455,4,0.9493233082706766,0.525,1.0,,1.0,0.0,36
GAT,natural,none,GNNExplainer,8307,1,0.9795488721804511,0.625,1.0,,1.0,1.0,35
GAT,natural,none,GNNExplainer,9385,4,0.9500751879699247,0.55,1.0,,1.0,0.0,35
GAT,natural,none,GNNExplainer,9399,4,0.9754887218045113,0.5833333333333334,1.0,,1.0,0.2,28
GAT,natural,none,GNNExplainer,9468,4,0.9735338345864664,0.575,1.0,,1.0,0.0,33
GAT,natural,none,GNNExplainer,8260,1,0.9824060150375938,0.5263157894736842,1.0,,1.0,0.0,28
GAT,natural,none,GNNExplainer,9488,4,0.9403007518796992,0.7666666666666667,1.0,,1.0,0.0,67
GAT,natural,none,GNNExplainer,8087,1,0.9863157894736843,0.5652173913043478,1.0,,1.0,1.0,35
GAT,natural,none,GNNExplainer,8344,1,0.97593984962406,0.6363636363636364,0.0,,1.0,1.0,29
GAT,natural,none,GNNExplainer,8259,1,0.9896240601503757,0.5526315789473685,1.0,,1.0,0.0,28
GAT,natural,none,GNNExplainer,9313,4,0.9527819548872178,0.5294117647058824,1.0,,1.0,0.0,32
GAT,natural,none,GNNExplainer,9438,4,0.9580451127819547,0.5294117647058824,1.0,,1.0,0.0,32
GAT,natural,none,GNNExplainer,8950,3,0.9769924812030075,0.5333333333333333,0.0,,1.0,0.0,29
GAT,natural,none,GNNExplainer,8928,3,0.9938345864661653,0.5263157894736842,0.0,,1.0,0.0,31
GAT,natural,none,GNNExplainer,8126,1,0.9640601503759397,0.6363636363636364,0.0,,1.0,0.0,47
GAT,natural,none,GNNExplainer,9149,3,0.9837593984962405,0.5333333333333333,0.0,,1.0,0.0,34
GAT,natural,none,GNNExplainer,8081,1,0.9869172932330826,0.5217391304347826,1.0,,1.0,1.0,38
GAT,natural,none,GNNExplainer,9425,4,0.9780451127819546,0.5294117647058824,1.0,,1.0,0.0,31
GAT,natural,none,GNNExplainer,8558,2,0.9744360902255638,0.5,0.0,,1.0,1.0,20
GAT,natural,none,GNNExplainer,9389,4,0.9630075187969924,0.525,1.0,,1.0,0.0,40
GAT,natural,none,GNNExplainer,9141,3,0.9915789473684209,0.5333333333333333,0.0,,1.0,0.0,30
GAT,natural,none,PGExplainer,8073,1,,0.5652173913043478,,,,,35
GAT,natural,none,PGExplainer,8053,1,,0.045454545454545456,,,,,83
GAT,natural,none,PGExplainer,9065,3,,0.5526315789473685,,,,,33
GAT,natural,none,PGExplainer,8340,1,,0.38636363636363635,,,,,32
GAT,natural,none,PGExplainer,8291,1,,0.625,,,,,30
GAT,natural,none,PGExplainer,8224,1,,0.35714285714285715,,,,,36
GAT,natural,none,PGExplainer,9293,4,,0.43333333333333335,,,,,36
GAT,natural,none,PGExplainer,9442,4,,0.45,,,,,30
GAT,natural,none,PGExplainer,9540,4,,0.36666666666666664,,,,,32
GAT,natural,none,PGExplainer,9455,4,,0.6,,,,,36
GAT,natural,none,PGExplainer,8307,1,,0.375,,,,,35
GAT,natural,none,PGExplainer,9385,4,,0.55,,,,,35
GAT,natural,none,PGExplainer,9399,4,,0.6388888888888888,,,,,28
GAT,natural,none,PGExplainer,9468,4,,0.5,,,,,33
GAT,natural,none,PGExplainer,8260,1,,0.42105263157894735,,,,,28
GAT,natural,none,PGExplainer,9488,4,,0.0,,,,,67
GAT,natural,none,PGExplainer,8087,1,,0.45652173913043476,,,,,35
GAT,natural,none,PGExplainer,8344,1,,0.5227272727272727,,,,,29
GAT,natural,none,PGExplainer,8259,1,,0.42105263157894735,,,,,28
GAT,natural,none,PGExplainer,9313,4,,0.47058823529411764,,,,,32
GAT,natural,none,PGExplainer,9438,4,,0.47058823529411764,,,,,32
GAT,natural,none,PGExplainer,8950,3,,0.4666666666666667,,,,,29
GAT,natural,none,PGExplainer,8928,3,,0.5263157894736842,,,,,31
GAT,natural,none,PGExplainer,8126,1,,0.0,,,,,47
GAT,natural,none,PGExplainer,9149,3,,0.5,,,,,34
GAT,natural,none,PGExplainer,8081,1,,0.4782608695652174,,,,,38
GAT,natural,none,PGExplainer,9425,4,,0.4411764705882353,,,,,31
GAT,natural,none,PGExplainer,8558,2,,0.25,,,,,20
GAT,natural,none,PGExplainer,9389,4,,0.45,,,,,40
GAT,natural,none,PGExplainer,9141,3,,0.7,,,,,30
GAT,natural,none,GNNShap,8073,1,0.9923308270676691,,0.0,0.967149066506017,,,35
GAT,natural,none,GNNShap,8053,1,0.8739849624060149,,0.0,0.9813938576425715,,,83
GAT,natural,none,GNNShap,9065,3,0.9780451127819548,,0.0,0.9461359961645288,,,33
GAT,natural,none,GNNShap,8340,1,0.9858646616541351,,0.0,0.9589550281599056,,,32
GAT,natural,none,GNNShap,8291,1,0.986766917293233,,0.0,0.9526094587982545,,,30
GAT,natural,none,GNNShap,8224,1,0.9840601503759396,,0.0,0.9240908834467032,,,36
GAT,natural,none,GNNShap,9293,4,0.9849624060150376,,0.0,0.8855582781053837,,,36
GAT,natural,none,GNNShap,9442,4,0.9356390977443608,,0.0,0.9240550148377643,,,30
GAT,natural,none,GNNShap,9540,4,0.9470676691729322,,1.0,0.897782491452519,,,32
GAT,natural,none,GNNShap,9455,4,0.9457142857142855,,0.0,0.8744304440060449,,,36
GAT,natural,none,GNNShap,8307,1,0.9478195488721803,,0.0,0.9198165199035181,,,35
GAT,natural,none,GNNShap,9385,4,0.9756390977443609,,1.0,0.9610848860239924,,,35
GAT,natural,none,GNNShap,9399,4,0.9828571428571429,,0.0,0.9043666798481459,,,28
GAT,natural,none,GNNShap,9468,4,0.9827067669172932,,0.0,0.9175059458921055,,,33
GAT,natural,none,GNNShap,8260,1,0.9766917293233082,,0.0,0.9222430411309169,,,28
GAT,natural,none,GNNShap,9488,4,0.9081203007518797,,0.0,0.9913218208371033,,,67
GAT,natural,none,GNNShap,8087,1,0.9918796992481201,,0.0,0.9237884909153117,,,35
GAT,natural,none,GNNShap,8344,1,0.9857142857142855,,0.0,0.90723435383458,,,29
GAT,natural,none,GNNShap,8259,1,0.9821052631578946,,0.0,0.9288977678809605,,,28
GAT,natural,none,GNNShap,9313,4,0.9368421052631579,,0.0,0.9589863120698265,,,32
GAT,natural,none,GNNShap,9438,4,0.9816541353383459,,1.0,0.9221135344184954,,,32
GAT,natural,none,GNNShap,8950,3,0.9628571428571429,,0.0,0.9665619393449525,,,29
GAT,natural,none,GNNShap,8928,3,0.9730827067669173,,0.0,0.9580662231868693,,,31
GAT,natural,none,GNNShap,8126,1,0.9783458646616541,,0.0,0.9511785580461906,,,47
GAT,natural,none,GNNShap,9149,3,0.963157894736842,,0.0,0.9509833336602849,,,34
GAT,natural,none,GNNShap,8081,1,0.988721804511278,,0.0,0.9345922994277375,,,38
GAT,natural,none,GNNShap,9425,4,0.959097744360902,,1.0,0.9009842512425801,,,31
GAT,natural,none,GNNShap,8558,2,0.9888721804511278,,0.0,0.8849755638628347,,,20
GAT,natural,none,GNNShap,9389,4,0.9553383458646616,,1.0,0.9172867104390816,,,40
GAT,natural,none,GNNShap,9141,3,0.9800000000000001,,0.0,0.9611497688684377,,,30
GAT,natural,class_weighting,GNNExplainer,8355,1,0.9685714285714285,0.6818181818181818,0.0,,1.0,0.0,38
GAT,natural,class_weighting,GNNExplainer,9420,4,0.985563909774436,0.5384615384615384,0.0,,1.0,0.0,32
GAT,natural,class_weighting,GNNExplainer,8224,1,0.9784962406015036,0.5476190476190477,0.0,,1.0,0.0,36
GAT,natural,class_weighting,GNNExplainer,8950,3,0.9678195488721804,0.5333333333333333,0.0,,1.0,0.0,29
GAT,natural,class_weighting,GNNExplainer,8687,2,0.943157894736842,0.5,0.0,,1.0,0.0,30
GAT,natural,class_weighting,GNNExplainer,8566,2,0.9625563909774437,0.5,0.0,,1.0,0.0,18
GAT,natural,class_weighting,GNNExplainer,9282,4,0.9809022556390976,0.5666666666666667,1.0,,1.0,0.0,26
GAT,natural,class_weighting,GNNExplainer,8536,2,0.9631578947368421,0.375,0.0,,1.0,0.0,21
GAT,natural,class_weighting,GNNExplainer,8053,1,0.9300751879699247,0.6818181818181818,0.0,,1.0,0.0,83
GAT,natural,class_weighting,GNNExplainer,8399,2,0.9212030075187968,0.3333333333333333,0.0,,1.0,0.0,20
GAT,natural,class_weighting,GNNExplainer,8716,2,0.9178947368421053,0.375,0.0,,1.0,0.0,23
GAT,natural,class_weighting,GNNExplainer,9468,4,0.9781954887218044,0.575,1.0,,1.0,0.0,33
GAT,natural,class_weighting,GNNExplainer,8147,1,0.9833082706766916,0.5294117647058824,1.0,,1.0,0.0,28
GAT,natural,class_weighting,GNNExplainer,9495,4,0.9840601503759399,0.5666666666666667,1.0,,1.0,0.0,26
GAT,natural,class_weighting,GNNExplainer,9259,4,0.9781954887218045,0.5416666666666666,1.0,,1.0,0.0,26
GAT,natural,class_weighting,GNNExplainer,8335,1,0.9621052631578946,0.5476190476190477,1.0,,1.0,0.0,33
GAT,natural,class_weighting,GNNExplainer,8226,1,0.9914285714285713,0.5238095238095238,1.0,,1.0,0.0,33
GAT,natural,class_weighting,GNNExplainer,8029,1,0.9795488721804512,0.5454545454545454,1.0,,1.0,0.0,25
GAT,natural,class_weighting,GNNExplainer,9313,4,0.9863157894736843,0.5294117647058824,1.0,,1.0,0.0,32
GAT,natural,class_weighting,GNNExplainer,9366,4,0.9790977443609021,0.5384615384615384,1.0,,1.0,0.0,27
GAT,natural,class_weighting,GNNExplainer,8564,2,0.9572932330827066,0.5,0.0,,1.0,0.0,19
GAT,natural,class_weighting,GNNExplainer,9343,4,0.9733834586466162,0.65,1.0,,1.0,0.0,32
GAT,natural,class_weighting,GNNExplainer,9488,4,0.957142857142857,0.7333333333333333,0.0,,1.0,0.0,67
GAT,natural,class_weighting,GNNExplainer,8445,2,0.9742857142857142,0.375,1.0,,1.0,0.0,31
GAT,natural,class_weighting,GNNExplainer,8331,1,0.980751879699248,0.5952380952380952,1.0,,1.0,0.0,30
GAT,natural,class_weighting,GNNExplainer,9460,4,0.9790977443609021,0.525,1.0,,1.0,0.0,35
GAT,natural,class_weighting,GNNExplainer,9466,4,0.9792481203007517,0.525,1.0,,1.0,0.0,38
GAT,natural,class_weighting,GNNExplainer,8472,2,0.9825563909774434,0.25,1.0,,1.0,0.0,13
GAT,natural,class_weighting,GNNExplainer,8270,1,0.993984962406015,0.5333333333333333,1.0,,1.0,0.0,25
GAT,natural,class_weighting,GNNExplainer,9121,3,0.976842105263158,0.5416666666666666,0.0,,1.0,0.0,26
GAT,natural,class_weighting,PGExplainer,8355,1,,0.2727272727272727,,,,,38
GAT,natural,class_weighting,PGExplainer,9420,4,,0.2692307692307692,,,,,32
GAT,natural,class_weighting,PGExplainer,8224,1,,0.47619047619047616,,,,,36
GAT,natural,class_weighting,PGExplainer,8950,3,,0.7,,,,,29
GAT,natural,class_weighting,PGExplainer,8687,2,,0.5,,,,,30
GAT,natural,class_weighting,PGExplainer,8566,2,,0.5,,,,,18
GAT,natural,class_weighting,PGExplainer,9282,4,,0.7333333333333333,,,,,26
GAT,natural,class_weighting,PGExplainer,8536,2,,0.375,,,,,21
GAT,natural,class_weighting,PGExplainer,8053,1,,0.09090909090909091,,,,,83
GAT,natural,class_weighting,PGExplainer,8399,2,,0.5,,,,,20
GAT,natural,class_weighting,PGExplainer,8716,2,,0.5,,,,,23
GAT,natural,class_weighting,PGExplainer,9468,4,,0.375,,,,,33
GAT,natural,class_weighting,PGExplainer,8147,1,,0.7058823529411765,,,,,28
GAT,natural,class_weighting,PGExplainer,9495,4,,0.8666666666666667,,,,,26
GAT,natural,class_weighting,PGExplainer,9259,4,,0.8333333333333334,,,,,26
GAT,natural,class_weighting,PGExplainer,8335,1,,0.5238095238095238,,,,,33
GAT,natural,class_weighting,PGExplainer,8226,1,,0.4523809523809524,,,,,33
GAT,natural,class_weighting,PGExplainer,8029,1,,0.8181818181818182,,,,,25
GAT,natural,class_weighting,PGExplainer,9313,4,,0.4411764705882353,,,,,32
GAT,natural,class_weighting,PGExplainer,9366,4,,0.6153846153846154,,,,,27
GAT,natural,class_weighting,PGExplainer,8564,2,,0.625,,,,,19
GAT,natural,class_weighting,PGExplainer,9343,4,,0.625,,,,,32
GAT,natural,class_weighting,PGExplainer,9488,4,,0.4666666666666667,,,,,67
GAT,natural,class_weighting,PGExplainer,8445,2,,0.375,,,,,31
GAT,natural,class_weighting,PGExplainer,8331,1,,0.5714285714285714,,,,,30
GAT,natural,class_weighting,PGExplainer,9460,4,,0.5,,,,,35
GAT,natural,class_weighting,PGExplainer,9466,4,,0.25,,,,,38
GAT,natural,class_weighting,PGExplainer,8472,2,,0.5,,,,,13
GAT,natural,class_weighting,PGExplainer,8270,1,,0.4000000000000001,,,,,25
GAT,natural,class_weighting,PGExplainer,9121,3,,0.4166666666666667,,,,,26
GAT,natural,class_weighting,GNNShap,8355,1,0.9293233082706764,,0.0,0.9886812854489735,,,38
GAT,natural,class_weighting,GNNShap,9420,4,0.9252631578947366,,1.0,0.9362553396578092,,,32
GAT,natural,class_weighting,GNNShap,8224,1,0.9736842105263157,,0.0,0.9432093775988404,,,36
GAT,natural,class_weighting,GNNShap,8950,3,0.8503759398496241,,0.0,0.9513064406223295,,,29
GAT,natural,class_weighting,GNNShap,8687,2,0.9861654135338345,,1.0,0.9660574578374155,,,30
GAT,natural,class_weighting,GNNShap,8566,2,0.9663157894736841,,1.0,0.8763573575936758,,,18
GAT,natural,class_weighting,GNNShap,9282,4,0.9584962406015036,,0.0,0.9779425882962116,,,26
GAT,natural,class_weighting,GNNShap,8536,2,0.9699248120300752,,0.0,0.9182905073363756,,,21
GAT,natural,class_weighting,GNNShap,8053,1,0.9554887218045112,,0.0,0.971175265531657,,,83
GAT,natural,class_weighting,GNNShap,8399,2,0.976390977443609,,0.0,0.9486642881049097,,,20
GAT,natural,class_weighting,GNNShap,8716,2,0.9624060150375937,,1.0,0.9813873165846912,,,23
GAT,natural,class_weighting,GNNShap,9468,4,0.959097744360902,,0.0,0.9180299046936249,,,33
GAT,natural,class_weighting,GNNShap,8147,1,0.9598496240601504,,0.0,0.893828795874892,,,28
GAT,natural,class_weighting,GNNShap,9495,4,0.9870676691729322,,0.0,0.9501320977466406,,,26
GAT,natural,class_weighting,GNNShap,9259,4,0.9526315789473683,,0.0,0.9718558070356405,,,26
GAT,natural,class_weighting,GNNShap,8335,1,0.9604511278195489,,0.0,0.9682829710400804,,,33
GAT,natural,class_weighting,GNNShap,8226,1,0.9750375939849626,,0.0,0.9509324387712054,,,33
GAT,natural,class_weighting,GNNShap,8029,1,0.9748872180451127,,0.0,0.9456606796067104,,,25
GAT,natural,class_weighting,GNNShap,9313,4,0.9539849624060149,,0.0,0.9656480353196117,,,32
GAT,natural,class_weighting,GNNShap,9366,4,0.9702255639097743,,0.0,0.9363789004976033,,,27
GAT,natural,class_weighting,GNNShap,8564,2,0.9733834586466166,,1.0,0.9618784011837983,,,19
GAT,natural,class_weighting,GNNShap,9343,4,0.9777443609022555,,0.0,0.9583751477049749,,,32
GAT,natural,class_weighting,GNNShap,9488,4,0.9233082706766915,,0.0,0.980649203572176,,,67
GAT,natural,class_weighting,GNNShap,8445,2,0.9481203007518795,,0.0,0.9693192591829526,,,31
GAT,natural,class_weighting,GNNShap,8331,1,0.9672180451127821,,0.0,0.9348424227286645,,,30
GAT,natural,class_weighting,GNNShap,9460,4,0.96,,0.0,0.9661237830873644,,,35
GAT,natural,class_weighting,GNNShap,9466,4,0.9199999999999997,,0.0,0.9365477937739751,,,38
GAT,natural,class_weighting,GNNShap,8472,2,0.9845112781954887,,1.0,0.968361287423644,,,13
GAT,natural,class_weighting,GNNShap,8270,1,0.9595488721804509,,0.0,0.9275043397748618,,,25
GAT,natural,class_weighting,GNNShap,9121,3,0.8580451127819548,,0.0,0.9872340878726386,,,26
GAT,natural,focal_loss,GNNExplainer,9354,4,0.9574436090225562,0.525,0.0,,1.0,0.0,35
GAT,natural,focal_loss,GNNExplainer,8051,1,0.893533834586466,0.5714285714285714,0.0,,1.0,0.0,32
GAT,natural,focal_loss,GNNExplainer,8340,1,0.9273684210526316,0.5681818181818182,1.0,,1.0,0.0,32
GAT,natural,focal_loss,GNNExplainer,9343,4,0.9320300751879698,0.65,1.0,,1.0,0.0,32
GAT,natural,focal_loss,GNNExplainer,8687,2,0.9687218045112781,0.625,1.0,,1.0,0.0,30
GAT,natural,focal_loss,GNNExplainer,9184,3,0.9147368421052631,0.53125,0.0,,1.0,0.0,35
GAT,natural,focal_loss,GNNExplainer,9320,4,0.9327819548872179,0.5294117647058824,0.0,,1.0,0.0,38
GAT,natural,focal_loss,GNNExplainer,9313,4,0.9547368421052631,0.5294117647058824,0.0,,1.0,0.0,32
GAT,natural,focal_loss,GNNExplainer,8058,1,0.9239097744360899,0.5454545454545454,1.0,,1.0,0.0,33
GAT,natural,focal_loss,GNNExplainer,8130,1,0.9293233082706764,0.5909090909090909,0.0,,1.0,0.0,19
GAT,natural,focal_loss,GNNExplainer,9541,4,0.9252631578947368,0.5666666666666667,1.0,,1.0,0.0,26
GAT,natural,focal_loss,GNNExplainer,9399,4,0.9490225563909773,0.5833333333333334,0.0,,1.0,0.0,28
GAT,natural,focal_loss,GNNExplainer,9426,4,0.9461654135338347,0.5294117647058824,0.0,,1.0,0.0,30
GAT,natural,focal_loss,GNNExplainer,9407,4,0.9526315789473683,0.5,0.0,,1.0,0.0,40
GAT,natural,focal_loss,GNNExplainer,8897,3,0.934436090225564,0.5294117647058824,0.0,,1.0,0.0,35
GAT,natural,focal_loss,GNNExplainer,8298,1,0.9218045112781953,0.625,0.0,,1.0,0.0,32
GAT,natural,focal_loss,GNNExplainer,9300,4,0.9073684210526316,0.5333333333333333,0.0,,1.0,0.0,30
GAT,natural,focal_loss,GNNExplainer,8081,1,0.9300751879699248,0.5,0.0,,1.0,0.0,38
GAT,natural,focal_loss,GNNExplainer,8445,2,0.9539849624060149,0.625,1.0,,1.0,0.0,31
GAT,natural,focal_loss,GNNExplainer,8107,1,0.9326315789473684,0.7391304347826085,0.0,,1.0,0.0,83
GAT,natural,focal_loss,GNNExplainer,9455,4,0.9524812030075187,0.525,0.0,,1.0,0.0,36
GAT,natural,focal_loss,GNNExplainer,8094,1,0.951578947368421,0.6,0.0,,1.0,0.0,32
GAT,natural,focal_loss,GNNExplainer,8716,2,0.8542857142857143,0.5,1.0,,1.0,0.0,23
GAT,natural,focal_loss,GNNExplainer,9010,3,0.8750375939849624,0.6071428571428571,0.0,,1.0,0.0,67
GAT,natural,focal_loss,GNNExplainer,8155,1,0.9403007518796992,0.525,0.0,,1.0,0.0,36
GAT,natural,focal_loss,GNNExplainer,8747,2,0.8225563909774436,0.375,1.0,,1.0,0.0,19
GAT,natural,focal_loss,GNNExplainer,9540,4,0.9514285714285714,0.5333333333333333,0.0,,1.0,0.0,32
GAT,natural,focal_loss,GNNExplainer,9350,4,0.9335338345864661,0.525,0.0,,1.0,0.0,36
GAT,natural,focal_loss,GNNExplainer,8059,1,0.9553383458646616,0.5454545454545454,0.0,,1.0,0.0,37
GAT,natural,focal_loss,GNNExplainer,9172,3,0.9374436090225563,0.5208333333333334,0.0,,1.0,0.0,40
GAT,natural,focal_loss,PGExplainer,9354,4,,0.375,,,,,35
GAT,natural,focal_loss,PGExplainer,8051,1,,0.5,,,,,32
GAT,natural,focal_loss,PGExplainer,8340,1,,0.5,,,,,32
GAT,natural,focal_loss,PGExplainer,9343,4,,0.525,,,,,32
GAT,natural,focal_loss,PGExplainer,8687,2,,0.375,,,,,30
GAT,natural,focal_loss,PGExplainer,9184,3,,0.0625,,,,,35
GAT,natural,focal_loss,PGExplainer,9320,4,,0.058823529411764705,,,,,38
GAT,natural,focal_loss,PGExplainer,9313,4,,0.2647058823529412,,,,,32
GAT,natural,focal_loss,PGExplainer,8058,1,,0.5909090909090909,,,,,33
GAT,natural,focal_loss,PGExplainer,8130,1,,0.7272727272727273,,,,,19
GAT,natural,focal_loss,PGExplainer,9541,4,,0.5333333333333333,,,,,26
GAT,natural,focal_loss,PGExplainer,9399,4,,0.5555555555555556,,,,,28
GAT,natural,focal_loss,PGExplainer,9426,4,,0.4117647058823529,,,,,30
GAT,natural,focal_loss,PGExplainer,9407,4,,0.3888888888888889,,,,,40
GAT,natural,focal_loss,PGExplainer,8897,3,,0.29411764705882354,,,,,35
GAT,natural,focal_loss,PGExplainer,8298,1,,0.625,,,,,32
GAT,natural,focal_loss,PGExplainer,9300,4,,0.5,,,,,30
GAT,natural,focal_loss,PGExplainer,8081,1,,0.1956521739130435,,,,,38
GAT,natural,focal_loss,PGExplainer,8445,2,,0.125,,,,,31
GAT,natural,focal_loss,PGExplainer,8107,1,,0.0,,,,,83
GAT,natural,focal_loss,PGExplainer,9455,4,,0.35,,,,,36
GAT,natural,focal_loss,PGExplainer,8094,1,,0.41999999999999993,,,,,32
GAT,natural,focal_loss,PGExplainer,8716,2,,0.25,,,,,23
GAT,natural,focal_loss,PGExplainer,9010,3,,0.0,,,,,67
GAT,natural,focal_loss,PGExplainer,8155,1,,0.15,,,,,36
GAT,natural,focal_loss,PGExplainer,8747,2,,0.0,,,,,19
GAT,natural,focal_loss,PGExplainer,9540,4,,0.16666666666666666,,,,,32
GAT,natural,focal_loss,PGExplainer,9350,4,,0.325,,,,,36
GAT,natural,focal_loss,PGExplainer,8059,1,,0.45454545454545453,,,,,37
GAT,natural,focal_loss,PGExplainer,9172,3,,0.5625,,,,,40
GAT,natural,focal_loss,GNNShap,9354,4,0.9972932330827067,,0.0,0.9338199530247324,,,35
GAT,natural,focal_loss,GNNShap,8051,1,0.9896240601503757,,1.0,0.9621373408445792,,,32
GAT,natural,focal_loss,GNNShap,8340,1,0.9903759398496239,,0.0,0.9569117338424726,,,32
GAT,natural,focal_loss,GNNShap,9343,4,0.9960902255639097,,0.0,0.9400920026599611,,,32
GAT,natural,focal_loss,GNNShap,8687,2,0.9944360902255639,,1.0,0.9666335131455928,,,30
GAT,natural,focal_loss,GNNShap,9184,3,0.9902255639097743,,0.0,0.9696864666262396,,,35
GAT,natural,focal_loss,GNNShap,9320,4,0.9954887218045112,,0.0,0.955420535740096,,,38
GAT,natural,focal_loss,GNNShap,9313,4,0.9948872180451126,,0.0,0.9570637152597415,,,32
GAT,natural,focal_loss,GNNShap,8058,1,0.9920300751879699,,1.0,0.9335256520789976,,,33
GAT,natural,focal_loss,GNNShap,8130,1,1.0,,1.0,0.9682105042732674,,,19
GAT,natural,focal_loss,GNNShap,9541,4,0.9972932330827067,,0.0,0.952326106372215,,,26
GAT,natural,focal_loss,GNNShap,9399,4,0.9963909774436092,,0.0,0.9132283528001821,,,28
GAT,natural,focal_loss,GNNShap,9426,4,0.997593984962406,,0.0,0.9588151003543602,,,30
GAT,natural,focal_loss,GNNShap,9407,4,0.97593984962406,,1.0,0.9612696084123084,,,40
GAT,natural,focal_loss,GNNShap,8897,3,0.9730827067669171,,0.0,0.9766998812270693,,,35
GAT,natural,focal_loss,GNNShap,8298,1,0.9984962406015038,,0.0,0.9746251953335472,,,32
GAT,natural,focal_loss,GNNShap,9300,4,0.9981954887218045,,0.0,0.9576318306948031,,,30
GAT,natural,focal_loss,GNNShap,8081,1,0.997593984962406,,0.0,0.9416895034049737,,,38
GAT,natural,focal_loss,GNNShap,8445,2,0.9957894736842103,,1.0,0.9496041281419633,,,31
GAT,natural,focal_loss,GNNShap,8107,1,0.9473684210526315,,0.0,0.9873430737004314,,,83
GAT,natural,focal_loss,GNNShap,9455,4,0.9972932330827067,,1.0,0.9365095498402918,,,36
GAT,natural,focal_loss,GNNShap,8094,1,0.9990977443609023,,0.0,0.9719692020861826,,,32
GAT,natural,focal_loss,GNNShap,8716,2,0.9990977443609024,,1.0,0.9689386295426192,,,23
GAT,natural,focal_loss,GNNShap,9010,3,0.9878195488721803,,0.0,0.9865746393620058,,,67
GAT,natural,focal_loss,GNNShap,8155,1,0.9966917293233083,,0.0,0.9438662797386612,,,36
GAT,natural,focal_loss,GNNShap,8747,2,0.9975939849624058,,0.0,0.9551062401376578,,,19
GAT,natural,focal_loss,GNNShap,9540,4,0.9969924812030075,,0.0,0.9278669606298742,,,32
GAT,natural,focal_loss,GNNShap,9350,4,0.9959398496240601,,0.0,0.9438931091275332,,,36
GAT,natural,focal_loss,GNNShap,8059,1,0.9969924812030074,,0.0,0.9506951145921245,,,37
GAT,natural,focal_loss,GNNShap,9172,3,0.9861654135338345,,0.0,0.9746598623617808,,,40
GCN,1:1,none,GNNExplainer,8398,2,0.9658646616541352,0.25,1.0,,1.0,0.0,25
GCN,1:1,none,GNNExplainer,9405,4,0.980300751879699,0.5555555555555556,1.0,,1.0,0.0,30
GCN,1:1,none,GNNExplainer,8229,1,0.9806015037593984,0.5714285714285714,1.0,,1.0,0.0,31
GCN,1:1,none,GNNExplainer,8899,3,0.9828571428571425,0.5294117647058824,0.0,,1.0,0.0,38
GCN,1:1,none,GNNExplainer,8694,2,0.9634586466165412,0.25,1.0,,1.0,0.0,24
GCN,1:1,none,GNNExplainer,8575,2,0.9667669172932329,0.125,0.0,,1.0,0.0,27
GCN,1:1,none,GNNExplainer,9266,4,0.9936842105263157,0.5416666666666666,0.0,,1.0,0.0,30
GCN,1:1,none,GNNExplainer,8558,2,0.9478195488721803,0.625,1.0,,1.0,0.0,20
GCN,1:1,none,GNNExplainer,8059,1,0.9742857142857142,0.5454545454545454,1.0,,1.0,0.0,37
GCN,1:1,none,GNNExplainer,8423,2,0.9630075187969924,0.5,1.0,,1.0,0.0,26
GCN,1:1,none,GNNExplainer,8716,2,0.9796992481203006,0.25,1.0,,1.0,0.0,23
GCN,1:1,none,GNNExplainer,9462,4,0.9772932330827068,0.575,1.0,,1.0,0.0,33
GCN,1:1,none,GNNExplainer,8164,1,0.9709774436090223,0.55,1.0,,1.0,0.0,33
GCN,1:1,none,GNNExplainer,9488,4,0.9750375939849624,0.8000000000000002,0.0,,1.0,0.0,67
GCN,1:1,none,GNNExplainer,9184,3,0.9857142857142855,0.53125,0.0,,1.0,0.0,35
GCN,1:1,none,GNNExplainer,8344,1,0.9691729323308269,0.6363636363636364,1.0,,1.0,0.0,29
GCN,1:1,none,GNNExplainer,8233,1,0.984812030075188,0.5714285714285714,1.0,,1.0,0.0,29
GCN,1:1,none,GNNExplainer,8051,1,0.9681203007518796,0.5714285714285714,1.0,,1.0,0.0,32
GCN,1:1,none,GNNExplainer,9276,4,0.9822556390977443,0.5666666666666667,1.0,,1.0,0.0,26
GCN,1:1,none,GNNExplainer,9350,4,0.9864661654135338,0.525,1.0,,1.0,0.0,36
GCN,1:1,none,GNNExplainer,8571,2,0.9669172932330825,0.5,1.0,,1.0,0.0,16
GCN,1:1,none,GNNExplainer,9320,4,0.9864661654135338,0.5294117647058824,1.0,,1.0,0.0,38
GCN,1:1,none,GNNExplainer,9471,4,0.9863157894736843,0.525,1.0,,1.0,0.0,33
GCN,1:1,none,GNNExplainer,8461,2,0.9804511278195488,0.5,1.0,,1.0,0.0,20
GCN,1:1,none,GNNExplainer,8339,1,0.9790977443609021,0.6363636363636364,1.0,,1.0,0.0,28
GCN,1:1,none,GNNExplainer,9455,4,0.9781954887218044,0.525,1.0,,1.0,0.0,36
GCN,1:1,none,GNNExplainer,9460,4,0.986315789473684,0.525,1.0,,1.0,0.0,35
GCN,1:1,none,GNNExplainer,8519,2,0.9724812030075187,0.25,0.0,,1.0,0.0,21
GCN,1:1,none,GNNExplainer,8285,1,0.9784962406015036,0.5384615384615384,1.0,,1.0,0.0,27
GCN,1:1,none,GNNExplainer,9096,3,0.985563909774436,0.5294117647058824,0.0,,1.0,0.0,34
GCN,1:1,none,PGExplainer,8398,2,,0.375,,,,,25
GCN,1:1,none,PGExplainer,9405,4,,0.9166666666666666,,,,,30
GCN,1:1,none,PGExplainer,8229,1,,0.9047619047619048,,,,,31
GCN,1:1,none,PGExplainer,8899,3,,0.9117647058823528,,,,,38
GCN,1:1,none,PGExplainer,8694,2,,0.25,,,,,24
GCN,1:1,none,PGExplainer,8575,2,,0.75,,,,,27
GCN,1:1,none,PGExplainer,9266,4,,0.875,,,,,30
GCN,1:1,none,PGExplainer,8558,2,,0.75,,,,,20
GCN,1:1,none,PGExplainer,8059,1,,0.9318181818181818,,,,,37
GCN,1:1,none,PGExplainer,8423,2,,0.625,,,,,26
GCN,1:1,none,PGExplainer,8716,2,,0.625,,,,,23
GCN,1:1,none,PGExplainer,9462,4,,0.925,,,,,33
GCN,1:1,none,PGExplainer,8164,1,,0.925,,,,,33
GCN,1:1,none,PGExplainer,9488,4,,0.6666666666666666,,,,,67
GCN,1:1,none,PGExplainer,9184,3,,0.90625,,,,,35
GCN,1:1,none,PGExplainer,8344,1,,0.9318181818181818,,,,,29
GCN,1:1,none,PGExplainer,8233,1,,0.9047619047619048,,,,,29
GCN,1:1,none,PGExplainer,8051,1,,0.9285714285714286,,,,,32
GCN,1:1,none,PGExplainer,9276,4,,0.9,,,,,26
GCN,1:1,none,PGExplainer,9350,4,,0.925,,,,,36
GCN,1:1,none,PGExplainer,8571,2,,0.625,,,,,16
GCN,1:1,none,PGExplainer,9320,4,,0.9117647058823528,,,,,38
GCN,1:1,none,PGExplainer,9471,4,,0.925,,,,,33
GCN,1:1,none,PGExplainer,8461,2,,0.625,,,,,20
GCN,1:1,none,PGExplainer,8339,1,,0.9318181818181818,,,,,28
GCN,1:1,none,PGExplainer,9455,4,,0.925,,,,,36
GCN,1:1,none,PGExplainer,9460,4,,0.925,,,,,35
GCN,1:1,none,PGExplainer,8519,2,,0.5,,,,,21
GCN,1:1,none,PGExplainer,8285,1,,0.8846153846153846,,,,,27
GCN,1:1,none,PGExplainer,9096,3,,0.9117647058823528,,,,,34
GCN,1:1,none,GNNShap,8398,2,0.9903759398496239,,1.0,0.9628157209395047,,,25
GCN,1:1,none,GNNShap,9405,4,0.981954887218045,,0.0,0.9544979782247814,,,30
GCN,1:1,none,GNNShap,8229,1,0.9957894736842106,,0.0,0.9555892900835549,,,31
GCN,1:1,none,GNNShap,8899,3,0.9583458646616542,,0.0,0.9928437287880223,,,38
GCN,1:1,none,GNNShap,8694,2,0.9872180451127818,,0.0,0.9319369474899439,,,24
GCN,1:1,none,GNNShap,8575,2,0.993984962406015,,1.0,0.952602899671042,,,27
GCN,1:1,none,GNNShap,9266,4,0.9950375939849623,,0.0,0.9573999173943362,,,30
GCN,1:1,none,GNNShap,8558,2,0.9936842105263158,,0.0,0.9502367751113658,,,20
GCN,1:1,none,GNNShap,8059,1,0.9903759398496239,,0.0,0.9637800304460242,,,37
GCN,1:1,none,GNNShap,8423,2,0.9827067669172933,,1.0,0.9629328756847475,,,26
GCN,1:1,none,GNNShap,8716,2,0.9933834586466166,,1.0,0.9694115624430655,,,23
GCN,1:1,none,GNNShap,9462,4,0.9959398496240601,,0.0,0.9653210085822825,,,33
GCN,1:1,none,GNNShap,8164,1,0.9714285714285713,,0.0,0.9377631676602078,,,33
GCN,1:1,none,GNNShap,9488,4,0.9218045112781954,,0.0,0.9976716503050393,,,67
GCN,1:1,none,GNNShap,9184,3,0.9735338345864661,,0.0,0.9558842387987034,,,35
GCN,1:1,none,GNNShap,8344,1,0.9923308270676691,,0.0,0.9283590319732392,,,29
GCN,1:1,none,GNNShap,8233,1,0.9762406015037592,,1.0,0.9388323893929458,,,29
GCN,1:1,none,GNNShap,8051,1,0.9583458646616541,,0.0,0.9249169990424997,,,32
GCN,1:1,none,GNNShap,9276,4,0.9918796992481201,,0.0,0.9660390720041114,,,26
GCN,1:1,none,GNNShap,9350,4,0.9941353383458645,,0.0,0.901590808737104,,,36
GCN,1:1,none,GNNShap,8571,2,0.9858646616541351,,0.0,0.9848332205377129,,,16
GCN,1:1,none,GNNShap,9320,4,0.9849624060150374,,0.0,0.9576701661216337,,,38
GCN,1:1,none,GNNShap,9471,4,0.986766917293233,,0.0,0.961057501099728,,,33
GCN,1:1,none,GNNShap,8461,2,0.9897744360902253,,0.0,0.9209624353788067,,,20
GCN,1:1,none,GNNShap,8339,1,0.9909774436090226,,0.0,0.9585836121052382,,,28
GCN,1:1,none,GNNShap,9455,4,0.9909774436090224,,0.0,0.9217457147357966,,,36
GCN,1:1,none,GNNShap,9460,4,0.9906766917293233,,0.0,0.9640576437625972,,,35
GCN,1:1,none,GNNShap,8519,2,0.9938345864661654,,0.0,0.9544050030254849,,,21
GCN,1:1,none,GNNShap,8285,1,0.9944360902255639,,0.0,0.936427732099743,,,27
GCN,1:1,none,GNNShap,9096,3,0.9863157894736843,,0.0,0.9735542692547273,,,34
GCN,1:1,class_weighting,GNNExplainer,8398,2,0.9669172932330827,0.25,1.0,,1.0,0.0,25
GCN,1:1,class_weighting,GNNExplainer,9405,4,0.9775939849624059,0.5555555555555556,1.0,,1.0,0.0,30
GCN,1:1,class_weighting,GNNExplainer,8229,1,0.9798496240601502,0.5714285714285714,1.0,,1.0,0.0,31
GCN,1:1,class_weighting,GNNExplainer,8899,3,0.9842105263157894,0.5294117647058824,0.0,,1.0,0.0,38
GCN,1:1,class_weighting,GNNExplainer,8694,2,0.964360902255639,0.25,1.0,,1.0,0.0,24
GCN,1:1,class_weighting,GNNExplainer,8575,2,0.9670676691729321,0.125,0.0,,1.0,0.0,27
GCN,1:1,class_weighting,GNNExplainer,9266,4,0.9930827067669172,0.5416666666666666,0.0,,1.0,0.0,30
GCN,1:1,class_weighting,GNNExplainer,8558,2,0.9458646616541351,0.625,1.0,,1.0,0.0,20
GCN,1:1,class_weighting,GNNExplainer,8059,1,0.9726315789473683,0.5454545454545454,1.0,,1.0,0.0,37
GCN,1:1,class_weighting,GNNExplainer,8423,2,0.9642105263157893,0.5,1.0,,1.0,0.0,26
GCN,1:1,class_weighting,GNNExplainer,8716,2,0.9796992481203006,0.25,1.0,,1.0,0.0,23
GCN,1:1,class_weighting,GNNExplainer,9462,4,0.9751879699248119,0.575,1.0,,1.0,0.0,33
GCN,1:1,class_weighting,GNNExplainer,8164,1,0.9724812030075187,0.55,1.0,,1.0,0.0,33
GCN,1:1,class_weighting,GNNExplainer,9488,4,0.9760902255639099,0.8000000000000002,0.0,,1.0,0.0,67
GCN,1:1,class_weighting,GNNExplainer,9184,3,0.9873684210526313,0.53125,0.0,,1.0,0.0,35
GCN,1:1,class_weighting,GNNExplainer,8344,1,0.9700751879699248,0.6363636363636364,1.0,,1.0,0.0,29
GCN,1:1,class_weighting,GNNExplainer,8233,1,0.9830075187969924,0.5714285714285714,1.0,,1.0,0.0,29
GCN,1:1,class_weighting,GNNExplainer,8051,1,0.9687218045112781,0.5714285714285714,1.0,,1.0,0.0,32
GCN,1:1,class_weighting,GNNExplainer,9276,4,0.9821052631578947,0.5666666666666667,1.0,,1.0,0.0,26
GCN,1:1,class_weighting,GNNExplainer,9350,4,0.9879699248120302,0.525,1.0,,1.0,0.0,36
GCN,1:1,class_weighting,GNNExplainer,8571,2,0.9681203007518796,0.5,1.0,,1.0,0.0,16
GCN,1:1,class_weighting,GNNExplainer,9320,4,0.9867669172932331,0.5294117647058824,1.0,,1.0,0.0,38
GCN,1:1,class_weighting,GNNExplainer,9471,4,0.9857142857142855,0.525,1.0,,1.0,0.0,33
GCN,1:1,class_weighting,GNNExplainer,8461,2,0.9813533834586465,0.5,1.0,,1.0,0.0,20
GCN,1:1,class_weighting,GNNExplainer,8339,1,0.9816541353383457,0.6363636363636364,1.0,,1.0,0.0,28
GCN,1:1,class_weighting,GNNExplainer,9455,4,0.9810526315789472,0.525,1.0,,1.0,0.0,36
GCN,1:1,class_weighting,GNNExplainer,9460,4,0.9824060150375941,0.525,1.0,,1.0,0.0,35
GCN,1:1,class_weighting,GNNExplainer,8519,2,0.9751879699248118,0.25,0.0,,1.0,0.0,21
GCN,1:1,class_weighting,GNNExplainer,8285,1,0.9774436090225563,0.5384615384615384,1.0,,1.0,0.0,27
GCN,1:1,class_weighting,GNNExplainer,9096,3,0.985563909774436,0.5294117647058824,0.0,,1.0,0.0,34
GCN,1:1,class_weighting,PGExplainer,8398,2,,0.375,,,,,25
GCN,1:1,class_weighting,PGExplainer,9405,4,,0.9166666666666666,,,,,30
GCN,1:1,class_weighting,PGExplainer,8229,1,,0.9047619047619048,,,,,31
GCN,1:1,class_weighting,PGExplainer,8899,3,,0.9117647058823528,,,,,38
GCN,1:1,class_weighting,PGExplainer,8694,2,,0.25,,,,,24
GCN,1:1,class_weighting,PGExplainer,8575,2,,0.75,,,,,27
GCN,1:1,class_weighting,PGExplainer,9266,4,,0.875,,,,,30
GCN,1:1,class_weighting,PGExplainer,8558,2,,0.75,,,,,20
GCN,1:1,class_weighting,PGExplainer,8059,1,,0.9318181818181818,,,,,37
GCN,1:1,class_weighting,PGExplainer,8423,2,,0.625,,,,,26
GCN,1:1,class_weighting,PGExplainer,8716,2,,0.625,,,,,23
GCN,1:1,class_weighting,PGExplainer,9462,4,,0.925,,,,,33
GCN,1:1,class_weighting,PGExplainer,8164,1,,0.925,,,,,33
GCN,1:1,class_weighting,PGExplainer,9488,4,,0.6666666666666666,,,,,67
GCN,1:1,class_weighting,PGExplainer,9184,3,,0.90625,,,,,35
GCN,1:1,class_weighting,PGExplainer,8344,1,,0.9318181818181818,,,,,29
GCN,1:1,class_weighting,PGExplainer,8233,1,,0.9047619047619048,,,,,29
GCN,1:1,class_weighting,PGExplainer,8051,1,,0.9285714285714286,,,,,32
GCN,1:1,class_weighting,PGExplainer,9276,4,,0.9,,,,,26
GCN,1:1,class_weighting,PGExplainer,9350,4,,0.925,,,,,36
GCN,1:1,class_weighting,PGExplainer,8571,2,,0.625,,,,,16
GCN,1:1,class_weighting,PGExplainer,9320,4,,0.9117647058823528,,,,,38
GCN,1:1,class_weighting,PGExplainer,9471,4,,0.925,,,,,33
GCN,1:1,class_weighting,PGExplainer,8461,2,,0.625,,,,,20
GCN,1:1,class_weighting,PGExplainer,8339,1,,0.9318181818181818,,,,,28
GCN,1:1,class_weighting,PGExplainer,9455,4,,0.925,,,,,36
GCN,1:1,class_weighting,PGExplainer,9460,4,,0.925,,,,,35
GCN,1:1,class_weighting,PGExplainer,8519,2,,0.5,,,,,21
GCN,1:1,class_weighting,PGExplainer,8285,1,,0.8846153846153846,,,,,27
GCN,1:1,class_weighting,PGExplainer,9096,3,,0.9117647058823528,,,,,34
GCN,1:1,class_weighting,GNNShap,8398,2,0.9900751879699247,,1.0,0.9627832830494197,,,25
GCN,1:1,class_weighting,GNNShap,9405,4,0.9813533834586465,,0.0,0.9542460408002034,,,30
GCN,1:1,class_weighting,GNNShap,8229,1,0.997593984962406,,0.0,0.9552377212201503,,,31
GCN,1:1,class_weighting,GNNShap,8899,3,0.9473684210526315,,0.0,0.9927010058803383,,,38
GCN,1:1,class_weighting,GNNShap,8694,2,0.9866165413533834,,0.0,0.9323276543859924,,,24
GCN,1:1,class_weighting,GNNShap,8575,2,0.995639097744361,,1.0,0.9525796307382934,,,27
GCN,1:1,class_weighting,GNNShap,9266,4,0.9945864661654135,,0.0,0.9579436713067222,,,30
GCN,1:1,class_weighting,GNNShap,8558,2,0.9926315789473683,,0.0,0.9506552722664431,,,20
GCN,1:1,class_weighting,GNNShap,8059,1,0.9906766917293233,,0.0,0.9639480159007284,,,37
GCN,1:1,class_weighting,GNNShap,8423,2,0.983157894736842,,1.0,0.9632292832860738,,,26
GCN,1:1,class_weighting,GNNShap,8716,2,0.993984962406015,,1.0,0.9693899690971384,,,23
GCN,1:1,class_weighting,GNNShap,9462,4,0.9962406015037594,,0.0,0.9653978517255533,,,33
GCN,1:1,class_weighting,GNNShap,8164,1,0.9700751879699248,,0.0,0.9376063505116384,,,33
GCN,1:1,class_weighting,GNNShap,9488,4,0.9225563909774437,,0.0,0.9976754787323777,,,67
GCN,1:1,class_weighting,GNNShap,9184,3,0.9756390977443609,,0.0,0.9563804912662753,,,35
GCN,1:1,class_weighting,GNNShap,8344,1,0.9905263157894735,,0.0,0.9280735162027621,,,29
GCN,1:1,class_weighting,GNNShap,8233,1,0.9796992481203006,,1.0,0.9387464569704018,,,29
GCN,1:1,class_weighting,GNNShap,8051,1,0.9496240601503759,,0.0,0.9248893286823575,,,32
GCN,1:1,class_weighting,GNNShap,9276,4,0.9927819548872179,,0.0,0.9658214164846063,,,26
GCN,1:1,class_weighting,GNNShap,9350,4,0.9935338345864662,,0.0,0.9013234864009234,,,36
GCN,1:1,class_weighting,GNNShap,8571,2,0.9867669172932331,,0.0,0.9851072752341477,,,16
GCN,1:1,class_weighting,GNNShap,9320,4,0.9851127819548872,,0.0,0.957880548070794,,,38
GCN,1:1,class_weighting,GNNShap,9471,4,0.9888721804511278,,0.0,0.9613653580366208,,,33
GCN,1:1,class_weighting,GNNShap,8461,2,0.9890225563909771,,0.0,0.920899680328667,,,20
GCN,1:1,class_weighting,GNNShap,8339,1,0.9920300751879697,,0.0,0.9587392638976869,,,28
GCN,1:1,class_weighting,GNNShap,9455,4,0.9897744360902255,,0.0,0.9211327815059566,,,36
GCN,1:1,class_weighting,GNNShap,9460,4,0.9903759398496239,,0.0,0.9641541436041257,,,35
GCN,1:1,class_weighting,GNNShap,8519,2,0.9954887218045114,,0.0,0.9540189944551003,,,21
GCN,1:1,class_weighting,GNNShap,8285,1,0.9936842105263157,,0.0,0.9362398531491938,,,27
GCN,1:1,class_weighting,GNNShap,9096,3,0.9863157894736843,,0.0,0.9729984031579215,,,34
GCN,1:1,focal_loss,GNNExplainer,8228,1,0.9741353383458646,0.5,1.0,,1.0,0.0,41
GCN,1:1,focal_loss,GNNExplainer,8058,1,0.8956390977443608,0.5454545454545454,1.0,,1.0,0.0,33
GCN,1:1,focal_loss,GNNExplainer,9011,3,0.9723308270676692,0.5357142857142857,1.0,,1.0,0.0,27
GCN,1:1,focal_loss,GNNExplainer,8615,2,0.9554887218045112,0.6666666666666666,1.0,,1.0,0.0,22
GCN,1:1,focal_loss,GNNExplainer,8279,1,0.9384962406015036,0.5769230769230769,1.0,,1.0,0.0,21
GCN,1:1,focal_loss,GNNExplainer,8155,1,0.960751879699248,0.525,1.0,,1.0,0.0,36
GCN,1:1,focal_loss,GNNExplainer,9471,4,0.9717293233082707,0.525,0.0,,1.0,0.0,33
GCN,1:1,focal_loss,GNNExplainer,8870,2,0.9589473684210527,0.5,1.0,,1.0,0.0,20
GCN,1:1,focal_loss,GNNExplainer,9468,4,0.9663157894736841,0.575,1.0,,1.0,0.0,33
GCN,1:1,focal_loss,GNNExplainer,9405,4,0.9666165413533834,0.5555555555555556,0.0,,1.0,0.0,30
GCN,1:1,focal_loss,GNNExplainer,8635,2,0.919548872180451,0.5,1.0,,1.0,0.0,23
GCN,1:1,focal_loss,GNNExplainer,8113,1,0.9448120300751878,0.6086956521739131,1.0,,1.0,0.0,34
GCN,1:1,focal_loss,GNNExplainer,8717,2,0.9717293233082707,0.3333333333333333,1.0,,1.0,0.0,21
GCN,1:1,focal_loss,GNNExplainer,9495,4,0.9529323308270676,0.5666666666666667,1.0,,1.0,0.0,26
GCN,1:1,focal_loss,GNNExplainer,9287,4,0.9768421052631577,0.4666666666666667,0.0,,1.0,0.0,38
GCN,1:1,focal_loss,GNNExplainer,8333,1,0.9609022556390977,0.5238095238095238,1.0,,1.0,0.0,33
GCN,1:1,focal_loss,GNNExplainer,8040,1,0.9729323308270675,0.5238095238095238,1.0,,1.0,0.0,37
GCN,1:1,focal_loss,GNNExplainer,8468,2,0.980751879699248,0.25,1.0,,1.0,0.0,27
GCN,1:1,focal_loss,GNNExplainer,8286,1,0.9524812030075187,0.5,1.0,,1.0,0.0,31
GCN,1:1,focal_loss,GNNExplainer,9128,3,0.9810526315789474,0.5333333333333333,1.0,,1.0,0.0,31
GCN,1:1,focal_loss,GNNExplainer,8226,1,0.959097744360902,0.5238095238095238,1.0,,1.0,0.0,33
GCN,1:1,focal_loss,GNNExplainer,9141,3,0.9538345864661653,0.5333333333333333,1.0,,1.0,0.0,30
GCN,1:1,focal_loss,GNNExplainer,9464,4,0.9730827067669171,0.525,0.0,,1.0,0.0,36
GCN,1:1,focal_loss,GNNExplainer,8463,2,0.9575939849624058,0.5,0.0,,1.0,0.0,22
GCN,1:1,focal_loss,GNNExplainer,8969,3,0.9436090225563909,0.5277777777777778,1.0,,1.0,0.0,32
GCN,1:1,focal_loss,GNNExplainer,8335,1,0.9508270676691728,0.5476190476190477,1.0,,1.0,0.0,33
GCN,1:1,focal_loss,GNNExplainer,8718,2,0.9610526315789473,0.25,1.0,,1.0,0.0,22
GCN,1:1,focal_loss,GNNExplainer,8749,2,0.9694736842105263,0.0,1.0,,1.0,0.0,19
GCN,1:1,focal_loss,GNNExplainer,8266,1,0.973533834586466,0.5263157894736842,1.0,,1.0,0.0,32
GCN,1:1,focal_loss,GNNExplainer,9407,4,0.9290225563909773,0.5277777777777778,0.0,,1.0,0.0,40
GCN,1:1,focal_loss,PGExplainer,8228,1,,0.0,,,,,41
GCN,1:1,focal_loss,PGExplainer,8058,1,,0.4318181818181818,,,,,33
GCN,1:1,focal_loss,PGExplainer,9011,3,,0.35714285714285715,,,,,27
GCN,1:1,focal_loss,PGExplainer,8615,2,,0.0,,,,,22
GCN,1:1,focal_loss,PGExplainer,8279,1,,0.2692307692307692,,,,,21
GCN,1:1,focal_loss,PGExplainer,8155,1,,0.125,,,,,36
GCN,1:1,focal_loss,PGExplainer,9471,4,,0.425,,,,,33
GCN,1:1,focal_loss,PGExplainer,8870,2,,0.0,,,,,20
GCN,1:1,focal_loss,PGExplainer,9468,4,,0.425,,,,,33
GCN,1:1,focal_loss,PGExplainer,9405,4,,0.4722222222222222,,,,,30
GCN,1:1,focal_loss,PGExplainer,8635,2,,0.0,,,,,23
GCN,1:1,focal_loss,PGExplainer,8113,1,,0.41304347826086957,,,,,34
GCN,1:1,focal_loss,PGExplainer,8717,2,,0.0,,,,,21
GCN,1:1,focal_loss,PGExplainer,9495,4,,0.43333333333333335,,,,,26
GCN,1:1,focal_loss,PGExplainer,9287,4,,0.0,,,,,38
GCN,1:1,focal_loss,PGExplainer,8333,1,,0.30952380952380953,,,,,33
GCN,1:1,focal_loss,PGExplainer,8040,1,,0.11904761904761904,,,,,37
GCN,1:1,focal_loss,PGExplainer,8468,2,,0.0,,,,,27
GCN,1:1,focal_loss,PGExplainer,8286,1,,0.0,,,,,31
GCN,1:1,focal_loss,PGExplainer,9128,3,,0.4000000000000001,,,,,31
GCN,1:1,focal_loss,PGExplainer,8226,1,,0.30952380952380953,,,,,33
GCN,1:1,focal_loss,PGExplainer,9141,3,,0.5,,,,,30
GCN,1:1,focal_loss,PGExplainer,9464,4,,0.275,,,,,36
GCN,1:1,focal_loss,PGExplainer,8463,2,,0.0,,,,,22
GCN,1:1,focal_loss,PGExplainer,8969,3,,0.3611111111111111,,,,,32
GCN,1:1,focal_loss,PGExplainer,8335,1,,0.2857142857142857,,,,,33
GCN,1:1,focal_loss,PGExplainer,8718,2,,0.0,,,,,22
GCN,1:1,focal_loss,PGExplainer,8749,2,,0.25,,,,,19
GCN,1:1,focal_loss,PGExplainer,8266,1,,0.2894736842105263,,,,,32
GCN,1:1,focal_loss,PGExplainer,9407,4,,0.0,,,,,40
GCN,1:1,focal_loss,GNNShap,8228,1,0.9977443609022556,,1.0,0.9469648821307395,,,41
GCN,1:1,focal_loss,GNNShap,8058,1,0.9978947368421052,,0.0,0.9196294606983543,,,33
GCN,1:1,focal_loss,GNNShap,9011,3,0.9899248120300751,,0.0,0.9487860077025518,,,27
GCN,1:1,focal_loss,GNNShap,8615,2,0.9918796992481201,,0.0,0.9353927674069127,,,22
GCN,1:1,focal_loss,GNNShap,8279,1,0.997593984962406,,0.0,0.9639099584078743,,,21
GCN,1:1,focal_loss,GNNShap,8155,1,0.9959398496240601,,0.0,0.924448273390321,,,36
GCN,1:1,focal_loss,GNNShap,9471,4,0.9921804511278195,,0.0,0.9730152482622565,,,33
GCN,1:1,focal_loss,GNNShap,8870,2,0.9953383458646616,,1.0,0.9612008456203789,,,20
GCN,1:1,focal_loss,GNNShap,9468,4,0.985563909774436,,0.0,0.9587752246571102,,,33
GCN,1:1,focal_loss,GNNShap,9405,4,0.9894736842105262,,0.0,0.9654063841081966,,,30
GCN,1:1,focal_loss,GNNShap,8635,2,0.9957894736842103,,1.0,0.9639813692722109,,,23
GCN,1:1,focal_loss,GNNShap,8113,1,0.9706766917293231,,0.0,0.9578503865642573,,,34
GCN,1:1,focal_loss,GNNShap,8717,2,0.9993984962406015,,0.0,0.9587813016601394,,,21
GCN,1:1,focal_loss,GNNShap,9495,4,0.9968421052631579,,0.0,0.9695547800376094,,,26
GCN,1:1,focal_loss,GNNShap,9287,4,0.9977443609022554,,0.0,0.9300744365526574,,,38
GCN,1:1,focal_loss,GNNShap,8333,1,0.9981954887218045,,0.0,0.9742084427184198,,,33
GCN,1:1,focal_loss,GNNShap,8040,1,1.0,,0.0,0.9155708583909942,,,37
GCN,1:1,focal_loss,GNNShap,8468,2,0.9972932330827067,,0.0,0.9407477143486951,,,27
GCN,1:1,focal_loss,GNNShap,8286,1,0.9960902255639098,,0.0,0.9580694960585893,,,31
GCN,1:1,focal_loss,GNNShap,9128,3,0.9918796992481201,,0.0,0.9623060281795814,,,31
GCN,1:1,focal_loss,GNNShap,8226,1,0.9954887218045112,,0.0,0.9397720966818829,,,33
GCN,1:1,focal_loss,GNNShap,9141,3,0.9972932330827067,,0.0,0.9544117704001076,,,30
GCN,1:1,focal_loss,GNNShap,9464,4,0.997593984962406,,0.0,0.93320670069981,,,36
GCN,1:1,focal_loss,GNNShap,8463,2,0.9957894736842106,,0.0,0.9545380963331495,,,22
GCN,1:1,focal_loss,GNNShap,8969,3,0.9633082706766917,,0.0,0.9839851861188957,,,32
GCN,1:1,focal_loss,GNNShap,8335,1,0.9945864661654135,,0.0,0.957535735641647,,,33
GCN,1:1,focal_loss,GNNShap,8718,2,0.9963909774436089,,1.0,0.9534698451355024,,,22
GCN,1:1,focal_loss,GNNShap,8749,2,0.9936842105263158,,0.0,0.9334660131626681,,,19
GCN,1:1,focal_loss,GNNShap,8266,1,0.9987969924812031,,0.0,0.8904707950512917,,,32
GCN,1:1,focal_loss,GNNShap,9407,4,0.9963909774436089,,0.0,0.9443270692253145,,,40
GCN,1:10,none,GNNExplainer,8089,1,0.9729323308270678,0.5869565217391305,1.0,,1.0,0.0,34
GCN,1:10,none,GNNExplainer,8066,1,0.9900751879699247,0.5454545454545454,1.0,,1.0,0.0,36
GCN,1:10,none,GNNExplainer,9500,4,0.9796992481203007,0.5333333333333333,1.0,,1.0,0.0,32
GCN,1:10,none,GNNExplainer,8512,2,0.9807518796992479,0.5,1.0,,1.0,0.0,21
GCN,1:10,none,GNNExplainer,8371,1,0.9774436090225563,0.5333333333333333,0.0,,1.0,0.0,31
GCN,1:10,none,GNNExplainer,8687,2,0.9870676691729322,0.375,1.0,,1.0,0.0,30
GCN,1:10,none,GNNExplainer,9381,4,0.9863157894736843,0.525,0.0,,1.0,0.0,40
GCN,1:10,none,GNNExplainer,9273,4,0.9879699248120298,0.6666666666666666,0.0,,1.0,0.0,73
GCN,1:10,none,GNNExplainer,9136,3,0.9857142857142855,0.5333333333333333,0.0,,1.0,0.0,37
GCN,1:10,none,GNNExplainer,9404,4,0.9864661654135338,0.5277777777777778,0.0,,1.0,0.0,33
GCN,1:10,none,GNNExplainer,8717,2,0.9771428571428571,0.3333333333333333,1.0,,1.0,0.0,21
GCN,1:10,none,GNNExplainer,9293,4,0.9888721804511276,0.5333333333333333,0.0,,1.0,0.0,36
GCN,1:10,none,GNNExplainer,8347,1,0.9938345864661653,0.6363636363636364,0.0,,1.0,0.0,29
GCN,1:10,none,GNNExplainer,9366,4,0.9893233082706766,0.5384615384615384,1.0,,1.0,0.0,27
GCN,1:10,none,GNNExplainer,8425,2,0.9723308270676692,0.16666666666666666,1.0,,1.0,0.0,21
GCN,1:10,none,GNNExplainer,8634,2,0.9769924812030075,0.3333333333333333,1.0,,1.0,0.0,24
GCN,1:10,none,GNNExplainer,8101,1,0.988721804511278,0.58,0.0,,1.0,0.0,33
GCN,1:10,none,GNNExplainer,9176,3,0.9849624060150376,0.5208333333333334,0.0,,1.0,0.0,40
GCN,1:10,none,GNNExplainer,9074,3,0.9795488721804512,0.5263157894736842,0.0,,1.0,0.0,32
GCN,1:10,none,GNNExplainer,9300,4,0.9864661654135338,0.5333333333333333,0.0,,1.0,0.0,30
GCN,1:10,none,GNNExplainer,8331,1,0.9747368421052631,0.5952380952380952,1.0,,1.0,0.0,30
GCN,1:10,none,GNNExplainer,9133,3,0.9866165413533834,0.5333333333333333,1.0,,1.0,0.0,31
GCN,1:10,none,GNNExplainer,8716,2,0.9870676691729322,0.25,1.0,,1.0,0.0,23
GCN,1:10,none,GNNExplainer,8164,1,0.9681203007518796,0.55,0.0,,1.0,0.0,33
GCN,1:10,none,GNNExplainer,8126,1,0.984360902255639,0.5909090909090909,0.0,,1.0,0.0,47
GCN,1:10,none,GNNExplainer,8094,1,0.9869172932330826,0.6,0.0,,1.0,0.0,32
GCN,1:10,none,GNNExplainer,9354,4,0.9804511278195488,0.525,0.0,,1.0,0.0,35
GCN,1:10,none,GNNExplainer,9405,4,0.9854135338345864,0.5555555555555556,1.0,,1.0,0.0,30
GCN,1:10,none,GNNExplainer,9442,4,0.9897744360902253,0.55,0.0,,1.0,0.0,30
GCN,1:10,none,GNNExplainer,9464,4,0.9720300751879698,0.525,0.0,,1.0,0.0,36
GCN,1:10,none,PGExplainer,8089,1,,0.9347826086956522,,,,,34
GCN,1:10,none,PGExplainer,8066,1,,0.9318181818181818,,,,,36
GCN,1:10,none,PGExplainer,9500,4,,0.9,,,,,32
GCN,1:10,none,PGExplainer,8512,2,,0.375,,,,,21
GCN,1:10,none,PGExplainer,8371,1,,0.9,,,,,31
GCN,1:10,none,PGExplainer,8687,2,,0.5,,,,,30
GCN,1:10,none,PGExplainer,9381,4,,0.925,,,,,40
GCN,1:10,none,PGExplainer,9273,4,,0.5666666666666667,,,,,73
GCN,1:10,none,PGExplainer,9136,3,,0.9333333333333333,,,,,37
GCN,1:10,none,PGExplainer,9404,4,,0.9166666666666666,,,,,33
GCN,1:10,none,PGExplainer,8717,2,,0.6666666666666666,,,,,21
GCN,1:10,none,PGExplainer,9293,4,,0.9,,,,,36
GCN,1:10,none,PGExplainer,8347,1,,0.9318181818181818,,,,,29
GCN,1:10,none,PGExplainer,9366,4,,0.8846153846153846,,,,,27
GCN,1:10,none,PGExplainer,8425,2,,0.5,,,,,21
GCN,1:10,none,PGExplainer,8634,2,,0.3333333333333333,,,,,24
GCN,1:10,none,PGExplainer,8101,1,,0.94,,,,,33
GCN,1:10,none,PGExplainer,9176,3,,0.875,,,,,40
GCN,1:10,none,PGExplainer,9074,3,,0.9473684210526315,,,,,32
GCN,1:10,none,PGExplainer,9300,4,,0.9,,,,,30
GCN,1:10,none,PGExplainer,8331,1,,0.9285714285714286,,,,,30
GCN,1:10,none,PGExplainer,9133,3,,0.9333333333333333,,,,,31
GCN,1:10,none,PGExplainer,8716,2,,0.5,,,,,23
GCN,1:10,none,PGExplainer,8164,1,,0.925,,,,,33
GCN,1:10,none,PGExplainer,8126,1,,0.5454545454545454,,,,,47
GCN,1:10,none,PGExplainer,8094,1,,0.94,,,,,32
GCN,1:10,none,PGExplainer,9354,4,,0.925,,,,,35
GCN,1:10,none,PGExplainer,9405,4,,0.9166666666666666,,,,,30
GCN,1:10,none,PGExplainer,9442,4,,0.85,,,,,30
GCN,1:10,none,PGExplainer,9464,4,,0.925,,,,,36
GCN,1:10,none,GNNShap,8089,1,0.9945864661654136,,0.0,0.9656021137110026,,,34
GCN,1:10,none,GNNShap,8066,1,0.9953383458646614,,0.0,0.9555775153900978,,,36
GCN,1:10,none,GNNShap,9500,4,0.9957894736842106,,0.0,0.9396936640023256,,,32
GCN,1:10,none,GNNShap,8512,2,0.9981954887218046,,0.0,0.9747370228967128,,,21
GCN,1:10,none,GNNShap,8371,1,0.9954887218045112,,0.0,0.9624040307451829,,,31
GCN,1:10,none,GNNShap,8687,2,0.9966917293233083,,1.0,0.9764827930396762,,,30
GCN,1:10,none,GNNShap,9381,4,0.9942857142857141,,0.0,0.9634458400315504,,,40
GCN,1:10,none,GNNShap,9273,4,0.9777443609022554,,0.0,0.9926443106341427,,,73
GCN,1:10,none,GNNShap,9136,3,0.9951879699248118,,0.0,0.9861252808869949,,,37
GCN,1:10,none,GNNShap,9404,4,0.9962406015037594,,0.0,0.9797451449933536,,,33
GCN,1:10,none,GNNShap,8717,2,0.9854135338345864,,0.0,0.9747314548969441,,,21
GCN,1:10,none,GNNShap,9293,4,0.9960902255639097,,0.0,0.969254444959752,,,36
GCN,1:10,none,GNNShap,8347,1,0.9960902255639098,,0.0,0.9795111526221113,,,29
GCN,1:10,none,GNNShap,9366,4,0.9890225563909774,,0.0,0.9619551051738864,,,27
GCN,1:10,none,GNNShap,8425,2,0.9921804511278195,,1.0,0.9564704443333921,,,21
GCN,1:10,none,GNNShap,8634,2,0.9987969924812029,,1.0,0.9698903335172495,,,24
GCN,1:10,none,GNNShap,8101,1,0.9968421052631579,,0.0,0.9706738949147169,,,33
GCN,1:10,none,GNNShap,9176,3,0.9873684210526313,,0.0,0.9627113939569073,,,40
GCN,1:10,none,GNNShap,9074,3,0.9846616541353382,,0.0,0.98727938020787,,,32
GCN,1:10,none,GNNShap,9300,4,0.993984962406015,,0.0,0.9657323297323395,,,30
GCN,1:10,none,GNNShap,8331,1,0.986766917293233,,0.0,0.9378795902029362,,,30
GCN,1:10,none,GNNShap,9133,3,0.9918796992481201,,0.0,0.9737043075266328,,,31
GCN,1:10,none,GNNShap,8716,2,0.9993984962406015,,1.0,0.9686797366619047,,,23
GCN,1:10,none,GNNShap,8164,1,0.9870676691729322,,0.0,0.9477773042363713,,,33
GCN,1:10,none,GNNShap,8126,1,0.9744360902255638,,0.0,0.9858259758508524,,,47
GCN,1:10,none,GNNShap,8094,1,0.9857142857142858,,0.0,0.9695088612471864,,,32
GCN,1:10,none,GNNShap,9354,4,0.9953383458646614,,0.0,0.9537167732774099,,,35
GCN,1:10,none,GNNShap,9405,4,0.9981954887218045,,0.0,0.9523271653232566,,,30
GCN,1:10,none,GNNShap,9442,4,0.9978947368421052,,0.0,0.9233436882770846,,,30
GCN,1:10,none,GNNShap,9464,4,0.9948872180451126,,0.0,0.9729838782986535,,,36
GCN,1:10,class_weighting,GNNExplainer,9464,4,0.9762406015037592,0.525,1.0,,1.0,0.0,36
GCN,1:10,class_weighting,GNNExplainer,9407,4,0.973533834586466,0.5277777777777778,1.0,,1.0,0.0,40
GCN,1:10,class_weighting,GNNExplainer,8803,2,0.9775939849624059,0.25,1.0,,1.0,0.0,17
GCN,1:10,class_weighting,GNNExplainer,8058,1,0.976842105263158,0.5454545454545454,1.0,,1.0,0.0,33
GCN,1:10,class_weighting,GNNExplainer,8340,1,0.9855639097744362,0.5681818181818182,1.0,,1.0,0.0,32
GCN,1:10,class_weighting,GNNExplainer,9459,4,0.9842105263157894,0.525,1.0,,1.0,0.0,35
GCN,1:10,class_weighting,GNNExplainer,8424,2,0.9529323308270676,0.75,1.0,,1.0,0.0,29
GCN,1:10,class_weighting,GNNExplainer,8507,2,0.9705263157894736,0.0,1.0,,1.0,0.0,17
GCN,1:10,class_weighting,GNNExplainer,8040,1,0.9772932330827067,0.5238095238095238,1.0,,1.0,0.0,37
GCN,1:10,class_weighting,GNNExplainer,8854,2,0.960751879699248,0.375,1.0,,1.0,0.0,26
GCN,1:10,class_weighting,GNNExplainer,8445,2,0.9574436090225562,0.375,1.0,,1.0,0.0,31
GCN,1:10,class_weighting,GNNExplainer,9011,3,0.978345864661654,0.5357142857142857,1.0,,1.0,0.0,27
GCN,1:10,class_weighting,GNNExplainer,8921,3,0.9822556390977442,0.5909090909090909,0.0,,1.0,0.0,36
GCN,1:10,class_weighting,GNNExplainer,8738,2,0.944360902255639,0.75,1.0,,1.0,0.0,17
GCN,1:10,class_weighting,GNNExplainer,8267,1,0.9836090225563909,0.7666666666666667,0.0,,1.0,0.0,50
GCN,1:10,class_weighting,GNNExplainer,8280,1,0.9798496240601503,0.5384615384615384,1.0,,1.0,0.0,22
GCN,1:10,class_weighting,GNNExplainer,8698,2,0.9353383458646617,0.5,1.0,,1.0,0.0,18
GCN,1:10,class_weighting,GNNExplainer,8482,2,0.9428571428571427,0.25,0.0,,1.0,0.0,17
GCN,1:10,class_weighting,GNNExplainer,8288,1,0.9882706766917291,0.8333333333333334,0.0,,1.0,0.0,88
GCN,1:10,class_weighting,GNNExplainer,8637,2,0.9526315789473683,0.5,1.0,,1.0,0.0,23
GCN,1:10,class_weighting,GNNExplainer,8740,2,0.9654135338345864,0.5,1.0,,1.0,0.0,23
GCN,1:10,class_weighting,GNNExplainer,8463,2,0.9738345864661653,0.0,1.0,,1.0,0.0,22
GCN,1:10,class_weighting,GNNExplainer,9347,4,0.981954887218045,0.55,1.0,,1.0,0.0,35
GCN,1:10,class_weighting,GNNExplainer,8229,1,0.9854135338345864,0.5714285714285714,1.0,,1.0,0.0,31
GCN,1:10,class_weighting,GNNExplainer,8223,1,0.9824060150375938,0.5476190476190477,1.0,,1.0,0.0,34
GCN,1:10,class_weighting,GNNExplainer,9447,4,0.9708270676691729,0.55,0.0,,1.0,0.0,33
GCN,1:10,class_weighting,GNNExplainer,9462,4,0.9708270676691727,0.575,1.0,,1.0,0.0,33
GCN,1:10,class_weighting,GNNExplainer,8533,2,0.9753383458646615,0.3333333333333333,1.0,,1.0,0.0,19
GCN,1:10,class_weighting,GNNExplainer,9122,3,0.9750375939849624,0.5416666666666666,1.0,,1.0,0.0,32
GCN,1:10,class_weighting,GNNExplainer,9282,4,0.9858646616541351,0.5666666666666667,1.0,,1.0,0.0,26
GCN,1:10,class_weighting,PGExplainer,9464,4,,0.925,,,,,36
GCN,1:10,class_weighting,PGExplainer,9407,4,,0.9166666666666666,,,,,40
GCN,1:10,class_weighting,PGExplainer,8803,2,,0.5,,,,,17
GCN,1:10,class_weighting,PGExplainer,8058,1,,0.9318181818181818,,,,,33
GCN,1:10,class_weighting,PGExplainer,8340,1,,0.9318181818181818,,,,,32
GCN,1:10,class_weighting,PGExplainer,9459,4,,0.925,,,,,35
GCN,1:10,class_weighting,PGExplainer,8424,2,,0.75,,,,,29
GCN,1:10,class_weighting,PGExplainer,8507,2,,0.75,,,,,17
GCN,1:10,class_weighting,PGExplainer,8040,1,,0.9285714285714286,,,,,37
GCN,1:10,class_weighting,PGExplainer,8854,2,,0.625,,,,,26
GCN,1:10,class_weighting,PGExplainer,8445,2,,0.25,,,,,31
GCN,1:10,class_weighting,PGExplainer,9011,3,,0.8928571428571429,,,,,27
GCN,1:10,class_weighting,PGExplainer,8921,3,,0.9318181818181818,,,,,36
GCN,1:10,class_weighting,PGExplainer,8738,2,,0.5,,,,,17
GCN,1:10,class_weighting,PGExplainer,8267,1,,0.8333333333333334,,,,,50
GCN,1:10,class_weighting,PGExplainer,8280,1,,0.8846153846153846,,,,,22
GCN,1:10,class_weighting,PGExplainer,8698,2,,0.5,,,,,18
GCN,1:10,class_weighting,PGExplainer,8482,2,,0.5,,,,,17
GCN,1:10,class_weighting,PGExplainer,8288,1,,0.8125,,,,,88
GCN,1:10,class_weighting,PGExplainer,8637,2,,0.5,,,,,23
GCN,1:10,class_weighting,PGExplainer,8740,2,,0.625,,,,,23
GCN,1:10,class_weighting,PGExplainer,8463,2,,0.5,,,,,22
GCN,1:10,class_weighting,PGExplainer,9347,4,,0.925,,,,,35
GCN,1:10,class_weighting,PGExplainer,8229,1,,0.9047619047619048,,,,,31
GCN,1:10,class_weighting,PGExplainer,8223,1,,0.9047619047619048,,,,,34
GCN,1:10,class_weighting,PGExplainer,9447,4,,0.85,,,,,33
GCN,1:10,class_weighting,PGExplainer,9462,4,,0.925,,,,,33
GCN,1:10,class_weighting,PGExplainer,8533,2,,0.5,,,,,19
GCN,1:10,class_weighting,PGExplainer,9122,3,,1.0,,,,,32
GCN,1:10,class_weighting,PGExplainer,9282,4,,0.9,,,,,26
GCN,1:10,class_weighting,GNNShap,9464,4,0.9957894736842106,,0.0,0.9615319050066462,,,36
GCN,1:10,class_weighting,GNNShap,9407,4,0.9930827067669172,,0.0,0.961018078698428,,,40
GCN,1:10,class_weighting,GNNShap,8803,2,0.9926315789473683,,0.0,0.9465155817911249,,,17
GCN,1:10,class_weighting,GNNShap,8058,1,0.9879699248120299,,0.0,0.9551173800664629,,,33
GCN,1:10,class_weighting,GNNShap,8340,1,0.9796992481203007,,0.0,0.9770262257739748,,,32
GCN,1:10,class_weighting,GNNShap,9459,4,0.9945864661654135,,0.0,0.9730214436688479,,,35
GCN,1:10,class_weighting,GNNShap,8424,2,0.9953383458646616,,1.0,0.952666618175494,,,29
GCN,1:10,class_weighting,GNNShap,8507,2,0.978796992481203,,0.0,0.9870090171566712,,,17
GCN,1:10,class_weighting,GNNShap,8040,1,0.993984962406015,,0.0,0.9326876676354253,,,37
GCN,1:10,class_weighting,GNNShap,8854,2,0.9960902255639097,,1.0,0.9756971012190941,,,26
GCN,1:10,class_weighting,GNNShap,8445,2,0.9929323308270677,,1.0,0.9508384868318018,,,31
GCN,1:10,class_weighting,GNNShap,9011,3,0.9384962406015038,,0.0,0.9758546114552725,,,27
GCN,1:10,class_weighting,GNNShap,8921,3,0.9887218045112782,,0.0,0.9636868133695318,,,36
GCN,1:10,class_weighting,GNNShap,8738,2,0.988721804511278,,0.0,0.9803044230820325,,,17
GCN,1:10,class_weighting,GNNShap,8267,1,0.9281203007518796,,0.0,0.9963694535500413,,,50
GCN,1:10,class_weighting,GNNShap,8280,1,0.9905263157894737,,0.0,0.9718382739762033,,,22
GCN,1:10,class_weighting,GNNShap,8698,2,0.9885714285714284,,0.0,0.9687871938781749,,,18
GCN,1:10,class_weighting,GNNShap,8482,2,0.9804511278195488,,0.0,0.9579090652981479,,,17
GCN,1:10,class_weighting,GNNShap,8288,1,0.9479699248120301,,0.0,0.9968293043099348,,,88
GCN,1:10,class_weighting,GNNShap,8637,2,0.9860150375939849,,1.0,0.9778541985720235,,,23
GCN,1:10,class_weighting,GNNShap,8740,2,0.9929323308270677,,0.0,0.9493988157060993,,,23
GCN,1:10,class_weighting,GNNShap,8463,2,0.9882706766917291,,0.0,0.9722904648570347,,,22
GCN,1:10,class_weighting,GNNShap,9347,4,0.993984962406015,,0.0,0.9837793819352365,,,35
GCN,1:10,class_weighting,GNNShap,8229,1,0.997593984962406,,0.0,0.9633308445136596,,,31
GCN,1:10,class_weighting,GNNShap,8223,1,0.9845112781954886,,0.0,0.9721807720072958,,,34
GCN,1:10,class_weighting,GNNShap,9447,4,0.9981954887218045,,0.0,0.9565984478562687,,,33
GCN,1:10,class_weighting,GNNShap,9462,4,0.9981954887218046,,0.0,0.9715570892264133,,,33
GCN,1:10,class_weighting,GNNShap,8533,2,0.9914285714285713,,0.0,0.9745577952844886,,,19
GCN,1:10,class_weighting,GNNShap,9122,3,0.9772932330827067,,0.0,0.9642681560221575,,,32
GCN,1:10,class_weighting,GNNShap,9282,4,0.9926315789473683,,0.0,0.9718872576149977,,,26
GCN,1:10,focal_loss,GNNExplainer,8571,2,0.9353383458646617,0.5,1.0,,1.0,0.0,16
GCN,1:10,focal_loss,GNNExplainer,9300,4,0.938796992481203,0.5333333333333333,1.0,,1.0,0.0,30
GCN,1:10,focal_loss,GNNExplainer,8101,1,0.9742857142857142,0.58,0.0,,1.0,0.0,33
GCN,1:10,focal_loss,GNNExplainer,8711,2,0.7264661654135338,0.25,1.0,,1.0,0.0,14
GCN,1:10,focal_loss,GNNExplainer,8591,2,0.9100751879699247,0.6666666666666666,1.0,,1.0,0.0,21
GCN,1:10,focal_loss,GNNExplainer,8917,3,0.9407518796992482,0.5227272727272727,1.0,,1.0,0.0,39
GCN,1:10,focal_loss,GNNExplainer,9397,4,0.9840601503759399,0.5277777777777778,1.0,,1.0,0.0,34
GCN,1:10,focal_loss,GNNExplainer,8722,2,0.9290225563909772,0.5,1.0,,1.0,0.0,22
GCN,1:10,focal_loss,GNNExplainer,8130,1,0.9568421052631578,0.5909090909090909,1.0,,1.0,0.0,19
GCN,1:10,focal_loss,GNNExplainer,8320,1,0.9810526315789472,0.5666666666666667,1.0,,1.0,0.0,31
GCN,1:10,focal_loss,GNNExplainer,8647,2,0.9084210526315788,0.0,1.0,,1.0,0.0,21
GCN,1:10,focal_loss,GNNExplainer,8401,2,0.918345864661654,0.25,1.0,,1.0,0.0,19
GCN,1:10,focal_loss,GNNExplainer,8371,1,0.9625563909774435,0.5333333333333333,1.0,,1.0,0.0,31
GCN,1:10,focal_loss,GNNExplainer,9112,3,0.938345864661654,0.5294117647058824,1.0,,1.0,0.0,33
GCN,1:10,focal_loss,GNNExplainer,8107,1,0.9879699248120299,0.8695652173913043,0.0,,1.0,0.0,83
GCN,1:10,focal_loss,GNNExplainer,8331,1,0.9733834586466165,0.5952380952380952,1.0,,1.0,0.0,30
GCN,1:10,focal_loss,GNNExplainer,9062,3,0.9696240601503758,0.5263157894736842,1.0,,1.0,0.0,37
GCN,1:10,focal_loss,GNNExplainer,9065,3,0.9577443609022556,0.5263157894736842,0.0,,1.0,0.0,33
GCN,1:10,focal_loss,GNNExplainer,8319,1,0.9535338345864661,0.5666666666666667,1.0,,1.0,0.0,23
GCN,1:10,focal_loss,GNNExplainer,8561,2,0.9559398496240601,0.375,1.0,,1.0,0.0,21
GCN,1:10,focal_loss,GNNExplainer,8435,2,0.9616541353383459,0.25,1.0,,1.0,0.0,24
GCN,1:10,focal_loss,GNNExplainer,8058,1,0.9544360902255639,0.5454545454545454,1.0,,1.0,0.0,33
GCN,1:10,focal_loss,GNNExplainer,8447,2,0.9436090225563909,0.5,1.0,,1.0,0.0,21
GCN,1:10,focal_loss,GNNExplainer,9154,3,0.9669172932330825,0.5333333333333333,1.0,,1.0,0.0,29
GCN,1:10,focal_loss,GNNExplainer,8541,2,0.8560902255639096,0.16666666666666666,0.0,,0.8,0.0,24
GCN,1:10,focal_loss,GNNExplainer,8224,1,0.9392481203007519,0.5476190476190477,1.0,,1.0,0.0,36
GCN,1:10,focal_loss,GNNExplainer,9320,4,0.9601503759398495,0.5294117647058824,1.0,,1.0,0.0,38
GCN,1:10,focal_loss,GNNExplainer,8235,1,0.9801503759398497,0.5238095238095238,1.0,,1.0,0.0,40
GCN,1:10,focal_loss,GNNExplainer,9184,3,0.97187969924812,0.53125,0.0,,1.0,0.0,35
GCN,1:10,focal_loss,GNNExplainer,8635,2,0.9317293233082704,0.5,1.0,,1.0,0.0,23
GCN,1:10,focal_loss,PGExplainer,8571,2,,0.625,,,,,16
GCN,1:10,focal_loss,PGExplainer,9300,4,,0.9,,,,,30
GCN,1:10,focal_loss,PGExplainer,8101,1,,0.94,,,,,33
GCN,1:10,focal_loss,PGExplainer,8711,2,,0.5,,,,,14
GCN,1:10,focal_loss,PGExplainer,8591,2,,0.5,,,,,21
GCN,1:10,focal_loss,PGExplainer,8917,3,,0.9545454545454546,,,,,39
GCN,1:10,focal_loss,PGExplainer,9397,4,,0.9166666666666666,,,,,34
GCN,1:10,focal_loss,PGExplainer,8722,2,,0.5,,,,,22
GCN,1:10,focal_loss,PGExplainer,8130,1,,0.8636363636363636,,,,,19
GCN,1:10,focal_loss,PGExplainer,8320,1,,0.9,,,,,31
GCN,1:10,focal_loss,PGExplainer,8647,2,,0.5,,,,,21
GCN,1:10,focal_loss,PGExplainer,8401,2,,0.5,,,,,19
GCN,1:10,focal_loss,PGExplainer,8371,1,,0.9,,,,,31
GCN,1:10,focal_loss,PGExplainer,9112,3,,0.9411764705882353,,,,,33
GCN,1:10,focal_loss,PGExplainer,8107,1,,0.8478260869565218,,,,,83
GCN,1:10,focal_loss,PGExplainer,8331,1,,0.9285714285714286,,,,,30
GCN,1:10,focal_loss,PGExplainer,9062,3,,0.9473684210526315,,,,,37
GCN,1:10,focal_loss,PGExplainer,9065,3,,0.9473684210526315,,,,,33
GCN,1:10,focal_loss,PGExplainer,8319,1,,0.9,,,,,23
GCN,1:10,focal_loss,PGExplainer,8561,2,,0.5,,,,,21
GCN,1:10,focal_loss,PGExplainer,8435,2,,0.625,,,,,24
GCN,1:10,focal_loss,PGExplainer,8058,1,,0.9318181818181818,,,,,33
GCN,1:10,focal_loss,PGExplainer,8447,2,,0.625,,,,,21
GCN,1:10,focal_loss,PGExplainer,9154,3,,0.9333333333333333,,,,,29
GCN,1:10,focal_loss,PGExplainer,8541,2,,0.5,,,,,24
GCN,1:10,focal_loss,PGExplainer,8224,1,,0.9047619047619048,,,,,36
GCN,1:10,focal_loss,PGExplainer,9320,4,,0.9117647058823528,,,,,38
GCN,1:10,focal_loss,PGExplainer,8235,1,,0.9047619047619048,,,,,40
GCN,1:10,focal_loss,PGExplainer,9184,3,,0.9375,,,,,35
GCN,1:10,focal_loss,PGExplainer,8635,2,,0.5,,,,,23
GCN,1:10,focal_loss,GNNShap,8571,2,0.9975939849624058,,0.0,0.9764848492396212,,,16
GCN,1:10,focal_loss,GNNShap,9300,4,0.9954887218045114,,0.0,0.9547471030482184,,,30
GCN,1:10,focal_loss,GNNShap,8101,1,0.9962406015037594,,0.0,0.9742926394286877,,,33
GCN,1:10,focal_loss,GNNShap,8711,2,0.9828571428571429,,0.0,0.9742384661797653,,,14
GCN,1:10,focal_loss,GNNShap,8591,2,0.9950375939849623,,0.0,0.9676432436229814,,,21
GCN,1:10,focal_loss,GNNShap,8917,3,0.995639097744361,,0.0,0.9658408310061383,,,39
GCN,1:10,focal_loss,GNNShap,9397,4,0.9972932330827069,,0.0,0.9521147369761099,,,34
GCN,1:10,focal_loss,GNNShap,8722,2,0.9957894736842106,,0.0,0.976779521798252,,,22
GCN,1:10,focal_loss,GNNShap,8130,1,0.9944360902255639,,0.0,0.9844358800359302,,,19
GCN,1:10,focal_loss,GNNShap,8320,1,0.9993984962406015,,0.0,0.9467539312127476,,,31
GCN,1:10,focal_loss,GNNShap,8647,2,0.9932330827067668,,0.0,0.9711964394086626,,,21
GCN,1:10,focal_loss,GNNShap,8401,2,0.9954887218045112,,1.0,0.9779239071204164,,,19
GCN,1:10,focal_loss,GNNShap,8371,1,0.9977443609022556,,0.0,0.9657866113935579,,,31
GCN,1:10,focal_loss,GNNShap,9112,3,0.9990977443609023,,0.0,0.9759317912551106,,,33
GCN,1:10,focal_loss,GNNShap,8107,1,0.9718796992481205,,0.0,0.996713357403132,,,83
GCN,1:10,focal_loss,GNNShap,8331,1,0.9966917293233081,,0.0,0.9496255066625382,,,30
GCN,1:10,focal_loss,GNNShap,9062,3,0.9987969924812031,,0.0,0.9751395265730712,,,37
GCN,1:10,focal_loss,GNNShap,9065,3,0.9942857142857141,,0.0,0.9733245148315953,,,33
GCN,1:10,focal_loss,GNNShap,8319,1,0.9954887218045114,,0.0,0.9681195984802761,,,23
GCN,1:10,focal_loss,GNNShap,8561,2,0.9969924812030075,,1.0,0.9703420760849157,,,21
GCN,1:10,focal_loss,GNNShap,8435,2,0.9917293233082706,,1.0,0.9795492750458138,,,24
GCN,1:10,focal_loss,GNNShap,8058,1,0.9929323308270677,,0.0,0.9369958251108917,,,33
GCN,1:10,focal_loss,GNNShap,8447,2,0.9993984962406015,,0.0,0.9739350634565792,,,21
GCN,1:10,focal_loss,GNNShap,9154,3,0.9981954887218046,,0.0,0.9774929244375461,,,29
GCN,1:10,focal_loss,GNNShap,8541,2,0.9984962406015038,,0.0,0.9748874163488542,,,24
GCN,1:10,focal_loss,GNNShap,8224,1,0.9987969924812031,,0.0,0.9649178901545078,,,36
GCN,1:10,focal_loss,GNNShap,9320,4,0.9981954887218045,,0.0,0.9542135490146386,,,38
GCN,1:10,focal_loss,GNNShap,8235,1,0.9963909774436089,,0.0,0.9392828825999946,,,40
GCN,1:10,focal_loss,GNNShap,9184,3,0.9960902255639098,,0.0,0.9661970214770195,,,35
GCN,1:10,focal_loss,GNNShap,8635,2,0.9984962406015038,,1.0,0.9763892469670612,,,23
GCN,1:50,none,GNNExplainer,8072,1,0.8884210526315789,0.6304347826086957,0.0,,0.2,0.0,82
GCN,1:50,none,GNNExplainer,9533,4,0.5846616541353382,0.5,0.0,,0.0,0.0,69
GCN,1:50,none,GNNExplainer,8346,1,0.9806015037593985,0.5454545454545454,0.0,,1.0,0.0,35
GCN,1:50,none,GNNExplainer,8053,1,0.8658646616541352,0.6818181818181818,0.0,,0.0,0.0,83
GCN,1:50,none,GNNExplainer,9008,3,0.9810526315789472,0.5333333333333333,1.0,,1.0,0.0,33
GCN,1:50,none,PGExplainer,8072,1,,0.45652173913043476,,,,,82
GCN,1:50,none,PGExplainer,9533,4,,0.23333333333333334,,,,,69
GCN,1:50,none,PGExplainer,8346,1,,0.9545454545454546,,,,,35
GCN,1:50,none,PGExplainer,8053,1,,0.4090909090909091,,,,,83
GCN,1:50,none,PGExplainer,9008,3,,0.9666666666666667,,,,,33
GCN,1:50,none,GNNShap,8072,1,0.9879699248120299,,0.0,0.9867144103189073,,,82
GCN,1:50,none,GNNShap,9533,4,0.9821052631578947,,0.0,0.9779781843850653,,,69
GCN,1:50,none,GNNShap,8346,1,0.9984962406015038,,0.0,0.9023454103726705,,,35
GCN,1:50,none,GNNShap,8053,1,0.9843609022556391,,0.0,0.9863769450892971,,,83
GCN,1:50,none,GNNShap,9008,3,0.9873684210526313,,1.0,0.9543840464869149,,,33
GCN,1:50,class_weighting,GNNExplainer,8065,1,0.9909774436090224,0.5227272727272727,1.0,,1.0,0.0,40
GCN,1:50,class_weighting,GNNExplainer,9316,4,0.987218045112782,0.5294117647058824,1.0,,1.0,0.0,31
GCN,1:50,class_weighting,GNNExplainer,8835,2,0.9738345864661653,0.375,1.0,,1.0,0.0,24
GCN,1:50,class_weighting,GNNExplainer,9426,4,0.9815037593984961,0.5294117647058824,1.0,,1.0,0.0,30
GCN,1:50,class_weighting,GNNExplainer,9042,3,0.9777443609022557,0.5294117647058824,1.0,,1.0,0.0,36
GCN,1:50,class_weighting,GNNExplainer,9462,4,0.9777443609022555,0.575,1.0,,1.0,0.0,33
GCN,1:50,class_weighting,GNNExplainer,9300,4,0.9849624060150374,0.5,1.0,,1.0,0.0,30
GCN,1:50,class_weighting,GNNExplainer,8477,2,0.9729323308270675,0.25,1.0,,1.0,0.0,24
GCN,1:50,class_weighting,GNNExplainer,9272,4,0.9864661654135338,0.5416666666666666,1.0,,1.0,0.0,33
GCN,1:50,class_weighting,GNNExplainer,9229,4,0.9857142857142858,0.525,1.0,,1.0,0.0,37
GCN,1:50,class_weighting,GNNExplainer,8365,1,0.9852631578947367,0.5333333333333333,1.0,,1.0,0.0,29
GCN,1:50,class_weighting,GNNExplainer,8089,1,0.9848120300751878,0.5869565217391305,1.0,,1.0,0.0,34
GCN,1:50,class_weighting,GNNExplainer,9398,4,0.9908270676691728,0.5277777777777778,1.0,,1.0,0.0,34
GCN,1:50,class_weighting,GNNExplainer,8126,1,0.9872180451127818,0.5909090909090909,0.0,,1.0,0.0,47
GCN,1:50,class_weighting,GNNExplainer,8164,1,0.9854135338345863,0.525,1.0,,1.0,0.0,33
GCN,1:50,class_weighting,GNNExplainer,8250,1,0.9921804511278195,0.55,1.0,,1.0,0.0,29
GCN,1:50,class_weighting,GNNExplainer,8335,1,0.9912781954887219,0.5476190476190477,1.0,,1.0,0.0,33
GCN,1:50,class_weighting,GNNExplainer,9238,4,0.978345864661654,0.5,1.0,,1.0,0.0,39
GCN,1:50,class_weighting,GNNExplainer,8635,2,0.9583458646616541,0.25,1.0,,1.0,0.0,23
GCN,1:50,class_weighting,GNNExplainer,9136,3,0.9681203007518796,0.5333333333333333,1.0,,1.0,0.0,37
GCN,1:50,class_weighting,GNNExplainer,8435,2,0.965563909774436,0.25,1.0,,1.0,0.0,24
GCN,1:50,class_weighting,GNNExplainer,8101,1,0.9938345864661653,0.58,0.0,,1.0,0.0,33
GCN,1:50,class_weighting,GNNExplainer,9149,3,0.9780451127819548,0.5333333333333333,1.0,,1.0,0.0,34
GCN,1:50,class_weighting,GNNExplainer,9065,3,0.9845112781954887,0.5263157894736842,1.0,,1.0,0.0,33
GCN,1:50,class_weighting,GNNExplainer,8575,2,0.9778947368421053,0.125,1.0,,1.0,0.0,27
GCN,1:50,class_weighting,GNNExplainer,8454,2,0.9730827067669173,0.25,1.0,,1.0,0.0,27
GCN,1:50,class_weighting,GNNExplainer,9354,4,0.9574436090225562,0.525,1.0,,1.0,0.0,35
GCN,1:50,class_weighting,GNNExplainer,9178,3,0.9809022556390975,0.5208333333333334,1.0,,1.0,0.0,39
GCN,1:50,class_weighting,GNNExplainer,9489,4,0.9812030075187967,0.5333333333333333,1.0,,1.0,0.0,34
GCN,1:50,class_weighting,GNNExplainer,8666,2,0.9827067669172932,0.125,0.0,,1.0,0.0,24
GCN,1:50,class_weighting,PGExplainer,8065,1,,0.9318181818181818,,,,,40
GCN,1:50,class_weighting,PGExplainer,9316,4,,0.9117647058823528,,,,,31
GCN,1:50,class_weighting,PGExplainer,8835,2,,0.25,,,,,24
GCN,1:50,class_weighting,PGExplainer,9426,4,,0.9117647058823528,,,,,30
GCN,1:50,class_weighting,PGExplainer,9042,3,,0.9705882352941176,,,,,36
GCN,1:50,class_weighting,PGExplainer,9462,4,,0.925,,,,,33
GCN,1:50,class_weighting,PGExplainer,9300,4,,0.9,,,,,30
GCN,1:50,class_weighting,PGExplainer,8477,2,,0.75,,,,,24
GCN,1:50,class_weighting,PGExplainer,9272,4,,0.875,,,,,33
GCN,1:50,class_weighting,PGExplainer,9229,4,,0.9,,,,,37
GCN,1:50,class_weighting,PGExplainer,8365,1,,0.8333333333333334,,,,,29
GCN,1:50,class_weighting,PGExplainer,8089,1,,0.9347826086956522,,,,,34
GCN,1:50,class_weighting,PGExplainer,9398,4,,0.9166666666666666,,,,,34
GCN,1:50,class_weighting,PGExplainer,8126,1,,0.6363636363636364,,,,,47
GCN,1:50,class_weighting,PGExplainer,8164,1,,0.9,,,,,33
GCN,1:50,class_weighting,PGExplainer,8250,1,,0.925,,,,,29
GCN,1:50,class_weighting,PGExplainer,8335,1,,0.9047619047619048,,,,,33
GCN,1:50,class_weighting,PGExplainer,9238,4,,0.9,,,,,39
GCN,1:50,class_weighting,PGExplainer,8635,2,,0.5,,,,,23
GCN,1:50,class_weighting,PGExplainer,9136,3,,0.9,,,,,37
GCN,1:50,class_weighting,PGExplainer,8435,2,,0.5,,,,,24
GCN,1:50,class_weighting,PGExplainer,8101,1,,0.94,,,,,33
GCN,1:50,class_weighting,PGExplainer,9149,3,,0.9333333333333333,,,,,34
GCN,1:50,class_weighting,PGExplainer,9065,3,,0.9473684210526315,,,,,33
GCN,1:50,class_weighting,PGExplainer,8575,2,,0.625,,,,,27
GCN,1:50,class_weighting,PGExplainer,8454,2,,0.375,,,,,27
GCN,1:50,class_weighting,PGExplainer,9354,4,,0.9,,,,,35
GCN,1:50,class_weighting,PGExplainer,9178,3,,0.9166666666666666,,,,,39
GCN,1:50,class_weighting,PGExplainer,9489,4,,0.9,,,,,34
GCN,1:50,class_weighting,PGExplainer,8666,2,,0.5,,,,,24
GCN,1:50,class_weighting,GNNShap,8065,1,0.9987969924812031,,0.0,0.9116610304724192,,,40
GCN,1:50,class_weighting,GNNShap,9316,4,0.986766917293233,,0.0,0.9380238596004056,,,31
GCN,1:50,class_weighting,GNNShap,8835,2,0.9911278195488722,,0.0,0.9726292102623342,,,24
GCN,1:50,class_weighting,GNNShap,9426,4,0.9825563909774436,,0.0,0.9409431975937126,,,30
GCN,1:50,class_weighting,GNNShap,9042,3,0.9923308270676691,,0.0,0.9359629121929031,,,36
GCN,1:50,class_weighting,GNNShap,9462,4,0.9900751879699247,,0.0,0.9593215329240301,,,33
GCN,1:50,class_weighting,GNNShap,9300,4,0.9878195488721804,,0.0,0.9455260239450792,,,30
GCN,1:50,class_weighting,GNNShap,8477,2,0.9775939849624059,,0.0,0.9609482449665248,,,24
GCN,1:50,class_weighting,GNNShap,9272,4,0.9957894736842103,,0.0,0.9046574430362192,,,33
GCN,1:50,class_weighting,GNNShap,9229,4,0.9748872180451128,,0.0,0.9204643960483241,,,37
GCN,1:50,class_weighting,GNNShap,8365,1,0.9924812030075186,,0.0,0.927315445010634,,,29
GCN,1:50,class_weighting,GNNShap,8089,1,0.9899248120300749,,0.0,0.8994919396257348,,,34
GCN,1:50,class_weighting,GNNShap,9398,4,0.981954887218045,,0.0,0.9313028051026538,,,34
GCN,1:50,class_weighting,GNNShap,8126,1,0.9652631578947366,,0.0,0.9881773238870759,,,47
GCN,1:50,class_weighting,GNNShap,8164,1,0.9824060150375938,,0.0,0.9267879082867445,,,33
GCN,1:50,class_weighting,GNNShap,8250,1,0.9781954887218044,,0.0,0.913383967957143,,,29
GCN,1:50,class_weighting,GNNShap,8335,1,0.9860150375939849,,0.0,0.9150031349055826,,,33
GCN,1:50,class_weighting,GNNShap,9238,4,0.9836090225563909,,0.0,0.9256033738510061,,,39
GCN,1:50,class_weighting,GNNShap,8635,2,0.9948872180451127,,1.0,0.9408015588035475,,,23
GCN,1:50,class_weighting,GNNShap,9136,3,0.997142857142857,,0.0,0.9524832810742154,,,37
GCN,1:50,class_weighting,GNNShap,8435,2,0.9920300751879699,,1.0,0.9613645800194804,,,24
GCN,1:50,class_weighting,GNNShap,8101,1,0.9896240601503757,,0.0,0.9292113464277776,,,33
GCN,1:50,class_weighting,GNNShap,9149,3,0.9777443609022555,,0.0,0.960291352224121,,,34
GCN,1:50,class_weighting,GNNShap,9065,3,0.9772932330827068,,0.0,0.9422838065089272,,,33
GCN,1:50,class_weighting,GNNShap,8575,2,0.9738345864661653,,1.0,0.9417700375970337,,,27
GCN,1:50,class_weighting,GNNShap,8454,2,0.9954887218045112,,0.0,0.8933041586268209,,,27
GCN,1:50,class_weighting,GNNShap,9354,4,0.989172932330827,,0.0,0.9107571414511236,,,35
GCN,1:50,class_weighting,GNNShap,9178,3,0.9723308270676692,,0.0,0.9422301476186906,,,39
GCN,1:50,class_weighting,GNNShap,9489,4,0.9951879699248121,,0.0,0.9015601283131811,,,34
GCN,1:50,class_weighting,GNNShap,8666,2,0.9908270676691728,,1.0,0.9049151280262034,,,24
GCN,1:50,focal_loss,GNNExplainer,8184,1,0.9909774436090224,0.7884615384615384,0.0,,1.0,0.0,81
GCN,1:50,focal_loss,GNNExplainer,9369,4,0.9941353383458645,0.625,0.0,,1.0,0.0,92
GCN,1:50,focal_loss,GNNExplainer,9488,4,0.9942857142857143,0.6,1.0,,1.0,0.0,67
GCN,1:50,focal_loss,GNNExplainer,9352,4,0.9798496240601503,0.525,1.0,,1.0,1.0,36
GCN,1:50,focal_loss,GNNExplainer,8244,1,0.9846616541353381,0.55,1.0,,1.0,0.0,33
GCN,1:50,focal_loss,GNNExplainer,8468,2,0.976390977443609,0.375,1.0,,1.0,1.0,27
GCN,1:50,focal_loss,GNNExplainer,8355,1,0.985563909774436,0.6818181818181818,1.0,,1.0,0.0,38
GCN,1:50,focal_loss,GNNExplainer,8346,1,0.991578947368421,0.5454545454545454,0.0,,1.0,0.0,35
GCN,1:50,focal_loss,GNNExplainer,8917,3,0.9756390977443609,0.5227272727272727,1.0,,1.0,0.0,39
GCN,1:50,focal_loss,GNNExplainer,8267,1,0.9843609022556391,0.7,0.0,,1.0,0.0,50
GCN,1:50,focal_loss,GNNExplainer,8164,1,0.9888721804511278,0.55,0.0,,1.0,0.0,33
GCN,1:50,focal_loss,GNNExplainer,8073,1,0.97203007518797,0.5652173913043478,1.0,,1.0,0.0,35
GCN,1:50,focal_loss,GNNExplainer,9009,3,0.9803007518796992,0.5333333333333333,1.0,,1.0,0.0,32
GCN,1:50,focal_loss,GNNExplainer,8107,1,0.993984962406015,0.7608695652173914,0.0,,1.0,0.0,83
GCN,1:50,focal_loss,GNNExplainer,8072,1,0.986766917293233,0.6086956521739131,0.0,,1.0,0.0,82
GCN,1:50,focal_loss,GNNExplainer,8094,1,0.9769924812030075,0.6,1.0,,1.0,0.0,32
GCN,1:50,focal_loss,GNNExplainer,9178,3,0.9724812030075187,0.5208333333333334,1.0,,1.0,1.0,39
GCN,1:50,focal_loss,GNNExplainer,9273,4,0.9896240601503757,0.7,0.0,,1.0,0.0,73
GCN,1:50,focal_loss,GNNExplainer,9420,4,0.9724812030075185,0.5,0.0,,1.0,0.2,32
GCN,1:50,focal_loss,GNNExplainer,8223,1,0.9738345864661653,0.5476190476190477,1.0,,1.0,0.0,34
GCN,1:50,focal_loss,GNNExplainer,8121,1,0.9839097744360901,0.5652173913043478,1.0,,1.0,0.0,35
GCN,1:50,focal_loss,GNNExplainer,8224,1,0.9836090225563907,0.5238095238095238,0.0,,1.0,0.0,36
GCN,1:50,focal_loss,GNNExplainer,8344,1,0.9818045112781952,0.6363636363636364,0.0,,1.0,0.0,29
GCN,1:50,focal_loss,GNNExplainer,9008,3,0.9765413533834586,0.5333333333333333,1.0,,1.0,0.0,33
GCN,1:50,focal_loss,GNNExplainer,8874,2,0.9801503759398494,0.375,1.0,,1.0,1.0,23
GCN,1:50,focal_loss,GNNExplainer,8053,1,0.9884210526315789,0.7272727272727273,0.0,,1.0,0.0,83
GCN,1:50,focal_loss,GNNExplainer,9350,4,0.9801503759398497,0.525,1.0,,1.0,1.0,36
GCN,1:50,focal_loss,GNNExplainer,8921,3,0.970375939849624,0.5909090909090909,1.0,,1.0,0.8,36
GCN,1:50,focal_loss,GNNExplainer,8087,1,0.9718796992481202,0.5652173913043478,1.0,,1.0,0.0,35
GCN,1:50,focal_loss,GNNExplainer,8757,2,0.981954887218045,0.25,0.0,,1.0,0.2,20
GCN,1:50,focal_loss,PGExplainer,8184,1,,0.7115384615384616,,,,,81
GCN,1:50,focal_loss,PGExplainer,9369,4,,0.625,,,,,92
GCN,1:50,focal_loss,PGExplainer,9488,4,,0.5666666666666667,,,,,67
GCN,1:50,focal_loss,PGExplainer,9352,4,,0.925,,,,,36
GCN,1:50,focal_loss,PGExplainer,8244,1,,0.925,,,,,33
GCN,1:50,focal_loss,PGExplainer,8468,2,,0.375,,,,,27
GCN,1:50,focal_loss,PGExplainer,8355,1,,0.5454545454545454,,,,,38
GCN,1:50,focal_loss,PGExplainer,8346,1,,0.9318181818181818,,,,,35
GCN,1:50,focal_loss,PGExplainer,8917,3,,0.9318181818181818,,,,,39
GCN,1:50,focal_loss,PGExplainer,8267,1,,0.6333333333333333,,,,,50
GCN,1:50,focal_loss,PGExplainer,8164,1,,0.925,,,,,33
GCN,1:50,focal_loss,PGExplainer,8073,1,,0.9347826086956522,,,,,35
GCN,1:50,focal_loss,PGExplainer,9009,3,,0.8000000000000002,,,,,32
GCN,1:50,focal_loss,PGExplainer,8107,1,,0.7608695652173914,,,,,83
GCN,1:50,focal_loss,PGExplainer,8072,1,,0.7391304347826085,,,,,82
GCN,1:50,focal_loss,PGExplainer,8094,1,,0.94,,,,,32
GCN,1:50,focal_loss,PGExplainer,9178,3,,0.9375,,,,,39
GCN,1:50,focal_loss,PGExplainer,9273,4,,0.5333333333333333,,,,,73
GCN,1:50,focal_loss,PGExplainer,9420,4,,0.8846153846153846,,,,,32
GCN,1:50,focal_loss,PGExplainer,8223,1,,0.8809523809523809,,,,,34
GCN,1:50,focal_loss,PGExplainer,8121,1,,0.9347826086956522,,,,,35
GCN,1:50,focal_loss,PGExplainer,8224,1,,0.8809523809523809,,,,,36
GCN,1:50,focal_loss,PGExplainer,8344,1,,0.9318181818181818,,,,,29
GCN,1:50,focal_loss,PGExplainer,9008,3,,1.0,,,,,33
GCN,1:50,focal_loss,PGExplainer,8874,2,,0.5,,,,,23
GCN,1:50,focal_loss,PGExplainer,8053,1,,0.7727272727272727,,,,,83
GCN,1:50,focal_loss,PGExplainer,9350,4,,0.925,,,,,36
GCN,1:50,focal_loss,PGExplainer,8921,3,,0.9318181818181818,,,,,36
GCN,1:50,focal_loss,PGExplainer,8087,1,,0.9347826086956522,,,,,35
GCN,1:50,focal_loss,PGExplainer,8757,2,,0.75,,,,,20
GCN,1:50,focal_loss,GNNShap,8184,1,0.9587969924812029,,0.0,0.9842095495451115,,,81
GCN,1:50,focal_loss,GNNShap,9369,4,0.9876691729323307,,0.0,0.9829758206610147,,,92
GCN,1:50,focal_loss,GNNShap,9488,4,0.9885714285714284,,0.0,0.9850876131505778,,,67
GCN,1:50,focal_loss,GNNShap,9352,4,0.9990977443609023,,0.0,0.9190533159130639,,,36
GCN,1:50,focal_loss,GNNShap,8244,1,0.9990977443609023,,0.0,0.9156438814724627,,,33
GCN,1:50,focal_loss,GNNShap,8468,2,0.9953383458646614,,0.0,0.9291679535351968,,,27
GCN,1:50,focal_loss,GNNShap,8355,1,0.9879699248120302,,0.0,0.9799664091832824,,,38
GCN,1:50,focal_loss,GNNShap,8346,1,1.0,,0.0,0.8931221862186478,,,35
GCN,1:50,focal_loss,GNNShap,8917,3,0.9987969924812029,,0.0,0.9575742243172336,,,39
GCN,1:50,focal_loss,GNNShap,8267,1,0.9858646616541351,,0.0,0.9838806692360464,,,50
GCN,1:50,focal_loss,GNNShap,8164,1,0.9984962406015038,,0.0,0.9243115742959942,,,33
GCN,1:50,focal_loss,GNNShap,8073,1,0.9990977443609023,,0.0,0.9666497179457203,,,35
GCN,1:50,focal_loss,GNNShap,9009,3,0.9966917293233083,,1.0,0.9617830923396513,,,32
GCN,1:50,focal_loss,GNNShap,8107,1,0.984360902255639,,0.0,0.990192232085208,,,83
GCN,1:50,focal_loss,GNNShap,8072,1,0.9846616541353382,,0.0,0.9911272866581549,,,82
GCN,1:50,focal_loss,GNNShap,8094,1,0.9971428571428571,,0.0,0.9497340302821143,,,32
GCN,1:50,focal_loss,GNNShap,9178,3,0.9909774436090224,,1.0,0.9542803437381696,,,39
GCN,1:50,focal_loss,GNNShap,9273,4,0.9873684210526313,,0.0,0.9865127526986655,,,73
GCN,1:50,focal_loss,GNNShap,9420,4,0.9984962406015037,,1.0,0.9329671642135458,,,32
GCN,1:50,focal_loss,GNNShap,8223,1,0.9981954887218046,,0.0,0.9154967667010719,,,34
GCN,1:50,focal_loss,GNNShap,8121,1,0.9966917293233083,,0.0,0.950475153940258,,,35
GCN,1:50,focal_loss,GNNShap,8224,1,0.9963909774436092,,0.0,0.9235657116324324,,,36
GCN,1:50,focal_loss,GNNShap,8344,1,0.9981954887218045,,0.0,0.9134414110234328,,,29
GCN,1:50,focal_loss,GNNShap,9008,3,0.9884210526315786,,1.0,0.9485484528826877,,,33
GCN,1:50,focal_loss,GNNShap,8874,2,0.9900751879699248,,1.0,0.9408354263902055,,,23
GCN,1:50,focal_loss,GNNShap,8053,1,0.9787969924812028,,0.0,0.9928630900321023,,,83
GCN,1:50,focal_loss,GNNShap,9350,4,0.9971428571428571,,0.0,0.8839857491304869,,,36
GCN,1:50,focal_loss,GNNShap,8921,3,0.9984962406015038,,0.0,0.9510851066063184,,,36
GCN,1:50,focal_loss,GNNShap,8087,1,0.9987969924812031,,0.0,0.9355411690061329,,,35
GCN,1:50,focal_loss,GNNShap,8757,2,0.9987969924812029,,1.0,0.8877165521821109,,,20
GCN,1:100,class_weighting,GNNExplainer,9489,4,0.9890225563909774,0.4666666666666667,1.0,,1.0,0.0,34
GCN,1:100,class_weighting,GNNExplainer,9340,4,0.9851127819548872,0.55,1.0,,1.0,0.0,34
GCN,1:100,class_weighting,GNNExplainer,8100,1,0.9806015037593985,0.54,0.0,,1.0,0.0,35
GCN,1:100,class_weighting,GNNExplainer,8089,1,0.9884210526315789,0.5869565217391305,1.0,,1.0,0.0,34
GCN,1:100,class_weighting,GNNExplainer,8425,2,0.984360902255639,0.0,1.0,,1.0,0.0,21
GCN,1:100,class_weighting,GNNExplainer,8906,3,0.9792481203007517,0.5227272727272727,1.0,,1.0,0.0,37
GCN,1:100,class_weighting,GNNExplainer,8279,1,0.9745864661654136,0.5769230769230769,1.0,,1.0,0.0,21
GCN,1:100,class_weighting,GNNExplainer,8560,2,0.9815037593984961,0.25,1.0,,1.0,0.0,27
GCN,1:100,class_weighting,GNNExplainer,8094,1,0.9822556390977442,0.6,0.0,,1.0,0.0,32
GCN,1:100,class_weighting,GNNExplainer,9174,3,0.9778947368421053,0.5208333333333334,1.0,,1.0,0.0,41
GCN,1:100,class_weighting,GNNExplainer,8365,1,0.9621052631578946,0.5333333333333333,0.0,,1.0,0.0,29
GCN,1:100,class_weighting,GNNExplainer,9029,3,0.9760902255639096,0.5294117647058824,1.0,,1.0,0.0,32
GCN,1:100,class_weighting,GNNExplainer,8250,1,0.9687218045112782,0.55,1.0,,1.0,0.0,29
GCN,1:100,class_weighting,GNNExplainer,9273,4,0.9539849624060148,0.6666666666666666,1.0,,1.0,0.0,73
GCN,1:100,class_weighting,GNNExplainer,8344,1,0.9793984962406013,0.6363636363636364,0.0,,1.0,0.0,29
GCN,1:100,class_weighting,GNNExplainer,8424,2,0.963609022556391,0.75,1.0,,1.0,0.0,29
GCN,1:100,class_weighting,GNNExplainer,8985,3,0.9784962406015036,0.5333333333333333,1.0,,1.0,0.0,36
GCN,1:100,class_weighting,GNNExplainer,9313,4,0.9824060150375938,0.5294117647058824,1.0,,1.0,0.0,32
GCN,1:100,class_weighting,GNNExplainer,8160,1,0.9666165413533833,0.575,0.0,,1.0,0.0,30
GCN,1:100,class_weighting,GNNExplainer,9011,3,0.9821052631578947,0.5357142857142857,1.0,,1.0,0.0,27
GCN,1:100,class_weighting,GNNExplainer,8445,2,0.9768421052631577,0.625,1.0,,1.0,0.0,31
GCN,1:100,class_weighting,GNNExplainer,9426,4,0.9715789473684211,0.5294117647058824,0.0,,1.0,0.0,30
GCN,1:100,class_weighting,GNNExplainer,9121,3,0.9593984962406014,0.5416666666666666,1.0,,1.0,0.0,26
GCN,1:100,class_weighting,GNNExplainer,8101,1,0.9771428571428571,0.58,0.0,,1.0,0.0,33
GCN,1:100,class_weighting,GNNExplainer,8314,1,0.9559398496240601,0.5333333333333333,0.0,,1.0,0.0,32
GCN,1:100,class_weighting,GNNExplainer,9462,4,0.9894736842105262,0.575,1.0,,1.0,0.0,33
GCN,1:100,class_weighting,GNNExplainer,8040,1,0.985563909774436,0.5238095238095238,0.0,,1.0,0.0,37
GCN,1:100,class_weighting,GNNExplainer,9420,4,0.9873684210526316,0.5,0.0,,1.0,0.0,32
GCN,1:100,class_weighting,GNNExplainer,8123,1,0.9846616541353382,0.6304347826086957,1.0,,1.0,0.0,31
GCN,1:100,class_weighting,GNNExplainer,8746,2,0.9584962406015036,0.375,1.0,,1.0,0.0,21
GCN,1:100,class_weighting,PGExplainer,9489,4,,0.9,,,,,34
GCN,1:100,class_weighting,PGExplainer,9340,4,,0.9,,,,,34
GCN,1:100,class_weighting,PGExplainer,8100,1,,0.94,,,,,35
GCN,1:100,class_weighting,PGExplainer,8089,1,,0.9347826086956522,,,,,34
GCN,1:100,class_weighting,PGExplainer,8425,2,,0.6666666666666666,,,,,21
GCN,1:100,class_weighting,PGExplainer,8906,3,,0.9318181818181818,,,,,37
GCN,1:100,class_weighting,PGExplainer,8279,1,,0.8846153846153846,,,,,21
GCN,1:100,class_weighting,PGExplainer,8560,2,,0.625,,,,,27
GCN,1:100,class_weighting,PGExplainer,8094,1,,0.94,,,,,32
GCN,1:100,class_weighting,PGExplainer,9174,3,,0.9166666666666666,,,,,41
GCN,1:100,class_weighting,PGExplainer,8365,1,,0.8333333333333334,,,,,29
GCN,1:100,class_weighting,PGExplainer,9029,3,,0.9411764705882353,,,,,32
GCN,1:100,class_weighting,PGExplainer,8250,1,,0.9,,,,,29
GCN,1:100,class_weighting,PGExplainer,9273,4,,0.5,,,,,73
GCN,1:100,class_weighting,PGExplainer,8344,1,,0.9318181818181818,,,,,29
GCN,1:100,class_weighting,PGExplainer,8424,2,,0.625,,,,,29
GCN,1:100,class_weighting,PGExplainer,8985,3,,0.9666666666666667,,,,,36
GCN,1:100,class_weighting,PGExplainer,9313,4,,0.9117647058823528,,,,,32
GCN,1:100,class_weighting,PGExplainer,8160,1,,0.9,,,,,30
GCN,1:100,class_weighting,PGExplainer,9011,3,,0.8571428571428571,,,,,27
GCN,1:100,class_weighting,PGExplainer,8445,2,,0.0,,,,,31
GCN,1:100,class_weighting,PGExplainer,9426,4,,0.9117647058823528,,,,,30
GCN,1:100,class_weighting,PGExplainer,9121,3,,0.9583333333333334,,,,,26
GCN,1:100,class_weighting,PGExplainer,8101,1,,0.94,,,,,33
GCN,1:100,class_weighting,PGExplainer,8314,1,,0.9,,,,,32
GCN,1:100,class_weighting,PGExplainer,9462,4,,0.9,,,,,33
GCN,1:100,class_weighting,PGExplainer,8040,1,,0.9047619047619048,,,,,37
GCN,1:100,class_weighting,PGExplainer,9420,4,,0.8846153846153846,,,,,32
GCN,1:100,class_weighting,PGExplainer,8123,1,,0.9347826086956522,,,,,31
GCN,1:100,class_weighting,PGExplainer,8746,2,,0.625,,,,,21
GCN,1:100,class_weighting,GNNShap,9489,4,0.9933834586466164,,0.0,0.8914284443240111,,,34
GCN,1:100,class_weighting,GNNShap,9340,4,0.9944360902255639,,0.0,0.9112949154206891,,,34
GCN,1:100,class_weighting,GNNShap,8100,1,0.9878195488721804,,0.0,0.9341214687536666,,,35
GCN,1:100,class_weighting,GNNShap,8089,1,0.9906766917293233,,0.0,0.9159782441588951,,,34
GCN,1:100,class_weighting,GNNShap,8425,2,0.9852631578947367,,1.0,0.9304358888379769,,,21
GCN,1:100,class_weighting,GNNShap,8906,3,0.9806015037593984,,0.0,0.9555593566742406,,,37
GCN,1:100,class_weighting,GNNShap,8279,1,0.986766917293233,,0.0,0.9434061877890422,,,21
GCN,1:100,class_weighting,GNNShap,8560,2,0.9772932330827067,,0.0,0.855732301965954,,,27
GCN,1:100,class_weighting,GNNShap,8094,1,0.9929323308270677,,0.0,0.9104477193000708,,,32
GCN,1:100,class_weighting,GNNShap,9174,3,0.9852631578947368,,0.0,0.9087192247890231,,,41
GCN,1:100,class_weighting,GNNShap,8365,1,0.9914285714285713,,1.0,0.8850953339202903,,,29
GCN,1:100,class_weighting,GNNShap,9029,3,0.9825563909774436,,0.0,0.8959762235357536,,,32
GCN,1:100,class_weighting,GNNShap,8250,1,0.9729323308270675,,0.0,0.8470809539844986,,,29
GCN,1:100,class_weighting,GNNShap,9273,4,0.9720300751879698,,0.0,0.9942746058734049,,,73
GCN,1:100,class_weighting,GNNShap,8344,1,0.9879699248120299,,0.0,0.9200118057684703,,,29
GCN,1:100,class_weighting,GNNShap,8424,2,0.9936842105263158,,1.0,0.9028564437428473,,,29
GCN,1:100,class_weighting,GNNShap,8985,3,0.9741353383458644,,0.0,0.9422094979060265,,,36
GCN,1:100,class_weighting,GNNShap,9313,4,0.9897744360902255,,0.0,0.9186291437066607,,,32
GCN,1:100,class_weighting,GNNShap,8160,1,0.9953383458646616,,0.0,0.9222190886497748,,,30
GCN,1:100,class_weighting,GNNShap,9011,3,0.9610526315789472,,0.0,0.9041274682854363,,,27
GCN,1:100,class_weighting,GNNShap,8445,2,0.9951879699248121,,1.0,0.9245988533056078,,,31
GCN,1:100,class_weighting,GNNShap,9426,4,0.968421052631579,,0.0,0.9283728804548387,,,30
GCN,1:100,class_weighting,GNNShap,9121,3,0.9951879699248121,,0.0,0.9519601787272579,,,26
GCN,1:100,class_weighting,GNNShap,8101,1,0.9930827067669172,,0.0,0.87896138961829,,,33
GCN,1:100,class_weighting,GNNShap,8314,1,0.9942857142857143,,0.0,0.904410596645428,,,32
GCN,1:100,class_weighting,GNNShap,9462,4,0.983157894736842,,0.0,0.9454976683684049,,,33
GCN,1:100,class_weighting,GNNShap,8040,1,0.9849624060150374,,0.0,0.9410635015921809,,,37
GCN,1:100,class_weighting,GNNShap,9420,4,0.9903759398496239,,1.0,0.9482424048056075,,,32
GCN,1:100,class_weighting,GNNShap,8123,1,0.9888721804511278,,0.0,0.9178776741365035,,,31
GCN,1:100,class_weighting,GNNShap,8746,2,0.9806015037593985,,0.0,0.9175341480933523,,,21
GCN,1:100,focal_loss,GNNExplainer,9008,3,0.9778947368421053,0.5,1.0,,1.0,0.0,33
GCN,1:100,focal_loss,GNNExplainer,9176,3,0.9793984962406015,0.5208333333333334,1.0,,1.0,0.2,40
GCN,1:100,focal_loss,GNNExplainer,8053,1,0.9908270676691728,0.6590909090909091,0.0,,1.0,0.0,83
GCN,1:100,focal_loss,GNNExplainer,9488,4,0.9854135338345864,0.5666666666666667,0.0,,1.0,1.0,67
GCN,1:100,focal_loss,GNNExplainer,8184,1,0.9945864661654135,0.7884615384615384,0.0,,1.0,0.0,81
GCN,1:100,focal_loss,GNNExplainer,8346,1,0.9765413533834586,0.5454545454545454,0.0,,1.0,0.2,35
GCN,1:100,focal_loss,GNNExplainer,8072,1,0.9890225563909774,0.5869565217391305,0.0,,1.0,0.0,82
GCN,1:100,focal_loss,GNNExplainer,8066,1,0.9884210526315786,0.5454545454545454,0.0,,1.0,1.0,36
GCN,1:100,focal_loss,GNNExplainer,9533,4,0.9921804511278195,0.6333333333333333,0.0,,1.0,1.0,69
GCN,1:100,focal_loss,GNNExplainer,8126,1,0.9914285714285714,0.5454545454545454,0.0,,1.0,0.0,47
GCN,1:100,focal_loss,GNNExplainer,8288,1,0.9966917293233083,0.6666666666666666,0.0,,1.0,0.0,88
GCN,1:100,focal_loss,GNNExplainer,9172,3,0.961503759398496,0.5208333333333334,1.0,,1.0,1.0,40
GCN,1:100,focal_loss,GNNExplainer,9369,4,0.9927819548872181,0.575,0.0,,1.0,0.0,92
GCN,1:100,focal_loss,GNNExplainer,8107,1,0.9936842105263157,0.6739130434782609,0.0,,1.0,0.0,83
GCN,1:100,focal_loss,GNNExplainer,8267,1,0.9909774436090224,0.7,0.0,,1.0,0.0,50
GCN,1:100,focal_loss,PGExplainer,9008,3,,0.9333333333333333,,,,,33
GCN,1:100,focal_loss,PGExplainer,9176,3,,0.9791666666666666,,,,,40
GCN,1:100,focal_loss,PGExplainer,8053,1,,0.5454545454545454,,,,,83
GCN,1:100,focal_loss,PGExplainer,9488,4,,0.5333333333333333,,,,,67
GCN,1:100,focal_loss,PGExplainer,8184,1,,0.5769230769230769,,,,,81
GCN,1:100,focal_loss,PGExplainer,8346,1,,0.9318181818181818,,,,,35
GCN,1:100,focal_loss,PGExplainer,8072,1,,0.6521739130434783,,,,,82
GCN,1:100,focal_loss,PGExplainer,8066,1,,0.9090909090909091,,,,,36
GCN,1:100,focal_loss,PGExplainer,9533,4,,0.5333333333333333,,,,,69
GCN,1:100,focal_loss,PGExplainer,8126,1,,0.3181818181818182,,,,,47
GCN,1:100,focal_loss,PGExplainer,8288,1,,0.5416666666666666,,,,,88
GCN,1:100,focal_loss,PGExplainer,9172,3,,0.9583333333333334,,,,,40
GCN,1:100,focal_loss,PGExplainer,9369,4,,0.5,,,,,92
GCN,1:100,focal_loss,PGExplainer,8107,1,,0.5217391304347826,,,,,83
GCN,1:100,focal_loss,PGExplainer,8267,1,,0.5666666666666667,,,,,50
GCN,1:100,focal_loss,GNNShap,9008,3,0.9984962406015037,,1.0,0.9402068184929201,,,33
GCN,1:100,focal_loss,GNNShap,9176,3,0.9981954887218046,,0.0,0.9256125806621117,,,40
GCN,1:100,focal_loss,GNNShap,8053,1,0.9921804511278195,,0.0,0.9950991459861014,,,83
GCN,1:100,focal_loss,GNNShap,9488,4,0.9935338345864659,,0.0,0.9857340994702533,,,67
GCN,1:100,focal_loss,GNNShap,8184,1,0.9858646616541351,,0.0,0.9860464913189704,,,81
GCN,1:100,focal_loss,GNNShap,8346,1,1.0,,0.0,0.8976046785714967,,,35
GCN,1:100,focal_loss,GNNShap,8072,1,0.9793984962406015,,0.0,0.9911402348658311,,,82
GCN,1:100,focal_loss,GNNShap,8066,1,1.0,,0.0,0.9467321826212295,,,36
GCN,1:100,focal_loss,GNNShap,9533,4,0.9959398496240601,,0.0,0.9837050348141471,,,69
GCN,1:100,focal_loss,GNNShap,8126,1,0.9912781954887218,,0.0,0.9717651280242384,,,47
GCN,1:100,focal_loss,GNNShap,8288,1,0.9610526315789473,,0.0,0.9907933508124606,,,88
GCN,1:100,focal_loss,GNNShap,9172,3,0.9990977443609023,,1.0,0.9379606314272566,,,40
GCN,1:100,focal_loss,GNNShap,9369,4,0.9687218045112781,,0.0,0.9909536344581511,,,92
GCN,1:100,focal_loss,GNNShap,8107,1,0.985563909774436,,0.0,0.990442217717683,,,83
GCN,1:100,focal_loss,GNNShap,8267,1,0.9906766917293233,,0.0,0.986481565651873,,,50
GCN,natural,none,GNNExplainer,8089,1,0.9729323308270678,0.5869565217391305,1.0,,1.0,0.0,34
GCN,natural,none,GNNExplainer,8066,1,0.9900751879699247,0.5454545454545454,1.0,,1.0,0.0,36
GCN,natural,none,GNNExplainer,9500,4,0.9796992481203007,0.5333333333333333,1.0,,1.0,0.0,32
GCN,natural,none,GNNExplainer,8512,2,0.9807518796992479,0.5,1.0,,1.0,0.0,21
GCN,natural,none,GNNExplainer,8371,1,0.9774436090225563,0.5333333333333333,0.0,,1.0,0.0,31
GCN,natural,none,GNNExplainer,8687,2,0.9870676691729322,0.375,1.0,,1.0,0.0,30
GCN,natural,none,GNNExplainer,9381,4,0.9863157894736843,0.525,0.0,,1.0,0.0,40
GCN,natural,none,GNNExplainer,9273,4,0.9879699248120298,0.6666666666666666,0.0,,1.0,0.0,73
GCN,natural,none,GNNExplainer,9136,3,0.9857142857142855,0.5333333333333333,0.0,,1.0,0.0,37
GCN,natural,none,GNNExplainer,9404,4,0.9864661654135338,0.5277777777777778,0.0,,1.0,0.0,33
GCN,natural,none,GNNExplainer,8717,2,0.9771428571428571,0.3333333333333333,1.0,,1.0,0.0,21
GCN,natural,none,GNNExplainer,9293,4,0.9888721804511276,0.5333333333333333,0.0,,1.0,0.0,36
GCN,natural,none,GNNExplainer,8347,1,0.9938345864661653,0.6363636363636364,0.0,,1.0,0.0,29
GCN,natural,none,GNNExplainer,9366,4,0.9893233082706766,0.5384615384615384,1.0,,1.0,0.0,27
GCN,natural,none,GNNExplainer,8425,2,0.9723308270676692,0.16666666666666666,1.0,,1.0,0.0,21
GCN,natural,none,GNNExplainer,8634,2,0.9769924812030075,0.3333333333333333,1.0,,1.0,0.0,24
GCN,natural,none,GNNExplainer,8101,1,0.988721804511278,0.58,0.0,,1.0,0.0,33
GCN,natural,none,GNNExplainer,9176,3,0.9849624060150376,0.5208333333333334,0.0,,1.0,0.0,40
GCN,natural,none,GNNExplainer,9074,3,0.9795488721804512,0.5263157894736842,0.0,,1.0,0.0,32
GCN,natural,none,GNNExplainer,9300,4,0.9864661654135338,0.5333333333333333,0.0,,1.0,0.0,30
GCN,natural,none,GNNExplainer,8331,1,0.9747368421052631,0.5952380952380952,1.0,,1.0,0.0,30
GCN,natural,none,GNNExplainer,9133,3,0.9866165413533834,0.5333333333333333,1.0,,1.0,0.0,31
GCN,natural,none,GNNExplainer,8716,2,0.9870676691729322,0.25,1.0,,1.0,0.0,23
GCN,natural,none,GNNExplainer,8164,1,0.9681203007518796,0.55,0.0,,1.0,0.0,33
GCN,natural,none,GNNExplainer,8126,1,0.984360902255639,0.5909090909090909,0.0,,1.0,0.0,47
GCN,natural,none,GNNExplainer,8094,1,0.9869172932330826,0.6,0.0,,1.0,0.0,32
GCN,natural,none,GNNExplainer,9354,4,0.9804511278195488,0.525,0.0,,1.0,0.0,35
GCN,natural,none,GNNExplainer,9405,4,0.9854135338345864,0.5555555555555556,1.0,,1.0,0.0,30
GCN,natural,none,GNNExplainer,9442,4,0.9897744360902253,0.55,0.0,,1.0,0.0,30
GCN,natural,none,GNNExplainer,9464,4,0.9720300751879698,0.525,0.0,,1.0,0.0,36
GCN,natural,none,PGExplainer,8089,1,,0.9347826086956522,,,,,34
GCN,natural,none,PGExplainer,8066,1,,0.9318181818181818,,,,,36
GCN,natural,none,PGExplainer,9500,4,,0.9,,,,,32
GCN,natural,none,PGExplainer,8512,2,,0.375,,,,,21
GCN,natural,none,PGExplainer,8371,1,,0.9,,,,,31
GCN,natural,none,PGExplainer,8687,2,,0.5,,,,,30
GCN,natural,none,PGExplainer,9381,4,,0.925,,,,,40
GCN,natural,none,PGExplainer,9273,4,,0.5666666666666667,,,,,73
GCN,natural,none,PGExplainer,9136,3,,0.9333333333333333,,,,,37
GCN,natural,none,PGExplainer,9404,4,,0.9166666666666666,,,,,33
GCN,natural,none,PGExplainer,8717,2,,0.6666666666666666,,,,,21
GCN,natural,none,PGExplainer,9293,4,,0.9,,,,,36
GCN,natural,none,PGExplainer,8347,1,,0.9318181818181818,,,,,29
GCN,natural,none,PGExplainer,9366,4,,0.8846153846153846,,,,,27
GCN,natural,none,PGExplainer,8425,2,,0.5,,,,,21
GCN,natural,none,PGExplainer,8634,2,,0.3333333333333333,,,,,24
GCN,natural,none,PGExplainer,8101,1,,0.94,,,,,33
GCN,natural,none,PGExplainer,9176,3,,0.875,,,,,40
GCN,natural,none,PGExplainer,9074,3,,0.9473684210526315,,,,,32
GCN,natural,none,PGExplainer,9300,4,,0.9,,,,,30
GCN,natural,none,PGExplainer,8331,1,,0.9285714285714286,,,,,30
GCN,natural,none,PGExplainer,9133,3,,0.9333333333333333,,,,,31
GCN,natural,none,PGExplainer,8716,2,,0.5,,,,,23
GCN,natural,none,PGExplainer,8164,1,,0.925,,,,,33
GCN,natural,none,PGExplainer,8126,1,,0.5454545454545454,,,,,47
GCN,natural,none,PGExplainer,8094,1,,0.94,,,,,32
GCN,natural,none,PGExplainer,9354,4,,0.925,,,,,35
GCN,natural,none,PGExplainer,9405,4,,0.9166666666666666,,,,,30
GCN,natural,none,PGExplainer,9442,4,,0.85,,,,,30
GCN,natural,none,PGExplainer,9464,4,,0.925,,,,,36
GCN,natural,none,GNNShap,8089,1,0.9945864661654136,,0.0,0.9656021000540639,,,34
GCN,natural,none,GNNShap,8066,1,0.9953383458646614,,0.0,0.9555775980046809,,,36
GCN,natural,none,GNNShap,9500,4,0.9957894736842106,,0.0,0.9396937047428466,,,32
GCN,natural,none,GNNShap,8512,2,0.9981954887218046,,0.0,0.9747370241187714,,,21
GCN,natural,none,GNNShap,8371,1,0.9954887218045112,,0.0,0.9624040157435211,,,31
GCN,natural,none,GNNShap,8687,2,0.9966917293233083,,1.0,0.9764827829444183,,,30
GCN,natural,none,GNNShap,9381,4,0.9942857142857141,,0.0,0.9634458399783714,,,40
GCN,natural,none,GNNShap,9273,4,0.9777443609022554,,0.0,0.9926443110838153,,,73
GCN,natural,none,GNNShap,9136,3,0.9951879699248118,,0.0,0.9861252669949934,,,37
GCN,natural,none,GNNShap,9404,4,0.9962406015037594,,0.0,0.9797451594149814,,,33
GCN,natural,none,GNNShap,8717,2,0.9854135338345864,,0.0,0.9747314712258032,,,21
GCN,natural,none,GNNShap,9293,4,0.9960902255639097,,0.0,0.9692544827391943,,,36
GCN,natural,none,GNNShap,8347,1,0.9960902255639098,,0.0,0.979511180277937,,,29
GCN,natural,none,GNNShap,9366,4,0.9890225563909774,,0.0,0.9619551002257378,,,27
GCN,natural,none,GNNShap,8425,2,0.9921804511278195,,1.0,0.9564704521188382,,,21
GCN,natural,none,GNNShap,8634,2,0.9987969924812029,,1.0,0.9698903235350604,,,24
GCN,natural,none,GNNShap,8101,1,0.9968421052631579,,0.0,0.9706738935897737,,,33
GCN,natural,none,GNNShap,9176,3,0.9873684210526313,,0.0,0.9627113492186916,,,40
GCN,natural,none,GNNShap,9074,3,0.9846616541353382,,0.0,0.9872793644805243,,,32
GCN,natural,none,GNNShap,9300,4,0.993984962406015,,0.0,0.9657323521215272,,,30
GCN,natural,none,GNNShap,8331,1,0.986766917293233,,0.0,0.9378795992580192,,,30
GCN,natural,none,GNNShap,9133,3,0.9918796992481201,,0.0,0.9737043142441696,,,31
GCN,natural,none,GNNShap,8716,2,0.9993984962406015,,1.0,0.9686797498770755,,,23
GCN,natural,none,GNNShap,8164,1,0.9870676691729322,,0.0,0.947777425417603,,,33
GCN,natural,none,GNNShap,8126,1,0.9744360902255638,,0.0,0.9858259839846321,,,47
GCN,natural,none,GNNShap,8094,1,0.9857142857142858,,0.0,0.9695089977124793,,,32
GCN,natural,none,GNNShap,9354,4,0.9953383458646614,,0.0,0.9537167647301716,,,35
GCN,natural,none,GNNShap,9405,4,0.9981954887218045,,0.0,0.9523271528481427,,,30
GCN,natural,none,GNNShap,9442,4,0.9978947368421052,,0.0,0.9233436514404205,,,30
GCN,natural,none,GNNShap,9464,4,0.9948872180451126,,0.0,0.9729839217897229,,,36
GCN,natural,class_weighting,GNNExplainer,9464,4,0.9762406015037592,0.525,1.0,,1.0,0.0,36
GCN,natural,class_weighting,GNNExplainer,9407,4,0.973533834586466,0.5277777777777778,1.0,,1.0,0.0,40
GCN,natural,class_weighting,GNNExplainer,8803,2,0.9775939849624059,0.25,1.0,,1.0,0.0,17
GCN,natural,class_weighting,GNNExplainer,8058,1,0.976842105263158,0.5454545454545454,1.0,,1.0,0.0,33
GCN,natural,class_weighting,GNNExplainer,8340,1,0.9855639097744362,0.5681818181818182,1.0,,1.0,0.0,32
GCN,natural,class_weighting,GNNExplainer,9459,4,0.9842105263157894,0.525,1.0,,1.0,0.0,35
GCN,natural,class_weighting,GNNExplainer,8424,2,0.9529323308270676,0.75,1.0,,1.0,0.0,29
GCN,natural,class_weighting,GNNExplainer,8507,2,0.9705263157894736,0.0,1.0,,1.0,0.0,17
GCN,natural,class_weighting,GNNExplainer,8040,1,0.9772932330827067,0.5238095238095238,1.0,,1.0,0.0,37
GCN,natural,class_weighting,GNNExplainer,8854,2,0.960751879699248,0.375,1.0,,1.0,0.0,26
GCN,natural,class_weighting,GNNExplainer,8445,2,0.9574436090225562,0.375,1.0,,1.0,0.0,31
GCN,natural,class_weighting,GNNExplainer,9011,3,0.978345864661654,0.5357142857142857,1.0,,1.0,0.0,27
GCN,natural,class_weighting,GNNExplainer,8921,3,0.9822556390977442,0.5909090909090909,0.0,,1.0,0.0,36
GCN,natural,class_weighting,GNNExplainer,8738,2,0.944360902255639,0.75,1.0,,1.0,0.0,17
GCN,natural,class_weighting,GNNExplainer,8267,1,0.9836090225563909,0.7666666666666667,0.0,,1.0,0.0,50
GCN,natural,class_weighting,GNNExplainer,8280,1,0.9798496240601503,0.5384615384615384,1.0,,1.0,0.0,22
GCN,natural,class_weighting,GNNExplainer,8698,2,0.9353383458646617,0.5,1.0,,1.0,0.0,18
GCN,natural,class_weighting,GNNExplainer,8482,2,0.9428571428571427,0.25,0.0,,1.0,0.0,17
GCN,natural,class_weighting,GNNExplainer,8288,1,0.9882706766917291,0.8333333333333334,0.0,,1.0,0.0,88
GCN,natural,class_weighting,GNNExplainer,8637,2,0.9526315789473683,0.5,1.0,,1.0,0.0,23
GCN,natural,class_weighting,GNNExplainer,8740,2,0.9654135338345864,0.5,1.0,,1.0,0.0,23
GCN,natural,class_weighting,GNNExplainer,8463,2,0.9738345864661653,0.0,1.0,,1.0,0.0,22
GCN,natural,class_weighting,GNNExplainer,9347,4,0.981954887218045,0.55,1.0,,1.0,0.0,35
GCN,natural,class_weighting,GNNExplainer,8229,1,0.9854135338345864,0.5714285714285714,1.0,,1.0,0.0,31
GCN,natural,class_weighting,GNNExplainer,8223,1,0.9824060150375938,0.5476190476190477,1.0,,1.0,0.0,34
GCN,natural,class_weighting,GNNExplainer,9447,4,0.9708270676691729,0.55,0.0,,1.0,0.0,33
GCN,natural,class_weighting,GNNExplainer,9462,4,0.9708270676691727,0.575,1.0,,1.0,0.0,33
GCN,natural,class_weighting,GNNExplainer,8533,2,0.9753383458646615,0.3333333333333333,1.0,,1.0,0.0,19
GCN,natural,class_weighting,GNNExplainer,9122,3,0.9750375939849624,0.5416666666666666,1.0,,1.0,0.0,32
GCN,natural,class_weighting,GNNExplainer,9282,4,0.9858646616541351,0.5666666666666667,1.0,,1.0,0.0,26
GCN,natural,class_weighting,PGExplainer,9464,4,,0.925,,,,,36
GCN,natural,class_weighting,PGExplainer,9407,4,,0.9166666666666666,,,,,40
GCN,natural,class_weighting,PGExplainer,8803,2,,0.5,,,,,17
GCN,natural,class_weighting,PGExplainer,8058,1,,0.9318181818181818,,,,,33
GCN,natural,class_weighting,PGExplainer,8340,1,,0.9318181818181818,,,,,32
GCN,natural,class_weighting,PGExplainer,9459,4,,0.925,,,,,35
GCN,natural,class_weighting,PGExplainer,8424,2,,0.75,,,,,29
GCN,natural,class_weighting,PGExplainer,8507,2,,0.75,,,,,17
GCN,natural,class_weighting,PGExplainer,8040,1,,0.9285714285714286,,,,,37
GCN,natural,class_weighting,PGExplainer,8854,2,,0.625,,,,,26
GCN,natural,class_weighting,PGExplainer,8445,2,,0.25,,,,,31
GCN,natural,class_weighting,PGExplainer,9011,3,,0.8928571428571429,,,,,27
GCN,natural,class_weighting,PGExplainer,8921,3,,0.9318181818181818,,,,,36
GCN,natural,class_weighting,PGExplainer,8738,2,,0.5,,,,,17
GCN,natural,class_weighting,PGExplainer,8267,1,,0.8333333333333334,,,,,50
GCN,natural,class_weighting,PGExplainer,8280,1,,0.8846153846153846,,,,,22
GCN,natural,class_weighting,PGExplainer,8698,2,,0.5,,,,,18
GCN,natural,class_weighting,PGExplainer,8482,2,,0.5,,,,,17
GCN,natural,class_weighting,PGExplainer,8288,1,,0.8125,,,,,88
GCN,natural,class_weighting,PGExplainer,8637,2,,0.5,,,,,23
GCN,natural,class_weighting,PGExplainer,8740,2,,0.625,,,,,23
GCN,natural,class_weighting,PGExplainer,8463,2,,0.5,,,,,22
GCN,natural,class_weighting,PGExplainer,9347,4,,0.925,,,,,35
GCN,natural,class_weighting,PGExplainer,8229,1,,0.9047619047619048,,,,,31
GCN,natural,class_weighting,PGExplainer,8223,1,,0.9047619047619048,,,,,34
GCN,natural,class_weighting,PGExplainer,9447,4,,0.85,,,,,33
GCN,natural,class_weighting,PGExplainer,9462,4,,0.925,,,,,33
GCN,natural,class_weighting,PGExplainer,8533,2,,0.5,,,,,19
GCN,natural,class_weighting,PGExplainer,9122,3,,1.0,,,,,32
GCN,natural,class_weighting,PGExplainer,9282,4,,0.9,,,,,26
GCN,natural,class_weighting,GNNShap,9464,4,0.9957894736842106,,0.0,0.961531884993345,,,36
GCN,natural,class_weighting,GNNShap,9407,4,0.9930827067669172,,0.0,0.9610181217897246,,,40
GCN,natural,class_weighting,GNNShap,8803,2,0.9926315789473683,,0.0,0.9465155743935151,,,17
GCN,natural,class_weighting,GNNShap,8058,1,0.9879699248120299,,0.0,0.9551173954418137,,,33
GCN,natural,class_weighting,GNNShap,8340,1,0.9796992481203007,,0.0,0.9770262315276398,,,32
GCN,natural,class_weighting,GNNShap,9459,4,0.9945864661654135,,0.0,0.9730214747809443,,,35
GCN,natural,class_weighting,GNNShap,8424,2,0.9953383458646616,,1.0,0.9526666563560999,,,29
GCN,natural,class_weighting,GNNShap,8507,2,0.978796992481203,,0.0,0.9870090103757825,,,17
GCN,natural,class_weighting,GNNShap,8040,1,0.993984962406015,,0.0,0.9326877559297673,,,37
GCN,natural,class_weighting,GNNShap,8854,2,0.9960902255639097,,1.0,0.9756970840499569,,,26
GCN,natural,class_weighting,GNNShap,8445,2,0.9929323308270677,,1.0,0.9508384894438097,,,31
GCN,natural,class_weighting,GNNShap,9011,3,0.9384962406015038,,0.0,0.9758546170494776,,,27
GCN,natural,class_weighting,GNNShap,8921,3,0.9887218045112782,,0.0,0.9636868889120391,,,36
GCN,natural,class_weighting,GNNShap,8738,2,0.988721804511278,,0.0,0.9803044275982893,,,17
GCN,natural,class_weighting,GNNShap,8267,1,0.9281203007518796,,0.0,0.9963694562039164,,,50
GCN,natural,class_weighting,GNNShap,8280,1,0.9905263157894737,,0.0,0.971838280522098,,,22
GCN,natural,class_weighting,GNNShap,8698,2,0.9885714285714284,,0.0,0.9687871882015735,,,18
GCN,natural,class_weighting,GNNShap,8482,2,0.9804511278195488,,0.0,0.9579090966789707,,,17
GCN,natural,class_weighting,GNNShap,8288,1,0.9479699248120301,,0.0,0.9968293029323346,,,88
GCN,natural,class_weighting,GNNShap,8637,2,0.9860150375939849,,1.0,0.9778541934816163,,,23
GCN,natural,class_weighting,GNNShap,8740,2,0.9929323308270677,,0.0,0.9493988148613507,,,23
GCN,natural,class_weighting,GNNShap,8463,2,0.9882706766917291,,0.0,0.9722904770948221,,,22
GCN,natural,class_weighting,GNNShap,9347,4,0.993984962406015,,0.0,0.9837793913288104,,,35
GCN,natural,class_weighting,GNNShap,8229,1,0.997593984962406,,0.0,0.963330839112049,,,31
GCN,natural,class_weighting,GNNShap,8223,1,0.9845112781954886,,0.0,0.9721808432034205,,,34
GCN,natural,class_weighting,GNNShap,9447,4,0.9981954887218045,,0.0,0.9565984063759375,,,33
GCN,natural,class_weighting,GNNShap,9462,4,0.9981954887218046,,0.0,0.9715571145213782,,,33
GCN,natural,class_weighting,GNNShap,8533,2,0.9914285714285713,,0.0,0.9745577890606244,,,19
GCN,natural,class_weighting,GNNShap,9122,3,0.9772932330827067,,0.0,0.9642681500454093,,,32
GCN,natural,class_weighting,GNNShap,9282,4,0.9926315789473683,,0.0,0.971887251493413,,,26
GCN,natural,focal_loss,GNNExplainer,8571,2,0.9350375939849623,0.5,1.0,,1.0,0.0,16
GCN,natural,focal_loss,GNNExplainer,9300,4,0.9401503759398496,0.5333333333333333,1.0,,1.0,0.0,30
GCN,natural,focal_loss,GNNExplainer,8101,1,0.9742857142857142,0.58,0.0,,1.0,0.0,33
GCN,natural,focal_loss,GNNExplainer,8711,2,0.7015037593984961,0.25,1.0,,1.0,0.0,14
GCN,natural,focal_loss,GNNExplainer,8591,2,0.9112781954887217,0.6666666666666666,1.0,,1.0,0.0,21
GCN,natural,focal_loss,GNNExplainer,8917,3,0.9395488721804511,0.5227272727272727,1.0,,1.0,0.0,39
GCN,natural,focal_loss,GNNExplainer,9397,4,0.9828571428571428,0.5277777777777778,1.0,,1.0,0.0,34
GCN,natural,focal_loss,GNNExplainer,8722,2,0.9266165413533833,0.5,1.0,,1.0,0.0,22
GCN,natural,focal_loss,GNNExplainer,8130,1,0.9556390977443607,0.5909090909090909,1.0,,1.0,0.0,19
GCN,natural,focal_loss,GNNExplainer,8320,1,0.9777443609022555,0.5666666666666667,1.0,,1.0,0.0,31
GCN,natural,focal_loss,GNNExplainer,8647,2,0.9076691729323307,0.0,1.0,,1.0,0.0,21
GCN,natural,focal_loss,GNNExplainer,8401,2,0.9195488721804512,0.25,1.0,,1.0,0.0,19
GCN,natural,focal_loss,GNNExplainer,8371,1,0.9598496240601504,0.5333333333333333,1.0,,1.0,0.0,31
GCN,natural,focal_loss,GNNExplainer,9112,3,0.938796992481203,0.5294117647058824,1.0,,1.0,0.0,33
GCN,natural,focal_loss,GNNExplainer,8107,1,0.9894736842105262,0.8695652173913043,0.0,,1.0,0.0,83
GCN,natural,focal_loss,GNNExplainer,8331,1,0.9733834586466165,0.5952380952380952,1.0,,1.0,0.0,30
GCN,natural,focal_loss,GNNExplainer,9062,3,0.9699248120300752,0.5263157894736842,1.0,,1.0,0.0,37
GCN,natural,focal_loss,GNNExplainer,9065,3,0.9577443609022556,0.5263157894736842,0.0,,1.0,0.0,33
GCN,natural,focal_loss,GNNExplainer,8319,1,0.9539849624060149,0.5666666666666667,1.0,,1.0,0.0,23
GCN,natural,focal_loss,GNNExplainer,8561,2,0.9562406015037593,0.375,1.0,,1.0,0.0,21
GCN,natural,focal_loss,GNNExplainer,8435,2,0.9592481203007519,0.25,1.0,,1.0,0.0,24
GCN,natural,focal_loss,GNNExplainer,8058,1,0.9502255639097743,0.5454545454545454,1.0,,1.0,0.0,33
GCN,natural,focal_loss,GNNExplainer,8447,2,0.9457142857142855,0.5,1.0,,1.0,0.0,21
GCN,natural,focal_loss,GNNExplainer,9154,3,0.964360902255639,0.5333333333333333,1.0,,1.0,0.0,29
GCN,natural,focal_loss,GNNExplainer,8541,2,0.8562406015037594,0.16666666666666666,0.0,,0.8,0.0,24
GCN,natural,focal_loss,GNNExplainer,8224,1,0.9413533834586463,0.5476190476190477,1.0,,1.0,0.0,36
GCN,natural,focal_loss,GNNExplainer,9320,4,0.9612030075187971,0.5294117647058824,1.0,,1.0,0.0,38
GCN,natural,focal_loss,GNNExplainer,8235,1,0.980751879699248,0.5238095238095238,1.0,,1.0,0.0,40
GCN,natural,focal_loss,GNNExplainer,9184,3,0.9741353383458646,0.53125,0.0,,1.0,0.0,35
GCN,natural,focal_loss,GNNExplainer,8635,2,0.9323308270676691,0.5,1.0,,1.0,0.0,23
GCN,natural,focal_loss,PGExplainer,8571,2,,0.625,,,,,16
GCN,natural,focal_loss,PGExplainer,9300,4,,0.9,,,,,30
GCN,natural,focal_loss,PGExplainer,8101,1,,0.94,,,,,33
GCN,natural,focal_loss,PGExplainer,8711,2,,0.5,,,,,14
GCN,natural,focal_loss,PGExplainer,8591,2,,0.5,,,,,21
GCN,natural,focal_loss,PGExplainer,8917,3,,0.9545454545454546,,,,,39
GCN,natural,focal_loss,PGExplainer,9397,4,,0.9166666666666666,,,,,34
GCN,natural,focal_loss,PGExplainer,8722,2,,0.5,,,,,22
GCN,natural,focal_loss,PGExplainer,8130,1,,0.8636363636363636,,,,,19
GCN,natural,focal_loss,PGExplainer,8320,1,,0.9333333333333333,,,,,31
GCN,natural,focal_loss,PGExplainer,8647,2,,0.5,,,,,21
GCN,natural,focal_loss,PGExplainer,8401,2,,0.5,,,,,19
GCN,natural,focal_loss,PGExplainer,8371,1,,0.9,,,,,31
GCN,natural,focal_loss,PGExplainer,9112,3,,0.9411764705882353,,,,,33
GCN,natural,focal_loss,PGExplainer,8107,1,,0.8478260869565218,,,,,83
GCN,natural,focal_loss,PGExplainer,8331,1,,0.9285714285714286,,,,,30
GCN,natural,focal_loss,PGExplainer,9062,3,,0.9473684210526315,,,,,37
GCN,natural,focal_loss,PGExplainer,9065,3,,0.9473684210526315,,,,,33
GCN,natural,focal_loss,PGExplainer,8319,1,,0.9,,,,,23
GCN,natural,focal_loss,PGExplainer,8561,2,,0.5,,,,,21
GCN,natural,focal_loss,PGExplainer,8435,2,,0.625,,,,,24
GCN,natural,focal_loss,PGExplainer,8058,1,,0.9318181818181818,,,,,33
GCN,natural,focal_loss,PGExplainer,8447,2,,0.625,,,,,21
GCN,natural,focal_loss,PGExplainer,9154,3,,0.9333333333333333,,,,,29
GCN,natural,focal_loss,PGExplainer,8541,2,,0.5,,,,,24
GCN,natural,focal_loss,PGExplainer,8224,1,,0.9047619047619048,,,,,36
GCN,natural,focal_loss,PGExplainer,9320,4,,0.9117647058823528,,,,,38
GCN,natural,focal_loss,PGExplainer,8235,1,,0.9047619047619048,,,,,40
GCN,natural,focal_loss,PGExplainer,9184,3,,0.9375,,,,,35
GCN,natural,focal_loss,PGExplainer,8635,2,,0.5,,,,,23
GCN,natural,focal_loss,GNNShap,8571,2,0.9981954887218045,,0.0,0.9766008092641918,,,16
GCN,natural,focal_loss,GNNShap,9300,4,0.9963909774436089,,0.0,0.9551511824107621,,,30
GCN,natural,focal_loss,GNNShap,8101,1,0.9962406015037594,,0.0,0.973980845580865,,,33
GCN,natural,focal_loss,GNNShap,8711,2,0.9869172932330826,,0.0,0.9742142590306988,,,14
GCN,natural,focal_loss,GNNShap,8591,2,0.9972932330827066,,0.0,0.9680426536055776,,,21
GCN,natural,focal_loss,GNNShap,8917,3,0.994736842105263,,0.0,0.9654974493542164,,,39
GCN,natural,focal_loss,GNNShap,9397,4,0.9966917293233083,,0.0,0.9524072190221092,,,34
GCN,natural,focal_loss,GNNShap,8722,2,0.9938345864661653,,0.0,0.9770484243941555,,,22
GCN,natural,focal_loss,GNNShap,8130,1,0.9948872180451127,,0.0,0.9842556958761168,,,19
GCN,natural,focal_loss,GNNShap,8320,1,0.9987969924812031,,0.0,0.9472813352064389,,,31
GCN,natural,focal_loss,GNNShap,8647,2,0.9918796992481204,,0.0,0.9710344880554793,,,21
GCN,natural,focal_loss,GNNShap,8401,2,0.9954887218045112,,1.0,0.9779097857941581,,,19
GCN,natural,focal_loss,GNNShap,8371,1,0.9936842105263158,,0.0,0.9654191522571118,,,31
GCN,natural,focal_loss,GNNShap,9112,3,0.9990977443609023,,0.0,0.9758861542021412,,,33
GCN,natural,focal_loss,GNNShap,8107,1,0.9715789473684211,,0.0,0.9967166609881687,,,83
GCN,natural,focal_loss,GNNShap,8331,1,0.9942857142857143,,0.0,0.9493460968145854,,,30
GCN,natural,focal_loss,GNNShap,9062,3,0.9993984962406015,,0.0,0.9753015502403123,,,37
GCN,natural,focal_loss,GNNShap,9065,3,0.9963909774436089,,0.0,0.9732459543416381,,,33
GCN,natural,focal_loss,GNNShap,8319,1,0.9948872180451127,,0.0,0.9685516510259703,,,23
GCN,natural,focal_loss,GNNShap,8561,2,0.997593984962406,,1.0,0.9707547989772006,,,21
GCN,natural,focal_loss,GNNShap,8435,2,0.9893233082706765,,1.0,0.979524827215033,,,24
GCN,natural,focal_loss,GNNShap,8058,1,0.9905263157894735,,0.0,0.9367554557503615,,,33
GCN,natural,focal_loss,GNNShap,8447,2,0.9987969924812031,,0.0,0.9734809745850177,,,21
GCN,natural,focal_loss,GNNShap,9154,3,0.9993984962406015,,0.0,0.9778693813318953,,,29
GCN,natural,focal_loss,GNNShap,8541,2,0.9984962406015038,,0.0,0.9749056912485141,,,24
GCN,natural,focal_loss,GNNShap,8224,1,0.9993984962406015,,0.0,0.9647225545971156,,,36
GCN,natural,focal_loss,GNNShap,9320,4,0.9993984962406015,,0.0,0.9538880896546612,,,38
GCN,natural,focal_loss,GNNShap,8235,1,0.9957894736842106,,0.0,0.9387450235815591,,,40
GCN,natural,focal_loss,GNNShap,9184,3,0.9957894736842106,,0.0,0.965855197862556,,,35
GCN,natural,focal_loss,GNNShap,8635,2,0.9993984962406015,,1.0,0.9762359530243291,,,23
TAGCN,1:1,none,GNNExplainer,9141,3,0.8705263157894734,0.5666666666666667,0.0,,1.0,0.0,30
TAGCN,1:1,none,GNNExplainer,8053,1,0.49368421052631567,0.25,1.0,,0.0,0.0,83
TAGCN,1:1,none,GNNExplainer,8265,1,0.8984962406015038,0.47368421052631576,1.0,,0.4,0.0,34
TAGCN,1:1,none,GNNExplainer,8270,1,0.9294736842105262,0.6666666666666666,0.0,,1.0,0.0,25
TAGCN,1:1,none,GNNExplainer,8107,1,0.4912781954887218,0.2826086956521739,1.0,,0.0,0.0,83
TAGCN,1:1,none,GNNExplainer,8285,1,0.8806015037593984,0.5,0.0,,1.0,0.0,27
TAGCN,1:1,none,GNNExplainer,8404,2,0.8201503759398495,0.5,1.0,,1.0,0.0,25
TAGCN,1:1,none,GNNExplainer,8870,2,0.7700751879699247,0.6666666666666666,1.0,,0.6,0.0,20
TAGCN,1:1,none,GNNExplainer,9350,4,0.9697744360902256,0.7250000000000001,0.0,,1.0,0.0,36
TAGCN,1:1,none,GNNExplainer,8226,1,0.9153383458646613,0.6190476190476191,0.0,,1.0,0.0,33
TAGCN,1:1,none,GNNExplainer,8331,1,0.48451127819548867,0.5476190476190477,1.0,,0.0,0.0,30
TAGCN,1:1,none,GNNExplainer,8749,2,0.9718796992481202,0.0,1.0,,1.0,0.0,19
TAGCN,1:1,none,GNNExplainer,8827,2,0.8914285714285715,0.5,1.0,,1.0,0.0,23
TAGCN,1:1,none,GNNExplainer,8461,2,0.9124812030075187,0.625,1.0,,1.0,0.0,20
TAGCN,1:1,none,GNNExplainer,8803,2,0.9491729323308269,0.0,1.0,,1.0,0.0,17
TAGCN,1:1,none,GNNExplainer,9462,4,0.8825563909774436,0.7,1.0,,1.0,0.0,33
TAGCN,1:1,none,GNNExplainer,8029,1,0.9631578947368421,0.7727272727272727,0.0,,1.0,0.0,25
TAGCN,1:1,none,GNNExplainer,9154,3,0.9563909774436089,0.5666666666666667,0.0,,1.0,0.0,29
TAGCN,1:1,none,GNNExplainer,8757,2,0.9718796992481202,0.0,1.0,,1.0,0.0,20
TAGCN,1:1,none,GNNExplainer,9471,4,0.8975939849624058,0.7250000000000001,0.0,,1.0,0.0,33
TAGCN,1:1,none,GNNExplainer,8319,1,0.8768421052631578,0.7333333333333333,0.0,,1.0,0.0,23
TAGCN,1:1,none,GNNExplainer,9540,4,0.8992481203007519,0.7,0.0,,1.0,0.0,32
TAGCN,1:1,none,GNNExplainer,9115,3,0.9058646616541353,0.5416666666666666,0.0,,1.0,0.0,28
TAGCN,1:1,none,GNNExplainer,9266,4,0.9180451127819549,0.5416666666666666,0.0,,1.0,0.0,30
TAGCN,1:1,none,GNNExplainer,8333,1,0.8366917293233082,0.6904761904761905,0.0,,1.0,0.0,33
TAGCN,1:1,none,GNNExplainer,8635,2,0.9759398496240601,0.0,0.0,,1.0,0.0,23
TAGCN,1:1,none,GNNExplainer,8670,2,0.980751879699248,0.0,0.0,,1.0,0.0,22
TAGCN,1:1,none,GNNExplainer,8147,1,0.938796992481203,0.29411764705882354,0.0,,1.0,0.0,28
TAGCN,1:1,none,GNNExplainer,9407,4,0.8193984962406013,0.4722222222222222,0.0,,1.0,0.0,40
TAGCN,1:1,none,GNNExplainer,9460,4,0.7399999999999999,0.55,0.0,,1.0,0.0,35
TAGCN,1:1,none,PGExplainer,9141,3,,0.9666666666666667,,,,,30
TAGCN,1:1,none,PGExplainer,8053,1,,0.9545454545454546,,,,,83
TAGCN,1:1,none,PGExplainer,8265,1,,0.9736842105263158,,,,,34
TAGCN,1:1,none,PGExplainer,8270,1,,0.9666666666666667,,,,,25
TAGCN,1:1,none,PGExplainer,8107,1,,1.0,,,,,83
TAGCN,1:1,none,PGExplainer,8285,1,,0.9615384615384616,,,,,27
TAGCN,1:1,none,PGExplainer,8404,2,,0.625,,,,,25
TAGCN,1:1,none,PGExplainer,8870,2,,0.5,,,,,20
TAGCN,1:1,none,PGExplainer,9350,4,,0.925,,,,,36
TAGCN,1:1,none,PGExplainer,8226,1,,0.9285714285714286,,,,,33
TAGCN,1:1,none,PGExplainer,8331,1,,0.9523809523809523,,,,,30
TAGCN,1:1,none,PGExplainer,8749,2,,0.75,,,,,19
TAGCN,1:1,none,PGExplainer,8827,2,,0.5,,,,,23
TAGCN,1:1,none,PGExplainer,8461,2,,0.75,,,,,20
TAGCN,1:1,none,PGExplainer,8803,2,,1.0,,,,,17
TAGCN,1:1,none,PGExplainer,9462,4,,0.925,,,,,33
TAGCN,1:1,none,PGExplainer,8029,1,,0.9090909090909091,,,,,25
TAGCN,1:1,none,PGExplainer,9154,3,,0.9666666666666667,,,,,29
TAGCN,1:1,none,PGExplainer,8757,2,,0.5,,,,,20
TAGCN,1:1,none,PGExplainer,9471,4,,0.925,,,,,33
TAGCN,1:1,none,PGExplainer,8319,1,,0.9,,,,,23
TAGCN,1:1,none,PGExplainer,9540,4,,0.9,,,,,32
TAGCN,1:1,none,PGExplainer,9115,3,,1.0,,,,,28
TAGCN,1:1,none,PGExplainer,9266,4,,0.875,,,,,30
TAGCN,1:1,none,PGExplainer,8333,1,,0.9523809523809523,,,,,33
TAGCN,1:1,none,PGExplainer,8635,2,,0.5,,,,,23
TAGCN,1:1,none,PGExplainer,8670,2,,0.6666666666666666,,,,,22
TAGCN,1:1,none,PGExplainer,8147,1,,0.9411764705882353,,,,,28
TAGCN,1:1,none,PGExplainer,9407,4,,0.9166666666666666,,,,,40
TAGCN,1:1,none,PGExplainer,9460,4,,0.925,,,,,35
TAGCN,1:1,none,GNNShap,9141,3,0.9509774436090226,,0.0,0.9765586694482409,,,30
TAGCN,1:1,none,GNNShap,8053,1,0.9013533834586465,,0.0,0.9999681906282161,,,83
TAGCN,1:1,none,GNNShap,8265,1,0.9622556390977444,,0.0,0.9611383306207115,,,34
TAGCN,1:1,none,GNNShap,8270,1,0.9237593984962406,,0.0,0.9345583631501807,,,25
TAGCN,1:1,none,GNNShap,8107,1,0.7500751879699247,,0.0,0.9998147782638769,,,83
TAGCN,1:1,none,GNNShap,8285,1,0.9822556390977442,,0.0,0.9462340371559843,,,27
TAGCN,1:1,none,GNNShap,8404,2,0.9709774436090223,,0.0,0.9591913174780092,,,25
TAGCN,1:1,none,GNNShap,8870,2,0.9503759398496239,,0.0,0.9590955040601086,,,20
TAGCN,1:1,none,GNNShap,9350,4,0.9799999999999999,,0.0,0.9149962357046046,,,36
TAGCN,1:1,none,GNNShap,8226,1,0.9667669172932332,,0.0,0.9529001116398594,,,33
TAGCN,1:1,none,GNNShap,8331,1,0.9410526315789474,,0.0,0.8625679685684959,,,30
TAGCN,1:1,none,GNNShap,8749,2,0.9475187969924811,,0.0,0.9418714503007145,,,19
TAGCN,1:1,none,GNNShap,8827,2,0.9517293233082705,,0.0,0.9453748287783211,,,23
TAGCN,1:1,none,GNNShap,8461,2,0.9926315789473683,,0.0,0.9169136622454758,,,20
TAGCN,1:1,none,GNNShap,8803,2,0.9652631578947369,,0.0,0.9159076700121312,,,17
TAGCN,1:1,none,GNNShap,9462,4,0.9768421052631577,,0.0,0.9717017182434592,,,33
TAGCN,1:1,none,GNNShap,8029,1,0.9778947368421053,,0.0,0.9511288365724988,,,25
TAGCN,1:1,none,GNNShap,9154,3,0.9684210526315791,,0.0,0.9589648908720563,,,29
TAGCN,1:1,none,GNNShap,8757,2,0.9840601503759399,,1.0,0.9113508901641489,,,20
TAGCN,1:1,none,GNNShap,9471,4,0.9610526315789473,,0.0,0.9403796452422961,,,33
TAGCN,1:1,none,GNNShap,8319,1,0.9845112781954886,,0.0,0.9583739654384431,,,23
TAGCN,1:1,none,GNNShap,9540,4,0.9363909774436088,,0.0,0.8949683446734328,,,32
TAGCN,1:1,none,GNNShap,9115,3,0.9678195488721804,,0.0,0.934560824549699,,,28
TAGCN,1:1,none,GNNShap,9266,4,0.9822556390977443,,0.0,0.9525076117636149,,,30
TAGCN,1:1,none,GNNShap,8333,1,0.922706766917293,,0.0,0.9733643305960074,,,33
TAGCN,1:1,none,GNNShap,8635,2,0.9682706766917292,,1.0,0.956892144836455,,,23
TAGCN,1:1,none,GNNShap,8670,2,0.9500751879699246,,1.0,0.9534580557596701,,,22
TAGCN,1:1,none,GNNShap,8147,1,0.9840601503759396,,0.0,0.9506007746792584,,,28
TAGCN,1:1,none,GNNShap,9407,4,0.9837593984962405,,0.0,0.94608373786666,,,40
TAGCN,1:1,none,GNNShap,9460,4,0.9869172932330826,,0.0,0.9539567485453629,,,35
TAGCN,1:1,class_weighting,GNNExplainer,9141,3,0.8733834586466166,0.5666666666666667,1.0,,1.0,0.0,30
TAGCN,1:1,class_weighting,GNNExplainer,8053,1,0.49368421052631567,0.25,1.0,,0.0,0.0,83
TAGCN,1:1,class_weighting,GNNExplainer,8265,1,0.8987969924812029,0.47368421052631576,1.0,,0.4,0.0,34
TAGCN,1:1,class_weighting,GNNExplainer,8270,1,0.9326315789473683,0.6666666666666666,0.0,,1.0,0.0,25
TAGCN,1:1,class_weighting,GNNExplainer,8107,1,0.4912781954887218,0.2826086956521739,1.0,,0.0,0.0,83
TAGCN,1:1,class_weighting,GNNExplainer,8285,1,0.8849624060150376,0.5,0.0,,1.0,0.0,27
TAGCN,1:1,class_weighting,GNNExplainer,8404,2,0.8165413533834587,0.5,1.0,,1.0,0.0,25
TAGCN,1:1,class_weighting,GNNExplainer,8870,2,0.7688721804511277,0.6666666666666666,1.0,,0.6,0.0,20
TAGCN,1:1,class_weighting,GNNExplainer,9350,4,0.9697744360902254,0.7250000000000001,0.0,,1.0,0.0,36
TAGCN,1:1,class_weighting,GNNExplainer,8226,1,0.9183458646616541,0.6190476190476191,0.0,,1.0,0.0,33
TAGCN,1:1,class_weighting,GNNExplainer,8331,1,0.48240601503759384,0.5476190476190477,1.0,,0.0,0.0,30
TAGCN,1:1,class_weighting,GNNExplainer,8749,2,0.9687218045112782,0.0,1.0,,1.0,0.0,19
TAGCN,1:1,class_weighting,GNNExplainer,8827,2,0.8909774436090225,0.5,1.0,,1.0,0.0,23
TAGCN,1:1,class_weighting,GNNExplainer,8461,2,0.9153383458646616,0.625,1.0,,1.0,0.0,20
TAGCN,1:1,class_weighting,GNNExplainer,8803,2,0.9494736842105261,0.0,1.0,,1.0,0.0,17
TAGCN,1:1,class_weighting,GNNExplainer,9462,4,0.8849624060150374,0.7,1.0,,1.0,0.0,33
TAGCN,1:1,class_weighting,GNNExplainer,8029,1,0.9624060150375939,0.7727272727272727,0.0,,1.0,0.0,25
TAGCN,1:1,class_weighting,GNNExplainer,9154,3,0.951578947368421,0.5666666666666667,0.0,,1.0,0.0,29
TAGCN,1:1,class_weighting,GNNExplainer,8757,2,0.9703759398496239,0.0,1.0,,1.0,0.0,20
TAGCN,1:1,class_weighting,GNNExplainer,9471,4,0.9033082706766915,0.7250000000000001,0.0,,1.0,0.0,33
TAGCN,1:1,class_weighting,GNNExplainer,8319,1,0.8840601503759398,0.7333333333333333,0.0,,1.0,0.0,23
TAGCN,1:1,class_weighting,GNNExplainer,9540,4,0.8972932330827067,0.7,0.0,,1.0,0.0,32
TAGCN,1:1,class_weighting,GNNExplainer,9115,3,0.9094736842105263,0.5416666666666666,0.0,,1.0,0.0,28
TAGCN,1:1,class_weighting,GNNExplainer,9266,4,0.9192481203007518,0.5416666666666666,0.0,,1.0,0.0,30
TAGCN,1:1,class_weighting,GNNExplainer,8333,1,0.8366917293233082,0.6904761904761905,0.0,,1.0,0.0,33
TAGCN,1:1,class_weighting,GNNExplainer,8635,2,0.974436090225564,0.0,0.0,,1.0,0.0,23
TAGCN,1:1,class_weighting,GNNExplainer,8670,2,0.9796992481203006,0.0,0.0,,1.0,0.0,22
TAGCN,1:1,class_weighting,GNNExplainer,8147,1,0.9406015037593984,0.29411764705882354,0.0,,1.0,0.0,28
TAGCN,1:1,class_weighting,GNNExplainer,9407,4,0.8144360902255638,0.5,0.0,,1.0,0.0,40
TAGCN,1:1,class_weighting,GNNExplainer,9460,4,0.7384962406015038,0.55,0.0,,1.0,0.0,35
TAGCN,1:1,class_weighting,PGExplainer,9141,3,,0.9666666666666667,,,,,30
TAGCN,1:1,class_weighting,PGExplainer,8053,1,,0.9545454545454546,,,,,83
TAGCN,1:1,class_weighting,PGExplainer,8265,1,,0.9736842105263158,,,,,34
TAGCN,1:1,class_weighting,PGExplainer,8270,1,,0.9666666666666667,,,,,25
TAGCN,1:1,class_weighting,PGExplainer,8107,1,,1.0,,,,,83
TAGCN,1:1,class_weighting,PGExplainer,8285,1,,0.9615384615384616,,,,,27
TAGCN,1:1,class_weighting,PGExplainer,8404,2,,0.625,,,,,25
TAGCN,1:1,class_weighting,PGExplainer,8870,2,,0.5,,,,,20
TAGCN,1:1,class_weighting,PGExplainer,9350,4,,0.925,,,,,36
TAGCN,1:1,class_weighting,PGExplainer,8226,1,,0.9285714285714286,,,,,33
TAGCN,1:1,class_weighting,PGExplainer,8331,1,,0.9523809523809523,,,,,30
TAGCN,1:1,class_weighting,PGExplainer,8749,2,,0.75,,,,,19
TAGCN,1:1,class_weighting,PGExplainer,8827,2,,0.5,,,,,23
TAGCN,1:1,class_weighting,PGExplainer,8461,2,,0.75,,,,,20
TAGCN,1:1,class_weighting,PGExplainer,8803,2,,1.0,,,,,17
TAGCN,1:1,class_weighting,PGExplainer,9462,4,,0.925,,,,,33
TAGCN,1:1,class_weighting,PGExplainer,8029,1,,0.9090909090909091,,,,,25
TAGCN,1:1,class_weighting,PGExplainer,9154,3,,0.9666666666666667,,,,,29
TAGCN,1:1,class_weighting,PGExplainer,8757,2,,0.5,,,,,20
TAGCN,1:1,class_weighting,PGExplainer,9471,4,,0.925,,,,,33
TAGCN,1:1,class_weighting,PGExplainer,8319,1,,0.9,,,,,23
TAGCN,1:1,class_weighting,PGExplainer,9540,4,,0.9,,,,,32
TAGCN,1:1,class_weighting,PGExplainer,9115,3,,1.0,,,,,28
TAGCN,1:1,class_weighting,PGExplainer,9266,4,,0.875,,,,,30
TAGCN,1:1,class_weighting,PGExplainer,8333,1,,0.9523809523809523,,,,,33
TAGCN,1:1,class_weighting,PGExplainer,8635,2,,0.5,,,,,23
TAGCN,1:1,class_weighting,PGExplainer,8670,2,,0.6666666666666666,,,,,22
TAGCN,1:1,class_weighting,PGExplainer,8147,1,,0.9411764705882353,,,,,28
TAGCN,1:1,class_weighting,PGExplainer,9407,4,,0.9166666666666666,,,,,40
TAGCN,1:1,class_weighting,PGExplainer,9460,4,,0.925,,,,,35
TAGCN,1:1,class_weighting,GNNShap,9141,3,0.9542857142857143,,0.0,0.9763311752932617,,,30
TAGCN,1:1,class_weighting,GNNShap,8053,1,0.8959398496240599,,0.0,0.9999662288674103,,,83
TAGCN,1:1,class_weighting,GNNShap,8265,1,0.9622556390977444,,0.0,0.9613595033463838,,,34
TAGCN,1:1,class_weighting,GNNShap,8270,1,0.9312781954887217,,0.0,0.9341374113076151,,,25
TAGCN,1:1,class_weighting,GNNShap,8107,1,0.756390977443609,,0.0,0.9998184462678326,,,83
TAGCN,1:1,class_weighting,GNNShap,8285,1,0.9824060150375941,,0.0,0.9459474444288765,,,27
TAGCN,1:1,class_weighting,GNNShap,8404,2,0.9709774436090225,,0.0,0.9593406233124734,,,25
TAGCN,1:1,class_weighting,GNNShap,8870,2,0.9497744360902253,,0.0,0.9591355786785156,,,20
TAGCN,1:1,class_weighting,GNNShap,9350,4,0.980751879699248,,0.0,0.914760178549774,,,36
TAGCN,1:1,class_weighting,GNNShap,8226,1,0.9688721804511278,,0.0,0.9527028410178533,,,33
TAGCN,1:1,class_weighting,GNNShap,8331,1,0.9389473684210525,,0.0,0.8630426604626861,,,30
TAGCN,1:1,class_weighting,GNNShap,8749,2,0.9470676691729322,,0.0,0.9413844093057946,,,19
TAGCN,1:1,class_weighting,GNNShap,8827,2,0.9488721804511279,,0.0,0.9452725330784769,,,23
TAGCN,1:1,class_weighting,GNNShap,8461,2,0.9924812030075187,,0.0,0.91725040496773,,,20
TAGCN,1:1,class_weighting,GNNShap,8803,2,0.9657142857142859,,0.0,0.9159854265096229,,,17
TAGCN,1:1,class_weighting,GNNShap,9462,4,0.9753383458646617,,0.0,0.9718430705849176,,,33
TAGCN,1:1,class_weighting,GNNShap,8029,1,0.9778947368421053,,0.0,0.9513362493227732,,,25
TAGCN,1:1,class_weighting,GNNShap,9154,3,0.9670676691729323,,0.0,0.9592685288416671,,,29
TAGCN,1:1,class_weighting,GNNShap,8757,2,0.9809022556390976,,1.0,0.9116201724964401,,,20
TAGCN,1:1,class_weighting,GNNShap,9471,4,0.957593984962406,,0.0,0.9423643052087346,,,33
TAGCN,1:1,class_weighting,GNNShap,8319,1,0.9834586466165411,,0.0,0.9582165711001533,,,23
TAGCN,1:1,class_weighting,GNNShap,9540,4,0.9375939849624059,,0.0,0.8950524917800855,,,32
TAGCN,1:1,class_weighting,GNNShap,9115,3,0.9694736842105263,,0.0,0.9347959887877103,,,28
TAGCN,1:1,class_weighting,GNNShap,9266,4,0.9837593984962405,,0.0,0.9524496917606238,,,30
TAGCN,1:1,class_weighting,GNNShap,8333,1,0.9157894736842105,,0.0,0.9732291389385208,,,33
TAGCN,1:1,class_weighting,GNNShap,8635,2,0.9661654135338346,,1.0,0.9569470317941929,,,23
TAGCN,1:1,class_weighting,GNNShap,8670,2,0.9529323308270676,,1.0,0.9535813713930053,,,22
TAGCN,1:1,class_weighting,GNNShap,8147,1,0.9842105263157892,,0.0,0.9510347590258206,,,28
TAGCN,1:1,class_weighting,GNNShap,9407,4,0.9845112781954887,,0.0,0.9457948889930481,,,40
TAGCN,1:1,class_weighting,GNNShap,9460,4,0.9851127819548869,,0.0,0.9535891943841615,,,35
TAGCN,1:1,focal_loss,GNNExplainer,8568,2,0.8156390977443608,0.5,1.0,,1.0,0.0,17
TAGCN,1:1,focal_loss,GNNExplainer,8147,1,0.9362406015037594,0.29411764705882354,0.0,,1.0,0.0,28
TAGCN,1:1,focal_loss,GNNExplainer,9119,3,0.8905263157894737,0.5416666666666666,0.0,,1.0,0.0,27
TAGCN,1:1,focal_loss,GNNExplainer,8265,1,0.9290225563909773,0.4473684210526316,1.0,,1.0,0.0,34
TAGCN,1:1,focal_loss,GNNExplainer,9321,4,0.9075187969924812,0.735294117647059,0.0,,1.0,0.0,32
TAGCN,1:1,focal_loss,GNNExplainer,9008,3,0.898345864661654,0.5333333333333333,0.0,,0.4,0.0,33
TAGCN,1:1,focal_loss,GNNExplainer,8107,1,0.49248120300751863,0.30434782608695654,1.0,,0.0,0.0,83
TAGCN,1:1,focal_loss,GNNExplainer,8053,1,0.4661654135338346,0.2727272727272727,1.0,,0.0,0.0,83
TAGCN,1:1,focal_loss,GNNExplainer,9238,4,0.9356390977443608,0.6,0.0,,1.0,0.0,39
TAGCN,1:1,focal_loss,GNNExplainer,9121,3,0.8950375939849623,0.4583333333333333,0.0,,1.0,0.0,26
TAGCN,1:1,focal_loss,GNNExplainer,9405,4,0.9203007518796993,0.5555555555555556,0.0,,1.0,0.0,30
TAGCN,1:1,focal_loss,GNNExplainer,8997,3,0.8681203007518796,0.6,0.0,,1.0,0.0,32
TAGCN,1:1,focal_loss,GNNExplainer,9184,3,0.899548872180451,0.53125,0.0,,1.0,0.0,35
TAGCN,1:1,focal_loss,GNNExplainer,8224,1,0.8578947368421052,0.5714285714285714,0.0,,1.0,0.0,36
TAGCN,1:1,focal_loss,GNNExplainer,8333,1,0.8993984962406014,0.5238095238095238,0.0,,1.0,0.0,33
TAGCN,1:1,focal_loss,GNNExplainer,8937,3,0.9329323308270675,0.5,0.0,,1.0,0.0,38
TAGCN,1:1,focal_loss,GNNExplainer,8209,1,0.9390977443609023,0.6818181818181818,1.0,,1.0,0.0,25
TAGCN,1:1,focal_loss,GNNExplainer,8825,2,0.9715789473684211,0.625,1.0,,1.0,0.0,26
TAGCN,1:1,focal_loss,GNNExplainer,8827,2,0.9227067669172933,0.5,1.0,,1.0,0.0,23
TAGCN,1:1,focal_loss,GNNExplainer,8694,2,0.9697744360902256,0.5,1.0,,1.0,0.0,24
TAGCN,1:1,focal_loss,GNNExplainer,8029,1,0.963609022556391,0.6363636363636364,0.0,,1.0,0.0,25
TAGCN,1:1,focal_loss,GNNExplainer,8556,2,0.9332330827067669,0.375,1.0,,1.0,0.0,25
TAGCN,1:1,focal_loss,GNNExplainer,8226,1,0.915187969924812,0.6190476190476191,1.0,,1.0,0.0,33
TAGCN,1:1,focal_loss,GNNExplainer,8604,2,0.7896240601503759,0.625,1.0,,1.0,0.0,20
TAGCN,1:1,focal_loss,GNNExplainer,9462,4,0.8804511278195488,0.625,0.0,,1.0,0.0,33
TAGCN,1:1,focal_loss,GNNExplainer,8521,2,0.9640601503759397,0.0,0.0,,1.0,0.0,23
TAGCN,1:1,focal_loss,GNNExplainer,9442,4,0.9323308270676691,0.55,0.0,,1.0,0.0,30
TAGCN,1:1,focal_loss,GNNExplainer,9096,3,0.8908270676691729,0.6176470588235294,0.0,,1.0,0.0,34
TAGCN,1:1,focal_loss,GNNExplainer,8647,2,0.9016541353383458,0.25,0.0,,1.0,0.0,21
TAGCN,1:1,focal_loss,GNNExplainer,8711,2,0.8333834586466164,0.0,0.0,,1.0,0.0,14
TAGCN,1:1,focal_loss,PGExplainer,8568,2,,1.0,,,,,17
TAGCN,1:1,focal_loss,PGExplainer,8147,1,,0.9117647058823528,,,,,28
TAGCN,1:1,focal_loss,PGExplainer,9119,3,,0.9583333333333334,,,,,27
TAGCN,1:1,focal_loss,PGExplainer,8265,1,,0.5526315789473685,,,,,34
TAGCN,1:1,focal_loss,PGExplainer,9321,4,,0.5,,,,,32
TAGCN,1:1,focal_loss,PGExplainer,9008,3,,0.8666666666666667,,,,,33
TAGCN,1:1,focal_loss,PGExplainer,8107,1,,0.6304347826086957,,,,,83
TAGCN,1:1,focal_loss,PGExplainer,8053,1,,0.6363636363636364,,,,,83
TAGCN,1:1,focal_loss,PGExplainer,9238,4,,0.525,,,,,39
TAGCN,1:1,focal_loss,PGExplainer,9121,3,,1.0,,,,,26
TAGCN,1:1,focal_loss,PGExplainer,9405,4,,0.6388888888888888,,,,,30
TAGCN,1:1,focal_loss,PGExplainer,8997,3,,0.9666666666666667,,,,,32
TAGCN,1:1,focal_loss,PGExplainer,9184,3,,0.96875,,,,,35
TAGCN,1:1,focal_loss,PGExplainer,8224,1,,0.8571428571428571,,,,,36
TAGCN,1:1,focal_loss,PGExplainer,8333,1,,0.8095238095238095,,,,,33
TAGCN,1:1,focal_loss,PGExplainer,8937,3,,0.9210526315789473,,,,,38
TAGCN,1:1,focal_loss,PGExplainer,8209,1,,0.8863636363636365,,,,,25
TAGCN,1:1,focal_loss,PGExplainer,8825,2,,0.625,,,,,26
TAGCN,1:1,focal_loss,PGExplainer,8827,2,,0.75,,,,,23
TAGCN,1:1,focal_loss,PGExplainer,8694,2,,0.5,,,,,24
TAGCN,1:1,focal_loss,PGExplainer,8029,1,,0.6818181818181818,,,,,25
TAGCN,1:1,focal_loss,PGExplainer,8556,2,,1.0,,,,,25
TAGCN,1:1,focal_loss,PGExplainer,8226,1,,0.7380952380952381,,,,,33
TAGCN,1:1,focal_loss,PGExplainer,8604,2,,0.625,,,,,20
TAGCN,1:1,focal_loss,PGExplainer,9462,4,,0.675,,,,,33
TAGCN,1:1,focal_loss,PGExplainer,8521,2,,0.8333333333333334,,,,,23
TAGCN,1:1,focal_loss,PGExplainer,9442,4,,0.8000000000000002,,,,,30
TAGCN,1:1,focal_loss,PGExplainer,9096,3,,0.9117647058823528,,,,,34
TAGCN,1:1,focal_loss,PGExplainer,8647,2,,1.0,,,,,21
TAGCN,1:1,focal_loss,PGExplainer,8711,2,,1.0,,,,,14
TAGCN,1:1,focal_loss,GNNShap,8568,2,0.9836090225563909,,0.0,0.9698479000119932,,,17
TAGCN,1:1,focal_loss,GNNShap,8147,1,0.9902255639097743,,0.0,0.9485487591724722,,,28
TAGCN,1:1,focal_loss,GNNShap,9119,3,0.9881203007518795,,0.0,0.9707932126754304,,,27
TAGCN,1:1,focal_loss,GNNShap,8265,1,0.9750375939849623,,0.0,0.9792213966358349,,,34
TAGCN,1:1,focal_loss,GNNShap,9321,4,0.9873684210526313,,0.0,0.9525136801785699,,,32
TAGCN,1:1,focal_loss,GNNShap,9008,3,0.9818045112781955,,0.0,0.9691728528763777,,,33
TAGCN,1:1,focal_loss,GNNShap,8107,1,0.9347368421052631,,0.0,0.9981570904714475,,,83
TAGCN,1:1,focal_loss,GNNShap,8053,1,0.9714285714285713,,0.0,0.9979750406197727,,,83
TAGCN,1:1,focal_loss,GNNShap,9238,4,0.9918796992481201,,0.0,0.9437710145192776,,,39
TAGCN,1:1,focal_loss,GNNShap,9121,3,0.9888721804511278,,0.0,0.9832617208183642,,,26
TAGCN,1:1,focal_loss,GNNShap,9405,4,0.9845112781954887,,0.0,0.9458484064969672,,,30
TAGCN,1:1,focal_loss,GNNShap,8997,3,0.9912781954887218,,0.0,0.969068804634381,,,32
TAGCN,1:1,focal_loss,GNNShap,9184,3,0.9860150375939849,,0.0,0.9607248355684874,,,35
TAGCN,1:1,focal_loss,GNNShap,8224,1,0.9807518796992479,,0.0,0.9705349808124343,,,36
TAGCN,1:1,focal_loss,GNNShap,8333,1,0.9577443609022556,,0.0,0.9765114239699976,,,33
TAGCN,1:1,focal_loss,GNNShap,8937,3,0.9887218045112782,,0.0,0.9696657427595496,,,38
TAGCN,1:1,focal_loss,GNNShap,8209,1,0.9852631578947367,,0.0,0.9577639686280225,,,25
TAGCN,1:1,focal_loss,GNNShap,8825,2,0.9828571428571429,,0.0,0.9399672861552812,,,26
TAGCN,1:1,focal_loss,GNNShap,8827,2,0.9950375939849625,,0.0,0.9434084524923021,,,23
TAGCN,1:1,focal_loss,GNNShap,8694,2,0.9837593984962405,,0.0,0.9296944801066671,,,24
TAGCN,1:1,focal_loss,GNNShap,8029,1,0.9903759398496238,,0.0,0.9473291798227335,,,25
TAGCN,1:1,focal_loss,GNNShap,8556,2,0.9936842105263158,,0.0,0.9588291146413814,,,25
TAGCN,1:1,focal_loss,GNNShap,8226,1,0.9936842105263157,,0.0,0.9483972508658283,,,33
TAGCN,1:1,focal_loss,GNNShap,8604,2,0.989624060150376,,0.0,0.9733233400370344,,,20
TAGCN,1:1,focal_loss,GNNShap,9462,4,0.9621052631578945,,0.0,0.9770303916204982,,,33
TAGCN,1:1,focal_loss,GNNShap,8521,2,0.9777443609022555,,1.0,0.9691956912551282,,,23
TAGCN,1:1,focal_loss,GNNShap,9442,4,0.990676691729323,,0.0,0.933353999334493,,,30
TAGCN,1:1,focal_loss,GNNShap,9096,3,0.9806015037593984,,0.0,0.9808803993971246,,,34
TAGCN,1:1,focal_loss,GNNShap,8647,2,0.9872180451127818,,0.0,0.9740443403169985,,,21
TAGCN,1:1,focal_loss,GNNShap,8711,2,0.9870676691729324,,0.0,0.954608476025921,,,14
TAGCN,1:10,none,GNNExplainer,8897,3,0.7532330827067668,0.7058823529411765,1.0,,1.0,0.0,35
TAGCN,1:10,none,GNNExplainer,8270,1,0.9051127819548871,0.20000000000000004,0.0,,1.0,0.0,25
TAGCN,1:10,none,GNNExplainer,8558,2,0.9410526315789471,0.125,0.0,,1.0,0.0,20
TAGCN,1:10,none,GNNExplainer,8404,2,0.9610526315789473,0.0,0.0,,1.0,0.0,25
TAGCN,1:10,none,GNNExplainer,8285,1,0.9378947368421052,0.5769230769230769,0.0,,1.0,0.0,27
TAGCN,1:10,none,GNNExplainer,8053,1,0.48887218045112774,0.2727272727272727,1.0,,0.0,0.0,83
TAGCN,1:10,none,GNNExplainer,8687,2,0.9622556390977444,0.0,1.0,,1.0,0.0,30
TAGCN,1:10,none,GNNExplainer,8740,2,0.9496240601503759,0.0,0.0,,1.0,0.0,23
TAGCN,1:10,none,GNNExplainer,8800,2,0.9678195488721804,0.0,1.0,,1.0,0.0,27
TAGCN,1:10,none,GNNExplainer,8147,1,0.8807518796992481,0.23529411764705882,0.0,,1.0,0.0,28
TAGCN,1:10,none,GNNExplainer,8029,1,0.9130827067669172,0.13636363636363635,0.0,,1.0,0.0,25
TAGCN,1:10,none,GNNExplainer,8665,2,0.863609022556391,0.375,1.0,,1.0,0.0,19
TAGCN,1:10,none,GNNExplainer,8224,1,0.8147368421052631,0.47619047619047616,0.0,,1.0,0.0,36
TAGCN,1:10,none,GNNExplainer,8863,2,0.8834586466165412,0.0,1.0,,1.0,0.0,20
TAGCN,1:10,none,GNNExplainer,9540,4,0.8577443609022556,0.6,1.0,,1.0,0.0,32
TAGCN,1:10,none,GNNExplainer,8226,1,0.9673684210526314,0.3333333333333333,0.0,,1.0,0.0,33
TAGCN,1:10,none,GNNExplainer,9300,4,0.9415037593984963,0.6333333333333333,0.0,,1.0,0.0,30
TAGCN,1:10,none,GNNExplainer,9513,4,0.9294736842105262,0.8333333333333334,0.0,,1.0,0.0,26
TAGCN,1:10,none,GNNExplainer,9112,3,0.9481203007518797,0.7058823529411765,1.0,,1.0,0.0,33
TAGCN,1:10,none,GNNExplainer,8997,3,0.9297744360902254,0.6333333333333333,1.0,,1.0,0.0,32
TAGCN,1:10,none,GNNExplainer,8718,2,0.9317293233082704,0.0,1.0,,1.0,0.0,22
TAGCN,1:10,none,GNNExplainer,9411,4,0.8760902255639097,0.6153846153846154,0.0,,1.0,0.0,30
TAGCN,1:10,none,GNNExplainer,9328,4,0.9336842105263159,0.05000000000000001,1.0,,1.0,0.0,28
TAGCN,1:10,none,GNNExplainer,8107,1,0.5051127819548872,0.32608695652173914,1.0,,0.0,0.0,83
TAGCN,1:10,none,GNNExplainer,8694,2,0.846015037593985,0.5,1.0,,1.0,0.0,24
TAGCN,1:10,none,GNNExplainer,8773,2,0.8419548872180449,0.5,1.0,,1.0,0.0,28
TAGCN,1:10,none,GNNExplainer,8020,1,0.930375939849624,0.631578947368421,0.0,,1.0,0.0,30
TAGCN,1:10,none,GNNExplainer,8447,2,0.9440601503759398,0.75,1.0,,1.0,0.0,21
TAGCN,1:10,none,GNNExplainer,8482,2,0.9317293233082704,0.5,0.0,,1.0,0.0,17
TAGCN,1:10,none,GNNExplainer,8561,2,0.8790977443609023,0.625,1.0,,1.0,0.0,21
TAGCN,1:10,none,PGExplainer,8897,3,,0.9705882352941176,,,,,35
TAGCN,1:10,none,PGExplainer,8270,1,,0.9666666666666667,,,,,25
TAGCN,1:10,none,PGExplainer,8558,2,,0.75,,,,,20
TAGCN,1:10,none,PGExplainer,8404,2,,0.5,,,,,25
TAGCN,1:10,none,PGExplainer,8285,1,,0.9615384615384616,,,,,27
TAGCN,1:10,none,PGExplainer,8053,1,,1.0,,,,,83
TAGCN,1:10,none,PGExplainer,8687,2,,0.75,,,,,30
TAGCN,1:10,none,PGExplainer,8740,2,,0.875,,,,,23
TAGCN,1:10,none,PGExplainer,8800,2,,0.875,,,,,27
TAGCN,1:10,none,PGExplainer,8147,1,,0.9411764705882353,,,,,28
TAGCN,1:10,none,PGExplainer,8029,1,,0.9090909090909091,,,,,25
TAGCN,1:10,none,PGExplainer,8665,2,,0.75,,,,,19
TAGCN,1:10,none,PGExplainer,8224,1,,0.9285714285714286,,,,,36
TAGCN,1:10,none,PGExplainer,8863,2,,0.75,,,,,20
TAGCN,1:10,none,PGExplainer,9540,4,,0.9333333333333333,,,,,32
TAGCN,1:10,none,PGExplainer,8226,1,,0.9285714285714286,,,,,33
TAGCN,1:10,none,PGExplainer,9300,4,,0.9333333333333333,,,,,30
TAGCN,1:10,none,PGExplainer,9513,4,,0.9166666666666666,,,,,26
TAGCN,1:10,none,PGExplainer,9112,3,,0.9705882352941176,,,,,33
TAGCN,1:10,none,PGExplainer,8997,3,,1.0,,,,,32
TAGCN,1:10,none,PGExplainer,8718,2,,0.5,,,,,22
TAGCN,1:10,none,PGExplainer,9411,4,,0.9230769230769231,,,,,30
TAGCN,1:10,none,PGExplainer,9328,4,,0.9500000000000001,,,,,28
TAGCN,1:10,none,PGExplainer,8107,1,,1.0,,,,,83
TAGCN,1:10,none,PGExplainer,8694,2,,0.75,,,,,24
TAGCN,1:10,none,PGExplainer,8773,2,,1.0,,,,,28
TAGCN,1:10,none,PGExplainer,8020,1,,0.9473684210526315,,,,,30
TAGCN,1:10,none,PGExplainer,8447,2,,0.75,,,,,21
TAGCN,1:10,none,PGExplainer,8482,2,,0.5,,,,,17
TAGCN,1:10,none,PGExplainer,8561,2,,0.75,,,,,21
TAGCN,1:10,none,GNNShap,8897,3,0.9291729323308271,,0.0,0.97758709587436,,,35
TAGCN,1:10,none,GNNShap,8270,1,0.983157894736842,,0.0,0.9481093367086867,,,25
TAGCN,1:10,none,GNNShap,8558,2,0.9726315789473683,,0.0,0.9432339209600155,,,20
TAGCN,1:10,none,GNNShap,8404,2,0.9341353383458646,,0.0,0.9823767275576554,,,25
TAGCN,1:10,none,GNNShap,8285,1,0.9882706766917291,,0.0,0.9746425309218661,,,27
TAGCN,1:10,none,GNNShap,8053,1,0.9300751879699248,,0.0,0.9996462467326506,,,83
TAGCN,1:10,none,GNNShap,8687,2,0.9784962406015036,,1.0,0.9803024798211295,,,30
TAGCN,1:10,none,GNNShap,8740,2,0.9521804511278195,,0.0,0.9569267376828015,,,23
TAGCN,1:10,none,GNNShap,8800,2,0.9789473684210523,,0.0,0.9613984082968633,,,27
TAGCN,1:10,none,GNNShap,8147,1,0.9821052631578947,,0.0,0.9359304963304185,,,28
TAGCN,1:10,none,GNNShap,8029,1,0.9843609022556391,,0.0,0.9491013699541057,,,25
TAGCN,1:10,none,GNNShap,8665,2,0.9384962406015035,,0.0,0.97593964611733,,,19
TAGCN,1:10,none,GNNShap,8224,1,0.9712781954887216,,0.0,0.9656856827497953,,,36
TAGCN,1:10,none,GNNShap,8863,2,0.9748872180451127,,1.0,0.9701751233925165,,,20
TAGCN,1:10,none,GNNShap,9540,4,0.961954887218045,,0.0,0.9266697914253863,,,32
TAGCN,1:10,none,GNNShap,8226,1,0.9813533834586465,,0.0,0.9605554649311845,,,33
TAGCN,1:10,none,GNNShap,9300,4,0.9709774436090225,,0.0,0.9694289288813149,,,30
TAGCN,1:10,none,GNNShap,9513,4,0.9882706766917291,,0.0,0.9583886893206298,,,26
TAGCN,1:10,none,GNNShap,9112,3,0.96796992481203,,0.0,0.9758284167202904,,,33
TAGCN,1:10,none,GNNShap,8997,3,0.9804511278195488,,0.0,0.9729046236157975,,,32
TAGCN,1:10,none,GNNShap,8718,2,0.9777443609022555,,0.0,0.9575317963990921,,,22
TAGCN,1:10,none,GNNShap,9411,4,0.9754887218045113,,0.0,0.9644560209495365,,,30
TAGCN,1:10,none,GNNShap,9328,4,0.9584962406015036,,0.0,0.9196477382805668,,,28
TAGCN,1:10,none,GNNShap,8107,1,0.8849624060150376,,0.0,0.9981342647402771,,,83
TAGCN,1:10,none,GNNShap,8694,2,0.9604511278195489,,0.0,0.9668728059070864,,,24
TAGCN,1:10,none,GNNShap,8773,2,0.9578947368421054,,0.0,0.9653585378693454,,,28
TAGCN,1:10,none,GNNShap,8020,1,0.9712781954887216,,0.0,0.9818307904025962,,,30
TAGCN,1:10,none,GNNShap,8447,2,0.970375939849624,,0.0,0.974310635356812,,,21
TAGCN,1:10,none,GNNShap,8482,2,0.9711278195488721,,0.0,0.9521717846927988,,,17
TAGCN,1:10,none,GNNShap,8561,2,0.9168421052631578,,1.0,0.9676113167671673,,,21
TAGCN,1:10,class_weighting,GNNExplainer,9462,4,0.8783458646616541,0.7,1.0,,1.0,0.0,33
TAGCN,1:10,class_weighting,GNNExplainer,8053,1,0.49293233082706767,0.25,1.0,,0.0,0.0,83
TAGCN,1:10,class_weighting,GNNExplainer,8265,1,0.9233082706766916,0.631578947368421,1.0,,1.0,0.0,34
TAGCN,1:10,class_weighting,GNNExplainer,8270,1,0.904812030075188,0.6333333333333333,0.0,,1.0,0.0,25
TAGCN,1:10,class_weighting,GNNExplainer,8107,1,0.4905263157894736,0.32608695652173914,1.0,,0.0,0.0,83
TAGCN,1:10,class_weighting,GNNExplainer,8285,1,0.9329323308270675,0.5769230769230769,1.0,,1.0,0.0,27
TAGCN,1:10,class_weighting,GNNExplainer,8401,2,0.9033082706766917,0.25,1.0,,1.0,0.0,19
TAGCN,1:10,class_weighting,GNNExplainer,8897,3,0.8252631578947367,0.7058823529411765,1.0,,1.0,0.0,35
TAGCN,1:10,class_weighting,GNNExplainer,9287,4,0.8308270676691729,0.6333333333333333,0.0,,1.0,0.0,38
TAGCN,1:10,class_weighting,GNNExplainer,8226,1,0.9609022556390976,0.7142857142857143,0.0,,1.0,0.0,33
TAGCN,1:10,class_weighting,GNNExplainer,8331,1,0.4987969924812029,0.5476190476190477,1.0,,0.6,0.0,30
TAGCN,1:10,class_weighting,GNNExplainer,8757,2,0.9578947368421051,0.0,0.0,,1.0,0.0,20
TAGCN,1:10,class_weighting,GNNExplainer,9488,4,0.48135338345864664,0.3,0.0,,0.0,0.0,67
TAGCN,1:10,class_weighting,GNNExplainer,9540,4,0.8518796992481201,0.6,1.0,,1.0,0.0,32
TAGCN,1:10,class_weighting,GNNExplainer,9455,4,0.9484210526315788,0.7250000000000001,0.0,,1.0,0.0,36
TAGCN,1:10,class_weighting,GNNExplainer,9464,4,0.721954887218045,0.675,0.0,,1.0,0.0,36
TAGCN,1:10,class_weighting,GNNExplainer,8029,1,0.9542857142857144,0.045454545454545456,0.0,,1.0,0.0,25
TAGCN,1:10,class_weighting,GNNExplainer,8718,2,0.9554887218045114,0.0,0.0,,1.0,0.0,22
TAGCN,1:10,class_weighting,GNNExplainer,8773,2,0.7914285714285713,0.625,1.0,,1.0,0.0,28
TAGCN,1:10,class_weighting,GNNExplainer,8797,2,0.9264661654135338,0.5,1.0,,1.0,0.0,17
TAGCN,1:10,class_weighting,GNNExplainer,8319,1,0.9403007518796992,0.8333333333333334,0.0,,1.0,0.0,23
TAGCN,1:10,class_weighting,GNNExplainer,8447,2,0.9118796992481203,0.625,1.0,,1.0,0.0,21
TAGCN,1:10,class_weighting,GNNExplainer,8604,2,0.7730827067669173,0.625,1.0,,1.0,0.0,20
TAGCN,1:10,class_weighting,GNNExplainer,9042,3,0.88796992481203,0.6176470588235294,1.0,,1.0,0.0,36
TAGCN,1:10,class_weighting,GNNExplainer,8333,1,0.9469172932330826,0.30952380952380953,0.0,,1.0,0.0,33
TAGCN,1:10,class_weighting,GNNExplainer,8828,2,0.9449624060150376,0.0,0.0,,1.0,0.0,25
TAGCN,1:10,class_weighting,GNNExplainer,8507,2,0.9339849624060148,0.5,1.0,,1.0,0.0,17
TAGCN,1:10,class_weighting,GNNExplainer,8147,1,0.9189473684210526,0.2647058823529412,0.0,,1.0,0.0,28
TAGCN,1:10,class_weighting,GNNExplainer,9411,4,0.8669172932330825,0.6153846153846154,1.0,,1.0,0.0,30
TAGCN,1:10,class_weighting,GNNExplainer,9328,4,0.9520300751879699,0.55,0.0,,1.0,0.0,28
TAGCN,1:10,class_weighting,PGExplainer,9462,4,,0.9500000000000001,,,,,33
TAGCN,1:10,class_weighting,PGExplainer,8053,1,,0.9772727272727273,,,,,83
TAGCN,1:10,class_weighting,PGExplainer,8265,1,,0.9473684210526315,,,,,34
TAGCN,1:10,class_weighting,PGExplainer,8270,1,,0.9666666666666667,,,,,25
TAGCN,1:10,class_weighting,PGExplainer,8107,1,,1.0,,,,,83
TAGCN,1:10,class_weighting,PGExplainer,8285,1,,0.9615384615384616,,,,,27
TAGCN,1:10,class_weighting,PGExplainer,8401,2,,1.0,,,,,19
TAGCN,1:10,class_weighting,PGExplainer,8897,3,,0.9411764705882353,,,,,35
TAGCN,1:10,class_weighting,PGExplainer,9287,4,,0.9333333333333333,,,,,38
TAGCN,1:10,class_weighting,PGExplainer,8226,1,,0.9047619047619048,,,,,33
TAGCN,1:10,class_weighting,PGExplainer,8331,1,,0.9761904761904762,,,,,30
TAGCN,1:10,class_weighting,PGExplainer,8757,2,,0.5,,,,,20
TAGCN,1:10,class_weighting,PGExplainer,9488,4,,0.9666666666666667,,,,,67
TAGCN,1:10,class_weighting,PGExplainer,9540,4,,0.9333333333333333,,,,,32
TAGCN,1:10,class_weighting,PGExplainer,9455,4,,0.925,,,,,36
TAGCN,1:10,class_weighting,PGExplainer,9464,4,,0.9500000000000001,,,,,36
TAGCN,1:10,class_weighting,PGExplainer,8029,1,,0.9090909090909091,,,,,25
TAGCN,1:10,class_weighting,PGExplainer,8718,2,,0.5,,,,,22
TAGCN,1:10,class_weighting,PGExplainer,8773,2,,1.0,,,,,28
TAGCN,1:10,class_weighting,PGExplainer,8797,2,,0.875,,,,,17
TAGCN,1:10,class_weighting,PGExplainer,8319,1,,0.9666666666666667,,,,,23
TAGCN,1:10,class_weighting,PGExplainer,8447,2,,0.75,,,,,21
TAGCN,1:10,class_weighting,PGExplainer,8604,2,,0.75,,,,,20
TAGCN,1:10,class_weighting,PGExplainer,9042,3,,1.0,,,,,36
TAGCN,1:10,class_weighting,PGExplainer,8333,1,,0.9523809523809523,,,,,33
TAGCN,1:10,class_weighting,PGExplainer,8828,2,,0.5,,,,,25
TAGCN,1:10,class_weighting,PGExplainer,8507,2,,1.0,,,,,17
TAGCN,1:10,class_weighting,PGExplainer,8147,1,,0.9411764705882353,,,,,28
TAGCN,1:10,class_weighting,PGExplainer,9411,4,,0.9230769230769231,,,,,30
TAGCN,1:10,class_weighting,PGExplainer,9328,4,,0.9500000000000001,,,,,28
TAGCN,1:10,class_weighting,GNNShap,9462,4,0.9548872180451127,,0.0,0.983471575689783,,,33
TAGCN,1:10,class_weighting,GNNShap,8053,1,0.8957894736842104,,0.0,0.9999816852610606,,,83
TAGCN,1:10,class_weighting,GNNShap,8265,1,0.9678195488721804,,0.0,0.9873039484146489,,,34
TAGCN,1:10,class_weighting,GNNShap,8270,1,0.9813533834586465,,0.0,0.958186714938118,,,25
TAGCN,1:10,class_weighting,GNNShap,8107,1,0.8551879699248118,,0.0,0.9997701525219702,,,83
TAGCN,1:10,class_weighting,GNNShap,8285,1,0.9652631578947368,,0.0,0.9850587987051247,,,27
TAGCN,1:10,class_weighting,GNNShap,8401,2,0.9538345864661654,,1.0,0.9773448645752657,,,19
TAGCN,1:10,class_weighting,GNNShap,8897,3,0.9437593984962405,,0.0,0.978178134619975,,,35
TAGCN,1:10,class_weighting,GNNShap,9287,4,0.9908270676691728,,0.0,0.9719667833338115,,,38
TAGCN,1:10,class_weighting,GNNShap,8226,1,0.9669172932330827,,0.0,0.9736529973846053,,,33
TAGCN,1:10,class_weighting,GNNShap,8331,1,0.9637593984962404,,0.0,0.8972403128151905,,,30
TAGCN,1:10,class_weighting,GNNShap,8757,2,0.9879699248120298,,1.0,0.9279932354092123,,,20
TAGCN,1:10,class_weighting,GNNShap,9488,4,0.8090225563909774,,0.0,0.9996433049747955,,,67
TAGCN,1:10,class_weighting,GNNShap,9540,4,0.9306766917293231,,0.0,0.9644553674443657,,,32
TAGCN,1:10,class_weighting,GNNShap,9455,4,0.9648120300751881,,0.0,0.9640619283744188,,,36
TAGCN,1:10,class_weighting,GNNShap,9464,4,0.9780451127819546,,0.0,0.9591494208879258,,,36
TAGCN,1:10,class_weighting,GNNShap,8029,1,0.9748872180451127,,0.0,0.9752110786249538,,,25
TAGCN,1:10,class_weighting,GNNShap,8718,2,0.9830075187969924,,0.0,0.966035326831698,,,22
TAGCN,1:10,class_weighting,GNNShap,8773,2,0.9663157894736841,,0.0,0.9746113479058349,,,28
TAGCN,1:10,class_weighting,GNNShap,8797,2,0.9774436090225562,,0.0,0.9451514460414806,,,17
TAGCN,1:10,class_weighting,GNNShap,8319,1,0.9795488721804511,,0.0,0.9749955061539346,,,23
TAGCN,1:10,class_weighting,GNNShap,8447,2,0.9730827067669173,,0.0,0.9754986057920817,,,21
TAGCN,1:10,class_weighting,GNNShap,8604,2,0.9627067669172931,,0.0,0.9755897192227516,,,20
TAGCN,1:10,class_weighting,GNNShap,9042,3,0.9654135338345864,,0.0,0.9829536586651514,,,36
TAGCN,1:10,class_weighting,GNNShap,8333,1,0.9798496240601502,,0.0,0.9743882008739624,,,33
TAGCN,1:10,class_weighting,GNNShap,8828,2,0.9834586466165411,,0.0,0.9771208327039634,,,25
TAGCN,1:10,class_weighting,GNNShap,8507,2,0.9688721804511277,,0.0,0.9861324154789065,,,17
TAGCN,1:10,class_weighting,GNNShap,8147,1,0.9857142857142854,,0.0,0.9538461183189524,,,28
TAGCN,1:10,class_weighting,GNNShap,9411,4,0.9711278195488718,,0.0,0.9789172299134512,,,30
TAGCN,1:10,class_weighting,GNNShap,9328,4,0.9854135338345863,,0.0,0.9497366089752886,,,28
TAGCN,1:10,focal_loss,GNNExplainer,9460,4,0.9254135338345865,0.525,0.0,,1.0,0.0,35
TAGCN,1:10,focal_loss,GNNExplainer,8053,1,0.5166917293233081,0.25,1.0,,0.0,0.0,83
TAGCN,1:10,focal_loss,GNNExplainer,8265,1,0.9530827067669172,0.47368421052631576,1.0,,1.0,0.0,34
TAGCN,1:10,focal_loss,GNNExplainer,8270,1,0.8667669172932332,0.5666666666666667,1.0,,1.0,0.0,25
TAGCN,1:10,focal_loss,GNNExplainer,8107,1,0.5757894736842106,0.2826086956521739,1.0,,0.0,0.0,83
TAGCN,1:10,focal_loss,GNNExplainer,8285,1,0.9066165413533834,0.5384615384615384,1.0,,1.0,0.0,27
TAGCN,1:10,focal_loss,GNNExplainer,8401,2,0.8703759398496238,0.25,1.0,,1.0,0.0,19
TAGCN,1:10,focal_loss,GNNExplainer,8874,2,0.884812030075188,0.75,1.0,,1.0,0.0,23
TAGCN,1:10,focal_loss,GNNExplainer,9276,4,0.9066165413533834,0.7,0.0,,1.0,0.0,26
TAGCN,1:10,focal_loss,GNNExplainer,8226,1,0.8978947368421053,0.5476190476190477,0.0,,1.0,0.0,33
TAGCN,1:10,focal_loss,GNNExplainer,8331,1,0.8658646616541352,0.5714285714285714,0.0,,1.0,0.0,30
TAGCN,1:10,focal_loss,GNNExplainer,8747,2,0.8396992481203007,0.625,1.0,,1.0,0.0,19
TAGCN,1:10,focal_loss,GNNExplainer,9488,4,0.4809022556390977,0.26666666666666666,0.0,,0.0,0.0,67
TAGCN,1:10,focal_loss,GNNExplainer,9540,4,0.8735338345864662,0.5666666666666667,0.0,,1.0,0.0,32
TAGCN,1:10,focal_loss,GNNExplainer,9447,4,0.8377443609022555,0.5,0.0,,1.0,0.0,33
TAGCN,1:10,focal_loss,GNNExplainer,9462,4,0.9093233082706768,0.6,0.0,,1.0,0.0,33
TAGCN,1:10,focal_loss,GNNExplainer,8029,1,0.9186466165413535,0.09090909090909091,0.0,,1.0,0.0,25
TAGCN,1:10,focal_loss,GNNExplainer,8717,2,0.8902255639097744,0.0,0.0,,1.0,0.0,21
TAGCN,1:10,focal_loss,GNNExplainer,8757,2,0.9282706766917294,0.0,0.0,,1.0,0.0,20
TAGCN,1:10,focal_loss,GNNExplainer,8790,2,0.9288721804511277,0.16666666666666666,0.0,,1.0,0.0,24
TAGCN,1:10,focal_loss,GNNExplainer,8319,1,0.8833082706766916,0.7333333333333333,0.0,,1.0,0.0,23
TAGCN,1:10,focal_loss,GNNExplainer,8447,2,0.8628571428571428,0.5,1.0,,1.0,0.0,21
TAGCN,1:10,focal_loss,GNNExplainer,8602,2,0.915187969924812,0.0,1.0,,1.0,0.0,16
TAGCN,1:10,focal_loss,GNNExplainer,9026,3,0.8237593984962406,0.6470588235294118,1.0,,1.0,0.0,35
TAGCN,1:10,focal_loss,GNNExplainer,8333,1,0.944812030075188,0.40476190476190477,0.0,,1.0,0.0,33
TAGCN,1:10,focal_loss,GNNExplainer,8827,2,0.8981954887218043,0.0,1.0,,1.0,0.0,23
TAGCN,1:10,focal_loss,GNNExplainer,8482,2,0.8718796992481204,0.0,1.0,,1.0,0.0,17
TAGCN,1:10,focal_loss,GNNExplainer,8147,1,0.8933834586466165,0.3235294117647059,0.0,,1.0,0.0,28
TAGCN,1:10,focal_loss,GNNExplainer,9407,4,0.7869172932330826,0.3888888888888889,0.0,,1.0,0.0,40
TAGCN,1:10,focal_loss,GNNExplainer,9320,4,0.9145864661654134,0.5588235294117647,0.0,,1.0,0.0,38
TAGCN,1:10,focal_loss,PGExplainer,9460,4,,0.9500000000000001,,,,,35
TAGCN,1:10,focal_loss,PGExplainer,8053,1,,0.9772727272727273,,,,,83
TAGCN,1:10,focal_loss,PGExplainer,8265,1,,0.9473684210526315,,,,,34
TAGCN,1:10,focal_loss,PGExplainer,8270,1,,0.9666666666666667,,,,,25
TAGCN,1:10,focal_loss,PGExplainer,8107,1,,1.0,,,,,83
TAGCN,1:10,focal_loss,PGExplainer,8285,1,,0.9615384615384616,,,,,27
TAGCN,1:10,focal_loss,PGExplainer,8401,2,,0.75,,,,,19
TAGCN,1:10,focal_loss,PGExplainer,8874,2,,0.875,,,,,23
TAGCN,1:10,focal_loss,PGExplainer,9276,4,,0.9333333333333333,,,,,26
TAGCN,1:10,focal_loss,PGExplainer,8226,1,,0.9047619047619048,,,,,33
TAGCN,1:10,focal_loss,PGExplainer,8331,1,,0.9761904761904762,,,,,30
TAGCN,1:10,focal_loss,PGExplainer,8747,2,,0.75,,,,,19
TAGCN,1:10,focal_loss,PGExplainer,9488,4,,0.9666666666666667,,,,,67
TAGCN,1:10,focal_loss,PGExplainer,9540,4,,0.9333333333333333,,,,,32
TAGCN,1:10,focal_loss,PGExplainer,9447,4,,0.9,,,,,33
TAGCN,1:10,focal_loss,PGExplainer,9462,4,,0.925,,,,,33
TAGCN,1:10,focal_loss,PGExplainer,8029,1,,0.9090909090909091,,,,,25
TAGCN,1:10,focal_loss,PGExplainer,8717,2,,0.5,,,,,21
TAGCN,1:10,focal_loss,PGExplainer,8757,2,,0.75,,,,,20
TAGCN,1:10,focal_loss,PGExplainer,8790,2,,0.5,,,,,24
TAGCN,1:10,focal_loss,PGExplainer,8319,1,,0.9666666666666667,,,,,23
TAGCN,1:10,focal_loss,PGExplainer,8447,2,,0.75,,,,,21
TAGCN,1:10,focal_loss,PGExplainer,8602,2,,0.75,,,,,16
TAGCN,1:10,focal_loss,PGExplainer,9026,3,,0.9705882352941176,,,,,35
TAGCN,1:10,focal_loss,PGExplainer,8333,1,,0.9523809523809523,,,,,33
TAGCN,1:10,focal_loss,PGExplainer,8827,2,,0.375,,,,,23
TAGCN,1:10,focal_loss,PGExplainer,8482,2,,0.75,,,,,17
TAGCN,1:10,focal_loss,PGExplainer,8147,1,,0.9117647058823528,,,,,28
TAGCN,1:10,focal_loss,PGExplainer,9407,4,,0.9444444444444444,,,,,40
TAGCN,1:10,focal_loss,PGExplainer,9320,4,,0.9117647058823528,,,,,38
TAGCN,1:10,focal_loss,GNNShap,9460,4,0.9969924812030074,,0.0,0.9643608388307927,,,35
TAGCN,1:10,focal_loss,GNNShap,8053,1,0.9598496240601504,,0.0,0.9988040751251482,,,83
TAGCN,1:10,focal_loss,GNNShap,8265,1,0.993984962406015,,0.0,0.9824579678755502,,,34
TAGCN,1:10,focal_loss,GNNShap,8270,1,0.9939849624060149,,0.0,0.9295468551180741,,,25
TAGCN,1:10,focal_loss,GNNShap,8107,1,0.9523308270676691,,0.0,0.9975408459008538,,,83
TAGCN,1:10,focal_loss,GNNShap,8285,1,0.9954887218045112,,0.0,0.9599145058126691,,,27
TAGCN,1:10,focal_loss,GNNShap,8401,2,0.959548872180451,,1.0,0.9803646946813762,,,19
TAGCN,1:10,focal_loss,GNNShap,8874,2,0.9902255639097742,,1.0,0.9610848102571958,,,23
TAGCN,1:10,focal_loss,GNNShap,9276,4,0.9923308270676691,,0.0,0.9684218936075991,,,26
TAGCN,1:10,focal_loss,GNNShap,8226,1,0.9954887218045112,,0.0,0.9569028540674827,,,33
TAGCN,1:10,focal_loss,GNNShap,8331,1,0.9885714285714284,,0.0,0.9505509788005702,,,30
TAGCN,1:10,focal_loss,GNNShap,8747,2,0.9845112781954886,,0.0,0.9449281223009457,,,19
TAGCN,1:10,focal_loss,GNNShap,9488,4,0.8803007518796993,,0.0,0.9965295522172279,,,67
TAGCN,1:10,focal_loss,GNNShap,9540,4,0.9965413533834585,,0.0,0.9436234799840382,,,32
TAGCN,1:10,focal_loss,GNNShap,9447,4,0.9984962406015038,,0.0,0.9517604813614605,,,33
TAGCN,1:10,focal_loss,GNNShap,9462,4,0.9945864661654135,,0.0,0.9710477147788055,,,33
TAGCN,1:10,focal_loss,GNNShap,8029,1,0.9978947368421054,,0.0,0.9610234414234309,,,25
TAGCN,1:10,focal_loss,GNNShap,8717,2,0.9936842105263157,,0.0,0.9769112566010903,,,21
TAGCN,1:10,focal_loss,GNNShap,8757,2,0.9977443609022554,,1.0,0.9368509151767805,,,20
TAGCN,1:10,focal_loss,GNNShap,8790,2,0.9890225563909774,,0.0,0.9427064906124537,,,24
TAGCN,1:10,focal_loss,GNNShap,8319,1,0.9936842105263157,,0.0,0.9358302843926125,,,23
TAGCN,1:10,focal_loss,GNNShap,8447,2,0.9786466165413534,,0.0,0.9697273072917539,,,21
TAGCN,1:10,focal_loss,GNNShap,8602,2,0.9795488721804511,,0.0,0.9663564983955979,,,16
TAGCN,1:10,focal_loss,GNNShap,9026,3,0.9873684210526316,,0.0,0.9823872013227068,,,35
TAGCN,1:10,focal_loss,GNNShap,8333,1,0.9944360902255639,,0.0,0.9810732593910803,,,33
TAGCN,1:10,focal_loss,GNNShap,8827,2,0.9953383458646616,,0.0,0.9418359494285294,,,23
TAGCN,1:10,focal_loss,GNNShap,8482,2,0.9861654135338345,,0.0,0.9720738030094006,,,17
TAGCN,1:10,focal_loss,GNNShap,8147,1,0.9938345864661654,,0.0,0.9332332083119038,,,28
TAGCN,1:10,focal_loss,GNNShap,9407,4,0.9978947368421052,,0.0,0.9604893816198403,,,40
TAGCN,1:10,focal_loss,GNNShap,9320,4,0.9969924812030074,,0.0,0.9493042745244752,,,38
TAGCN,1:50,none,GNNExplainer,8089,1,0.9368421052631577,0.45652173913043476,1.0,,1.0,0.0,34
TAGCN,1:50,none,GNNExplainer,8065,1,0.9864661654135336,0.18181818181818182,0.0,,1.0,0.0,40
TAGCN,1:50,none,GNNExplainer,8694,2,0.9687218045112781,0.625,1.0,,1.0,0.0,24
TAGCN,1:50,none,GNNExplainer,9026,3,0.9193984962406014,0.20588235294117646,1.0,,1.0,0.0,35
TAGCN,1:50,none,GNNExplainer,8423,2,0.9356390977443608,0.0,0.0,,1.0,0.0,26
TAGCN,1:50,none,GNNExplainer,8634,2,0.9754887218045111,0.16666666666666666,0.0,,1.0,0.0,24
TAGCN,1:50,none,GNNExplainer,9313,4,0.96796992481203,0.3235294117647059,0.0,,1.0,0.0,32
TAGCN,1:50,none,GNNExplainer,9321,4,0.9756390977443609,0.3235294117647059,0.0,,1.0,0.0,32
TAGCN,1:50,none,GNNExplainer,9176,3,0.9533834586466166,0.4375,1.0,,1.0,0.0,40
TAGCN,1:50,none,GNNExplainer,9425,4,0.9503759398496239,0.6764705882352942,0.0,,1.0,0.0,31
TAGCN,1:50,none,GNNExplainer,9462,4,0.9559398496240601,0.425,0.0,,1.0,0.0,33
TAGCN,1:50,none,GNNExplainer,9347,4,0.9732330827067669,0.35,0.0,,1.0,0.0,35
TAGCN,1:50,none,GNNExplainer,8398,2,0.9729323308270675,0.625,0.0,,1.0,0.0,25
TAGCN,1:50,none,GNNExplainer,9398,4,0.9723308270676689,0.6666666666666666,0.0,,1.0,0.0,34
TAGCN,1:50,none,GNNExplainer,8446,2,0.9693233082706765,0.0,0.0,,1.0,0.0,23
TAGCN,1:50,none,GNNExplainer,9238,4,0.9723308270676692,0.675,0.0,,1.0,0.0,39
TAGCN,1:50,none,GNNExplainer,8101,1,0.9437593984962405,0.6,1.0,,1.0,0.0,33
TAGCN,1:50,none,GNNExplainer,8541,2,0.9825563909774434,0.0,0.0,,1.0,0.0,24
TAGCN,1:50,none,GNNExplainer,8561,2,0.9526315789473683,0.0,0.0,,1.0,0.0,21
TAGCN,1:50,none,GNNExplainer,9133,3,0.893984962406015,0.6333333333333333,1.0,,1.0,0.0,31
TAGCN,1:50,none,GNNExplainer,8347,1,0.9251127819548872,0.7727272727272727,1.0,,1.0,0.0,29
TAGCN,1:50,none,GNNExplainer,8698,2,0.9706766917293234,0.5,0.0,,1.0,0.0,18
TAGCN,1:50,none,GNNExplainer,8666,2,0.9771428571428571,0.5,0.0,,1.0,0.0,24
TAGCN,1:50,none,GNNExplainer,8180,1,0.9580451127819549,0.391304347826087,1.0,,1.0,0.0,35
TAGCN,1:50,none,GNNExplainer,8130,1,0.9258646616541352,0.7272727272727273,0.0,,1.0,0.0,19
TAGCN,1:50,none,GNNExplainer,8094,1,0.9227067669172933,0.58,1.0,,1.0,0.0,32
TAGCN,1:50,none,GNNExplainer,9366,4,0.9664661654135337,0.23076923076923078,0.0,,1.0,0.0,27
TAGCN,1:50,none,GNNExplainer,9471,4,0.9458646616541353,0.425,0.0,,1.0,0.0,33
TAGCN,1:50,none,GNNExplainer,8665,2,0.9693233082706765,0.0,0.0,,1.0,0.0,19
TAGCN,1:50,none,GNNExplainer,9468,4,0.9484210526315788,0.675,0.0,,1.0,0.0,33
TAGCN,1:50,none,PGExplainer,8089,1,,0.9565217391304348,,,,,34
TAGCN,1:50,none,PGExplainer,8065,1,,0.9545454545454546,,,,,40
TAGCN,1:50,none,PGExplainer,8694,2,,0.375,,,,,24
TAGCN,1:50,none,PGExplainer,9026,3,,0.9705882352941176,,,,,35
TAGCN,1:50,none,PGExplainer,8423,2,,0.625,,,,,26
TAGCN,1:50,none,PGExplainer,8634,2,,0.3333333333333333,,,,,24
TAGCN,1:50,none,PGExplainer,9313,4,,0.9411764705882353,,,,,32
TAGCN,1:50,none,PGExplainer,9321,4,,0.9411764705882353,,,,,32
TAGCN,1:50,none,PGExplainer,9176,3,,0.9791666666666666,,,,,40
TAGCN,1:50,none,PGExplainer,9425,4,,0.9411764705882353,,,,,31
TAGCN,1:50,none,PGExplainer,9462,4,,0.9500000000000001,,,,,33
TAGCN,1:50,none,PGExplainer,9347,4,,0.9500000000000001,,,,,35
TAGCN,1:50,none,PGExplainer,8398,2,,0.5,,,,,25
TAGCN,1:50,none,PGExplainer,9398,4,,0.9444444444444444,,,,,34
TAGCN,1:50,none,PGExplainer,8446,2,,0.625,,,,,23
TAGCN,1:50,none,PGExplainer,9238,4,,0.9500000000000001,,,,,39
TAGCN,1:50,none,PGExplainer,8101,1,,1.0,,,,,33
TAGCN,1:50,none,PGExplainer,8541,2,,0.5,,,,,24
TAGCN,1:50,none,PGExplainer,8561,2,,0.625,,,,,21
TAGCN,1:50,none,PGExplainer,9133,3,,0.9666666666666667,,,,,31
TAGCN,1:50,none,PGExplainer,8347,1,,1.0,,,,,29
TAGCN,1:50,none,PGExplainer,8698,2,,1.0,,,,,18
TAGCN,1:50,none,PGExplainer,8666,2,,1.0,,,,,24
TAGCN,1:50,none,PGExplainer,8180,1,,0.9565217391304348,,,,,35
TAGCN,1:50,none,PGExplainer,8130,1,,1.0,,,,,19
TAGCN,1:50,none,PGExplainer,8094,1,,1.0,,,,,32
TAGCN,1:50,none,PGExplainer,9366,4,,0.9230769230769231,,,,,27
TAGCN,1:50,none,PGExplainer,9471,4,,0.9500000000000001,,,,,33
TAGCN,1:50,none,PGExplainer,8665,2,,0.625,,,,,19
TAGCN,1:50,none,PGExplainer,9468,4,,0.9500000000000001,,,,,33
TAGCN,1:50,none,GNNShap,8089,1,0.9852631578947367,,0.0,0.8959078519731539,,,34
TAGCN,1:50,none,GNNShap,8065,1,0.9455639097744362,,0.0,0.9401820489694103,,,40
TAGCN,1:50,none,GNNShap,8694,2,0.9693233082706767,,0.0,0.9323965229880015,,,24
TAGCN,1:50,none,GNNShap,9026,3,0.9631578947368421,,1.0,0.9586348822944044,,,35
TAGCN,1:50,none,GNNShap,8423,2,0.9866165413533834,,1.0,0.9374009108600821,,,26
TAGCN,1:50,none,GNNShap,8634,2,0.9821052631578946,,0.0,0.9171692565150538,,,24
TAGCN,1:50,none,GNNShap,9313,4,0.9775939849624059,,0.0,0.9540042655300105,,,32
TAGCN,1:50,none,GNNShap,9321,4,0.9825563909774434,,0.0,0.9210570576864097,,,32
TAGCN,1:50,none,GNNShap,9176,3,0.9690225563909773,,0.0,0.9556579185057343,,,40
TAGCN,1:50,none,GNNShap,9425,4,0.9541353383458645,,0.0,0.9373600080389017,,,31
TAGCN,1:50,none,GNNShap,9462,4,0.9697744360902254,,0.0,0.9370625806558971,,,33
TAGCN,1:50,none,GNNShap,9347,4,0.9771428571428572,,0.0,0.955328117291188,,,35
TAGCN,1:50,none,GNNShap,8398,2,0.9493233082706766,,1.0,0.9323183913982179,,,25
TAGCN,1:50,none,GNNShap,9398,4,0.9855639097744359,,0.0,0.9606586161151439,,,34
TAGCN,1:50,none,GNNShap,8446,2,0.9634586466165412,,0.0,0.9054517393384437,,,23
TAGCN,1:50,none,GNNShap,9238,4,0.9821052631578946,,0.0,0.9275379162138743,,,39
TAGCN,1:50,none,GNNShap,8101,1,0.9790977443609021,,0.0,0.972727926959279,,,33
TAGCN,1:50,none,GNNShap,8541,2,0.9723308270676693,,0.0,0.9568656254294755,,,24
TAGCN,1:50,none,GNNShap,8561,2,0.9618045112781953,,0.0,0.8916075536137598,,,21
TAGCN,1:50,none,GNNShap,9133,3,0.9472180451127817,,0.0,0.9619001362484333,,,31
TAGCN,1:50,none,GNNShap,8347,1,0.9703759398496239,,0.0,0.9571314749337517,,,29
TAGCN,1:50,none,GNNShap,8698,2,0.9745864661654136,,0.0,0.9717810857076028,,,18
TAGCN,1:50,none,GNNShap,8666,2,0.964360902255639,,0.0,0.9204899504375008,,,24
TAGCN,1:50,none,GNNShap,8180,1,0.9696240601503758,,0.0,0.8832888352948036,,,35
TAGCN,1:50,none,GNNShap,8130,1,0.9640601503759398,,0.0,0.9726312342495339,,,19
TAGCN,1:50,none,GNNShap,8094,1,0.9727819548872179,,0.0,0.9763571738057829,,,32
TAGCN,1:50,none,GNNShap,9366,4,0.9780451127819549,,0.0,0.920932021984586,,,27
TAGCN,1:50,none,GNNShap,9471,4,0.9587969924812029,,0.0,0.9228224958415767,,,33
TAGCN,1:50,none,GNNShap,8665,2,0.9655639097744361,,0.0,0.9357774818914667,,,19
TAGCN,1:50,none,GNNShap,9468,4,0.9581954887218045,,0.0,0.9295803080029275,,,33
TAGCN,1:50,class_weighting,GNNExplainer,8126,1,0.5073684210526316,0.3181818181818182,1.0,,0.0,0.0,47
TAGCN,1:50,class_weighting,GNNExplainer,8591,2,0.8864661654135337,0.5,1.0,,1.0,0.0,21
TAGCN,1:50,class_weighting,GNNExplainer,8375,1,0.9634586466165412,0.4000000000000001,0.0,,1.0,0.0,24
TAGCN,1:50,class_weighting,GNNExplainer,8666,2,0.940300751879699,0.375,1.0,,1.0,0.0,24
TAGCN,1:50,class_weighting,GNNExplainer,9149,3,0.9756390977443606,0.13333333333333333,1.0,,1.0,0.0,34
TAGCN,1:50,class_weighting,GNNExplainer,8740,2,0.9697744360902254,0.0,0.0,,1.0,0.0,23
TAGCN,1:50,class_weighting,GNNExplainer,9273,4,0.47729323308270677,0.20000000000000004,0.0,,0.0,0.0,73
TAGCN,1:50,class_weighting,GNNExplainer,8228,1,0.9757894736842104,0.16666666666666666,0.0,,1.0,0.0,41
TAGCN,1:50,class_weighting,GNNExplainer,8899,3,0.9697744360902256,0.08823529411764706,1.0,,1.0,0.0,38
TAGCN,1:50,class_weighting,GNNExplainer,9443,4,0.9586466165413533,0.8000000000000002,0.0,,1.0,0.0,27
TAGCN,1:50,class_weighting,GNNExplainer,9096,3,0.7999999999999999,0.6176470588235294,0.0,,1.0,0.0,34
TAGCN,1:50,class_weighting,GNNExplainer,9541,4,0.8852631578947368,0.7,1.0,,1.0,0.0,26
TAGCN,1:50,class_weighting,GNNExplainer,9366,4,0.9566917293233083,0.23076923076923078,1.0,,1.0,0.0,27
TAGCN,1:50,class_weighting,GNNExplainer,8400,2,0.9112781954887217,0.0,0.0,,1.0,0.0,17
TAGCN,1:50,class_weighting,GNNExplainer,8969,3,0.9156390977443607,0.6388888888888888,1.0,,1.0,0.0,32
TAGCN,1:50,class_weighting,GNNExplainer,9141,3,0.8628571428571428,0.6,1.0,,1.0,0.0,30
TAGCN,1:50,class_weighting,GNNExplainer,9362,4,0.8342857142857142,0.6538461538461539,0.0,,1.0,0.0,25
TAGCN,1:50,class_weighting,GNNExplainer,8803,2,0.9016541353383458,0.0,1.0,,1.0,0.0,17
TAGCN,1:50,class_weighting,GNNExplainer,8529,2,0.9360902255639096,0.5,1.0,,1.0,0.0,23
TAGCN,1:50,class_weighting,GNNExplainer,8289,1,0.9393984962406016,0.5208333333333334,0.0,,1.0,0.0,35
TAGCN,1:50,class_weighting,GNNExplainer,9343,4,0.9329323308270675,0.5,0.0,,1.0,0.0,32
TAGCN,1:50,class_weighting,GNNExplainer,9534,4,0.8022556390977442,0.6,0.0,,1.0,0.0,34
TAGCN,1:50,class_weighting,GNNExplainer,8229,1,0.9085714285714286,0.6428571428571429,0.0,,1.0,0.0,31
TAGCN,1:50,class_weighting,GNNExplainer,8223,1,0.9130827067669172,0.6666666666666666,0.0,,1.0,0.0,34
TAGCN,1:50,class_weighting,GNNExplainer,9112,3,0.9518796992481201,0.6470588235294118,0.0,,1.0,0.0,33
TAGCN,1:50,class_weighting,GNNExplainer,8053,1,0.4810526315789473,0.25,1.0,,0.0,0.0,83
TAGCN,1:50,class_weighting,GNNExplainer,8100,1,0.9568421052631578,0.41999999999999993,0.0,,1.0,0.0,35
TAGCN,1:50,class_weighting,GNNExplainer,9176,3,0.842406015037594,0.5625,1.0,,1.0,0.0,40
TAGCN,1:50,class_weighting,GNNExplainer,8556,2,0.9016541353383458,0.5,1.0,,1.0,0.0,25
TAGCN,1:50,class_weighting,GNNExplainer,8106,1,0.7699248120300752,0.5,0.0,,0.4,0.0,39
TAGCN,1:50,class_weighting,PGExplainer,8126,1,,0.5454545454545454,,,,,47
TAGCN,1:50,class_weighting,PGExplainer,8591,2,,0.6666666666666666,,,,,21
TAGCN,1:50,class_weighting,PGExplainer,8375,1,,0.9333333333333333,,,,,24
TAGCN,1:50,class_weighting,PGExplainer,8666,2,,1.0,,,,,24
TAGCN,1:50,class_weighting,PGExplainer,9149,3,,0.9333333333333333,,,,,34
TAGCN,1:50,class_weighting,PGExplainer,8740,2,,0.75,,,,,23
TAGCN,1:50,class_weighting,PGExplainer,9273,4,,0.8333333333333334,,,,,73
TAGCN,1:50,class_weighting,PGExplainer,8228,1,,0.8809523809523809,,,,,41
TAGCN,1:50,class_weighting,PGExplainer,8899,3,,0.9411764705882353,,,,,38
TAGCN,1:50,class_weighting,PGExplainer,9443,4,,0.9,,,,,27
TAGCN,1:50,class_weighting,PGExplainer,9096,3,,0.9705882352941176,,,,,34
TAGCN,1:50,class_weighting,PGExplainer,9541,4,,0.9333333333333333,,,,,26
TAGCN,1:50,class_weighting,PGExplainer,9366,4,,0.8846153846153846,,,,,27
TAGCN,1:50,class_weighting,PGExplainer,8400,2,,0.75,,,,,17
TAGCN,1:50,class_weighting,PGExplainer,8969,3,,0.9722222222222222,,,,,32
TAGCN,1:50,class_weighting,PGExplainer,9141,3,,0.9666666666666667,,,,,30
TAGCN,1:50,class_weighting,PGExplainer,9362,4,,0.9230769230769231,,,,,25
TAGCN,1:50,class_weighting,PGExplainer,8803,2,,0.75,,,,,17
TAGCN,1:50,class_weighting,PGExplainer,8529,2,,0.625,,,,,23
TAGCN,1:50,class_weighting,PGExplainer,8289,1,,0.9375,,,,,35
TAGCN,1:50,class_weighting,PGExplainer,9343,4,,0.975,,,,,32
TAGCN,1:50,class_weighting,PGExplainer,9534,4,,0.9333333333333333,,,,,34
TAGCN,1:50,class_weighting,PGExplainer,8229,1,,0.8809523809523809,,,,,31
TAGCN,1:50,class_weighting,PGExplainer,8223,1,,0.8809523809523809,,,,,34
TAGCN,1:50,class_weighting,PGExplainer,9112,3,,0.9705882352941176,,,,,33
TAGCN,1:50,class_weighting,PGExplainer,8053,1,,0.9545454545454546,,,,,83
TAGCN,1:50,class_weighting,PGExplainer,8100,1,,0.96,,,,,35
TAGCN,1:50,class_weighting,PGExplainer,9176,3,,0.9791666666666666,,,,,40
TAGCN,1:50,class_weighting,PGExplainer,8556,2,,1.0,,,,,25
TAGCN,1:50,class_weighting,PGExplainer,8106,1,,1.0,,,,,39
TAGCN,1:50,class_weighting,GNNShap,8126,1,0.8162406015037593,,0.0,0.9977490473757509,,,47
TAGCN,1:50,class_weighting,GNNShap,8591,2,0.9610526315789473,,1.0,0.8983462308960408,,,21
TAGCN,1:50,class_weighting,GNNShap,8375,1,0.9651127819548873,,0.0,0.9171157558148607,,,24
TAGCN,1:50,class_weighting,GNNShap,8666,2,0.9541353383458645,,0.0,0.9011387269267341,,,24
TAGCN,1:50,class_weighting,GNNShap,9149,3,0.9654135338345864,,0.0,0.8910080436581616,,,34
TAGCN,1:50,class_weighting,GNNShap,8740,2,0.9631578947368421,,0.0,0.8809422880036871,,,23
TAGCN,1:50,class_weighting,GNNShap,9273,4,0.8596992481203009,,0.0,0.9908979829829109,,,73
TAGCN,1:50,class_weighting,GNNShap,8228,1,0.9627067669172933,,0.0,0.9207544922201721,,,41
TAGCN,1:50,class_weighting,GNNShap,8899,3,0.9584962406015037,,0.0,0.9698969405556109,,,38
TAGCN,1:50,class_weighting,GNNShap,9443,4,0.9535338345864662,,0.0,0.9186708273447042,,,27
TAGCN,1:50,class_weighting,GNNShap,9096,3,0.9793984962406015,,0.0,0.957161993258001,,,34
TAGCN,1:50,class_weighting,GNNShap,9541,4,0.9741353383458646,,0.0,0.9378753926799993,,,26
TAGCN,1:50,class_weighting,GNNShap,9366,4,0.9738345864661653,,0.0,0.9171168523099578,,,27
TAGCN,1:50,class_weighting,GNNShap,8400,2,0.9818045112781952,,1.0,0.9222212863559989,,,17
TAGCN,1:50,class_weighting,GNNShap,8969,3,0.9568421052631578,,0.0,0.9731894359830507,,,32
TAGCN,1:50,class_weighting,GNNShap,9141,3,0.9457142857142857,,0.0,0.9607731287154804,,,30
TAGCN,1:50,class_weighting,GNNShap,9362,4,0.955639097744361,,0.0,0.9362663858242097,,,25
TAGCN,1:50,class_weighting,GNNShap,8803,2,0.9684210526315787,,0.0,0.9091745261333793,,,17
TAGCN,1:50,class_weighting,GNNShap,8529,2,0.9224060150375939,,0.0,0.890986896462666,,,23
TAGCN,1:50,class_weighting,GNNShap,8289,1,0.9428571428571428,,0.0,0.8890798444607253,,,35
TAGCN,1:50,class_weighting,GNNShap,9343,4,0.9815037593984961,,0.0,0.9136160820289321,,,32
TAGCN,1:50,class_weighting,GNNShap,9534,4,0.9603007518796991,,0.0,0.935355613424585,,,34
TAGCN,1:50,class_weighting,GNNShap,8229,1,0.9858646616541351,,0.0,0.9405386099596926,,,31
TAGCN,1:50,class_weighting,GNNShap,8223,1,0.9530827067669172,,0.0,0.9487355543859037,,,34
TAGCN,1:50,class_weighting,GNNShap,9112,3,0.9521804511278195,,0.0,0.9411575796287389,,,33
TAGCN,1:50,class_weighting,GNNShap,8053,1,0.8875187969924812,,0.0,0.9999013796152832,,,83
TAGCN,1:50,class_weighting,GNNShap,8100,1,0.9717293233082707,,0.0,0.9028876021025806,,,35
TAGCN,1:50,class_weighting,GNNShap,9176,3,0.9446616541353382,,0.0,0.983083085470691,,,40
TAGCN,1:50,class_weighting,GNNShap,8556,2,0.9789473684210523,,0.0,0.9111060680654692,,,25
TAGCN,1:50,class_weighting,GNNShap,8106,1,0.9270676691729323,,0.0,0.8765840442899929,,,39
TAGCN,1:50,focal_loss,GNNExplainer,9411,4,0.957593984962406,0.15384615384615385,0.0,,1.0,0.0,30
TAGCN,1:50,focal_loss,GNNExplainer,8051,1,0.941954887218045,0.5952380952380952,0.0,,1.0,0.0,32
TAGCN,1:50,focal_loss,GNNExplainer,8399,2,0.921954887218045,0.0,0.0,,1.0,0.0,20
TAGCN,1:50,focal_loss,GNNExplainer,9328,4,0.9603007518796993,0.10000000000000002,0.0,,1.0,0.0,28
TAGCN,1:50,focal_loss,GNNExplainer,8634,2,0.9524812030075187,0.0,1.0,,1.0,0.0,24
TAGCN,1:50,focal_loss,GNNExplainer,9174,3,0.9288721804511277,0.5208333333333334,1.0,,1.0,0.0,41
TAGCN,1:50,focal_loss,GNNExplainer,9464,4,0.9598496240601502,0.5,0.0,,1.0,0.0,36
TAGCN,1:50,focal_loss,GNNExplainer,9046,3,0.9413533834586465,0.5666666666666667,1.0,,1.0,0.0,32
TAGCN,1:50,focal_loss,GNNExplainer,8058,1,0.9302255639097744,0.5,0.0,,1.0,0.0,33
TAGCN,1:50,focal_loss,GNNExplainer,8130,1,0.9446616541353382,0.6818181818181818,0.0,,1.0,0.0,19
TAGCN,1:50,focal_loss,GNNExplainer,9133,3,0.8664661654135337,0.5666666666666667,0.0,,1.0,0.0,31
TAGCN,1:50,focal_loss,GNNExplainer,9397,4,0.9512781954887217,0.3055555555555556,0.0,,1.0,0.0,34
TAGCN,1:50,focal_loss,GNNExplainer,9420,4,0.9595488721804509,0.46153846153846156,0.0,,1.0,0.0,32
TAGCN,1:50,focal_loss,GNNExplainer,9376,4,0.947218045112782,0.525,0.0,,1.0,0.0,35
TAGCN,1:50,focal_loss,GNNExplainer,8782,2,0.9757894736842104,0.0,0.0,,1.0,0.0,18
TAGCN,1:50,focal_loss,GNNExplainer,8335,1,0.9115789473684209,0.5476190476190477,0.0,,1.0,0.0,33
TAGCN,1:50,focal_loss,GNNExplainer,9287,4,0.9667669172932329,0.03333333333333333,0.0,,1.0,0.0,38
TAGCN,1:50,focal_loss,GNNExplainer,8081,1,0.9490225563909774,0.45652173913043476,0.0,,1.0,0.0,38
TAGCN,1:50,focal_loss,GNNExplainer,8482,2,0.958045112781955,0.0,0.0,,1.0,0.0,17
TAGCN,1:50,focal_loss,GNNExplainer,8107,1,0.7846616541353383,0.21739130434782608,1.0,,1.0,0.0,83
TAGCN,1:50,focal_loss,GNNExplainer,9442,4,0.8729323308270676,0.10000000000000002,0.0,,1.0,0.0,30
TAGCN,1:50,focal_loss,GNNExplainer,8094,1,0.9255639097744359,0.58,0.0,,1.0,0.0,32
TAGCN,1:50,focal_loss,GNNExplainer,8665,2,0.9436090225563909,0.625,1.0,,1.0,0.0,19
TAGCN,1:50,focal_loss,GNNExplainer,8921,3,0.9206015037593984,0.5454545454545454,1.0,,1.0,0.0,36
TAGCN,1:50,focal_loss,GNNExplainer,8160,1,0.9437593984962405,0.575,0.0,,1.0,0.0,30
TAGCN,1:50,focal_loss,GNNExplainer,8694,2,0.9448120300751878,0.625,1.0,,1.0,0.0,24
TAGCN,1:50,focal_loss,GNNExplainer,9540,4,0.964360902255639,0.5333333333333333,0.0,,1.0,0.0,32
TAGCN,1:50,focal_loss,GNNExplainer,9343,4,0.9587969924812028,0.5,0.0,,1.0,0.0,32
TAGCN,1:50,focal_loss,GNNExplainer,8059,1,0.8876691729323307,0.5227272727272727,0.0,,1.0,0.0,37
TAGCN,1:50,focal_loss,GNNExplainer,9026,3,0.9714285714285712,0.20588235294117646,1.0,,1.0,0.0,35
TAGCN,1:50,focal_loss,PGExplainer,9411,4,,0.9230769230769231,,,,,30
TAGCN,1:50,focal_loss,PGExplainer,8051,1,,0.9523809523809523,,,,,32
TAGCN,1:50,focal_loss,PGExplainer,8399,2,,0.5,,,,,20
TAGCN,1:50,focal_loss,PGExplainer,9328,4,,0.9500000000000001,,,,,28
TAGCN,1:50,focal_loss,PGExplainer,8634,2,,0.3333333333333333,,,,,24
TAGCN,1:50,focal_loss,PGExplainer,9174,3,,0.9583333333333334,,,,,41
TAGCN,1:50,focal_loss,PGExplainer,9464,4,,0.9500000000000001,,,,,36
TAGCN,1:50,focal_loss,PGExplainer,9046,3,,0.9666666666666667,,,,,32
TAGCN,1:50,focal_loss,PGExplainer,8058,1,,0.9545454545454546,,,,,33
TAGCN,1:50,focal_loss,PGExplainer,8130,1,,1.0,,,,,19
TAGCN,1:50,focal_loss,PGExplainer,9133,3,,0.9666666666666667,,,,,31
TAGCN,1:50,focal_loss,PGExplainer,9397,4,,0.9166666666666666,,,,,34
TAGCN,1:50,focal_loss,PGExplainer,9420,4,,0.9615384615384616,,,,,32
TAGCN,1:50,focal_loss,PGExplainer,9376,4,,0.9500000000000001,,,,,35
TAGCN,1:50,focal_loss,PGExplainer,8782,2,,0.75,,,,,18
TAGCN,1:50,focal_loss,PGExplainer,8335,1,,0.9523809523809523,,,,,33
TAGCN,1:50,focal_loss,PGExplainer,9287,4,,0.9333333333333333,,,,,38
TAGCN,1:50,focal_loss,PGExplainer,8081,1,,0.9782608695652174,,,,,38
TAGCN,1:50,focal_loss,PGExplainer,8482,2,,0.75,,,,,17
TAGCN,1:50,focal_loss,PGExplainer,8107,1,,1.0,,,,,83
TAGCN,1:50,focal_loss,PGExplainer,9442,4,,0.9,,,,,30
TAGCN,1:50,focal_loss,PGExplainer,8094,1,,1.0,,,,,32
TAGCN,1:50,focal_loss,PGExplainer,8665,2,,0.5,,,,,19
TAGCN,1:50,focal_loss,PGExplainer,8921,3,,0.9772727272727273,,,,,36
TAGCN,1:50,focal_loss,PGExplainer,8160,1,,0.9500000000000001,,,,,30
TAGCN,1:50,focal_loss,PGExplainer,8694,2,,0.625,,,,,24
TAGCN,1:50,focal_loss,PGExplainer,9540,4,,0.9333333333333333,,,,,32
TAGCN,1:50,focal_loss,PGExplainer,9343,4,,0.9500000000000001,,,,,32
TAGCN,1:50,focal_loss,PGExplainer,8059,1,,0.9772727272727273,,,,,37
TAGCN,1:50,focal_loss,PGExplainer,9026,3,,0.9705882352941176,,,,,35
TAGCN,1:50,focal_loss,GNNShap,9411,4,0.9936842105263158,,0.0,0.9583205706051887,,,30
TAGCN,1:50,focal_loss,GNNShap,8051,1,0.9837593984962405,,1.0,0.9300922537943475,,,32
TAGCN,1:50,focal_loss,GNNShap,8399,2,0.9884210526315789,,0.0,0.94359220693142,,,20
TAGCN,1:50,focal_loss,GNNShap,9328,4,0.9792481203007517,,1.0,0.9095906269350067,,,28
TAGCN,1:50,focal_loss,GNNShap,8634,2,0.9938345864661654,,1.0,0.9272961390548445,,,24
TAGCN,1:50,focal_loss,GNNShap,9174,3,0.9869172932330826,,0.0,0.9673386803713354,,,41
TAGCN,1:50,focal_loss,GNNShap,9464,4,0.9736842105263157,,0.0,0.9486268633489052,,,36
TAGCN,1:50,focal_loss,GNNShap,9046,3,0.9839097744360903,,0.0,0.9617522378645612,,,32
TAGCN,1:50,focal_loss,GNNShap,8058,1,0.9873684210526313,,1.0,0.8988858770322142,,,33
TAGCN,1:50,focal_loss,GNNShap,8130,1,0.9803007518796992,,1.0,0.9852145217587627,,,19
TAGCN,1:50,focal_loss,GNNShap,9133,3,0.984812030075188,,1.0,0.9635919058731748,,,31
TAGCN,1:50,focal_loss,GNNShap,9397,4,0.9846616541353382,,0.0,0.9434923676634664,,,34
TAGCN,1:50,focal_loss,GNNShap,9420,4,0.998045112781955,,0.0,0.9661492427954889,,,32
TAGCN,1:50,focal_loss,GNNShap,9376,4,0.9917293233082706,,0.0,0.9487192742977489,,,35
TAGCN,1:50,focal_loss,GNNShap,8782,2,0.9924812030075186,,0.0,0.9536896204440934,,,18
TAGCN,1:50,focal_loss,GNNShap,8335,1,0.9936842105263157,,0.0,0.9478407467991874,,,33
TAGCN,1:50,focal_loss,GNNShap,9287,4,0.9893233082706766,,0.0,0.961562110109698,,,38
TAGCN,1:50,focal_loss,GNNShap,8081,1,0.97203007518797,,0.0,0.9351408927098209,,,38
TAGCN,1:50,focal_loss,GNNShap,8482,2,0.9945864661654135,,0.0,0.9543789317247207,,,17
TAGCN,1:50,focal_loss,GNNShap,8107,1,0.9763909774436088,,0.0,0.9946897292226382,,,83
TAGCN,1:50,focal_loss,GNNShap,9442,4,0.9960902255639098,,0.0,0.9370073414231171,,,30
TAGCN,1:50,focal_loss,GNNShap,8094,1,0.984812030075188,,1.0,0.9694844849617242,,,32
TAGCN,1:50,focal_loss,GNNShap,8665,2,0.9941353383458648,,0.0,0.9264775286592274,,,19
TAGCN,1:50,focal_loss,GNNShap,8921,3,0.9894736842105262,,0.0,0.9572281508297124,,,36
TAGCN,1:50,focal_loss,GNNShap,8160,1,0.9897744360902255,,0.0,0.9713573688495574,,,30
TAGCN,1:50,focal_loss,GNNShap,8694,2,0.9869172932330826,,0.0,0.9293558804628278,,,24
TAGCN,1:50,focal_loss,GNNShap,9540,4,0.9975939849624058,,0.0,0.9240532206223815,,,32
TAGCN,1:50,focal_loss,GNNShap,9343,4,0.9869172932330826,,0.0,0.9604546014288748,,,32
TAGCN,1:50,focal_loss,GNNShap,8059,1,0.9951879699248121,,0.0,0.9703018412199945,,,37
TAGCN,1:50,focal_loss,GNNShap,9026,3,0.9747368421052631,,1.0,0.9676705927927681,,,35
TAGCN,1:100,none,GNNExplainer,9417,4,0.906766917293233,0.038461538461538464,0.0,,1.0,0.0,34
TAGCN,1:100,none,GNNExplainer,9382,4,0.9610526315789472,0.825,0.0,,1.0,0.0,35
TAGCN,1:100,none,GNNExplainer,9273,4,0.9909774436090224,0.3333333333333333,0.0,,1.0,0.0,73
TAGCN,1:100,none,GNNExplainer,9540,4,0.9225563909774435,0.16666666666666666,0.0,,1.0,0.0,32
TAGCN,1:100,none,GNNExplainer,8298,1,0.9616541353383458,0.5625,0.0,,1.0,0.0,32
TAGCN,1:100,none,GNNExplainer,9407,4,0.953233082706767,0.1388888888888889,0.0,,1.0,0.0,40
TAGCN,1:100,none,GNNExplainer,9141,3,0.9627067669172931,0.20000000000000004,1.0,,1.0,0.0,30
TAGCN,1:100,none,GNNExplainer,8424,2,0.9624060150375939,0.0,0.0,,1.0,0.0,29
TAGCN,1:100,none,GNNExplainer,8001,1,0.9566917293233083,0.08333333333333333,0.0,,1.0,0.0,26
TAGCN,1:100,none,GNNExplainer,8087,1,0.9563909774436088,0.41304347826086957,1.0,,1.0,0.0,35
TAGCN,1:100,none,GNNExplainer,9061,3,0.964360902255639,0.631578947368421,1.0,,1.0,0.0,38
TAGCN,1:100,none,GNNExplainer,8288,1,0.9792481203007519,0.4166666666666667,0.0,,1.0,0.0,88
TAGCN,1:100,none,GNNExplainer,8130,1,0.921203007518797,0.7272727272727273,0.0,,1.0,0.0,19
TAGCN,1:100,none,GNNExplainer,8053,1,0.9712781954887216,0.38636363636363635,0.0,,1.0,0.0,83
TAGCN,1:100,none,GNNExplainer,8291,1,0.8595488721804511,0.8333333333333334,0.0,,1.0,0.0,30
TAGCN,1:100,none,GNNExplainer,8244,1,0.9378947368421052,0.275,1.0,,1.0,0.0,33
TAGCN,1:100,none,GNNExplainer,8101,1,0.9199999999999999,0.54,0.0,,1.0,0.0,33
TAGCN,1:100,none,GNNExplainer,8196,1,0.9658646616541352,0.7692307692307693,0.0,,1.0,0.0,33
TAGCN,1:100,none,GNNExplainer,8716,2,0.8827067669172932,0.0,0.0,,1.0,0.0,23
TAGCN,1:100,none,GNNExplainer,9460,4,0.9478195488721803,0.375,0.0,,1.0,0.0,35
TAGCN,1:100,none,GNNExplainer,8365,1,0.9589473684210527,0.16666666666666666,0.0,,1.0,0.0,29
TAGCN,1:100,none,GNNExplainer,9129,3,0.9545864661654134,0.23333333333333334,1.0,,1.0,0.0,34
TAGCN,1:100,none,GNNExplainer,8121,1,0.9751879699248119,0.7391304347826085,1.0,,1.0,0.0,35
TAGCN,1:100,none,GNNExplainer,9133,3,0.96,0.20000000000000004,1.0,,1.0,0.0,31
TAGCN,1:100,none,GNNExplainer,9466,4,0.9103759398496241,0.3,0.0,,1.0,0.0,38
TAGCN,1:100,none,GNNExplainer,8081,1,0.8887218045112781,0.391304347826087,0.0,,1.0,0.0,38
TAGCN,1:100,none,GNNExplainer,8347,1,0.9681203007518796,0.5227272727272727,0.0,,1.0,0.0,29
TAGCN,1:100,none,GNNExplainer,8094,1,0.9539849624060149,0.54,0.0,,1.0,0.0,32
TAGCN,1:100,none,GNNExplainer,8533,2,0.9375939849624059,0.0,0.0,,1.0,0.0,19
TAGCN,1:100,none,GNNExplainer,8773,2,0.9771428571428571,0.0,0.0,,1.0,0.0,28
TAGCN,1:100,none,PGExplainer,9417,4,,0.9615384615384616,,,,,34
TAGCN,1:100,none,PGExplainer,9382,4,,0.9500000000000001,,,,,35
TAGCN,1:100,none,PGExplainer,9273,4,,0.5,,,,,73
TAGCN,1:100,none,PGExplainer,9540,4,,0.9333333333333333,,,,,32
TAGCN,1:100,none,PGExplainer,8298,1,,0.9583333333333334,,,,,32
TAGCN,1:100,none,PGExplainer,9407,4,,0.9444444444444444,,,,,40
TAGCN,1:100,none,PGExplainer,9141,3,,0.9666666666666667,,,,,30
TAGCN,1:100,none,PGExplainer,8424,2,,0.5,,,,,29
TAGCN,1:100,none,PGExplainer,8001,1,,0.9583333333333334,,,,,26
TAGCN,1:100,none,PGExplainer,8087,1,,0.9565217391304348,,,,,35
TAGCN,1:100,none,PGExplainer,9061,3,,1.0,,,,,38
TAGCN,1:100,none,PGExplainer,8288,1,,0.4791666666666667,,,,,88
TAGCN,1:100,none,PGExplainer,8130,1,,1.0,,,,,19
TAGCN,1:100,none,PGExplainer,8053,1,,0.45454545454545453,,,,,83
TAGCN,1:100,none,PGExplainer,8291,1,,0.9583333333333334,,,,,30
TAGCN,1:100,none,PGExplainer,8244,1,,0.925,,,,,33
TAGCN,1:100,none,PGExplainer,8101,1,,1.0,,,,,33
TAGCN,1:100,none,PGExplainer,8196,1,,0.9615384615384616,,,,,33
TAGCN,1:100,none,PGExplainer,8716,2,,0.625,,,,,23
TAGCN,1:100,none,PGExplainer,9460,4,,0.9500000000000001,,,,,35
TAGCN,1:100,none,PGExplainer,8365,1,,0.9,,,,,29
TAGCN,1:100,none,PGExplainer,9129,3,,0.9666666666666667,,,,,34
TAGCN,1:100,none,PGExplainer,8121,1,,0.9565217391304348,,,,,35
TAGCN,1:100,none,PGExplainer,9133,3,,0.9666666666666667,,,,,31
TAGCN,1:100,none,PGExplainer,9466,4,,0.9500000000000001,,,,,38
TAGCN,1:100,none,PGExplainer,8081,1,,0.9782608695652174,,,,,38
TAGCN,1:100,none,PGExplainer,8347,1,,0.9545454545454546,,,,,29
TAGCN,1:100,none,PGExplainer,8094,1,,0.96,,,,,32
TAGCN,1:100,none,PGExplainer,8533,2,,0.6666666666666666,,,,,19
TAGCN,1:100,none,PGExplainer,8773,2,,0.625,,,,,28
TAGCN,1:100,none,GNNShap,9417,4,0.9864661654135336,,0.0,0.9142329983880376,,,34
TAGCN,1:100,none,GNNShap,9382,4,0.9842105263157892,,0.0,0.9165578364206276,,,35
TAGCN,1:100,none,GNNShap,9273,4,0.9511278195488722,,0.0,0.981842393162269,,,73
TAGCN,1:100,none,GNNShap,9540,4,0.9929323308270677,,0.0,0.9122653841207065,,,32
TAGCN,1:100,none,GNNShap,8298,1,0.9908270676691728,,0.0,0.9635505301859354,,,32
TAGCN,1:100,none,GNNShap,9407,4,0.9645112781954885,,0.0,0.947237857718896,,,40
TAGCN,1:100,none,GNNShap,9141,3,0.9539849624060149,,0.0,0.9012317970015978,,,30
TAGCN,1:100,none,GNNShap,8424,2,0.9762406015037592,,0.0,0.8961941087456623,,,29
TAGCN,1:100,none,GNNShap,8001,1,0.9909774436090224,,0.0,0.9028523484929721,,,26
TAGCN,1:100,none,GNNShap,8087,1,0.9891729323308269,,0.0,0.9161044030048524,,,35
TAGCN,1:100,none,GNNShap,9061,3,0.9784962406015036,,0.0,0.9546306216560259,,,38
TAGCN,1:100,none,GNNShap,8288,1,0.9709774436090225,,0.0,0.9762365744375809,,,88
TAGCN,1:100,none,GNNShap,8130,1,0.938796992481203,,1.0,0.9785634673892991,,,19
TAGCN,1:100,none,GNNShap,8053,1,0.9724812030075188,,0.0,0.9879444725942882,,,83
TAGCN,1:100,none,GNNShap,8291,1,0.9852631578947367,,0.0,0.9534763512907688,,,30
TAGCN,1:100,none,GNNShap,8244,1,0.9816541353383459,,0.0,0.952789536354296,,,33
TAGCN,1:100,none,GNNShap,8101,1,0.9942857142857141,,0.0,0.9491720487666507,,,33
TAGCN,1:100,none,GNNShap,8196,1,0.969924812030075,,0.0,0.9435935789946065,,,33
TAGCN,1:100,none,GNNShap,8716,2,0.9860150375939849,,0.0,0.9423722676955849,,,23
TAGCN,1:100,none,GNNShap,9460,4,0.9759398496240601,,0.0,0.9247505240679574,,,35
TAGCN,1:100,none,GNNShap,8365,1,0.9837593984962407,,0.0,0.9237626512188379,,,29
TAGCN,1:100,none,GNNShap,9129,3,0.980751879699248,,0.0,0.9464561477200621,,,34
TAGCN,1:100,none,GNNShap,8121,1,0.9933834586466164,,0.0,0.9476046920120901,,,35
TAGCN,1:100,none,GNNShap,9133,3,0.9476691729323308,,0.0,0.9528864708285202,,,31
TAGCN,1:100,none,GNNShap,9466,4,0.9796992481203007,,0.0,0.8903063317892368,,,38
TAGCN,1:100,none,GNNShap,8081,1,0.9684210526315787,,0.0,0.9008496866683704,,,38
TAGCN,1:100,none,GNNShap,8347,1,0.9884210526315789,,0.0,0.9195786968323457,,,29
TAGCN,1:100,none,GNNShap,8094,1,0.9824060150375938,,0.0,0.9613532183713229,,,32
TAGCN,1:100,none,GNNShap,8533,2,0.9485714285714286,,0.0,0.8534299394815765,,,19
TAGCN,1:100,none,GNNShap,8773,2,0.9384962406015036,,0.0,0.9372764670184273,,,28
TAGCN,1:100,class_weighting,GNNExplainer,8058,1,0.8661654135338346,0.4772727272727273,0.0,,1.0,0.0,33
TAGCN,1:100,class_weighting,GNNExplainer,9008,3,0.9252631578947368,0.5333333333333333,0.0,,1.0,0.0,33
TAGCN,1:100,class_weighting,GNNExplainer,8081,1,0.8881203007518798,0.6521739130434783,0.0,,1.0,0.0,38
TAGCN,1:100,class_weighting,GNNExplainer,8850,2,0.9747368421052631,0.0,0.0,,1.0,0.0,24
TAGCN,1:100,class_weighting,GNNExplainer,9096,3,0.9309774436090225,0.6470588235294118,0.0,,1.0,0.0,34
TAGCN,1:100,class_weighting,GNNExplainer,8435,2,0.9215037593984962,0.375,1.0,,1.0,0.0,24
TAGCN,1:100,class_weighting,GNNExplainer,8855,2,0.9580451127819549,0.16666666666666666,0.0,,1.0,0.0,18
TAGCN,1:100,class_weighting,GNNExplainer,8575,2,0.8700751879699246,0.25,1.0,,1.0,0.0,27
TAGCN,1:100,class_weighting,GNNExplainer,8265,1,0.9648120300751879,0.631578947368421,0.0,,1.0,0.0,34
TAGCN,1:100,class_weighting,GNNExplainer,8121,1,0.9368421052631579,0.5869565217391305,0.0,,1.0,0.0,35
TAGCN,1:100,class_weighting,GNNExplainer,8665,2,0.9541353383458645,0.0,0.0,,1.0,0.0,19
TAGCN,1:100,class_weighting,GNNExplainer,9272,4,0.9709774436090223,0.5833333333333334,0.0,,1.0,0.0,33
TAGCN,1:100,class_weighting,GNNExplainer,9420,4,0.9201503759398495,0.5769230769230769,0.0,,1.0,0.0,32
TAGCN,1:100,class_weighting,GNNExplainer,8094,1,0.7312781954887216,0.68,0.0,,1.0,0.0,32
TAGCN,1:100,class_weighting,GNNExplainer,8138,1,0.9189473684210526,0.735294117647059,0.0,,1.0,0.0,33
TAGCN,1:100,class_weighting,GNNExplainer,8745,2,0.8670676691729321,0.5,1.0,,1.0,0.0,21
TAGCN,1:100,class_weighting,GNNExplainer,9313,4,0.9184962406015037,0.6176470588235294,1.0,,1.0,0.0,32
TAGCN,1:100,class_weighting,GNNExplainer,8747,2,0.9470676691729322,0.5,1.0,,1.0,0.0,19
TAGCN,1:100,class_weighting,GNNExplainer,8529,2,0.943157894736842,0.0,0.0,,1.0,0.0,23
TAGCN,1:100,class_weighting,GNNExplainer,8521,2,0.9485714285714284,0.0,0.0,,1.0,0.0,23
TAGCN,1:100,class_weighting,GNNExplainer,9376,4,0.8369924812030074,0.7250000000000001,0.0,,1.0,0.0,35
TAGCN,1:100,class_weighting,GNNExplainer,8773,2,0.9221052631578948,0.625,1.0,,1.0,0.0,28
TAGCN,1:100,class_weighting,GNNExplainer,9540,4,0.9630075187969924,0.7333333333333333,0.0,,1.0,0.0,32
TAGCN,1:100,class_weighting,GNNExplainer,9128,3,0.9263157894736842,0.6666666666666666,1.0,,1.0,0.0,31
TAGCN,1:100,class_weighting,GNNExplainer,8089,1,0.9693233082706765,0.8260869565217391,0.0,,1.0,0.0,34
TAGCN,1:100,class_weighting,GNNExplainer,8634,2,0.9721804511278196,0.16666666666666666,1.0,,1.0,0.0,24
TAGCN,1:100,class_weighting,GNNExplainer,8314,1,0.7419548872180449,0.26666666666666666,0.0,,1.0,0.0,32
TAGCN,1:100,class_weighting,GNNExplainer,8600,2,0.9581954887218043,0.6666666666666666,0.0,,1.0,0.0,29
TAGCN,1:100,class_weighting,GNNExplainer,9149,3,0.9081203007518797,0.13333333333333333,1.0,,1.0,0.0,34
TAGCN,1:100,class_weighting,GNNExplainer,9382,4,0.9612030075187968,0.825,0.0,,1.0,0.0,35
TAGCN,1:100,class_weighting,PGExplainer,8058,1,,0.9545454545454546,,,,,33
TAGCN,1:100,class_weighting,PGExplainer,9008,3,,1.0,,,,,33
TAGCN,1:100,class_weighting,PGExplainer,8081,1,,0.9565217391304348,,,,,38
TAGCN,1:100,class_weighting,PGExplainer,8850,2,,0.75,,,,,24
TAGCN,1:100,class_weighting,PGExplainer,9096,3,,0.9705882352941176,,,,,34
TAGCN,1:100,class_weighting,PGExplainer,8435,2,,1.0,,,,,24
TAGCN,1:100,class_weighting,PGExplainer,8855,2,,0.5,,,,,18
TAGCN,1:100,class_weighting,PGExplainer,8575,2,,1.0,,,,,27
TAGCN,1:100,class_weighting,PGExplainer,8265,1,,0.9473684210526315,,,,,34
TAGCN,1:100,class_weighting,PGExplainer,8121,1,,0.9565217391304348,,,,,35
TAGCN,1:100,class_weighting,PGExplainer,8665,2,,0.625,,,,,19
TAGCN,1:100,class_weighting,PGExplainer,9272,4,,0.9166666666666666,,,,,33
TAGCN,1:100,class_weighting,PGExplainer,9420,4,,0.9230769230769231,,,,,32
TAGCN,1:100,class_weighting,PGExplainer,8094,1,,1.0,,,,,32
TAGCN,1:100,class_weighting,PGExplainer,8138,1,,0.8823529411764706,,,,,33
TAGCN,1:100,class_weighting,PGExplainer,8745,2,,0.75,,,,,21
TAGCN,1:100,class_weighting,PGExplainer,9313,4,,0.9411764705882353,,,,,32
TAGCN,1:100,class_weighting,PGExplainer,8747,2,,0.5,,,,,19
TAGCN,1:100,class_weighting,PGExplainer,8529,2,,0.5,,,,,23
TAGCN,1:100,class_weighting,PGExplainer,8521,2,,0.6666666666666666,,,,,23
TAGCN,1:100,class_weighting,PGExplainer,9376,4,,0.9500000000000001,,,,,35
TAGCN,1:100,class_weighting,PGExplainer,8773,2,,1.0,,,,,28
TAGCN,1:100,class_weighting,PGExplainer,9540,4,,0.9333333333333333,,,,,32
TAGCN,1:100,class_weighting,PGExplainer,9128,3,,0.9666666666666667,,,,,31
TAGCN,1:100,class_weighting,PGExplainer,8089,1,,0.9565217391304348,,,,,34
TAGCN,1:100,class_weighting,PGExplainer,8634,2,,0.5,,,,,24
TAGCN,1:100,class_weighting,PGExplainer,8314,1,,0.9,,,,,32
TAGCN,1:100,class_weighting,PGExplainer,8600,2,,0.6666666666666666,,,,,29
TAGCN,1:100,class_weighting,PGExplainer,9149,3,,0.9333333333333333,,,,,34
TAGCN,1:100,class_weighting,PGExplainer,9382,4,,0.9500000000000001,,,,,35
TAGCN,1:100,class_weighting,GNNShap,8058,1,0.9487218045112782,,0.0,0.892711099510451,,,33
TAGCN,1:100,class_weighting,GNNShap,9008,3,0.909172932330827,,0.0,0.965642948545854,,,33
TAGCN,1:100,class_weighting,GNNShap,8081,1,0.9854135338345863,,0.0,0.8851563389659358,,,38
TAGCN,1:100,class_weighting,GNNShap,8850,2,0.9526315789473683,,1.0,0.9327117854359521,,,24
TAGCN,1:100,class_weighting,GNNShap,9096,3,0.9744360902255638,,0.0,0.95484290255728,,,34
TAGCN,1:100,class_weighting,GNNShap,8435,2,0.9580451127819549,,1.0,0.9458865492622005,,,24
TAGCN,1:100,class_weighting,GNNShap,8855,2,0.9581954887218045,,1.0,0.9106628376995498,,,18
TAGCN,1:100,class_weighting,GNNShap,8575,2,0.9747368421052631,,0.0,0.9196709449213918,,,27
TAGCN,1:100,class_weighting,GNNShap,8265,1,0.9693233082706767,,0.0,0.9391514911860106,,,34
TAGCN,1:100,class_weighting,GNNShap,8121,1,0.9709774436090225,,0.0,0.9056298089948169,,,35
TAGCN,1:100,class_weighting,GNNShap,8665,2,0.9836090225563907,,0.0,0.8939360140152441,,,19
TAGCN,1:100,class_weighting,GNNShap,9272,4,0.9736842105263157,,0.0,0.898954850951065,,,33
TAGCN,1:100,class_weighting,GNNShap,9420,4,0.9869172932330825,,0.0,0.9216406949420135,,,32
TAGCN,1:100,class_weighting,GNNShap,8094,1,0.9793984962406015,,0.0,0.9497187226161279,,,32
TAGCN,1:100,class_weighting,GNNShap,8138,1,0.9578947368421051,,0.0,0.9651536336086085,,,33
TAGCN,1:100,class_weighting,GNNShap,8745,2,0.981954887218045,,0.0,0.933379555975784,,,21
TAGCN,1:100,class_weighting,GNNShap,9313,4,0.9902255639097743,,0.0,0.9573788303828197,,,32
TAGCN,1:100,class_weighting,GNNShap,8747,2,0.9657142857142856,,0.0,0.8966995672129828,,,19
TAGCN,1:100,class_weighting,GNNShap,8529,2,0.9657142857142856,,0.0,0.8769780842164263,,,23
TAGCN,1:100,class_weighting,GNNShap,8521,2,0.9757894736842105,,1.0,0.9481814924331781,,,23
TAGCN,1:100,class_weighting,GNNShap,9376,4,0.9789473684210526,,0.0,0.8589395063245545,,,35
TAGCN,1:100,class_weighting,GNNShap,8773,2,0.9571428571428571,,0.0,0.9263013594199772,,,28
TAGCN,1:100,class_weighting,GNNShap,9540,4,0.9854135338345864,,0.0,0.8915982069281458,,,32
TAGCN,1:100,class_weighting,GNNShap,9128,3,0.9598496240601504,,0.0,0.9186278482682507,,,31
TAGCN,1:100,class_weighting,GNNShap,8089,1,0.9688721804511278,,0.0,0.8691108364788613,,,34
TAGCN,1:100,class_weighting,GNNShap,8634,2,0.9848120300751878,,0.0,0.9093554770994388,,,24
TAGCN,1:100,class_weighting,GNNShap,8314,1,0.9485714285714286,,0.0,0.8858582895521364,,,32
TAGCN,1:100,class_weighting,GNNShap,8600,2,0.9812030075187967,,0.0,0.8949543997818499,,,29
TAGCN,1:100,class_weighting,GNNShap,9149,3,0.9374436090225563,,0.0,0.8471912138802805,,,34
TAGCN,1:100,class_weighting,GNNShap,9382,4,0.9839097744360898,,0.0,0.9146000383188237,,,35
TAGCN,1:100,focal_loss,GNNExplainer,9500,4,0.9574436090225564,0.13333333333333333,0.0,,1.0,0.0,32
TAGCN,1:100,focal_loss,GNNExplainer,9389,4,0.9434586466165413,0.275,1.0,,1.0,0.0,40
TAGCN,1:100,focal_loss,GNNExplainer,8101,1,0.8497744360902255,0.56,0.0,,1.0,0.0,33
TAGCN,1:100,focal_loss,GNNExplainer,8087,1,0.9064661654135338,0.6521739130434783,1.0,,1.0,0.0,35
TAGCN,1:100,focal_loss,GNNExplainer,8482,2,0.9696240601503758,0.0,0.0,,1.0,0.0,17
TAGCN,1:100,focal_loss,GNNExplainer,8921,3,0.8148872180451127,0.5681818181818182,0.0,,1.0,0.0,36
TAGCN,1:100,focal_loss,GNNExplainer,8291,1,0.9118796992481203,0.6458333333333334,1.0,,1.0,0.0,30
TAGCN,1:100,focal_loss,GNNExplainer,8591,2,0.95203007518797,0.5,1.0,,1.0,0.0,21
TAGCN,1:100,focal_loss,GNNExplainer,8089,1,0.9233082706766916,0.5,0.0,,1.0,0.0,34
TAGCN,1:100,focal_loss,GNNExplainer,9287,4,0.9393984962406015,0.03333333333333333,0.0,,1.0,0.0,38
TAGCN,1:100,focal_loss,GNNExplainer,8424,2,0.9628571428571426,0.0,0.0,,1.0,0.0,29
TAGCN,1:100,focal_loss,GNNExplainer,9062,3,0.9299248120300752,0.2631578947368421,0.0,,1.0,0.0,37
TAGCN,1:100,focal_loss,GNNExplainer,8279,1,0.9282706766917294,0.7307692307692306,0.0,,1.0,0.0,21
TAGCN,1:100,focal_loss,GNNExplainer,9354,4,0.9290225563909773,0.375,0.0,,1.0,0.0,35
TAGCN,1:100,focal_loss,GNNExplainer,8365,1,0.8783458646616541,0.5,0.0,,1.0,0.0,29
TAGCN,1:100,focal_loss,GNNExplainer,8468,2,0.9138345864661653,0.0,0.0,,1.0,0.0,27
TAGCN,1:100,focal_loss,GNNExplainer,9008,3,0.9221052631578948,0.5666666666666667,0.0,,1.0,0.0,33
TAGCN,1:100,focal_loss,GNNExplainer,9376,4,0.806766917293233,0.6,0.0,,1.0,0.0,35
TAGCN,1:100,focal_loss,GNNExplainer,8184,1,0.9381954887218044,0.2692307692307692,0.0,,1.0,0.0,81
TAGCN,1:100,focal_loss,GNNExplainer,9015,3,0.9589473684210528,0.25,0.0,,1.0,0.0,29
TAGCN,1:100,focal_loss,GNNExplainer,8521,2,0.9563909774436091,0.0,0.0,,1.0,0.0,23
TAGCN,1:100,focal_loss,GNNExplainer,9457,4,0.9445112781954886,0.45,0.0,,1.0,0.0,34
TAGCN,1:100,focal_loss,GNNExplainer,9149,3,0.9212030075187968,0.16666666666666666,0.0,,1.0,0.0,34
TAGCN,1:100,focal_loss,GNNExplainer,8106,1,0.9282706766917291,0.46,1.0,,1.0,0.0,39
TAGCN,1:100,focal_loss,GNNExplainer,8344,1,0.8705263157894736,0.6136363636363636,0.0,,1.0,0.0,29
TAGCN,1:100,focal_loss,GNNExplainer,9466,4,0.8790977443609022,0.55,0.0,,1.0,0.0,38
TAGCN,1:100,focal_loss,GNNExplainer,8052,1,0.8849624060150374,0.5714285714285714,0.0,,1.0,0.0,31
TAGCN,1:100,focal_loss,GNNExplainer,9438,4,0.9094736842105263,0.6176470588235294,0.0,,1.0,0.0,32
TAGCN,1:100,focal_loss,GNNExplainer,8125,1,0.9386466165413532,0.34782608695652173,0.0,,1.0,0.0,38
TAGCN,1:100,focal_loss,GNNExplainer,8800,2,0.9481203007518797,0.25,0.0,,1.0,0.0,27
TAGCN,1:100,focal_loss,PGExplainer,9500,4,,0.9333333333333333,,,,,32
TAGCN,1:100,focal_loss,PGExplainer,9389,4,,0.9500000000000001,,,,,40
TAGCN,1:100,focal_loss,PGExplainer,8101,1,,1.0,,,,,33
TAGCN,1:100,focal_loss,PGExplainer,8087,1,,0.9565217391304348,,,,,35
TAGCN,1:100,focal_loss,PGExplainer,8482,2,,0.75,,,,,17
TAGCN,1:100,focal_loss,PGExplainer,8921,3,,0.9772727272727273,,,,,36
TAGCN,1:100,focal_loss,PGExplainer,8291,1,,0.9583333333333334,,,,,30
TAGCN,1:100,focal_loss,PGExplainer,8591,2,,0.5,,,,,21
TAGCN,1:100,focal_loss,PGExplainer,8089,1,,0.9565217391304348,,,,,34
TAGCN,1:100,focal_loss,PGExplainer,9287,4,,0.9333333333333333,,,,,38
TAGCN,1:100,focal_loss,PGExplainer,8424,2,,0.5,,,,,29
TAGCN,1:100,focal_loss,PGExplainer,9062,3,,0.9736842105263158,,,,,37
TAGCN,1:100,focal_loss,PGExplainer,8279,1,,0.9615384615384616,,,,,21
TAGCN,1:100,focal_loss,PGExplainer,9354,4,,0.9500000000000001,,,,,35
TAGCN,1:100,focal_loss,PGExplainer,8365,1,,0.9333333333333333,,,,,29
TAGCN,1:100,focal_loss,PGExplainer,8468,2,,0.5,,,,,27
TAGCN,1:100,focal_loss,PGExplainer,9008,3,,1.0,,,,,33
TAGCN,1:100,focal_loss,PGExplainer,9376,4,,0.925,,,,,35
TAGCN,1:100,focal_loss,PGExplainer,8184,1,,0.9038461538461539,,,,,81
TAGCN,1:100,focal_loss,PGExplainer,9015,3,,0.9642857142857143,,,,,29
TAGCN,1:100,focal_loss,PGExplainer,8521,2,,0.5,,,,,23
TAGCN,1:100,focal_loss,PGExplainer,9457,4,,0.925,,,,,34
TAGCN,1:100,focal_loss,PGExplainer,9149,3,,0.9333333333333333,,,,,34
TAGCN,1:100,focal_loss,PGExplainer,8106,1,,1.0,,,,,39
TAGCN,1:100,focal_loss,PGExplainer,8344,1,,0.9545454545454546,,,,,29
TAGCN,1:100,focal_loss,PGExplainer,9466,4,,0.9500000000000001,,,,,38
TAGCN,1:100,focal_loss,PGExplainer,8052,1,,0.9761904761904762,,,,,31
TAGCN,1:100,focal_loss,PGExplainer,9438,4,,0.9117647058823528,,,,,32
TAGCN,1:100,focal_loss,PGExplainer,8125,1,,0.9565217391304348,,,,,38
TAGCN,1:100,focal_loss,PGExplainer,8800,2,,0.75,,,,,27
TAGCN,1:100,focal_loss,GNNShap,9500,4,0.9978947368421052,,0.0,0.9242433738150065,,,32
TAGCN,1:100,focal_loss,GNNShap,9389,4,0.9921804511278195,,0.0,0.9190509701924932,,,40
TAGCN,1:100,focal_loss,GNNShap,8101,1,0.9924812030075187,,1.0,0.9352703936290796,,,33
TAGCN,1:100,focal_loss,GNNShap,8087,1,0.9948872180451127,,0.0,0.9196070370873016,,,35
TAGCN,1:100,focal_loss,GNNShap,8482,2,0.9867669172932327,,0.0,0.9432890067555773,,,17
TAGCN,1:100,focal_loss,GNNShap,8921,3,0.989172932330827,,0.0,0.9458647735406899,,,36
TAGCN,1:100,focal_loss,GNNShap,8291,1,0.9843609022556391,,0.0,0.9463875116462696,,,30
TAGCN,1:100,focal_loss,GNNShap,8591,2,0.9914285714285713,,0.0,0.9411000967786167,,,21
TAGCN,1:100,focal_loss,GNNShap,8089,1,0.9887218045112782,,0.0,0.9195106928332514,,,34
TAGCN,1:100,focal_loss,GNNShap,9287,4,0.9978947368421052,,0.0,0.9498179306703888,,,38
TAGCN,1:100,focal_loss,GNNShap,8424,2,0.9914285714285713,,0.0,0.9446490894200676,,,29
TAGCN,1:100,focal_loss,GNNShap,9062,3,0.9720300751879698,,0.0,0.965213823434142,,,37
TAGCN,1:100,focal_loss,GNNShap,8279,1,0.9799999999999999,,1.0,0.9659396659415913,,,21
TAGCN,1:100,focal_loss,GNNShap,9354,4,0.9873684210526313,,0.0,0.8989845337571898,,,35
TAGCN,1:100,focal_loss,GNNShap,8365,1,0.9962406015037593,,0.0,0.9292111227369653,,,29
TAGCN,1:100,focal_loss,GNNShap,8468,2,0.9948872180451127,,0.0,0.9199785881418677,,,27
TAGCN,1:100,focal_loss,GNNShap,9008,3,0.9936842105263158,,0.0,0.962147247345003,,,33
TAGCN,1:100,focal_loss,GNNShap,9376,4,0.9984962406015038,,0.0,0.9106476225210031,,,35
TAGCN,1:100,focal_loss,GNNShap,8184,1,0.984360902255639,,0.0,0.9885702769449665,,,81
TAGCN,1:100,focal_loss,GNNShap,9015,3,0.9875187969924811,,0.0,0.9328796890181549,,,29
TAGCN,1:100,focal_loss,GNNShap,8521,2,0.9936842105263157,,1.0,0.9550495535373337,,,23
TAGCN,1:100,focal_loss,GNNShap,9457,4,0.9959398496240601,,0.0,0.9156621969520315,,,34
TAGCN,1:100,focal_loss,GNNShap,9149,3,0.9806015037593984,,0.0,0.9446446875351734,,,34
TAGCN,1:100,focal_loss,GNNShap,8106,1,0.9927819548872179,,0.0,0.9300294548325944,,,39
TAGCN,1:100,focal_loss,GNNShap,8344,1,0.9932330827067668,,0.0,0.9057155421574272,,,29
TAGCN,1:100,focal_loss,GNNShap,9466,4,0.9974436090225562,,0.0,0.8993338192156282,,,38
TAGCN,1:100,focal_loss,GNNShap,8052,1,0.9978947368421054,,0.0,0.9101277717350011,,,31
TAGCN,1:100,focal_loss,GNNShap,9438,4,0.9972932330827066,,0.0,0.9020296291755725,,,32
TAGCN,1:100,focal_loss,GNNShap,8125,1,0.9945864661654136,,0.0,0.8538368614926485,,,38
TAGCN,1:100,focal_loss,GNNShap,8800,2,0.9959398496240601,,0.0,0.9605471363817676,,,27
TAGCN,natural,none,GNNExplainer,8897,3,0.7532330827067668,0.7058823529411765,1.0,,1.0,0.0,35
TAGCN,natural,none,GNNExplainer,8270,1,0.9051127819548871,0.20000000000000004,0.0,,1.0,0.0,25
TAGCN,natural,none,GNNExplainer,8558,2,0.9396992481203007,0.125,0.0,,1.0,0.0,20
TAGCN,natural,none,GNNExplainer,8404,2,0.9610526315789473,0.0,0.0,,1.0,0.0,25
TAGCN,natural,none,GNNExplainer,8285,1,0.9378947368421052,0.5769230769230769,0.0,,1.0,0.0,27
TAGCN,natural,none,GNNExplainer,8053,1,0.48887218045112774,0.2727272727272727,1.0,,0.0,0.0,83
TAGCN,natural,none,GNNExplainer,8687,2,0.9622556390977444,0.0,1.0,,1.0,0.0,30
TAGCN,natural,none,GNNExplainer,8740,2,0.9496240601503759,0.0,0.0,,1.0,0.0,23
TAGCN,natural,none,GNNExplainer,8800,2,0.9678195488721804,0.0,1.0,,1.0,0.0,27
TAGCN,natural,none,GNNExplainer,8147,1,0.8807518796992481,0.23529411764705882,0.0,,1.0,0.0,28
TAGCN,natural,none,GNNExplainer,8029,1,0.9130827067669172,0.13636363636363635,0.0,,1.0,0.0,25
TAGCN,natural,none,GNNExplainer,8665,2,0.863609022556391,0.375,1.0,,1.0,0.0,19
TAGCN,natural,none,GNNExplainer,8224,1,0.8147368421052631,0.47619047619047616,0.0,,1.0,0.0,36
TAGCN,natural,none,GNNExplainer,8863,2,0.8851127819548872,0.0,1.0,,1.0,0.0,20
TAGCN,natural,none,GNNExplainer,9540,4,0.8566917293233083,0.6,1.0,,1.0,0.0,32
TAGCN,natural,none,GNNExplainer,8226,1,0.9673684210526314,0.3333333333333333,0.0,,1.0,0.0,33
TAGCN,natural,none,GNNExplainer,9300,4,0.9415037593984963,0.6333333333333333,0.0,,1.0,0.0,30
TAGCN,natural,none,GNNExplainer,9513,4,0.9294736842105262,0.8333333333333334,0.0,,1.0,0.0,26
TAGCN,natural,none,GNNExplainer,9112,3,0.9481203007518797,0.7058823529411765,1.0,,1.0,0.0,33
TAGCN,natural,none,GNNExplainer,8997,3,0.9297744360902254,0.6333333333333333,1.0,,1.0,0.0,32
TAGCN,natural,none,GNNExplainer,8718,2,0.9317293233082704,0.0,1.0,,1.0,0.0,22
TAGCN,natural,none,GNNExplainer,9411,4,0.8760902255639097,0.6153846153846154,0.0,,1.0,0.0,30
TAGCN,natural,none,GNNExplainer,9328,4,0.9336842105263157,0.05000000000000001,1.0,,1.0,0.0,28
TAGCN,natural,none,GNNExplainer,8107,1,0.5051127819548872,0.32608695652173914,1.0,,0.0,0.0,83
TAGCN,natural,none,GNNExplainer,8694,2,0.846015037593985,0.5,1.0,,1.0,0.0,24
TAGCN,natural,none,GNNExplainer,8773,2,0.8419548872180449,0.5,1.0,,1.0,0.0,28
TAGCN,natural,none,GNNExplainer,8020,1,0.930375939849624,0.631578947368421,0.0,,1.0,0.0,30
TAGCN,natural,none,GNNExplainer,8447,2,0.943157894736842,0.75,1.0,,1.0,0.0,21
TAGCN,natural,none,GNNExplainer,8482,2,0.9317293233082704,0.5,0.0,,1.0,0.0,17
TAGCN,natural,none,GNNExplainer,8561,2,0.8790977443609023,0.625,1.0,,1.0,0.0,21
TAGCN,natural,none,PGExplainer,8897,3,,0.9411764705882353,,,,,35
TAGCN,natural,none,PGExplainer,8270,1,,0.9666666666666667,,,,,25
TAGCN,natural,none,PGExplainer,8558,2,,0.75,,,,,20
TAGCN,natural,none,PGExplainer,8404,2,,0.5,,,,,25
TAGCN,natural,none,PGExplainer,8285,1,,0.9615384615384616,,,,,27
TAGCN,natural,none,PGExplainer,8053,1,,1.0,,,,,83
TAGCN,natural,none,PGExplainer,8687,2,,0.75,,,,,30
TAGCN,natural,none,PGExplainer,8740,2,,0.875,,,,,23
TAGCN,natural,none,PGExplainer,8800,2,,0.875,,,,,27
TAGCN,natural,none,PGExplainer,8147,1,,0.9411764705882353,,,,,28
TAGCN,natural,none,PGExplainer,8029,1,,0.9090909090909091,,,,,25
TAGCN,natural,none,PGExplainer,8665,2,,0.75,,,,,19
TAGCN,natural,none,PGExplainer,8224,1,,0.9285714285714286,,,,,36
TAGCN,natural,none,PGExplainer,8863,2,,0.75,,,,,20
TAGCN,natural,none,PGExplainer,9540,4,,0.9333333333333333,,,,,32
TAGCN,natural,none,PGExplainer,8226,1,,0.9285714285714286,,,,,33
TAGCN,natural,none,PGExplainer,9300,4,,0.9333333333333333,,,,,30
TAGCN,natural,none,PGExplainer,9513,4,,0.9166666666666666,,,,,26
TAGCN,natural,none,PGExplainer,9112,3,,0.9705882352941176,,,,,33
TAGCN,natural,none,PGExplainer,8997,3,,1.0,,,,,32
TAGCN,natural,none,PGExplainer,8718,2,,0.5,,,,,22
TAGCN,natural,none,PGExplainer,9411,4,,0.9230769230769231,,,,,30
TAGCN,natural,none,PGExplainer,9328,4,,0.9500000000000001,,,,,28
TAGCN,natural,none,PGExplainer,8107,1,,1.0,,,,,83
TAGCN,natural,none,PGExplainer,8694,2,,0.75,,,,,24
TAGCN,natural,none,PGExplainer,8773,2,,1.0,,,,,28
TAGCN,natural,none,PGExplainer,8020,1,,0.9473684210526315,,,,,30
TAGCN,natural,none,PGExplainer,8447,2,,0.75,,,,,21
TAGCN,natural,none,PGExplainer,8482,2,,0.5,,,,,17
TAGCN,natural,none,PGExplainer,8561,2,,0.75,,,,,21
TAGCN,natural,none,GNNShap,8897,3,0.9291729323308269,,0.0,0.9775858105258542,,,35
TAGCN,natural,none,GNNShap,8270,1,0.983157894736842,,0.0,0.9481374920601221,,,25
TAGCN,natural,none,GNNShap,8558,2,0.9723308270676692,,0.0,0.9431655348145481,,,20
TAGCN,natural,none,GNNShap,8404,2,0.9341353383458646,,0.0,0.9823596268795886,,,25
TAGCN,natural,none,GNNShap,8285,1,0.9882706766917291,,0.0,0.9746533820433629,,,27
TAGCN,natural,none,GNNShap,8053,1,0.9300751879699248,,0.0,0.9996460536675087,,,83
TAGCN,natural,none,GNNShap,8687,2,0.9784962406015036,,1.0,0.9803181927034098,,,30
TAGCN,natural,none,GNNShap,8740,2,0.9521804511278195,,0.0,0.9569243114016285,,,23
TAGCN,natural,none,GNNShap,8800,2,0.9789473684210523,,0.0,0.9614014312541117,,,27
TAGCN,natural,none,GNNShap,8147,1,0.9821052631578947,,0.0,0.9359724992044566,,,28
TAGCN,natural,none,GNNShap,8029,1,0.9849624060150374,,0.0,0.949111274906438,,,25
TAGCN,natural,none,GNNShap,8665,2,0.9384962406015035,,0.0,0.9759422091169041,,,19
TAGCN,natural,none,GNNShap,8224,1,0.9712781954887216,,0.0,0.9656926876913257,,,36
TAGCN,natural,none,GNNShap,8863,2,0.9748872180451127,,1.0,0.9701834785548622,,,20
TAGCN,natural,none,GNNShap,9540,4,0.961954887218045,,0.0,0.9266899630060432,,,32
TAGCN,natural,none,GNNShap,8226,1,0.9813533834586465,,0.0,0.9605588078032575,,,33
TAGCN,natural,none,GNNShap,9300,4,0.9709774436090225,,0.0,0.9694415679524233,,,30
TAGCN,natural,none,GNNShap,9513,4,0.9882706766917291,,0.0,0.9583731459561908,,,26
TAGCN,natural,none,GNNShap,9112,3,0.96796992481203,,0.0,0.9758352243678882,,,33
TAGCN,natural,none,GNNShap,8997,3,0.9804511278195488,,0.0,0.9729045441730404,,,32
TAGCN,natural,none,GNNShap,8718,2,0.9777443609022555,,0.0,0.957549852586076,,,22
TAGCN,natural,none,GNNShap,9411,4,0.9754887218045113,,0.0,0.964478499683832,,,30
TAGCN,natural,none,GNNShap,9328,4,0.9580451127819547,,0.0,0.9196257312490834,,,28
TAGCN,natural,none,GNNShap,8107,1,0.8849624060150376,,0.0,0.998132979996741,,,83
TAGCN,natural,none,GNNShap,8694,2,0.9604511278195489,,0.0,0.9668806219034929,,,24
TAGCN,natural,none,GNNShap,8773,2,0.9578947368421054,,0.0,0.9653739917405166,,,28
TAGCN,natural,none,GNNShap,8020,1,0.9712781954887216,,0.0,0.9818535399818803,,,30
TAGCN,natural,none,GNNShap,8447,2,0.970375939849624,,0.0,0.9743257190100569,,,21
TAGCN,natural,none,GNNShap,8482,2,0.9711278195488721,,0.0,0.9521633487891812,,,17
TAGCN,natural,none,GNNShap,8561,2,0.9168421052631578,,1.0,0.967604436135501,,,21
TAGCN,natural,class_weighting,GNNExplainer,9462,4,0.8748872180451126,0.7,1.0,,1.0,0.0,33
TAGCN,natural,class_weighting,GNNExplainer,8053,1,0.49293233082706767,0.25,1.0,,0.0,0.0,83
TAGCN,natural,class_weighting,GNNExplainer,8265,1,0.9218045112781953,0.631578947368421,1.0,,1.0,0.0,34
TAGCN,natural,class_weighting,GNNExplainer,8270,1,0.9022556390977442,0.6333333333333333,0.0,,1.0,0.0,25
TAGCN,natural,class_weighting,GNNExplainer,8107,1,0.4905263157894736,0.32608695652173914,1.0,,0.0,0.0,83
TAGCN,natural,class_weighting,GNNExplainer,8285,1,0.9240601503759397,0.5769230769230769,1.0,,1.0,0.0,27
TAGCN,natural,class_weighting,GNNExplainer,8401,2,0.8960902255639098,0.25,1.0,,1.0,0.0,19
TAGCN,natural,class_weighting,GNNExplainer,8897,3,0.8615037593984962,0.7058823529411765,1.0,,1.0,0.0,35
TAGCN,natural,class_weighting,GNNExplainer,9287,4,0.84390977443609,0.6333333333333333,0.0,,1.0,0.0,38
TAGCN,natural,class_weighting,GNNExplainer,8226,1,0.9601503759398495,0.7142857142857143,0.0,,1.0,0.0,33
TAGCN,natural,class_weighting,GNNExplainer,8331,1,0.4936842105263158,0.5476190476190477,1.0,,0.4,0.0,30
TAGCN,natural,class_weighting,GNNExplainer,8757,2,0.9428571428571428,0.0,0.0,,1.0,0.0,20
TAGCN,natural,class_weighting,GNNExplainer,9488,4,0.48135338345864664,0.3,0.0,,0.0,0.0,67
TAGCN,natural,class_weighting,GNNExplainer,9540,4,0.8209022556390977,0.6666666666666666,1.0,,1.0,0.0,32
TAGCN,natural,class_weighting,GNNExplainer,9455,4,0.9542857142857143,0.7250000000000001,0.0,,1.0,0.0,36
TAGCN,natural,class_weighting,GNNExplainer,9464,4,0.7118796992481202,0.675,0.0,,1.0,0.0,36
TAGCN,natural,class_weighting,GNNExplainer,8029,1,0.9529323308270676,0.045454545454545456,0.0,,1.0,0.0,25
TAGCN,natural,class_weighting,GNNExplainer,8718,2,0.9648120300751879,0.0,0.0,,1.0,0.0,22
TAGCN,natural,class_weighting,GNNExplainer,8773,2,0.782406015037594,0.625,1.0,,1.0,0.0,28
TAGCN,natural,class_weighting,GNNExplainer,8797,2,0.9142857142857143,0.5,1.0,,1.0,0.0,17
TAGCN,natural,class_weighting,GNNExplainer,8319,1,0.9443609022556391,0.8000000000000002,0.0,,1.0,0.0,23
TAGCN,natural,class_weighting,GNNExplainer,8447,2,0.9180451127819549,0.625,1.0,,1.0,0.0,21
TAGCN,natural,class_weighting,GNNExplainer,8604,2,0.7697744360902254,0.625,1.0,,1.0,0.0,20
TAGCN,natural,class_weighting,GNNExplainer,9042,3,0.8854135338345864,0.6176470588235294,1.0,,1.0,0.0,36
TAGCN,natural,class_weighting,GNNExplainer,8333,1,0.9412030075187967,0.30952380952380953,0.0,,1.0,0.0,33
TAGCN,natural,class_weighting,GNNExplainer,8828,2,0.9616541353383458,0.0,0.0,,1.0,0.0,25
TAGCN,natural,class_weighting,GNNExplainer,8507,2,0.9412030075187967,0.5,1.0,,1.0,0.0,17
TAGCN,natural,class_weighting,GNNExplainer,8147,1,0.917142857142857,0.23529411764705882,0.0,,1.0,0.0,28
TAGCN,natural,class_weighting,GNNExplainer,9411,4,0.8590977443609022,0.6153846153846154,1.0,,1.0,0.0,30
TAGCN,natural,class_weighting,GNNExplainer,9328,4,0.9577443609022556,0.6,0.0,,1.0,0.0,28
TAGCN,natural,class_weighting,PGExplainer,9462,4,,0.9500000000000001,,,,,33
TAGCN,natural,class_weighting,PGExplainer,8053,1,,0.9772727272727273,,,,,83
TAGCN,natural,class_weighting,PGExplainer,8265,1,,0.9473684210526315,,,,,34
TAGCN,natural,class_weighting,PGExplainer,8270,1,,0.9666666666666667,,,,,25
TAGCN,natural,class_weighting,PGExplainer,8107,1,,1.0,,,,,83
TAGCN,natural,class_weighting,PGExplainer,8285,1,,0.9615384615384616,,,,,27
TAGCN,natural,class_weighting,PGExplainer,8401,2,,1.0,,,,,19
TAGCN,natural,class_weighting,PGExplainer,8897,3,,0.9411764705882353,,,,,35
TAGCN,natural,class_weighting,PGExplainer,9287,4,,0.9333333333333333,,,,,38
TAGCN,natural,class_weighting,PGExplainer,8226,1,,0.9047619047619048,,,,,33
TAGCN,natural,class_weighting,PGExplainer,8331,1,,0.9761904761904762,,,,,30
TAGCN,natural,class_weighting,PGExplainer,8757,2,,0.5,,,,,20
TAGCN,natural,class_weighting,PGExplainer,9488,4,,0.9666666666666667,,,,,67
TAGCN,natural,class_weighting,PGExplainer,9540,4,,0.9333333333333333,,,,,32
TAGCN,natural,class_weighting,PGExplainer,9455,4,,0.925,,,,,36
TAGCN,natural,class_weighting,PGExplainer,9464,4,,0.9500000000000001,,,,,36
TAGCN,natural,class_weighting,PGExplainer,8029,1,,0.9090909090909091,,,,,25
TAGCN,natural,class_weighting,PGExplainer,8718,2,,0.5,,,,,22
TAGCN,natural,class_weighting,PGExplainer,8773,2,,1.0,,,,,28
TAGCN,natural,class_weighting,PGExplainer,8797,2,,0.875,,,,,17
TAGCN,natural,class_weighting,PGExplainer,8319,1,,0.9666666666666667,,,,,23
TAGCN,natural,class_weighting,PGExplainer,8447,2,,0.75,,,,,21
TAGCN,natural,class_weighting,PGExplainer,8604,2,,0.75,,,,,20
TAGCN,natural,class_weighting,PGExplainer,9042,3,,1.0,,,,,36
TAGCN,natural,class_weighting,PGExplainer,8333,1,,0.9523809523809523,,,,,33
TAGCN,natural,class_weighting,PGExplainer,8828,2,,0.5,,,,,25
TAGCN,natural,class_weighting,PGExplainer,8507,2,,1.0,,,,,17
TAGCN,natural,class_weighting,PGExplainer,8147,1,,0.9411764705882353,,,,,28
TAGCN,natural,class_weighting,PGExplainer,9411,4,,0.9230769230769231,,,,,30
TAGCN,natural,class_weighting,PGExplainer,9328,4,,0.9500000000000001,,,,,28
TAGCN,natural,class_weighting,GNNShap,9462,4,0.9592481203007518,,0.0,0.9847039140967299,,,33
TAGCN,natural,class_weighting,GNNShap,8053,1,0.8872180451127818,,0.0,0.999983445617208,,,83
TAGCN,natural,class_weighting,GNNShap,8265,1,0.9542857142857141,,0.0,0.9861021702134412,,,34
TAGCN,natural,class_weighting,GNNShap,8270,1,0.9799999999999999,,0.0,0.9603939962559961,,,25
TAGCN,natural,class_weighting,GNNShap,8107,1,0.8433082706766916,,0.0,0.9997876087903046,,,83
TAGCN,natural,class_weighting,GNNShap,8285,1,0.9718796992481202,,0.0,0.9836299407649897,,,27
TAGCN,natural,class_weighting,GNNShap,8401,2,0.9479699248120299,,1.0,0.976995653891267,,,19
TAGCN,natural,class_weighting,GNNShap,8897,3,0.9473684210526315,,0.0,0.9784692215637593,,,35
TAGCN,natural,class_weighting,GNNShap,9287,4,0.9932330827067668,,0.0,0.9739600084741742,,,38
TAGCN,natural,class_weighting,GNNShap,8226,1,0.9732330827067669,,0.0,0.9760843885490285,,,33
TAGCN,natural,class_weighting,GNNShap,8331,1,0.950676691729323,,0.0,0.901620084512189,,,30
TAGCN,natural,class_weighting,GNNShap,8757,2,0.9834586466165411,,1.0,0.932111506524412,,,20
TAGCN,natural,class_weighting,GNNShap,9488,4,0.8108270676691728,,0.0,0.9996448176555036,,,67
TAGCN,natural,class_weighting,GNNShap,9540,4,0.9401503759398494,,0.0,0.9655601996720901,,,32
TAGCN,natural,class_weighting,GNNShap,9455,4,0.963157894736842,,0.0,0.9645810706262514,,,36
TAGCN,natural,class_weighting,GNNShap,9464,4,0.978796992481203,,0.0,0.9598626719039132,,,36
TAGCN,natural,class_weighting,GNNShap,8029,1,0.9783458646616541,,0.0,0.9758156386862943,,,25
TAGCN,natural,class_weighting,GNNShap,8718,2,0.9836090225563907,,0.0,0.9684088910073309,,,22
TAGCN,natural,class_weighting,GNNShap,8773,2,0.9685714285714283,,0.0,0.9739688412791979,,,28
TAGCN,natural,class_weighting,GNNShap,8797,2,0.9723308270676692,,0.0,0.9451249637547067,,,17
TAGCN,natural,class_weighting,GNNShap,8319,1,0.9833082706766916,,0.0,0.9719234304565438,,,23
TAGCN,natural,class_weighting,GNNShap,8447,2,0.9687218045112782,,0.0,0.9770139740621392,,,21
TAGCN,natural,class_weighting,GNNShap,8604,2,0.9624060150375939,,0.0,0.9767713010818578,,,20
TAGCN,natural,class_weighting,GNNShap,9042,3,0.9672180451127819,,0.0,0.9832753808854553,,,36
TAGCN,natural,class_weighting,GNNShap,8333,1,0.9833082706766916,,0.0,0.9771220129660471,,,33
TAGCN,natural,class_weighting,GNNShap,8828,2,0.9839097744360903,,0.0,0.9771113696898439,,,25
TAGCN,natural,class_weighting,GNNShap,8507,2,0.9738345864661653,,0.0,0.9870685928911124,,,17
TAGCN,natural,class_weighting,GNNShap,8147,1,0.9852631578947367,,0.0,0.954862960819655,,,28
TAGCN,natural,class_weighting,GNNShap,9411,4,0.9753383458646615,,0.0,0.9799965457261853,,,30
TAGCN,natural,class_weighting,GNNShap,9328,4,0.9796992481203006,,0.0,0.955266071424288,,,28
TAGCN,natural,focal_loss,GNNExplainer,9460,4,0.9254135338345865,0.525,0.0,,1.0,0.0,35
TAGCN,natural,focal_loss,GNNExplainer,8053,1,0.5166917293233081,0.25,1.0,,0.0,0.0,83
TAGCN,natural,focal_loss,GNNExplainer,8265,1,0.9530827067669172,0.47368421052631576,1.0,,1.0,0.0,34
TAGCN,natural,focal_loss,GNNExplainer,8270,1,0.8667669172932332,0.5666666666666667,1.0,,1.0,0.0,25
TAGCN,natural,focal_loss,GNNExplainer,8107,1,0.5757894736842106,0.2826086956521739,1.0,,0.0,0.0,83
TAGCN,natural,focal_loss,GNNExplainer,8285,1,0.9066165413533834,0.5384615384615384,1.0,,1.0,0.0,27
TAGCN,natural,focal_loss,GNNExplainer,8401,2,0.8703759398496238,0.25,1.0,,1.0,0.0,19
TAGCN,natural,focal_loss,GNNExplainer,8874,2,0.884812030075188,0.75,1.0,,1.0,0.0,23
TAGCN,natural,focal_loss,GNNExplainer,9276,4,0.9066165413533834,0.7,0.0,,1.0,0.0,26
TAGCN,natural,focal_loss,GNNExplainer,8226,1,0.8978947368421053,0.5476190476190477,0.0,,1.0,0.0,33
TAGCN,natural,focal_loss,GNNExplainer,8331,1,0.8658646616541352,0.5714285714285714,0.0,,1.0,0.0,30
TAGCN,natural,focal_loss,GNNExplainer,8747,2,0.8396992481203007,0.625,1.0,,1.0,0.0,19
TAGCN,natural,focal_loss,GNNExplainer,9488,4,0.4809022556390977,0.26666666666666666,0.0,,0.0,0.0,67
TAGCN,natural,focal_loss,GNNExplainer,9540,4,0.8735338345864662,0.5666666666666667,0.0,,1.0,0.0,32
TAGCN,natural,focal_loss,GNNExplainer,9447,4,0.8377443609022555,0.5,0.0,,1.0,0.0,33
TAGCN,natural,focal_loss,GNNExplainer,9462,4,0.9093233082706768,0.6,0.0,,1.0,0.0,33
TAGCN,natural,focal_loss,GNNExplainer,8029,1,0.9186466165413535,0.09090909090909091,0.0,,1.0,0.0,25
TAGCN,natural,focal_loss,GNNExplainer,8717,2,0.8902255639097744,0.0,0.0,,1.0,0.0,21
TAGCN,natural,focal_loss,GNNExplainer,8757,2,0.9282706766917294,0.0,0.0,,1.0,0.0,20
TAGCN,natural,focal_loss,GNNExplainer,8790,2,0.9288721804511277,0.16666666666666666,0.0,,1.0,0.0,24
TAGCN,natural,focal_loss,GNNExplainer,8319,1,0.8833082706766916,0.7333333333333333,0.0,,1.0,0.0,23
TAGCN,natural,focal_loss,GNNExplainer,8447,2,0.8628571428571428,0.5,1.0,,1.0,0.0,21
TAGCN,natural,focal_loss,GNNExplainer,8602,2,0.915187969924812,0.0,1.0,,1.0,0.0,16
TAGCN,natural,focal_loss,GNNExplainer,9026,3,0.8237593984962406,0.6470588235294118,1.0,,1.0,0.0,35
TAGCN,natural,focal_loss,GNNExplainer,8333,1,0.944812030075188,0.40476190476190477,0.0,,1.0,0.0,33
TAGCN,natural,focal_loss,GNNExplainer,8827,2,0.8981954887218043,0.0,1.0,,1.0,0.0,23
TAGCN,natural,focal_loss,GNNExplainer,8482,2,0.8718796992481204,0.0,1.0,,1.0,0.0,17
TAGCN,natural,focal_loss,GNNExplainer,8147,1,0.8933834586466165,0.3235294117647059,0.0,,1.0,0.0,28
TAGCN,natural,focal_loss,GNNExplainer,9407,4,0.7869172932330826,0.3888888888888889,0.0,,1.0,0.0,40
TAGCN,natural,focal_loss,GNNExplainer,9320,4,0.9145864661654134,0.5588235294117647,0.0,,1.0,0.0,38
TAGCN,natural,focal_loss,PGExplainer,9460,4,,0.9500000000000001,,,,,35
TAGCN,natural,focal_loss,PGExplainer,8053,1,,0.9772727272727273,,,,,83
TAGCN,natural,focal_loss,PGExplainer,8265,1,,0.9473684210526315,,,,,34
TAGCN,natural,focal_loss,PGExplainer,8270,1,,0.9666666666666667,,,,,25
TAGCN,natural,focal_loss,PGExplainer,8107,1,,1.0,,,,,83
TAGCN,natural,focal_loss,PGExplainer,8285,1,,0.9615384615384616,,,,,27
TAGCN,natural,focal_loss,PGExplainer,8401,2,,0.75,,,,,19
TAGCN,natural,focal_loss,PGExplainer,8874,2,,0.875,,,,,23
TAGCN,natural,focal_loss,PGExplainer,9276,4,,0.9333333333333333,,,,,26
TAGCN,natural,focal_loss,PGExplainer,8226,1,,0.9047619047619048,,,,,33
TAGCN,natural,focal_loss,PGExplainer,8331,1,,0.9761904761904762,,,,,30
TAGCN,natural,focal_loss,PGExplainer,8747,2,,0.75,,,,,19
TAGCN,natural,focal_loss,PGExplainer,9488,4,,0.9666666666666667,,,,,67
TAGCN,natural,focal_loss,PGExplainer,9540,4,,0.9333333333333333,,,,,32
TAGCN,natural,focal_loss,PGExplainer,9447,4,,0.9,,,,,33
TAGCN,natural,focal_loss,PGExplainer,9462,4,,0.925,,,,,33
TAGCN,natural,focal_loss,PGExplainer,8029,1,,0.9090909090909091,,,,,25
TAGCN,natural,focal_loss,PGExplainer,8717,2,,0.5,,,,,21
TAGCN,natural,focal_loss,PGExplainer,8757,2,,0.75,,,,,20
TAGCN,natural,focal_loss,PGExplainer,8790,2,,0.5,,,,,24
TAGCN,natural,focal_loss,PGExplainer,8319,1,,0.9666666666666667,,,,,23
TAGCN,natural,focal_loss,PGExplainer,8447,2,,0.75,,,,,21
TAGCN,natural,focal_loss,PGExplainer,8602,2,,0.75,,,,,16
TAGCN,natural,focal_loss,PGExplainer,9026,3,,0.9705882352941176,,,,,35
TAGCN,natural,focal_loss,PGExplainer,8333,1,,0.9523809523809523,,,,,33
TAGCN,natural,focal_loss,PGExplainer,8827,2,,0.375,,,,,23
TAGCN,natural,focal_loss,PGExplainer,8482,2,,0.75,,,,,17
TAGCN,natural,focal_loss,PGExplainer,8147,1,,0.9117647058823528,,,,,28
TAGCN,natural,focal_loss,PGExplainer,9407,4,,0.9444444444444444,,,,,40
TAGCN,natural,focal_loss,PGExplainer,9320,4,,0.9117647058823528,,,,,38
TAGCN,natural,focal_loss,GNNShap,9460,4,0.9969924812030074,,0.0,0.9643607463710626,,,35
TAGCN,natural,focal_loss,GNNShap,8053,1,0.9598496240601504,,0.0,0.9988040746248827,,,83
TAGCN,natural,focal_loss,GNNShap,8265,1,0.993984962406015,,0.0,0.9824579349009129,,,34
TAGCN,natural,focal_loss,GNNShap,8270,1,0.9939849624060149,,0.0,0.9295468479325981,,,25
TAGCN,natural,focal_loss,GNNShap,8107,1,0.9523308270676691,,0.0,0.9975408379401489,,,83
TAGCN,natural,focal_loss,GNNShap,8285,1,0.9954887218045112,,0.0,0.9599144548122105,,,27
TAGCN,natural,focal_loss,GNNShap,8401,2,0.959548872180451,,1.0,0.9803644462932182,,,19
TAGCN,natural,focal_loss,GNNShap,8874,2,0.9902255639097742,,1.0,0.9610848271771296,,,23
TAGCN,natural,focal_loss,GNNShap,9276,4,0.9923308270676691,,0.0,0.9684219252329956,,,26
TAGCN,natural,focal_loss,GNNShap,8226,1,0.9954887218045112,,0.0,0.956902848030586,,,33
TAGCN,natural,focal_loss,GNNShap,8331,1,0.9885714285714284,,0.0,0.9505509131366884,,,30
TAGCN,natural,focal_loss,GNNShap,8747,2,0.9845112781954886,,0.0,0.9449278733631481,,,19
TAGCN,natural,focal_loss,GNNShap,9488,4,0.8803007518796993,,0.0,0.9965295583376431,,,67
TAGCN,natural,focal_loss,GNNShap,9540,4,0.9965413533834585,,0.0,0.9436234471824149,,,32
TAGCN,natural,focal_loss,GNNShap,9447,4,0.9984962406015038,,0.0,0.9517604769199762,,,33
TAGCN,natural,focal_loss,GNNShap,9462,4,0.9945864661654135,,0.0,0.9710477009423156,,,33
TAGCN,natural,focal_loss,GNNShap,8029,1,0.9978947368421054,,0.0,0.961023389162515,,,25
TAGCN,natural,focal_loss,GNNShap,8717,2,0.9936842105263157,,0.0,0.976911213907216,,,21
TAGCN,natural,focal_loss,GNNShap,8757,2,0.9977443609022554,,1.0,0.9368510604652457,,,20
TAGCN,natural,focal_loss,GNNShap,8790,2,0.9890225563909774,,0.0,0.9427067258911743,,,24
TAGCN,natural,focal_loss,GNNShap,8319,1,0.9936842105263157,,0.0,0.9358302606871025,,,23
TAGCN,natural,focal_loss,GNNShap,8447,2,0.9786466165413534,,0.0,0.9697273116388969,,,21
TAGCN,natural,focal_loss,GNNShap,8602,2,0.9795488721804511,,0.0,0.9663564687240246,,,16
TAGCN,natural,focal_loss,GNNShap,9026,3,0.9873684210526316,,0.0,0.9823872520230073,,,35
TAGCN,natural,focal_loss,GNNShap,8333,1,0.9944360902255639,,0.0,0.9810732607674927,,,33
TAGCN,natural,focal_loss,GNNShap,8827,2,0.9953383458646616,,0.0,0.9418359454603225,,,23
TAGCN,natural,focal_loss,GNNShap,8482,2,0.9861654135338345,,0.0,0.972073435933843,,,17
TAGCN,natural,focal_loss,GNNShap,8147,1,0.9938345864661654,,0.0,0.9332332494279687,,,28
TAGCN,natural,focal_loss,GNNShap,9407,4,0.9978947368421052,,0.0,0.9604893819429403,,,40
TAGCN,natural,focal_loss,GNNShap,9320,4,0.9969924812030074,,0.0,0.9493042544485146,,,38
