graph_seed,architecture,scenario,balancing,model_seed,explainer,node,node_typ,spearman,plaus_edge,plaus_feat,shap_conc,fid_plus,fid_minus,sub_n_nodes
1,GraphSAGE,1:1,none,42,GNNExplainer,8180,1,0.5803007518796993,0.5384615384615384,0.0,,0.005415618419647217,-1.1920928955078125e-07,24
1,GraphSAGE,1:1,none,42,GNNExplainer,8049,1,0.9804511278195489,0.4411764705882353,0.0,,0.9924393892288208,-0.007339417934417725,32
1,GraphSAGE,1:1,none,42,GNNExplainer,8763,2,0.7293233082706767,0.5,1.0,,0.07717615365982056,-1.4424324035644531e-05,29
1,GraphSAGE,1:1,none,42,GNNExplainer,9446,4,0.46781954887218047,0.35,0.0,,0.0,0.0,87
1,GraphSAGE,1:1,none,42,GNNExplainer,9360,4,0.8568421052631578,0.46153846153846156,0.0,,0.9989743232727051,-0.0003769397735595703,29
1,GraphSAGE,1:1,none,42,GNNExplainer,8660,2,0.8287218045112782,0.3333333333333333,1.0,,0.2169114351272583,-4.4345855712890625e-05,26
1,GraphSAGE,1:1,none,42,GNNExplainer,8593,2,0.8418045112781953,0.25,1.0,,3.5762786865234375e-06,1.1563301086425781e-05,24
1,GraphSAGE,1:1,none,42,GNNExplainer,9074,3,0.8924812030075188,0.53125,0.0,,0.9926075339317322,-0.002924203872680664,29
1,GraphSAGE,1:1,none,42,GNNExplainer,8596,2,0.9640601503759398,0.375,1.0,,0.9911794662475586,-0.005196750164031982,22
1,GraphSAGE,1:1,none,42,GNNExplainer,8225,1,0.9136842105263157,0.43333333333333335,0.0,,0.9971619844436646,-0.0027889609336853027,29
1,GraphSAGE,1:1,none,42,GNNExplainer,8447,2,0.9224060150375937,0.625,1.0,,0.30148911476135254,-0.0007531642913818359,21
1,GraphSAGE,1:1,none,42,GNNExplainer,8252,1,0.840751879699248,0.5434782608695652,0.0,,0.008099734783172607,-0.00031244754791259766,35
1,GraphSAGE,1:1,none,42,GNNExplainer,8866,3,0.6879699248120301,0.5,1.0,,0.0060520172119140625,-0.0004883408546447754,40
1,GraphSAGE,1:1,none,42,GNNExplainer,8310,1,0.933533834586466,0.4722222222222222,0.0,,0.41872191429138184,-0.000125885009765625,33
1,GraphSAGE,1:1,none,42,GNNExplainer,8628,2,0.921954887218045,0.5,1.0,,0.9096134901046753,-0.0015500187873840332,25
1,GraphSAGE,1:1,none,42,GNNExplainer,9171,3,0.9215037593984962,0.46153846153846156,0.0,,0.3067624568939209,-0.0008800625801086426,30
1,GraphSAGE,1:1,none,42,GNNExplainer,8321,1,0.8637593984962406,0.525,0.0,,0.9508844017982483,-3.9458274841308594e-05,31
1,GraphSAGE,1:1,none,42,GNNExplainer,8961,3,0.46105263157894727,0.30434782608695654,1.0,,-1.1324882507324219e-05,1.609325408935547e-05,101
1,GraphSAGE,1:1,none,42,GNNExplainer,9096,3,0.9046616541353382,0.5384615384615384,0.0,,0.9119999408721924,-0.0015758275985717773,25
1,GraphSAGE,1:1,none,42,GNNExplainer,8026,1,0.9013533834586467,0.62,0.0,,0.9838930368423462,-0.011273980140686035,31
1,GraphSAGE,1:1,none,42,GNNExplainer,9418,4,0.925563909774436,0.4375,0.0,,0.9272781610488892,-0.028576672077178955,34
1,GraphSAGE,1:1,none,42,GNNExplainer,9291,4,0.9133834586466163,0.4000000000000001,0.0,,0.9528170824050903,-0.03911870718002319,26
1,GraphSAGE,1:1,none,42,GNNExplainer,9132,3,0.9282706766917291,0.43333333333333335,0.0,,0.10240024328231812,-6.663799285888672e-05,37
1,GraphSAGE,1:1,none,42,GNNExplainer,8611,2,0.8581954887218043,0.5,1.0,,0.4558526873588562,-2.110004425048828e-05,25
1,GraphSAGE,1:1,none,42,GNNExplainer,9416,4,0.9051127819548871,0.46875,0.0,,0.43852925300598145,-2.014636993408203e-05,33
1,GraphSAGE,1:1,none,42,GNNExplainer,8488,2,0.896390977443609,0.375,1.0,,0.1359473466873169,-0.0003129243850708008,22
1,GraphSAGE,1:1,none,42,GNNExplainer,8324,1,0.7485714285714284,0.575,1.0,,0.947243332862854,-1.1920928955078125e-07,29
1,GraphSAGE,1:1,none,42,GNNExplainer,8939,3,0.8945864661654135,0.5476190476190477,0.0,,0.8694273233413696,-0.00014340877532958984,37
1,GraphSAGE,1:1,none,42,GNNExplainer,9425,4,0.8833082706766916,0.6458333333333334,0.0,,0.9241455793380737,-0.000801384449005127,39
1,GraphSAGE,1:1,none,42,GNNExplainer,8436,2,0.8867669172932329,0.5,1.0,,0.9781003594398499,-0.0047397613525390625,21
1,GraphSAGE,1:1,none,42,PGExplainer,8180,1,,0.9615384615384616,,,1.1920928955078125e-07,0.0005158185958862305,24
1,GraphSAGE,1:1,none,42,PGExplainer,8049,1,,0.9411764705882353,,,0.0032795071601867676,0.9821327924728394,32
1,GraphSAGE,1:1,none,42,PGExplainer,8763,2,,1.0,,,0.06258106231689453,-1.4424324035644531e-05,29
1,GraphSAGE,1:1,none,42,PGExplainer,9446,4,,0.9500000000000001,,,0.0,0.0,87
1,GraphSAGE,1:1,none,42,PGExplainer,9360,4,,0.9230769230769231,,,0.0003287792205810547,0.6074503660202026,29
1,GraphSAGE,1:1,none,42,PGExplainer,8660,2,,1.0,,,0.00042366981506347656,-3.349781036376953e-05,26
1,GraphSAGE,1:1,none,42,PGExplainer,8593,2,,1.0,,,0.014414548873901367,-5.4836273193359375e-06,24
1,GraphSAGE,1:1,none,42,PGExplainer,9074,3,,0.9375,,,0.00048083066940307617,0.02110421657562256,29
1,GraphSAGE,1:1,none,42,PGExplainer,8596,2,,1.0,,,0.44245314598083496,-0.005207240581512451,22
1,GraphSAGE,1:1,none,42,PGExplainer,8225,1,,0.9333333333333333,,,0.00047385692596435547,0.4128425717353821,29
1,GraphSAGE,1:1,none,42,PGExplainer,8447,2,,1.0,,,0.1952785849571228,-0.0007531642913818359,21
1,GraphSAGE,1:1,none,42,PGExplainer,8252,1,,0.9565217391304348,,,1.52587890625e-05,0.008099853992462158,35
1,GraphSAGE,1:1,none,42,PGExplainer,8866,3,,0.9761904761904762,,,0.00016385316848754883,0.0060520172119140625,40
1,GraphSAGE,1:1,none,42,PGExplainer,8310,1,,0.9444444444444444,,,3.075599670410156e-05,0.41872185468673706,33
1,GraphSAGE,1:1,none,42,PGExplainer,8628,2,,1.0,,,0.7938586473464966,-0.001556694507598877,25
1,GraphSAGE,1:1,none,42,PGExplainer,9171,3,,1.0,,,0.0009462237358093262,0.0019769668579101562,30
1,GraphSAGE,1:1,none,42,PGExplainer,8321,1,,0.9500000000000001,,,-2.7418136596679688e-06,0.06622856855392456,31
1,GraphSAGE,1:1,none,42,PGExplainer,8961,3,,0.9565217391304348,,,0.8968071937561035,0.00024372339248657227,101
1,GraphSAGE,1:1,none,42,PGExplainer,9096,3,,1.0,,,0.0005739927291870117,0.018391311168670654,25
1,GraphSAGE,1:1,none,42,PGExplainer,8026,1,,0.96,,,0.0023557543754577637,0.9426251649856567,31
1,GraphSAGE,1:1,none,42,PGExplainer,9418,4,,0.9375,,,0.0315784215927124,0.9272781610488892,34
1,GraphSAGE,1:1,none,42,PGExplainer,9291,4,,0.9,,,0.02329719066619873,0.01812601089477539,26
1,GraphSAGE,1:1,none,42,PGExplainer,9132,3,,0.9333333333333333,,,3.0159950256347656e-05,0.0006859302520751953,37
1,GraphSAGE,1:1,none,42,PGExplainer,8611,2,,1.0,,,0.005400538444519043,-2.3484230041503906e-05,25
1,GraphSAGE,1:1,none,42,PGExplainer,9416,4,,0.9375,,,2.5987625122070312e-05,0.4385293126106262,33
1,GraphSAGE,1:1,none,42,PGExplainer,8488,2,,0.75,,,0.03696340322494507,-0.0003129243850708008,22
1,GraphSAGE,1:1,none,42,PGExplainer,8324,1,,0.975,,,0.0,0.5048166513442993,29
1,GraphSAGE,1:1,none,42,PGExplainer,8939,3,,1.0,,,6.240606307983398e-05,0.012615084648132324,37
1,GraphSAGE,1:1,none,42,PGExplainer,9425,4,,0.9583333333333334,,,0.00023502111434936523,0.9241455793380737,39
1,GraphSAGE,1:1,none,42,PGExplainer,8436,2,,0.5,,,0.06108754873275757,-0.004748940467834473,21
1,GraphSAGE,1:1,none,42,GNNShap,8180,1,0.9581954887218045,,0.0,0.9387605592172085,0.8740891218185425,1.0728836059570312e-06,24
1,GraphSAGE,1:1,none,42,GNNShap,8049,1,0.9669172932330827,,0.0,0.9550384607016282,-0.0010718703269958496,0.9920668601989746,32
1,GraphSAGE,1:1,none,42,GNNShap,8763,2,0.9696240601503758,,1.0,0.9222942470450521,0.013507366180419922,0.13232332468032837,29
1,GraphSAGE,1:1,none,42,GNNShap,9446,4,0.904360902255639,,0.0,0.989739955365249,0.9943724274635315,0.0,87
1,GraphSAGE,1:1,none,42,GNNShap,9360,4,0.9529323308270674,,0.0,0.9219359738820028,0.016238808631896973,0.62689208984375,29
1,GraphSAGE,1:1,none,42,GNNShap,8660,2,0.9446616541353382,,1.0,0.9441082975127367,0.9965600371360779,4.00543212890625e-05,26
1,GraphSAGE,1:1,none,42,GNNShap,8593,2,0.9705263157894736,,1.0,0.9647419193419484,0.10505521297454834,0.007012605667114258,24
1,GraphSAGE,1:1,none,42,GNNShap,9074,3,0.8999999999999998,,0.0,0.9709763147454232,0.04502362012863159,0.9916343688964844,29
1,GraphSAGE,1:1,none,42,GNNShap,8596,2,0.9627067669172931,,0.0,0.8972384351820073,0.9940133094787598,0.03612017631530762,22
1,GraphSAGE,1:1,none,42,GNNShap,8225,1,0.9724812030075188,,0.0,0.936859893526505,-0.0005015730857849121,0.9965637922286987,29
1,GraphSAGE,1:1,none,42,GNNShap,8447,2,0.9714285714285715,,0.0,0.9561486005678713,0.9946932196617126,0.0013628602027893066,21
1,GraphSAGE,1:1,none,42,GNNShap,8252,1,0.9753383458646615,,0.0,0.9451446519799795,-0.0001259446144104004,0.9986556768417358,35
1,GraphSAGE,1:1,none,42,GNNShap,8866,3,0.9566917293233083,,0.0,0.9806169114035251,-0.0004960894584655762,0.9994696974754333,40
1,GraphSAGE,1:1,none,42,GNNShap,8310,1,0.984812030075188,,0.0,0.9644215946816865,0.0032595396041870117,0.9983519315719604,33
1,GraphSAGE,1:1,none,42,GNNShap,8628,2,0.9678195488721804,,1.0,0.9539599104934234,0.9982227087020874,-0.001138448715209961,25
1,GraphSAGE,1:1,none,42,GNNShap,9171,3,0.9299248120300752,,0.0,0.9783434017673475,0.006184756755828857,0.9973731637001038,30
1,GraphSAGE,1:1,none,42,GNNShap,8321,1,0.9754887218045113,,1.0,0.9587563952004757,7.43865966796875e-05,0.998052716255188,31
1,GraphSAGE,1:1,none,42,GNNShap,8961,3,0.9368421052631579,,0.0,0.9811655770298711,0.9978614449501038,9.179115295410156e-06,101
1,GraphSAGE,1:1,none,42,GNNShap,9096,3,0.9258646616541352,,0.0,0.9788693301992692,0.3877425789833069,0.856195867061615,25
1,GraphSAGE,1:1,none,42,GNNShap,8026,1,0.9639097744360902,,0.0,0.9228292974146489,0.03089374303817749,0.9781805872917175,31
1,GraphSAGE,1:1,none,42,GNNShap,9418,4,0.9708270676691729,,0.0,0.893042865824928,0.23417329788208008,0.9033133387565613,34
1,GraphSAGE,1:1,none,42,GNNShap,9291,4,0.985563909774436,,0.0,0.9437622064313494,0.9397802352905273,0.21625041961669922,26
1,GraphSAGE,1:1,none,42,GNNShap,9132,3,0.9652631578947368,,0.0,0.9722494678387663,0.0010246038436889648,0.9998630285263062,37
1,GraphSAGE,1:1,none,42,GNNShap,8611,2,0.978796992481203,,0.0,0.9492820728492264,0.03252285718917847,0.2677987217903137,25
1,GraphSAGE,1:1,none,42,GNNShap,9416,4,0.9787969924812028,,0.0,0.9242340474366747,0.0011382699012756348,0.84935063123703,33
1,GraphSAGE,1:1,none,42,GNNShap,8488,2,0.9625563909774435,,0.0,0.9524107194810311,0.9989327788352966,-0.00014781951904296875,22
1,GraphSAGE,1:1,none,42,GNNShap,8324,1,0.9440601503759398,,0.0,0.9582793111852433,0.9997597932815552,-1.1920928955078125e-07,29
1,GraphSAGE,1:1,none,42,GNNShap,8939,3,0.9807518796992479,,0.0,0.9496601604406635,0.9995073080062866,-8.809566497802734e-05,37
1,GraphSAGE,1:1,none,42,GNNShap,9425,4,0.9893233082706766,,0.0,0.9342554225497735,0.06444138288497925,0.7486719489097595,39
1,GraphSAGE,1:1,none,42,GNNShap,8436,2,0.9663157894736842,,0.0,0.9510992759354544,0.9948243498802185,0.0002830624580383301,21
1,GraphSAGE,1:1,none,43,GNNExplainer,8453,2,0.9530827067669174,0.5,1.0,,0.8195034265518188,-0.0006070137023925781,16
1,GraphSAGE,1:1,none,43,GNNExplainer,9367,4,0.9190977443609022,0.46153846153846156,0.0,,0.862278401851654,-0.00031125545501708984,27
1,GraphSAGE,1:1,none,43,GNNExplainer,8248,1,0.8196992481203006,0.5869565217391305,0.0,,0.31376737356185913,-0.00028896331787109375,33
1,GraphSAGE,1:1,none,43,GNNExplainer,8924,3,0.8523308270676692,0.5238095238095238,0.0,,0.45580852031707764,-0.00020819902420043945,37
1,GraphSAGE,1:1,none,43,GNNExplainer,8758,2,0.8297744360902255,0.375,1.0,,0.000951230525970459,-0.00010085105895996094,23
1,GraphSAGE,1:1,none,43,GNNExplainer,8660,2,0.830375939849624,0.5,1.0,,0.03774315118789673,-3.695487976074219e-05,26
1,GraphSAGE,1:1,none,43,GNNExplainer,9198,4,0.8690225563909774,0.5217391304347826,0.0,,0.4681277871131897,-0.0019372105598449707,43
1,GraphSAGE,1:1,none,43,GNNExplainer,8632,2,0.8953383458646617,0.375,1.0,,0.026878297328948975,-0.0004342198371887207,23
1,GraphSAGE,1:1,none,43,GNNExplainer,8049,1,0.9368421052631579,0.47058823529411764,0.0,,0.9778492450714111,0.009751737117767334,32
1,GraphSAGE,1:1,none,43,GNNExplainer,8488,2,0.9132330827067667,0.375,1.0,,0.2973129153251648,-0.0005304217338562012,22
1,GraphSAGE,1:1,none,43,GNNExplainer,8774,2,0.9278195488721804,0.5,1.0,,0.8236518502235413,-0.0007660388946533203,18
1,GraphSAGE,1:1,none,43,GNNExplainer,9430,4,0.6661654135338344,0.6458333333333334,0.0,,0.7743501663208008,-1.3113021850585938e-06,36
1,GraphSAGE,1:1,none,43,GNNExplainer,8180,1,0.566766917293233,0.5384615384615384,1.0,,0.0032739639282226562,-1.1920928955078125e-07,24
1,GraphSAGE,1:1,none,43,GNNExplainer,9446,4,0.46781954887218047,0.35,0.0,,0.0,0.0,87
1,GraphSAGE,1:1,none,43,GNNExplainer,9165,3,0.8636090225563908,0.5,1.0,,0.6180953979492188,-0.007632195949554443,32
1,GraphSAGE,1:1,none,43,GNNExplainer,8433,2,0.7404511278195489,0.3333333333333333,1.0,,0.0008977651596069336,-1.239776611328125e-05,25
1,GraphSAGE,1:1,none,43,GNNExplainer,8252,1,0.8562406015037594,0.5434782608695652,0.0,,0.016716182231903076,-0.0012670159339904785,35
1,GraphSAGE,1:1,none,43,GNNExplainer,8026,1,0.9371428571428572,0.62,0.0,,0.9409487247467041,-0.010161757469177246,31
1,GraphSAGE,1:1,none,43,GNNExplainer,9210,4,0.7396992481203006,0.6304347826086957,0.0,,0.9535427689552307,-1.3232231140136719e-05,35
1,GraphSAGE,1:1,none,43,GNNExplainer,9267,4,0.9254135338345864,0.38461538461538464,0.0,,0.9213358163833618,-0.00036704540252685547,30
1,GraphSAGE,1:1,none,43,GNNExplainer,8659,2,0.9302255639097744,0.375,1.0,,0.8134724497795105,-0.0022597312927246094,21
1,GraphSAGE,1:1,none,43,GNNExplainer,9248,4,0.773533834586466,0.625,0.0,,0.9998351335525513,-6.42538070678711e-05,40
1,GraphSAGE,1:1,none,43,GNNExplainer,9437,4,0.8693233082706767,0.6458333333333334,0.0,,0.8147094249725342,-5.0067901611328125e-06,38
1,GraphSAGE,1:1,none,43,GNNExplainer,8552,2,0.9445112781954886,0.16666666666666666,1.0,,0.05931437015533447,-0.0008448362350463867,23
1,GraphSAGE,1:1,none,43,GNNExplainer,8430,2,0.9381954887218045,0.6666666666666666,1.0,,0.9694302678108215,-0.006221473217010498,18
1,GraphSAGE,1:1,none,43,GNNExplainer,9418,4,0.9427067669172932,0.40625,0.0,,0.9503057599067688,-0.010190129280090332,34
1,GraphSAGE,1:1,none,43,GNNExplainer,9427,4,0.8245112781954888,0.6666666666666666,0.0,,0.9688034653663635,-1.9073486328125e-06,36
1,GraphSAGE,1:1,none,43,GNNExplainer,8596,2,0.9711278195488722,0.5,1.0,,0.9811659455299377,-0.00579601526260376,22
1,GraphSAGE,1:1,none,43,GNNExplainer,8324,1,0.7852631578947369,0.575,0.0,,0.7334080934524536,-4.76837158203125e-07,29
1,GraphSAGE,1:1,none,43,GNNExplainer,9051,3,0.9087218045112779,0.5,0.0,,0.2835312485694885,-0.0043250322341918945,25
1,GraphSAGE,1:1,none,43,PGExplainer,8453,2,,0.625,,,0.0023806095123291016,-0.0006067752838134766,16
1,GraphSAGE,1:1,none,43,PGExplainer,9367,4,,0.8461538461538461,,,0.00010472536087036133,0.020783960819244385,27
1,GraphSAGE,1:1,none,43,PGExplainer,8248,1,,0.9347826086956522,,,1.8596649169921875e-05,0.36402392387390137,33
1,GraphSAGE,1:1,none,43,PGExplainer,8924,3,,0.9523809523809523,,,0.0,0.037207841873168945,37
1,GraphSAGE,1:1,none,43,PGExplainer,8758,2,,0.625,,,0.016595780849456787,-0.00010144710540771484,23
1,GraphSAGE,1:1,none,43,PGExplainer,8660,2,,0.8333333333333334,,,0.0005828142166137695,-1.2636184692382812e-05,26
1,GraphSAGE,1:1,none,43,PGExplainer,9198,4,,0.9130434782608695,,,0.0002084970474243164,0.4681277871131897,43
1,GraphSAGE,1:1,none,43,PGExplainer,8632,2,,0.875,,,0.01022869348526001,-0.00042110681533813477,23
1,GraphSAGE,1:1,none,43,PGExplainer,8049,1,,0.9117647058823528,,,0.0004400014877319336,0.9778492450714111,32
1,GraphSAGE,1:1,none,43,PGExplainer,8488,2,,0.75,,,0.07774972915649414,-0.0005303025245666504,22
1,GraphSAGE,1:1,none,43,PGExplainer,8774,2,,0.625,,,0.011128067970275879,-0.0007660388946533203,18
1,GraphSAGE,1:1,none,43,PGExplainer,9430,4,,0.9166666666666666,,,1.1920928955078125e-07,0.031030595302581787,36
1,GraphSAGE,1:1,none,43,PGExplainer,8180,1,,0.9230769230769231,,,0.0028156638145446777,-1.1920928955078125e-07,24
1,GraphSAGE,1:1,none,43,PGExplainer,9446,4,,0.6,,,0.0,0.0,87
1,GraphSAGE,1:1,none,43,PGExplainer,9165,3,,1.0,,,0.13171309232711792,-0.007637083530426025,32
1,GraphSAGE,1:1,none,43,PGExplainer,8433,2,,0.8333333333333334,,,0.008719861507415771,-1.1086463928222656e-05,25
1,GraphSAGE,1:1,none,43,PGExplainer,8252,1,,0.9130434782608695,,,0.00013339519500732422,0.016716182231903076,35
1,GraphSAGE,1:1,none,43,PGExplainer,8026,1,,0.94,,,-0.002237558364868164,0.9409487247467041,31
1,GraphSAGE,1:1,none,43,PGExplainer,9210,4,,0.9347826086956522,,,-5.245208740234375e-06,0.9535427689552307,35
1,GraphSAGE,1:1,none,43,PGExplainer,9267,4,,0.8846153846153846,,,3.337860107421875e-06,0.22148281335830688,30
1,GraphSAGE,1:1,none,43,PGExplainer,8659,2,,0.75,,,0.024608731269836426,-0.0022596120834350586,21
1,GraphSAGE,1:1,none,43,PGExplainer,9248,4,,0.8958333333333334,,,1.811981201171875e-05,0.1436712145805359,40
1,GraphSAGE,1:1,none,43,PGExplainer,9437,4,,0.9375,,,3.0994415283203125e-06,0.8147094249725342,38
1,GraphSAGE,1:1,none,43,PGExplainer,8552,2,,0.5,,,0.26206743717193604,-0.0008251667022705078,23
1,GraphSAGE,1:1,none,43,PGExplainer,8430,2,,0.6666666666666666,,,0.21966320276260376,-0.0062064528465271,18
1,GraphSAGE,1:1,none,43,PGExplainer,9418,4,,0.8125,,,0.0014467835426330566,0.9503057599067688,34
1,GraphSAGE,1:1,none,43,PGExplainer,9427,4,,0.9375,,,2.384185791015625e-07,0.39960426092147827,36
1,GraphSAGE,1:1,none,43,PGExplainer,8596,2,,1.0,,,0.5313254594802856,-0.005796968936920166,22
1,GraphSAGE,1:1,none,43,PGExplainer,8324,1,,0.9,,,0.0,0.4383445382118225,29
1,GraphSAGE,1:1,none,43,PGExplainer,9051,3,,1.0,,,0.0574682354927063,-0.0033347010612487793,25
1,GraphSAGE,1:1,none,43,GNNShap,8453,2,0.9308270676691729,,0.0,0.9586133751345537,0.8725250959396362,0.06834638118743896,16
1,GraphSAGE,1:1,none,43,GNNShap,9367,4,0.983157894736842,,0.0,0.9441306474755418,0.9956930875778198,0.00031489133834838867,27
1,GraphSAGE,1:1,none,43,GNNShap,8248,1,0.9628571428571429,,0.0,0.954738881058492,-0.0002789497375488281,0.9996580481529236,33
1,GraphSAGE,1:1,none,43,GNNShap,8924,3,0.9054135338345863,,0.0,0.9813812003247527,0.9991136789321899,-6.026029586791992e-05,37
1,GraphSAGE,1:1,none,43,GNNShap,8758,2,0.9449624060150373,,0.0,0.9459653182304395,0.999778687953949,0.009272515773773193,23
1,GraphSAGE,1:1,none,43,GNNShap,8660,2,0.9678195488721804,,1.0,0.9437450446255757,0.9957292675971985,2.7179718017578125e-05,26
1,GraphSAGE,1:1,none,43,GNNShap,9198,4,0.9851127819548872,,0.0,0.9755593873017887,-0.0015009045600891113,0.9970003366470337,43
1,GraphSAGE,1:1,none,43,GNNShap,8632,2,0.9757894736842104,,1.0,0.9125432116672799,0.9990299344062805,-0.00040584802627563477,23
1,GraphSAGE,1:1,none,43,GNNShap,8049,1,0.9763909774436088,,0.0,0.9545355531182768,0.0016739368438720703,0.9873769879341125,32
1,GraphSAGE,1:1,none,43,GNNShap,8488,2,0.9578947368421054,,0.0,0.9625342028473423,0.9982947707176208,-0.00038188695907592773,22
1,GraphSAGE,1:1,none,43,GNNShap,8774,2,0.9476691729323308,,0.0,0.9622843064125141,0.9762405753135681,0.0032395124435424805,18
1,GraphSAGE,1:1,none,43,GNNShap,9430,4,0.9699248120300752,,0.0,0.9591198796763798,0.0003578662872314453,0.3859593868255615,36
1,GraphSAGE,1:1,none,43,GNNShap,8180,1,0.9622556390977441,,0.0,0.9410792352282223,0.842007040977478,2.86102294921875e-06,24
1,GraphSAGE,1:1,none,43,GNNShap,9446,4,0.918345864661654,,0.0,0.9925231684633177,0.9957751035690308,0.0,87
1,GraphSAGE,1:1,none,43,GNNShap,9165,3,0.9628571428571429,,0.0,0.9880529472286822,0.059036970138549805,0.9918617606163025,32
1,GraphSAGE,1:1,none,43,GNNShap,8433,2,0.9563909774436089,,0.0,0.9569927311011632,0.9963704347610474,1.0013580322265625e-05,25
1,GraphSAGE,1:1,none,43,GNNShap,8252,1,0.9640601503759398,,0.0,0.9601954609968469,0.0006657242774963379,0.9975996017456055,35
1,GraphSAGE,1:1,none,43,GNNShap,8026,1,0.9789473684210526,,0.0,0.9243727289545733,0.03620719909667969,0.969870388507843,31
1,GraphSAGE,1:1,none,43,GNNShap,9210,4,0.9566917293233083,,0.0,0.8919080117295979,0.010619521141052246,0.49927985668182373,35
1,GraphSAGE,1:1,none,43,GNNShap,9267,4,0.9840601503759396,,0.0,0.9704047563661892,0.0030501484870910645,0.9884216785430908,30
1,GraphSAGE,1:1,none,43,GNNShap,8659,2,0.9452631578947368,,0.0,0.9547777510345,0.9976919293403625,0.05447190999984741,21
1,GraphSAGE,1:1,none,43,GNNShap,9248,4,0.9681203007518796,,0.0,0.9580946197862215,0.001137375831604004,0.898673415184021,40
1,GraphSAGE,1:1,none,43,GNNShap,9437,4,0.9897744360902255,,0.0,0.9594398603178085,0.007952988147735596,0.5587277412414551,38
1,GraphSAGE,1:1,none,43,GNNShap,8552,2,0.9553383458646616,,1.0,0.9631401124509406,0.09893345832824707,0.6233336329460144,23
1,GraphSAGE,1:1,none,43,GNNShap,8430,2,0.9709774436090223,,0.0,0.9544357859220811,0.9919607639312744,0.006463766098022461,18
1,GraphSAGE,1:1,none,43,GNNShap,9418,4,0.9753383458646615,,0.0,0.9219572440563575,0.13788336515426636,0.9230378270149231,34
1,GraphSAGE,1:1,none,43,GNNShap,9427,4,0.9661654135338346,,0.0,0.9496265680853824,0.0014289617538452148,0.3417007327079773,36
1,GraphSAGE,1:1,none,43,GNNShap,8596,2,0.9478195488721803,,0.0,0.898162094298611,0.9917376637458801,0.02822357416152954,22
1,GraphSAGE,1:1,none,43,GNNShap,8324,1,0.9606015037593985,,0.0,0.9743985733878897,0.998948335647583,-1.1920928955078125e-07,29
1,GraphSAGE,1:1,none,43,GNNShap,9051,3,0.9535338345864661,,1.0,0.9791316188321562,0.03285104036331177,0.9827056527137756,25
1,GraphSAGE,1:1,none,44,GNNExplainer,8453,2,0.9389473684210525,0.375,1.0,,0.37083899974823,-0.0006207823753356934,16
1,GraphSAGE,1:1,none,44,GNNExplainer,9360,4,0.9150375939849624,0.4230769230769231,0.0,,0.988935112953186,-0.0019465088844299316,29
1,GraphSAGE,1:1,none,44,GNNExplainer,8248,1,0.9105263157894736,0.5869565217391305,0.0,,0.3464321494102478,-7.200241088867188e-05,33
1,GraphSAGE,1:1,none,44,GNNExplainer,8914,3,0.9195488721804509,0.5,1.0,,0.6865659952163696,-0.003716707229614258,26
1,GraphSAGE,1:1,none,44,GNNExplainer,8755,2,0.9224060150375939,0.5,1.0,,0.4319567084312439,-0.0013423562049865723,23
1,GraphSAGE,1:1,none,44,GNNExplainer,8660,2,0.9227067669172933,0.5,1.0,,0.21281856298446655,-0.00010967254638671875,26
1,GraphSAGE,1:1,none,44,GNNExplainer,9194,4,0.8942857142857144,0.6086956521739131,0.0,,0.9301281571388245,-0.0007718801498413086,39
1,GraphSAGE,1:1,none,44,GNNExplainer,8632,2,0.8792481203007518,0.375,1.0,,0.003863811492919922,-0.00014066696166992188,23
1,GraphSAGE,1:1,none,44,GNNExplainer,8049,1,0.9254135338345865,0.4411764705882353,0.0,,0.9769169688224792,-0.0055356621742248535,32
1,GraphSAGE,1:1,none,44,GNNExplainer,8488,2,0.9398496240601503,0.375,1.0,,0.16514337062835693,-0.0005543828010559082,22
1,GraphSAGE,1:1,none,44,GNNExplainer,8772,2,0.9118796992481203,0.5,1.0,,0.051044464111328125,-0.002114713191986084,20
1,GraphSAGE,1:1,none,44,GNNExplainer,9427,4,0.8049624060150375,0.6666666666666666,0.0,,0.8506917953491211,-8.940696716308594e-06,36
1,GraphSAGE,1:1,none,44,GNNExplainer,8180,1,0.5118796992481203,0.5,1.0,,0.0033001303672790527,-9.5367431640625e-07,24
1,GraphSAGE,1:1,none,44,GNNExplainer,9446,4,0.46781954887218047,0.35,0.0,,0.0,0.0,87
1,GraphSAGE,1:1,none,44,GNNExplainer,9162,3,0.8972932330827067,0.5,0.0,,0.8438006639480591,-0.032042503356933594,26
1,GraphSAGE,1:1,none,44,GNNExplainer,8433,2,0.7052631578947368,0.3333333333333333,1.0,,0.0007420778274536133,-1.5854835510253906e-05,25
1,GraphSAGE,1:1,none,44,GNNExplainer,8252,1,0.8739849624060149,0.5434782608695652,0.0,,0.21452665328979492,-0.0019203424453735352,35
1,GraphSAGE,1:1,none,44,GNNExplainer,8026,1,0.8945864661654135,0.62,0.0,,0.9047133326530457,-0.016701877117156982,31
1,GraphSAGE,1:1,none,44,GNNExplainer,9208,4,0.9069172932330826,0.6956521739130435,0.0,,0.9929223656654358,-3.3020973205566406e-05,32
1,GraphSAGE,1:1,none,44,GNNExplainer,9266,4,0.8872180451127818,0.46153846153846156,0.0,,0.8695073127746582,-0.005603909492492676,26
1,GraphSAGE,1:1,none,44,GNNExplainer,8659,2,0.9147368421052631,0.375,1.0,,0.5832889080047607,-0.002561807632446289,21
1,GraphSAGE,1:1,none,44,GNNExplainer,9243,4,0.8739849624060149,0.6458333333333334,0.0,,0.9539996385574341,-6.699562072753906e-05,37
1,GraphSAGE,1:1,none,44,GNNExplainer,9437,4,0.8418045112781953,0.6458333333333334,0.0,,0.9997615814208984,-0.00011038780212402344,38
1,GraphSAGE,1:1,none,44,GNNExplainer,8552,2,0.9106766917293232,0.16666666666666666,1.0,,0.01149982213973999,-0.000576019287109375,23
1,GraphSAGE,1:1,none,44,GNNExplainer,8430,2,0.9206015037593984,0.6666666666666666,1.0,,0.8763309121131897,-0.00564652681350708,18
1,GraphSAGE,1:1,none,44,GNNExplainer,9416,4,0.8757894736842106,0.46875,0.0,,0.36303699016571045,-3.147125244140625e-05,33
1,GraphSAGE,1:1,none,44,GNNExplainer,9425,4,0.9193984962406014,0.6458333333333334,0.0,,0.8861792683601379,-0.002094566822052002,39
1,GraphSAGE,1:1,none,44,GNNExplainer,8596,2,0.9661654135338346,0.5,1.0,,0.9604650735855103,-0.00330507755279541,22
1,GraphSAGE,1:1,none,44,GNNExplainer,8324,1,0.7386466165413532,0.575,1.0,,0.3304360508918762,-1.0728836059570312e-06,29
1,GraphSAGE,1:1,none,44,GNNExplainer,9047,3,0.89203007518797,0.45454545454545453,0.0,,0.11948806047439575,-0.002997159957885742,26
1,GraphSAGE,1:1,none,44,PGExplainer,8453,2,,0.75,,,0.4603331685066223,-0.0006361603736877441,16
1,GraphSAGE,1:1,none,44,PGExplainer,9360,4,,0.6923076923076923,,,-0.0016339421272277832,0.14986735582351685,29
1,GraphSAGE,1:1,none,44,PGExplainer,8248,1,,0.9347826086956522,,,2.6226043701171875e-06,0.3623209595680237,33
1,GraphSAGE,1:1,none,44,PGExplainer,8914,3,,0.8461538461538461,,,0.10817337036132812,-0.003873288631439209,26
1,GraphSAGE,1:1,none,44,PGExplainer,8755,2,,0.75,,,0.2581820487976074,-0.0013379454612731934,23
1,GraphSAGE,1:1,none,44,PGExplainer,8660,2,,0.8333333333333334,,,0.0013835430145263672,-3.9696693420410156e-05,26
1,GraphSAGE,1:1,none,44,PGExplainer,9194,4,,0.7608695652173914,,,-0.0008777976036071777,0.3434215784072876,39
1,GraphSAGE,1:1,none,44,PGExplainer,8632,2,,0.875,,,0.0024024248123168945,-0.00013339519500732422,23
1,GraphSAGE,1:1,none,44,PGExplainer,8049,1,,0.7941176470588235,,,-0.01748603582382202,0.9811042547225952,32
1,GraphSAGE,1:1,none,44,PGExplainer,8488,2,,0.875,,,0.038995325565338135,-0.0005539059638977051,22
1,GraphSAGE,1:1,none,44,PGExplainer,8772,2,,0.625,,,0.09469091892242432,-0.0021128058433532715,20
1,GraphSAGE,1:1,none,44,PGExplainer,9427,4,,0.9375,,,1.6689300537109375e-06,0.2741258144378662,36
1,GraphSAGE,1:1,none,44,PGExplainer,8180,1,,0.9230769230769231,,,0.003836512565612793,-9.5367431640625e-07,24
1,GraphSAGE,1:1,none,44,PGExplainer,9446,4,,0.7250000000000001,,,0.0,0.0,87
1,GraphSAGE,1:1,none,44,PGExplainer,9162,3,,1.0,,,0.5778242349624634,-0.03062593936920166,26
1,GraphSAGE,1:1,none,44,PGExplainer,8433,2,,0.8333333333333334,,,0.00596463680267334,-1.4901161193847656e-05,25
1,GraphSAGE,1:1,none,44,PGExplainer,8252,1,,0.8695652173913043,,,7.325410842895508e-05,0.009793519973754883,35
1,GraphSAGE,1:1,none,44,PGExplainer,8026,1,,0.92,,,-0.005146384239196777,0.9047133326530457,31
1,GraphSAGE,1:1,none,44,PGExplainer,9208,4,,0.9130434782608695,,,-4.0531158447265625e-06,0.7199260592460632,32
1,GraphSAGE,1:1,none,44,PGExplainer,9266,4,,0.8076923076923077,,,0.002689659595489502,0.32924026250839233,26
1,GraphSAGE,1:1,none,44,PGExplainer,8659,2,,0.875,,,0.5597907900810242,-0.0025610923767089844,21
1,GraphSAGE,1:1,none,44,PGExplainer,9243,4,,0.875,,,5.042552947998047e-05,0.9539996385574341,37
1,GraphSAGE,1:1,none,44,PGExplainer,9437,4,,0.9375,,,2.396106719970703e-05,0.8612054586410522,38
1,GraphSAGE,1:1,none,44,PGExplainer,8552,2,,0.5,,,0.12142372131347656,-0.0005737543106079102,23
1,GraphSAGE,1:1,none,44,PGExplainer,8430,2,,0.6666666666666666,,,0.8437706232070923,-0.005642354488372803,18
1,GraphSAGE,1:1,none,44,PGExplainer,9416,4,,0.84375,,,-6.9141387939453125e-06,0.3630368709564209,33
1,GraphSAGE,1:1,none,44,PGExplainer,9425,4,,0.7708333333333333,,,0.0006133317947387695,0.9725092053413391,39
1,GraphSAGE,1:1,none,44,PGExplainer,8596,2,,1.0,,,0.3156569004058838,-0.0033153295516967773,22
1,GraphSAGE,1:1,none,44,PGExplainer,8324,1,,0.9,,,1.1920928955078125e-07,0.5290427207946777,29
1,GraphSAGE,1:1,none,44,PGExplainer,9047,3,,0.9090909090909091,,,0.04471480846405029,-0.0006059408187866211,26
1,GraphSAGE,1:1,none,44,GNNShap,8453,2,0.9793984962406015,,0.0,0.9586929826007766,0.8820698857307434,0.04860812425613403,16
1,GraphSAGE,1:1,none,44,GNNShap,9360,4,0.9809022556390976,,0.0,0.9171561842941711,0.09058898687362671,0.6046029329299927,29
1,GraphSAGE,1:1,none,44,GNNShap,8248,1,0.9772932330827067,,0.0,0.9511198703824292,-1.6689300537109375e-06,0.9995838403701782,33
1,GraphSAGE,1:1,none,44,GNNShap,8914,3,0.9700751879699248,,0.0,0.9847913563691124,0.9626345634460449,0.004500746726989746,26
1,GraphSAGE,1:1,none,44,GNNShap,8755,2,0.9691729323308271,,1.0,0.9209350950230532,0.9960976243019104,-0.00037151575088500977,23
1,GraphSAGE,1:1,none,44,GNNShap,8660,2,0.9545864661654134,,1.0,0.946665743418653,0.9968580603599548,-4.029273986816406e-05,26
1,GraphSAGE,1:1,none,44,GNNShap,9194,4,0.9828571428571428,,0.0,0.9372041225995751,0.05258148908615112,0.7714769244194031,39
1,GraphSAGE,1:1,none,44,GNNShap,8632,2,0.9596992481203006,,1.0,0.9113210309507684,0.9992357492446899,-0.000110626220703125,23
1,GraphSAGE,1:1,none,44,GNNShap,8049,1,0.9667669172932329,,0.0,0.9441504159213376,0.01294034719467163,0.9813078045845032,32
1,GraphSAGE,1:1,none,44,GNNShap,8488,2,0.9669172932330827,,0.0,0.9742830992197368,0.9981624484062195,-0.0003502368927001953,22
1,GraphSAGE,1:1,none,44,GNNShap,8772,2,0.9693233082706767,,1.0,0.936710003105126,0.9681094884872437,-0.00019949674606323242,20
1,GraphSAGE,1:1,none,44,GNNShap,9427,4,0.942406015037594,,0.0,0.9340799400962254,0.004405498504638672,0.3665579557418823,36
1,GraphSAGE,1:1,none,44,GNNShap,8180,1,0.9634586466165415,,0.0,0.9304472251235708,0.8688925504684448,9.894371032714844e-06,24
1,GraphSAGE,1:1,none,44,GNNShap,9446,4,0.9085714285714284,,0.0,0.9919101194488407,0.9976982474327087,0.0,87
1,GraphSAGE,1:1,none,44,GNNShap,9162,3,0.960751879699248,,0.0,0.9427528062457006,0.25999730825424194,0.9504712820053101,26
1,GraphSAGE,1:1,none,44,GNNShap,8433,2,0.9712781954887217,,0.0,0.9520810322767208,0.9927852749824524,2.014636993408203e-05,25
1,GraphSAGE,1:1,none,44,GNNShap,8252,1,0.9821052631578946,,0.0,0.9568955913085876,-0.000724494457244873,0.9961029887199402,35
1,GraphSAGE,1:1,none,44,GNNShap,8026,1,0.9765413533834586,,0.0,0.9254734218255246,0.16686958074569702,0.9481397271156311,31
1,GraphSAGE,1:1,none,44,GNNShap,9208,4,0.9711278195488722,,0.0,0.952826012340316,0.02910667657852173,0.1407870054244995,32
1,GraphSAGE,1:1,none,44,GNNShap,9266,4,0.9882706766917291,,0.0,0.9375296147313593,0.15962719917297363,0.7434995770454407,26
1,GraphSAGE,1:1,none,44,GNNShap,8659,2,0.9681203007518796,,0.0,0.9334168894688227,0.9973605275154114,0.10496562719345093,21
1,GraphSAGE,1:1,none,44,GNNShap,9243,4,0.9846616541353382,,0.0,0.92586602048878,0.08480364084243774,0.39194202423095703,37
1,GraphSAGE,1:1,none,44,GNNShap,9437,4,0.9884210526315789,,0.0,0.9441386336715997,0.005783438682556152,0.7818162441253662,38
1,GraphSAGE,1:1,none,44,GNNShap,8552,2,0.9457142857142855,,1.0,0.9483296593498263,0.9709223508834839,0.004306197166442871,23
1,GraphSAGE,1:1,none,44,GNNShap,8430,2,0.9813533834586465,,0.0,0.9470182595610567,0.9859862327575684,0.006568610668182373,18
1,GraphSAGE,1:1,none,44,GNNShap,9416,4,0.9723308270676692,,0.0,0.9343517935336095,0.0030785799026489258,0.8136799335479736,33
1,GraphSAGE,1:1,none,44,GNNShap,9425,4,0.970375939849624,,0.0,0.9340497200885786,0.10005086660385132,0.6100667119026184,39
1,GraphSAGE,1:1,none,44,GNNShap,8596,2,0.9700751879699248,,0.0,0.9043293552173248,0.9936501383781433,0.037775278091430664,22
1,GraphSAGE,1:1,none,44,GNNShap,8324,1,0.9533834586466163,,0.0,0.9480832175852179,0.998407244682312,-1.1920928955078125e-07,29
1,GraphSAGE,1:1,none,44,GNNShap,9047,3,0.9372932330827067,,0.0,0.989029937683096,0.05561774969100952,0.9902549982070923,26
1,GraphSAGE,natural,none,42,GNNExplainer,8453,2,0.972781954887218,0.625,1.0,,0.8404844999313354,-0.07507967948913574,16
1,GraphSAGE,natural,none,42,GNNExplainer,9367,4,0.8803007518796993,0.46153846153846156,1.0,,0.9137514233589172,-0.016168832778930664,27
1,GraphSAGE,natural,none,42,GNNExplainer,8248,1,0.9033082706766915,0.5869565217391305,0.0,,0.8790299892425537,-0.0038910508155822754,33
1,GraphSAGE,natural,none,42,GNNExplainer,8933,3,0.9282706766917291,0.5238095238095238,1.0,,0.9829992055892944,-0.0071784257888793945,39
1,GraphSAGE,natural,none,42,GNNExplainer,8761,2,0.9365413533834586,0.25,1.0,,0.978195309638977,-0.013919830322265625,30
1,GraphSAGE,natural,none,42,GNNExplainer,8661,2,0.927218045112782,0.75,1.0,,0.7873601317405701,-0.15559470653533936,13
1,GraphSAGE,natural,none,42,GNNExplainer,9198,4,0.9105263157894736,0.5217391304347826,0.0,,0.7046235203742981,-0.011751115322113037,43
1,GraphSAGE,natural,none,42,GNNExplainer,8633,2,0.9562406015037593,0.625,1.0,,0.9343187808990479,-0.04043775796890259,21
1,GraphSAGE,natural,none,42,GNNExplainer,8049,1,0.9511278195488722,0.47058823529411764,0.0,,0.8686482906341553,-0.020419955253601074,32
1,GraphSAGE,natural,none,42,GNNExplainer,8488,2,0.9427067669172932,0.375,1.0,,0.6827495098114014,-0.025249600410461426,22
1,GraphSAGE,natural,none,42,GNNExplainer,8775,2,0.9451127819548872,0.75,1.0,,0.7089629769325256,-0.05920302867889404,18
1,GraphSAGE,natural,none,42,GNNExplainer,9430,4,0.8245112781954888,0.6458333333333334,0.0,,0.95363450050354,-0.00017911195755004883,36
1,GraphSAGE,natural,none,42,GNNExplainer,8180,1,0.8658646616541354,0.5,0.0,,0.8138426542282104,-0.00030684471130371094,24
1,GraphSAGE,natural,none,42,GNNExplainer,9446,4,0.48616541353383463,0.4000000000000001,0.0,,1.1920928955078125e-07,-1.1920928955078125e-07,87
1,GraphSAGE,natural,none,42,GNNExplainer,9165,3,0.9347368421052631,0.5384615384615384,1.0,,0.8248576521873474,-0.1178668737411499,32
1,GraphSAGE,natural,none,42,GNNExplainer,8433,2,0.9642105263157894,0.3333333333333333,1.0,,0.38808006048202515,-0.0042934417724609375,25
1,GraphSAGE,natural,none,42,GNNExplainer,8252,1,0.8897744360902256,0.5434782608695652,0.0,,0.9348132014274597,-0.02861940860748291,35
1,GraphSAGE,natural,none,42,GNNExplainer,8026,1,0.8884210526315787,0.62,0.0,,0.9227889776229858,-0.018542230129241943,31
1,GraphSAGE,natural,none,42,GNNExplainer,9210,4,0.8544360902255639,0.6304347826086957,0.0,,0.8676106929779053,-0.0025814175605773926,35
1,GraphSAGE,natural,none,42,GNNExplainer,9267,4,0.9180451127819547,0.4230769230769231,0.0,,0.9799566864967346,-0.01852792501449585,30
1,GraphSAGE,natural,none,42,GNNExplainer,8660,2,0.9532330827067668,0.3333333333333333,1.0,,0.8129900693893433,-0.006157338619232178,26
1,GraphSAGE,natural,none,42,GNNExplainer,9248,4,0.922706766917293,0.625,1.0,,0.9986836314201355,-0.0006829500198364258,40
1,GraphSAGE,natural,none,42,GNNExplainer,9437,4,0.8730827067669173,0.6458333333333334,0.0,,0.8479005098342896,-0.00013273954391479492,38
1,GraphSAGE,natural,none,42,GNNExplainer,8558,2,0.9415037593984961,0.5,1.0,,0.7211092710494995,-0.06654393672943115,20
1,GraphSAGE,natural,none,42,GNNExplainer,8430,2,0.8822556390977445,0.3333333333333333,1.0,,0.8651101589202881,-0.1103258728981018,18
1,GraphSAGE,natural,none,42,GNNExplainer,9418,4,0.9342857142857142,0.40625,1.0,,0.9286770820617676,-0.014795184135437012,34
1,GraphSAGE,natural,none,42,GNNExplainer,9427,4,0.831278195488722,0.6666666666666666,0.0,,0.9892475605010986,-0.0003024935722351074,36
1,GraphSAGE,natural,none,42,GNNExplainer,8597,2,0.8962406015037592,0.375,1.0,,0.7017397880554199,-0.041450440883636475,25
1,GraphSAGE,natural,none,42,GNNExplainer,8324,1,0.804360902255639,0.575,0.0,,0.7108941674232483,-7.915496826171875e-05,29
1,GraphSAGE,natural,none,42,GNNExplainer,9052,3,0.9500751879699247,0.5454545454545454,1.0,,0.504209041595459,-0.004081845283508301,22
1,GraphSAGE,natural,none,42,PGExplainer,8453,2,,1.0,,,0.822332501411438,-0.0748024582862854,16
1,GraphSAGE,natural,none,42,PGExplainer,9367,4,,0.9615384615384616,,,0.0033066272735595703,0.3338181972503662,27
1,GraphSAGE,natural,none,42,PGExplainer,8248,1,,1.0,,,-0.00010377168655395508,0.8790299296379089,33
1,GraphSAGE,natural,none,42,PGExplainer,8933,3,,0.9761904761904762,,,0.0010046958923339844,0.3522565960884094,39
1,GraphSAGE,natural,none,42,PGExplainer,8761,2,,1.0,,,0.36323118209838867,-0.014291465282440186,30
1,GraphSAGE,natural,none,42,PGExplainer,8661,2,,0.5,,,0.7259421944618225,-0.1554390788078308,13
1,GraphSAGE,natural,none,42,PGExplainer,9198,4,,0.9782608695652174,,,0.009064912796020508,0.7046235799789429,43
1,GraphSAGE,natural,none,42,PGExplainer,8633,2,,1.0,,,0.8729482889175415,-0.04041653871536255,21
1,GraphSAGE,natural,none,42,PGExplainer,8049,1,,0.9411764705882353,,,0.011522948741912842,0.8686484098434448,32
1,GraphSAGE,natural,none,42,PGExplainer,8488,2,,0.875,,,0.49379950761795044,-0.025212883949279785,22
1,GraphSAGE,natural,none,42,PGExplainer,8775,2,,0.75,,,0.17382574081420898,-0.05901259183883667,18
1,GraphSAGE,natural,none,42,PGExplainer,9430,4,,0.9583333333333334,,,5.841255187988281e-06,0.4772149324417114,36
1,GraphSAGE,natural,none,42,PGExplainer,8180,1,,1.0,,,9.506940841674805e-05,0.22490209341049194,24
1,GraphSAGE,natural,none,42,PGExplainer,9446,4,,1.0,,,5.173683166503906e-05,0.0,87
1,GraphSAGE,natural,none,42,PGExplainer,9165,3,,1.0,,,0.2655545473098755,0.3742871880531311,32
1,GraphSAGE,natural,none,42,PGExplainer,8433,2,,1.0,,,0.20622581243515015,-0.0039865970611572266,25
1,GraphSAGE,natural,none,42,PGExplainer,8252,1,,1.0,,,-0.0008776187896728516,0.3892057538032532,35
1,GraphSAGE,natural,none,42,PGExplainer,8026,1,,0.94,,,0.0023729801177978516,0.9227889776229858,31
1,GraphSAGE,natural,none,42,PGExplainer,9210,4,,1.0,,,0.0010027885437011719,0.8676106929779053,35
1,GraphSAGE,natural,none,42,PGExplainer,9267,4,,0.9230769230769231,,,0.0004924535751342773,0.5974165201187134,30
1,GraphSAGE,natural,none,42,PGExplainer,8660,2,,1.0,,,0.033974528312683105,-0.0051146745681762695,26
1,GraphSAGE,natural,none,42,PGExplainer,9248,4,,0.9583333333333334,,,9.72747802734375e-05,0.33761489391326904,40
1,GraphSAGE,natural,none,42,PGExplainer,9437,4,,0.9583333333333334,,,2.4437904357910156e-05,0.8479005098342896,38
1,GraphSAGE,natural,none,42,PGExplainer,8558,2,,1.0,,,0.6775875687599182,-0.06062328815460205,20
1,GraphSAGE,natural,none,42,PGExplainer,8430,2,,1.0,,,0.8489970564842224,-0.11012601852416992,18
1,GraphSAGE,natural,none,42,PGExplainer,9418,4,,1.0,,,0.015499651432037354,0.9286770820617676,34
1,GraphSAGE,natural,none,42,PGExplainer,9427,4,,0.9583333333333334,,,2.7060508728027344e-05,0.6226516962051392,36
1,GraphSAGE,natural,none,42,PGExplainer,8597,2,,1.0,,,0.6043864488601685,-0.04134249687194824,25
1,GraphSAGE,natural,none,42,PGExplainer,8324,1,,0.975,,,-9.655952453613281e-06,0.7643849849700928,29
1,GraphSAGE,natural,none,42,PGExplainer,9052,3,,0.8181818181818182,,,0.06781584024429321,-0.0018666386604309082,22
1,GraphSAGE,natural,none,42,GNNShap,8453,2,0.9135338345864661,,0.0,0.9811151626999909,0.89901202917099,0.5220592021942139,16
1,GraphSAGE,natural,none,42,GNNShap,9367,4,0.9831578947368419,,0.0,0.9439952203518029,0.9791290163993835,-0.0030207037925720215,27
1,GraphSAGE,natural,none,42,GNNShap,8248,1,0.9747368421052631,,0.0,0.9615258796135269,0.0011096000671386719,0.993998646736145,33
1,GraphSAGE,natural,none,42,GNNShap,8933,3,0.9717293233082704,,0.0,0.9616196100955765,0.12744712829589844,0.9923936724662781,39
1,GraphSAGE,natural,none,42,GNNShap,8761,2,0.9360902255639096,,0.0,0.9770882504708964,0.6826795339584351,0.6726351976394653,30
1,GraphSAGE,natural,none,42,GNNShap,8661,2,0.9381954887218044,,1.0,0.961951164395195,0.8428245186805725,-0.04266619682312012,13
1,GraphSAGE,natural,none,42,GNNShap,9198,4,0.9809022556390976,,0.0,0.9577410168174719,0.003448963165283203,0.9807430505752563,43
1,GraphSAGE,natural,none,42,GNNShap,8633,2,0.9706766917293231,,1.0,0.9386948703442564,0.6751630306243896,0.7154027223587036,21
1,GraphSAGE,natural,none,42,GNNShap,8049,1,0.989624060150376,,0.0,0.9212959983421639,0.07245564460754395,0.9031133055686951,32
1,GraphSAGE,natural,none,42,GNNShap,8488,2,0.9762406015037592,,1.0,0.9637476137476388,0.9733022451400757,-0.010380804538726807,22
1,GraphSAGE,natural,none,42,GNNShap,8775,2,0.9742857142857144,,1.0,0.9736027055637997,0.9219618439674377,0.06104391813278198,18
1,GraphSAGE,natural,none,42,GNNShap,9430,4,0.9798496240601503,,0.0,0.965138462618466,0.009696125984191895,0.8315324187278748,36
1,GraphSAGE,natural,none,42,GNNShap,8180,1,0.9664661654135337,,0.0,0.9361922553991479,0.9475089311599731,0.0004749298095703125,24
1,GraphSAGE,natural,none,42,GNNShap,9446,4,0.9246616541353383,,0.0,0.9857080144254757,0.9972320795059204,0.0,87
1,GraphSAGE,natural,none,42,GNNShap,9165,3,0.9854135338345863,,0.0,0.9636099950627756,0.8798494338989258,-0.09817951917648315,32
1,GraphSAGE,natural,none,42,GNNShap,8433,2,0.9578947368421051,,0.0,0.9680251861344086,0.9925122857093811,0.0011940598487854004,25
1,GraphSAGE,natural,none,42,GNNShap,8252,1,0.9633082706766917,,0.0,0.9561744683069733,0.09028136730194092,0.9699414372444153,35
1,GraphSAGE,natural,none,42,GNNShap,8026,1,0.9825563909774436,,0.0,0.9223311977218402,0.37596559524536133,0.951384425163269,31
1,GraphSAGE,natural,none,42,GNNShap,9210,4,0.9774436090225563,,0.0,0.8834992485243987,0.29110419750213623,0.8862888813018799,35
1,GraphSAGE,natural,none,42,GNNShap,9267,4,0.9930827067669172,,0.0,0.9543425621110739,0.20005136728286743,0.9727180600166321,30
1,GraphSAGE,natural,none,42,GNNShap,8660,2,0.97187969924812,,1.0,0.9409778640662166,0.9841828346252441,0.003258228302001953,26
1,GraphSAGE,natural,none,42,GNNShap,9248,4,0.986766917293233,,0.0,0.9400439441754805,0.013490617275238037,0.9484218955039978,40
1,GraphSAGE,natural,none,42,GNNShap,9437,4,0.9879699248120299,,0.0,0.9442940156345138,0.080843985080719,0.9083343744277954,38
1,GraphSAGE,natural,none,42,GNNShap,8558,2,0.9709774436090225,,0.0,0.9371992169540408,0.9288352131843567,0.024812817573547363,20
1,GraphSAGE,natural,none,42,GNNShap,8430,2,0.9627067669172931,,0.0,0.9633951930700118,0.6719349026679993,0.7556865811347961,18
1,GraphSAGE,natural,none,42,GNNShap,9418,4,0.9789473684210523,,0.0,0.9113775875788959,0.29485243558883667,0.9467697739601135,34
1,GraphSAGE,natural,none,42,GNNShap,9427,4,0.9684210526315787,,0.0,0.9470170662836594,0.31113743782043457,0.4594249725341797,36
1,GraphSAGE,natural,none,42,GNNShap,8597,2,0.9765413533834586,,1.0,0.9653152365652715,0.9558441638946533,-0.018948853015899658,25
1,GraphSAGE,natural,none,42,GNNShap,8324,1,0.9565413533834585,,0.0,0.9552437427191786,0.9987613558769226,-1.430511474609375e-05,29
1,GraphSAGE,natural,none,42,GNNShap,9052,3,0.9305263157894735,,0.0,0.9537202387740598,0.2552127242088318,0.9914694428443909,22
1,GraphSAGE,natural,none,43,GNNExplainer,8453,2,0.9196992481203006,0.625,1.0,,0.9019419550895691,-0.04850226640701294,16
1,GraphSAGE,natural,none,43,GNNExplainer,9367,4,0.9123308270676691,0.46153846153846156,0.0,,0.9500982165336609,-0.01667231321334839,27
1,GraphSAGE,natural,none,43,GNNExplainer,8248,1,0.9569924812030074,0.5869565217391305,0.0,,0.8691792488098145,-0.02723592519760132,33
1,GraphSAGE,natural,none,43,GNNExplainer,8933,3,0.8661654135338346,0.5238095238095238,1.0,,0.99501633644104,-0.004855334758758545,39
1,GraphSAGE,natural,none,43,GNNExplainer,8761,2,0.9230075187969925,0.5,1.0,,0.9665445685386658,-0.015873372554779053,30
1,GraphSAGE,natural,none,43,GNNExplainer,8661,2,0.9225563909774435,0.75,1.0,,0.8840281963348389,-0.07185137271881104,13
1,GraphSAGE,natural,none,43,GNNExplainer,9198,4,0.8642105263157894,0.5217391304347826,1.0,,0.8330508470535278,-0.013928651809692383,43
1,GraphSAGE,natural,none,43,GNNExplainer,8633,2,0.9233082706766915,0.625,1.0,,0.9390789270401001,-0.02503383159637451,21
1,GraphSAGE,natural,none,43,GNNExplainer,8049,1,0.9664661654135337,0.5,0.0,,0.8913429379463196,-0.10836619138717651,32
1,GraphSAGE,natural,none,43,GNNExplainer,8488,2,0.9768421052631577,0.375,1.0,,0.7258278131484985,-0.014360666275024414,22
1,GraphSAGE,natural,none,43,GNNExplainer,8775,2,0.9657142857142856,0.75,1.0,,0.733367383480072,-0.03244835138320923,18
1,GraphSAGE,natural,none,43,GNNExplainer,9430,4,0.9329323308270675,0.6458333333333334,0.0,,0.9508146643638611,-8.666515350341797e-05,36
1,GraphSAGE,natural,none,43,GNNExplainer,8180,1,0.9270676691729323,0.5,0.0,,0.7799827456474304,-0.00039130449295043945,24
1,GraphSAGE,natural,none,43,GNNExplainer,9446,4,0.4825563909774436,0.4000000000000001,0.0,,0.0,-1.1920928955078125e-07,87
1,GraphSAGE,natural,none,43,GNNExplainer,9165,3,0.9135338345864661,0.5384615384615384,1.0,,0.8896546959877014,-0.10220634937286377,32
1,GraphSAGE,natural,none,43,GNNExplainer,8433,2,0.9676691729323306,0.3333333333333333,1.0,,0.2179240584373474,-0.004593908786773682,25
1,GraphSAGE,natural,none,43,GNNExplainer,8252,1,0.8987969924812027,0.5434782608695652,0.0,,0.9398294687271118,-0.04186588525772095,35
1,GraphSAGE,natural,none,43,GNNExplainer,8026,1,0.9706766917293231,0.62,0.0,,0.9159855842590332,-0.014656424522399902,31
1,GraphSAGE,natural,none,43,GNNExplainer,9210,4,0.8649624060150375,0.6304347826086957,0.0,,0.9064477682113647,-0.0015471577644348145,35
1,GraphSAGE,natural,none,43,GNNExplainer,9267,4,0.9607518796992481,0.4230769230769231,0.0,,0.9782570004463196,-0.019659698009490967,30
1,GraphSAGE,natural,none,43,GNNExplainer,8660,2,0.9610526315789473,0.6666666666666666,1.0,,0.7904002666473389,-0.0025917887687683105,26
1,GraphSAGE,natural,none,43,GNNExplainer,9248,4,0.8978947368421052,0.625,1.0,,0.30701524019241333,-0.0005115270614624023,40
1,GraphSAGE,natural,none,43,GNNExplainer,9437,4,0.9090225563909774,0.6458333333333334,1.0,,0.8848762512207031,-7.063150405883789e-05,38
1,GraphSAGE,natural,none,43,GNNExplainer,8558,2,0.9565413533834585,0.5,1.0,,0.7391130328178406,-0.042470335960388184,20
1,GraphSAGE,natural,none,43,GNNExplainer,8430,2,0.9636090225563908,0.5,1.0,,0.9164531230926514,-0.05134904384613037,18
1,GraphSAGE,natural,none,43,GNNExplainer,9418,4,0.9003007518796993,0.4375,0.0,,0.9255926609039307,-0.01251375675201416,34
1,GraphSAGE,natural,none,43,GNNExplainer,9427,4,0.9052631578947367,0.6666666666666666,0.0,,0.9807108640670776,-0.00013250112533569336,36
1,GraphSAGE,natural,none,43,GNNExplainer,8597,2,0.9236090225563911,0.5,1.0,,0.7733023166656494,-0.016392409801483154,25
1,GraphSAGE,natural,none,43,GNNExplainer,8324,1,0.8287218045112782,0.575,0.0,,0.7723689079284668,-0.00010347366333007812,29
1,GraphSAGE,natural,none,43,GNNExplainer,9052,3,0.8861654135338345,0.5454545454545454,1.0,,0.6611580848693848,-0.005005598068237305,22
1,GraphSAGE,natural,none,43,PGExplainer,8453,2,,1.0,,,0.8057071566581726,-0.05069237947463989,16
1,GraphSAGE,natural,none,43,PGExplainer,9367,4,,0.9615384615384616,,,0.0001519918441772461,0.44568586349487305,27
1,GraphSAGE,natural,none,43,PGExplainer,8248,1,,1.0,,,-3.993511199951172e-05,0.8691792488098145,33
1,GraphSAGE,natural,none,43,PGExplainer,8933,3,,1.0,,,0.0,0.6153247356414795,39
1,GraphSAGE,natural,none,43,PGExplainer,8761,2,,1.0,,,0.18820220232009888,-0.014380037784576416,30
1,GraphSAGE,natural,none,43,PGExplainer,8661,2,,0.5,,,0.7934268712997437,-0.07183957099914551,13
1,GraphSAGE,natural,none,43,PGExplainer,9198,4,,1.0,,,0.0012410283088684082,0.8330508470535278,43
1,GraphSAGE,natural,none,43,PGExplainer,8633,2,,0.875,,,0.8562794923782349,-0.025013446807861328,21
1,GraphSAGE,natural,none,43,PGExplainer,8049,1,,0.9411764705882353,,,0.017007529735565186,0.871764600276947,32
1,GraphSAGE,natural,none,43,PGExplainer,8488,2,,0.75,,,0.5541945695877075,-0.014362335205078125,22
1,GraphSAGE,natural,none,43,PGExplainer,8775,2,,0.75,,,0.10693854093551636,-0.03233081102371216,18
1,GraphSAGE,natural,none,43,PGExplainer,9430,4,,0.9583333333333334,,,1.9073486328125e-06,0.5588701963424683,36
1,GraphSAGE,natural,none,43,PGExplainer,8180,1,,1.0,,,0.22172623872756958,-0.0003934502601623535,24
1,GraphSAGE,natural,none,43,PGExplainer,9446,4,,1.0,,,5.221366882324219e-05,-1.1920928955078125e-07,87
1,GraphSAGE,natural,none,43,PGExplainer,9165,3,,1.0,,,0.008523702621459961,0.536773145198822,32
1,GraphSAGE,natural,none,43,PGExplainer,8433,2,,1.0,,,0.13210177421569824,-0.0043888092041015625,25
1,GraphSAGE,natural,none,43,PGExplainer,8252,1,,1.0,,,0.0005044341087341309,0.43757909536361694,35
1,GraphSAGE,natural,none,43,PGExplainer,8026,1,,0.96,,,-0.0016399621963500977,0.9159855842590332,31
1,GraphSAGE,natural,none,43,PGExplainer,9210,4,,1.0,,,0.00016647577285766602,0.9064477682113647,35
1,GraphSAGE,natural,none,43,PGExplainer,9267,4,,0.9230769230769231,,,0.00017642974853515625,0.7691184282302856,30
1,GraphSAGE,natural,none,43,PGExplainer,8660,2,,1.0,,,0.323114812374115,-0.0025290846824645996,26
1,GraphSAGE,natural,none,43,PGExplainer,9248,4,,0.9791666666666666,,,-1.4603137969970703e-05,0.30701524019241333,40
1,GraphSAGE,natural,none,43,PGExplainer,9437,4,,0.9583333333333334,,,7.271766662597656e-06,0.8848762512207031,38
1,GraphSAGE,natural,none,43,PGExplainer,8558,2,,1.0,,,0.47606346011161804,-0.03687727451324463,20
1,GraphSAGE,natural,none,43,PGExplainer,8430,2,,1.0,,,0.8955360651016235,-0.0513036847114563,18
1,GraphSAGE,natural,none,43,PGExplainer,9418,4,,0.96875,,,0.004853546619415283,0.9255926609039307,34
1,GraphSAGE,natural,none,43,PGExplainer,9427,4,,0.9583333333333334,,,6.198883056640625e-06,0.7355643510818481,36
1,GraphSAGE,natural,none,43,PGExplainer,8597,2,,1.0,,,0.6525558829307556,-0.016376793384552002,25
1,GraphSAGE,natural,none,43,PGExplainer,8324,1,,1.0,,,0.9678037762641907,-0.00010216236114501953,29
1,GraphSAGE,natural,none,43,PGExplainer,9052,3,,0.8181818181818182,,,0.15012621879577637,-0.004192709922790527,22
1,GraphSAGE,natural,none,43,GNNShap,8453,2,0.9781954887218044,,0.0,0.9768734721250304,0.86104816198349,0.6481876373291016,16
1,GraphSAGE,natural,none,43,GNNShap,9367,4,0.9815037593984961,,0.0,0.9454118390071805,0.980948805809021,0.008758783340454102,27
1,GraphSAGE,natural,none,43,GNNShap,8248,1,0.9709774436090225,,0.0,0.9585747925782545,-0.028954386711120605,0.9649127721786499,33
1,GraphSAGE,natural,none,43,GNNShap,8933,3,0.955639097744361,,0.0,0.9552931811090419,0.09455722570419312,0.9946020841598511,39
1,GraphSAGE,natural,none,43,GNNShap,8761,2,0.8917293233082706,,0.0,0.9775655971139152,0.4404033422470093,0.7940033078193665,30
1,GraphSAGE,natural,none,43,GNNShap,8661,2,0.9186466165413533,,1.0,0.9640062579983241,0.9275105595588684,-0.018876969814300537,13
1,GraphSAGE,natural,none,43,GNNShap,9198,4,0.9942857142857141,,0.0,0.9528607972930049,0.0036763548851013184,0.9793346524238586,43
1,GraphSAGE,natural,none,43,GNNShap,8633,2,0.9759398496240601,,1.0,0.9425080243789861,0.9725287556648254,0.004057526588439941,21
1,GraphSAGE,natural,none,43,GNNShap,8049,1,0.9918796992481201,,0.0,0.9312690955223493,0.8910308480262756,-0.07021987438201904,32
1,GraphSAGE,natural,none,43,GNNShap,8488,2,0.9439097744360903,,1.0,0.9806135818986721,0.9848112463951111,-0.00350111722946167,22
1,GraphSAGE,natural,none,43,GNNShap,8775,2,0.9666165413533834,,1.0,0.979072723373025,0.9501810073852539,0.05464315414428711,18
1,GraphSAGE,natural,none,43,GNNShap,9430,4,0.9818045112781952,,0.0,0.9562403867428488,0.0038672685623168945,0.889510989189148,36
1,GraphSAGE,natural,none,43,GNNShap,8180,1,0.9715789473684211,,0.0,0.9369604694729157,0.9439660310745239,0.0008213520050048828,24
1,GraphSAGE,natural,none,43,GNNShap,9446,4,0.9406015037593983,,0.0,0.9874857647074344,0.9946831464767456,-1.1920928955078125e-07,87
1,GraphSAGE,natural,none,43,GNNShap,9165,3,0.9739849624060148,,1.0,0.9606428232198612,0.8950957655906677,-0.08173888921737671,32
1,GraphSAGE,natural,none,43,GNNShap,8433,2,0.9163909774436089,,1.0,0.9786693688925864,0.9932043552398682,-0.00046306848526000977,25
1,GraphSAGE,natural,none,43,GNNShap,8252,1,0.9724812030075187,,0.0,0.9585115591664508,0.07309079170227051,0.9528933167457581,35
1,GraphSAGE,natural,none,43,GNNShap,8026,1,0.9781954887218044,,0.0,0.9385940572806447,0.08462876081466675,0.9662175178527832,31
1,GraphSAGE,natural,none,43,GNNShap,9210,4,0.97593984962406,,0.0,0.9029022544822585,0.1597692370414734,0.8874836564064026,35
1,GraphSAGE,natural,none,43,GNNShap,9267,4,0.9885714285714284,,0.0,0.9590528975700323,0.1836322546005249,0.9718279242515564,30
1,GraphSAGE,natural,none,43,GNNShap,8660,2,0.980751879699248,,1.0,0.9601854238591576,0.9922242164611816,0.002801835536956787,26
1,GraphSAGE,natural,none,43,GNNShap,9248,4,0.9846616541353382,,0.0,0.941637870951347,0.005905747413635254,0.9470561742782593,40
1,GraphSAGE,natural,none,43,GNNShap,9437,4,0.9822556390977443,,0.0,0.9578313814124375,0.03458946943283081,0.8378627300262451,38
1,GraphSAGE,natural,none,43,GNNShap,8558,2,0.9762406015037592,,0.0,0.9374806897025841,0.9536721706390381,0.04253709316253662,20
1,GraphSAGE,natural,none,43,GNNShap,8430,2,0.9757894736842105,,0.0,0.9633646169012902,0.947002112865448,0.09475630521774292,18
1,GraphSAGE,natural,none,43,GNNShap,9418,4,0.9663157894736841,,1.0,0.9285225785466145,0.1731967329978943,0.9424263834953308,34
1,GraphSAGE,natural,none,43,GNNShap,9427,4,0.9783458646616541,,0.0,0.9588873999137153,0.13863444328308105,0.33695560693740845,36
1,GraphSAGE,natural,none,43,GNNShap,8597,2,0.9455639097744359,,1.0,0.9707625919651285,0.9817101955413818,-0.0010259747505187988,25
1,GraphSAGE,natural,none,43,GNNShap,8324,1,0.9733834586466165,,0.0,0.9628173903386825,0.9992496967315674,3.9577484130859375e-05,29
1,GraphSAGE,natural,none,43,GNNShap,9052,3,0.9386466165413532,,1.0,0.9535907246024647,0.03757411241531372,0.9876112937927246,22
1,GraphSAGE,natural,none,44,GNNExplainer,8453,2,0.9610526315789475,0.75,1.0,,0.822783350944519,-0.04234224557876587,16
1,GraphSAGE,natural,none,44,GNNExplainer,9367,4,0.9461654135338344,0.38461538461538464,0.0,,0.9108935594558716,-0.014189064502716064,27
1,GraphSAGE,natural,none,44,GNNExplainer,8248,1,0.8669172932330828,0.5869565217391305,0.0,,0.9184926152229309,-0.014287889003753662,33
1,GraphSAGE,natural,none,44,GNNExplainer,8933,3,0.9087218045112782,0.5238095238095238,1.0,,0.9890533685684204,-0.008453965187072754,39
1,GraphSAGE,natural,none,44,GNNExplainer,8763,2,0.9481203007518797,0.625,1.0,,0.3804472088813782,-0.002987086772918701,29
1,GraphSAGE,natural,none,44,GNNExplainer,8662,2,0.9261654135338345,0.0,1.0,,0.14637190103530884,-0.03361225128173828,25
1,GraphSAGE,natural,none,44,GNNExplainer,9194,4,0.836390977443609,0.6086956521739131,0.0,,0.9408800601959229,-0.0009684562683105469,39
1,GraphSAGE,natural,none,44,GNNExplainer,8639,2,0.9676691729323309,0.625,1.0,,0.8035992383956909,-0.013433694839477539,24
1,GraphSAGE,natural,none,44,GNNExplainer,8049,1,0.9296240601503758,0.5,0.0,,0.8940767645835876,0.3548423647880554,32
1,GraphSAGE,natural,none,44,GNNExplainer,8488,2,0.949172932330827,0.375,1.0,,0.758337676525116,-0.011619091033935547,22
1,GraphSAGE,natural,none,44,GNNExplainer,8783,2,0.906766917293233,0.75,1.0,,0.8374539613723755,-0.024994611740112305,18
1,GraphSAGE,natural,none,44,GNNExplainer,9430,4,0.8927819548872179,0.6458333333333334,0.0,,0.9078837633132935,-0.00015175342559814453,36
1,GraphSAGE,natural,none,44,GNNExplainer,8180,1,0.8824060150375939,0.5,0.0,,0.7372148036956787,-0.0001665353775024414,24
1,GraphSAGE,natural,none,44,GNNExplainer,9446,4,0.4917293233082707,0.35,0.0,,0.0,0.0,87
1,GraphSAGE,natural,none,44,GNNExplainer,9162,3,0.9031578947368419,0.5,1.0,,0.8619369268417358,-0.08522433042526245,26
1,GraphSAGE,natural,none,44,GNNExplainer,8433,2,0.9530827067669172,0.5,1.0,,0.10815829038619995,-0.0013726353645324707,25
1,GraphSAGE,natural,none,44,GNNExplainer,8252,1,0.8481203007518795,0.5434782608695652,0.0,,0.39241570234298706,-0.026690900325775146,35
1,GraphSAGE,natural,none,44,GNNExplainer,8026,1,0.9386466165413532,0.62,0.0,,0.8818768858909607,-0.026544690132141113,31
1,GraphSAGE,natural,none,44,GNNExplainer,9208,4,0.9242105263157893,0.6956521739130435,0.0,,0.9936631917953491,-0.001703500747680664,32
1,GraphSAGE,natural,none,44,GNNExplainer,9337,4,0.8863157894736841,0.575,0.0,,0.9065260291099548,-0.00037592649459838867,33
1,GraphSAGE,natural,none,44,GNNExplainer,8661,2,0.9521804511278195,0.75,1.0,,0.883122980594635,-0.06454169750213623,13
1,GraphSAGE,natural,none,44,GNNExplainer,9491,4,0.8609022556390977,0.43333333333333335,1.0,,0.9839074015617371,-0.01581054925918579,30
1,GraphSAGE,natural,none,44,GNNExplainer,9437,4,0.8258646616541352,0.6458333333333334,0.0,,0.9925462007522583,-0.00011515617370605469,38
1,GraphSAGE,natural,none,44,GNNExplainer,8558,2,0.9330827067669173,0.75,1.0,,0.573855996131897,-0.048367202281951904,20
1,GraphSAGE,natural,none,44,GNNExplainer,8430,2,0.9470676691729324,0.6666666666666666,1.0,,0.8790937662124634,-0.05808919668197632,18
1,GraphSAGE,natural,none,44,GNNExplainer,9418,4,0.8857142857142856,0.4375,0.0,,0.9260144233703613,-0.022528231143951416,34
1,GraphSAGE,natural,none,44,GNNExplainer,9427,4,0.8989473684210527,0.6666666666666666,0.0,,0.9709498286247253,-0.00010687112808227539,36
1,GraphSAGE,natural,none,44,GNNExplainer,8597,2,0.9114285714285713,0.5,1.0,,0.4582662582397461,-0.012253344058990479,25
1,GraphSAGE,natural,none,44,GNNExplainer,8324,1,0.7745864661654135,0.575,0.0,,0.8852577805519104,-8.881092071533203e-05,29
1,GraphSAGE,natural,none,44,GNNExplainer,9203,4,0.7882706766917293,0.6521739130434783,0.0,,0.8798186779022217,-0.00014257431030273438,34
1,GraphSAGE,natural,none,44,PGExplainer,8453,2,,1.0,,,0.8125486373901367,-0.04233282804489136,16
1,GraphSAGE,natural,none,44,PGExplainer,9367,4,,0.9230769230769231,,,8.207559585571289e-05,0.17613911628723145,27
1,GraphSAGE,natural,none,44,PGExplainer,8248,1,,1.0,,,-0.0002570152282714844,0.9184926152229309,33
1,GraphSAGE,natural,none,44,PGExplainer,8933,3,,0.9761904761904762,,,0.004529297351837158,0.2664732336997986,39
1,GraphSAGE,natural,none,44,PGExplainer,8763,2,,1.0,,,0.398834228515625,-0.0029782652854919434,29
1,GraphSAGE,natural,none,44,PGExplainer,8662,2,,1.0,,,0.3014792203903198,-0.029569923877716064,25
1,GraphSAGE,natural,none,44,PGExplainer,9194,4,,0.9565217391304348,,,0.00024306774139404297,0.9408800601959229,39
1,GraphSAGE,natural,none,44,PGExplainer,8639,2,,0.5,,,0.37731868028640747,-0.014514684677124023,24
1,GraphSAGE,natural,none,44,PGExplainer,8049,1,,0.9411764705882353,,,0.011757731437683105,0.8940767645835876,32
1,GraphSAGE,natural,none,44,PGExplainer,8488,2,,0.75,,,0.5025321245193481,-0.011620640754699707,22
1,GraphSAGE,natural,none,44,PGExplainer,8783,2,,0.75,,,0.2476940155029297,-0.024962425231933594,18
1,GraphSAGE,natural,none,44,PGExplainer,9430,4,,0.9583333333333334,,,3.814697265625e-06,0.43021589517593384,36
1,GraphSAGE,natural,none,44,PGExplainer,8180,1,,0.9615384615384616,,,4.476308822631836e-05,0.13744968175888062,24
1,GraphSAGE,natural,none,44,PGExplainer,9446,4,,1.0,,,4.291534423828125e-06,0.0,87
1,GraphSAGE,natural,none,44,PGExplainer,9162,3,,1.0,,,0.01344376802444458,-0.01955205202102661,26
1,GraphSAGE,natural,none,44,PGExplainer,8433,2,,1.0,,,0.12312215566635132,-0.001175522804260254,25
1,GraphSAGE,natural,none,44,PGExplainer,8252,1,,1.0,,,-0.0004470944404602051,0.39241570234298706,35
1,GraphSAGE,natural,none,44,PGExplainer,8026,1,,0.94,,,0.003274202346801758,0.8818768858909607,31
1,GraphSAGE,natural,none,44,PGExplainer,9208,4,,0.9565217391304348,,,0.00023537874221801758,0.9082949757575989,32
1,GraphSAGE,natural,none,44,PGExplainer,9337,4,,0.975,,,3.343820571899414e-05,0.38791126012802124,33
1,GraphSAGE,natural,none,44,PGExplainer,8661,2,,0.5,,,0.8403059244155884,-0.06454169750213623,13
1,GraphSAGE,natural,none,44,PGExplainer,9491,4,,0.9333333333333333,,,0.0015316605567932129,0.450383722782135,30
1,GraphSAGE,natural,none,44,PGExplainer,9437,4,,0.9583333333333334,,,7.987022399902344e-06,0.8533354997634888,38
1,GraphSAGE,natural,none,44,PGExplainer,8558,2,,1.0,,,0.5642833709716797,-0.04822409152984619,20
1,GraphSAGE,natural,none,44,PGExplainer,8430,2,,1.0,,,0.8807408809661865,-0.05838733911514282,18
1,GraphSAGE,natural,none,44,PGExplainer,9418,4,,0.9375,,,0.011267006397247314,0.9260144233703613,34
1,GraphSAGE,natural,none,44,PGExplainer,9427,4,,0.9583333333333334,,,1.4543533325195312e-05,0.6332870721817017,36
1,GraphSAGE,natural,none,44,PGExplainer,8597,2,,1.0,,,0.5898711681365967,-0.012500643730163574,25
1,GraphSAGE,natural,none,44,PGExplainer,8324,1,,0.975,,,-7.867813110351562e-06,0.8128626942634583,29
1,GraphSAGE,natural,none,44,PGExplainer,9203,4,,0.9565217391304348,,,6.556510925292969e-06,0.05838298797607422,34
1,GraphSAGE,natural,none,44,GNNShap,8453,2,0.9636090225563908,,0.0,0.9787056302835824,0.9309211373329163,0.493842750787735,16
1,GraphSAGE,natural,none,44,GNNShap,9367,4,0.9777443609022555,,0.0,0.9547759506736517,0.9808176755905151,-0.004752814769744873,27
1,GraphSAGE,natural,none,44,GNNShap,8248,1,0.9849624060150376,,0.0,0.9619791156945044,-0.016611993312835693,0.9789247512817383,33
1,GraphSAGE,natural,none,44,GNNShap,8933,3,0.968421052631579,,0.0,0.9670427476563077,0.08194100856781006,0.9911361932754517,39
1,GraphSAGE,natural,none,44,GNNShap,8763,2,0.9596992481203006,,1.0,0.9551375313121232,0.1932470202445984,0.9847894310951233,29
1,GraphSAGE,natural,none,44,GNNShap,8662,2,0.9509774436090224,,0.0,0.9830641975733825,0.32568156719207764,0.9585462808609009,25
1,GraphSAGE,natural,none,44,GNNShap,9194,4,0.9890225563909771,,0.0,0.9381861116603767,0.03938770294189453,0.9430438876152039,39
1,GraphSAGE,natural,none,44,GNNShap,8639,2,0.9372932330827067,,1.0,0.9709623238138093,0.9701128005981445,0.015890121459960938,24
1,GraphSAGE,natural,none,44,GNNShap,8049,1,0.9840601503759399,,0.0,0.9489727847638504,0.07488149404525757,0.9199349284172058,32
1,GraphSAGE,natural,none,44,GNNShap,8488,2,0.9774436090225562,,1.0,0.9697996509633899,0.9869263768196106,-0.005967617034912109,22
1,GraphSAGE,natural,none,44,GNNShap,8783,2,0.9751879699248119,,0.0,0.9667276001119858,0.9700074791908264,0.4125022292137146,18
1,GraphSAGE,natural,none,44,GNNShap,9430,4,0.9795488721804508,,0.0,0.9550553659704016,0.009787797927856445,0.8863843679428101,36
1,GraphSAGE,natural,none,44,GNNShap,8180,1,0.9673684210526314,,0.0,0.929261142537297,0.9554682374000549,0.00047284364700317383,24
1,GraphSAGE,natural,none,44,GNNShap,9446,4,0.8920300751879697,,0.0,0.9897315173008282,0.9784974455833435,0.0,87
1,GraphSAGE,natural,none,44,GNNShap,9162,3,0.97203007518797,,0.0,0.9543700984668118,0.33399659395217896,0.9124593734741211,26
1,GraphSAGE,natural,none,44,GNNShap,8433,2,0.9712781954887216,,1.0,0.9691083139901917,0.995517373085022,0.00019109249114990234,25
1,GraphSAGE,natural,none,44,GNNShap,8252,1,0.9849624060150376,,0.0,0.9628543048192185,0.011124253273010254,0.9573564529418945,35
1,GraphSAGE,natural,none,44,GNNShap,8026,1,0.9890225563909771,,0.0,0.9249807636769531,0.2563549280166626,0.935571551322937,31
1,GraphSAGE,natural,none,44,GNNShap,9208,4,0.9944360902255637,,0.0,0.9638703834532446,0.19493311643600464,0.771844208240509,32
1,GraphSAGE,natural,none,44,GNNShap,9337,4,0.9950375939849623,,0.0,0.9769130221722225,0.9206745624542236,0.03164952993392944,33
1,GraphSAGE,natural,none,44,GNNShap,8661,2,0.853984962406015,,1.0,0.975452787868997,0.934166669845581,-0.01106339693069458,13
1,GraphSAGE,natural,none,44,GNNShap,9491,4,0.9900751879699247,,1.0,0.9335174964238167,0.2553355097770691,0.9495473504066467,30
1,GraphSAGE,natural,none,44,GNNShap,9437,4,0.9884210526315789,,0.0,0.9435219171071278,0.017805039882659912,0.8234633207321167,38
1,GraphSAGE,natural,none,44,GNNShap,8558,2,0.9679699248120299,,0.0,0.9474604230021783,0.937989354133606,0.015915989875793457,20
1,GraphSAGE,natural,none,44,GNNShap,8430,2,0.9763909774436088,,0.0,0.9487689878450981,0.9383863210678101,0.07653248310089111,18
1,GraphSAGE,natural,none,44,GNNShap,9418,4,0.989172932330827,,1.0,0.9303558503308949,0.2697322368621826,0.9436757564544678,34
1,GraphSAGE,natural,none,44,GNNShap,9427,4,0.9667669172932332,,0.0,0.9557253514905837,0.017945945262908936,0.7562294006347656,36
1,GraphSAGE,natural,none,44,GNNShap,8597,2,0.9476691729323308,,1.0,0.9663467783992875,0.9859428405761719,-0.004094302654266357,25
1,GraphSAGE,natural,none,44,GNNShap,8324,1,0.9790977443609024,,0.0,0.9700683809910681,0.9983423948287964,2.1338462829589844e-05,29
1,GraphSAGE,natural,none,44,GNNShap,9203,4,0.9781954887218044,,0.0,0.9674807671075915,0.09313493967056274,0.7131401300430298,34
1,GAT,1:1,none,42,GNNExplainer,8159,1,0.952330827067669,0.7777777777777778,1.0,,-0.07195049524307251,-0.07109838724136353,80
1,GAT,1:1,none,42,GNNExplainer,8709,2,0.9748872180451127,0.5,1.0,,0.5452958941459656,-0.4019712805747986,18
1,GAT,1:1,none,42,GNNExplainer,9119,3,0.9912781954887218,0.53125,0.0,,0.8604045510292053,0.006962418556213379,31
1,GAT,1:1,none,42,GNNExplainer,8739,2,0.9590977443609022,0.5,0.0,,0.20863109827041626,-0.40699851512908936,22
1,GAT,1:1,none,42,GNNExplainer,9215,4,0.9927819548872179,0.5333333333333333,1.0,,0.8363286256790161,0.49452266097068787,32
1,GAT,1:1,none,42,GNNExplainer,9306,4,0.9830075187969924,0.5454545454545454,0.0,,0.7287022471427917,-0.09215044975280762,26
1,GAT,1:1,none,42,GNNExplainer,8855,3,0.9884210526315789,0.5714285714285714,0.0,,0.20021849870681763,-0.004219412803649902,32
1,GAT,1:1,none,42,GNNExplainer,9144,3,0.9846616541353382,0.5333333333333333,0.0,,0.4785928726196289,-0.008618474006652832,32
1,GAT,1:1,none,42,GNNExplainer,9416,4,0.9894736842105262,0.53125,1.0,,0.7749510407447815,-0.09551316499710083,33
1,GAT,1:1,none,42,GNNExplainer,8853,3,0.9861654135338345,0.5238095238095238,0.0,,0.664343535900116,-0.005320250988006592,39
1,GAT,1:1,none,42,GNNExplainer,8442,2,0.9681203007518796,0.3333333333333333,1.0,,0.49113574624061584,-0.1994878053665161,21
1,GAT,1:1,none,42,GNNExplainer,8772,2,0.9813533834586468,0.5,1.0,,0.1085098385810852,-0.32952308654785156,20
1,GAT,1:1,none,42,GNNExplainer,9322,4,0.948721804511278,0.5333333333333333,0.0,,0.8256211280822754,0.01620262861251831,32
1,GAT,1:1,none,42,GNNExplainer,9450,4,0.974436090225564,0.525,0.0,,0.8533199429512024,-0.1210479736328125,41
1,GAT,1:1,none,42,GNNExplainer,8880,3,0.9845112781954887,0.5263157894736842,0.0,,0.12716197967529297,-0.010671138763427734,34
1,GAT,1:1,none,42,GNNExplainer,8849,3,0.9679699248120299,0.55,0.0,,0.8539248108863831,-0.09405654668807983,24
1,GAT,1:1,none,42,GNNExplainer,9433,4,0.980300751879699,0.6666666666666666,1.0,,0.17762237787246704,-0.001677393913269043,35
1,GAT,1:1,none,42,GNNExplainer,8324,1,0.9781954887218044,0.575,1.0,,0.8350327610969543,-0.004054605960845947,29
1,GAT,1:1,none,42,GNNExplainer,8474,2,0.9180451127819549,0.5,1.0,,0.4992049038410187,-0.44270652532577515,23
1,GAT,1:1,none,42,GNNExplainer,9337,4,0.9833082706766916,0.575,1.0,,0.4835507869720459,0.038632988929748535,33
1,GAT,1:1,none,42,GNNExplainer,8248,1,0.981954887218045,0.5869565217391305,1.0,,0.4279794692993164,0.6032222509384155,33
1,GAT,1:1,none,42,GNNExplainer,8428,2,0.9649624060150375,0.375,1.0,,0.756711483001709,-0.09692424535751343,21
1,GAT,1:1,none,42,GNNExplainer,9031,3,0.9851127819548872,0.5277777777777778,0.0,,0.2690897583961487,-0.008406460285186768,31
1,GAT,1:1,none,42,GNNExplainer,8946,3,0.9908270676691731,0.5333333333333333,0.0,,0.3400121331214905,-0.008477509021759033,37
1,GAT,1:1,none,42,GNNExplainer,9446,4,0.9790977443609021,0.65,0.0,,-0.15655440092086792,-0.20486384630203247,87
1,GAT,1:1,none,42,GNNExplainer,9194,4,0.9885714285714284,0.6086956521739131,1.0,,0.5900932550430298,0.06211364269256592,39
1,GAT,1:1,none,42,GNNExplainer,8666,2,0.9729323308270675,0.5,0.0,,0.3935646712779999,-0.16806191205978394,25
1,GAT,1:1,none,42,GNNExplainer,8225,1,0.9894736842105262,0.5333333333333333,1.0,,0.9132145643234253,0.14663881063461304,29
1,GAT,1:1,none,42,GNNExplainer,8049,1,0.9833082706766918,0.5294117647058824,1.0,,0.8618819117546082,0.12811672687530518,32
1,GAT,1:1,none,42,GNNExplainer,8830,2,0.9783458646616541,0.5,0.0,,-0.021027207374572754,-0.44984251260757446,23
1,GAT,1:1,none,42,PGExplainer,8159,1,,0.05555555555555555,,,-0.07028549909591675,0.8482351303100586,80
1,GAT,1:1,none,42,PGExplainer,8709,2,,0.25,,,-0.39912092685699463,-0.4019712805747986,18
1,GAT,1:1,none,42,PGExplainer,9119,3,,0.59375,,,-0.017402946949005127,0.9787994623184204,31
1,GAT,1:1,none,42,PGExplainer,8739,2,,0.25,,,-0.4146074056625366,0.41750839352607727,22
1,GAT,1:1,none,42,PGExplainer,9215,4,,0.3,,,-0.10139280557632446,0.8603785634040833,32
1,GAT,1:1,none,42,PGExplainer,9306,4,,0.09090909090909091,,,-0.14793819189071655,0.8218056559562683,26
1,GAT,1:1,none,42,PGExplainer,8855,3,,0.6666666666666666,,,-0.005565822124481201,0.9915758967399597,32
1,GAT,1:1,none,42,PGExplainer,9144,3,,0.5666666666666667,,,-0.005012392997741699,0.9665752649307251,32
1,GAT,1:1,none,42,PGExplainer,9416,4,,0.375,,,-0.16544538736343384,0.809843897819519,33
1,GAT,1:1,none,42,PGExplainer,8853,3,,0.6904761904761905,,,-0.004495859146118164,0.9576605558395386,39
1,GAT,1:1,none,42,PGExplainer,8442,2,,0.3333333333333333,,,-0.2264689803123474,-0.23191022872924805,21
1,GAT,1:1,none,42,PGExplainer,8772,2,,0.125,,,-0.3364744782447815,0.6144813895225525,20
1,GAT,1:1,none,42,PGExplainer,9322,4,,0.6666666666666666,,,-0.14573872089385986,0.3430311679840088,32
1,GAT,1:1,none,42,PGExplainer,9450,4,,0.5,,,-0.13112515211105347,0.8587452173233032,41
1,GAT,1:1,none,42,PGExplainer,8880,3,,0.39473684210526316,,,-0.01128995418548584,0.8058802485466003,34
1,GAT,1:1,none,42,PGExplainer,8849,3,,0.55,,,0.00905156135559082,0.9005064368247986,24
1,GAT,1:1,none,42,PGExplainer,9433,4,,0.7708333333333333,,,-0.001677393913269043,0.4601965844631195,35
1,GAT,1:1,none,42,PGExplainer,8324,1,,0.35,,,-0.007377743721008301,0.9080669283866882,29
1,GAT,1:1,none,42,PGExplainer,8474,2,,0.5,,,-0.43400609493255615,0.5260600447654724,23
1,GAT,1:1,none,42,PGExplainer,9337,4,,0.425,,,-0.10702699422836304,0.8260111212730408,33
1,GAT,1:1,none,42,PGExplainer,8248,1,,0.391304347826087,,,-0.022135794162750244,0.8549574613571167,33
1,GAT,1:1,none,42,PGExplainer,8428,2,,0.125,,,-0.09547269344329834,0.9022893905639648,21
1,GAT,1:1,none,42,PGExplainer,9031,3,,0.75,,,-0.00744396448135376,0.9840993285179138,31
1,GAT,1:1,none,42,PGExplainer,8946,3,,0.26666666666666666,,,0.006381869316101074,0.7048683762550354,37
1,GAT,1:1,none,42,PGExplainer,9446,4,,0.225,,,-0.17634838819503784,-0.23479604721069336,87
1,GAT,1:1,none,42,PGExplainer,9194,4,,0.5652173913043478,,,-0.05687880516052246,0.7959581613540649,39
1,GAT,1:1,none,42,PGExplainer,8666,2,,0.125,,,-0.17302155494689941,0.7236636281013489,25
1,GAT,1:1,none,42,PGExplainer,8225,1,,0.5333333333333333,,,-0.06751382350921631,0.9128297567367554,29
1,GAT,1:1,none,42,PGExplainer,8049,1,,0.29411764705882354,,,0.009352326393127441,0.8525878190994263,32
1,GAT,1:1,none,42,PGExplainer,8830,2,,0.3333333333333333,,,-0.45199209451675415,0.4595145285129547,23
1,GAT,1:1,none,42,GNNShap,8159,1,0.93203007518797,,0.0,0.9571062438239786,0.9251478314399719,-0.06999373435974121,80
1,GAT,1:1,none,42,GNNShap,8709,2,0.9584962406015037,,1.0,0.9323942930088739,0.4671517014503479,0.5798178315162659,18
1,GAT,1:1,none,42,GNNShap,9119,3,0.9442105263157894,,0.0,0.9460056569527684,0.9356090426445007,0.018447041511535645,31
1,GAT,1:1,none,42,GNNShap,8739,2,0.9660150375939848,,0.0,0.9645695082233716,-0.3389187455177307,0.5722572803497314,22
1,GAT,1:1,none,42,GNNShap,9215,4,0.9512781954887218,,0.0,0.8413842132661401,0.25630831718444824,0.7769864201545715,32
1,GAT,1:1,none,42,GNNShap,9306,4,0.974436090225564,,1.0,0.911335276196327,0.6696274280548096,0.18348544836044312,26
1,GAT,1:1,none,42,GNNShap,8855,3,0.9750375939849624,,0.0,0.9195358805899542,0.8858179450035095,0.0019150376319885254,32
1,GAT,1:1,none,42,GNNShap,9144,3,0.9753383458646617,,0.0,0.9350385738813436,0.41260671615600586,0.9713683724403381,32
1,GAT,1:1,none,42,GNNShap,9416,4,0.9787969924812028,,0.0,0.9048419567411864,-0.013027667999267578,0.694848358631134,33
1,GAT,1:1,none,42,GNNShap,8853,3,0.9924812030075187,,0.0,0.9492669982973834,0.31950122117996216,0.9831041693687439,39
1,GAT,1:1,none,42,GNNShap,8442,2,0.9739849624060148,,0.0,0.8806249359229197,-0.16087406873703003,0.7645637392997742,21
1,GAT,1:1,none,42,GNNShap,8772,2,0.9610526315789473,,0.0,0.9632668091793375,0.6353871822357178,0.27043038606643677,20
1,GAT,1:1,none,42,GNNShap,9322,4,0.9836090225563907,,0.0,0.9297319986045863,0.05542057752609253,0.7211794257164001,32
1,GAT,1:1,none,42,GNNShap,9450,4,0.9799999999999999,,1.0,0.904820486654734,0.20221126079559326,0.25174659490585327,41
1,GAT,1:1,none,42,GNNShap,8880,3,0.9897744360902253,,0.0,0.9548874778651613,0.8321815133094788,0.011864781379699707,34
1,GAT,1:1,none,42,GNNShap,8849,3,0.9428571428571425,,0.0,0.9617579564782192,0.3834261894226074,0.8776664137840271,24
1,GAT,1:1,none,42,GNNShap,9433,4,0.9824060150375938,,0.0,0.95225190004427,0.19037073850631714,0.6971548199653625,35
1,GAT,1:1,none,42,GNNShap,8324,1,0.9948872180451127,,0.0,0.9289484645213365,0.8122158050537109,0.03930974006652832,29
1,GAT,1:1,none,42,GNNShap,8474,2,0.9687218045112779,,1.0,0.9280446630996251,0.0384143590927124,0.004867374897003174,23
1,GAT,1:1,none,42,GNNShap,9337,4,0.9929323308270677,,0.0,0.9240744474718721,0.6766374111175537,0.34084534645080566,33
1,GAT,1:1,none,42,GNNShap,8248,1,0.9858646616541351,,0.0,0.913860175522399,0.14902758598327637,0.8647343516349792,33
1,GAT,1:1,none,42,GNNShap,8428,2,0.9601503759398495,,0.0,0.9410007264027878,0.7401864528656006,0.8383368849754333,21
1,GAT,1:1,none,42,GNNShap,9031,3,0.9598496240601502,,0.0,0.9226307008736869,0.9475032687187195,0.04478663206100464,31
1,GAT,1:1,none,42,GNNShap,8946,3,0.9506766917293232,,0.0,0.9039743367732301,0.8427943587303162,0.0038127899169921875,37
1,GAT,1:1,none,42,GNNShap,9446,4,0.7978947368421053,,0.0,0.9646534409257079,0.7081477642059326,0.16158276796340942,87
1,GAT,1:1,none,42,GNNShap,9194,4,0.9751879699248119,,1.0,0.8529199542480962,0.22396135330200195,0.7843172550201416,39
1,GAT,1:1,none,42,GNNShap,8666,2,0.9843609022556391,,0.0,0.9056741142240833,0.7615875005722046,0.1625027060508728,25
1,GAT,1:1,none,42,GNNShap,8225,1,0.9885714285714284,,0.0,0.8853344102293521,0.24454057216644287,0.8300867080688477,29
1,GAT,1:1,none,42,GNNShap,8049,1,0.946766917293233,,0.0,0.9086292320486224,0.8540064096450806,0.39041733741760254,32
1,GAT,1:1,none,42,GNNShap,8830,2,0.9557894736842105,,1.0,0.9709456206429387,0.4072263836860657,-0.03416258096694946,23
1,GAT,1:1,none,43,GNNExplainer,8266,1,0.9792481203007517,0.5277777777777778,0.0,,0.708734929561615,-0.28075289726257324,31
1,GAT,1:1,none,43,GNNExplainer,8827,2,0.9769924812030075,0.5,0.0,,0.6676586270332336,-0.22591239213943481,30
1,GAT,1:1,none,43,GNNExplainer,9433,4,0.9601503759398495,0.6666666666666666,0.0,,0.7136424779891968,-0.286029577255249,35
1,GAT,1:1,none,43,GNNExplainer,8238,1,0.9714285714285712,0.6086956521739131,0.0,,0.320207417011261,-0.04785352945327759,33
1,GAT,1:1,none,43,GNNExplainer,8944,3,0.9527819548872178,0.5714285714285714,0.0,,0.03612035512924194,-0.08375930786132812,34
1,GAT,1:1,none,43,GNNExplainer,8049,1,0.9799999999999999,0.5294117647058824,0.0,,0.7142313718795776,-0.2708708643913269,32
1,GAT,1:1,none,43,GNNExplainer,8269,1,0.9744360902255638,0.8125,0.0,,0.042038798332214355,-0.024541258811950684,63
1,GAT,1:1,none,43,GNNExplainer,8892,3,0.9378947368421052,0.5263157894736842,0.0,,0.3035632371902466,-0.03709357976913452,33
1,GAT,1:1,none,43,GNNExplainer,8435,2,0.9827067669172932,0.5,0.0,,0.6728775501251221,-0.17392027378082275,25
1,GAT,1:1,none,43,GNNExplainer,9023,3,0.9772932330827067,0.5277777777777778,0.0,,0.48950985074043274,-0.168104887008667,30
1,GAT,1:1,none,43,GNNExplainer,9166,3,0.9840601503759399,0.5384615384615384,0.0,,0.08264750242233276,-0.10916465520858765,28
1,GAT,1:1,none,43,GNNExplainer,8190,1,0.976390977443609,0.5416666666666666,0.0,,0.5857385993003845,-0.41204696893692017,24
1,GAT,1:1,none,43,GNNExplainer,8628,2,0.9418045112781954,0.625,0.0,,0.8257150650024414,-0.1478707194328308,25
1,GAT,1:1,none,43,GNNExplainer,9131,3,0.9839097744360903,0.5333333333333333,0.0,,0.3687455356121063,-0.3748883605003357,35
1,GAT,1:1,none,43,GNNExplainer,8320,1,0.9667669172932328,0.525,0.0,,0.8436205983161926,-0.14384901523590088,32
1,GAT,1:1,none,43,GNNExplainer,9180,4,0.967518796992481,0.5333333333333333,0.0,,0.956547200679779,-0.04304814338684082,29
1,GAT,1:1,none,43,GNNExplainer,8026,1,0.981954887218045,0.62,0.0,,0.8090825080871582,-0.18795174360275269,31
1,GAT,1:1,none,43,GNNExplainer,9194,4,0.9657142857142859,0.6086956521739131,0.0,,0.889929473400116,-0.10919356346130371,39
1,GAT,1:1,none,43,GNNExplainer,9253,4,0.9642105263157894,0.6458333333333334,0.0,,0.9133810997009277,-0.0759505033493042,37
1,GAT,1:1,none,43,GNNExplainer,8432,2,0.9661654135338346,0.25,0.0,,0.5419785976409912,-0.11494314670562744,17
1,GAT,1:1,none,43,GNNExplainer,9416,4,0.9606015037593985,0.53125,0.0,,0.9172621369361877,-0.058370232582092285,33
1,GAT,1:1,none,43,GNNExplainer,8454,2,0.9697744360902254,0.625,0.0,,0.752737820148468,-0.2377859354019165,20
1,GAT,1:1,none,43,GNNExplainer,8611,2,0.9786466165413532,0.375,0.0,,0.3511948585510254,-0.1296088695526123,25
1,GAT,1:1,none,43,GNNExplainer,9425,4,0.959548872180451,0.6458333333333334,0.0,,0.7907422184944153,-0.17356419563293457,39
1,GAT,1:1,none,43,GNNExplainer,8428,2,0.9768421052631577,0.625,0.0,,0.8346121311187744,-0.10438734292984009,21
1,GAT,1:1,none,43,GNNExplainer,9491,4,0.9777443609022557,0.5333333333333333,0.0,,0.9577458500862122,-0.03952360153198242,30
1,GAT,1:1,none,43,GNNExplainer,8736,2,0.9715789473684209,0.625,0.0,,0.787155270576477,-0.10716390609741211,27
1,GAT,1:1,none,43,GNNExplainer,8772,2,0.964360902255639,0.625,1.0,,0.683804452419281,-0.2862110733985901,20
1,GAT,1:1,none,43,GNNExplainer,8599,2,0.9667669172932332,0.75,0.0,,0.5426445603370667,-0.4197092056274414,23
1,GAT,1:1,none,43,GNNExplainer,8338,1,0.9766917293233082,0.55,0.0,,0.5037636756896973,-0.48898845911026,24
1,GAT,1:1,none,43,PGExplainer,8266,1,,0.5555555555555556,,,-0.28062885999679565,0.6329618692398071,31
1,GAT,1:1,none,43,PGExplainer,8827,2,,0.125,,,0.31464534997940063,-0.206987202167511,30
1,GAT,1:1,none,43,PGExplainer,9433,4,,0.75,,,-0.28601300716400146,0.670373260974884,35
1,GAT,1:1,none,43,PGExplainer,8238,1,,0.4782608695652174,,,-0.03597068786621094,0.08354079723358154,33
1,GAT,1:1,none,43,PGExplainer,8944,3,,0.6904761904761905,,,-0.08375930786132812,0.5560911893844604,34
1,GAT,1:1,none,43,PGExplainer,8049,1,,0.2647058823529412,,,0.007149398326873779,0.1433943510055542,32
1,GAT,1:1,none,43,PGExplainer,8269,1,,0.28125,,,-0.009430766105651855,0.7212604284286499,63
1,GAT,1:1,none,43,PGExplainer,8892,3,,0.6578947368421053,,,-0.03741997480392456,0.9419532418251038,33
1,GAT,1:1,none,43,PGExplainer,8435,2,,0.125,,,0.020240306854248047,-0.16586077213287354,25
1,GAT,1:1,none,43,PGExplainer,9023,3,,0.5555555555555556,,,-0.16842836141586304,0.8197547197341919,30
1,GAT,1:1,none,43,PGExplainer,9166,3,,0.4230769230769231,,,-0.04260891675949097,0.882230818271637,28
1,GAT,1:1,none,43,PGExplainer,8190,1,,0.625,,,-0.08203238248825073,-0.27770447731018066,24
1,GAT,1:1,none,43,PGExplainer,8628,2,,0.125,,,-0.0520516037940979,-0.1267145872116089,25
1,GAT,1:1,none,43,PGExplainer,9131,3,,0.8000000000000002,,,0.16179487109184265,-0.36480748653411865,35
1,GAT,1:1,none,43,PGExplainer,8320,1,,0.375,,,-0.08325183391571045,0.5344706773757935,32
1,GAT,1:1,none,43,PGExplainer,9180,4,,0.23333333333333334,,,-0.04307973384857178,0.9464507102966309,29
1,GAT,1:1,none,43,PGExplainer,8026,1,,0.62,,,-0.18766963481903076,0.6991739273071289,31
1,GAT,1:1,none,43,PGExplainer,9194,4,,0.5652173913043478,,,-0.03530174493789673,0.049046337604522705,39
1,GAT,1:1,none,43,PGExplainer,9253,4,,0.5416666666666666,,,-0.07593691349029541,0.7308159470558167,37
1,GAT,1:1,none,43,PGExplainer,8432,2,,0.0,,,0.15325450897216797,0.10514628887176514,17
1,GAT,1:1,none,43,PGExplainer,9416,4,,0.09375,,,-0.058301448822021484,0.5536218881607056,33
1,GAT,1:1,none,43,PGExplainer,8454,2,,0.375,,,0.1323171854019165,-0.23220467567443848,20
1,GAT,1:1,none,43,PGExplainer,8611,2,,0.125,,,0.22083938121795654,-0.12472999095916748,25
1,GAT,1:1,none,43,PGExplainer,9425,4,,0.5833333333333334,,,-0.17351007461547852,0.7903220057487488,39
1,GAT,1:1,none,43,PGExplainer,8428,2,,0.375,,,0.2259763479232788,-0.07839733362197876,21
1,GAT,1:1,none,43,PGExplainer,9491,4,,0.5,,,-0.03937035799026489,0.9409383535385132,30
1,GAT,1:1,none,43,PGExplainer,8736,2,,0.125,,,0.23021191358566284,-0.09708404541015625,27
1,GAT,1:1,none,43,PGExplainer,8772,2,,0.375,,,0.4633572995662689,-0.27543437480926514,20
1,GAT,1:1,none,43,PGExplainer,8599,2,,0.25,,,0.3385966420173645,-0.4057430624961853,23
1,GAT,1:1,none,43,PGExplainer,8338,1,,0.6,,,-0.20891880989074707,-0.3367023468017578,24
1,GAT,1:1,none,43,GNNShap,8266,1,0.9691729323308269,,0.0,0.9321148624161406,0.4003485143184662,0.37049832940101624,31
1,GAT,1:1,none,43,GNNShap,8827,2,0.9760902255639097,,0.0,0.9653647519668439,0.6875220537185669,0.14749658107757568,30
1,GAT,1:1,none,43,GNNShap,9433,4,0.9933834586466166,,0.0,0.9504756242614739,0.19535696506500244,0.29235127568244934,35
1,GAT,1:1,none,43,GNNShap,8238,1,0.9885714285714287,,0.0,0.9353876591282507,0.8700792789459229,0.08989912271499634,33
1,GAT,1:1,none,43,GNNShap,8944,3,0.9723308270676692,,0.0,0.9291287749897318,0.2245132327079773,0.795805037021637,34
1,GAT,1:1,none,43,GNNShap,8049,1,0.9963909774436089,,0.0,0.8860070084928111,-0.26364874839782715,0.7285337448120117,32
1,GAT,1:1,none,43,GNNShap,8269,1,0.9836090225563909,,0.0,0.9814116075518674,0.8559223413467407,0.04548907279968262,63
1,GAT,1:1,none,43,GNNShap,8892,3,0.9592481203007518,,1.0,0.9617640531991649,0.22926759719848633,0.8488299250602722,33
1,GAT,1:1,none,43,GNNShap,8435,2,0.965563909774436,,0.0,0.9540098870700542,0.655592679977417,0.3265446722507477,25
1,GAT,1:1,none,43,GNNShap,9023,3,0.959097744360902,,0.0,0.9531551832057914,0.24050527811050415,0.6975793838500977,30
1,GAT,1:1,none,43,GNNShap,9166,3,0.9712781954887217,,1.0,0.930120272741813,0.20407497882843018,0.4012845456600189,28
1,GAT,1:1,none,43,GNNShap,8190,1,0.9565413533834585,,0.0,0.9142650028175229,-0.18472522497177124,0.5384417772293091,24
1,GAT,1:1,none,43,GNNShap,8628,2,0.9769924812030075,,0.0,0.9358164306008518,0.508232593536377,0.27269190549850464,25
1,GAT,1:1,none,43,GNNShap,9131,3,0.9422556390977442,,0.0,0.9074450916452385,0.4405686557292938,-0.05880594253540039,35
1,GAT,1:1,none,43,GNNShap,8320,1,0.966015037593985,,0.0,0.9498664183829486,0.2698368430137634,0.5575655698776245,32
1,GAT,1:1,none,43,GNNShap,9180,4,0.9854135338345864,,0.0,0.9466418667613079,0.7720812559127808,0.15271365642547607,29
1,GAT,1:1,none,43,GNNShap,8026,1,0.9622556390977444,,0.0,0.8979534191182179,-0.03350400924682617,0.7085374593734741,31
1,GAT,1:1,none,43,GNNShap,9194,4,0.9735338345864661,,1.0,0.9492149119921413,0.08582884073257446,0.5455421209335327,39
1,GAT,1:1,none,43,GNNShap,9253,4,0.9945864661654135,,0.0,0.8916899029823604,0.7363232374191284,0.1687333583831787,37
1,GAT,1:1,none,43,GNNShap,8432,2,0.9897744360902255,,0.0,0.9322821018695283,0.5023971796035767,0.41631361842155457,17
1,GAT,1:1,none,43,GNNShap,9416,4,0.9738345864661653,,0.0,0.9408061505419063,0.8401699662208557,0.1103438138961792,33
1,GAT,1:1,none,43,GNNShap,8454,2,0.9905263157894737,,0.0,0.9342125320939456,0.6168029308319092,-0.022375404834747314,20
1,GAT,1:1,none,43,GNNShap,8611,2,0.986315789473684,,0.0,0.951307835119094,-0.01443415880203247,0.7550565600395203,25
1,GAT,1:1,none,43,GNNShap,9425,4,0.9798496240601503,,0.0,0.8979388134697999,-0.0036299824714660645,0.6796826124191284,39
1,GAT,1:1,none,43,GNNShap,8428,2,0.9881203007518795,,0.0,0.9337459032360845,0.644838809967041,0.46975788474082947,21
1,GAT,1:1,none,43,GNNShap,9491,4,0.9604511278195487,,0.0,0.939813462627006,0.3727777600288391,0.1273786425590515,30
1,GAT,1:1,none,43,GNNShap,8736,2,0.9795488721804511,,0.0,0.9180462303398971,0.6044617891311646,0.4656098783016205,27
1,GAT,1:1,none,43,GNNShap,8772,2,0.9882706766917293,,0.0,0.9541221937393175,0.5760488510131836,0.3169437050819397,20
1,GAT,1:1,none,43,GNNShap,8599,2,0.9790977443609019,,0.0,0.9049586616361276,0.4181918501853943,0.24152871966362,23
1,GAT,1:1,none,43,GNNShap,8338,1,0.9610526315789472,,0.0,0.9090310481179941,0.019675880670547485,0.397064745426178,24
1,GAT,1:1,none,44,GNNExplainer,8161,1,0.9948872180451126,0.5277777777777778,0.0,,0.7268014550209045,-0.06563377380371094,31
1,GAT,1:1,none,44,GNNExplainer,8706,2,0.9714285714285715,0.5,0.0,,0.6977223753929138,-0.18202388286590576,19
1,GAT,1:1,none,44,GNNExplainer,8472,2,0.9652631578947368,0.375,0.0,,0.7219537496566772,-0.2561759352684021,23
1,GAT,1:1,none,44,GNNExplainer,9210,4,0.9860150375939849,0.6304347826086957,1.0,,0.8205985426902771,-0.09994059801101685,35
1,GAT,1:1,none,44,GNNExplainer,9215,4,0.9956390977443608,0.5333333333333333,1.0,,0.7233748435974121,0.22411799430847168,32
1,GAT,1:1,none,44,GNNExplainer,8849,3,0.9827067669172932,0.55,0.0,,0.7814393043518066,-0.046847760677337646,24
1,GAT,1:1,none,44,GNNExplainer,9208,4,0.9906766917293233,0.6956521739130435,1.0,,0.12674963474273682,-0.06093865633010864,32
1,GAT,1:1,none,44,GNNExplainer,8252,1,0.9822556390977443,0.5434782608695652,0.0,,0.7246648073196411,-0.07772773504257202,35
1,GAT,1:1,none,44,GNNExplainer,9430,4,0.9872180451127818,0.6458333333333334,1.0,,0.015749037265777588,-0.037807464599609375,36
1,GAT,1:1,none,44,GNNExplainer,9399,4,0.9839097744360901,0.5294117647058824,0.0,,0.7699550986289978,-0.10521894693374634,30
1,GAT,1:1,none,44,GNNExplainer,9074,3,0.9927819548872179,0.53125,0.0,,0.3102497458457947,0.0035506486892700195,29
1,GAT,1:1,none,44,GNNExplainer,9491,4,0.9842105263157894,0.5333333333333333,0.0,,0.8603013157844543,-0.05680859088897705,30
1,GAT,1:1,none,44,GNNExplainer,9301,4,0.9848120300751877,0.5454545454545454,1.0,,0.575706422328949,-0.39885634183883667,26
1,GAT,1:1,none,44,GNNExplainer,8488,2,0.9615037593984962,0.625,1.0,,0.8944081664085388,-0.044228971004486084,22
1,GAT,1:1,none,44,GNNExplainer,8979,3,0.9908270676691728,0.5869565217391305,0.0,,0.39960724115371704,-0.012964725494384766,36
1,GAT,1:1,none,44,GNNExplainer,9434,4,0.9939849624060149,0.5625,0.0,,0.14896553754806519,-0.03831684589385986,43
1,GAT,1:1,none,44,GNNExplainer,9310,4,0.9924812030075187,0.5333333333333333,0.0,,0.7908445000648499,-0.17247706651687622,34
1,GAT,1:1,none,44,GNNExplainer,8879,3,0.9938345864661653,0.5263157894736842,0.0,,0.9501293301582336,-0.006594538688659668,36
1,GAT,1:1,none,44,GNNExplainer,8633,2,0.9639097744360902,0.625,0.0,,0.4806017577648163,-0.46674656867980957,21
1,GAT,1:1,none,44,GNNExplainer,8327,1,0.9947368421052631,0.55,1.0,,0.948384165763855,-0.014912307262420654,34
1,GAT,1:1,none,44,GNNExplainer,9264,4,0.9953383458646614,0.5384615384615384,0.0,,0.8087683320045471,-0.15709036588668823,27
1,GAT,1:1,none,44,GNNExplainer,9127,3,0.9914285714285713,0.53125,0.0,,0.901604413986206,-0.016981780529022217,32
1,GAT,1:1,none,44,GNNExplainer,8266,1,0.9903759398496239,0.5277777777777778,0.0,,0.8879574537277222,-0.020737051963806152,31
1,GAT,1:1,none,44,GNNExplainer,8237,1,0.9897744360902255,0.6086956521739131,0.0,,0.8729509115219116,-0.04608088731765747,31
1,GAT,1:1,none,44,GNNExplainer,9456,4,0.9730827067669171,0.525,0.0,,0.8458983898162842,-0.12557178735733032,36
1,GAT,1:1,none,44,GNNExplainer,8049,1,0.9872180451127818,0.5294117647058824,1.0,,0.9334336519241333,-0.045181095600128174,32
1,GAT,1:1,none,44,GNNExplainer,8115,1,0.9884210526315789,0.55,0.0,,0.6343318223953247,-0.07648265361785889,28
1,GAT,1:1,none,44,GNNExplainer,9291,4,0.9781954887218044,0.55,0.0,,0.6280814409255981,-0.07204174995422363,26
1,GAT,1:1,none,44,GNNExplainer,8659,2,0.9762406015037592,0.5,0.0,,0.3471915125846863,-0.09604835510253906,21
1,GAT,1:1,none,44,GNNExplainer,8121,1,0.9848120300751878,0.55,0.0,,0.7677927613258362,-0.21541857719421387,21
1,GAT,1:1,none,44,PGExplainer,8161,1,,0.9166666666666666,,,0.26717042922973633,-0.06563377380371094,31
1,GAT,1:1,none,44,PGExplainer,8706,2,,0.5,,,-0.06154739856719971,-0.14262914657592773,19
1,GAT,1:1,none,44,PGExplainer,8472,2,,0.625,,,-0.25239837169647217,-0.26110273599624634,23
1,GAT,1:1,none,44,PGExplainer,9210,4,,0.9347826086956522,,,0.6977595686912537,0.2031095027923584,35
1,GAT,1:1,none,44,PGExplainer,9215,4,,0.9333333333333333,,,0.72957444190979,0.2241179347038269,32
1,GAT,1:1,none,44,PGExplainer,8849,3,,0.8000000000000002,,,0.36167609691619873,-0.015617430210113525,24
1,GAT,1:1,none,44,PGExplainer,9208,4,,0.9347826086956522,,,0.6624323129653931,-0.06093865633010864,32
1,GAT,1:1,none,44,PGExplainer,8252,1,,0.8913043478260869,,,0.20418208837509155,0.07762527465820312,35
1,GAT,1:1,none,44,PGExplainer,9430,4,,0.9166666666666666,,,0.09939301013946533,-0.037807464599609375,36
1,GAT,1:1,none,44,PGExplainer,9399,4,,0.9117647058823528,,,0.2958388924598694,0.028623759746551514,30
1,GAT,1:1,none,44,PGExplainer,9074,3,,0.875,,,-0.006763339042663574,0.0035506486892700195,29
1,GAT,1:1,none,44,PGExplainer,9491,4,,0.8666666666666667,,,0.058406710624694824,-0.04528611898422241,30
1,GAT,1:1,none,44,PGExplainer,9301,4,,0.9090909090909091,,,0.15575721859931946,-0.3027486801147461,26
1,GAT,1:1,none,44,PGExplainer,8488,2,,0.5,,,0.6760408878326416,-0.04433983564376831,22
1,GAT,1:1,none,44,PGExplainer,8979,3,,0.9130434782608695,,,-0.004626870155334473,-0.012964725494384766,36
1,GAT,1:1,none,44,PGExplainer,9434,4,,0.9375,,,0.514652669429779,-0.03831684589385986,43
1,GAT,1:1,none,44,PGExplainer,9310,4,,0.8666666666666667,,,0.5145371556282043,-0.0874369740486145,34
1,GAT,1:1,none,44,PGExplainer,8879,3,,0.9210526315789473,,,-0.008436203002929688,0.006025195121765137,36
1,GAT,1:1,none,44,PGExplainer,8633,2,,0.5,,,0.05993106961250305,-0.46581965684890747,21
1,GAT,1:1,none,44,PGExplainer,8327,1,,0.925,,,-0.007700741291046143,-0.013193786144256592,34
1,GAT,1:1,none,44,PGExplainer,9264,4,,0.8461538461538461,,,0.01972663402557373,-0.12570905685424805,27
1,GAT,1:1,none,44,PGExplainer,9127,3,,0.84375,,,0.06257504224777222,-0.016981780529022217,32
1,GAT,1:1,none,44,PGExplainer,8266,1,,0.9166666666666666,,,0.24362033605575562,0.08571958541870117,31
1,GAT,1:1,none,44,PGExplainer,8237,1,,0.9130434782608695,,,0.4292427599430084,-0.07987070083618164,31
1,GAT,1:1,none,44,PGExplainer,9456,4,,0.925,,,0.7657586932182312,-0.03515136241912842,36
1,GAT,1:1,none,44,PGExplainer,8049,1,,0.9117647058823528,,,0.4819486141204834,0.14561504125595093,32
1,GAT,1:1,none,44,PGExplainer,8115,1,,0.8000000000000002,,,0.18330025672912598,0.014716267585754395,28
1,GAT,1:1,none,44,PGExplainer,9291,4,,0.9,,,0.4135461747646332,-0.07204186916351318,26
1,GAT,1:1,none,44,PGExplainer,8659,2,,0.375,,,-0.10160219669342041,-0.09604847431182861,21
1,GAT,1:1,none,44,PGExplainer,8121,1,,0.8000000000000002,,,0.6668888926506042,-0.1873874068260193,21
1,GAT,1:1,none,44,GNNShap,8161,1,0.9769924812030075,,0.0,0.9623261113514763,0.5599134564399719,0.4094054400920868,31
1,GAT,1:1,none,44,GNNShap,8706,2,0.9538345864661654,,1.0,0.9551250863794744,0.03895491361618042,0.5830042958259583,19
1,GAT,1:1,none,44,GNNShap,8472,2,0.9897744360902255,,0.0,0.9180457258905683,0.6945253610610962,0.6505650281906128,23
1,GAT,1:1,none,44,GNNShap,9210,4,0.9699248120300752,,0.0,0.8656970245407887,0.5502095222473145,0.7530055046081543,35
1,GAT,1:1,none,44,GNNShap,9215,4,0.9547368421052631,,0.0,0.8392489041930205,0.12661272287368774,0.8242099285125732,32
1,GAT,1:1,none,44,GNNShap,8849,3,0.9762406015037592,,0.0,0.9347936191640629,0.30973535776138306,0.7434417009353638,24
1,GAT,1:1,none,44,GNNShap,9208,4,0.9846616541353385,,0.0,0.9519037729696738,0.5376939177513123,0.6947575807571411,32
1,GAT,1:1,none,44,GNNShap,8252,1,0.95203007518797,,0.0,0.954545561213061,0.08138442039489746,0.8667920231819153,35
1,GAT,1:1,none,44,GNNShap,9430,4,0.9849624060150374,,0.0,0.9304542570158132,0.15191274881362915,0.8270070552825928,36
1,GAT,1:1,none,44,GNNShap,9399,4,0.9852631578947367,,1.0,0.879058787212989,0.19205451011657715,0.7609873414039612,30
1,GAT,1:1,none,44,GNNShap,9074,3,0.9615037593984962,,0.0,0.9373571601675318,0.6435476541519165,0.7975878715515137,29
1,GAT,1:1,none,44,GNNShap,9491,4,0.9484210526315788,,0.0,0.9517763604245346,0.7092102766036987,0.1995583176612854,30
1,GAT,1:1,none,44,GNNShap,9301,4,0.9735338345864661,,0.0,0.9584234751018457,0.5790957808494568,-0.222243070602417,26
1,GAT,1:1,none,44,GNNShap,8488,2,0.9415037593984961,,0.0,0.9317811647531548,0.6164804697036743,0.8547119498252869,22
1,GAT,1:1,none,44,GNNShap,8979,3,0.9646616541353381,,0.0,0.9639383474406242,0.611565351486206,0.17684710025787354,36
1,GAT,1:1,none,44,GNNShap,9434,4,0.9902255639097743,,0.0,0.9638864613064714,0.6979637145996094,0.7843976616859436,43
1,GAT,1:1,none,44,GNNShap,9310,4,0.9499248120300751,,0.0,0.9775088063136371,0.8125626444816589,-0.019939422607421875,34
1,GAT,1:1,none,44,GNNShap,8879,3,0.9479699248120301,,0.0,0.9044842383171166,0.139673113822937,0.9557564854621887,36
1,GAT,1:1,none,44,GNNShap,8633,2,0.9696240601503756,,1.0,0.9520949876448783,0.2293681800365448,0.29830920696258545,21
1,GAT,1:1,none,44,GNNShap,8327,1,0.9843609022556388,,1.0,0.9243193135965179,0.17522001266479492,0.8630876541137695,34
1,GAT,1:1,none,44,GNNShap,9264,4,0.9854135338345863,,1.0,0.9429456813159206,0.3000190854072571,0.743756890296936,27
1,GAT,1:1,none,44,GNNShap,9127,3,0.9622556390977444,,0.0,0.9271277493809684,0.9081723690032959,-0.012488603591918945,32
1,GAT,1:1,none,44,GNNShap,8266,1,0.9804511278195488,,0.0,0.9276466893798906,0.7554779052734375,0.8185792565345764,31
1,GAT,1:1,none,44,GNNShap,8237,1,0.9824060150375938,,1.0,0.9178672503173765,0.7931725382804871,-0.004100680351257324,31
1,GAT,1:1,none,44,GNNShap,9456,4,0.9875187969924809,,0.0,0.9209954461039664,0.2526676058769226,0.6914591193199158,36
1,GAT,1:1,none,44,GNNShap,8049,1,0.9745864661654136,,0.0,0.9138400383098318,0.49642789363861084,0.4744313359260559,32
1,GAT,1:1,none,44,GNNShap,8115,1,0.963609022556391,,0.0,0.9047008793658156,0.7094990611076355,0.2335348129272461,28
1,GAT,1:1,none,44,GNNShap,9291,4,0.9538345864661654,,0.0,0.9663057502071599,0.6560441851615906,0.8288596868515015,26
1,GAT,1:1,none,44,GNNShap,8659,2,0.9792481203007517,,0.0,0.9445690643087795,-0.03431844711303711,0.8650968670845032,21
1,GAT,1:1,none,44,GNNShap,8121,1,0.9681203007518796,,0.0,0.9287403995453903,0.48817598819732666,0.7092701196670532,21
1,GAT,natural,none,42,GNNExplainer,8291,1,0.9798496240601503,0.5263157894736842,1.0,,0.686347246170044,-0.05981987714767456,35
1,GAT,natural,none,42,GNNExplainer,9210,4,0.9945864661654135,0.6304347826086957,1.0,,0.44553861021995544,0.21830344200134277,35
1,GAT,natural,none,42,GNNExplainer,8871,3,0.9941353383458645,0.5476190476190477,0.0,,0.5735617876052856,-0.0724724531173706,32
1,GAT,natural,none,42,GNNExplainer,9248,4,0.9699248120300752,0.625,1.0,,0.7423878312110901,-0.0883442759513855,40
1,GAT,natural,none,42,GNNExplainer,9093,3,0.9893233082706765,0.5384615384615384,0.0,,0.8426410555839539,-0.1452750563621521,29
1,GAT,natural,none,42,GNNExplainer,9302,4,0.9714285714285713,0.5454545454545454,1.0,,0.6277788877487183,-0.3470025658607483,26
1,GAT,natural,none,42,GNNExplainer,8071,1,0.980751879699248,0.5238095238095238,1.0,,0.723501443862915,-0.1389053463935852,38
1,GAT,natural,none,42,GNNExplainer,8094,1,0.9825563909774434,0.5666666666666667,1.0,,0.7686501741409302,-0.1877327561378479,29
1,GAT,natural,none,42,GNNExplainer,8082,1,0.986766917293233,0.53125,1.0,,0.6678372621536255,-0.02616751194000244,29
1,GAT,natural,none,42,GNNExplainer,8049,1,0.9566917293233083,0.5294117647058824,1.0,,0.7077920436859131,0.18215662240982056,32
1,GAT,natural,none,42,GNNExplainer,8879,3,0.9833082706766916,0.5263157894736842,0.0,,0.9176772236824036,-0.034422457218170166,36
1,GAT,natural,none,42,GNNExplainer,9083,3,0.9918796992481204,0.53125,0.0,,0.9075102806091309,-0.06497108936309814,33
1,GAT,natural,none,42,GNNExplainer,8739,2,0.9786466165413532,0.375,0.0,,-0.07993918657302856,-0.0009117722511291504,22
1,GAT,natural,none,42,GNNExplainer,8630,2,0.9338345864661652,0.5,1.0,,0.5165573954582214,-0.39219802618026733,26
1,GAT,natural,none,42,GNNExplainer,9310,4,0.9954887218045112,0.5333333333333333,1.0,,0.5728181600570679,-0.15377289056777954,34
1,GAT,natural,none,42,GNNExplainer,8204,1,0.9738345864661653,0.5357142857142857,0.0,,0.5172001123428345,-0.08259415626525879,33
1,GAT,natural,none,42,GNNExplainer,9253,4,0.9897744360902255,0.6458333333333334,1.0,,0.3221436142921448,0.4316037893295288,37
1,GAT,natural,none,42,GNNExplainer,8848,3,0.984812030075188,0.55,0.0,,0.49424269795417786,-0.4771537780761719,24
1,GAT,natural,none,42,GNNExplainer,9077,3,0.9890225563909774,0.53125,0.0,,0.9026521444320679,-0.06223142147064209,33
1,GAT,natural,none,42,GNNExplainer,8796,2,0.9822556390977443,0.25,0.0,,0.5167903900146484,-0.4618321657180786,32
1,GAT,natural,none,42,GNNExplainer,9337,4,0.9854135338345863,0.575,1.0,,0.42877474427223206,0.09471338987350464,33
1,GAT,natural,none,42,GNNExplainer,9207,4,0.9935338345864662,0.5652173913043478,1.0,,0.6566663980484009,-0.23488420248031616,41
1,GAT,natural,none,42,GNNExplainer,9119,3,0.985563909774436,0.53125,0.0,,0.8519642353057861,-0.0009095072746276855,31
1,GAT,natural,none,42,GNNExplainer,8980,3,0.9893233082706768,0.5217391304347826,0.0,,0.9362674951553345,-0.048596739768981934,45
1,GAT,natural,none,42,GNNExplainer,8741,2,0.976390977443609,0.5,0.0,,0.750325083732605,-0.09971702098846436,27
1,GAT,natural,none,42,GNNExplainer,9103,3,0.9917293233082706,0.5384615384615384,0.0,,0.632796049118042,-0.3194913864135742,33
1,GAT,natural,none,42,GNNExplainer,8139,1,0.9664661654135338,0.717391304347826,0.0,,-0.14678817987442017,-0.19482296705245972,83
1,GAT,natural,none,42,GNNExplainer,9343,4,0.9702255639097743,0.525,1.0,,0.5748482346534729,-0.16335058212280273,39
1,GAT,natural,none,42,GNNExplainer,8436,2,0.9816541353383459,0.375,0.0,,0.32556331157684326,-0.322051465511322,21
1,GAT,natural,none,42,GNNExplainer,9227,4,0.9822556390977443,0.5333333333333333,1.0,,0.5988897085189819,0.10603278875350952,30
1,GAT,natural,none,42,PGExplainer,8291,1,,0.3157894736842105,,,-0.11720502376556396,0.7615661025047302,35
1,GAT,natural,none,42,PGExplainer,9210,4,,0.5869565217391305,,,0.2183033525943756,0.698418140411377,35
1,GAT,natural,none,42,PGExplainer,8871,3,,0.7857142857142857,,,-0.0724724531173706,0.4168814420700073,32
1,GAT,natural,none,42,PGExplainer,9248,4,,0.4166666666666667,,,-0.19721168279647827,0.7381609082221985,40
1,GAT,natural,none,42,PGExplainer,9093,3,,0.6538461538461539,,,-0.14527493715286255,0.8478500843048096,29
1,GAT,natural,none,42,PGExplainer,9302,4,,0.22727272727272727,,,-0.34703338146209717,0.6357682347297668,26
1,GAT,natural,none,42,PGExplainer,8071,1,,0.21428571428571427,,,-0.17098873853683472,0.7617218494415283,38
1,GAT,natural,none,42,PGExplainer,8094,1,,0.10000000000000002,,,-0.1882004737854004,0.7306138277053833,29
1,GAT,natural,none,42,PGExplainer,8082,1,,0.1875,,,-0.19894975423812866,0.6760604977607727,29
1,GAT,natural,none,42,PGExplainer,8049,1,,0.11764705882352941,,,0.05068761110305786,0.7104054689407349,32
1,GAT,natural,none,42,PGExplainer,8879,3,,0.42105263157894735,,,-0.04924100637435913,0.9156656861305237,36
1,GAT,natural,none,42,PGExplainer,9083,3,,0.46875,,,-0.06132012605667114,0.9118175506591797,33
1,GAT,natural,none,42,PGExplainer,8739,2,,0.0,,,-0.008412718772888184,0.7045817971229553,22
1,GAT,natural,none,42,PGExplainer,8630,2,,0.0,,,-0.4119783043861389,-0.007615268230438232,26
1,GAT,natural,none,42,PGExplainer,9310,4,,0.7333333333333333,,,-0.15377289056777954,0.5235618352890015,34
1,GAT,natural,none,42,PGExplainer,8204,1,,0.17857142857142858,,,-0.37129223346710205,0.4983040988445282,33
1,GAT,natural,none,42,PGExplainer,9253,4,,0.4791666666666667,,,-0.0762818455696106,0.7647525072097778,37
1,GAT,natural,none,42,PGExplainer,8848,3,,0.55,,,-0.033412396907806396,-0.1762683391571045,24
1,GAT,natural,none,42,PGExplainer,9077,3,,0.6875,,,-0.053960204124450684,0.9031462073326111,33
1,GAT,natural,none,42,PGExplainer,8796,2,,0.25,,,-0.4593045115470886,0.4999261796474457,32
1,GAT,natural,none,42,PGExplainer,9337,4,,0.4000000000000001,,,-0.13912749290466309,0.6427103877067566,33
1,GAT,natural,none,42,PGExplainer,9207,4,,0.32608695652173914,,,-0.2700209617614746,0.692962110042572,41
1,GAT,natural,none,42,PGExplainer,9119,3,,0.53125,,,-0.0009094476699829102,0.9173327684402466,31
1,GAT,natural,none,42,PGExplainer,8980,3,,0.6086956521739131,,,-0.04428541660308838,0.9288970828056335,45
1,GAT,natural,none,42,PGExplainer,8741,2,,0.16666666666666666,,,-0.09877115488052368,0.02775275707244873,27
1,GAT,natural,none,42,PGExplainer,9103,3,,0.5384615384615384,,,-0.31949132680892944,-0.02380126714706421,33
1,GAT,natural,none,42,PGExplainer,8139,1,,0.5434782608695652,,,-0.07643234729766846,-0.260590136051178,83
1,GAT,natural,none,42,PGExplainer,9343,4,,0.25,,,-0.2805095314979553,0.6065410375595093,39
1,GAT,natural,none,42,PGExplainer,8436,2,,0.125,,,-0.41497504711151123,0.5326984524726868,21
1,GAT,natural,none,42,PGExplainer,9227,4,,0.4666666666666667,,,-0.2683250904083252,0.6639824509620667,30
1,GAT,natural,none,42,GNNShap,8291,1,0.9593984962406015,,1.0,0.9712914579134772,0.7194191813468933,0.10441678762435913,35
1,GAT,natural,none,42,GNNShap,9210,4,0.9628571428571426,,0.0,0.9130974201695192,3.826618194580078e-05,0.6863819360733032,35
1,GAT,natural,none,42,GNNShap,8871,3,0.9777443609022555,,0.0,0.9562963738414565,0.37053024768829346,0.9059405326843262,32
1,GAT,natural,none,42,GNNShap,9248,4,0.9612030075187971,,1.0,0.9505009874877816,0.2651529312133789,0.7479350566864014,40
1,GAT,natural,none,42,GNNShap,9093,3,0.9560902255639097,,0.0,0.9604540915712649,0.7834498286247253,0.5945544242858887,29
1,GAT,natural,none,42,GNNShap,9302,4,0.9768421052631577,,0.0,0.9489347071633087,0.178198903799057,0.6198123693466187,26
1,GAT,natural,none,42,GNNShap,8071,1,0.9875187969924811,,0.0,0.9446587031345324,0.5364810228347778,0.10962700843811035,38
1,GAT,natural,none,42,GNNShap,8094,1,0.9951879699248118,,0.0,0.9534754751281211,0.7243145108222961,0.11367982625961304,29
1,GAT,natural,none,42,GNNShap,8082,1,0.9810526315789474,,0.0,0.9332654118780749,0.5472582578659058,0.19396033883094788,29
1,GAT,natural,none,42,GNNShap,8049,1,0.9622556390977444,,0.0,0.9469176939272341,-0.03192317485809326,0.7414410710334778,32
1,GAT,natural,none,42,GNNShap,8879,3,0.9792481203007519,,0.0,0.9460540296503442,0.877833366394043,0.005810260772705078,36
1,GAT,natural,none,42,GNNShap,9083,3,0.9757894736842105,,0.0,0.9632072591539222,0.866874635219574,0.002737879753112793,33
1,GAT,natural,none,42,GNNShap,8739,2,0.9687218045112782,,0.0,0.9373996190819268,0.3189433217048645,0.8634517788887024,22
1,GAT,natural,none,42,GNNShap,8630,2,0.9344360902255637,,0.0,0.9569381302893039,-0.21142125129699707,0.5692729353904724,26
1,GAT,natural,none,42,GNNShap,9310,4,0.9676691729323308,,0.0,0.9636495351677521,0.47728630900382996,0.4605482816696167,34
1,GAT,natural,none,42,GNNShap,8204,1,0.9803007518796992,,0.0,0.8917604314598776,0.29450637102127075,0.5092188715934753,33
1,GAT,natural,none,42,GNNShap,9253,4,0.9721804511278194,,0.0,0.9358646879444354,0.19033050537109375,0.7602938413619995,37
1,GAT,natural,none,42,GNNShap,8848,3,0.9876691729323307,,0.0,0.9587545143026986,0.22131609916687012,0.4688379466533661,24
1,GAT,natural,none,42,GNNShap,9077,3,0.9936842105263157,,0.0,0.9548741260088199,0.7162265181541443,0.06562328338623047,33
1,GAT,natural,none,42,GNNShap,8796,2,0.9082706766917292,,1.0,0.9781053317597193,0.41087424755096436,0.5232768058776855,32
1,GAT,natural,none,42,GNNShap,9337,4,0.9893233082706766,,0.0,0.9566096328632853,0.4279055893421173,0.20097678899765015,33
1,GAT,natural,none,42,GNNShap,9207,4,0.9917293233082708,,1.0,0.9194786077554813,0.18030881881713867,0.6834017038345337,41
1,GAT,natural,none,42,GNNShap,9119,3,0.9848120300751878,,0.0,0.9679532053664758,0.8593668937683105,-0.0020149946212768555,31
1,GAT,natural,none,42,GNNShap,8980,3,0.9840601503759396,,0.0,0.9780652150468209,0.1507943868637085,0.9430046677589417,45
1,GAT,natural,none,42,GNNShap,8741,2,0.95203007518797,,0.0,0.9678486061772006,0.8442793488502502,0.14231258630752563,27
1,GAT,natural,none,42,GNNShap,9103,3,0.988721804511278,,0.0,0.9644171659693498,0.1644449532032013,0.6430009007453918,33
1,GAT,natural,none,42,GNNShap,8139,1,0.8796992481203005,,0.0,0.9675311505021916,0.5139284729957581,0.3376937508583069,83
1,GAT,natural,none,42,GNNShap,9343,4,0.9622556390977441,,1.0,0.9233138288393224,-0.06928354501724243,0.638552188873291,39
1,GAT,natural,none,42,GNNShap,8436,2,0.9825563909774434,,0.0,0.919412874566178,0.507910966873169,0.09162059426307678,21
1,GAT,natural,none,42,GNNShap,9227,4,0.9670676691729323,,0.0,0.9448023101017788,0.6275655031204224,0.07206177711486816,30
1,GAT,natural,none,43,GNNExplainer,8050,1,0.988721804511278,0.5588235294117647,1.0,,0.48028257489204407,-0.054216623306274414,30
1,GAT,natural,none,43,GNNExplainer,8761,2,0.9787969924812028,0.5,0.0,,0.5529837012290955,-0.42255574464797974,30
1,GAT,natural,none,43,GNNExplainer,8977,3,0.9750375939849623,0.5217391304347826,0.0,,0.9043752551078796,-0.03899848461151123,39
1,GAT,natural,none,43,GNNExplainer,9119,3,0.9909774436090226,0.53125,0.0,,0.7142137289047241,-0.11924445629119873,31
1,GAT,natural,none,43,GNNExplainer,9489,4,0.9890225563909774,0.5333333333333333,1.0,,0.8373968005180359,-0.07600581645965576,33
1,GAT,natural,none,43,GNNExplainer,8954,3,0.9696240601503758,0.5333333333333333,0.0,,0.8151611685752869,-0.026709556579589844,32
1,GAT,natural,none,43,GNNExplainer,8616,2,0.9651127819548873,0.0,0.0,,0.007586002349853516,-0.31975799798965454,24
1,GAT,natural,none,43,GNNExplainer,8901,3,0.9772932330827067,0.5,0.0,,0.8415917754173279,-0.11781525611877441,40
1,GAT,natural,none,43,GNNExplainer,9287,4,0.9873684210526313,0.55,1.0,,0.8188737034797668,-0.14341479539871216,23
1,GAT,natural,none,43,GNNExplainer,9322,4,0.9905263157894735,0.5333333333333333,1.0,,0.7164793610572815,-0.13990306854248047,32
1,GAT,natural,none,43,GNNExplainer,8365,2,0.9356390977443608,0.375,0.0,,0.506904125213623,-0.44124943017959595,20
1,GAT,natural,none,43,GNNExplainer,8082,1,0.9828571428571428,0.53125,1.0,,0.6688616871833801,-0.07875514030456543,29
1,GAT,natural,none,43,GNNExplainer,9388,4,0.991127819548872,0.5294117647058824,1.0,,0.7496265769004822,-0.21994507312774658,33
1,GAT,natural,none,43,GNNExplainer,8170,1,0.9854135338345864,0.5277777777777778,1.0,,0.6376870274543762,0.30230653285980225,33
1,GAT,natural,none,43,GNNExplainer,8218,1,0.989172932330827,0.5333333333333333,1.0,,0.4615151286125183,-0.0013794302940368652,25
1,GAT,natural,none,43,GNNExplainer,8310,1,0.9929323308270677,0.5277777777777778,1.0,,0.6005260348320007,-0.10960489511489868,33
1,GAT,natural,none,43,GNNExplainer,9250,4,0.986766917293233,0.5625,1.0,,0.03322446346282959,0.20457351207733154,43
1,GAT,natural,none,43,GNNExplainer,8755,2,0.9681203007518796,0.375,1.0,,0.6026833653450012,-0.3692220449447632,23
1,GAT,natural,none,43,GNNExplainer,9433,4,0.9882706766917291,0.6666666666666666,1.0,,0.050793349742889404,0.11602061986923218,35
1,GAT,natural,none,43,GNNExplainer,8871,3,0.9676691729323308,0.5476190476190477,0.0,,0.6085885167121887,-0.04590219259262085,32
1,GAT,natural,none,43,GNNExplainer,8857,3,0.983157894736842,0.5238095238095238,0.0,,0.8666955828666687,0.009775519371032715,36
1,GAT,natural,none,43,GNNExplainer,8117,1,0.9670676691729321,0.55,1.0,,0.7197004556655884,-0.16179347038269043,25
1,GAT,natural,none,43,GNNExplainer,8736,2,0.9857142857142855,0.375,0.0,,0.06584411859512329,-0.3796731233596802,27
1,GAT,natural,none,43,GNNExplainer,9103,3,0.986766917293233,0.5384615384615384,0.0,,0.8248319625854492,-0.13918226957321167,33
1,GAT,natural,none,43,GNNExplainer,9127,3,0.9718796992481202,0.53125,0.0,,0.9196706414222717,0.02024686336517334,32
1,GAT,natural,none,43,GNNExplainer,9116,3,0.9621052631578946,0.53125,0.0,,0.8792542219161987,-0.019666194915771484,35
1,GAT,natural,none,43,GNNExplainer,9367,4,0.9717293233082707,0.5384615384615384,0.0,,0.7388551831245422,-0.221360445022583,27
1,GAT,natural,none,43,GNNExplainer,8593,2,0.9801503759398497,0.625,0.0,,0.6107951402664185,-0.12437665462493896,24
1,GAT,natural,none,43,GNNExplainer,8488,2,0.9839097744360903,0.375,0.0,,0.6986203789710999,-0.25573790073394775,22
1,GAT,natural,none,43,GNNExplainer,8887,3,0.9765413533834584,0.5263157894736842,0.0,,0.7787899971008301,-0.040966808795928955,32
1,GAT,natural,none,43,PGExplainer,8050,1,,0.8823529411764706,,,0.029523372650146484,0.8565171360969543,30
1,GAT,natural,none,43,PGExplainer,8761,2,,0.25,,,0.3958752155303955,-0.1983359456062317,30
1,GAT,natural,none,43,PGExplainer,8977,3,,0.8695652173913043,,,0.9126729369163513,0.846630871295929,39
1,GAT,natural,none,43,PGExplainer,9119,3,,0.6875,,,-0.08603054285049438,0.7843295335769653,31
1,GAT,natural,none,43,PGExplainer,9489,4,,0.9,,,-0.08975768089294434,-0.057288408279418945,33
1,GAT,natural,none,43,PGExplainer,8954,3,,0.7333333333333333,,,0.797057569026947,0.6752679944038391,32
1,GAT,natural,none,43,PGExplainer,8616,2,,0.6666666666666666,,,0.44348517060279846,-0.3125647306442261,24
1,GAT,natural,none,43,PGExplainer,8901,3,,0.7333333333333333,,,0.8216720223426819,0.8484526872634888,40
1,GAT,natural,none,43,PGExplainer,9287,4,,0.85,,,0.3701355457305908,0.23960644006729126,23
1,GAT,natural,none,43,PGExplainer,9322,4,,0.9,,,0.603558361530304,0.1807904839515686,32
1,GAT,natural,none,43,PGExplainer,8365,2,,0.625,,,-0.25550609827041626,-0.44124937057495117,20
1,GAT,natural,none,43,PGExplainer,8082,1,,0.90625,,,0.0,-0.0787551999092102,29
1,GAT,natural,none,43,PGExplainer,9388,4,,0.9117647058823528,,,0.7112004160881042,-0.04573965072631836,33
1,GAT,natural,none,43,PGExplainer,8170,1,,0.9166666666666666,,,0.0,0.30230647325515747,33
1,GAT,natural,none,43,PGExplainer,8218,1,,0.9666666666666667,,,0.3225257694721222,-0.0013794898986816406,25
1,GAT,natural,none,43,PGExplainer,8310,1,,0.8888888888888888,,,0.6401020884513855,-0.3363124132156372,33
1,GAT,natural,none,43,PGExplainer,9250,4,,0.9375,,,0.0,0.20457345247268677,43
1,GAT,natural,none,43,PGExplainer,8755,2,,0.5,,,0.41625887155532837,-0.35771000385284424,23
1,GAT,natural,none,43,PGExplainer,9433,4,,0.9375,,,0.01065903902053833,0.11602044105529785,35
1,GAT,natural,none,43,PGExplainer,8871,3,,0.8333333333333334,,,0.0,-0.04590219259262085,32
1,GAT,natural,none,43,PGExplainer,8857,3,,0.7857142857142857,,,-0.0013426542282104492,0.47805073857307434,36
1,GAT,natural,none,43,PGExplainer,8117,1,,0.75,,,-0.21910303831100464,0.09753447771072388,25
1,GAT,natural,none,43,PGExplainer,8736,2,,0.5,,,0.1390649378299713,-0.3695021867752075,27
1,GAT,natural,none,43,PGExplainer,9103,3,,0.7692307692307693,,,0.7437212467193604,0.8221989274024963,33
1,GAT,natural,none,43,PGExplainer,9127,3,,0.78125,,,0.0,0.020247042179107666,32
1,GAT,natural,none,43,PGExplainer,9116,3,,0.71875,,,-0.002907872200012207,0.7876167297363281,35
1,GAT,natural,none,43,PGExplainer,9367,4,,0.8846153846153846,,,-0.1170303225517273,0.004108607769012451,27
1,GAT,natural,none,43,PGExplainer,8593,2,,0.375,,,-0.11667740345001221,-0.10910016298294067,24
1,GAT,natural,none,43,PGExplainer,8488,2,,0.25,,,-0.24521684646606445,-0.23701804876327515,22
1,GAT,natural,none,43,PGExplainer,8887,3,,0.8421052631578947,,,0.0,-0.040966808795928955,32
1,GAT,natural,none,43,GNNShap,8050,1,0.963157894736842,,0.0,0.9643937717240381,0.7862107753753662,0.30974411964416504,30
1,GAT,natural,none,43,GNNShap,8761,2,0.9454135338345864,,0.0,0.9814576114061271,0.4921688437461853,0.2878146469593048,30
1,GAT,natural,none,43,GNNShap,8977,3,0.9654135338345864,,0.0,0.9568810856850174,0.8392854332923889,0.06264108419418335,39
1,GAT,natural,none,43,GNNShap,9119,3,0.9796992481203007,,0.0,0.9699379469300554,0.7107838988304138,0.15641248226165771,31
1,GAT,natural,none,43,GNNShap,9489,4,0.9503759398496241,,0.0,0.8887611121960276,0.39727193117141724,0.8668109178543091,33
1,GAT,natural,none,43,GNNShap,8954,3,0.9237593984962406,,1.0,0.9673226894946365,0.22419339418411255,0.9044957160949707,32
1,GAT,natural,none,43,GNNShap,8616,2,0.9750375939849623,,1.0,0.9551489227655061,0.6218125224113464,-0.08057922124862671,24
1,GAT,natural,none,43,GNNShap,8901,3,0.980751879699248,,0.0,0.9685285658953487,-0.06745648384094238,0.8436747193336487,40
1,GAT,natural,none,43,GNNShap,9287,4,0.9726315789473684,,0.0,0.9435327447725065,0.8073127269744873,0.40913695096969604,23
1,GAT,natural,none,43,GNNShap,9322,4,0.9609022556390976,,0.0,0.9430521733341068,0.04038280248641968,0.7253228425979614,32
1,GAT,natural,none,43,GNNShap,8365,2,0.993984962406015,,1.0,0.9655810981581825,0.1875419318675995,0.47336646914482117,20
1,GAT,natural,none,43,GNNShap,8082,1,0.9082706766917292,,1.0,0.9464906178544382,0.6116437315940857,0.11365330219268799,29
1,GAT,natural,none,43,GNNShap,9388,4,0.9645112781954888,,0.0,0.9365415745617561,-0.0594639778137207,0.7412733435630798,33
1,GAT,natural,none,43,GNNShap,8170,1,0.9774436090225563,,0.0,0.9476286631933615,0.6691763401031494,0.16123193502426147,33
1,GAT,natural,none,43,GNNShap,8218,1,0.9681203007518796,,1.0,0.9458025178761359,0.21789094805717468,0.4999659061431885,25
1,GAT,natural,none,43,GNNShap,8310,1,0.9881203007518795,,0.0,0.9537647606872757,0.605564296245575,0.23433515429496765,33
1,GAT,natural,none,43,GNNShap,9250,4,0.9409022556390976,,1.0,0.9232048134007451,-0.017766058444976807,0.781159520149231,43
1,GAT,natural,none,43,GNNShap,8755,2,0.9717293233082707,,1.0,0.9552693632564984,0.581881582736969,-0.08268827199935913,23
1,GAT,natural,none,43,GNNShap,9433,4,0.9912781954887218,,0.0,0.9519641580094518,0.18177014589309692,0.8178052306175232,35
1,GAT,natural,none,43,GNNShap,8871,3,0.9590977443609022,,0.0,0.9676217247803451,0.383861780166626,0.8049328327178955,32
1,GAT,natural,none,43,GNNShap,8857,3,0.986766917293233,,1.0,0.9570833417741674,0.33611756563186646,0.8856685757637024,36
1,GAT,natural,none,43,GNNShap,8117,1,0.9879699248120299,,0.0,0.9358427856600742,0.21820831298828125,0.7732647657394409,25
1,GAT,natural,none,43,GNNShap,8736,2,0.9780451127819548,,1.0,0.9725844100911187,0.5072847604751587,0.14977937936782837,27
1,GAT,natural,none,43,GNNShap,9103,3,0.9792481203007519,,0.0,0.9811701094451832,0.16288620233535767,0.8197426795959473,33
1,GAT,natural,none,43,GNNShap,9127,3,0.9828571428571428,,1.0,0.9511273824840037,0.4999062120914459,0.8427819013595581,32
1,GAT,natural,none,43,GNNShap,9116,3,0.9902255639097743,,0.0,0.9569994082087374,0.9180407524108887,0.050892531871795654,35
1,GAT,natural,none,43,GNNShap,9367,4,0.9496240601503759,,0.0,0.9398155593299803,0.6891830563545227,0.390342652797699,27
1,GAT,natural,none,43,GNNShap,8593,2,0.9954887218045112,,1.0,0.9640566246154065,0.8511726260185242,-0.03750640153884888,24
1,GAT,natural,none,43,GNNShap,8488,2,0.9690225563909773,,0.0,0.9584587569167903,0.6913210153579712,0.15210765600204468,22
1,GAT,natural,none,43,GNNShap,8887,3,0.9640601503759397,,0.0,0.9779023910880982,0.42736804485321045,0.8110202550888062,32
1,GAT,natural,none,44,GNNExplainer,9444,4,0.9905263157894735,0.6458333333333334,1.0,,0.073891282081604,0.022988438606262207,39
1,GAT,natural,none,44,GNNExplainer,8507,2,0.9774436090225562,0.75,0.0,,0.591665506362915,-0.29395782947540283,19
1,GAT,natural,none,44,GNNExplainer,8049,1,0.9839097744360901,0.5294117647058824,1.0,,0.5363293886184692,-0.3913312554359436,32
1,GAT,natural,none,44,GNNExplainer,9337,4,0.9896240601503757,0.575,1.0,,0.44068828225135803,-0.03297239542007446,33
1,GAT,natural,none,44,GNNExplainer,8071,1,0.9938345864661654,0.5238095238095238,1.0,,0.8547224998474121,-0.08951759338378906,38
1,GAT,natural,none,44,GNNExplainer,9371,4,0.9879699248120299,0.5384615384615384,0.0,,0.6510769724845886,-0.3395999073982239,28
1,GAT,natural,none,44,GNNExplainer,8146,1,0.9869172932330826,0.5652173913043478,1.0,,0.7226004600524902,-0.1940094232559204,35
1,GAT,natural,none,44,GNNExplainer,9344,4,0.9688721804511278,0.6153846153846154,0.0,,0.23373526334762573,-0.18023008108139038,69
1,GAT,natural,none,44,GNNExplainer,9131,3,0.9809022556390976,0.5333333333333333,0.0,,0.7606853246688843,-0.18653827905654907,35
1,GAT,natural,none,44,GNNExplainer,8973,3,0.9787969924812028,0.5217391304347826,0.0,,0.8325814008712769,-0.08366549015045166,39
1,GAT,natural,none,44,GNNExplainer,9446,4,0.9801503759398494,0.7,0.0,,0.2344951629638672,-0.37045586109161377,87
1,GAT,natural,none,44,GNNExplainer,8115,1,0.9830075187969924,0.55,1.0,,0.4478633999824524,-0.22217577695846558,28
1,GAT,natural,none,44,GNNExplainer,8796,2,0.9833082706766916,0.375,0.0,,0.7425726652145386,-0.24157434701919556,32
1,GAT,natural,none,44,GNNExplainer,9250,4,0.9945864661654135,0.5625,1.0,,0.8237681984901428,-0.159143328666687,43
1,GAT,natural,none,44,GNNExplainer,9468,4,0.9864661654135338,0.53125,1.0,,0.853256344795227,-0.112754225730896,28
1,GAT,natural,none,44,GNNExplainer,9023,3,0.9920300751879697,0.5277777777777778,0.0,,0.8275982737541199,-0.13788121938705444,30
1,GAT,natural,none,44,GNNExplainer,9096,3,0.9879699248120299,0.5384615384615384,0.0,,0.7444589734077454,-0.2412550449371338,25
1,GAT,natural,none,44,GNNExplainer,8190,1,0.9882706766917291,0.5416666666666666,0.0,,0.5467084050178528,-0.40391606092453003,24
1,GAT,natural,none,44,GNNExplainer,9478,4,0.9867669172932331,0.53125,1.0,,0.8561298251152039,-0.08978790044784546,33
1,GAT,natural,none,44,GNNExplainer,9291,4,0.9875187969924811,0.55,0.0,,0.5245841145515442,-0.46471232175827026,26
1,GAT,natural,none,44,GNNExplainer,8876,3,0.9771428571428571,0.5263157894736842,0.0,,0.8990216255187988,-0.08745646476745605,35
1,GAT,natural,none,44,GNNExplainer,9180,4,0.9869172932330825,0.5333333333333333,1.0,,0.7825690507888794,-0.1865268349647522,29
1,GAT,natural,none,44,GNNExplainer,9386,4,0.9870676691729321,0.6470588235294118,0.0,,-0.08866864442825317,-0.3519958257675171,81
1,GAT,natural,none,44,GNNExplainer,9264,4,0.980300751879699,0.5384615384615384,1.0,,0.7216638326644897,-0.2546486258506775,27
1,GAT,natural,none,44,GNNExplainer,8961,3,0.9887218045112782,0.6521739130434783,0.0,,0.8883851766586304,-0.10765105485916138,101
1,GAT,natural,none,44,GNNExplainer,8113,1,0.9375939849624061,0.5909090909090909,1.0,,0.5023324489593506,-0.46169960498809814,26
1,GAT,natural,none,44,GNNExplainer,9103,3,0.9893233082706765,0.5384615384615384,0.0,,0.7865431308746338,-0.18808680772781372,33
1,GAT,natural,none,44,GNNExplainer,8853,3,0.9912781954887218,0.5238095238095238,0.0,,0.8762392997741699,-0.07432109117507935,39
1,GAT,natural,none,44,GNNExplainer,8866,3,0.9960902255639098,0.5238095238095238,0.0,,0.8822058439254761,-0.06982553005218506,40
1,GAT,natural,none,44,GNNExplainer,8666,2,0.9810526315789474,0.5,1.0,,0.5621856451034546,-0.3555299639701843,25
1,GAT,natural,none,44,PGExplainer,9444,4,,0.9583333333333334,,,0.07352405786514282,0.02298837900161743,39
1,GAT,natural,none,44,PGExplainer,8507,2,,0.75,,,0.43963661789894104,-0.29408740997314453,19
1,GAT,natural,none,44,PGExplainer,8049,1,,0.9411764705882353,,,0.47590601444244385,0.09304594993591309,32
1,GAT,natural,none,44,PGExplainer,9337,4,,0.925,,,0.13197505474090576,-0.03297227621078491,33
1,GAT,natural,none,44,PGExplainer,8071,1,,0.9285714285714286,,,0.8223686814308167,-0.05196923017501831,38
1,GAT,natural,none,44,PGExplainer,9371,4,,0.8846153846153846,,,0.25719472765922546,-0.24864161014556885,28
1,GAT,natural,none,44,PGExplainer,8146,1,,0.9347826086956522,,,0.5526283979415894,0.4094974398612976,35
1,GAT,natural,none,44,PGExplainer,9344,4,,0.5769230769230769,,,-0.18339020013809204,-0.1606166958808899,69
1,GAT,natural,none,44,PGExplainer,9131,3,,0.8000000000000002,,,0.7598943114280701,-0.18653804063796997,35
1,GAT,natural,none,44,PGExplainer,8973,3,,0.9347826086956522,,,0.5858425498008728,-0.08366537094116211,39
1,GAT,natural,none,44,PGExplainer,9446,4,,0.575,,,-0.37952613830566406,-0.2788042426109314,87
1,GAT,natural,none,44,PGExplainer,8115,1,,0.85,,,0.4185345768928528,-0.08298623561859131,28
1,GAT,natural,none,44,PGExplainer,8796,2,,0.5,,,0.7266449928283691,-0.24227839708328247,32
1,GAT,natural,none,44,PGExplainer,9250,4,,0.9375,,,0.03421658277511597,0.023170173168182373,43
1,GAT,natural,none,44,PGExplainer,9468,4,,0.90625,,,0.06763273477554321,-0.10080283880233765,28
1,GAT,natural,none,44,PGExplainer,9023,3,,0.9166666666666666,,,0.801497220993042,-0.1619296669960022,30
1,GAT,natural,none,44,PGExplainer,9096,3,,0.8461538461538461,,,0.7448912858963013,-0.24125492572784424,25
1,GAT,natural,none,44,PGExplainer,8190,1,,0.875,,,0.4512280821800232,-0.016696035861968994,24
1,GAT,natural,none,44,PGExplainer,9478,4,,0.90625,,,0.07771843671798706,0.13664567470550537,33
1,GAT,natural,none,44,PGExplainer,9291,4,,0.9,,,0.29397767782211304,-0.26617610454559326,26
1,GAT,natural,none,44,PGExplainer,8876,3,,0.9473684210526315,,,0.6044350862503052,-0.09161829948425293,35
1,GAT,natural,none,44,PGExplainer,9180,4,,0.9,,,0.16203182935714722,-0.14690649509429932,29
1,GAT,natural,none,44,PGExplainer,9386,4,,0.4411764705882353,,,-0.011584579944610596,-0.2911207675933838,81
1,GAT,natural,none,44,PGExplainer,9264,4,,0.8846153846153846,,,0.10160213708877563,-0.10370868444442749,27
1,GAT,natural,none,44,PGExplainer,8961,3,,0.5869565217391305,,,0.8811848163604736,-0.1078270673751831,101
1,GAT,natural,none,44,PGExplainer,8113,1,,0.8636363636363636,,,0.16822290420532227,-0.45654505491256714,26
1,GAT,natural,none,44,PGExplainer,9103,3,,0.8461538461538461,,,0.7792465686798096,-0.18808680772781372,33
1,GAT,natural,none,44,PGExplainer,8853,3,,0.9285714285714286,,,0.4307834208011627,-0.07432109117507935,39
1,GAT,natural,none,44,PGExplainer,8866,3,,0.9285714285714286,,,0.15983420610427856,-0.06982558965682983,40
1,GAT,natural,none,44,PGExplainer,8666,2,,0.75,,,0.5173934102058411,-0.35361194610595703,25
1,GAT,natural,none,44,GNNShap,9444,4,0.9867669172932331,,0.0,0.9519349236721345,0.6813796162605286,0.7114605903625488,39
1,GAT,natural,none,44,GNNShap,8507,2,0.9750375939849624,,1.0,0.9845457539833639,0.10014855861663818,0.6930741667747498,19
1,GAT,natural,none,44,GNNShap,8049,1,0.9833082706766916,,0.0,0.9052587078105157,-0.38302522897720337,0.5389444828033447,32
1,GAT,natural,none,44,GNNShap,9337,4,0.9681203007518796,,0.0,0.9618599862444569,0.5684317946434021,0.35382428765296936,33
1,GAT,natural,none,44,GNNShap,8071,1,0.9786466165413532,,0.0,0.9051670965291727,0.8484585881233215,0.06933635473251343,38
1,GAT,natural,none,44,GNNShap,9371,4,0.9652631578947368,,0.0,0.9574617846645841,0.5737251043319702,0.6123267412185669,28
1,GAT,natural,none,44,GNNShap,8146,1,0.9827067669172932,,0.0,0.9211637694130583,0.6120209693908691,0.5977807641029358,35
1,GAT,natural,none,44,GNNShap,9344,4,0.9022556390977442,,0.0,0.9943780052029043,0.7977848052978516,0.016004860401153564,69
1,GAT,natural,none,44,GNNShap,9131,3,0.9818045112781955,,0.0,0.9077518302379406,0.739712655544281,0.7445241808891296,35
1,GAT,natural,none,44,GNNShap,8973,3,0.9730827067669173,,0.0,0.9360777499325117,0.6582031846046448,0.8935168981552124,39
1,GAT,natural,none,44,GNNShap,9446,4,0.8858646616541351,,0.0,0.9891819121878518,0.5925125479698181,0.08211946487426758,87
1,GAT,natural,none,44,GNNShap,8115,1,0.9879699248120299,,0.0,0.87747458869065,0.6343042850494385,0.20714294910430908,28
1,GAT,natural,none,44,GNNShap,8796,2,0.9738345864661653,,1.0,0.979560151390705,0.5123170018196106,0.5586752891540527,32
1,GAT,natural,none,44,GNNShap,9250,4,0.9452631578947368,,0.0,0.9295901546471292,0.80280601978302,0.04732102155685425,43
1,GAT,natural,none,44,GNNShap,9468,4,0.9627067669172931,,1.0,0.9528453293351969,0.833213746547699,0.03111344575881958,28
1,GAT,natural,none,44,GNNShap,9023,3,0.9461654135338347,,0.0,0.9814500604837868,0.15462905168533325,0.8232504725456238,30
1,GAT,natural,none,44,GNNShap,9096,3,0.8154887218045112,,0.0,0.9794160375760809,0.19709491729736328,0.7484520077705383,25
1,GAT,natural,none,44,GNNShap,8190,1,0.9529323308270676,,0.0,0.9551015545076602,0.5272968411445618,0.5340006947517395,24
1,GAT,natural,none,44,GNNShap,9478,4,0.9596992481203006,,0.0,0.9661373331299721,0.8490522503852844,0.15821141004562378,33
1,GAT,natural,none,44,GNNShap,9291,4,0.9285714285714285,,0.0,0.944436224237841,0.4775729477405548,0.48979783058166504,26
1,GAT,natural,none,44,GNNShap,8876,3,0.9443609022556391,,0.0,0.9690717756352634,0.8454115390777588,-0.02992391586303711,35
1,GAT,natural,none,44,GNNShap,9180,4,0.9446616541353382,,0.0,0.9582628504269206,0.6997401714324951,0.20763444900512695,29
1,GAT,natural,none,44,GNNShap,9386,4,0.8914285714285715,,0.0,0.9840788729988891,0.5478899478912354,0.37810218334198,81
1,GAT,natural,none,44,GNNShap,9264,4,0.943157894736842,,1.0,0.959561686516113,0.694699764251709,0.021240949630737305,27
1,GAT,natural,none,44,GNNShap,8961,3,0.9245112781954887,,0.0,0.9507535742265679,0.8601368069648743,-0.03204190731048584,101
1,GAT,natural,none,44,GNNShap,8113,1,0.9894736842105262,,0.0,0.9371458035720984,0.4955671727657318,0.17645418643951416,26
1,GAT,natural,none,44,GNNShap,9103,3,0.9760902255639097,,0.0,0.9316930761191585,0.20063519477844238,0.7942708134651184,33
1,GAT,natural,none,44,GNNShap,8853,3,0.9565413533834587,,0.0,0.9401532310608529,0.7901145219802856,0.9116649627685547,39
1,GAT,natural,none,44,GNNShap,8866,3,0.9709774436090225,,0.0,0.8904926284383551,0.016048312187194824,0.9243311882019043,40
1,GAT,natural,none,44,GNNShap,8666,2,0.9775939849624059,,1.0,0.9718516058572717,0.6146085262298584,-0.11020725965499878,25
1,GCN,1:1,none,42,GNNExplainer,8049,1,0.986766917293233,0.5294117647058824,1.0,,-0.01103121042251587,0.30946505069732666,32
1,GCN,1:1,none,42,GNNExplainer,9335,4,0.9720300751879698,0.6,1.0,,0.6586921811103821,-0.005765855312347412,32
1,GCN,1:1,none,42,GNNExplainer,8775,2,0.9771428571428571,0.5,1.0,,0.5472162365913391,-0.4508553743362427,18
1,GCN,1:1,none,42,GNNExplainer,9127,3,0.9801503759398494,0.53125,0.0,,0.4413486123085022,-0.003929734230041504,32
1,GCN,1:1,none,42,GNNExplainer,8437,2,0.943157894736842,0.5,1.0,,0.6565903425216675,-0.3422037363052368,19
1,GCN,1:1,none,42,GNNExplainer,9444,4,0.9666165413533834,0.6458333333333334,1.0,,9.59634780883789e-05,-0.012172698974609375,39
1,GCN,1:1,none,42,GNNExplainer,9416,4,0.977894736842105,0.53125,1.0,,0.05546492338180542,-0.010499715805053711,33
1,GCN,1:1,none,42,GNNExplainer,8879,3,0.9842105263157894,0.5263157894736842,1.0,,0.648108720779419,-0.0016011595726013184,36
1,GCN,1:1,none,42,GNNExplainer,8252,1,0.9873684210526316,0.5434782608695652,1.0,,0.9299491047859192,-0.0037250518798828125,35
1,GCN,1:1,none,42,GNNExplainer,8933,3,0.9818045112781955,0.5238095238095238,0.0,,0.40224337577819824,-0.015806615352630615,39
1,GCN,1:1,none,42,GNNExplainer,8289,1,0.9780451127819548,0.5789473684210527,1.0,,0.027972757816314697,-0.013620615005493164,29
1,GCN,1:1,none,42,GNNExplainer,9425,4,0.9697744360902254,0.6458333333333334,1.0,,-0.009549617767333984,-0.010988771915435791,39
1,GCN,1:1,none,42,GNNExplainer,8869,3,0.9675187969924812,0.5238095238095238,0.0,,0.21793407201766968,-0.00623476505279541,36
1,GCN,1:1,none,42,GNNExplainer,9320,4,0.9741353383458646,0.5,1.0,,-0.00305098295211792,-0.008412361145019531,33
1,GCN,1:1,none,42,GNNExplainer,8026,1,0.9839097744360901,0.62,1.0,,0.008511006832122803,0.7024581432342529,31
1,GCN,1:1,none,42,GNNExplainer,9171,3,0.9855639097744359,0.5,1.0,,0.037498414516448975,0.0012347102165222168,30
1,GCN,1:1,none,42,GNNExplainer,9344,4,0.9908270676691728,0.6538461538461539,0.0,,-7.009506225585938e-05,-7.009506225585938e-05,69
1,GCN,1:1,none,42,GNNExplainer,8998,3,0.9837593984962405,0.5294117647058824,0.0,,0.029456496238708496,0.10831034183502197,30
1,GCN,1:1,none,42,GNNExplainer,9243,4,0.9809022556390976,0.6458333333333334,1.0,,0.046785950660705566,0.2218010425567627,37
1,GCN,1:1,none,42,GNNExplainer,8190,1,0.9630075187969924,0.5416666666666666,0.0,,0.2750149965286255,-0.009583473205566406,24
1,GCN,1:1,none,42,GNNExplainer,8623,2,0.9781954887218044,0.5,1.0,,0.9820735454559326,-0.01424551010131836,21
1,GCN,1:1,none,42,GNNExplainer,8359,1,0.9587969924812029,0.52,1.0,,0.9404425621032715,-0.011880934238433838,41
1,GCN,1:1,none,42,GNNExplainer,8423,2,0.9487218045112782,0.25,1.0,,0.7224917411804199,-0.1295725703239441,15
1,GCN,1:1,none,42,GNNExplainer,9180,4,0.974436090225564,0.5333333333333333,1.0,,0.008486270904541016,-0.003856658935546875,29
1,GCN,1:1,none,42,GNNExplainer,8327,1,0.981954887218045,0.55,1.0,,0.007611393928527832,-0.0001081228256225586,34
1,GCN,1:1,none,42,GNNExplainer,8546,2,0.9756390977443609,0.125,1.0,,0.7342643737792969,-0.09875333309173584,23
1,GCN,1:1,none,42,GNNExplainer,8447,2,0.9733834586466162,0.625,1.0,,0.787866473197937,-0.10540187358856201,21
1,GCN,1:1,none,42,GNNExplainer,8876,3,0.9945864661654135,0.5263157894736842,0.0,,0.3466217517852783,-0.002404153347015381,35
1,GCN,1:1,none,42,GNNExplainer,9434,4,0.9918796992481201,0.5625,1.0,,0.22608810663223267,-0.018144965171813965,43
1,GCN,1:1,none,42,GNNExplainer,8616,2,0.9768421052631577,0.3333333333333333,1.0,,-0.05713075399398804,-0.06205052137374878,24
1,GCN,1:1,none,42,PGExplainer,8049,1,,0.5,,,-0.011447906494140625,-0.011391878128051758,32
1,GCN,1:1,none,42,PGExplainer,9335,4,,0.525,,,-0.005618751049041748,-0.005765855312347412,32
1,GCN,1:1,none,42,PGExplainer,8775,2,,0.5,,,-0.4343998432159424,-0.4508479833602905,18
1,GCN,1:1,none,42,PGExplainer,9127,3,,0.84375,,,0.0032904744148254395,-0.003929734230041504,32
1,GCN,1:1,none,42,PGExplainer,8437,2,,0.25,,,-0.33757704496383667,-0.3421745300292969,19
1,GCN,1:1,none,42,PGExplainer,9444,4,,0.5,,,-0.012633323669433594,0.9869736433029175,39
1,GCN,1:1,none,42,PGExplainer,9416,4,,0.5,,,-0.010823488235473633,-0.01049959659576416,33
1,GCN,1:1,none,42,PGExplainer,8879,3,,0.5263157894736842,,,-0.0010317564010620117,0.03806990385055542,36
1,GCN,1:1,none,42,PGExplainer,8252,1,,0.5,,,-0.00363922119140625,-0.003512084484100342,35
1,GCN,1:1,none,42,PGExplainer,8933,3,,0.8809523809523809,,,-0.006306171417236328,-0.015806615352630615,39
1,GCN,1:1,none,42,PGExplainer,8289,1,,0.6578947368421053,,,-0.013182222843170166,-0.013620615005493164,29
1,GCN,1:1,none,42,PGExplainer,9425,4,,0.5,,,-0.016053438186645508,-0.015944838523864746,39
1,GCN,1:1,none,42,PGExplainer,8869,3,,0.8095238095238095,,,-0.005353868007659912,-0.00623476505279541,36
1,GCN,1:1,none,42,PGExplainer,9320,4,,0.5,,,-0.008604824542999268,-0.006141960620880127,33
1,GCN,1:1,none,42,PGExplainer,8026,1,,0.62,,,-0.0036943554878234863,0.7024581432342529,31
1,GCN,1:1,none,42,PGExplainer,9171,3,,0.8076923076923077,,,0.005175650119781494,0.9929600954055786,30
1,GCN,1:1,none,42,PGExplainer,9344,4,,0.5384615384615384,,,-7.009506225585938e-05,-7.009506225585938e-05,69
1,GCN,1:1,none,42,PGExplainer,8998,3,,0.735294117647059,,,-0.00015372037887573242,0.9985829591751099,30
1,GCN,1:1,none,42,PGExplainer,9243,4,,0.5625,,,-0.013635039329528809,-0.013702571392059326,37
1,GCN,1:1,none,42,PGExplainer,8190,1,,0.5416666666666666,,,-0.04950821399688721,-0.04762142896652222,24
1,GCN,1:1,none,42,PGExplainer,8623,2,,0.25,,,-0.014241933822631836,0.9741886854171753,21
1,GCN,1:1,none,42,PGExplainer,8359,1,,0.5,,,-0.011661648750305176,-0.011880099773406982,41
1,GCN,1:1,none,42,PGExplainer,8423,2,,0.25,,,-0.1283499002456665,0.8682880401611328,15
1,GCN,1:1,none,42,PGExplainer,9180,4,,0.5,,,-0.003909707069396973,-0.003856658935546875,29
1,GCN,1:1,none,42,PGExplainer,8327,1,,0.5,,,-0.00010824203491210938,-0.0001081228256225586,34
1,GCN,1:1,none,42,PGExplainer,8546,2,,0.375,,,-0.09573209285736084,0.9009845852851868,23
1,GCN,1:1,none,42,PGExplainer,8447,2,,0.25,,,-0.10539984703063965,0.8939213752746582,21
1,GCN,1:1,none,42,PGExplainer,8876,3,,0.8157894736842104,,,-0.0013200640678405762,-0.0024042725563049316,35
1,GCN,1:1,none,42,PGExplainer,9434,4,,0.5,,,-0.01814126968383789,0.06571406126022339,43
1,GCN,1:1,none,42,PGExplainer,8616,2,,0.3333333333333333,,,-0.06205064058303833,0.1208762526512146,24
1,GCN,1:1,none,42,GNNShap,8049,1,0.9917293233082705,,0.0,0.9302371824087465,0.753383457660675,0.03248375654220581,32
1,GCN,1:1,none,42,GNNShap,9335,4,0.9711278195488722,,0.0,0.9653151349537319,0.8943575620651245,0.06432592868804932,32
1,GCN,1:1,none,42,GNNShap,8775,2,0.9876691729323307,,0.0,0.9675243250422719,0.5093403458595276,-0.003708481788635254,18
1,GCN,1:1,none,42,GNNShap,9127,3,0.9748872180451127,,0.0,0.9853948821873922,0.9351052641868591,0.0027628540992736816,32
1,GCN,1:1,none,42,GNNShap,8437,2,0.9887218045112782,,0.0,0.9750507085377716,0.6185192465782166,-0.02398914098739624,19
1,GCN,1:1,none,42,GNNShap,9444,4,0.9890225563909774,,0.0,0.967354636598043,0.13857334852218628,0.5613154172897339,39
1,GCN,1:1,none,42,GNNShap,9416,4,0.9929323308270677,,0.0,0.9304543736951393,0.24273890256881714,0.1774769425392151,33
1,GCN,1:1,none,42,GNNShap,8879,3,0.9622556390977444,,0.0,0.9868750256275908,0.8908517360687256,0.022358953952789307,36
1,GCN,1:1,none,42,GNNShap,8252,1,0.9927819548872179,,0.0,0.960211951679201,0.7900987267494202,0.029710590839385986,35
1,GCN,1:1,none,42,GNNShap,8933,3,0.9864661654135338,,0.0,0.9680225253078326,0.035956501960754395,0.9714865684509277,39
1,GCN,1:1,none,42,GNNShap,8289,1,0.9720300751879698,,0.0,0.9657679440303919,0.8303921818733215,0.16677647829055786,29
1,GCN,1:1,none,42,GNNShap,9425,4,0.9894736842105264,,0.0,0.9475159693839152,0.06667858362197876,0.9354441165924072,39
1,GCN,1:1,none,42,GNNShap,8869,3,0.984360902255639,,0.0,0.977479248373965,0.03654259443283081,0.8326032757759094,36
1,GCN,1:1,none,42,GNNShap,9320,4,0.9839097744360901,,0.0,0.9123312538457675,0.8225980997085571,0.11196780204772949,33
1,GCN,1:1,none,42,GNNShap,8026,1,0.9867669172932331,,0.0,0.9298799465796636,0.03578519821166992,0.7841046452522278,31
1,GCN,1:1,none,42,GNNShap,9171,3,0.9655639097744361,,0.0,0.9776725289182501,0.9572562575340271,0.0010097622871398926,30
1,GCN,1:1,none,42,GNNShap,9344,4,0.9780451127819546,,0.0,0.9977886374560085,0.9915636777877808,0.0016081929206848145,69
1,GCN,1:1,none,42,GNNShap,8998,3,0.9732330827067669,,0.0,0.9790586361015616,0.852281391620636,0.0030455589294433594,30
1,GCN,1:1,none,42,GNNShap,9243,4,0.9682706766917292,,0.0,0.9720423701762197,0.8635349869728088,0.07401180267333984,37
1,GCN,1:1,none,42,GNNShap,8190,1,0.9929323308270677,,0.0,0.9604253621449146,0.07016319036483765,0.8438969850540161,24
1,GCN,1:1,none,42,GNNShap,8623,2,0.9869172932330826,,0.0,0.9615652031661739,0.9323393106460571,0.1590326428413391,21
1,GCN,1:1,none,42,GNNShap,8359,1,0.981203007518797,,0.0,0.9505585357404336,-0.010814905166625977,0.9573997259140015,41
1,GCN,1:1,none,42,GNNShap,8423,2,0.9726315789473686,,0.0,0.9697115665224174,0.8198861479759216,0.028109490871429443,15
1,GCN,1:1,none,42,GNNShap,9180,4,0.9900751879699248,,0.0,0.9336031444106585,0.8619785904884338,0.08413362503051758,29
1,GCN,1:1,none,42,GNNShap,8327,1,0.9975939849624058,,0.0,0.9545768322626221,0.8729571104049683,0.00043076276779174805,34
1,GCN,1:1,none,42,GNNShap,8546,2,0.9941353383458645,,0.0,0.9657354850473929,0.8399270176887512,0.19762974977493286,23
1,GCN,1:1,none,42,GNNShap,8447,2,0.9642105263157894,,0.0,0.9671331668650408,0.8406104445457458,0.0875667929649353,21
1,GCN,1:1,none,42,GNNShap,8876,3,0.9775939849624059,,0.0,0.9900475788077788,0.8229838013648987,0.0037555694580078125,35
1,GCN,1:1,none,42,GNNShap,9434,4,0.9796992481203007,,0.0,0.9730453246336452,0.9105067253112793,0.03242909908294678,43
1,GCN,1:1,none,42,GNNShap,8616,2,0.9821052631578946,,1.0,0.9452072794983127,0.88480544090271,0.05279964208602905,24
1,GCN,1:1,none,43,GNNExplainer,8190,1,0.9720300751879698,0.5416666666666666,0.0,,0.7603618502616882,0.004681050777435303,24
1,GCN,1:1,none,43,GNNExplainer,8887,3,0.9869172932330826,0.5263157894736842,0.0,,0.0008162856101989746,0.001452803611755371,32
1,GCN,1:1,none,43,GNNExplainer,9367,4,0.9799999999999999,0.5384615384615384,0.0,,0.526749849319458,-0.24486422538757324,27
1,GCN,1:1,none,43,GNNExplainer,9418,4,0.9899248120300751,0.53125,0.0,,0.7474101185798645,-0.22384607791900635,34
1,GCN,1:1,none,43,GNNExplainer,8596,2,0.9894736842105262,0.25,1.0,,0.9029033780097961,-0.07436609268188477,22
1,GCN,1:1,none,43,GNNExplainer,8049,1,0.9815037593984961,0.5294117647058824,1.0,,0.11498498916625977,-0.0005931854248046875,32
1,GCN,1:1,none,43,GNNExplainer,8853,3,0.9670676691729323,0.5238095238095238,0.0,,0.896293580532074,-0.002753019332885742,39
1,GCN,1:1,none,43,GNNExplainer,9127,3,0.9900751879699247,0.53125,0.0,,0.9678328633308411,-0.00025206804275512695,32
1,GCN,1:1,none,43,GNNExplainer,8848,3,0.9718796992481202,0.55,0.0,,0.11408531665802002,-0.01280742883682251,24
1,GCN,1:1,none,43,GNNExplainer,8880,3,0.980751879699248,0.5263157894736842,0.0,,0.00029081106185913086,0.00014382600784301758,34
1,GCN,1:1,none,43,GNNExplainer,8783,2,0.9642105263157894,0.5,1.0,,0.11038839817047119,0.9851914644241333,18
1,GCN,1:1,none,43,GNNExplainer,8547,2,0.9905263157894735,0.375,1.0,,0.7410697340965271,-0.258145809173584,22
1,GCN,1:1,none,43,GNNExplainer,9227,4,0.9870676691729322,0.5333333333333333,1.0,,0.9778934121131897,-0.01908862590789795,30
1,GCN,1:1,none,43,GNNExplainer,9171,3,0.986315789473684,0.5384615384615384,0.0,,0.008693456649780273,0.010656595230102539,30
1,GCN,1:1,none,43,GNNExplainer,8252,1,0.9837593984962405,0.5434782608695652,0.0,,0.9532607793807983,-0.000674128532409668,35
1,GCN,1:1,none,43,GNNExplainer,9489,4,0.9897744360902255,0.5333333333333333,0.0,,0.8940649032592773,-0.10438364744186401,33
1,GCN,1:1,none,43,GNNExplainer,8409,2,0.984360902255639,0.125,1.0,,-0.04224050045013428,-0.04968684911727905,26
1,GCN,1:1,none,43,GNNExplainer,8527,2,0.9718796992481202,0.25,1.0,,0.6247216463088989,-0.17727530002593994,22
1,GCN,1:1,none,43,GNNExplainer,8667,2,0.9715789473684211,0.375,1.0,,0.38869577646255493,-0.08580809831619263,22
1,GCN,1:1,none,43,GNNExplainer,8827,2,0.9780451127819548,0.25,1.0,,0.005626499652862549,-0.08601915836334229,30
1,GCN,1:1,none,43,GNNExplainer,9427,4,0.9918796992481204,0.6666666666666666,1.0,,-0.00021260976791381836,0.999714195728302,36
1,GCN,1:1,none,43,GNNExplainer,9074,3,0.9857142857142855,0.53125,1.0,,0.9909965395927429,-0.0041904449462890625,29
1,GCN,1:1,none,43,GNNExplainer,8849,3,0.9754887218045113,0.55,1.0,,0.04485929012298584,-0.0006963014602661133,24
1,GCN,1:1,none,43,GNNExplainer,9437,4,0.981203007518797,0.6458333333333334,1.0,,0.9842151403427124,-0.007216453552246094,38
1,GCN,1:1,none,43,GNNExplainer,8275,1,0.9912781954887218,0.53125,0.0,,0.8483805656433105,-0.15110182762145996,28
1,GCN,1:1,none,43,GNNExplainer,8453,2,0.97187969924812,0.625,1.0,,0.9871506690979004,-0.01284480094909668,16
1,GCN,1:1,none,43,GNNExplainer,8428,2,0.9415037593984961,0.375,1.0,,0.3665264844894409,-0.020632684230804443,21
1,GCN,1:1,none,43,GNNExplainer,8447,2,0.9778947368421053,0.625,1.0,,0.9007794260978699,-0.08445006608963013,21
1,GCN,1:1,none,43,GNNExplainer,9208,4,0.985563909774436,0.6956521739130435,1.0,,0.7597653865814209,-0.12822556495666504,32
1,GCN,1:1,none,43,GNNExplainer,9009,3,0.9663157894736842,0.5277777777777778,0.0,,0.17248833179473877,-0.0003566741943359375,32
1,GCN,1:1,none,43,PGExplainer,8190,1,,0.5416666666666666,,,-0.009165048599243164,-0.009755551815032959,24
1,GCN,1:1,none,43,PGExplainer,8887,3,,0.8947368421052632,,,-0.00010991096496582031,-0.00012576580047607422,32
1,GCN,1:1,none,43,PGExplainer,9367,4,,0.5769230769230769,,,-0.24622392654418945,-0.24486398696899414,27
1,GCN,1:1,none,43,PGExplainer,9418,4,,0.5,,,-0.2238454818725586,-0.18630433082580566,34
1,GCN,1:1,none,43,PGExplainer,8596,2,,0.5,,,-0.010140955448150635,-0.07436597347259521,22
1,GCN,1:1,none,43,PGExplainer,8049,1,,0.5,,,-0.0005934238433837891,-0.0005934238433837891,32
1,GCN,1:1,none,43,PGExplainer,8853,3,,0.9047619047619048,,,-0.002053380012512207,-0.002753019332885742,39
1,GCN,1:1,none,43,PGExplainer,9127,3,,0.84375,,,-0.0002511143684387207,-0.00025206804275512695,32
1,GCN,1:1,none,43,PGExplainer,8848,3,,0.55,,,0.03840529918670654,0.987187385559082,24
1,GCN,1:1,none,43,PGExplainer,8880,3,,0.8157894736842104,,,-8.71419906616211e-05,-0.00010156631469726562,34
1,GCN,1:1,none,43,PGExplainer,8783,2,,0.25,,,-0.007465481758117676,-0.007443070411682129,18
1,GCN,1:1,none,43,PGExplainer,8547,2,,0.5,,,-0.2581413984298706,-0.25814712047576904,22
1,GCN,1:1,none,43,PGExplainer,9227,4,,0.5,,,-0.019080281257629395,-0.018556177616119385,30
1,GCN,1:1,none,43,PGExplainer,9171,3,,0.8461538461538461,,,5.733966827392578e-05,0.9998958706855774,30
1,GCN,1:1,none,43,PGExplainer,8252,1,,0.5,,,-0.0006347894668579102,-0.0005081892013549805,35
1,GCN,1:1,none,43,PGExplainer,9489,4,,0.5,,,-0.10438346862792969,-0.10438323020935059,33
1,GCN,1:1,none,43,PGExplainer,8409,2,,0.5,,,-0.04968684911727905,-0.04968684911727905,26
1,GCN,1:1,none,43,PGExplainer,8527,2,,0.5,,,-0.17060601711273193,-0.1772756576538086,22
1,GCN,1:1,none,43,PGExplainer,8667,2,,0.375,,,-0.08580809831619263,-0.08580535650253296,22
1,GCN,1:1,none,43,PGExplainer,8827,2,,0.375,,,-0.08599436283111572,-0.0830315351486206,30
1,GCN,1:1,none,43,PGExplainer,9427,4,,0.6041666666666666,,,-0.000260770320892334,-0.00026088953018188477,36
1,GCN,1:1,none,43,PGExplainer,9074,3,,0.875,,,0.004964172840118408,-0.0041904449462890625,29
1,GCN,1:1,none,43,PGExplainer,8849,3,,0.55,,,0.024601459503173828,0.9993029236793518,24
1,GCN,1:1,none,43,PGExplainer,9437,4,,0.5,,,-0.007210254669189453,-0.007216334342956543,38
1,GCN,1:1,none,43,PGExplainer,8275,1,,0.71875,,,-0.15074080228805542,-0.15104514360427856,28
1,GCN,1:1,none,43,PGExplainer,8453,2,,0.5,,,-0.012841343879699707,-0.01284480094909668,16
1,GCN,1:1,none,43,PGExplainer,8428,2,,0.25,,,-0.020744502544403076,-0.020744502544403076,21
1,GCN,1:1,none,43,PGExplainer,8447,2,,0.5,,,-0.08444947004318237,-0.08444863557815552,21
1,GCN,1:1,none,43,PGExplainer,9208,4,,0.717391304347826,,,-0.1279217004776001,-0.12822556495666504,32
1,GCN,1:1,none,43,PGExplainer,9009,3,,0.8055555555555556,,,-0.00033843517303466797,-0.0003566741943359375,32
1,GCN,1:1,none,43,GNNShap,8190,1,0.9951879699248118,,0.0,0.9508712490755125,0.20021861791610718,0.8259586691856384,24
1,GCN,1:1,none,43,GNNShap,8887,3,0.9932330827067668,,0.0,0.9857793274151941,0.9104962348937988,0.0005080103874206543,32
1,GCN,1:1,none,43,GNNShap,9367,4,0.9933834586466166,,0.0,0.9718206851936749,-0.12259948253631592,0.7493257522583008,27
1,GCN,1:1,none,43,GNNShap,9418,4,0.9920300751879699,,0.0,0.9497517811795888,-0.11948519945144653,0.7669278979301453,34
1,GCN,1:1,none,43,GNNShap,8596,2,0.9834586466165414,,0.0,0.9319462184311309,0.84757399559021,0.31111377477645874,22
1,GCN,1:1,none,43,GNNShap,8049,1,0.9912781954887218,,0.0,0.9186741381715657,0.0002614259719848633,0.9990739226341248,32
1,GCN,1:1,none,43,GNNShap,8853,3,0.9757894736842104,,0.0,0.9875434573602856,0.4065631628036499,0.2618275284767151,39
1,GCN,1:1,none,43,GNNShap,9127,3,0.9914285714285713,,0.0,0.9718279007685696,0.9551004767417908,0.00021272897720336914,32
1,GCN,1:1,none,43,GNNShap,8848,3,0.9858646616541351,,0.0,0.9799965786944682,0.8297433257102966,0.2114538550376892,24
1,GCN,1:1,none,43,GNNShap,8880,3,0.983157894736842,,0.0,0.9733528006873715,0.9770686030387878,0.0001755356788635254,34
1,GCN,1:1,none,43,GNNShap,8783,2,0.9954887218045112,,0.0,0.9601410121530553,0.9100038409233093,0.010227382183074951,18
1,GCN,1:1,none,43,GNNShap,8547,2,0.9906766917293233,,0.0,0.9726085774711868,0.7219198942184448,0.08546698093414307,22
1,GCN,1:1,none,43,GNNShap,9227,4,0.9851127819548872,,0.0,0.9770627152268198,0.7798556685447693,0.2655518054962158,30
1,GCN,1:1,none,43,GNNShap,9171,3,0.9885714285714287,,0.0,0.9689356002354972,0.9711353182792664,0.00015562772750854492,30
1,GCN,1:1,none,43,GNNShap,8252,1,0.9926315789473683,,0.0,0.9741175390197055,0.04664343595504761,0.22474348545074463,35
1,GCN,1:1,none,43,GNNShap,9489,4,0.9957894736842106,,0.0,0.9486974292319308,0.7695077657699585,0.39607861638069153,33
1,GCN,1:1,none,43,GNNShap,8409,2,0.9954887218045112,,1.0,0.9224779315406787,0.9346978664398193,0.06484782695770264,26
1,GCN,1:1,none,43,GNNShap,8527,2,0.9790977443609021,,1.0,0.9804060822120046,0.8006587028503418,0.049180805683135986,22
1,GCN,1:1,none,43,GNNShap,8667,2,0.9918796992481201,,0.0,0.9610952550858836,0.8709294199943542,0.057258009910583496,22
1,GCN,1:1,none,43,GNNShap,8827,2,0.9909774436090224,,0.0,0.9644375984210816,0.8846874237060547,0.1027030348777771,30
1,GCN,1:1,none,43,GNNShap,9427,4,0.9760902255639097,,0.0,0.9576529454202767,0.10103398561477661,0.04080134630203247,36
1,GCN,1:1,none,43,GNNShap,9074,3,0.9825563909774434,,0.0,0.9741920873275568,0.9766252636909485,-0.0013427734375,29
1,GCN,1:1,none,43,GNNShap,8849,3,0.9836090225563907,,0.0,0.9864790070318366,0.20774996280670166,0.17749637365341187,24
1,GCN,1:1,none,43,GNNShap,9437,4,0.9930827067669172,,0.0,0.9811129922850845,0.806121289730072,0.07834893465042114,38
1,GCN,1:1,none,43,GNNShap,8275,1,0.9938345864661653,,0.0,0.9230244717195323,0.6657457947731018,0.35963600873947144,28
1,GCN,1:1,none,43,GNNShap,8453,2,0.9742857142857142,,0.0,0.9896028856115138,0.8090912103652954,0.41252148151397705,16
1,GCN,1:1,none,43,GNNShap,8428,2,0.9806015037593984,,0.0,0.980590553028661,0.9430615901947021,0.041375577449798584,21
1,GCN,1:1,none,43,GNNShap,8447,2,0.9855639097744359,,0.0,0.9618138283343238,0.8918978571891785,0.07810044288635254,21
1,GCN,1:1,none,43,GNNShap,9208,4,0.9933834586466166,,0.0,0.9666328914901723,0.804310142993927,0.284038782119751,32
1,GCN,1:1,none,43,GNNShap,9009,3,0.9860150375939849,,0.0,0.978127766305082,0.9063748121261597,0.002697765827178955,32
1,GCN,1:1,none,44,GNNExplainer,8527,2,0.9810526315789472,0.25,1.0,,0.7391675710678101,-0.14755117893218994,22
1,GCN,1:1,none,44,GNNExplainer,8546,2,0.9718796992481202,0.125,1.0,,0.7584614157676697,-0.15344005823135376,23
1,GCN,1:1,none,44,GNNExplainer,8980,3,0.9831578947368419,0.5217391304347826,0.0,,0.9177133440971375,-0.0009074211120605469,45
1,GCN,1:1,none,44,GNNExplainer,8674,2,0.9899248120300751,0.3333333333333333,1.0,,-0.0077898502349853516,-0.007789731025695801,24
1,GCN,1:1,none,44,GNNExplainer,9418,4,0.9851127819548872,0.53125,1.0,,0.781082808971405,-0.17282432317733765,34
1,GCN,1:1,none,44,GNNExplainer,9264,4,0.9863157894736843,0.5384615384615384,0.0,,0.9818411469459534,-0.0024834871292114258,27
1,GCN,1:1,none,44,GNNExplainer,8447,2,0.9813533834586463,0.625,1.0,,0.7190567851066589,-0.08741098642349243,21
1,GCN,1:1,none,44,GNNExplainer,8049,1,0.9807518796992479,0.5294117647058824,1.0,,0.17669904232025146,-0.0009546875953674316,32
1,GCN,1:1,none,44,GNNExplainer,9371,4,0.9857142857142855,0.5384615384615384,1.0,,0.7841002941131592,-0.19561779499053955,28
1,GCN,1:1,none,44,GNNExplainer,9427,4,0.9912781954887218,0.6666666666666666,1.0,,-0.00012546777725219727,0.9994187355041504,36
1,GCN,1:1,none,44,GNNExplainer,9215,4,0.9923308270676692,0.5333333333333333,1.0,,0.1321386694908142,0.041829049587249756,32
1,GCN,1:1,none,44,GNNExplainer,9437,4,0.9879699248120299,0.6458333333333334,1.0,,0.98359215259552,-0.01296699047088623,38
1,GCN,1:1,none,44,GNNExplainer,9367,4,0.9821052631578947,0.5384615384615384,1.0,,0.8241892457008362,-0.1757664680480957,27
1,GCN,1:1,none,44,GNNExplainer,9165,3,0.9715789473684211,0.5384615384615384,0.0,,0.9757633209228516,-0.010790884494781494,32
1,GCN,1:1,none,44,GNNExplainer,9226,4,0.9873684210526316,0.5333333333333333,1.0,,0.4541819095611572,-0.029059767723083496,29
1,GCN,1:1,none,44,GNNExplainer,8269,1,0.9793984962406015,0.75,0.0,,0.005319833755493164,-0.001983642578125,63
1,GCN,1:1,none,44,GNNExplainer,8248,1,0.9882706766917291,0.5869565217391305,0.0,,0.9747772216796875,-0.013841867446899414,33
1,GCN,1:1,none,44,GNNExplainer,8825,2,0.9526315789473685,0.375,1.0,,0.812792181968689,-0.040139734745025635,21
1,GCN,1:1,none,44,GNNExplainer,8190,1,0.9789473684210523,0.5416666666666666,0.0,,0.4752991795539856,0.007438778877258301,24
1,GCN,1:1,none,44,GNNExplainer,9335,4,0.9900751879699247,0.6,0.0,,0.7825794219970703,-0.002008676528930664,32
1,GCN,1:1,none,44,GNNExplainer,8272,1,0.947218045112782,0.53125,1.0,,0.7377477288246155,-0.0029323697090148926,27
1,GCN,1:1,none,44,GNNExplainer,9344,4,0.9866165413533835,0.5384615384615384,0.0,,0.0009038448333740234,-5.9723854064941406e-05,69
1,GCN,1:1,none,44,GNNExplainer,8616,2,0.9741353383458644,0.3333333333333333,1.0,,-0.05730682611465454,-0.05743497610092163,24
1,GCN,1:1,none,44,GNNExplainer,9203,4,0.9827067669172932,0.6521739130434783,1.0,,0.0048618316650390625,-0.001854538917541504,34
1,GCN,1:1,none,44,GNNExplainer,9489,4,0.9834586466165411,0.5333333333333333,0.0,,0.9021911025047302,-0.09517431259155273,33
1,GCN,1:1,none,44,GNNExplainer,9180,4,0.9935338345864663,0.5333333333333333,0.0,,0.4218495488166809,-0.0009703636169433594,29
1,GCN,1:1,none,44,GNNExplainer,8827,2,0.9593984962406014,0.25,1.0,,0.04255485534667969,-0.09330630302429199,30
1,GCN,1:1,none,44,GNNExplainer,8866,3,0.9783458646616541,0.5238095238095238,0.0,,0.2916768789291382,0.999798059463501,40
1,GCN,1:1,none,44,GNNExplainer,8516,2,0.9640601503759398,0.5,1.0,,0.650759756565094,-0.3101003170013428,25
1,GCN,1:1,none,44,GNNExplainer,8423,2,0.9618045112781954,0.25,1.0,,0.568533182144165,-0.06198084354400635,15
1,GCN,1:1,none,44,PGExplainer,8527,2,,0.5,,,-0.14669084548950195,-0.1474515199661255,22
1,GCN,1:1,none,44,PGExplainer,8546,2,,0.625,,,-0.1533403992652893,-0.15343457460403442,23
1,GCN,1:1,none,44,PGExplainer,8980,3,,0.9130434782608695,,,-0.0005106329917907715,-0.0009074211120605469,45
1,GCN,1:1,none,44,PGExplainer,8674,2,,0.5,,,0.00488126277923584,-0.0077522993087768555,24
1,GCN,1:1,none,44,PGExplainer,9418,4,,0.5,,,-0.17279046773910522,-0.16604888439178467,34
1,GCN,1:1,none,44,PGExplainer,9264,4,,0.5,,,0.015390455722808838,-0.002482891082763672,27
1,GCN,1:1,none,44,PGExplainer,8447,2,,0.5,,,-0.08741110563278198,-0.08740991353988647,21
1,GCN,1:1,none,44,PGExplainer,8049,1,,0.5,,,-0.0004755854606628418,-0.0009546875953674316,32
1,GCN,1:1,none,44,PGExplainer,9371,4,,0.5,,,-0.1991821527481079,-0.1991593837738037,28
1,GCN,1:1,none,44,PGExplainer,9427,4,,0.6041666666666666,,,-0.00034999847412109375,-0.0003644227981567383,36
1,GCN,1:1,none,44,PGExplainer,9215,4,,0.6,,,-0.0116538405418396,0.04182916879653931,32
1,GCN,1:1,none,44,PGExplainer,9437,4,,0.6666666666666666,,,-0.012508988380432129,-0.01296699047088623,38
1,GCN,1:1,none,44,PGExplainer,9367,4,,0.6153846153846154,,,-0.17494601011276245,-0.17560899257659912,27
1,GCN,1:1,none,44,PGExplainer,9165,3,,0.7692307692307693,,,-0.010789692401885986,-0.010790765285491943,32
1,GCN,1:1,none,44,PGExplainer,9226,4,,0.7,,,0.0806119441986084,-0.029059767723083496,29
1,GCN,1:1,none,44,PGExplainer,8269,1,,0.625,,,-0.0003972053527832031,-0.001983642578125,63
1,GCN,1:1,none,44,PGExplainer,8248,1,,0.7608695652173914,,,0.09117913246154785,-0.013841867446899414,33
1,GCN,1:1,none,44,PGExplainer,8825,2,,0.625,,,0.03226208686828613,-0.04014045000076294,21
1,GCN,1:1,none,44,PGExplainer,8190,1,,0.5833333333333334,,,0.0013175606727600098,-0.008445203304290771,24
1,GCN,1:1,none,44,PGExplainer,9335,4,,0.525,,,-0.0019305944442749023,-0.002008676528930664,32
1,GCN,1:1,none,44,PGExplainer,8272,1,,0.5,,,0.03610628843307495,-0.002828657627105713,27
1,GCN,1:1,none,44,PGExplainer,9344,4,,0.5769230769230769,,,-5.9723854064941406e-05,-5.9723854064941406e-05,69
1,GCN,1:1,none,44,PGExplainer,8616,2,,0.3333333333333333,,,0.31457871198654175,0.9413682818412781,24
1,GCN,1:1,none,44,PGExplainer,9203,4,,0.6304347826086957,,,-0.0018243789672851562,-0.001854538917541504,34
1,GCN,1:1,none,44,PGExplainer,9489,4,,0.5,,,-0.09517401456832886,-0.0951722264289856,33
1,GCN,1:1,none,44,PGExplainer,9180,4,,0.5,,,-0.0005782246589660645,-0.000970005989074707,29
1,GCN,1:1,none,44,PGExplainer,8827,2,,0.5,,,-0.09316003322601318,-0.08858531713485718,30
1,GCN,1:1,none,44,PGExplainer,8866,3,,0.9047619047619048,,,-5.412101745605469e-05,-0.00016510486602783203,40
1,GCN,1:1,none,44,PGExplainer,8516,2,,0.5,,,-0.3100994825363159,-0.3101003170013428,25
1,GCN,1:1,none,44,PGExplainer,8423,2,,0.25,,,-0.060965001583099365,-0.0619807243347168,15
1,GCN,1:1,none,44,GNNShap,8527,2,0.9930827067669172,,1.0,0.9532382849647169,0.8282345533370972,0.029273808002471924,22
1,GCN,1:1,none,44,GNNShap,8546,2,0.9830075187969923,,0.0,0.9743283254787546,0.8034342527389526,0.19328784942626953,23
1,GCN,1:1,none,44,GNNShap,8980,3,0.972781954887218,,0.0,0.9800783785723375,0.027465224266052246,0.9853036403656006,45
1,GCN,1:1,none,44,GNNShap,8674,2,0.9642105263157893,,1.0,0.9561393161178863,0.9644372463226318,0.05013829469680786,24
1,GCN,1:1,none,44,GNNShap,9418,4,0.9978947368421052,,0.0,0.9267000089175885,0.10335379838943481,0.793653666973114,34
1,GCN,1:1,none,44,GNNShap,9264,4,0.9960902255639097,,0.0,0.9725675324299875,0.33971846103668213,0.1129235029220581,27
1,GCN,1:1,none,44,GNNShap,8447,2,0.9627067669172933,,0.0,0.9564988911442602,0.8744325637817383,0.07621842622756958,21
1,GCN,1:1,none,44,GNNShap,8049,1,0.9863157894736843,,0.0,0.9344071011542237,0.0012759566307067871,0.9982287883758545,32
1,GCN,1:1,none,44,GNNShap,9371,4,0.9882706766917293,,0.0,0.9832643860364845,0.33118966221809387,0.4507170617580414,28
1,GCN,1:1,none,44,GNNShap,9427,4,0.9745864661654133,,0.0,0.9450937808387909,0.137212336063385,0.05597418546676636,36
1,GCN,1:1,none,44,GNNShap,9215,4,0.9905263157894735,,0.0,0.9473630940357646,0.7596086263656616,0.12465137243270874,32
1,GCN,1:1,none,44,GNNShap,9437,4,0.9954887218045112,,0.0,0.9814021409233341,0.8221648931503296,0.07486391067504883,38
1,GCN,1:1,none,44,GNNShap,9367,4,0.9869172932330826,,0.0,0.9753173197844965,0.7651717066764832,0.13984519243240356,27
1,GCN,1:1,none,44,GNNShap,9165,3,0.9957894736842106,,0.0,0.9691757286258739,0.9513086080551147,-0.002995431423187256,32
1,GCN,1:1,none,44,GNNShap,9226,4,0.9933834586466166,,0.0,0.9780638875279349,0.8487299084663391,0.14093464612960815,29
1,GCN,1:1,none,44,GNNShap,8269,1,0.8819548872180449,,0.0,0.9961099836778319,0.9919276833534241,0.017073631286621094,63
1,GCN,1:1,none,44,GNNShap,8248,1,0.9896240601503757,,0.0,0.9459484437183259,0.015317797660827637,0.9632008671760559,33
1,GCN,1:1,none,44,GNNShap,8825,2,0.989624060150376,,1.0,0.9580885593185101,0.9359655380249023,0.03849029541015625,21
1,GCN,1:1,none,44,GNNShap,8190,1,0.9968421052631579,,0.0,0.9628275670402962,0.17205923795700073,0.8738448619842529,24
1,GCN,1:1,none,44,GNNShap,9335,4,0.978345864661654,,0.0,0.9712157886469356,0.9447758793830872,0.03386795520782471,32
1,GCN,1:1,none,44,GNNShap,8272,1,0.9854135338345864,,0.0,0.9483174461267788,0.03186589479446411,0.8305718302726746,27
1,GCN,1:1,none,44,GNNShap,9344,4,0.9678195488721804,,0.0,0.9976807208680188,0.9970464110374451,0.004175543785095215,69
1,GCN,1:1,none,44,GNNShap,8616,2,0.9957894736842106,,1.0,0.9570257649582761,0.9138563871383667,0.04886007308959961,24
1,GCN,1:1,none,44,GNNShap,9203,4,0.9848120300751878,,0.0,0.9630564874233611,0.43244242668151855,0.2977863550186157,34
1,GCN,1:1,none,44,GNNShap,9489,4,0.9756390977443609,,0.0,0.9670295980903054,0.7368141412734985,0.41708076000213623,33
1,GCN,1:1,none,44,GNNShap,9180,4,0.9860150375939847,,0.0,0.9185160171750575,0.8737630844116211,0.05964839458465576,29
1,GCN,1:1,none,44,GNNShap,8827,2,0.9921804511278195,,0.0,0.9555772168349803,0.8872683644294739,0.05421137809753418,30
1,GCN,1:1,none,44,GNNShap,8866,3,0.9784962406015035,,0.0,0.9453918637870367,0.9035305976867676,0.0018284916877746582,40
1,GCN,1:1,none,44,GNNShap,8516,2,0.9936842105263157,,0.0,0.9373924458681397,0.609022855758667,0.3815739154815674,25
1,GCN,1:1,none,44,GNNShap,8423,2,0.9849624060150376,,0.0,0.9662396558279831,0.8973434567451477,0.049658894538879395,15
1,GCN,natural,none,42,GNNExplainer,9125,3,0.9903759398496241,0.53125,0.0,,0.7665541172027588,-0.0033615827560424805,35
1,GCN,natural,none,42,GNNExplainer,8959,3,0.9876691729323307,0.5333333333333333,1.0,,0.022864878177642822,-0.0013805031776428223,29
1,GCN,natural,none,42,GNNExplainer,8094,1,0.9833082706766916,0.5666666666666667,0.0,,0.5504136085510254,-0.0024406909942626953,29
1,GCN,natural,none,42,GNNExplainer,8723,2,0.9700751879699249,0.5,1.0,,0.5333731770515442,-0.317910373210907,26
1,GCN,natural,none,42,GNNExplainer,9210,4,0.9920300751879699,0.6304347826086957,1.0,,0.8098923563957214,-0.16188478469848633,35
1,GCN,natural,none,42,GNNExplainer,9444,4,0.9858646616541351,0.6458333333333334,0.0,,-0.04730832576751709,-0.08063066005706787,39
1,GCN,natural,none,42,GNNExplainer,8639,2,0.984360902255639,0.375,1.0,,0.8721075654029846,-0.09077227115631104,24
1,GCN,natural,none,42,GNNExplainer,8527,2,0.9760902255639097,0.125,1.0,,0.4270702302455902,-0.45068150758743286,22
1,GCN,natural,none,42,GNNExplainer,8123,1,0.9908270676691728,0.6388888888888888,0.0,,0.9767049551010132,-0.023046672344207764,69
1,GCN,natural,none,42,GNNExplainer,9335,4,0.9815037593984961,0.6,0.0,,0.9582651853561401,-0.0324784517288208,32
1,GCN,natural,none,42,GNNExplainer,9372,4,0.9870676691729322,0.7307692307692306,0.0,,0.9065007567405701,-0.08446884155273438,64
1,GCN,natural,none,42,GNNExplainer,8089,1,0.9789473684210523,0.53125,0.0,,0.18373483419418335,-0.05100095272064209,28
1,GCN,natural,none,42,GNNExplainer,9253,4,0.9759398496240601,0.6458333333333334,1.0,,0.031658947467803955,-0.010313987731933594,37
1,GCN,natural,none,42,GNNExplainer,8588,2,0.9744360902255638,0.375,1.0,,0.7820649743080139,-0.20243626832962036,25
1,GCN,natural,none,42,GNNExplainer,8979,3,0.9909774436090226,0.5869565217391305,0.0,,0.048384666442871094,-0.00102996826171875,36
1,GCN,natural,none,42,GNNExplainer,8973,3,0.9920300751879697,0.5217391304347826,0.0,,0.2677389979362488,-0.02208244800567627,39
1,GCN,natural,none,42,GNNExplainer,9165,3,0.9894736842105262,0.5384615384615384,1.0,,0.9199007153511047,-0.0701715350151062,32
1,GCN,natural,none,42,GNNExplainer,8049,1,0.9887218045112782,0.5294117647058824,1.0,,0.9049120545387268,-0.05658102035522461,32
1,GCN,natural,none,42,GNNExplainer,8674,2,0.9836090225563907,0.3333333333333333,1.0,,0.6457666754722595,-0.35421228408813477,24
1,GCN,natural,none,42,GNNExplainer,9456,4,0.9903759398496239,0.525,0.0,,0.9054136872291565,-0.09348726272583008,36
1,GCN,natural,none,42,GNNExplainer,8954,3,0.9803007518796992,0.5333333333333333,1.0,,0.09979051351547241,-0.0006887912750244141,32
1,GCN,natural,none,42,GNNExplainer,8866,3,0.9830075187969923,0.5238095238095238,0.0,,0.5039513111114502,-0.00876694917678833,40
1,GCN,natural,none,42,GNNExplainer,9123,3,0.989624060150376,0.53125,0.0,,0.8646289706230164,-0.04146242141723633,29
1,GCN,natural,none,42,GNNExplainer,8342,1,0.994736842105263,0.82,0.0,,0.9633808135986328,-0.036318302154541016,87
1,GCN,natural,none,42,GNNExplainer,8809,2,0.9804511278195488,0.5,0.0,,0.8096495270729065,-0.16733455657958984,19
1,GCN,natural,none,42,GNNExplainer,8632,2,0.9753383458646615,0.5,1.0,,0.780193567276001,-0.2197631597518921,23
1,GCN,natural,none,42,GNNExplainer,9166,3,0.9824060150375938,0.5384615384615384,1.0,,0.9567309617996216,-0.008935511112213135,28
1,GCN,natural,none,42,GNNExplainer,9360,4,0.991578947368421,0.5384615384615384,0.0,,0.6152012348175049,-0.3749677538871765,29
1,GCN,natural,none,42,GNNExplainer,8248,1,0.9727819548872179,0.5869565217391305,0.0,,0.246362566947937,-0.28658729791641235,33
1,GCN,natural,none,42,GNNExplainer,8633,2,0.980751879699248,0.5,1.0,,0.8694044947624207,-0.12328535318374634,21
1,GCN,natural,none,42,PGExplainer,9125,3,,0.90625,,,0.000587761402130127,-0.0033638477325439453,35
1,GCN,natural,none,42,PGExplainer,8959,3,,0.9333333333333333,,,0.35076969861984253,0.00022357702255249023,29
1,GCN,natural,none,42,PGExplainer,8094,1,,0.8666666666666667,,,0.019859254360198975,-0.0024406909942626953,29
1,GCN,natural,none,42,PGExplainer,8723,2,,0.75,,,0.5520889759063721,-0.31792116165161133,26
1,GCN,natural,none,42,PGExplainer,9210,4,,0.9565217391304348,,,0.2940542697906494,-0.16183960437774658,35
1,GCN,natural,none,42,PGExplainer,9444,4,,0.9583333333333334,,,0.14214813709259033,-0.08063048124313354,39
1,GCN,natural,none,42,PGExplainer,8639,2,,0.625,,,0.2509427070617676,-0.09077000617980957,24
1,GCN,natural,none,42,PGExplainer,8527,2,,0.5,,,0.2222355604171753,-0.4417329430580139,22
1,GCN,natural,none,42,PGExplainer,8123,1,,0.5555555555555556,,,0.11485040187835693,-0.023046672344207764,69
1,GCN,natural,none,42,PGExplainer,9335,4,,0.9500000000000001,,,0.11554479598999023,-0.032478392124176025,32
1,GCN,natural,none,42,PGExplainer,9372,4,,0.38461538461538464,,,0.041278958320617676,-0.0844687819480896,64
1,GCN,natural,none,42,PGExplainer,8089,1,,0.875,,,0.0945444107055664,-0.05100095272064209,28
1,GCN,natural,none,42,PGExplainer,9253,4,,0.9583333333333334,,,0.020294487476348877,-0.008585572242736816,37
1,GCN,natural,none,42,PGExplainer,8588,2,,0.25,,,0.3245040476322174,-0.2015523910522461,25
1,GCN,natural,none,42,PGExplainer,8979,3,,0.9565217391304348,,,0.005696415901184082,-0.00102996826171875,36
1,GCN,natural,none,42,PGExplainer,8973,3,,0.9565217391304348,,,0.1663396954536438,-0.02208244800567627,39
1,GCN,natural,none,42,PGExplainer,9165,3,,1.0,,,-0.009796619415283203,-0.07017248868942261,32
1,GCN,natural,none,42,PGExplainer,8049,1,,0.9411764705882353,,,0.13378554582595825,-0.05627131462097168,32
1,GCN,natural,none,42,PGExplainer,8674,2,,0.6666666666666666,,,0.2796957790851593,-0.3541925549507141,24
1,GCN,natural,none,42,PGExplainer,9456,4,,0.9500000000000001,,,0.04877614974975586,-0.093483567237854,36
1,GCN,natural,none,42,PGExplainer,8954,3,,0.9333333333333333,,,0.012215495109558105,-0.0006887912750244141,32
1,GCN,natural,none,42,PGExplainer,8866,3,,0.9285714285714286,,,0.14381921291351318,-0.00876694917678833,40
1,GCN,natural,none,42,PGExplainer,9123,3,,0.9375,,,0.012612462043762207,-0.04146909713745117,29
1,GCN,natural,none,42,PGExplainer,8342,1,,0.68,,,0.04486805200576782,-0.036318302154541016,87
1,GCN,natural,none,42,PGExplainer,8809,2,,0.0,,,0.04222548007965088,0.23155230283737183,19
1,GCN,natural,none,42,PGExplainer,8632,2,,0.75,,,0.5065610408782959,-0.21973198652267456,23
1,GCN,natural,none,42,PGExplainer,9166,3,,1.0,,,-0.0064882636070251465,-0.008946359157562256,28
1,GCN,natural,none,42,PGExplainer,9360,4,,0.9230769230769231,,,0.09830933809280396,-0.37494832277297974,29
1,GCN,natural,none,42,PGExplainer,8248,1,,0.9565217391304348,,,0.15985029935836792,-0.2865874171257019,33
1,GCN,natural,none,42,PGExplainer,8633,2,,0.5,,,0.10809975862503052,-0.11871904134750366,21
1,GCN,natural,none,42,GNNShap,9125,3,0.9822556390977443,,0.0,0.9853134876418427,0.8115116357803345,0.027879774570465088,35
1,GCN,natural,none,42,GNNShap,8959,3,0.9909774436090224,,0.0,0.9747226631759351,0.9177192449569702,0.015249013900756836,29
1,GCN,natural,none,42,GNNShap,8094,1,0.9984962406015038,,0.0,0.971488691625704,0.8657515048980713,0.13320595026016235,29
1,GCN,natural,none,42,GNNShap,8723,2,0.9981954887218045,,0.0,0.952097654519114,-0.23098814487457275,0.679862380027771,26
1,GCN,natural,none,42,GNNShap,9210,4,0.9790977443609021,,0.0,0.9543367244740532,0.7221957445144653,0.4849892854690552,35
1,GCN,natural,none,42,GNNShap,9444,4,0.9909774436090224,,0.0,0.9764427017143508,0.4973627030849457,0.6878563165664673,39
1,GCN,natural,none,42,GNNShap,8639,2,0.9709774436090225,,1.0,0.9737046201180599,0.8740497827529907,0.2870213985443115,24
1,GCN,natural,none,42,GNNShap,8527,2,0.9963909774436089,,0.0,0.9748827606609091,0.5283642411231995,0.1386728286743164,22
1,GCN,natural,none,42,GNNShap,8123,1,0.9240601503759398,,0.0,0.9840319623803067,0.9108269810676575,0.561519205570221,69
1,GCN,natural,none,42,GNNShap,9335,4,0.9935338345864662,,0.0,0.9637674302506649,0.9152576923370361,0.2827194333076477,32
1,GCN,natural,none,42,GNNShap,9372,4,0.9781954887218045,,0.0,0.9925210048154754,0.9132561087608337,0.0830870270729065,64
1,GCN,natural,none,42,GNNShap,8089,1,0.983157894736842,,0.0,0.9817607238418846,0.8640059232711792,0.20505517721176147,28
1,GCN,natural,none,42,GNNShap,9253,4,0.9709774436090225,,0.0,0.9574684829696121,0.45046699047088623,0.47393369674682617,37
1,GCN,natural,none,42,GNNShap,8588,2,0.9765413533834586,,1.0,0.9874111591931882,0.7764479517936707,0.07497662305831909,25
1,GCN,natural,none,42,GNNShap,8979,3,0.9896240601503757,,0.0,0.9848226116695813,0.588222324848175,0.09295326471328735,36
1,GCN,natural,none,42,GNNShap,8973,3,0.9966917293233083,,0.0,0.9827451457303388,0.8909389972686768,0.09149837493896484,39
1,GCN,natural,none,42,GNNShap,9165,3,0.9921804511278193,,0.0,0.9917528798680175,0.8904712796211243,0.04635554552078247,32
1,GCN,natural,none,42,GNNShap,8049,1,0.9935338345864659,,0.0,0.9290765459829945,0.8020205497741699,0.1602405309677124,32
1,GCN,natural,none,42,GNNShap,8674,2,0.9932330827067668,,0.0,0.9711608828387182,0.6290952563285828,0.10415923595428467,24
1,GCN,natural,none,42,GNNShap,9456,4,0.9924812030075187,,0.0,0.9649851852091844,-0.021120011806488037,0.8958407640457153,36
1,GCN,natural,none,42,GNNShap,8954,3,0.9926315789473683,,0.0,0.9856299749399486,0.9634884595870972,0.0012485384941101074,32
1,GCN,natural,none,42,GNNShap,8866,3,0.9778947368421053,,0.0,0.9741681509316429,0.9021477103233337,0.0907365083694458,40
1,GCN,natural,none,42,GNNShap,9123,3,0.9908270676691731,,0.0,0.9851446680908273,0.9353392124176025,0.0705375075340271,29
1,GCN,natural,none,42,GNNShap,8342,1,0.9718796992481205,,0.0,0.9958931019207494,0.9622602462768555,0.1387547254562378,87
1,GCN,natural,none,42,GNNShap,8809,2,0.9908270676691728,,1.0,0.9901583839635821,0.8116354942321777,0.13834255933761597,19
1,GCN,natural,none,42,GNNShap,8632,2,0.9953383458646614,,1.0,0.9691683633973728,0.7559796571731567,0.24249136447906494,23
1,GCN,natural,none,42,GNNShap,9166,3,0.986315789473684,,0.0,0.9840111929048254,0.9501753449440002,0.015604496002197266,28
1,GCN,natural,none,42,GNNShap,9360,4,0.9951879699248121,,0.0,0.9641355290231737,0.5855216383934021,0.309955894947052,29
1,GCN,natural,none,42,GNNShap,8248,1,0.9930827067669172,,0.0,0.957403139588941,0.06296378374099731,0.7034428715705872,33
1,GCN,natural,none,42,GNNShap,8633,2,0.9870676691729322,,1.0,0.9749475706599722,0.8524725437164307,0.15945035219192505,21
1,GCN,natural,none,43,GNNExplainer,9226,4,0.9735338345864661,0.5333333333333333,1.0,,0.30816540122032166,-0.31947261095046997,29
1,GCN,natural,none,43,GNNExplainer,8739,2,0.9810526315789474,0.375,1.0,,0.6530730128288269,-0.23425930738449097,22
1,GCN,natural,none,43,GNNExplainer,9264,4,0.9854135338345864,0.5,0.0,,0.40974438190460205,-0.12870103120803833,27
1,GCN,natural,none,43,GNNExplainer,8633,2,0.9751879699248119,0.25,1.0,,0.8082326650619507,-0.1898781657218933,21
1,GCN,natural,none,43,GNNExplainer,8596,2,0.9750375939849624,0.375,1.0,,0.5963214039802551,-0.3959951400756836,22
1,GCN,natural,none,43,GNNExplainer,8089,1,0.9678195488721804,0.53125,0.0,,0.17456704378128052,-0.08735018968582153,28
1,GCN,natural,none,43,GNNExplainer,8049,1,0.989624060150376,0.5294117647058824,1.0,,0.8613718748092651,-0.07408922910690308,32
1,GCN,natural,none,43,GNNExplainer,8094,1,0.9858646616541356,0.5666666666666667,0.0,,0.6733556985855103,-0.0059465765953063965,29
1,GCN,natural,none,43,GNNExplainer,9083,3,0.9864661654135338,0.53125,1.0,,0.6669227480888367,-0.012705683708190918,33
1,GCN,natural,none,43,GNNExplainer,9072,3,0.9858646616541351,0.53125,0.0,,0.9126333594322205,-0.04061698913574219,32
1,GCN,natural,none,43,GNNExplainer,9139,3,0.9828571428571428,0.5333333333333333,1.0,,0.6519995331764221,-0.025923728942871094,34
1,GCN,natural,none,43,GNNExplainer,9253,4,0.9762406015037595,0.6458333333333334,1.0,,0.044392943382263184,0.868267297744751,37
1,GCN,natural,none,43,GNNExplainer,8123,1,0.9902255639097743,0.6666666666666666,0.0,,0.9682762622833252,-0.03171056509017944,69
1,GCN,natural,none,43,GNNExplainer,9306,4,0.986766917293233,0.5454545454545454,1.0,,0.6680397987365723,-0.27488386631011963,26
1,GCN,natural,none,43,GNNExplainer,8979,3,0.984812030075188,0.5869565217391305,0.0,,0.06154674291610718,-0.002007722854614258,36
1,GCN,natural,none,43,GNNExplainer,9446,4,0.9708270676691729,0.7,0.0,,0.996091902256012,-0.00015556812286376953,87
1,GCN,natural,none,43,GNNExplainer,9250,4,0.991578947368421,0.5625,0.0,,0.4131206274032593,-0.03588336706161499,43
1,GCN,natural,none,43,GNNExplainer,8632,2,0.9839097744360901,0.5,0.0,,0.6883013248443604,-0.311565637588501,23
1,GCN,natural,none,43,GNNExplainer,9335,4,0.9837593984962405,0.6,0.0,,0.6113561987876892,-0.04886585474014282,32
1,GCN,natural,none,43,GNNExplainer,8327,1,0.9915789473684209,0.55,1.0,,0.00015676021575927734,-0.0013558268547058105,34
1,GCN,natural,none,43,GNNExplainer,8252,1,0.9933834586466164,0.5434782608695652,0.0,,0.889251172542572,-0.044255971908569336,35
1,GCN,natural,none,43,GNNExplainer,8196,1,0.9804511278195489,0.5833333333333334,0.0,,0.6439917087554932,-0.3259856700897217,29
1,GCN,natural,none,43,GNNExplainer,8639,2,0.985563909774436,0.25,0.0,,0.6516571044921875,-0.10984402894973755,24
1,GCN,natural,none,43,GNNExplainer,8892,3,0.9837593984962405,0.5263157894736842,0.0,,0.9299970269203186,-0.06639087200164795,33
1,GCN,natural,none,43,GNNExplainer,8659,2,0.97203007518797,0.5,1.0,,0.7459462881088257,-0.24232721328735352,21
1,GCN,natural,none,43,GNNExplainer,8980,3,0.9912781954887218,0.5217391304347826,0.0,,0.7809320688247681,-0.17362821102142334,45
1,GCN,natural,none,43,GNNExplainer,8880,3,0.9833082706766916,0.5263157894736842,1.0,,0.10509365797042847,-0.0034412741661071777,34
1,GCN,natural,none,43,GNNExplainer,8137,1,0.9809022556390976,0.5555555555555556,0.0,,0.10284155607223511,-0.00045353174209594727,34
1,GCN,natural,none,43,GNNExplainer,8359,1,0.9836090225563909,0.52,1.0,,0.8560420870780945,-0.10194683074951172,41
1,GCN,natural,none,43,GNNExplainer,8758,2,0.9845112781954886,0.625,1.0,,0.8285241723060608,-0.14354801177978516,23
1,GCN,natural,none,43,PGExplainer,9226,4,,0.9333333333333333,,,0.10911983251571655,-0.31947243213653564,29
1,GCN,natural,none,43,PGExplainer,8739,2,,0.25,,,0.4821214973926544,-0.23406541347503662,22
1,GCN,natural,none,43,PGExplainer,9264,4,,0.9230769230769231,,,0.24065697193145752,-0.128700852394104,27
1,GCN,natural,none,43,PGExplainer,8633,2,,0.5,,,0.17384052276611328,-0.17723166942596436,21
1,GCN,natural,none,43,PGExplainer,8596,2,,0.625,,,0.33202260732650757,-0.3823060989379883,22
1,GCN,natural,none,43,PGExplainer,8089,1,,0.875,,,-0.007160961627960205,-0.08735007047653198,28
1,GCN,natural,none,43,PGExplainer,8049,1,,0.9411764705882353,,,0.051582515239715576,-0.06699734926223755,32
1,GCN,natural,none,43,PGExplainer,8094,1,,0.8666666666666667,,,0.029475510120391846,-0.0059465765953063965,29
1,GCN,natural,none,43,PGExplainer,9083,3,,0.9375,,,0.06758564710617065,-0.012707233428955078,33
1,GCN,natural,none,43,PGExplainer,9072,3,,0.9375,,,0.18074029684066772,-0.04062247276306152,32
1,GCN,natural,none,43,PGExplainer,9139,3,,0.9333333333333333,,,0.10748207569122314,-0.025923728942871094,34
1,GCN,natural,none,43,PGExplainer,9253,4,,0.9583333333333334,,,0.013506174087524414,-0.012925922870635986,37
1,GCN,natural,none,43,PGExplainer,8123,1,,0.5277777777777778,,,0.24699217081069946,-0.03171056509017944,69
1,GCN,natural,none,43,PGExplainer,9306,4,,0.9090909090909091,,,0.27885371446609497,-0.27488380670547485,26
1,GCN,natural,none,43,PGExplainer,8979,3,,0.9782608695652174,,,0.00746840238571167,-0.002007722854614258,36
1,GCN,natural,none,43,PGExplainer,9446,4,,0.675,,,0.0002243518829345703,-0.00015556812286376953,87
1,GCN,natural,none,43,PGExplainer,9250,4,,0.9583333333333334,,,0.042568981647491455,-0.035883307456970215,43
1,GCN,natural,none,43,PGExplainer,8632,2,,0.75,,,0.4529266655445099,-0.3115096092224121,23
1,GCN,natural,none,43,PGExplainer,9335,4,,0.9500000000000001,,,0.06223952770233154,-0.04886585474014282,32
1,GCN,natural,none,43,PGExplainer,8327,1,,0.9,,,0.0008612871170043945,-0.0013558268547058105,34
1,GCN,natural,none,43,PGExplainer,8252,1,,0.9565217391304348,,,0.029311835765838623,-0.03964334726333618,35
1,GCN,natural,none,43,PGExplainer,8196,1,,0.8333333333333334,,,0.31994393467903137,-0.32514244318008423,29
1,GCN,natural,none,43,PGExplainer,8639,2,,0.625,,,0.24800163507461548,-0.11001366376876831,24
1,GCN,natural,none,43,PGExplainer,8892,3,,0.9473684210526315,,,0.2880602478981018,-0.06639134883880615,33
1,GCN,natural,none,43,PGExplainer,8659,2,,0.75,,,0.15012246370315552,-0.2357005476951599,21
1,GCN,natural,none,43,PGExplainer,8980,3,,0.9565217391304348,,,0.5174014568328857,-0.17362815141677856,45
1,GCN,natural,none,43,PGExplainer,8880,3,,0.9473684210526315,,,0.05137902498245239,-0.008001387119293213,34
1,GCN,natural,none,43,PGExplainer,8137,1,,0.9444444444444444,,,0.003118753433227539,-0.00045353174209594727,34
1,GCN,natural,none,43,PGExplainer,8359,1,,0.96,,,0.006503164768218994,-0.10194504261016846,41
1,GCN,natural,none,43,PGExplainer,8758,2,,0.5,,,0.233143150806427,-0.14345991611480713,23
1,GCN,natural,none,43,GNNShap,9226,4,0.9912781954887218,,0.0,0.9787220917067267,0.6000074744224548,0.3944973349571228,29
1,GCN,natural,none,43,GNNShap,8739,2,0.9869172932330826,,1.0,0.98632368202188,0.7438504099845886,0.447567880153656,22
1,GCN,natural,none,43,GNNShap,9264,4,0.9941353383458645,,0.0,0.9795392447490073,0.311511754989624,0.6551386713981628,27
1,GCN,natural,none,43,GNNShap,8633,2,0.9738345864661653,,1.0,0.9813414776488869,0.7790938019752502,0.1606884002685547,21
1,GCN,natural,none,43,GNNShap,8596,2,0.9825563909774434,,0.0,0.9638374597226653,0.5701014995574951,0.12445235252380371,22
1,GCN,natural,none,43,GNNShap,8089,1,0.9890225563909774,,0.0,0.9735041778812112,0.8402533531188965,0.21414339542388916,28
1,GCN,natural,none,43,GNNShap,8049,1,0.9960902255639098,,0.0,0.9237528158208951,0.7626213431358337,0.21755564212799072,32
1,GCN,natural,none,43,GNNShap,8094,1,0.9959398496240601,,0.0,0.9718437573656373,0.7173622846603394,0.172623872756958,29
1,GCN,natural,none,43,GNNShap,9083,3,0.9897744360902255,,0.0,0.9887197522407692,0.831272304058075,0.1467028260231018,33
1,GCN,natural,none,43,GNNShap,9072,3,0.9948872180451126,,0.0,0.9829887036000869,0.8802136182785034,0.16095614433288574,32
1,GCN,natural,none,43,GNNShap,9139,3,0.9960902255639097,,0.0,0.9882052919059445,0.8585383892059326,0.08289265632629395,34
1,GCN,natural,none,43,GNNShap,9253,4,0.9918796992481201,,1.0,0.9450603807099391,0.33754265308380127,0.5110601186752319,37
1,GCN,natural,none,43,GNNShap,8123,1,0.9595488721804509,,0.0,0.9880041212859968,0.8971309661865234,0.6670275926589966,69
1,GCN,natural,none,43,GNNShap,9306,4,0.9807518796992479,,0.0,0.9747347442725609,0.6731329560279846,0.09645360708236694,26
1,GCN,natural,none,43,GNNShap,8979,3,0.9766917293233082,,0.0,0.9847045994838911,0.4248257875442505,0.1248658299446106,36
1,GCN,natural,none,43,GNNShap,9446,4,0.9654135338345864,,0.0,0.9962633785077889,0.964219331741333,0.00265425443649292,87
1,GCN,natural,none,43,GNNShap,9250,4,0.983157894736842,,0.0,0.9791615489233202,0.8300476670265198,0.22992759943008423,43
1,GCN,natural,none,43,GNNShap,8632,2,0.9903759398496239,,1.0,0.9732214529162944,0.6504936218261719,0.2087041735649109,23
1,GCN,natural,none,43,GNNShap,9335,4,0.9951879699248121,,0.0,0.9706415604979673,0.887248694896698,0.24465733766555786,32
1,GCN,natural,none,43,GNNShap,8327,1,0.9911278195488722,,0.0,0.9794510165959849,0.8890787363052368,0.004574954509735107,34
1,GCN,natural,none,43,GNNShap,8252,1,0.9905263157894735,,0.0,0.9594473109776548,0.18631893396377563,0.6498895883560181,35
1,GCN,natural,none,43,GNNShap,8196,1,0.9960902255639097,,0.0,0.9749491145909615,0.589280903339386,0.20730772614479065,29
1,GCN,natural,none,43,GNNShap,8639,2,0.9900751879699247,,1.0,0.9687798940802619,0.8181535005569458,0.2362990379333496,24
1,GCN,natural,none,43,GNNShap,8892,3,0.9902255639097743,,0.0,0.9833529266440056,0.2551988363265991,0.7690803408622742,33
1,GCN,natural,none,43,GNNShap,8659,2,0.9900751879699247,,0.0,0.9567916076921676,0.7221474647521973,0.10806185007095337,21
1,GCN,natural,none,43,GNNShap,8980,3,0.9978947368421054,,0.0,0.9855521700830977,-0.10233747959136963,0.8228422403335571,45
1,GCN,natural,none,43,GNNShap,8880,3,0.9849624060150374,,0.0,0.9865091981960369,0.9315099716186523,0.047547221183776855,34
1,GCN,natural,none,43,GNNShap,8137,1,0.9908270676691728,,1.0,0.958074988948189,0.8531494140625,0.012937545776367188,34
1,GCN,natural,none,43,GNNShap,8359,1,0.9978947368421052,,0.0,0.9541362856462527,-0.08620721101760864,0.8726921677589417,41
1,GCN,natural,none,43,GNNShap,8758,2,0.9918796992481201,,0.0,0.9601904846278778,0.8156182169914246,0.21974796056747437,23
1,GCN,natural,none,44,GNNExplainer,9127,3,0.9804511278195488,0.53125,0.0,,0.9459160566329956,-0.023126065731048584,32
1,GCN,natural,none,44,GNNExplainer,8973,3,0.9842105263157894,0.5217391304347826,1.0,,0.21781718730926514,-0.0256730318069458,39
1,GCN,natural,none,44,GNNExplainer,8094,1,0.9790977443609024,0.5666666666666667,0.0,,0.4798573851585388,-0.006869375705718994,29
1,GCN,natural,none,44,GNNExplainer,8706,2,0.9613533834586466,0.75,1.0,,0.8191354870796204,-0.1802910566329956,19
1,GCN,natural,none,44,GNNExplainer,9224,4,0.9890225563909774,0.5333333333333333,1.0,,0.24335366487503052,-0.03411507606506348,31
1,GCN,natural,none,44,GNNExplainer,9444,4,0.9818045112781955,0.6458333333333334,1.0,,-0.06841593980789185,-0.12787503004074097,39
1,GCN,natural,none,44,GNNExplainer,8633,2,0.9568421052631578,0.375,1.0,,0.8400200009346008,-0.14112567901611328,21
1,GCN,natural,none,44,GNNExplainer,8492,2,0.9778947368421053,0.5,1.0,,0.9192689061164856,-0.05488455295562744,22
1,GCN,natural,none,44,GNNExplainer,8115,1,0.9870676691729322,0.55,1.0,,0.5734929442405701,-0.4111979007720947,28
1,GCN,natural,none,44,GNNExplainer,9337,4,0.9810526315789474,0.575,1.0,,0.600998044013977,-0.35964465141296387,33
1,GCN,natural,none,44,GNNExplainer,9227,4,0.9882706766917291,0.5333333333333333,1.0,,0.5322007536888123,-0.28383952379226685,30
1,GCN,natural,none,44,GNNExplainer,8089,1,0.9658646616541352,0.53125,0.0,,0.11275798082351685,-0.07065045833587646,28
1,GCN,natural,none,44,GNNExplainer,9261,4,0.9730827067669173,0.5,1.0,,0.6557824611663818,-0.08037161827087402,33
1,GCN,natural,none,44,GNNExplainer,8558,2,0.9533834586466166,0.375,1.0,,0.7272363901138306,-0.2726423144340515,20
1,GCN,natural,none,44,GNNExplainer,8980,3,0.9875187969924811,0.5217391304347826,0.0,,0.8581903576850891,-0.12934339046478271,45
1,GCN,natural,none,44,GNNExplainer,8979,3,0.9849624060150374,0.5869565217391305,0.0,,0.034229159355163574,-0.0009300112724304199,36
1,GCN,natural,none,44,GNNExplainer,9166,3,0.9738345864661653,0.5384615384615384,1.0,,0.95484858751297,-0.00998300313949585,28
1,GCN,natural,none,44,GNNExplainer,8049,1,0.993984962406015,0.5294117647058824,1.0,,0.44927456974983215,-0.0563054084777832,32
1,GCN,natural,none,44,GNNExplainer,8665,2,0.9615037593984962,0.625,1.0,,0.6386427879333496,-0.33013397455215454,18
1,GCN,natural,none,44,GNNExplainer,9450,4,0.9963909774436089,0.525,0.0,,0.8462716341018677,-0.07845234870910645,41
1,GCN,natural,none,44,GNNExplainer,8959,3,0.9824060150375941,0.5333333333333333,1.0,,0.15727239847183228,0.40136998891830444,29
1,GCN,natural,none,44,GNNExplainer,8869,3,0.9885714285714284,0.5238095238095238,1.0,,0.5095678567886353,-0.02949821949005127,36
1,GCN,natural,none,44,GNNExplainer,9125,3,0.9890225563909774,0.53125,1.0,,0.7045509219169617,-0.0032941699028015137,35
1,GCN,natural,none,44,GNNExplainer,8327,1,0.9840601503759399,0.55,1.0,,0.0003330111503601074,-0.0010176897048950195,34
1,GCN,natural,none,44,GNNExplainer,8822,2,0.9751879699248119,0.16666666666666666,1.0,,0.8338884711265564,-0.13479316234588623,23
1,GCN,natural,none,44,GNNExplainer,8630,2,0.9834586466165411,0.375,1.0,,0.7250210642814636,-0.2533155083656311,26
1,GCN,natural,none,44,GNNExplainer,9074,3,0.9769924812030073,0.53125,0.0,,0.8699861168861389,-0.12139624357223511,29
1,GCN,natural,none,44,GNNExplainer,9360,4,0.9888721804511278,0.5384615384615384,0.0,,0.641666829586029,-0.34837812185287476,29
1,GCN,natural,none,44,GNNExplainer,8238,1,0.9878195488721804,0.6086956521739131,0.0,,0.003351151943206787,-0.004290223121643066,33
1,GCN,natural,none,44,GNNExplainer,8632,2,0.9745864661654133,0.5,1.0,,0.7189859747886658,-0.28091490268707275,23
1,GCN,natural,none,44,PGExplainer,9127,3,,0.9375,,,-0.010167717933654785,-0.02312856912612915,32
1,GCN,natural,none,44,PGExplainer,8973,3,,0.9565217391304348,,,0.08600562810897827,-0.0256730318069458,39
1,GCN,natural,none,44,PGExplainer,8094,1,,0.8666666666666667,,,0.03817915916442871,-0.006869375705718994,29
1,GCN,natural,none,44,PGExplainer,8706,2,,0.5,,,0.27223801612854004,-0.1802830696105957,19
1,GCN,natural,none,44,PGExplainer,9224,4,,0.9333333333333333,,,0.02021205425262451,-0.03411507606506348,31
1,GCN,natural,none,44,PGExplainer,9444,4,,0.9583333333333334,,,-0.008235573768615723,-0.12787479162216187,39
1,GCN,natural,none,44,PGExplainer,8633,2,,0.5,,,0.1566370725631714,-0.13732725381851196,21
1,GCN,natural,none,44,PGExplainer,8492,2,,0.5,,,0.19969213008880615,-0.05449265241622925,22
1,GCN,natural,none,44,PGExplainer,8115,1,,0.8000000000000002,,,0.302216500043869,-0.3989657163619995,28
1,GCN,natural,none,44,PGExplainer,9337,4,,0.9500000000000001,,,-0.014406919479370117,-0.35964441299438477,33
1,GCN,natural,none,44,PGExplainer,9227,4,,0.9333333333333333,,,0.0700494647026062,-0.2838393449783325,30
1,GCN,natural,none,44,PGExplainer,8089,1,,0.875,,,-0.004768192768096924,-0.07065045833587646,28
1,GCN,natural,none,44,PGExplainer,9261,4,,0.9230769230769231,,,0.20054280757904053,-0.08037161827087402,33
1,GCN,natural,none,44,PGExplainer,8558,2,,0.75,,,0.5048560500144958,-0.27219879627227783,20
1,GCN,natural,none,44,PGExplainer,8980,3,,0.9565217391304348,,,0.45135724544525146,-0.12934350967407227,45
1,GCN,natural,none,44,PGExplainer,8979,3,,1.0,,,0.0017306804656982422,-0.0009300112724304199,36
1,GCN,natural,none,44,PGExplainer,9166,3,,1.0,,,0.00347977876663208,-0.010011732578277588,28
1,GCN,natural,none,44,PGExplainer,8049,1,,0.9411764705882353,,,0.02343517541885376,-0.0563054084777832,32
1,GCN,natural,none,44,PGExplainer,8665,2,,0.625,,,0.5690661072731018,-0.3297867178916931,18
1,GCN,natural,none,44,PGExplainer,9450,4,,0.9500000000000001,,,-0.03182566165924072,-0.07839775085449219,41
1,GCN,natural,none,44,PGExplainer,8959,3,,0.9333333333333333,,,0.0027664899826049805,-0.0016405582427978516,29
1,GCN,natural,none,44,PGExplainer,8869,3,,0.9523809523809523,,,0.1914691925048828,-0.02949821949005127,36
1,GCN,natural,none,44,PGExplainer,9125,3,,0.9375,,,0.00025463104248046875,-0.003298938274383545,35
1,GCN,natural,none,44,PGExplainer,8327,1,,0.9,,,0.0008313655853271484,-0.0010176897048950195,34
1,GCN,natural,none,44,PGExplainer,8822,2,,0.6666666666666666,,,0.3440425992012024,-0.13010108470916748,23
1,GCN,natural,none,44,PGExplainer,8630,2,,1.0,,,0.10418778657913208,-0.2533046007156372,26
1,GCN,natural,none,44,PGExplainer,9074,3,,0.9375,,,0.2928898334503174,-0.12140434980392456,29
1,GCN,natural,none,44,PGExplainer,9360,4,,0.9230769230769231,,,0.08515948057174683,-0.3483322858810425,29
1,GCN,natural,none,44,PGExplainer,8238,1,,0.9130434782608695,,,0.00031119585037231445,-0.004290223121643066,33
1,GCN,natural,none,44,PGExplainer,8632,2,,0.75,,,0.48355385661125183,-0.2808760404586792,23
1,GCN,natural,none,44,GNNShap,9127,3,0.9909774436090224,,0.0,0.9804841668823878,0.9300326108932495,0.009937405586242676,32
1,GCN,natural,none,44,GNNShap,8973,3,0.9966917293233083,,0.0,0.9827076144932173,0.8724666833877563,0.10655945539474487,39
1,GCN,natural,none,44,GNNShap,8094,1,0.9960902255639097,,0.0,0.9710280984917393,0.7949844598770142,0.13205748796463013,29
1,GCN,natural,none,44,GNNShap,8706,2,0.9942857142857141,,1.0,0.9760689826979323,0.766611635684967,0.34370937943458557,19
1,GCN,natural,none,44,GNNShap,9224,4,0.9888721804511278,,1.0,0.965154257154533,0.11700254678726196,0.909859299659729,31
1,GCN,natural,none,44,GNNShap,9444,4,0.993984962406015,,0.0,0.9642154302116321,0.4288216233253479,0.6420844197273254,39
1,GCN,natural,none,44,GNNShap,8633,2,0.9864661654135338,,1.0,0.9708451199717301,0.8305555582046509,0.1626194715499878,21
1,GCN,natural,none,44,GNNShap,8492,2,0.9909774436090224,,1.0,0.9725953020855685,0.01046079397201538,0.933197021484375,22
1,GCN,natural,none,44,GNNShap,8115,1,0.9951879699248121,,0.0,0.9627576010069351,0.493290513753891,0.5011425018310547,28
1,GCN,natural,none,44,GNNShap,9337,4,0.9885714285714284,,0.0,0.9798827209993423,0.5370522737503052,0.43130046129226685,33
1,GCN,natural,none,44,GNNShap,9227,4,0.9939849624060149,,0.0,0.977361140583103,0.6155135035514832,0.45600518584251404,30
1,GCN,natural,none,44,GNNShap,8089,1,0.989172932330827,,0.0,0.9856019278032788,0.8261461853981018,0.40787380933761597,28
1,GCN,natural,none,44,GNNShap,9261,4,0.9945864661654136,,0.0,0.9713474695127065,0.8600371479988098,0.1479353904724121,33
1,GCN,natural,none,44,GNNShap,8558,2,0.9854135338345864,,0.0,0.9692175316505098,0.7013598680496216,0.2343604564666748,20
1,GCN,natural,none,44,GNNShap,8980,3,0.9972932330827067,,0.0,0.9829021046995624,-0.01964467763900757,0.8674507737159729,45
1,GCN,natural,none,44,GNNShap,8979,3,0.9810526315789474,,0.0,0.9902404249320693,0.44005292654037476,0.08202052116394043,36
1,GCN,natural,none,44,GNNShap,9166,3,0.9957894736842106,,0.0,0.9765912366682379,0.9420877695083618,0.011644840240478516,28
1,GCN,natural,none,44,GNNShap,8049,1,0.9963909774436089,,0.0,0.9173735396240594,0.8154401183128357,0.17217159271240234,32
1,GCN,natural,none,44,GNNShap,8665,2,0.9884210526315789,,0.0,0.9657100174391408,0.6383982300758362,0.2872948944568634,18
1,GCN,natural,none,44,GNNShap,9450,4,0.9984962406015038,,1.0,0.9644125968683589,0.7894015908241272,0.39191025495529175,41
1,GCN,natural,none,44,GNNShap,8959,3,0.9948872180451127,,0.0,0.975957758862138,0.912954568862915,0.016140282154083252,29
1,GCN,natural,none,44,GNNShap,8869,3,0.9930827067669172,,0.0,0.9906328996457567,0.18361610174179077,0.8976686596870422,36
1,GCN,natural,none,44,GNNShap,9125,3,0.984360902255639,,0.0,0.9894150545711892,0.7776870131492615,0.03331577777862549,35
1,GCN,natural,none,44,GNNShap,8327,1,0.9957894736842106,,0.0,0.9751031868012037,0.8945747017860413,0.00391000509262085,34
1,GCN,natural,none,44,GNNShap,8822,2,0.9909774436090226,,0.0,0.9828893954408094,0.8352125287055969,0.24205917119979858,23
1,GCN,natural,none,44,GNNShap,8630,2,0.9828571428571425,,0.0,0.9704692983829725,0.07330554723739624,0.7446846961975098,26
1,GCN,natural,none,44,GNNShap,9074,3,0.9908270676691728,,0.0,0.9725716419114387,0.8504846096038818,0.03357440233230591,29
1,GCN,natural,none,44,GNNShap,9360,4,0.9935338345864662,,0.0,0.9574851722411267,0.5989165306091309,0.269610196352005,29
1,GCN,natural,none,44,GNNShap,8238,1,0.9918796992481204,,0.0,0.9839229194669725,0.9176694750785828,0.03318130970001221,33
1,GCN,natural,none,44,GNNShap,8632,2,0.9876691729323305,,1.0,0.9702658250041344,0.690326988697052,0.24011433124542236,23
1,TAGCN,1:1,none,42,GNNExplainer,9416,4,0.9374436090225562,0.6875,0.0,,0.9996019601821899,-0.00032198429107666016,33
1,TAGCN,1:1,none,42,GNNExplainer,8796,2,0.846015037593985,0.375,1.0,,0.5965368747711182,-0.20772266387939453,32
1,TAGCN,1:1,none,42,GNNExplainer,8453,2,0.9404511278195488,0.5,1.0,,0.8933752179145813,-0.024545013904571533,16
1,TAGCN,1:1,none,42,GNNExplainer,8447,2,0.9037593984962407,0.375,1.0,,0.4135453701019287,-0.003017723560333252,21
1,TAGCN,1:1,none,42,GNNExplainer,9344,4,0.47939849624060143,0.19230769230769232,0.0,,0.0,0.0,69
1,TAGCN,1:1,none,42,GNNExplainer,8049,1,0.9562406015037593,0.14705882352941177,1.0,,0.7863886952400208,-0.21356850862503052,32
1,TAGCN,1:1,none,42,GNNExplainer,8225,1,0.9392481203007519,0.7,0.0,,0.9902517199516296,-0.009325563907623291,29
1,TAGCN,1:1,none,42,GNNExplainer,9425,4,0.9333834586466164,0.7708333333333333,0.0,,0.9881695508956909,-0.011706769466400146,39
1,TAGCN,1:1,none,42,GNNExplainer,9437,4,0.9362406015037594,0.625,0.0,,0.9996090531349182,-5.710124969482422e-05,38
1,TAGCN,1:1,none,42,GNNExplainer,8496,2,0.9518796992481201,0.5,1.0,,0.8694050908088684,-0.1297851800918579,26
1,TAGCN,1:1,none,42,GNNExplainer,8761,2,0.7421052631578947,0.25,1.0,,0.04132014513015747,-0.05336415767669678,30
1,TAGCN,1:1,none,42,GNNExplainer,9083,3,0.8661654135338346,0.59375,1.0,,0.9180963635444641,-0.08188825845718384,33
1,TAGCN,1:1,none,42,GNNExplainer,8324,1,0.737142857142857,0.6,1.0,,0.9940841197967529,-7.152557373046875e-07,29
1,TAGCN,1:1,none,42,GNNExplainer,9125,3,0.8891729323308268,0.53125,1.0,,0.5632060170173645,-6.723403930664062e-05,35
1,TAGCN,1:1,none,42,GNNExplainer,9349,4,0.8705263157894738,0.6923076923076923,0.0,,0.9339355230331421,-0.035944342613220215,29
1,TAGCN,1:1,none,42,GNNExplainer,8252,1,0.8741353383458644,0.5652173913043478,0.0,,0.9941250681877136,-0.0004349350929260254,35
1,TAGCN,1:1,none,42,GNNExplainer,8248,1,0.9112781954887218,0.717391304347826,0.0,,0.931458055973053,-0.06844127178192139,33
1,TAGCN,1:1,none,42,GNNExplainer,9215,4,0.9097744360902256,0.8333333333333334,0.0,,0.9908460974693298,-0.008769392967224121,32
1,TAGCN,1:1,none,42,GNNExplainer,9180,4,0.8554887218045112,0.6,0.0,,0.04510682821273804,-0.0004292130470275879,29
1,TAGCN,1:1,none,42,GNNExplainer,8673,2,0.8699248120300751,0.5,1.0,,0.4614536166191101,-0.0057582855224609375,19
1,TAGCN,1:1,none,42,GNNExplainer,8736,2,0.8404511278195489,0.5,1.0,,0.941306471824646,-0.0032098889350891113,27
1,TAGCN,1:1,none,42,GNNExplainer,8866,3,0.9034586466165413,0.6190476190476191,1.0,,0.8613677620887756,-0.13862735033035278,40
1,TAGCN,1:1,none,42,GNNExplainer,8775,2,0.8563909774436089,0.5,1.0,,0.026630043983459473,-0.0024881362915039062,18
1,TAGCN,1:1,none,42,GNNExplainer,8506,2,0.8957894736842105,0.0,0.0,,0.010866403579711914,0.9983328580856323,16
1,TAGCN,1:1,none,42,GNNExplainer,8605,2,0.9145864661654135,0.375,1.0,,0.31522268056869507,-0.00411677360534668,21
1,TAGCN,1:1,none,42,GNNExplainer,8026,1,0.9742857142857144,0.82,1.0,,-0.05444902181625366,0.8484179973602295,31
1,TAGCN,1:1,none,42,GNNExplainer,9224,4,0.9714285714285712,0.7666666666666667,0.0,,-0.005922257900238037,0.7085766792297363,31
1,TAGCN,1:1,none,42,GNNExplainer,9292,4,0.8787969924812028,0.45,0.0,,0.9167715311050415,-0.0058209896087646484,25
1,TAGCN,1:1,none,42,GNNExplainer,8871,3,0.8239097744360901,0.6190476190476191,0.0,,0.9857003688812256,-8.785724639892578e-05,32
1,TAGCN,1:1,none,42,GNNExplainer,8954,3,0.7896240601503759,0.5,1.0,,0.1616644263267517,-5.245208740234375e-06,32
1,TAGCN,1:1,none,42,PGExplainer,9416,4,,0.9375,,,-0.00032198429107666016,0.2878878116607666,33
1,TAGCN,1:1,none,42,PGExplainer,8796,2,,0.75,,,0.7560373544692993,-0.20772284269332886,32
1,TAGCN,1:1,none,42,PGExplainer,8453,2,,1.0,,,0.9687749147415161,-0.024555861949920654,16
1,TAGCN,1:1,none,42,PGExplainer,8447,2,,1.0,,,0.17279422283172607,-0.0030178427696228027,21
1,TAGCN,1:1,none,42,PGExplainer,9344,4,,0.9230769230769231,,,0.0,0.0,69
1,TAGCN,1:1,none,42,PGExplainer,8049,1,,0.9411764705882353,,,0.5248649716377258,0.129095196723938,32
1,TAGCN,1:1,none,42,PGExplainer,8225,1,,0.9333333333333333,,,-0.008607029914855957,0.21292001008987427,29
1,TAGCN,1:1,none,42,PGExplainer,9425,4,,0.9791666666666666,,,0.06027233600616455,0.5459291338920593,39
1,TAGCN,1:1,none,42,PGExplainer,9437,4,,0.9791666666666666,,,0.0005896687507629395,0.2058979868888855,38
1,TAGCN,1:1,none,42,PGExplainer,8496,2,,0.5,,,0.8695947527885437,-0.12978529930114746,26
1,TAGCN,1:1,none,42,PGExplainer,8761,2,,1.0,,,0.06146979331970215,-0.05333817005157471,30
1,TAGCN,1:1,none,42,PGExplainer,9083,3,,0.9375,,,0.3467249274253845,-0.07609260082244873,33
1,TAGCN,1:1,none,42,PGExplainer,8324,1,,0.9500000000000001,,,-7.152557373046875e-07,0.0397682785987854,29
1,TAGCN,1:1,none,42,PGExplainer,9125,3,,0.96875,,,0.0009642243385314941,0.019889354705810547,35
1,TAGCN,1:1,none,42,PGExplainer,9349,4,,0.9230769230769231,,,-0.03563690185546875,0.13609296083450317,29
1,TAGCN,1:1,none,42,PGExplainer,8252,1,,0.9782608695652174,,,-0.0004152655601501465,0.017227590084075928,35
1,TAGCN,1:1,none,42,PGExplainer,8248,1,,0.9565217391304348,,,-0.06528764963150024,0.25534558296203613,33
1,TAGCN,1:1,none,42,PGExplainer,9215,4,,0.9333333333333333,,,-0.008769392967224121,0.4802389144897461,32
1,TAGCN,1:1,none,42,PGExplainer,9180,4,,0.9,,,-0.00042825937271118164,0.04510682821273804,29
1,TAGCN,1:1,none,42,PGExplainer,8673,2,,1.0,,,0.052813947200775146,-0.0057430267333984375,19
1,TAGCN,1:1,none,42,PGExplainer,8736,2,,1.0,,,0.9468634724617004,-0.0032098889350891113,27
1,TAGCN,1:1,none,42,PGExplainer,8866,3,,0.9523809523809523,,,0.37991005182266235,-0.1257617473602295,40
1,TAGCN,1:1,none,42,PGExplainer,8775,2,,1.0,,,0.05694478750228882,-0.002488255500793457,18
1,TAGCN,1:1,none,42,PGExplainer,8506,2,,1.0,,,0.0032907724380493164,0.9986477494239807,16
1,TAGCN,1:1,none,42,PGExplainer,8605,2,,1.0,,,0.2342882752418518,-0.00411677360534668,21
1,TAGCN,1:1,none,42,PGExplainer,8026,1,,0.94,,,-0.06051838397979736,0.8484179973602295,31
1,TAGCN,1:1,none,42,PGExplainer,9224,4,,0.9333333333333333,,,-0.017139434814453125,0.7085766792297363,31
1,TAGCN,1:1,none,42,PGExplainer,9292,4,,0.9500000000000001,,,-0.005468487739562988,0.005611300468444824,25
1,TAGCN,1:1,none,42,PGExplainer,8871,3,,0.9761904761904762,,,9.316205978393555e-05,0.0008499026298522949,32
1,TAGCN,1:1,none,42,PGExplainer,8954,3,,1.0,,,4.494190216064453e-05,0.0010481476783752441,32
1,TAGCN,1:1,none,42,GNNShap,9416,4,0.974436090225564,,0.0,0.9548473044555476,0.008256614208221436,0.9507628679275513,33
1,TAGCN,1:1,none,42,GNNShap,8796,2,0.974436090225564,,0.0,0.9798932249159751,0.7911168932914734,0.017582058906555176,32
1,TAGCN,1:1,none,42,GNNShap,8453,2,0.9618045112781953,,0.0,0.9710071147937871,0.9493000507354736,0.07021152973175049,16
1,TAGCN,1:1,none,42,GNNShap,8447,2,0.9795488721804511,,0.0,0.9680289518175036,0.9933342337608337,0.0031127333641052246,21
1,TAGCN,1:1,none,42,GNNShap,9344,4,0.8493233082706766,,0.0,0.9981660982362145,0.9999035596847534,0.0,69
1,TAGCN,1:1,none,42,GNNShap,8049,1,0.9900751879699247,,0.0,0.9378941700908013,0.7254586219787598,-0.21358966827392578,32
1,TAGCN,1:1,none,42,GNNShap,8225,1,0.9875187969924809,,0.0,0.9442501296863165,-0.00411301851272583,0.9904443025588989,29
1,TAGCN,1:1,none,42,GNNShap,9425,4,0.9882706766917291,,0.0,0.9576396072128208,0.058737218379974365,0.9535320997238159,39
1,TAGCN,1:1,none,42,GNNShap,9437,4,0.97593984962406,,0.0,0.9477925215938182,0.009297847747802734,0.6712220311164856,38
1,TAGCN,1:1,none,42,GNNShap,8496,2,0.968421052631579,,0.0,0.947387403578459,-0.127829909324646,0.8701620697975159,26
1,TAGCN,1:1,none,42,GNNShap,8761,2,0.9646616541353383,,0.0,0.9720008317761113,-0.053363680839538574,0.946635901927948,30
1,TAGCN,1:1,none,42,GNNShap,9083,3,0.9726315789473684,,0.0,0.9777730551286756,0.903308629989624,0.13891667127609253,33
1,TAGCN,1:1,none,42,GNNShap,8324,1,0.9618045112781953,,0.0,0.950038340821546,0.9986046552658081,0.0,29
1,TAGCN,1:1,none,42,GNNShap,9125,3,0.9809022556390976,,0.0,0.9756466566876885,0.9754728674888611,0.00034099817276000977,35
1,TAGCN,1:1,none,42,GNNShap,9349,4,0.972781954887218,,0.0,0.936106844945774,0.05387914180755615,0.9443262219429016,29
1,TAGCN,1:1,none,42,GNNShap,8252,1,0.9759398496240601,,0.0,0.9612654031615246,-3.933906555175781e-05,0.9954149127006531,35
1,TAGCN,1:1,none,42,GNNShap,8248,1,0.9833082706766918,,0.0,0.9575034805995539,-0.06844115257263184,0.9315583109855652,33
1,TAGCN,1:1,none,42,GNNShap,9215,4,0.9757894736842104,,0.0,0.8736910517263178,0.0736234188079834,0.9508243799209595,32
1,TAGCN,1:1,none,42,GNNShap,9180,4,0.9685714285714285,,0.0,0.9169226343138636,0.05580747127532959,0.7802371978759766,29
1,TAGCN,1:1,none,42,GNNShap,8673,2,0.955639097744361,,0.0,0.9801633954452702,-0.004685938358306885,0.9923613667488098,19
1,TAGCN,1:1,none,42,GNNShap,8736,2,0.9718796992481205,,0.0,0.9521292896874334,0.9949158430099487,0.0060686469078063965,27
1,TAGCN,1:1,none,42,GNNShap,8866,3,0.9621052631578946,,0.0,0.9770738138424905,-0.1385684609413147,0.8613672852516174,40
1,TAGCN,1:1,none,42,GNNShap,8775,2,0.9721804511278194,,1.0,0.9639979228381845,0.8694657683372498,0.007200837135314941,18
1,TAGCN,1:1,none,42,GNNShap,8506,2,0.9469172932330828,,0.0,0.9579755318617812,0.35638660192489624,-0.0010213851928710938,16
1,TAGCN,1:1,none,42,GNNShap,8605,2,0.9772932330827067,,0.0,0.9597133058406847,0.9842584729194641,-0.00024074316024780273,21
1,TAGCN,1:1,none,42,GNNShap,8026,1,0.9796992481203006,,0.0,0.9111085959949465,-0.06132763624191284,0.9282101988792419,31
1,TAGCN,1:1,none,42,GNNShap,9224,4,0.9739849624060151,,0.0,0.9068660606094336,0.04792523384094238,0.9606361389160156,31
1,TAGCN,1:1,none,42,GNNShap,9292,4,0.9736842105263157,,0.0,0.9789445589294876,0.04565262794494629,0.9845976829528809,25
1,TAGCN,1:1,none,42,GNNShap,8871,3,0.9413533834586465,,0.0,0.9724780321395816,0.019154727458953857,0.24677151441574097,32
1,TAGCN,1:1,none,42,GNNShap,8954,3,0.9697744360902254,,0.0,0.9714743141778894,0.9724720120429993,1.3232231140136719e-05,32
1,TAGCN,1:1,none,43,GNNExplainer,9416,4,0.9520300751879699,0.65625,0.0,,0.9994951486587524,-0.0004957914352416992,33
1,TAGCN,1:1,none,43,GNNExplainer,8796,2,0.8857142857142856,0.375,1.0,,-0.026175081729888916,-0.1446170210838318,32
1,TAGCN,1:1,none,43,GNNExplainer,8453,2,0.8950375939849623,0.625,1.0,,0.8656949400901794,-0.04166215658187866,16
1,TAGCN,1:1,none,43,GNNExplainer,8447,2,0.8721804511278195,0.375,1.0,,0.9607672691345215,-0.00952303409576416,21
1,TAGCN,1:1,none,43,GNNExplainer,9344,4,0.47924812030075187,0.19230769230769232,0.0,,0.0,0.0,69
1,TAGCN,1:1,none,43,GNNExplainer,8049,1,0.8748872180451126,0.20588235294117646,0.0,,0.7745875716209412,-0.19262957572937012,32
1,TAGCN,1:1,none,43,GNNExplainer,8225,1,0.9663157894736841,0.7666666666666667,1.0,,-0.011330723762512207,0.32895588874816895,29
1,TAGCN,1:1,none,43,GNNExplainer,9425,4,0.9488721804511278,0.8333333333333334,0.0,,0.9733121395111084,-0.02636617422103882,39
1,TAGCN,1:1,none,43,GNNExplainer,9437,4,0.9088721804511277,0.7083333333333334,0.0,,0.9997506737709045,-8.499622344970703e-05,38
1,TAGCN,1:1,none,43,GNNExplainer,8496,2,0.9615037593984962,0.5,0.0,,0.873270571231842,-0.12663531303405762,26
1,TAGCN,1:1,none,43,GNNExplainer,8761,2,0.8171428571428571,0.25,1.0,,0.5097987651824951,-0.11591982841491699,30
1,TAGCN,1:1,none,43,GNNExplainer,9083,3,0.9118796992481201,0.59375,1.0,,0.8314027190208435,-0.16854876279830933,33
1,TAGCN,1:1,none,43,GNNExplainer,8324,1,0.8267669172932332,0.675,0.0,,0.9961070418357849,-3.4570693969726562e-06,29
1,TAGCN,1:1,none,43,GNNExplainer,9125,3,0.923157894736842,0.5625,1.0,,0.041556477546691895,-0.00021690130233764648,35
1,TAGCN,1:1,none,43,GNNExplainer,9349,4,0.9181954887218045,0.6923076923076923,0.0,,0.9806882739067078,-0.018943727016448975,29
1,TAGCN,1:1,none,43,GNNExplainer,8252,1,0.9409022556390978,0.5869565217391305,0.0,,0.8803993463516235,-0.0006529688835144043,35
1,TAGCN,1:1,none,43,GNNExplainer,8248,1,0.9380451127819548,0.7391304347826085,0.0,,0.9448452591896057,-0.054961562156677246,33
1,TAGCN,1:1,none,43,GNNExplainer,9215,4,0.9288721804511276,0.8000000000000002,0.0,,0.9875710606575012,-0.012098073959350586,32
1,TAGCN,1:1,none,43,GNNExplainer,9180,4,0.8153383458646616,0.5666666666666667,0.0,,0.9995865821838379,-0.0003788471221923828,29
1,TAGCN,1:1,none,43,GNNExplainer,8667,2,0.8821052631578947,0.5,1.0,,0.8858652114868164,-0.01180577278137207,22
1,TAGCN,1:1,none,43,GNNExplainer,8736,2,0.8139849624060149,0.5,1.0,,0.9228496551513672,-0.0021930336952209473,27
1,TAGCN,1:1,none,43,GNNExplainer,8866,3,0.8234586466165414,0.5238095238095238,1.0,,-0.05015420913696289,-0.06448870897293091,40
1,TAGCN,1:1,none,43,GNNExplainer,8775,2,0.8806015037593985,0.5,1.0,,0.683555543422699,-0.014046251773834229,18
1,TAGCN,1:1,none,43,GNNExplainer,8506,2,0.92796992481203,0.0,0.0,,0.05075562000274658,0.996610164642334,16
1,TAGCN,1:1,none,43,GNNExplainer,8599,2,0.9732330827067669,0.0,1.0,,0.46797123551368713,0.015558004379272461,23
1,TAGCN,1:1,none,43,GNNExplainer,8026,1,0.9688721804511278,0.82,1.0,,-0.029419124126434326,0.7321186065673828,31
1,TAGCN,1:1,none,43,GNNExplainer,9224,4,0.9578947368421051,0.8000000000000002,0.0,,0.007166564464569092,0.6920465230941772,31
1,TAGCN,1:1,none,43,GNNExplainer,9292,4,0.8460150375939849,0.6,0.0,,0.9203699231147766,-0.008604109287261963,25
1,TAGCN,1:1,none,43,GNNExplainer,8871,3,0.8135338345864662,0.6428571428571429,0.0,,0.7512673139572144,-0.0002605319023132324,32
1,TAGCN,1:1,none,43,GNNExplainer,8954,3,0.8911278195488723,0.43333333333333335,0.0,,0.9028354287147522,-3.2067298889160156e-05,32
1,TAGCN,1:1,none,43,PGExplainer,9416,4,,0.53125,,,-0.0004956722259521484,0.5209519863128662,33
1,TAGCN,1:1,none,43,PGExplainer,8796,2,,0.75,,,0.7879607677459717,-0.144658625125885,32
1,TAGCN,1:1,none,43,PGExplainer,8453,2,,0.75,,,-0.03621041774749756,-0.03303790092468262,16
1,TAGCN,1:1,none,43,PGExplainer,8447,2,,0.625,,,0.03586310148239136,-0.009356260299682617,21
1,TAGCN,1:1,none,43,PGExplainer,9344,4,,0.7692307692307693,,,0.0,0.0,69
1,TAGCN,1:1,none,43,PGExplainer,8049,1,,0.735294117647059,,,0.771536648273468,-0.02411973476409912,32
1,TAGCN,1:1,none,43,PGExplainer,8225,1,,0.9,,,-0.034533679485321045,0.32895588874816895,29
1,TAGCN,1:1,none,43,PGExplainer,9425,4,,0.5208333333333334,,,-0.026366055011749268,0.9195419549942017,39
1,TAGCN,1:1,none,43,PGExplainer,9437,4,,0.875,,,-8.511543273925781e-05,0.3221009373664856,38
1,TAGCN,1:1,none,43,PGExplainer,8496,2,,0.5,,,0.5297725200653076,-0.12662482261657715,26
1,TAGCN,1:1,none,43,PGExplainer,8761,2,,0.75,,,0.03020411729812622,-0.11558043956756592,30
1,TAGCN,1:1,none,43,PGExplainer,9083,3,,0.875,,,0.7142042517662048,-0.15346437692642212,33
1,TAGCN,1:1,none,43,PGExplainer,8324,1,,0.775,,,-3.4570693969726562e-06,0.11711853742599487,29
1,TAGCN,1:1,none,43,PGExplainer,9125,3,,0.8125,,,0.026373445987701416,0.041556477546691895,35
1,TAGCN,1:1,none,43,PGExplainer,9349,4,,0.5384615384615384,,,-0.018882930278778076,0.18129658699035645,29
1,TAGCN,1:1,none,43,PGExplainer,8252,1,,0.7391304347826085,,,-0.0006557106971740723,0.05500680208206177,35
1,TAGCN,1:1,none,43,PGExplainer,8248,1,,0.8260869565217391,,,-0.054825663566589355,0.261810839176178,33
1,TAGCN,1:1,none,43,PGExplainer,9215,4,,0.7,,,-0.012098073959350586,0.3857914209365845,32
1,TAGCN,1:1,none,43,PGExplainer,9180,4,,0.5333333333333333,,,-0.0003508329391479492,-0.00017625093460083008,29
1,TAGCN,1:1,none,43,PGExplainer,8667,2,,0.5,,,0.977088987827301,0.013025045394897461,22
1,TAGCN,1:1,none,43,PGExplainer,8736,2,,0.625,,,0.9281572103500366,-0.0021930336952209473,27
1,TAGCN,1:1,none,43,PGExplainer,8866,3,,0.8809523809523809,,,0.42554259300231934,-0.05015432834625244,40
1,TAGCN,1:1,none,43,PGExplainer,8775,2,,0.625,,,0.3078209161758423,-0.002349674701690674,18
1,TAGCN,1:1,none,43,PGExplainer,8506,2,,1.0,,,0.03576064109802246,0.9966508150100708,16
1,TAGCN,1:1,none,43,PGExplainer,8599,2,,0.875,,,-0.07262808084487915,0.9213992953300476,23
1,TAGCN,1:1,none,43,PGExplainer,8026,1,,0.82,,,-0.15963059663772583,0.7321187257766724,31
1,TAGCN,1:1,none,43,PGExplainer,9224,4,,0.5666666666666667,,,-0.019820213317871094,0.6920465230941772,31
1,TAGCN,1:1,none,43,PGExplainer,9292,4,,0.75,,,-0.008335113525390625,0.024686992168426514,25
1,TAGCN,1:1,none,43,PGExplainer,8871,3,,0.8095238095238095,,,0.0014219880104064941,0.0015053153038024902,32
1,TAGCN,1:1,none,43,PGExplainer,8954,3,,0.7333333333333333,,,-2.8848648071289062e-05,0.005041360855102539,32
1,TAGCN,1:1,none,43,GNNShap,9416,4,0.9807518796992479,,0.0,0.9103014109144887,0.0146140456199646,0.7816712260246277,33
1,TAGCN,1:1,none,43,GNNShap,8796,2,0.9669172932330825,,0.0,0.9714032186646071,-0.1417941451072693,0.8553256988525391,32
1,TAGCN,1:1,none,43,GNNShap,8453,2,0.9818045112781952,,0.0,0.9582212770224103,0.8918138742446899,-0.0058934688568115234,16
1,TAGCN,1:1,none,43,GNNShap,8447,2,0.9762406015037592,,0.0,0.9635177277979668,0.9882612228393555,0.001011490821838379,21
1,TAGCN,1:1,none,43,GNNShap,9344,4,0.8690225563909774,,0.0,0.9973094510548002,0.9998526573181152,0.0,69
1,TAGCN,1:1,none,43,GNNShap,8049,1,0.9881203007518797,,0.0,0.9310406445362807,0.6745417714118958,-0.2253892421722412,32
1,TAGCN,1:1,none,43,GNNShap,8225,1,0.9899248120300752,,0.0,0.9352422651635216,0.03163719177246094,0.9648338556289673,29
1,TAGCN,1:1,none,43,GNNShap,9425,4,0.9908270676691726,,0.0,0.9310798353544667,0.24423742294311523,0.9318049550056458,39
1,TAGCN,1:1,none,43,GNNShap,9437,4,0.9873684210526313,,0.0,0.9581899880583347,0.007239043712615967,0.7421972751617432,38
1,TAGCN,1:1,none,43,GNNShap,8496,2,0.9803007518796992,,0.0,0.9404889246016934,-0.12138116359710693,0.8733254075050354,26
1,TAGCN,1:1,none,43,GNNShap,8761,2,0.9538345864661654,,0.0,0.963230924997637,-0.1158531904220581,0.8840665817260742,30
1,TAGCN,1:1,none,43,GNNShap,9083,3,0.968421052631579,,0.0,0.9838721012238201,0.8268078565597534,-0.03469282388687134,33
1,TAGCN,1:1,none,43,GNNShap,8324,1,0.9404511278195488,,0.0,0.9296554937454117,0.9980208873748779,6.67572021484375e-06,29
1,TAGCN,1:1,none,43,GNNShap,9125,3,0.9786466165413532,,0.0,0.9803589108928611,0.8200298547744751,0.004325389862060547,35
1,TAGCN,1:1,none,43,GNNShap,9349,4,0.9772932330827067,,0.0,0.9585960894960731,0.18799585103988647,0.9459478855133057,29
1,TAGCN,1:1,none,43,GNNShap,8252,1,0.9610526315789473,,0.0,0.9554034932820358,-0.0006512999534606934,0.99933922290802,35
1,TAGCN,1:1,none,43,GNNShap,8248,1,0.9745864661654133,,0.0,0.9660599546046555,-0.05495893955230713,0.9450382590293884,33
1,TAGCN,1:1,none,43,GNNShap,9215,4,0.972781954887218,,0.0,0.8449628576684984,0.034794747829437256,0.9675177335739136,32
1,TAGCN,1:1,none,43,GNNShap,9180,4,0.9702255639097744,,0.0,0.9327339188962107,0.1180877685546875,0.479216992855072,29
1,TAGCN,1:1,none,43,GNNShap,8667,2,0.9687218045112782,,0.0,0.9631648664311948,0.9780122637748718,0.08612734079360962,22
1,TAGCN,1:1,none,43,GNNShap,8736,2,0.9771428571428571,,0.0,0.9470849152757058,0.9573386907577515,0.14008772373199463,27
1,TAGCN,1:1,none,43,GNNShap,8866,3,0.9514285714285714,,0.0,0.9798009972545838,-0.06396687030792236,0.9354985356330872,40
1,TAGCN,1:1,none,43,GNNShap,8775,2,0.9766917293233082,,0.0,0.9534191367024561,0.9488935470581055,0.0041138529777526855,18
1,TAGCN,1:1,none,43,GNNShap,8506,2,0.9245112781954887,,1.0,0.966645486077495,0.3067625164985657,-0.0013137459754943848,16
1,TAGCN,1:1,none,43,GNNShap,8599,2,0.978796992481203,,0.0,0.9201673571859489,-0.07780903577804565,0.38571035861968994,23
1,TAGCN,1:1,none,43,GNNShap,8026,1,0.9669172932330825,,0.0,0.9090214710723039,-0.06846415996551514,0.8303517699241638,31
1,TAGCN,1:1,none,43,GNNShap,9224,4,0.9748872180451128,,0.0,0.881212013825102,0.10351091623306274,0.9649243354797363,31
1,TAGCN,1:1,none,43,GNNShap,9292,4,0.9888721804511278,,0.0,0.9665404055813109,0.06539934873580933,0.9742421507835388,25
1,TAGCN,1:1,none,43,GNNShap,8871,3,0.9393984962406015,,0.0,0.9744443311499001,0.028206706047058105,0.06742137670516968,32
1,TAGCN,1:1,none,43,GNNShap,8954,3,0.9796992481203006,,0.0,0.9676215224939405,0.9726290702819824,4.792213439941406e-05,32
1,TAGCN,1:1,none,44,GNNExplainer,8453,2,0.9399999999999998,0.625,1.0,,0.8919761776924133,-0.09176218509674072,16
1,TAGCN,1:1,none,44,GNNExplainer,9360,4,0.9403007518796993,0.6538461538461539,0.0,,0.9992359280586243,-0.0007449984550476074,29
1,TAGCN,1:1,none,44,GNNExplainer,8248,1,0.9551879699248118,0.8260869565217391,0.0,,0.978922426700592,-0.021011829376220703,33
1,TAGCN,1:1,none,44,GNNExplainer,8914,3,0.8676691729323307,0.5384615384615384,1.0,,0.010419666767120361,0.00016254186630249023,26
1,TAGCN,1:1,none,44,GNNExplainer,8755,2,0.9621052631578946,0.0,0.0,,0.5048326253890991,0.36934399604797363,23
1,TAGCN,1:1,none,44,GNNExplainer,8661,2,0.8977443609022556,0.5,1.0,,0.860173761844635,-0.1290147304534912,13
1,TAGCN,1:1,none,44,GNNExplainer,9194,4,0.9425563909774436,0.7391304347826085,0.0,,0.996147871017456,-0.0036954879760742188,39
1,TAGCN,1:1,none,44,GNNExplainer,8633,2,0.8589473684210525,0.625,1.0,,0.8989632725715637,-0.0010329484939575195,21
1,TAGCN,1:1,none,44,GNNExplainer,8049,1,0.9666165413533834,0.14705882352941177,1.0,,0.8107461929321289,-0.17904025316238403,32
1,TAGCN,1:1,none,44,GNNExplainer,8488,2,0.883609022556391,0.5,1.0,,0.30936378240585327,-0.07456004619598389,22
1,TAGCN,1:1,none,44,GNNExplainer,8772,2,0.8691729323308269,0.625,1.0,,0.9621666669845581,-0.014976143836975098,20
1,TAGCN,1:1,none,44,GNNExplainer,9427,4,0.9199999999999999,0.6875,0.0,,0.0811956524848938,-3.4928321838378906e-05,36
1,TAGCN,1:1,none,44,GNNExplainer,8180,1,0.5542857142857143,0.5384615384615384,1.0,,0.0021818876266479492,-1.1920928955078125e-07,24
1,TAGCN,1:1,none,44,GNNExplainer,9446,4,0.46781954887218047,0.20000000000000004,0.0,,0.0,0.0,87
1,TAGCN,1:1,none,44,GNNExplainer,9162,3,0.9042105263157894,0.6153846153846154,1.0,,0.6332557201385498,-0.12339812517166138,26
1,TAGCN,1:1,none,44,GNNExplainer,8433,2,0.8584962406015038,0.3333333333333333,1.0,,0.800368070602417,-0.00654911994934082,25
1,TAGCN,1:1,none,44,GNNExplainer,8252,1,0.9237593984962406,0.5652173913043478,0.0,,0.9988632202148438,-0.00016427040100097656,35
1,TAGCN,1:1,none,44,GNNExplainer,8026,1,0.970375939849624,0.8000000000000002,1.0,,-0.005293846130371094,0.8347797989845276,31
1,TAGCN,1:1,none,44,GNNExplainer,9208,4,0.8852631578947368,0.8043478260869565,0.0,,0.9962114691734314,-1.5139579772949219e-05,32
1,TAGCN,1:1,none,44,GNNExplainer,9266,4,0.9424060150375938,0.6923076923076923,0.0,,0.9017339944839478,-0.09699338674545288,26
1,TAGCN,1:1,none,44,GNNExplainer,8660,2,0.7278195488721804,0.3333333333333333,1.0,,0.0309334397315979,-0.008578479290008545,26
1,TAGCN,1:1,none,44,GNNExplainer,9243,4,0.9350375939849622,0.7083333333333334,0.0,,0.9999856352806091,-1.3232231140136719e-05,37
1,TAGCN,1:1,none,44,GNNExplainer,9437,4,0.9141353383458647,0.6041666666666666,0.0,,0.2049129605293274,-0.00011038780212402344,38
1,TAGCN,1:1,none,44,GNNExplainer,8558,2,0.9099248120300751,0.75,1.0,,0.0013827681541442871,-0.007624566555023193,20
1,TAGCN,1:1,none,44,GNNExplainer,8430,2,0.9150375939849622,0.6666666666666666,1.0,,0.8133535385131836,-0.186149001121521,18
1,TAGCN,1:1,none,44,GNNExplainer,9416,4,0.9527819548872181,0.6875,0.0,,0.9996690154075623,-0.00030922889709472656,33
1,TAGCN,1:1,none,44,GNNExplainer,9425,4,0.9416541353383456,0.7916666666666666,0.0,,0.9954464435577393,-0.004224717617034912,39
1,TAGCN,1:1,none,44,GNNExplainer,8597,2,0.8393984962406014,0.375,1.0,,-0.11602288484573364,-0.17089462280273438,25
1,TAGCN,1:1,none,44,GNNExplainer,8324,1,0.8084210526315789,0.625,0.0,,0.9863778352737427,-1.6689300537109375e-06,29
1,TAGCN,1:1,none,44,GNNExplainer,9047,3,0.9314285714285713,0.5,1.0,,0.6265542507171631,-0.06681603193283081,26
1,TAGCN,1:1,none,44,PGExplainer,8453,2,,0.75,,,-0.07927370071411133,-0.08793312311172485,16
1,TAGCN,1:1,none,44,PGExplainer,9360,4,,0.5,,,-0.0007449984550476074,0.21008086204528809,29
1,TAGCN,1:1,none,44,PGExplainer,8248,1,,0.9130434782608695,,,-0.021002888679504395,0.5626833438873291,33
1,TAGCN,1:1,none,44,PGExplainer,8914,3,,0.9230769230769231,,,0.03975105285644531,0.009126543998718262,26
1,TAGCN,1:1,none,44,PGExplainer,8755,2,,0.875,,,-0.10425221920013428,0.5057437419891357,23
1,TAGCN,1:1,none,44,PGExplainer,8661,2,,0.75,,,-0.1288670301437378,-0.11389082670211792,13
1,TAGCN,1:1,none,44,PGExplainer,9194,4,,0.717391304347826,,,-0.003688216209411621,0.5052789449691772,39
1,TAGCN,1:1,none,44,PGExplainer,8633,2,,0.875,,,0.1654973030090332,-0.0010329484939575195,21
1,TAGCN,1:1,none,44,PGExplainer,8049,1,,0.735294117647059,,,0.8106126189231873,0.15608829259872437,32
1,TAGCN,1:1,none,44,PGExplainer,8488,2,,0.75,,,0.25248467922210693,-0.07456004619598389,22
1,TAGCN,1:1,none,44,PGExplainer,8772,2,,0.75,,,0.06024599075317383,-0.014976024627685547,20
1,TAGCN,1:1,none,44,PGExplainer,9427,4,,0.8958333333333334,,,-3.4928321838378906e-05,0.0811956524848938,36
1,TAGCN,1:1,none,44,PGExplainer,8180,1,,0.8461538461538461,,,-1.1920928955078125e-07,0.00197601318359375,24
1,TAGCN,1:1,none,44,PGExplainer,9446,4,,0.6,,,0.0,0.0,87
1,TAGCN,1:1,none,44,PGExplainer,9162,3,,0.9615384615384616,,,0.6770791411399841,-0.12194758653640747,26
1,TAGCN,1:1,none,44,PGExplainer,8433,2,,0.8333333333333334,,,0.01620650291442871,-0.00654911994934082,25
1,TAGCN,1:1,none,44,PGExplainer,8252,1,,0.782608695652174,,,-0.00016427040100097656,0.0192146897315979,35
1,TAGCN,1:1,none,44,PGExplainer,8026,1,,0.8599999999999999,,,-0.06281590461730957,0.8347798585891724,31
1,TAGCN,1:1,none,44,PGExplainer,9208,4,,0.8043478260869565,,,-1.5020370483398438e-05,0.4306119680404663,32
1,TAGCN,1:1,none,44,PGExplainer,9266,4,,0.5769230769230769,,,-0.09650474786758423,0.08498126268386841,26
1,TAGCN,1:1,none,44,PGExplainer,8660,2,,1.0,,,0.8485697507858276,-0.008578360080718994,26
1,TAGCN,1:1,none,44,PGExplainer,9243,4,,0.625,,,-1.3232231140136719e-05,0.6514029502868652,37
1,TAGCN,1:1,none,44,PGExplainer,9437,4,,0.9166666666666666,,,-0.00011050701141357422,0.2049129605293274,38
1,TAGCN,1:1,none,44,PGExplainer,8558,2,,1.0,,,0.09331989288330078,-0.007624447345733643,20
1,TAGCN,1:1,none,44,PGExplainer,8430,2,,0.6666666666666666,,,-0.1498904824256897,-0.1737734079360962,18
1,TAGCN,1:1,none,44,PGExplainer,9416,4,,0.71875,,,-0.00030922889709472656,0.5959446430206299,33
1,TAGCN,1:1,none,44,PGExplainer,9425,4,,0.5625,,,-0.004223763942718506,0.2868208885192871,39
1,TAGCN,1:1,none,44,PGExplainer,8597,2,,0.625,,,0.6775201559066772,-0.17089444398880005,25
1,TAGCN,1:1,none,44,PGExplainer,8324,1,,0.85,,,-1.6689300537109375e-06,0.0655813217163086,29
1,TAGCN,1:1,none,44,PGExplainer,9047,3,,1.0,,,0.2770434617996216,-0.04355025291442871,26
1,TAGCN,1:1,none,44,GNNShap,8453,2,0.9633082706766917,,0.0,0.9649092021624697,0.841034471988678,-0.054341256618499756,16
1,TAGCN,1:1,none,44,GNNShap,9360,4,0.9702255639097743,,0.0,0.9502700039309943,0.0869261622428894,0.27682483196258545,29
1,TAGCN,1:1,none,44,GNNShap,8248,1,0.97593984962406,,0.0,0.9624004364020585,-0.021010160446166992,0.978987991809845,33
1,TAGCN,1:1,none,44,GNNShap,8914,3,0.9700751879699248,,0.0,0.9764039582371931,0.0013943314552307129,0.9749300479888916,26
1,TAGCN,1:1,none,44,GNNShap,8755,2,0.9372932330827066,,0.0,0.9781765463801066,-0.492215633392334,0.4038410782814026,23
1,TAGCN,1:1,none,44,GNNShap,8661,2,0.9314285714285713,,1.0,0.939591508605974,0.8659213185310364,-0.10858619213104248,13
1,TAGCN,1:1,none,44,GNNShap,9194,4,0.9869172932330826,,0.0,0.9524580749552577,0.0025640130043029785,0.9685730934143066,39
1,TAGCN,1:1,none,44,GNNShap,8633,2,0.9732330827067669,,0.0,0.9414277276318856,0.020155906677246094,0.9469988346099854,21
1,TAGCN,1:1,none,44,GNNShap,8049,1,0.9799999999999999,,0.0,0.942747780944498,0.7682122588157654,-0.18918782472610474,32
1,TAGCN,1:1,none,44,GNNShap,8488,2,0.9449624060150377,,0.0,0.9705737968410342,0.9221673607826233,-0.06596237421035767,22
1,TAGCN,1:1,none,44,GNNShap,8772,2,0.9111278195488722,,1.0,0.9470105860590244,0.8639746308326721,0.03756105899810791,20
1,TAGCN,1:1,none,44,GNNShap,9427,4,0.9729323308270675,,0.0,0.9310868191491217,0.007887065410614014,0.2825912833213806,36
1,TAGCN,1:1,none,44,GNNShap,8180,1,0.9613533834586464,,0.0,0.9404677388321835,0.6480154991149902,9.5367431640625e-07,24
1,TAGCN,1:1,none,44,GNNShap,9446,4,0.7201503759398495,,0.0,0.9978380924092095,0.9996506571769714,0.0,87
1,TAGCN,1:1,none,44,GNNShap,9162,3,0.965563909774436,,0.0,0.9367313623582699,-0.021860897541046143,0.8737760782241821,26
1,TAGCN,1:1,none,44,GNNShap,8433,2,0.9609022556390977,,0.0,0.9662697251511302,0.9926143884658813,0.000769197940826416,25
1,TAGCN,1:1,none,44,GNNShap,8252,1,0.9810526315789472,,0.0,0.9517184469949116,-0.00016391277313232422,0.9998338222503662,35
1,TAGCN,1:1,none,44,GNNShap,8026,1,0.9672180451127819,,0.0,0.9134884155068346,-0.01640164852142334,0.9200994372367859,31
1,TAGCN,1:1,none,44,GNNShap,9208,4,0.9825563909774436,,0.0,0.9646017443973068,0.09267646074295044,0.007383286952972412,32
1,TAGCN,1:1,none,44,GNNShap,9266,4,0.987218045112782,,0.0,0.9398331159690482,-0.0483776330947876,0.8765612244606018,26
1,TAGCN,1:1,none,44,GNNShap,8660,2,0.9603007518796993,,1.0,0.9642410130707095,0.9038891196250916,0.01425635814666748,26
1,TAGCN,1:1,none,44,GNNShap,9243,4,0.9717293233082704,,0.0,0.8607904550989927,0.9898370504379272,-7.3909759521484375e-06,37
1,TAGCN,1:1,none,44,GNNShap,9437,4,0.9762406015037592,,0.0,0.9366671233419623,0.0037086009979248047,0.6397486925125122,38
1,TAGCN,1:1,none,44,GNNShap,8558,2,0.9789473684210528,,0.0,0.9554312423487119,0.9484614133834839,0.005611121654510498,20
1,TAGCN,1:1,none,44,GNNShap,8430,2,0.9810526315789472,,0.0,0.9633682434613485,0.7833448052406311,0.1341249942779541,18
1,TAGCN,1:1,none,44,GNNShap,9416,4,0.986315789473684,,0.0,0.9228383722232893,0.0018761157989501953,0.9218900203704834,33
1,TAGCN,1:1,none,44,GNNShap,9425,4,0.973533834586466,,0.0,0.9624615126610576,0.061441659927368164,0.7389675974845886,39
1,TAGCN,1:1,none,44,GNNShap,8597,2,0.959548872180451,,1.0,0.9676999582290142,0.8275161981582642,-0.15734565258026123,25
1,TAGCN,1:1,none,44,GNNShap,8324,1,0.9497744360902255,,0.0,0.9436081423425214,0.9951716065406799,7.152557373046875e-07,29
1,TAGCN,1:1,none,44,GNNShap,9047,3,0.9685714285714286,,0.0,0.9828240285460307,-0.054826319217681885,0.9327501058578491,26
1,TAGCN,natural,none,42,GNNExplainer,8453,2,0.8691729323308269,0.625,1.0,,0.9201070070266724,-0.05988812446594238,16
1,TAGCN,natural,none,42,GNNExplainer,9367,4,0.9126315789473682,0.5769230769230769,0.0,,0.8958154320716858,-0.10399734973907471,27
1,TAGCN,natural,none,42,GNNExplainer,8248,1,0.9365413533834586,0.717391304347826,0.0,,0.793208122253418,-0.2067890167236328,33
1,TAGCN,natural,none,42,GNNExplainer,8924,3,0.9487218045112782,0.8333333333333334,1.0,,0.762549638748169,-0.0202980637550354,37
1,TAGCN,natural,none,42,GNNExplainer,8758,2,0.936390977443609,0.5,1.0,,0.528242290019989,-0.45026588439941406,23
1,TAGCN,natural,none,42,GNNExplainer,8661,2,0.8768421052631579,0.25,0.0,,0.48832276463508606,0.5018540620803833,13
1,TAGCN,natural,none,42,GNNExplainer,9198,4,0.9490225563909774,0.5869565217391305,0.0,,0.1601688265800476,-0.17565202713012695,43
1,TAGCN,natural,none,42,GNNExplainer,8633,2,0.9051127819548872,0.875,1.0,,0.6613109111785889,-0.0534290075302124,21
1,TAGCN,natural,none,42,GNNExplainer,8049,1,0.9392481203007519,0.17647058823529413,0.0,,0.9906144142150879,-0.006212055683135986,32
1,TAGCN,natural,none,42,GNNExplainer,8488,2,0.9538345864661653,0.0,0.0,,-0.23190820217132568,0.6185460090637207,22
1,TAGCN,natural,none,42,GNNExplainer,8774,2,0.8663157894736842,0.625,1.0,,0.8413361310958862,-0.15819650888442993,18
1,TAGCN,natural,none,42,GNNExplainer,9430,4,0.8739849624060149,0.6458333333333334,0.0,,0.7195261120796204,-0.28047388792037964,36
1,TAGCN,natural,none,42,GNNExplainer,8180,1,0.7138345864661654,0.5,0.0,,0.8966843485832214,-1.7762184143066406e-05,24
1,TAGCN,natural,none,42,GNNExplainer,9446,4,0.4721804511278195,0.20000000000000004,0.0,,0.0,0.0,87
1,TAGCN,natural,none,42,GNNExplainer,9165,3,0.9720300751879698,0.0,1.0,,0.7256743311882019,0.18241989612579346,32
1,TAGCN,natural,none,42,GNNExplainer,8433,2,0.8557894736842104,0.3333333333333333,1.0,,0.87253737449646,-0.10593688488006592,25
1,TAGCN,natural,none,42,GNNExplainer,8252,1,0.8237593984962406,0.5652173913043478,0.0,,0.17495286464691162,-0.030034422874450684,35
1,TAGCN,natural,none,42,GNNExplainer,8026,1,0.9603007518796991,0.76,0.0,,0.529843807220459,-0.46797895431518555,31
1,TAGCN,natural,none,42,GNNExplainer,9210,4,0.9581954887218043,0.8260869565217391,0.0,,0.9784362316131592,-0.021218836307525635,35
1,TAGCN,natural,none,42,GNNExplainer,9267,4,0.9666165413533834,0.6153846153846154,0.0,,0.6571137309074402,-0.3417494297027588,30
1,TAGCN,natural,none,42,GNNExplainer,8660,2,0.893984962406015,0.3333333333333333,1.0,,0.37124377489089966,-0.04608559608459473,26
1,TAGCN,natural,none,42,GNNExplainer,9248,4,0.9153383458646618,0.5416666666666666,0.0,,0.9880325794219971,-0.011802613735198975,40
1,TAGCN,natural,none,42,GNNExplainer,9437,4,0.9393984962406015,0.5833333333333334,0.0,,0.9446343779563904,-0.002715468406677246,38
1,TAGCN,natural,none,42,GNNExplainer,8558,2,0.9350375939849623,0.75,1.0,,0.6354503035545349,-0.22233319282531738,20
1,TAGCN,natural,none,42,GNNExplainer,8430,2,0.9312781954887217,0.6666666666666666,1.0,,0.5572564601898193,-0.43618643283843994,18
1,TAGCN,natural,none,42,GNNExplainer,9418,4,0.8888721804511277,0.125,0.0,,0.7256217002868652,0.00831449031829834,34
1,TAGCN,natural,none,42,GNNExplainer,9427,4,0.9341353383458646,0.6666666666666666,0.0,,0.9308074116706848,-0.0006611943244934082,36
1,TAGCN,natural,none,42,GNNExplainer,8597,2,0.8828571428571429,0.375,1.0,,0.2175978422164917,-0.277457594871521,25
1,TAGCN,natural,none,42,GNNExplainer,8324,1,0.8401503759398496,0.65,0.0,,0.904420793056488,-0.0001480579376220703,29
1,TAGCN,natural,none,42,GNNExplainer,9051,3,0.9431578947368419,0.18181818181818182,1.0,,0.18172526359558105,0.9381768107414246,25
1,TAGCN,natural,none,42,PGExplainer,8453,2,,1.0,,,0.9201068878173828,-0.05988830327987671,16
1,TAGCN,natural,none,42,PGExplainer,9367,4,,0.9230769230769231,,,0.004660844802856445,-0.016040027141571045,27
1,TAGCN,natural,none,42,PGExplainer,8248,1,,0.9565217391304348,,,-0.14164894819259644,0.4667707681655884,33
1,TAGCN,natural,none,42,PGExplainer,8924,3,,0.9523809523809523,,,0.1199449896812439,0.1277230978012085,37
1,TAGCN,natural,none,42,PGExplainer,8758,2,,0.75,,,0.4869413673877716,-0.4502660632133484,23
1,TAGCN,natural,none,42,PGExplainer,8661,2,,0.5,,,-0.46756237745285034,0.5106139779090881,13
1,TAGCN,natural,none,42,PGExplainer,9198,4,,0.9565217391304348,,,-0.07714962959289551,0.16016870737075806,43
1,TAGCN,natural,none,42,PGExplainer,8633,2,,0.75,,,0.734836220741272,-0.05342906713485718,21
1,TAGCN,natural,none,42,PGExplainer,8049,1,,0.9411764705882353,,,0.009935736656188965,0.17442446947097778,32
1,TAGCN,natural,none,42,PGExplainer,8488,2,,0.75,,,-0.31991004943847656,0.625883936882019,22
1,TAGCN,natural,none,42,PGExplainer,8774,2,,0.875,,,0.8413359522819519,-0.15819668769836426,18
1,TAGCN,natural,none,42,PGExplainer,9430,4,,0.9583333333333334,,,-0.0704721212387085,0.01976829767227173,36
1,TAGCN,natural,none,42,PGExplainer,8180,1,,1.0,,,0.2552180886268616,-1.7762184143066406e-05,24
1,TAGCN,natural,none,42,PGExplainer,9446,4,,0.9500000000000001,,,0.0,0.0,87
1,TAGCN,natural,none,42,PGExplainer,9165,3,,0.9615384615384616,,,-0.25417768955230713,0.6161982417106628,32
1,TAGCN,natural,none,42,PGExplainer,8433,2,,0.6666666666666666,,,0.6493939161300659,-0.10593479871749878,25
1,TAGCN,natural,none,42,PGExplainer,8252,1,,0.9565217391304348,,,-0.02113550901412964,0.17495286464691162,35
1,TAGCN,natural,none,42,PGExplainer,8026,1,,0.96,,,-0.16257178783416748,0.3647788166999817,31
1,TAGCN,natural,none,42,PGExplainer,9210,4,,0.9565217391304348,,,0.01463085412979126,0.6783313155174255,35
1,TAGCN,natural,none,42,PGExplainer,9267,4,,0.9230769230769231,,,-0.12343412637710571,-0.14478564262390137,30
1,TAGCN,natural,none,42,PGExplainer,8660,2,,1.0,,,0.8891982436180115,-0.04608571529388428,26
1,TAGCN,natural,none,42,PGExplainer,9248,4,,0.9583333333333334,,,0.0012630820274353027,0.03828918933868408,40
1,TAGCN,natural,none,42,PGExplainer,9437,4,,0.9583333333333334,,,0.000956118106842041,0.4264768958091736,38
1,TAGCN,natural,none,42,PGExplainer,8558,2,,1.0,,,0.6621031761169434,-0.22233140468597412,20
1,TAGCN,natural,none,42,PGExplainer,8430,2,,0.6666666666666666,,,0.5572564601898193,-0.43618619441986084,18
1,TAGCN,natural,none,42,PGExplainer,9418,4,,0.9375,,,0.0016484856605529785,-0.004982054233551025,34
1,TAGCN,natural,none,42,PGExplainer,9427,4,,0.9583333333333334,,,0.00028145313262939453,0.2395077347755432,36
1,TAGCN,natural,none,42,PGExplainer,8597,2,,0.75,,,0.6709896922111511,-0.27745914459228516,25
1,TAGCN,natural,none,42,PGExplainer,8324,1,,0.9500000000000001,,,-0.00011801719665527344,0.2270040512084961,29
1,TAGCN,natural,none,42,PGExplainer,9051,3,,1.0,,,-0.060719847679138184,0.9336515665054321,25
1,TAGCN,natural,none,42,GNNShap,8453,2,0.9114285714285714,,0.0,0.9704293876769489,0.9313786029815674,0.5969448089599609,16
1,TAGCN,natural,none,42,GNNShap,9367,4,0.9818045112781955,,0.0,0.9580798834270101,0.8931379318237305,0.03317058086395264,27
1,TAGCN,natural,none,42,GNNShap,8248,1,0.9804511278195488,,0.0,0.9625661273335979,-0.1946527361869812,0.7931624054908752,33
1,TAGCN,natural,none,42,GNNShap,8924,3,0.9610526315789473,,0.0,0.9845668390989882,0.018497705459594727,0.9764597415924072,37
1,TAGCN,natural,none,42,GNNShap,8758,2,0.9342857142857144,,0.0,0.9801947976381881,-0.39200180768966675,0.549391508102417,23
1,TAGCN,natural,none,42,GNNShap,8661,2,0.9645112781954885,,1.0,0.9599305457415443,-0.4865908622741699,0.23567193746566772,13
1,TAGCN,natural,none,42,GNNShap,9198,4,0.9932330827067668,,0.0,0.971086557426697,-0.1524907350540161,0.8242554664611816,43
1,TAGCN,natural,none,42,GNNShap,8633,2,0.9348872180451127,,0.0,0.9694015984194948,0.0844077467918396,0.945615828037262,21
1,TAGCN,natural,none,42,GNNShap,8049,1,0.982706766917293,,0.0,0.9524318916200795,-0.008563578128814697,0.07057738304138184,32
1,TAGCN,natural,none,42,GNNShap,8488,2,0.9736842105263157,,1.0,0.9818116864929844,-0.373065710067749,0.4772607684135437,22
1,TAGCN,natural,none,42,GNNShap,8774,2,0.9451127819548872,,0.0,0.9633440778973718,0.8396086692810059,0.615837574005127,18
1,TAGCN,natural,none,42,GNNShap,9430,4,0.9619548872180449,,0.0,0.9752204998967052,-0.24882358312606812,0.7193194031715393,36
1,TAGCN,natural,none,42,GNNShap,8180,1,0.9621052631578948,,0.0,0.9532608761077661,0.9324117302894592,4.2557716369628906e-05,24
1,TAGCN,natural,none,42,GNNShap,9446,4,0.9398496240601503,,0.0,0.9954170711670216,0.9991260170936584,0.0,87
1,TAGCN,natural,none,42,GNNShap,9165,3,0.9793984962406013,,0.0,0.9710124204687913,-0.2735964059829712,0.5652787685394287,32
1,TAGCN,natural,none,42,GNNShap,8433,2,0.9544360902255639,,1.0,0.9677009432893036,0.8932256102561951,-0.07279908657073975,25
1,TAGCN,natural,none,42,GNNShap,8252,1,0.9688721804511277,,0.0,0.9659152065608874,-0.017428457736968994,0.9698336720466614,35
1,TAGCN,natural,none,42,GNNShap,8026,1,0.960751879699248,,0.0,0.9331614337193057,-0.3037012815475464,0.5314815640449524,31
1,TAGCN,natural,none,42,GNNShap,9210,4,0.9747368421052631,,0.0,0.9035299059879296,0.2696607708930969,0.9374407529830933,35
1,TAGCN,natural,none,42,GNNShap,9267,4,0.9784962406015039,,0.0,0.9649702003088155,-0.2584943175315857,0.6582241058349609,30
1,TAGCN,natural,none,42,GNNShap,8660,2,0.9652631578947368,,1.0,0.9734972830478013,0.9412533640861511,0.15830761194229126,26
1,TAGCN,natural,none,42,GNNShap,9248,4,0.984360902255639,,0.0,0.973978819286909,-0.008225023746490479,0.9879364967346191,40
1,TAGCN,natural,none,42,GNNShap,9437,4,0.977894736842105,,0.0,0.9632572577205444,0.05001795291900635,0.9841604828834534,38
1,TAGCN,natural,none,42,GNNShap,8558,2,0.9676691729323309,,0.0,0.9605857165086,0.7540464997291565,0.19427764415740967,20
1,TAGCN,natural,none,42,GNNShap,8430,2,0.9681203007518796,,0.0,0.9639007908365951,0.4991602599620819,0.537014901638031,18
1,TAGCN,natural,none,42,GNNShap,9418,4,0.9828571428571429,,0.0,0.9433404965314283,0.5164532661437988,-0.2743496298789978,34
1,TAGCN,natural,none,42,GNNShap,9427,4,0.9854135338345863,,0.0,0.9583715759998004,0.07372331619262695,0.8325760364532471,36
1,TAGCN,natural,none,42,GNNShap,8597,2,0.9637593984962406,,1.0,0.9744851632839888,0.7213625907897949,0.01900935173034668,25
1,TAGCN,natural,none,42,GNNShap,8324,1,0.9633082706766917,,0.0,0.9713590901331057,0.999630868434906,-9.179115295410156e-06,29
1,TAGCN,natural,none,42,GNNShap,9051,3,0.9735338345864661,,1.0,0.9481899557933506,0.7587130665779114,-0.061512649059295654,25
1,TAGCN,natural,none,43,GNNExplainer,8453,2,0.8690225563909774,0.625,1.0,,0.8289849758148193,-0.13501811027526855,16
1,TAGCN,natural,none,43,GNNExplainer,9360,4,0.9660150375939848,0.5769230769230769,0.0,,0.934064507484436,-0.0659099817276001,29
1,TAGCN,natural,none,43,GNNExplainer,8248,1,0.9520300751879699,0.717391304347826,0.0,,0.7443842887878418,-0.2555997371673584,33
1,TAGCN,natural,none,43,GNNExplainer,8924,3,0.8673684210526316,0.7380952380952381,1.0,,0.6304541826248169,-0.10798019170761108,37
1,TAGCN,natural,none,43,GNNExplainer,8758,2,0.9587969924812031,0.5,1.0,,0.7113977074623108,-0.21064209938049316,23
1,TAGCN,natural,none,43,GNNExplainer,8661,2,0.8663157894736842,0.0,0.0,,0.5184625387191772,-0.41828107833862305,13
1,TAGCN,natural,none,43,GNNExplainer,9194,4,0.9389473684210528,0.7391304347826085,0.0,,0.9737719893455505,-0.02610379457473755,39
1,TAGCN,natural,none,43,GNNExplainer,8633,2,0.919548872180451,0.75,1.0,,0.6153113842010498,-0.09112781286239624,21
1,TAGCN,natural,none,43,GNNExplainer,8049,1,0.9012030075187969,0.20588235294117646,0.0,,0.9900615215301514,-0.008783519268035889,32
1,TAGCN,natural,none,43,GNNExplainer,8488,2,0.9410526315789474,0.5,1.0,,0.3853551149368286,-0.39527392387390137,22
1,TAGCN,natural,none,43,GNNExplainer,8774,2,0.9209022556390977,0.625,1.0,,0.8949808478355408,-0.10000938177108765,18
1,TAGCN,natural,none,43,GNNExplainer,9427,4,0.9389473684210525,0.6666666666666666,0.0,,0.9527926445007324,-0.001557767391204834,36
1,TAGCN,natural,none,43,GNNExplainer,8180,1,0.8357894736842104,0.5,0.0,,0.3007799983024597,-5.7697296142578125e-05,24
1,TAGCN,natural,none,43,GNNExplainer,9446,4,0.48872180451127817,0.225,0.0,,-5.602836608886719e-06,-5.602836608886719e-06,87
1,TAGCN,natural,none,43,GNNExplainer,9162,3,0.9628571428571429,0.11538461538461539,1.0,,0.9093907475471497,-0.08879882097244263,26
1,TAGCN,natural,none,43,GNNExplainer,8433,2,0.9399999999999998,0.3333333333333333,1.0,,0.8283531665802002,-0.12857002019882202,25
1,TAGCN,natural,none,43,GNNExplainer,8252,1,0.9360902255639096,0.5217391304347826,0.0,,0.19830316305160522,-0.008371472358703613,35
1,TAGCN,natural,none,43,GNNExplainer,8026,1,0.9354887218045113,0.6,0.0,,0.7539824843406677,-0.24500054121017456,31
1,TAGCN,natural,none,43,GNNExplainer,9208,4,0.9538345864661653,0.782608695652174,0.0,,0.9902111887931824,-0.006010293960571289,32
1,TAGCN,natural,none,43,GNNExplainer,9266,4,0.9490225563909774,0.23076923076923078,1.0,,0.7091510891914368,0.07099062204360962,26
1,TAGCN,natural,none,43,GNNExplainer,8660,2,0.897142857142857,0.5,1.0,,0.7999310493469238,-0.18320190906524658,26
1,TAGCN,natural,none,43,GNNExplainer,9243,4,0.9357894736842104,0.8125,0.0,,0.9963624477386475,-0.002247154712677002,37
1,TAGCN,natural,none,43,GNNExplainer,9437,4,0.9356390977443608,0.6458333333333334,0.0,,0.987076997756958,-0.002241373062133789,38
1,TAGCN,natural,none,43,GNNExplainer,8558,2,0.8846616541353383,0.75,1.0,,0.5115829110145569,-0.4106288552284241,20
1,TAGCN,natural,none,43,GNNExplainer,8430,2,0.9368421052631579,0.6666666666666666,1.0,,0.6663810014724731,-0.2961207628250122,18
1,TAGCN,natural,none,43,GNNExplainer,9416,4,0.9372932330827066,0.71875,0.0,,0.996814489364624,-0.0015311837196350098,33
1,TAGCN,natural,none,43,GNNExplainer,9425,4,0.9421052631578947,0.7083333333333334,0.0,,0.7489797472953796,-0.2500563859939575,39
1,TAGCN,natural,none,43,GNNExplainer,8597,2,0.9231578947368421,0.0,0.0,,0.5637146830558777,0.48736467957496643,25
1,TAGCN,natural,none,43,GNNExplainer,8324,1,0.9181954887218045,0.675,0.0,,0.8954500555992126,-0.00023227930068969727,29
1,TAGCN,natural,none,43,GNNExplainer,9051,3,0.9255639097744359,0.09090909090909091,1.0,,0.7815309166908264,0.7693420052528381,25
1,TAGCN,natural,none,43,PGExplainer,8453,2,,1.0,,,0.828984797000885,-0.13501787185668945,16
1,TAGCN,natural,none,43,PGExplainer,9360,4,,0.9230769230769231,,,0.025506019592285156,0.25819897651672363,29
1,TAGCN,natural,none,43,PGExplainer,8248,1,,0.9565217391304348,,,-0.21781820058822632,0.14296597242355347,33
1,TAGCN,natural,none,43,PGExplainer,8924,3,,0.9523809523809523,,,0.02292555570602417,0.03290301561355591,37
1,TAGCN,natural,none,43,PGExplainer,8758,2,,0.75,,,0.6803117394447327,-0.2106419801712036,23
1,TAGCN,natural,none,43,PGExplainer,8661,2,,0.5,,,-0.45198649168014526,0.520845890045166,13
1,TAGCN,natural,none,43,PGExplainer,9194,4,,0.9565217391304348,,,-0.02040994167327881,0.5354917049407959,39
1,TAGCN,natural,none,43,PGExplainer,8633,2,,0.875,,,0.6609740853309631,-0.09112590551376343,21
1,TAGCN,natural,none,43,PGExplainer,8049,1,,0.9411764705882353,,,0.023485898971557617,0.26768040657043457,32
1,TAGCN,natural,none,43,PGExplainer,8488,2,,0.875,,,0.4167160391807556,-0.39526158571243286,22
1,TAGCN,natural,none,43,PGExplainer,8774,2,,1.0,,,0.8949808478355408,-0.10000938177108765,18
1,TAGCN,natural,none,43,PGExplainer,9427,4,,0.9583333333333334,,,-0.0014521479606628418,0.30448466539382935,36
1,TAGCN,natural,none,43,PGExplainer,8180,1,,1.0,,,0.20101821422576904,-5.7697296142578125e-05,24
1,TAGCN,natural,none,43,PGExplainer,9446,4,,0.975,,,-1.1920928955078125e-06,-5.602836608886719e-06,87
1,TAGCN,natural,none,43,PGExplainer,9162,3,,0.9230769230769231,,,-0.08883720636367798,0.8533254265785217,26
1,TAGCN,natural,none,43,PGExplainer,8433,2,,0.6666666666666666,,,0.567133367061615,-0.1285884976387024,25
1,TAGCN,natural,none,43,PGExplainer,8252,1,,0.9565217391304348,,,-0.007201850414276123,0.19830316305160522,35
1,TAGCN,natural,none,43,PGExplainer,8026,1,,0.96,,,0.2687160074710846,-0.033047497272491455,31
1,TAGCN,natural,none,43,PGExplainer,9208,4,,0.9565217391304348,,,-0.005335450172424316,0.5092891454696655,32
1,TAGCN,natural,none,43,PGExplainer,9266,4,,0.9230769230769231,,,0.08225458860397339,0.2413453459739685,26
1,TAGCN,natural,none,43,PGExplainer,8660,2,,1.0,,,0.8013949394226074,-0.18320220708847046,26
1,TAGCN,natural,none,43,PGExplainer,9243,4,,0.9583333333333334,,,-0.0020258426666259766,0.7452904582023621,37
1,TAGCN,natural,none,43,PGExplainer,9437,4,,0.9583333333333334,,,-0.0020842552185058594,0.41267722845077515,38
1,TAGCN,natural,none,43,PGExplainer,8558,2,,1.0,,,0.47565892338752747,-0.4106276035308838,20
1,TAGCN,natural,none,43,PGExplainer,8430,2,,0.6666666666666666,,,0.6663810610771179,-0.29611819982528687,18
1,TAGCN,natural,none,43,PGExplainer,9416,4,,0.96875,,,-0.0014287829399108887,0.5004795789718628,33
1,TAGCN,natural,none,43,PGExplainer,9425,4,,0.9583333333333334,,,-0.10469424724578857,0.2607497274875641,39
1,TAGCN,natural,none,43,PGExplainer,8597,2,,0.75,,,-0.40044599771499634,0.5817067623138428,25
1,TAGCN,natural,none,43,PGExplainer,8324,1,,0.9500000000000001,,,-0.00022143125534057617,0.23553383350372314,29
1,TAGCN,natural,none,43,PGExplainer,9051,3,,1.0,,,-0.1726650595664978,0.8150880336761475,25
1,TAGCN,natural,none,43,GNNShap,8453,2,0.9547368421052631,,0.0,0.9810521343764067,0.838257372379303,0.5475708246231079,16
1,TAGCN,natural,none,43,GNNShap,9360,4,0.9750375939849624,,0.0,0.9529125128747179,0.41287434101104736,0.9077456593513489,29
1,TAGCN,natural,none,43,GNNShap,8248,1,0.9873684210526316,,0.0,0.9508150675343308,-0.23292165994644165,0.7443075776100159,33
1,TAGCN,natural,none,43,GNNShap,8924,3,0.9735338345864661,,0.0,0.9786628334814734,0.886565089225769,-0.06522279977798462,37
1,TAGCN,natural,none,43,GNNShap,8758,2,0.9511278195488722,,0.0,0.9815889014464323,-0.11621594429016113,0.7886049747467041,23
1,TAGCN,natural,none,43,GNNShap,8661,2,0.9693233082706765,,1.0,0.9413950885500709,-0.4751828908920288,0.1931115984916687,13
1,TAGCN,natural,none,43,GNNShap,9194,4,0.9905263157894737,,0.0,0.9570397266224372,0.020696938037872314,0.9731418490409851,39
1,TAGCN,natural,none,43,GNNShap,8633,2,0.9473684210526315,,1.0,0.9552468949664688,0.8985919952392578,-0.008297383785247803,21
1,TAGCN,natural,none,43,GNNShap,8049,1,0.9631578947368421,,0.0,0.9406146330839912,-0.008765935897827148,0.0686197280883789,32
1,TAGCN,natural,none,43,GNNShap,8488,2,0.9757894736842104,,1.0,0.9774463953020602,0.6035380959510803,-0.2083193063735962,22
1,TAGCN,natural,none,43,GNNShap,8774,2,0.9765413533834586,,0.0,0.9424502500256757,0.8947622179985046,0.5941148996353149,18
1,TAGCN,natural,none,43,GNNShap,9427,4,0.9821052631578947,,0.0,0.9609155342510757,0.1753755807876587,0.8848366737365723,36
1,TAGCN,natural,none,43,GNNShap,8180,1,0.9760902255639097,,0.0,0.9344180032012297,0.9484306573867798,6.80685043334961e-05,24
1,TAGCN,natural,none,43,GNNShap,9446,4,0.9,,0.0,0.9962212490700854,0.9999443888664246,-3.2186508178710938e-06,87
1,TAGCN,natural,none,43,GNNShap,9162,3,0.9649624060150375,,0.0,0.9564363430565314,0.5210942029953003,-0.088894784450531,26
1,TAGCN,natural,none,43,GNNShap,8433,2,0.9687218045112781,,0.0,0.9749754972035765,0.8699400424957275,0.03881347179412842,25
1,TAGCN,natural,none,43,GNNShap,8252,1,0.9792481203007519,,0.0,0.9555937523075053,-0.0016958117485046387,0.9913713335990906,35
1,TAGCN,natural,none,43,GNNShap,8026,1,0.9873684210526316,,0.0,0.909563812259389,0.34248480200767517,-0.24366968870162964,31
1,TAGCN,natural,none,43,GNNShap,9208,4,0.9891729323308269,,0.0,0.958809835631825,0.8114112615585327,0.5637365579605103,32
1,TAGCN,natural,none,43,GNNShap,9266,4,0.9554887218045112,,0.0,0.9614762187100769,0.5235667824745178,-0.289714515209198,26
1,TAGCN,natural,none,43,GNNShap,8660,2,0.9768421052631577,,1.0,0.9658957333039169,0.8118648529052734,0.27240294218063354,26
1,TAGCN,natural,none,43,GNNShap,9243,4,0.9812030075187967,,0.0,0.9429059616653545,0.9956133961677551,-0.0019353032112121582,37
1,TAGCN,natural,none,43,GNNShap,9437,4,0.9893233082706766,,0.0,0.9410782507946337,0.10014897584915161,0.958411455154419,38
1,TAGCN,natural,none,43,GNNShap,8558,2,0.9789473684210526,,0.0,0.957296529736842,0.5710336565971375,-0.10039669275283813,20
1,TAGCN,natural,none,43,GNNShap,8430,2,0.970375939849624,,0.0,0.9706736660456301,-0.24316352605819702,0.703686535358429,18
1,TAGCN,natural,none,43,GNNShap,9416,4,0.985563909774436,,0.0,0.9478010493229421,0.021060466766357422,0.9780576229095459,33
1,TAGCN,natural,none,43,GNNShap,9425,4,0.9772932330827068,,0.0,0.9643118007788557,0.21649938821792603,0.748444676399231,39
1,TAGCN,natural,none,43,GNNShap,8597,2,0.9738345864661653,,1.0,0.9680004786843168,-0.41720813512802124,0.2850399315357208,25
1,TAGCN,natural,none,43,GNNShap,8324,1,0.9440601503759396,,0.0,0.9423326689265481,0.9982973337173462,0.0002773404121398926,29
1,TAGCN,natural,none,43,GNNShap,9051,3,0.9580451127819547,,0.0,0.9636456651942821,0.624555230140686,-0.17338019609451294,25
1,TAGCN,natural,none,44,GNNExplainer,8453,2,0.9467669172932329,0.625,1.0,,0.8963181376457214,-0.06482350826263428,16
1,TAGCN,natural,none,44,GNNExplainer,9367,4,0.8954887218045112,0.5,0.0,,0.8595179915428162,-0.14039647579193115,27
1,TAGCN,natural,none,44,GNNExplainer,8248,1,0.9130827067669172,0.8478260869565218,0.0,,0.8058008551597595,-0.19417715072631836,33
1,TAGCN,natural,none,44,GNNExplainer,8924,3,0.8186466165413533,0.7619047619047619,1.0,,0.7821627855300903,-0.038568079471588135,37
1,TAGCN,natural,none,44,GNNExplainer,8758,2,0.9311278195488721,0.5,1.0,,0.7247598171234131,-0.22164374589920044,23
1,TAGCN,natural,none,44,GNNExplainer,8662,2,0.9780451127819548,0.0,0.0,,0.806191086769104,0.13663363456726074,25
1,TAGCN,natural,none,44,GNNExplainer,9198,4,0.9547368421052631,0.2608695652173913,1.0,,0.5521822571754456,-0.37990206480026245,43
1,TAGCN,natural,none,44,GNNExplainer,8639,2,0.925563909774436,0.5,1.0,,0.6387087106704712,-0.09523588418960571,24
1,TAGCN,natural,none,44,GNNExplainer,8049,1,0.9491729323308269,0.14705882352941177,0.0,,0.9943657517433167,-0.004399716854095459,32
1,TAGCN,natural,none,44,GNNExplainer,8488,2,0.9813533834586465,0.0,0.0,,0.4622485935688019,0.4994201958179474,22
1,TAGCN,natural,none,44,GNNExplainer,8774,2,0.9142857142857143,0.5,1.0,,0.8638212084770203,-0.1345929503440857,18
1,TAGCN,natural,none,44,GNNExplainer,9430,4,0.9454135338345863,0.6041666666666666,1.0,,0.5104421377182007,-0.4893137812614441,36
1,TAGCN,natural,none,44,GNNExplainer,8180,1,0.7590977443609022,0.5,0.0,,0.8006777763366699,-2.086162567138672e-05,24
1,TAGCN,natural,none,44,GNNExplainer,9446,4,0.471578947368421,0.20000000000000004,0.0,,0.0,0.0,87
1,TAGCN,natural,none,44,GNNExplainer,9165,3,0.9285714285714285,0.0,1.0,,0.6024590730667114,-0.35320234298706055,32
1,TAGCN,natural,none,44,GNNExplainer,8433,2,0.9193984962406014,0.3333333333333333,1.0,,0.6780447959899902,-0.11223441362380981,25
1,TAGCN,natural,none,44,GNNExplainer,8252,1,0.9058646616541355,0.5,0.0,,0.9787735939025879,-0.019712865352630615,35
1,TAGCN,natural,none,44,GNNExplainer,8026,1,0.927218045112782,0.6,0.0,,0.8293930888175964,-0.1656758189201355,31
1,TAGCN,natural,none,44,GNNExplainer,9210,4,0.9439097744360903,0.8260869565217391,0.0,,0.9747284650802612,-0.023887217044830322,35
1,TAGCN,natural,none,44,GNNExplainer,9267,4,0.9494736842105264,0.5384615384615384,0.0,,0.5901173949241638,-0.3832906484603882,30
1,TAGCN,natural,none,44,GNNExplainer,8661,2,0.908421052631579,0.75,1.0,,0.5330533385276794,-0.4394720196723938,13
1,TAGCN,natural,none,44,GNNExplainer,9248,4,0.8663157894736842,0.5,0.0,,0.9665250182151794,-0.027424335479736328,40
1,TAGCN,natural,none,44,GNNExplainer,9437,4,0.9154887218045111,0.5625,1.0,,0.9607867002487183,-0.005030930042266846,38
1,TAGCN,natural,none,44,GNNExplainer,8558,2,0.9254135338345864,0.75,1.0,,0.33071258664131165,-0.18506795167922974,20
1,TAGCN,natural,none,44,GNNExplainer,8430,2,0.9291729323308269,0.6666666666666666,1.0,,0.6170879006385803,-0.3760398030281067,18
1,TAGCN,natural,none,44,GNNExplainer,9418,4,0.9165413533834587,0.09375,0.0,,0.9128365516662598,0.691851019859314,34
1,TAGCN,natural,none,44,GNNExplainer,9427,4,0.917593984962406,0.6041666666666666,0.0,,0.919019341468811,-0.003936111927032471,36
1,TAGCN,natural,none,44,GNNExplainer,8597,2,0.9622556390977444,0.0,0.0,,0.673650324344635,0.6792338490486145,25
1,TAGCN,natural,none,44,GNNExplainer,8324,1,0.8601503759398496,0.7,0.0,,0.9384695291519165,-0.00024515390396118164,29
1,TAGCN,natural,none,44,GNNExplainer,9051,3,0.9213533834586464,0.13636363636363635,1.0,,-0.09331518411636353,0.9036246538162231,25
1,TAGCN,natural,none,44,PGExplainer,8453,2,,1.0,,,0.8963180184364319,-0.0648236870765686,16
1,TAGCN,natural,none,44,PGExplainer,9367,4,,0.9230769230769231,,,0.03745335340499878,-0.048469722270965576,27
1,TAGCN,natural,none,44,PGExplainer,8248,1,,0.9565217391304348,,,-0.09597837924957275,0.5147691965103149,33
1,TAGCN,natural,none,44,PGExplainer,8924,3,,0.9761904761904762,,,0.3247295618057251,0.12940025329589844,37
1,TAGCN,natural,none,44,PGExplainer,8758,2,,0.75,,,0.6540034413337708,-0.2216441035270691,23
1,TAGCN,natural,none,44,PGExplainer,8662,2,,0.75,,,-0.10107165575027466,0.8061911463737488,25
1,TAGCN,natural,none,44,PGExplainer,9198,4,,0.9565217391304348,,,0.17109504342079163,0.1539541780948639,43
1,TAGCN,natural,none,44,PGExplainer,8639,2,,0.875,,,0.6293268203735352,-0.09523457288742065,24
1,TAGCN,natural,none,44,PGExplainer,8049,1,,0.9411764705882353,,,0.005680382251739502,0.2198420763015747,32
1,TAGCN,natural,none,44,PGExplainer,8488,2,,0.75,,,-0.40865790843963623,0.511986494064331,22
1,TAGCN,natural,none,44,PGExplainer,8774,2,,0.75,,,0.8638212084770203,-0.1345929503440857,18
1,TAGCN,natural,none,44,PGExplainer,9430,4,,0.9583333333333334,,,0.1375354528427124,0.17428860068321228,36
1,TAGCN,natural,none,44,PGExplainer,8180,1,,0.9615384615384616,,,0.19631248712539673,-2.086162567138672e-05,24
1,TAGCN,natural,none,44,PGExplainer,9446,4,,0.9500000000000001,,,0.0,0.0,87
1,TAGCN,natural,none,44,PGExplainer,9165,3,,0.9615384615384616,,,-0.3957938551902771,0.5053561925888062,32
1,TAGCN,natural,none,44,PGExplainer,8433,2,,0.6666666666666666,,,0.16768324375152588,-0.11223393678665161,25
1,TAGCN,natural,none,44,PGExplainer,8252,1,,0.9565217391304348,,,-0.015160739421844482,0.17571425437927246,35
1,TAGCN,natural,none,44,PGExplainer,8026,1,,0.96,,,0.06645888090133667,-0.04749870300292969,31
1,TAGCN,natural,none,44,PGExplainer,9210,4,,0.9565217391304348,,,0.0022568702697753906,0.6236691474914551,35
1,TAGCN,natural,none,44,PGExplainer,9267,4,,0.9230769230769231,,,-0.13250911235809326,-0.2254745364189148,30
1,TAGCN,natural,none,44,PGExplainer,8661,2,,0.75,,,0.5330533981323242,-0.4394717812538147,13
1,TAGCN,natural,none,44,PGExplainer,9248,4,,0.9583333333333334,,,0.01240628957748413,0.026916682720184326,40
1,TAGCN,natural,none,44,PGExplainer,9437,4,,0.9791666666666666,,,0.0004150271415710449,0.4272579550743103,38
1,TAGCN,natural,none,44,PGExplainer,8558,2,,1.0,,,0.5323187708854675,-0.18506747484207153,20
1,TAGCN,natural,none,44,PGExplainer,8430,2,,0.6666666666666666,,,0.6068853735923767,-0.37603992223739624,18
1,TAGCN,natural,none,44,PGExplainer,9418,4,,0.9375,,,0.0040087103843688965,0.16018104553222656,34
1,TAGCN,natural,none,44,PGExplainer,9427,4,,0.9791666666666666,,,-0.00025647878646850586,0.18912160396575928,36
1,TAGCN,natural,none,44,PGExplainer,8597,2,,0.75,,,-0.3035212755203247,0.6817399859428406,25
1,TAGCN,natural,none,44,PGExplainer,8324,1,,0.9500000000000001,,,-0.00017374753952026367,0.28986644744873047,29
1,TAGCN,natural,none,44,PGExplainer,9051,3,,1.0,,,-0.09612685441970825,0.8976142406463623,25
1,TAGCN,natural,none,44,GNNShap,8453,2,0.9678195488721804,,0.0,0.9828715175615301,0.9085178971290588,0.5283443927764893,16
1,TAGCN,natural,none,44,GNNShap,9367,4,0.9763909774436088,,0.0,0.9457681059443089,0.8522663116455078,0.08753037452697754,27
1,TAGCN,natural,none,44,GNNShap,8248,1,0.9888721804511278,,0.0,0.9556771034130582,-0.1877758502960205,0.8056870698928833,33
1,TAGCN,natural,none,44,GNNShap,8924,3,0.9717293233082707,,0.0,0.9777272706292205,0.9536577463150024,-0.020626544952392578,37
1,TAGCN,natural,none,44,GNNShap,8758,2,0.9133834586466165,,0.0,0.9741596595941848,0.7783540487289429,0.0016257166862487793,23
1,TAGCN,natural,none,44,GNNShap,8662,2,0.976842105263158,,0.0,0.9752148492960627,0.795881986618042,-0.1914461851119995,25
1,TAGCN,natural,none,44,GNNShap,9198,4,0.9944360902255639,,0.0,0.9626585271267594,0.5203054547309875,-0.44769442081451416,43
1,TAGCN,natural,none,44,GNNShap,8639,2,0.9672180451127819,,0.0,0.9758971296484699,0.9022649526596069,0.07313191890716553,24
1,TAGCN,natural,none,44,GNNShap,8049,1,0.9851127819548872,,0.0,0.9492681987582525,-0.0039691925048828125,0.028223752975463867,32
1,TAGCN,natural,none,44,GNNShap,8488,2,0.9666165413533836,,1.0,0.9709619443985739,-0.4863503575325012,0.2738182544708252,22
1,TAGCN,natural,none,44,GNNShap,8774,2,0.9825563909774434,,0.0,0.9487382405275652,0.862458348274231,-0.009001433849334717,18
1,TAGCN,natural,none,44,GNNShap,9430,4,0.9816541353383459,,0.0,0.9588485211710106,0.4714105725288391,-0.4891066551208496,36
1,TAGCN,natural,none,44,GNNShap,8180,1,0.9621052631578946,,0.0,0.9109194310469881,0.8607509136199951,6.020069122314453e-05,24
1,TAGCN,natural,none,44,GNNShap,9446,4,0.9252631578947368,,0.0,0.9942579203465476,0.9999504089355469,0.0,87
1,TAGCN,natural,none,44,GNNShap,9165,3,0.9804511278195488,,0.0,0.9652315691203048,-0.39351195096969604,0.057090163230895996,32
1,TAGCN,natural,none,44,GNNShap,8433,2,0.9790977443609021,,1.0,0.9697424598193832,0.8867495059967041,0.01251232624053955,25
1,TAGCN,natural,none,44,GNNShap,8252,1,0.9774436090225562,,0.0,0.9463604171535627,-0.018121719360351562,0.9801048636436462,35
1,TAGCN,natural,none,44,GNNShap,8026,1,0.9863157894736843,,0.0,0.9044097909953879,0.14694201946258545,-0.16910934448242188,31
1,TAGCN,natural,none,44,GNNShap,9210,4,0.9696240601503756,,0.0,0.9092578904817827,0.14680153131484985,0.9287752509117126,35
1,TAGCN,natural,none,44,GNNShap,9267,4,0.9857142857142858,,0.0,0.9527692687624485,-0.33907121419906616,0.6166018843650818,30
1,TAGCN,natural,none,44,GNNShap,8661,2,0.9721804511278194,,1.0,0.9424099290533924,0.5538919568061829,-0.08931756019592285,13
1,TAGCN,natural,none,44,GNNShap,9248,4,0.9890225563909774,,0.0,0.9582063069461416,-0.025528669357299805,0.9723252654075623,40
1,TAGCN,natural,none,44,GNNShap,9437,4,0.9738345864661653,,0.0,0.9469615898097155,0.14988797903060913,0.9774269461631775,38
1,TAGCN,natural,none,44,GNNShap,8558,2,0.9634586466165412,,0.0,0.9595400820781892,0.7762819528579712,0.18256044387817383,20
1,TAGCN,natural,none,44,GNNShap,8430,2,0.9622556390977444,,0.0,0.9753105535338094,0.5541291832923889,0.5817568898200989,18
1,TAGCN,natural,none,44,GNNShap,9418,4,0.9824060150375938,,0.0,0.9018541887280088,0.6057807207107544,-0.08706468343734741,34
1,TAGCN,natural,none,44,GNNShap,9427,4,0.9891729323308269,,0.0,0.9463535247546048,0.05660349130630493,0.9443981051445007,36
1,TAGCN,natural,none,44,GNNShap,8597,2,0.9860150375939849,,1.0,0.9777160670915267,-0.3169785737991333,0.10900354385375977,25
1,TAGCN,natural,none,44,GNNShap,8324,1,0.9446616541353382,,0.0,0.9559326740618589,0.9991170763969421,-9.423494338989258e-05,29
1,TAGCN,natural,none,44,GNNShap,9051,3,0.9667669172932329,,0.0,0.9464999874654314,0.6952293515205383,-0.09631723165512085,25
2,GraphSAGE,1:1,none,42,GNNExplainer,9459,4,0.866766917293233,0.53125,0.0,,0.9783149361610413,-0.021671414375305176,31
2,GraphSAGE,1:1,none,42,GNNExplainer,8047,1,0.8894736842105262,0.64,0.0,,0.7236009836196899,-0.00014710426330566406,30
2,GraphSAGE,1:1,none,42,GNNExplainer,8239,1,0.8569924812030074,0.5,1.0,,0.9991438388824463,-0.000737607479095459,24
2,GraphSAGE,1:1,none,42,GNNExplainer,8255,1,0.7437593984962405,0.6538461538461539,1.0,,0.99997478723526,-1.1920928955078125e-07,31
2,GraphSAGE,1:1,none,42,GNNExplainer,8106,1,0.9330827067669173,0.6052631578947368,0.0,,0.9976202249526978,-1.1682510375976562e-05,27
2,GraphSAGE,1:1,none,42,GNNExplainer,8273,1,0.8827067669172932,0.5869565217391305,0.0,,0.973940908908844,-0.00011479854583740234,33
2,GraphSAGE,1:1,none,42,GNNExplainer,8410,2,0.9153383458646618,0.3333333333333333,1.0,,0.983360767364502,-0.0008041262626647949,20
2,GraphSAGE,1:1,none,42,GNNExplainer,8903,3,0.8697744360902255,0.5333333333333333,1.0,,0.05895185470581055,-0.00015234947204589844,28
2,GraphSAGE,1:1,none,42,GNNExplainer,9206,4,0.8924812030075187,0.5681818181818182,0.0,,0.9955416321754456,-0.0028555989265441895,39
2,GraphSAGE,1:1,none,42,GNNExplainer,8178,1,0.9351879699248119,0.64,0.0,,0.9963092803955078,-0.0002091526985168457,32
2,GraphSAGE,1:1,none,42,GNNExplainer,8351,1,0.8718796992481203,0.6153846153846154,0.0,,0.21521008014678955,-8.7738037109375e-05,35
2,GraphSAGE,1:1,none,42,GNNExplainer,8799,2,0.9016541353383456,0.25,1.0,,0.06146121025085449,-0.0001233816146850586,21
2,GraphSAGE,1:1,none,42,GNNExplainer,9487,4,0.8815037593984961,0.525,0.0,,0.9995856881141663,-6.008148193359375e-05,37
2,GraphSAGE,1:1,none,42,GNNExplainer,9518,4,0.8584962406015035,0.53125,0.0,,0.9489601254463196,-2.384185791015625e-07,29
2,GraphSAGE,1:1,none,42,GNNExplainer,9417,4,0.9267669172932329,0.4375,1.0,,0.5100475549697876,-0.006203889846801758,38
2,GraphSAGE,1:1,none,42,GNNExplainer,9464,4,0.921954887218045,0.42857142857142855,0.0,,0.9942022562026978,-0.00041979551315307617,30
2,GraphSAGE,1:1,none,42,GNNExplainer,8031,1,0.4744360902255639,0.36,1.0,,0.0,0.0,85
2,GraphSAGE,1:1,none,42,GNNExplainer,8723,2,0.917593984962406,0.6666666666666666,1.0,,0.9940212368965149,-0.003769099712371826,26
2,GraphSAGE,1:1,none,42,GNNExplainer,8800,2,0.8848120300751878,0.6666666666666666,1.0,,0.6997795104980469,-0.002222597599029541,17
2,GraphSAGE,1:1,none,42,GNNExplainer,8819,2,0.8774436090225561,0.625,1.0,,0.028098702430725098,-3.540515899658203e-05,24
2,GraphSAGE,1:1,none,42,GNNExplainer,8326,1,0.9198496240601504,0.5333333333333333,1.0,,0.9995254278182983,-0.00037407875061035156,27
2,GraphSAGE,1:1,none,42,GNNExplainer,8468,2,0.8796992481203008,0.25,1.0,,0.07892489433288574,-0.0006109476089477539,19
2,GraphSAGE,1:1,none,42,GNNExplainer,8639,2,0.9320300751879698,0.5,1.0,,0.35247766971588135,-0.0011063218116760254,21
2,GraphSAGE,1:1,none,42,GNNExplainer,9020,3,0.8978947368421052,0.5333333333333333,1.0,,0.9866288900375366,-0.001390218734741211,32
2,GraphSAGE,1:1,none,42,GNNExplainer,8352,1,0.5974436090225563,0.6153846153846154,1.0,,0.8567207455635071,0.0,34
2,GraphSAGE,1:1,none,42,GNNExplainer,8846,2,0.8093233082706768,0.3333333333333333,1.0,,0.951501190662384,-8.356571197509766e-05,24
2,GraphSAGE,1:1,none,42,GNNExplainer,8518,2,0.9690225563909772,0.5,1.0,,0.8459237813949585,-0.0010340213775634766,27
2,GraphSAGE,1:1,none,42,GNNExplainer,8126,1,0.8015037593984962,0.5625,1.0,,0.6418157815933228,-1.1920928955078125e-07,31
2,GraphSAGE,1:1,none,42,GNNExplainer,9478,4,0.7981954887218043,0.525,0.0,,0.6768595576286316,-1.6689300537109375e-06,36
2,GraphSAGE,1:1,none,42,GNNExplainer,9248,4,0.9028571428571428,0.5,0.0,,0.9993670582771301,-0.00026673078536987305,29
2,GraphSAGE,1:1,none,42,PGExplainer,9459,4,,0.9375,,,0.015383899211883545,0.547791063785553,31
2,GraphSAGE,1:1,none,42,PGExplainer,8047,1,,0.96,,,1.4483928680419922e-05,0.8010637164115906,30
2,GraphSAGE,1:1,none,42,PGExplainer,8239,1,,0.9642857142857143,,,0.00011235475540161133,0.5078824758529663,24
2,GraphSAGE,1:1,none,42,PGExplainer,8255,1,,1.0,,,1.1920928955078125e-07,0.44368016719818115,31
2,GraphSAGE,1:1,none,42,PGExplainer,8106,1,,0.9473684210526315,,,3.6954879760742188e-06,0.03649115562438965,27
2,GraphSAGE,1:1,none,42,PGExplainer,8273,1,,0.9565217391304348,,,2.6941299438476562e-05,0.393673300743103,33
2,GraphSAGE,1:1,none,42,PGExplainer,8410,2,,0.6666666666666666,,,0.8344373106956482,-0.0008041262626647949,20
2,GraphSAGE,1:1,none,42,PGExplainer,8903,3,,0.9333333333333333,,,0.00023245811462402344,0.011868476867675781,28
2,GraphSAGE,1:1,none,42,PGExplainer,9206,4,,0.9318181818181818,,,0.0006896853446960449,0.31782007217407227,39
2,GraphSAGE,1:1,none,42,PGExplainer,8178,1,,0.96,,,3.0517578125e-05,0.7328144311904907,32
2,GraphSAGE,1:1,none,42,PGExplainer,8351,1,,0.9615384615384616,,,1.6570091247558594e-05,0.21521008014678955,35
2,GraphSAGE,1:1,none,42,PGExplainer,8799,2,,1.0,,,0.0028347373008728027,-0.00015652179718017578,21
2,GraphSAGE,1:1,none,42,PGExplainer,9487,4,,0.9,,,3.421306610107422e-05,0.7213184833526611,37
2,GraphSAGE,1:1,none,42,PGExplainer,9518,4,,0.9375,,,3.5762786865234375e-07,0.3074292540550232,29
2,GraphSAGE,1:1,none,42,PGExplainer,9417,4,,0.9375,,,0.006386220455169678,0.6611112356185913,38
2,GraphSAGE,1:1,none,42,PGExplainer,9464,4,,0.9285714285714286,,,0.0005578398704528809,0.0879853367805481,30
2,GraphSAGE,1:1,none,42,PGExplainer,8031,1,,0.98,,,0.0,0.0,85
2,GraphSAGE,1:1,none,42,PGExplainer,8723,2,,1.0,,,0.9897463321685791,-0.0037433505058288574,26
2,GraphSAGE,1:1,none,42,PGExplainer,8800,2,,0.3333333333333333,,,0.028306901454925537,-0.002222716808319092,17
2,GraphSAGE,1:1,none,42,PGExplainer,8819,2,,1.0,,,0.006025791168212891,-3.540515899658203e-05,24
2,GraphSAGE,1:1,none,42,PGExplainer,8326,1,,0.9333333333333333,,,0.00020420551300048828,0.9621578454971313,27
2,GraphSAGE,1:1,none,42,PGExplainer,8468,2,,0.75,,,0.028989195823669434,-0.0006107091903686523,19
2,GraphSAGE,1:1,none,42,PGExplainer,8639,2,,0.6666666666666666,,,0.19661635160446167,-0.0011062026023864746,21
2,GraphSAGE,1:1,none,42,PGExplainer,9020,3,,1.0,,,0.002653181552886963,0.050617516040802,32
2,GraphSAGE,1:1,none,42,PGExplainer,8352,1,,0.9615384615384616,,,1.1920928955078125e-07,0.11177098751068115,34
2,GraphSAGE,1:1,none,42,PGExplainer,8846,2,,1.0,,,0.05509990453720093,-8.571147918701172e-05,24
2,GraphSAGE,1:1,none,42,PGExplainer,8518,2,,1.0,,,0.5954418182373047,-0.001018524169921875,27
2,GraphSAGE,1:1,none,42,PGExplainer,8126,1,,0.875,,,0.0,0.4219207763671875,31
2,GraphSAGE,1:1,none,42,PGExplainer,9478,4,,0.9,,,2.86102294921875e-06,0.6768595576286316,36
2,GraphSAGE,1:1,none,42,PGExplainer,9248,4,,0.9333333333333333,,,0.00015842914581298828,0.9119898080825806,29
2,GraphSAGE,1:1,none,42,GNNShap,9459,4,0.9690225563909772,,0.0,0.9024954539693262,0.9782969355583191,-0.021559834480285645,31
2,GraphSAGE,1:1,none,42,GNNShap,8047,1,0.9894736842105261,,0.0,0.9478071675723048,0.9974387288093567,0.00034165382385253906,30
2,GraphSAGE,1:1,none,42,GNNShap,8239,1,0.9580451127819547,,0.0,0.9088866481155391,0.7675474882125854,0.07157987356185913,24
2,GraphSAGE,1:1,none,42,GNNShap,8255,1,0.9639097744360902,,0.0,0.9169517077852511,0.9992137551307678,0.0,31
2,GraphSAGE,1:1,none,42,GNNShap,8106,1,0.9842105263157894,,0.0,0.9180740837504583,0.9900633692741394,4.7087669372558594e-05,27
2,GraphSAGE,1:1,none,42,GNNShap,8273,1,0.97593984962406,,0.0,0.9350321000051108,-0.00011050701141357422,0.9995570778846741,33
2,GraphSAGE,1:1,none,42,GNNShap,8410,2,0.9682706766917292,,0.0,0.9661079944257294,0.9859551191329956,0.058694660663604736,20
2,GraphSAGE,1:1,none,42,GNNShap,8903,3,0.9609022556390977,,0.0,0.9459045392164629,0.034031569957733154,0.9752980470657349,28
2,GraphSAGE,1:1,none,42,GNNShap,9206,4,0.9828571428571428,,0.0,0.9266762780631265,0.02301400899887085,0.9685698747634888,39
2,GraphSAGE,1:1,none,42,GNNShap,8178,1,0.9621052631578945,,1.0,0.9228605221276668,0.9991067051887512,-0.00012642145156860352,32
2,GraphSAGE,1:1,none,42,GNNShap,8351,1,0.9784962406015036,,0.0,0.9467772211764792,0.10603785514831543,0.09626460075378418,35
2,GraphSAGE,1:1,none,42,GNNShap,8799,2,0.9493233082706766,,0.0,0.9642864300716655,0.011639118194580078,0.7703102827072144,21
2,GraphSAGE,1:1,none,42,GNNShap,9487,4,0.9842105263157894,,0.0,0.921222126613287,0.00249481201171875,0.9034572243690491,37
2,GraphSAGE,1:1,none,42,GNNShap,9518,4,0.92796992481203,,0.0,0.899109216369723,0.9301211833953857,5.507469177246094e-05,29
2,GraphSAGE,1:1,none,42,GNNShap,9417,4,0.9792481203007517,,0.0,0.9422636596850426,0.9929354190826416,-0.006103575229644775,38
2,GraphSAGE,1:1,none,42,GNNShap,9464,4,0.9744360902255638,,0.0,0.8743259114362016,0.9988739490509033,-0.0002822279930114746,30
2,GraphSAGE,1:1,none,42,GNNShap,8031,1,0.9595488721804509,,0.0,0.9894719647534469,0.9998788833618164,0.0,85
2,GraphSAGE,1:1,none,42,GNNShap,8723,2,0.9646616541353383,,0.0,0.963397964560785,0.018165886402130127,0.9784635901451111,26
2,GraphSAGE,1:1,none,42,GNNShap,8800,2,0.9738345864661653,,0.0,0.9553454927466662,0.9971174001693726,-0.002009868621826172,17
2,GraphSAGE,1:1,none,42,GNNShap,8819,2,0.9550375939849622,,1.0,0.9617647254587551,0.24003612995147705,0.039304912090301514,24
2,GraphSAGE,1:1,none,42,GNNShap,8326,1,0.9578947368421051,,0.0,0.961272094683619,0.9992173910140991,0.00017064809799194336,27
2,GraphSAGE,1:1,none,42,GNNShap,8468,2,0.9326315789473684,,0.0,0.9767782068022072,0.3385014533996582,0.5327589511871338,19
2,GraphSAGE,1:1,none,42,GNNShap,8639,2,0.9616541353383458,,1.0,0.9350123325181698,0.9984817504882812,0.0004934072494506836,21
2,GraphSAGE,1:1,none,42,GNNShap,9020,3,0.9406015037593983,,0.0,0.9750068064915292,0.9956520199775696,-0.0008342862129211426,32
2,GraphSAGE,1:1,none,42,GNNShap,8352,1,0.9479699248120301,,0.0,0.905208938673845,0.8705980777740479,1.3113021850585938e-06,34
2,GraphSAGE,1:1,none,42,GNNShap,8846,2,0.9518796992481201,,0.0,0.9548896625472167,0.9979223012924194,9.5367431640625e-07,24
2,GraphSAGE,1:1,none,42,GNNShap,8518,2,0.9666165413533834,,0.0,0.9329726565807969,0.009999573230743408,0.9944165349006653,27
2,GraphSAGE,1:1,none,42,GNNShap,8126,1,0.8541353383458647,,0.0,0.8466660270291984,5.245208740234375e-06,0.7567601203918457,31
2,GraphSAGE,1:1,none,42,GNNShap,9478,4,0.9421052631578947,,0.0,0.8885247813527867,0.997849702835083,1.5497207641601562e-06,36
2,GraphSAGE,1:1,none,42,GNNShap,9248,4,0.9789473684210526,,0.0,0.91308216216695,0.014090895652770996,0.8952906727790833,29
2,GraphSAGE,1:1,none,43,GNNExplainer,9459,4,0.9045112781954886,0.46875,0.0,,0.9165889024734497,-0.08333688974380493,31
2,GraphSAGE,1:1,none,43,GNNExplainer,8047,1,0.9230075187969924,0.64,0.0,,0.9239383935928345,-0.0017943978309631348,30
2,GraphSAGE,1:1,none,43,GNNExplainer,8239,1,0.9227067669172933,0.5,0.0,,0.9967210292816162,-0.0014244318008422852,24
2,GraphSAGE,1:1,none,43,GNNExplainer,8255,1,0.8120300751879699,0.6538461538461539,0.0,,0.9999455809593201,-7.152557373046875e-07,31
2,GraphSAGE,1:1,none,43,GNNExplainer,8106,1,0.9374436090225563,0.6052631578947368,0.0,,0.9905248284339905,-3.421306610107422e-05,27
2,GraphSAGE,1:1,none,43,GNNExplainer,8273,1,0.8881203007518795,0.5869565217391305,0.0,,0.9940263032913208,-0.00018638372421264648,33
2,GraphSAGE,1:1,none,43,GNNExplainer,8410,2,0.9508270676691728,0.3333333333333333,1.0,,0.9820085167884827,-0.00488591194152832,20
2,GraphSAGE,1:1,none,43,GNNExplainer,8903,3,0.897593984962406,0.5333333333333333,0.0,,0.9952618479728699,-0.0006296038627624512,28
2,GraphSAGE,1:1,none,43,GNNExplainer,9206,4,0.8329323308270675,0.5681818181818182,0.0,,0.3707401156425476,-0.002981722354888916,39
2,GraphSAGE,1:1,none,43,GNNExplainer,8178,1,0.9529323308270676,0.64,0.0,,0.9988703727722168,-0.0010663866996765137,32
2,GraphSAGE,1:1,none,43,GNNExplainer,8351,1,0.9213533834586466,0.6153846153846154,0.0,,0.3380652666091919,-0.0016602277755737305,35
2,GraphSAGE,1:1,none,43,GNNExplainer,8799,2,0.9150375939849622,0.25,1.0,,0.17005550861358643,-0.000413358211517334,21
2,GraphSAGE,1:1,none,43,GNNExplainer,9487,4,0.8625563909774435,0.525,0.0,,0.9996601939201355,-0.000291287899017334,37
2,GraphSAGE,1:1,none,43,GNNExplainer,9518,4,0.9003007518796992,0.53125,0.0,,0.8487746119499207,-2.5033950805664062e-06,29
2,GraphSAGE,1:1,none,43,GNNExplainer,9417,4,0.8936842105263156,0.4375,1.0,,0.7304123640060425,-0.011944949626922607,38
2,GraphSAGE,1:1,none,43,GNNExplainer,9464,4,0.9466165413533835,0.42857142857142855,0.0,,0.9860151410102844,-0.009536385536193848,30
2,GraphSAGE,1:1,none,43,GNNExplainer,8031,1,0.47248120300751867,0.36,1.0,,0.0,0.0,85
2,GraphSAGE,1:1,none,43,GNNExplainer,8723,2,0.9627067669172933,0.5,1.0,,0.9011839032173157,-0.012817442417144775,26
2,GraphSAGE,1:1,none,43,GNNExplainer,8800,2,0.909172932330827,0.6666666666666666,1.0,,0.8228220343589783,-0.0038367509841918945,17
2,GraphSAGE,1:1,none,43,GNNExplainer,8819,2,0.955639097744361,0.625,1.0,,0.02451014518737793,-7.87973403930664e-05,24
2,GraphSAGE,1:1,none,43,GNNExplainer,8326,1,0.8748872180451128,0.5333333333333333,0.0,,0.9995335340499878,-0.00037467479705810547,27
2,GraphSAGE,1:1,none,43,GNNExplainer,8468,2,0.8720300751879698,0.5,1.0,,0.055823445320129395,-0.0007903575897216797,19
2,GraphSAGE,1:1,none,43,GNNExplainer,8639,2,0.940751879699248,0.3333333333333333,1.0,,0.2161393165588379,-0.0013476014137268066,21
2,GraphSAGE,1:1,none,43,GNNExplainer,9020,3,0.9051127819548872,0.4666666666666667,0.0,,0.9718850255012512,-0.0035232901573181152,32
2,GraphSAGE,1:1,none,43,GNNExplainer,8352,1,0.7813533834586466,0.6153846153846154,0.0,,0.9066256284713745,-6.794929504394531e-06,34
2,GraphSAGE,1:1,none,43,GNNExplainer,8846,2,0.8741353383458647,0.3333333333333333,1.0,,0.9673671722412109,-9.357929229736328e-05,24
2,GraphSAGE,1:1,none,43,GNNExplainer,8518,2,0.9541353383458647,0.5,1.0,,0.9733725190162659,-0.019061625003814697,27
2,GraphSAGE,1:1,none,43,GNNExplainer,8126,1,0.7888721804511277,0.53125,1.0,,0.9750708341598511,-4.76837158203125e-07,31
2,GraphSAGE,1:1,none,43,GNNExplainer,9478,4,0.8736842105263157,0.525,1.0,,0.8238054513931274,-1.3709068298339844e-05,36
2,GraphSAGE,1:1,none,43,GNNExplainer,9248,4,0.9345864661654135,0.4666666666666667,0.0,,0.9974728226661682,-0.0020406246185302734,29
2,GraphSAGE,1:1,none,43,PGExplainer,9459,4,,0.9375,,,0.023835182189941406,0.37716275453567505,31
2,GraphSAGE,1:1,none,43,PGExplainer,8047,1,,0.96,,,0.00018674135208129883,0.9239383935928345,30
2,GraphSAGE,1:1,none,43,PGExplainer,8239,1,,1.0,,,-9.179115295410156e-06,0.5002049207687378,24
2,GraphSAGE,1:1,none,43,PGExplainer,8255,1,,1.0,,,3.5762786865234375e-07,0.50001460313797,31
2,GraphSAGE,1:1,none,43,PGExplainer,8106,1,,0.9473684210526315,,,4.291534423828125e-06,0.0344197154045105,27
2,GraphSAGE,1:1,none,43,PGExplainer,8273,1,,0.9565217391304348,,,2.3126602172851562e-05,0.5809742212295532,33
2,GraphSAGE,1:1,none,43,PGExplainer,8410,2,,0.6666666666666666,,,0.8922070860862732,-0.004885673522949219,20
2,GraphSAGE,1:1,none,43,PGExplainer,8903,3,,1.0,,,0.0001685619354248047,0.02163982391357422,28
2,GraphSAGE,1:1,none,43,PGExplainer,9206,4,,0.9318181818181818,,,0.000883936882019043,0.3707401156425476,39
2,GraphSAGE,1:1,none,43,PGExplainer,8178,1,,0.96,,,0.00010883808135986328,0.8015776872634888,32
2,GraphSAGE,1:1,none,43,PGExplainer,8351,1,,0.9615384615384616,,,0.0002624988555908203,0.3380652070045471,35
2,GraphSAGE,1:1,none,43,PGExplainer,8799,2,,1.0,,,0.003131270408630371,-0.0004145503044128418,21
2,GraphSAGE,1:1,none,43,PGExplainer,9487,4,,0.925,,,6.240606307983398e-05,0.7598602771759033,37
2,GraphSAGE,1:1,none,43,PGExplainer,9518,4,,0.9375,,,7.152557373046875e-07,0.35828155279159546,29
2,GraphSAGE,1:1,none,43,PGExplainer,9417,4,,0.9375,,,0.0060034990310668945,0.7304123640060425,38
2,GraphSAGE,1:1,none,43,PGExplainer,9464,4,,0.9642857142857143,,,0.0027742385864257812,0.14530223608016968,30
2,GraphSAGE,1:1,none,43,PGExplainer,8031,1,,1.0,,,0.0,0.0,85
2,GraphSAGE,1:1,none,43,PGExplainer,8723,2,,1.0,,,0.9846051931381226,-0.012471139430999756,26
2,GraphSAGE,1:1,none,43,PGExplainer,8800,2,,0.3333333333333333,,,0.04908251762390137,-0.003837108612060547,17
2,GraphSAGE,1:1,none,43,PGExplainer,8819,2,,1.0,,,0.015165388584136963,-7.915496826171875e-05,24
2,GraphSAGE,1:1,none,43,PGExplainer,8326,1,,0.9333333333333333,,,5.6684017181396484e-05,0.9732691645622253,27
2,GraphSAGE,1:1,none,43,PGExplainer,8468,2,,1.0,,,0.020161151885986328,-0.0007901191711425781,19
2,GraphSAGE,1:1,none,43,PGExplainer,8639,2,,1.0,,,0.14937430620193481,-0.0013471245765686035,21
2,GraphSAGE,1:1,none,43,PGExplainer,9020,3,,1.0,,,0.0004623532295227051,0.03488188982009888,32
2,GraphSAGE,1:1,none,43,PGExplainer,8352,1,,0.9615384615384616,,,1.430511474609375e-06,0.3327576518058777,34
2,GraphSAGE,1:1,none,43,PGExplainer,8846,2,,1.0,,,0.12388288974761963,-0.00010442733764648438,24
2,GraphSAGE,1:1,none,43,PGExplainer,8518,2,,1.0,,,0.9536964297294617,-0.019053280353546143,27
2,GraphSAGE,1:1,none,43,PGExplainer,8126,1,,0.875,,,2.384185791015625e-07,0.6463288068771362,31
2,GraphSAGE,1:1,none,43,PGExplainer,9478,4,,0.925,,,4.649162292480469e-06,0.8238054513931274,36
2,GraphSAGE,1:1,none,43,PGExplainer,9248,4,,0.9333333333333333,,,0.0006887316703796387,0.9068067669868469,29
2,GraphSAGE,1:1,none,43,GNNShap,9459,4,0.9703759398496239,,0.0,0.9128376509085594,0.2203056812286377,0.9010458588600159,31
2,GraphSAGE,1:1,none,43,GNNShap,8047,1,0.9840601503759396,,0.0,0.9587360850157157,0.9963999390602112,-0.002001523971557617,30
2,GraphSAGE,1:1,none,43,GNNShap,8239,1,0.9828571428571425,,0.0,0.906787274923175,0.6637811660766602,0.20641952753067017,24
2,GraphSAGE,1:1,none,43,GNNShap,8255,1,0.9688721804511277,,0.0,0.9445004364112544,0.9984161853790283,-1.1920928955078125e-07,31
2,GraphSAGE,1:1,none,43,GNNShap,8106,1,0.9706766917293231,,0.0,0.9017887575224336,0.9800772666931152,3.4332275390625e-05,27
2,GraphSAGE,1:1,none,43,GNNShap,8273,1,0.9765413533834586,,0.0,0.929514448945674,-0.00016623735427856445,0.9995339512825012,33
2,GraphSAGE,1:1,none,43,GNNShap,8410,2,0.9876691729323307,,0.0,0.9441158311764598,0.9702392220497131,0.0957459807395935,20
2,GraphSAGE,1:1,none,43,GNNShap,8903,3,0.9494736842105261,,0.0,0.9450525977190718,0.09117722511291504,0.9836726188659668,28
2,GraphSAGE,1:1,none,43,GNNShap,9206,4,0.983157894736842,,0.0,0.9283249342444109,0.011681139469146729,0.9899588227272034,39
2,GraphSAGE,1:1,none,43,GNNShap,8178,1,0.977894736842105,,1.0,0.9314325952227991,0.9983072280883789,-0.0008577108383178711,32
2,GraphSAGE,1:1,none,43,GNNShap,8351,1,0.9875187969924811,,0.0,0.9583741280172502,0.3155665397644043,0.35020190477371216,35
2,GraphSAGE,1:1,none,43,GNNShap,8799,2,0.9272180451127818,,0.0,0.9659661956372808,0.03203749656677246,0.8723002076148987,21
2,GraphSAGE,1:1,none,43,GNNShap,9487,4,0.986766917293233,,0.0,0.9195682667789905,0.005782902240753174,0.9186159372329712,37
2,GraphSAGE,1:1,none,43,GNNShap,9518,4,0.9640601503759398,,0.0,0.8922757781568613,0.0002867579460144043,0.5678252577781677,29
2,GraphSAGE,1:1,none,43,GNNShap,9417,4,0.9612030075187968,,0.0,0.9340466426852719,0.9854896068572998,-0.013981819152832031,38
2,GraphSAGE,1:1,none,43,GNNShap,9464,4,0.9818045112781955,,0.0,0.915913706942747,0.9893298745155334,-0.008409082889556885,30
2,GraphSAGE,1:1,none,43,GNNShap,8031,1,0.9218045112781954,,0.0,0.9904643810079635,0.9997918009757996,0.0,85
2,GraphSAGE,1:1,none,43,GNNShap,8723,2,0.97593984962406,,0.0,0.9528139741379764,0.01149207353591919,0.9788172841072083,26
2,GraphSAGE,1:1,none,43,GNNShap,8800,2,0.9784962406015036,,1.0,0.9545460353389024,0.9957398176193237,-0.0036402344703674316,17
2,GraphSAGE,1:1,none,43,GNNShap,8819,2,0.9757894736842104,,1.0,0.9538062366580096,0.10312086343765259,0.20634067058563232,24
2,GraphSAGE,1:1,none,43,GNNShap,8326,1,0.9828571428571428,,0.0,0.9327124003536185,0.998741626739502,0.001026928424835205,27
2,GraphSAGE,1:1,none,43,GNNShap,8468,2,0.9587969924812029,,0.0,0.9794084204615292,0.16977256536483765,0.6061750054359436,19
2,GraphSAGE,1:1,none,43,GNNShap,8639,2,0.9554887218045112,,0.0,0.9240217662915245,0.9980910420417786,-3.3974647521972656e-06,21
2,GraphSAGE,1:1,none,43,GNNShap,9020,3,0.9409022556390976,,0.0,0.9830730864753168,0.9888980388641357,0.0008552074432373047,32
2,GraphSAGE,1:1,none,43,GNNShap,8352,1,0.9678195488721804,,0.0,0.9437042973216005,0.9928525686264038,6.9141387939453125e-06,34
2,GraphSAGE,1:1,none,43,GNNShap,8846,2,0.9575939849624058,,0.0,0.9551447699580249,0.9953933358192444,-8.344650268554688e-07,24
2,GraphSAGE,1:1,none,43,GNNShap,8518,2,0.9646616541353381,,0.0,0.9044320641073889,-0.0013217926025390625,0.9796896576881409,27
2,GraphSAGE,1:1,none,43,GNNShap,8126,1,0.89593984962406,,0.0,0.8183870480310246,0.9993203282356262,0.0,31
2,GraphSAGE,1:1,none,43,GNNShap,9478,4,0.9712781954887216,,0.0,0.8919193384919064,0.9924871325492859,4.3392181396484375e-05,36
2,GraphSAGE,1:1,none,43,GNNShap,9248,4,0.9657142857142856,,0.0,0.919462540459741,0.08306890726089478,0.7994171380996704,29
2,GraphSAGE,1:1,none,44,GNNExplainer,9459,4,0.9351879699248119,0.5,0.0,,0.9654767513275146,-0.03413498401641846,31
2,GraphSAGE,1:1,none,44,GNNExplainer,8047,1,0.900751879699248,0.64,0.0,,0.9095873236656189,-0.0016887187957763672,30
2,GraphSAGE,1:1,none,44,GNNExplainer,8239,1,0.8815037593984961,0.4642857142857143,1.0,,0.9944412112236023,-0.002879500389099121,24
2,GraphSAGE,1:1,none,44,GNNExplainer,8255,1,0.7918796992481203,0.6538461538461539,1.0,,0.9998195171356201,-1.430511474609375e-06,31
2,GraphSAGE,1:1,none,44,GNNExplainer,8106,1,0.917142857142857,0.6052631578947368,0.0,,0.8978738784790039,-5.698204040527344e-05,27
2,GraphSAGE,1:1,none,44,GNNExplainer,8273,1,0.8875187969924812,0.5869565217391305,0.0,,0.9789565205574036,-0.00016105175018310547,33
2,GraphSAGE,1:1,none,44,GNNExplainer,8415,2,0.8198496240601504,0.625,1.0,,0.028780043125152588,-0.00018364191055297852,20
2,GraphSAGE,1:1,none,44,GNNExplainer,8905,3,0.9199999999999999,0.4666666666666667,0.0,,0.04392683506011963,-0.0006248950958251953,36
2,GraphSAGE,1:1,none,44,GNNExplainer,9224,4,0.9293233082706767,0.45454545454545453,0.0,,0.8540821075439453,-0.002022683620452881,26
2,GraphSAGE,1:1,none,44,GNNExplainer,8178,1,0.9300751879699248,0.64,0.0,,0.997776210308075,-0.002046346664428711,32
2,GraphSAGE,1:1,none,44,GNNExplainer,8351,1,0.9120300751879699,0.6153846153846154,0.0,,0.34740906953811646,-0.0007713437080383301,35
2,GraphSAGE,1:1,none,44,GNNExplainer,8800,2,0.9557894736842105,0.6666666666666666,1.0,,0.7543322443962097,-0.007851362228393555,17
2,GraphSAGE,1:1,none,44,GNNExplainer,9487,4,0.8267669172932329,0.525,0.0,,0.9993060827255249,-0.000279843807220459,37
2,GraphSAGE,1:1,none,44,GNNExplainer,9518,4,0.8828571428571428,0.53125,0.0,,0.9806624054908752,-9.298324584960938e-06,29
2,GraphSAGE,1:1,none,44,GNNExplainer,9417,4,0.8738345864661653,0.4375,0.0,,0.5940771698951721,-0.006301760673522949,38
2,GraphSAGE,1:1,none,44,GNNExplainer,9464,4,0.9215037593984962,0.42857142857142855,0.0,,0.9927743077278137,-0.005390286445617676,30
2,GraphSAGE,1:1,none,44,GNNExplainer,8031,1,0.47398496240601506,0.36,1.0,,0.0,0.0,85
2,GraphSAGE,1:1,none,44,GNNExplainer,8727,2,0.8410526315789474,0.5,1.0,,0.03399425745010376,-9.85860824584961e-05,29
2,GraphSAGE,1:1,none,44,GNNExplainer,8805,2,0.9625563909774435,0.625,1.0,,0.9891519546508789,-0.0024959444999694824,24
2,GraphSAGE,1:1,none,44,GNNExplainer,8823,2,0.9378947368421052,0.75,1.0,,0.7637191414833069,-0.016595423221588135,19
2,GraphSAGE,1:1,none,44,GNNExplainer,8326,1,0.9013533834586465,0.5333333333333333,0.0,,0.9878671169281006,-0.0019147396087646484,27
2,GraphSAGE,1:1,none,44,GNNExplainer,8475,2,0.881203007518797,0.5,1.0,,0.9886691570281982,-0.0033951401710510254,21
2,GraphSAGE,1:1,none,44,GNNExplainer,8649,2,0.9745864661654136,0.6666666666666666,1.0,,0.6343837976455688,-0.009058892726898193,24
2,GraphSAGE,1:1,none,44,GNNExplainer,9027,3,0.9242105263157894,0.5,0.0,,0.6878838539123535,-0.0009924769401550293,29
2,GraphSAGE,1:1,none,44,GNNExplainer,8352,1,0.8030075187969924,0.6153846153846154,1.0,,0.45665985345840454,-5.125999450683594e-06,34
2,GraphSAGE,1:1,none,44,GNNExplainer,8847,2,0.9033082706766915,0.0,1.0,,0.8430420756340027,-0.044732749462127686,16
2,GraphSAGE,1:1,none,44,GNNExplainer,8526,2,0.9072180451127819,0.3333333333333333,1.0,,0.5429798364639282,-0.000405728816986084,23
2,GraphSAGE,1:1,none,44,GNNExplainer,8126,1,0.8548872180451127,0.5625,1.0,,0.9755847454071045,-4.76837158203125e-07,31
2,GraphSAGE,1:1,none,44,GNNExplainer,9367,4,0.8609022556390975,0.46875,0.0,,0.972540557384491,-4.7206878662109375e-05,32
2,GraphSAGE,1:1,none,44,GNNExplainer,9266,4,0.8583458646616542,0.5625,0.0,,0.6224207282066345,-8.213520050048828e-05,43
2,GraphSAGE,1:1,none,44,PGExplainer,9459,4,,0.9375,,,0.007759034633636475,0.35372257232666016,31
2,GraphSAGE,1:1,none,44,PGExplainer,8047,1,,0.96,,,0.00011557340621948242,0.9095873236656189,30
2,GraphSAGE,1:1,none,44,PGExplainer,8239,1,,0.9285714285714286,,,9.47117805480957e-05,0.430841863155365,24
2,GraphSAGE,1:1,none,44,PGExplainer,8255,1,,1.0,,,5.960464477539062e-07,0.4968957304954529,31
2,GraphSAGE,1:1,none,44,PGExplainer,8106,1,,0.9473684210526315,,,4.0531158447265625e-06,0.05123579502105713,27
2,GraphSAGE,1:1,none,44,PGExplainer,8273,1,,0.9565217391304348,,,1.341104507446289e-05,0.3019546866416931,33
2,GraphSAGE,1:1,none,44,PGExplainer,8415,2,,1.0,,,0.020854473114013672,-0.00018364191055297852,20
2,GraphSAGE,1:1,none,44,PGExplainer,8905,3,,0.9333333333333333,,,0.0015381574630737305,0.04392683506011963,36
2,GraphSAGE,1:1,none,44,PGExplainer,9224,4,,0.9090909090909091,,,0.00030553340911865234,0.28388041257858276,26
2,GraphSAGE,1:1,none,44,PGExplainer,8178,1,,0.96,,,0.0001735091209411621,0.7119019031524658,32
2,GraphSAGE,1:1,none,44,PGExplainer,8351,1,,0.9615384615384616,,,8.296966552734375e-05,0.34740912914276123,35
2,GraphSAGE,1:1,none,44,PGExplainer,8800,2,,0.3333333333333333,,,0.05574595928192139,-0.007852315902709961,17
2,GraphSAGE,1:1,none,44,PGExplainer,9487,4,,0.9,,,7.802248001098633e-05,0.5437859892845154,37
2,GraphSAGE,1:1,none,44,PGExplainer,9518,4,,0.9375,,,1.6689300537109375e-06,0.2541573643684387,29
2,GraphSAGE,1:1,none,44,PGExplainer,9417,4,,0.9375,,,0.006435096263885498,0.5940771698951721,38
2,GraphSAGE,1:1,none,44,PGExplainer,9464,4,,0.9285714285714286,,,0.0014076828956604004,0.09136992692947388,30
2,GraphSAGE,1:1,none,44,PGExplainer,8031,1,,1.0,,,0.0,0.0,85
2,GraphSAGE,1:1,none,44,PGExplainer,8727,2,,1.0,,,0.005227148532867432,-0.0001004934310913086,29
2,GraphSAGE,1:1,none,44,PGExplainer,8805,2,,1.0,,,0.20338553190231323,-0.0026538968086242676,24
2,GraphSAGE,1:1,none,44,PGExplainer,8823,2,,0.5,,,0.730005145072937,-0.016595423221588135,19
2,GraphSAGE,1:1,none,44,PGExplainer,8326,1,,0.9333333333333333,,,0.000265657901763916,0.9480323791503906,27
2,GraphSAGE,1:1,none,44,PGExplainer,8475,2,,0.8333333333333334,,,0.5755636692047119,-0.0034047961235046387,21
2,GraphSAGE,1:1,none,44,PGExplainer,8649,2,,0.8333333333333334,,,0.5985337495803833,-0.009153604507446289,24
2,GraphSAGE,1:1,none,44,PGExplainer,9027,3,,1.0,,,0.0012157559394836426,0.051348745822906494,29
2,GraphSAGE,1:1,none,44,PGExplainer,8352,1,,0.9615384615384616,,,4.76837158203125e-07,0.1521155834197998,34
2,GraphSAGE,1:1,none,44,PGExplainer,8847,2,,0.5,,,0.11911827325820923,-0.040139973163604736,16
2,GraphSAGE,1:1,none,44,PGExplainer,8526,2,,0.6666666666666666,,,0.03702670335769653,-0.0004170536994934082,23
2,GraphSAGE,1:1,none,44,PGExplainer,8126,1,,0.875,,,2.384185791015625e-07,0.5554803609848022,31
2,GraphSAGE,1:1,none,44,PGExplainer,9367,4,,0.9375,,,3.814697265625e-06,0.26337987184524536,32
2,GraphSAGE,1:1,none,44,PGExplainer,9266,4,,0.9583333333333334,,,3.1113624572753906e-05,0.6224207282066345,43
2,GraphSAGE,1:1,none,44,GNNShap,9459,4,0.9772932330827067,,0.0,0.9265630750672736,0.9647713899612427,-0.03396385908126831,31
2,GraphSAGE,1:1,none,44,GNNShap,8047,1,0.9846616541353382,,0.0,0.9625186884220451,0.99660724401474,-0.000835418701171875,30
2,GraphSAGE,1:1,none,44,GNNShap,8239,1,0.9741353383458644,,0.0,0.9365608756688466,0.5798959732055664,0.15203315019607544,24
2,GraphSAGE,1:1,none,44,GNNShap,8255,1,0.9828571428571428,,0.0,0.9255400978449686,0.9947885274887085,-5.960464477539062e-07,31
2,GraphSAGE,1:1,none,44,GNNShap,8106,1,0.978345864661654,,0.0,0.9137157222934661,0.017050623893737793,0.4667617678642273,27
2,GraphSAGE,1:1,none,44,GNNShap,8273,1,0.9783458646616541,,0.0,0.9309433456822059,-2.7418136596679688e-06,0.9986591339111328,33
2,GraphSAGE,1:1,none,44,GNNShap,8415,2,0.9851127819548872,,0.0,0.9428039934044394,0.9818630814552307,-0.0001131892204284668,20
2,GraphSAGE,1:1,none,44,GNNShap,8905,3,0.8924812030075187,,0.0,0.9480672242625362,0.05987346172332764,0.9952268004417419,36
2,GraphSAGE,1:1,none,44,GNNShap,9224,4,0.9822556390977443,,0.0,0.9548216332595775,0.1190871000289917,0.8180559873580933,26
2,GraphSAGE,1:1,none,44,GNNShap,8178,1,0.9649624060150372,,1.0,0.9264389277152913,0.9956545233726501,-0.0017168521881103516,32
2,GraphSAGE,1:1,none,44,GNNShap,8351,1,0.9908270676691728,,0.0,0.95731169900199,0.24192440509796143,0.2719554305076599,35
2,GraphSAGE,1:1,none,44,GNNShap,8800,2,0.9682706766917292,,1.0,0.9389734527450175,0.9911321997642517,-0.007225930690765381,17
2,GraphSAGE,1:1,none,44,GNNShap,9487,4,0.989172932330827,,0.0,0.9360850509624642,0.010363519191741943,0.9107741117477417,37
2,GraphSAGE,1:1,none,44,GNNShap,9518,4,0.955187969924812,,0.0,0.8955527678560365,0.0016535520553588867,0.48812001943588257,29
2,GraphSAGE,1:1,none,44,GNNShap,9417,4,0.978345864661654,,0.0,0.9317100563272867,0.9876282811164856,-0.009403228759765625,38
2,GraphSAGE,1:1,none,44,GNNShap,9464,4,0.9781954887218045,,0.0,0.9129259598635684,0.9924759268760681,-0.004876971244812012,30
2,GraphSAGE,1:1,none,44,GNNShap,8031,1,0.9661654135338346,,0.0,0.9844364071067208,0.9995627403259277,0.0,85
2,GraphSAGE,1:1,none,44,GNNShap,8727,2,0.9648120300751881,,0.0,0.9490814805049503,0.985754132270813,-3.254413604736328e-05,29
2,GraphSAGE,1:1,none,44,GNNShap,8805,2,0.9733834586466165,,0.0,0.9398433822247577,0.979699432849884,0.16022038459777832,24
2,GraphSAGE,1:1,none,44,GNNShap,8823,2,0.967518796992481,,0.0,0.9632967682139665,0.8598108887672424,0.7555615305900574,19
2,GraphSAGE,1:1,none,44,GNNShap,8326,1,0.9842105263157894,,0.0,0.951434348028221,0.9961112141609192,-0.0002709627151489258,27
2,GraphSAGE,1:1,none,44,GNNShap,8475,2,0.938796992481203,,0.0,0.9413523856406736,0.9950763583183289,0.0005173683166503906,21
2,GraphSAGE,1:1,none,44,GNNShap,8649,2,0.9750375939849624,,0.0,0.9372718314277806,0.9891643524169922,0.03449869155883789,24
2,GraphSAGE,1:1,none,44,GNNShap,9027,3,0.9424060150375938,,0.0,0.987561483821862,0.09112608432769775,0.9081787467002869,29
2,GraphSAGE,1:1,none,44,GNNShap,8352,1,0.9634586466165412,,0.0,0.9310846175392079,0.9771206974983215,2.193450927734375e-05,34
2,GraphSAGE,1:1,none,44,GNNShap,8847,2,0.984812030075188,,0.0,0.9451675687924952,0.48628321290016174,0.8855745196342468,16
2,GraphSAGE,1:1,none,44,GNNShap,8526,2,0.9503759398496239,,0.0,0.9395778374854171,0.9849059581756592,-0.00014257431030273438,23
2,GraphSAGE,1:1,none,44,GNNShap,8126,1,0.8882706766917293,,0.0,0.8405174739848231,1.919269561767578e-05,0.9755563735961914,31
2,GraphSAGE,1:1,none,44,GNNShap,9367,4,0.9437593984962405,,0.0,0.864867377532104,0.09842705726623535,0.02024400234222412,32
2,GraphSAGE,1:1,none,44,GNNShap,9266,4,0.9836090225563909,,0.0,0.9401160138210475,0.004321277141571045,0.7287375330924988,43
2,GraphSAGE,natural,none,42,GNNExplainer,8912,3,0.8724812030075186,0.525,1.0,,0.9538342356681824,-0.007422745227813721,38
2,GraphSAGE,natural,none,42,GNNExplainer,8760,2,0.9341353383458644,0.625,1.0,,0.6844415664672852,-0.02523404359817505,21
2,GraphSAGE,natural,none,42,GNNExplainer,8526,2,0.9285714285714285,0.3333333333333333,1.0,,0.9509797096252441,-0.00799494981765747,23
2,GraphSAGE,natural,none,42,GNNExplainer,9282,4,0.9572932330827066,0.4642857142857143,0.0,,0.9251911640167236,-0.03320658206939697,33
2,GraphSAGE,natural,none,42,GNNExplainer,8263,1,0.9118796992481203,0.6346153846153846,1.0,,0.9509049654006958,-0.04847973585128784,35
2,GraphSAGE,natural,none,42,GNNExplainer,8049,1,0.9616541353383458,0.58,1.0,,0.7182691693305969,-0.009891271591186523,38
2,GraphSAGE,natural,none,42,GNNExplainer,8567,2,0.949172932330827,0.375,1.0,,0.8656113743782043,-0.007389366626739502,24
2,GraphSAGE,natural,none,42,GNNExplainer,8800,2,0.9506766917293235,0.5,1.0,,0.335864782333374,-0.0414278507232666,17
2,GraphSAGE,natural,none,42,GNNExplainer,8847,2,0.9748872180451127,0.25,1.0,,0.4911257028579712,-0.43217527866363525,16
2,GraphSAGE,natural,none,42,GNNExplainer,8131,1,0.8006015037593984,0.5454545454545454,1.0,,0.9781603217124939,-2.205371856689453e-05,35
2,GraphSAGE,natural,none,42,GNNExplainer,8033,1,0.9406015037593983,0.52,1.0,,0.990958571434021,-0.008847057819366455,41
2,GraphSAGE,natural,none,42,GNNExplainer,8468,2,0.9392481203007519,0.25,1.0,,0.7390007972717285,-0.09675431251525879,19
2,GraphSAGE,natural,none,42,GNNExplainer,8178,1,0.9021052631578946,0.64,1.0,,0.9887098073959351,-0.009818792343139648,32
2,GraphSAGE,natural,none,42,GNNExplainer,8902,3,0.9141353383458647,0.5333333333333333,0.0,,0.6478029489517212,-0.021689534187316895,33
2,GraphSAGE,natural,none,42,GNNExplainer,8563,2,0.9720300751879698,0.5,1.0,,0.8049192428588867,-0.18817752599716187,18
2,GraphSAGE,natural,none,42,GNNExplainer,8180,1,0.8799999999999999,0.58,1.0,,0.27931177616119385,-0.00014019012451171875,36
2,GraphSAGE,natural,none,42,GNNExplainer,8602,2,0.9851127819548872,0.75,1.0,,0.7577695250511169,-0.19319725036621094,26
2,GraphSAGE,natural,none,42,GNNExplainer,8982,3,0.9066165413533834,0.5333333333333333,0.0,,0.701633095741272,-0.003305971622467041,27
2,GraphSAGE,natural,none,42,GNNExplainer,9233,4,0.47939849624060155,0.5,0.0,,7.152557373046875e-07,-1.1920928955078125e-07,67
2,GraphSAGE,natural,none,42,GNNExplainer,8704,2,0.952330827067669,0.5,1.0,,0.3652641177177429,-0.11915034055709839,21
2,GraphSAGE,natural,none,42,GNNExplainer,9169,3,0.9294736842105262,0.5227272727272727,1.0,,0.8364845514297485,-0.0015352964401245117,37
2,GraphSAGE,natural,none,42,GNNExplainer,9416,4,0.8867669172932331,0.5,0.0,,0.8709511160850525,-0.1287703514099121,30
2,GraphSAGE,natural,none,42,GNNExplainer,9248,4,0.940751879699248,0.4666666666666667,0.0,,0.989473819732666,-0.008659899234771729,29
2,GraphSAGE,natural,none,42,GNNExplainer,8107,1,0.8882706766917293,0.5789473684210527,0.0,,0.9389798641204834,-0.0022998452186584473,30
2,GraphSAGE,natural,none,42,GNNExplainer,8722,2,0.9565413533834587,0.25,1.0,,0.7137636542320251,-0.2558380365371704,17
2,GraphSAGE,natural,none,42,GNNExplainer,9131,3,0.8980451127819548,0.53125,1.0,,0.9338240623474121,-0.06299471855163574,26
2,GraphSAGE,natural,none,42,GNNExplainer,9322,4,0.9010526315789473,0.6304347826086957,0.0,,0.9824306964874268,-0.00010788440704345703,35
2,GraphSAGE,natural,none,42,GNNExplainer,8329,1,0.9165413533834584,0.4666666666666667,1.0,,0.9408404231071472,-0.006965756416320801,30
2,GraphSAGE,natural,none,42,GNNExplainer,9190,4,0.943157894736842,0.5909090909090909,0.0,,0.6308591961860657,-0.0008215904235839844,35
2,GraphSAGE,natural,none,42,GNNExplainer,8516,2,0.9645112781954885,0.5,1.0,,0.7700662612915039,-0.03832370042800903,29
2,GraphSAGE,natural,none,42,PGExplainer,8912,3,,0.9500000000000001,,,0.0,0.3699314594268799,38
2,GraphSAGE,natural,none,42,PGExplainer,8760,2,,1.0,,,0.5619055032730103,-0.024940311908721924,21
2,GraphSAGE,natural,none,42,PGExplainer,8526,2,,0.5,,,0.3135533928871155,-0.008846819400787354,23
2,GraphSAGE,natural,none,42,PGExplainer,9282,4,,0.9285714285714286,,,0.030946731567382812,0.7511166334152222,33
2,GraphSAGE,natural,none,42,PGExplainer,8263,1,,1.0,,,0.004212498664855957,0.726823091506958,35
2,GraphSAGE,natural,none,42,PGExplainer,8049,1,,0.98,,,0.0006642341613769531,0.7182691693305969,38
2,GraphSAGE,natural,none,42,PGExplainer,8567,2,,1.0,,,0.04591435194015503,-0.004982888698577881,24
2,GraphSAGE,natural,none,42,PGExplainer,8800,2,,0.5,,,0.2430107593536377,-0.0420459508895874,17
2,GraphSAGE,natural,none,42,PGExplainer,8847,2,,0.5,,,0.4324721693992615,-0.4319966435432434,16
2,GraphSAGE,natural,none,42,PGExplainer,8131,1,,1.0,,,1.1801719665527344e-05,0.5739624500274658,35
2,GraphSAGE,natural,none,42,PGExplainer,8033,1,,0.98,,,0.0006959438323974609,0.775691568851471,41
2,GraphSAGE,natural,none,42,PGExplainer,8468,2,,0.5,,,0.5011951923370361,-0.09624356031417847,19
2,GraphSAGE,natural,none,42,PGExplainer,8178,1,,0.98,,,0.0002429485321044922,0.8964632153511047,32
2,GraphSAGE,natural,none,42,PGExplainer,8902,3,,0.9666666666666667,,,0.0014043450355529785,0.04273200035095215,33
2,GraphSAGE,natural,none,42,PGExplainer,8563,2,,0.75,,,0.07601135969161987,0.1244080662727356,18
2,GraphSAGE,natural,none,42,PGExplainer,8180,1,,1.0,,,1.7523765563964844e-05,0.4243958592414856,36
2,GraphSAGE,natural,none,42,PGExplainer,8602,2,,1.0,,,0.39439907670021057,-0.13989192247390747,26
2,GraphSAGE,natural,none,42,PGExplainer,8982,3,,1.0,,,0.0,0.035620927810668945,27
2,GraphSAGE,natural,none,42,PGExplainer,9233,4,,0.9333333333333333,,,2.384185791015625e-07,-4.76837158203125e-07,67
2,GraphSAGE,natural,none,42,PGExplainer,8704,2,,0.6666666666666666,,,0.6232030391693115,-0.09651899337768555,21
2,GraphSAGE,natural,none,42,PGExplainer,9169,3,,0.9545454545454546,,,0.0,0.1334819197654724,37
2,GraphSAGE,natural,none,42,PGExplainer,9416,4,,0.9375,,,0.06327223777770996,0.8426738977432251,30
2,GraphSAGE,natural,none,42,PGExplainer,9248,4,,0.9666666666666667,,,0.0033945441246032715,0.8939499258995056,29
2,GraphSAGE,natural,none,42,PGExplainer,8107,1,,0.9473684210526315,,,0.0003380775451660156,0.6065405607223511,30
2,GraphSAGE,natural,none,42,PGExplainer,8722,2,,0.5,,,0.5924798250198364,-0.25560861825942993,17
2,GraphSAGE,natural,none,42,PGExplainer,9131,3,,0.96875,,,0.0,0.23723459243774414,26
2,GraphSAGE,natural,none,42,PGExplainer,9322,4,,0.9565217391304348,,,5.161762237548828e-05,0.2791129946708679,35
2,GraphSAGE,natural,none,42,PGExplainer,8329,1,,0.9333333333333333,,,0.0006121993064880371,0.7121549248695374,30
2,GraphSAGE,natural,none,42,PGExplainer,9190,4,,0.9090909090909091,,,0.0002537965774536133,0.6308591365814209,35
2,GraphSAGE,natural,none,42,PGExplainer,8516,2,,1.0,,,0.9087185859680176,-0.03661864995956421,29
2,GraphSAGE,natural,none,42,GNNShap,8912,3,0.9416541353383456,,0.0,0.964674652777548,0.9860482811927795,-0.006039559841156006,38
2,GraphSAGE,natural,none,42,GNNShap,8760,2,0.9580451127819549,,1.0,0.9877310799512484,0.8346544504165649,0.7928922772407532,21
2,GraphSAGE,natural,none,42,GNNShap,8526,2,0.9798496240601503,,0.0,0.9622348783280913,0.9850034117698669,-0.001439809799194336,23
2,GraphSAGE,natural,none,42,GNNShap,9282,4,0.9809022556390976,,0.0,0.9478121069628104,0.9429046511650085,0.1795334815979004,33
2,GraphSAGE,natural,none,42,GNNShap,8263,1,0.9553383458646614,,0.0,0.9646503870045425,0.9496104121208191,0.0012628436088562012,35
2,GraphSAGE,natural,none,42,GNNShap,8049,1,0.9857142857142855,,1.0,0.959544330783116,0.9860708713531494,0.011397361755371094,38
2,GraphSAGE,natural,none,42,GNNShap,8567,2,0.9750375939849624,,0.0,0.9868857437100284,0.9915751814842224,0.0010068416595458984,24
2,GraphSAGE,natural,none,42,GNNShap,8800,2,0.9654135338345864,,1.0,0.9753305369026851,0.9559775590896606,-0.02775794267654419,17
2,GraphSAGE,natural,none,42,GNNShap,8847,2,0.9796992481203006,,0.0,0.9660528184274325,0.4912978410720825,0.5007553696632385,16
2,GraphSAGE,natural,none,42,GNNShap,8131,1,0.964360902255639,,0.0,0.9416741546367705,0.9993870854377747,2.4318695068359375e-05,35
2,GraphSAGE,natural,none,42,GNNShap,8033,1,0.986315789473684,,1.0,0.9592106931640061,0.9693219065666199,0.05415332317352295,41
2,GraphSAGE,natural,none,42,GNNShap,8468,2,0.9676691729323308,,0.0,0.9740133093053412,0.7956954836845398,0.7864649295806885,19
2,GraphSAGE,natural,none,42,GNNShap,8178,1,0.941954887218045,,1.0,0.9627937767007108,0.9894484281539917,-0.0012143850326538086,32
2,GraphSAGE,natural,none,42,GNNShap,8902,3,0.9664661654135337,,0.0,0.9885322951567235,0.36888349056243896,0.9779755473136902,33
2,GraphSAGE,natural,none,42,GNNShap,8563,2,0.9739849624060148,,0.0,0.9573533663312623,0.8099914789199829,0.39486396312713623,18
2,GraphSAGE,natural,none,42,GNNShap,8180,1,0.9664661654135338,,0.0,0.9479005942776141,0.9952379465103149,-4.017353057861328e-05,36
2,GraphSAGE,natural,none,42,GNNShap,8602,2,0.9869172932330826,,0.0,0.9284064013609594,0.7929204106330872,-0.04176968336105347,26
2,GraphSAGE,natural,none,42,GNNShap,8982,3,0.9323308270676691,,0.0,0.9883059084871253,0.9950896501541138,0.011221647262573242,27
2,GraphSAGE,natural,none,42,GNNShap,9233,4,0.9222556390977446,,0.0,0.9839361454438416,0.9885727763175964,-2.384185791015625e-07,67
2,GraphSAGE,natural,none,42,GNNShap,8704,2,0.970375939849624,,0.0,0.9662764237371417,0.7017847299575806,0.6638530492782593,21
2,GraphSAGE,natural,none,42,GNNShap,9169,3,0.9726315789473684,,0.0,0.9906178764100609,0.08033889532089233,0.9978650808334351,37
2,GraphSAGE,natural,none,42,GNNShap,9416,4,0.9803007518796992,,0.0,0.9081527892188654,0.5268751382827759,0.867763340473175,30
2,GraphSAGE,natural,none,42,GNNShap,9248,4,0.9876691729323308,,0.0,0.9663346541415558,0.18465954065322876,0.9311824440956116,29
2,GraphSAGE,natural,none,42,GNNShap,8107,1,0.9881203007518795,,1.0,0.95884821446733,0.00557255744934082,0.9945906400680542,30
2,GraphSAGE,natural,none,42,GNNShap,8722,2,0.9839097744360903,,1.0,0.9439362111033119,0.6463148593902588,0.6577135920524597,17
2,GraphSAGE,natural,none,42,GNNShap,9131,3,0.9781954887218044,,1.0,0.97766167701802,0.6038168668746948,0.900242805480957,26
2,GraphSAGE,natural,none,42,GNNShap,9322,4,0.9786466165413532,,0.0,0.9316574200882737,0.019583582878112793,0.7426267862319946,35
2,GraphSAGE,natural,none,42,GNNShap,8329,1,0.9839097744360903,,0.0,0.9725860652925121,0.7899041771888733,0.27699363231658936,30
2,GraphSAGE,natural,none,42,GNNShap,9190,4,0.9664661654135337,,0.0,0.9477506746865298,0.9943200349807739,-7.706880569458008e-05,35
2,GraphSAGE,natural,none,42,GNNShap,8516,2,0.9687218045112781,,1.0,0.9541869357552553,0.9518350958824158,0.00543665885925293,29
2,GraphSAGE,natural,none,43,GNNExplainer,8912,3,0.9094736842105261,0.525,1.0,,0.9920532703399658,-0.006009697914123535,38
2,GraphSAGE,natural,none,43,GNNExplainer,9169,3,0.9416541353383459,0.5227272727272727,0.0,,0.9138729572296143,-0.0012923479080200195,37
2,GraphSAGE,natural,none,43,GNNExplainer,8526,2,0.9030075187969924,0.5,1.0,,0.9118653535842896,-0.004524052143096924,23
2,GraphSAGE,natural,none,43,GNNExplainer,9282,4,0.9529323308270674,0.42857142857142855,0.0,,0.8751898407936096,-0.06814467906951904,33
2,GraphSAGE,natural,none,43,GNNExplainer,8263,1,0.9261654135338345,0.6346153846153846,1.0,,0.9470605254173279,-0.05121898651123047,35
2,GraphSAGE,natural,none,43,GNNExplainer,8049,1,0.9592481203007518,0.58,1.0,,0.9878482222557068,-0.011878728866577148,38
2,GraphSAGE,natural,none,43,GNNExplainer,8567,2,0.9663157894736841,0.5,1.0,,0.8648815155029297,-0.004839658737182617,24
2,GraphSAGE,natural,none,43,GNNExplainer,9143,3,0.9072180451127819,0.5208333333333334,0.0,,0.9908878803253174,-0.0010901689529418945,40
2,GraphSAGE,natural,none,43,GNNExplainer,9367,4,0.8466165413533835,0.46875,0.0,,0.9933255910873413,-0.003079056739807129,32
2,GraphSAGE,natural,none,43,GNNExplainer,8131,1,0.7615037593984961,0.5454545454545454,0.0,,0.9548740983009338,-2.8848648071289062e-05,35
2,GraphSAGE,natural,none,43,GNNExplainer,8033,1,0.9418045112781954,0.52,1.0,,0.987500011920929,-0.01131892204284668,41
2,GraphSAGE,natural,none,43,GNNExplainer,8468,2,0.9368421052631577,0.25,1.0,,0.7522319555282593,-0.09437906742095947,19
2,GraphSAGE,natural,none,43,GNNExplainer,8178,1,0.9637593984962406,0.64,1.0,,0.9842763543128967,-0.014146089553833008,32
2,GraphSAGE,natural,none,43,GNNExplainer,8902,3,0.9264661654135337,0.5333333333333333,0.0,,0.7200243473052979,-0.013991177082061768,33
2,GraphSAGE,natural,none,43,GNNExplainer,8563,2,0.9712781954887216,0.5,1.0,,0.8504315614700317,-0.14448821544647217,18
2,GraphSAGE,natural,none,43,GNNExplainer,8180,1,0.8144360902255638,0.58,0.0,,0.4654505252838135,-5.4836273193359375e-05,36
2,GraphSAGE,natural,none,43,GNNExplainer,8602,2,0.9712781954887217,0.625,1.0,,0.8020515441894531,-0.16880851984024048,26
2,GraphSAGE,natural,none,43,GNNExplainer,8982,3,0.8891729323308271,0.5333333333333333,0.0,,0.7081165909767151,-0.0038139820098876953,27
2,GraphSAGE,natural,none,43,GNNExplainer,9472,4,0.9362406015037592,0.5,0.0,,0.9861372113227844,-0.01366877555847168,26
2,GraphSAGE,natural,none,43,GNNExplainer,9418,4,0.9490225563909773,0.46875,0.0,,0.7009410858154297,-0.00013756752014160156,34
2,GraphSAGE,natural,none,43,GNNExplainer,8756,2,0.9297744360902256,0.75,1.0,,0.6950880289077759,-0.11932134628295898,14
2,GraphSAGE,natural,none,43,GNNExplainer,9369,4,0.9342857142857144,0.46875,0.0,,0.9977229237556458,-0.0018706321716308594,31
2,GraphSAGE,natural,none,43,GNNExplainer,9384,4,0.936390977443609,0.4166666666666667,0.0,,0.9609227776527405,-0.03877145051956177,26
2,GraphSAGE,natural,none,43,GNNExplainer,8107,1,0.8902255639097744,0.5789473684210527,0.0,,0.9851967096328735,-0.002245485782623291,30
2,GraphSAGE,natural,none,43,GNNExplainer,8722,2,0.9332330827067669,0.5,1.0,,0.8244894742965698,-0.12234610319137573,17
2,GraphSAGE,natural,none,43,GNNExplainer,9464,4,0.9466165413533834,0.42857142857142855,0.0,,0.9857319593429565,-0.012093603610992432,30
2,GraphSAGE,natural,none,43,GNNExplainer,9322,4,0.8524812030075187,0.6304347826086957,0.0,,0.9773465394973755,-0.0001010894775390625,35
2,GraphSAGE,natural,none,43,GNNExplainer,8329,1,0.9273684210526316,0.4666666666666667,1.0,,0.9918184280395508,-0.0011339783668518066,30
2,GraphSAGE,natural,none,43,GNNExplainer,9190,4,0.8954887218045112,0.5909090909090909,0.0,,0.7576745748519897,-0.0016573071479797363,35
2,GraphSAGE,natural,none,43,GNNExplainer,8516,2,0.9478195488721803,0.625,1.0,,0.7504146099090576,-0.03672522306442261,29
2,GraphSAGE,natural,none,43,PGExplainer,8912,3,,0.9500000000000001,,,0.0,0.38726454973220825,38
2,GraphSAGE,natural,none,43,PGExplainer,9169,3,,0.9772727272727273,,,0.0,0.17400771379470825,37
2,GraphSAGE,natural,none,43,PGExplainer,8526,2,,0.5,,,0.2078397274017334,-0.005199253559112549,23
2,GraphSAGE,natural,none,43,PGExplainer,9282,4,,0.9642857142857143,,,0.016897082328796387,0.7444800734519958,33
2,GraphSAGE,natural,none,43,PGExplainer,8263,1,,1.0,,,0.0006570219993591309,0.8184652328491211,35
2,GraphSAGE,natural,none,43,PGExplainer,8049,1,,0.98,,,0.0010859370231628418,0.7431348562240601,38
2,GraphSAGE,natural,none,43,PGExplainer,8567,2,,1.0,,,0.17456156015396118,-0.004473626613616943,24
2,GraphSAGE,natural,none,43,PGExplainer,9143,3,,1.0,,,0.0,0.10685735940933228,40
2,GraphSAGE,natural,none,43,PGExplainer,9367,4,,0.96875,,,0.00019484758377075195,0.4591740369796753,32
2,GraphSAGE,natural,none,43,PGExplainer,8131,1,,1.0,,,4.291534423828125e-06,0.56298828125,35
2,GraphSAGE,natural,none,43,PGExplainer,8033,1,,0.98,,,0.0009857416152954102,0.7885165214538574,41
2,GraphSAGE,natural,none,43,PGExplainer,8468,2,,0.5,,,0.5030226707458496,-0.09376513957977295,19
2,GraphSAGE,natural,none,43,PGExplainer,8178,1,,0.98,,,-8.690357208251953e-05,0.8853526711463928,32
2,GraphSAGE,natural,none,43,PGExplainer,8902,3,,1.0,,,0.0009459257125854492,0.07839030027389526,33
2,GraphSAGE,natural,none,43,PGExplainer,8563,2,,0.875,,,0.47576087713241577,-0.1444404125213623,18
2,GraphSAGE,natural,none,43,PGExplainer,8180,1,,1.0,,,0.8942192196846008,-6.711483001708984e-05,36
2,GraphSAGE,natural,none,43,PGExplainer,8602,2,,1.0,,,0.4346924126148224,-0.15440434217453003,26
2,GraphSAGE,natural,none,43,PGExplainer,8982,3,,1.0,,,0.0,0.023744642734527588,27
2,GraphSAGE,natural,none,43,PGExplainer,9472,4,,0.9642857142857143,,,0.0003389716148376465,0.5823835134506226,26
2,GraphSAGE,natural,none,43,PGExplainer,9418,4,,0.9375,,,0.003665328025817871,0.7009411454200745,34
2,GraphSAGE,natural,none,43,PGExplainer,8756,2,,1.0,,,0.5808541774749756,-0.11931943893432617,14
2,GraphSAGE,natural,none,43,PGExplainer,9369,4,,0.96875,,,0.00011110305786132812,0.6852798461914062,31
2,GraphSAGE,natural,none,43,PGExplainer,9384,4,,0.9583333333333334,,,0.025871098041534424,0.8742638230323792,26
2,GraphSAGE,natural,none,43,PGExplainer,8107,1,,0.9473684210526315,,,8.243322372436523e-05,0.6750308275222778,30
2,GraphSAGE,natural,none,43,PGExplainer,8722,2,,0.75,,,0.6277555227279663,-0.12215769290924072,17
2,GraphSAGE,natural,none,43,PGExplainer,9464,4,,1.0,,,0.0005108118057250977,0.3519693613052368,30
2,GraphSAGE,natural,none,43,PGExplainer,9322,4,,0.9565217391304348,,,2.0623207092285156e-05,0.2641087770462036,35
2,GraphSAGE,natural,none,43,PGExplainer,8329,1,,0.9666666666666667,,,-7.075071334838867e-05,0.812168300151825,30
2,GraphSAGE,natural,none,43,PGExplainer,9190,4,,0.9318181818181818,,,-3.0338764190673828e-05,0.7576746344566345,35
2,GraphSAGE,natural,none,43,PGExplainer,8516,2,,1.0,,,0.8446739912033081,-0.03289175033569336,29
2,GraphSAGE,natural,none,43,GNNShap,8912,3,0.9642105263157894,,0.0,0.9501377757667093,0.9891141057014465,-0.0052834153175354,38
2,GraphSAGE,natural,none,43,GNNShap,9169,3,0.963609022556391,,0.0,0.9901454841373439,0.03076040744781494,0.998575747013092,37
2,GraphSAGE,natural,none,43,GNNShap,8526,2,0.9454135338345864,,0.0,0.9755320583208149,0.9864457249641418,5.120038986206055e-05,23
2,GraphSAGE,natural,none,43,GNNShap,9282,4,0.9885714285714284,,0.0,0.9474637959655506,0.9096331596374512,0.10005378723144531,33
2,GraphSAGE,natural,none,43,GNNShap,8263,1,0.9870676691729322,,0.0,0.9595357179983088,0.9468019604682922,-0.008981645107269287,35
2,GraphSAGE,natural,none,43,GNNShap,8049,1,0.974436090225564,,1.0,0.9627452580186381,0.9850238561630249,0.003017902374267578,38
2,GraphSAGE,natural,none,43,GNNShap,8567,2,0.9772932330827067,,0.0,0.9819155278386479,0.9941985011100769,0.0013074278831481934,24
2,GraphSAGE,natural,none,43,GNNShap,9143,3,0.9478195488721803,,0.0,0.9915048803531917,0.04959911108016968,0.9986314177513123,40
2,GraphSAGE,natural,none,43,GNNShap,9367,4,0.9866165413533835,,0.0,0.9334999643222887,0.9928399324417114,0.00349271297454834,32
2,GraphSAGE,natural,none,43,GNNShap,8131,1,0.9714285714285713,,0.0,0.9409714503878138,0.9995050430297852,-4.649162292480469e-06,35
2,GraphSAGE,natural,none,43,GNNShap,8033,1,0.976842105263158,,1.0,0.9553055328211532,0.9627724289894104,0.05061894655227661,41
2,GraphSAGE,natural,none,43,GNNShap,8468,2,0.957593984962406,,0.0,0.9754282799098126,0.6301159262657166,0.874627947807312,19
2,GraphSAGE,natural,none,43,GNNShap,8178,1,0.9427067669172932,,1.0,0.9643509816092356,0.9851431846618652,-0.007191956043243408,32
2,GraphSAGE,natural,none,43,GNNShap,8902,3,0.9490225563909773,,0.0,0.9915633161166173,0.19302773475646973,0.985902726650238,33
2,GraphSAGE,natural,none,43,GNNShap,8563,2,0.9735338345864661,,0.0,0.9641055547628861,0.8542430996894836,0.5339237451553345,18
2,GraphSAGE,natural,none,43,GNNShap,8180,1,0.9830075187969923,,0.0,0.9568549659382052,0.9976683855056763,7.152557373046875e-06,36
2,GraphSAGE,natural,none,43,GNNShap,8602,2,0.9851127819548872,,0.0,0.9617235302393393,0.823375940322876,0.05953657627105713,26
2,GraphSAGE,natural,none,43,GNNShap,8982,3,0.9487218045112782,,0.0,0.9906638666460932,0.9933124780654907,0.016229689121246338,27
2,GraphSAGE,natural,none,43,GNNShap,9472,4,0.9381954887218045,,0.0,0.9331465211672638,0.2998020052909851,0.9405309557914734,26
2,GraphSAGE,natural,none,43,GNNShap,9418,4,0.988721804511278,,0.0,0.9662474439430809,0.9625539183616638,0.0460088849067688,34
2,GraphSAGE,natural,none,43,GNNShap,8756,2,0.973233082706767,,0.0,0.9847563851576773,0.7315502762794495,0.6890276074409485,14
2,GraphSAGE,natural,none,43,GNNShap,9369,4,0.9790977443609024,,0.0,0.9385632069420339,0.9938459992408752,0.00013744831085205078,31
2,GraphSAGE,natural,none,43,GNNShap,9384,4,0.988721804511278,,0.0,0.9658584897619132,0.9587845206260681,-0.023598551750183105,26
2,GraphSAGE,natural,none,43,GNNShap,8107,1,0.9795488721804511,,1.0,0.9515705935021137,0.11309146881103516,0.9778435230255127,30
2,GraphSAGE,natural,none,43,GNNShap,8722,2,0.9711278195488721,,1.0,0.9548691283681972,0.7702934741973877,0.8262910842895508,17
2,GraphSAGE,natural,none,43,GNNShap,9464,4,0.9858646616541353,,0.0,0.9510538931381305,0.8481398224830627,0.2776547074317932,30
2,GraphSAGE,natural,none,43,GNNShap,9322,4,0.9751879699248118,,0.0,0.9383284296293581,0.005362331867218018,0.959755539894104,35
2,GraphSAGE,natural,none,43,GNNShap,8329,1,0.9815037593984961,,0.0,0.9651337842241027,0.9222109913825989,0.1279226541519165,30
2,GraphSAGE,natural,none,43,GNNShap,9190,4,0.9842105263157894,,0.0,0.9577997442380667,0.9941192269325256,-0.0017604827880859375,35
2,GraphSAGE,natural,none,43,GNNShap,8516,2,0.9541353383458647,,1.0,0.9624280978929395,0.9515019059181213,0.003731846809387207,29
2,GraphSAGE,natural,none,44,GNNExplainer,8921,3,0.9082706766917295,0.525,1.0,,0.9689028263092041,-0.0003151893615722656,35
2,GraphSAGE,natural,none,44,GNNExplainer,9170,3,0.9166917293233083,0.5227272727272727,0.0,,0.9966897964477539,-0.0010692477226257324,36
2,GraphSAGE,natural,none,44,GNNExplainer,8526,2,0.9108270676691728,0.6666666666666666,1.0,,0.40640556812286377,-0.004155457019805908,23
2,GraphSAGE,natural,none,44,GNNExplainer,9299,4,0.9312781954887216,0.5294117647058824,0.0,,0.9864435791969299,-0.007809996604919434,29
2,GraphSAGE,natural,none,44,GNNExplainer,8263,1,0.9360902255639096,0.6346153846153846,1.0,,0.7682879567146301,-0.05314195156097412,35
2,GraphSAGE,natural,none,44,GNNExplainer,8049,1,0.957142857142857,0.58,1.0,,0.656021237373352,-0.019275426864624023,38
2,GraphSAGE,natural,none,44,GNNExplainer,8567,2,0.9789473684210528,0.5,1.0,,0.8959898948669434,-0.0067705512046813965,24
2,GraphSAGE,natural,none,44,GNNExplainer,9147,3,0.893082706766917,0.5208333333333334,0.0,,0.9957900643348694,-0.0013824105262756348,38
2,GraphSAGE,natural,none,44,GNNExplainer,9367,4,0.8461654135338345,0.46875,0.0,,0.9878174066543579,-0.005689799785614014,32
2,GraphSAGE,natural,none,44,GNNExplainer,8131,1,0.7556390977443609,0.5454545454545454,1.0,,0.9095962047576904,-7.426738739013672e-05,35
2,GraphSAGE,natural,none,44,GNNExplainer,8033,1,0.9496240601503757,0.52,1.0,,0.7795681953430176,-0.012101709842681885,41
2,GraphSAGE,natural,none,44,GNNExplainer,8468,2,0.9619548872180449,0.25,1.0,,0.7497271299362183,-0.20175224542617798,19
2,GraphSAGE,natural,none,44,GNNExplainer,8178,1,0.9406015037593984,0.64,1.0,,0.989698052406311,-0.00981605052947998,32
2,GraphSAGE,natural,none,44,GNNExplainer,8903,3,0.9427067669172932,0.5333333333333333,0.0,,0.8988688588142395,-0.017134547233581543,28
2,GraphSAGE,natural,none,44,GNNExplainer,8563,2,0.9399999999999998,0.5,1.0,,0.7935370802879333,-0.20245236158370972,18
2,GraphSAGE,natural,none,44,GNNExplainer,8180,1,0.830375939849624,0.58,1.0,,0.26526308059692383,-4.220008850097656e-05,36
2,GraphSAGE,natural,none,44,GNNExplainer,8602,2,0.9639097744360899,0.75,1.0,,0.687562108039856,-0.27751797437667847,26
2,GraphSAGE,natural,none,44,GNNExplainer,8987,3,0.96,0.5333333333333333,1.0,,0.9722532629966736,-0.001997053623199463,34
2,GraphSAGE,natural,none,44,GNNExplainer,9472,4,0.8858646616541351,0.5,0.0,,0.9830344319343567,-0.01672309637069702,26
2,GraphSAGE,natural,none,44,GNNExplainer,9418,4,0.9464661654135338,0.40625,0.0,,0.738520085811615,-0.0072997212409973145,34
2,GraphSAGE,natural,none,44,GNNExplainer,8760,2,0.953233082706767,0.625,1.0,,0.6872971057891846,-0.01993846893310547,21
2,GraphSAGE,natural,none,44,GNNExplainer,9369,4,0.8998496240601502,0.46875,0.0,,0.9986459016799927,-0.0008920431137084961,31
2,GraphSAGE,natural,none,44,GNNExplainer,9384,4,0.9451127819548871,0.375,0.0,,0.9708989262580872,-0.02826613187789917,26
2,GraphSAGE,natural,none,44,GNNExplainer,8107,1,0.8786466165413532,0.5789473684210527,0.0,,0.996167778968811,-0.002107858657836914,30
2,GraphSAGE,natural,none,44,GNNExplainer,8722,2,0.9663157894736841,0.5,1.0,,0.56473308801651,-0.429446280002594,17
2,GraphSAGE,natural,none,44,GNNExplainer,9464,4,0.9163909774436089,0.42857142857142855,0.0,,0.9939539432525635,-0.005705714225769043,30
2,GraphSAGE,natural,none,44,GNNExplainer,9323,4,0.9199999999999999,0.5,0.0,,0.750176191329956,-0.0013100504875183105,44
2,GraphSAGE,natural,none,44,GNNExplainer,8329,1,0.9350375939849623,0.4666666666666667,1.0,,0.7102223634719849,-0.00410693883895874,30
2,GraphSAGE,natural,none,44,GNNExplainer,9196,4,0.8784962406015039,0.4318181818181818,0.0,,0.8240556716918945,-2.4378299713134766e-05,45
2,GraphSAGE,natural,none,44,GNNExplainer,8516,2,0.9251127819548872,0.625,1.0,,0.6663787961006165,-0.02092301845550537,29
2,GraphSAGE,natural,none,44,PGExplainer,8921,3,,0.9500000000000001,,,0.0,0.6534614562988281,35
2,GraphSAGE,natural,none,44,PGExplainer,9170,3,,0.9545454545454546,,,0.0,0.3540375232696533,36
2,GraphSAGE,natural,none,44,PGExplainer,8526,2,,0.5,,,0.20543456077575684,-0.004157602787017822,23
2,GraphSAGE,natural,none,44,PGExplainer,9299,4,,0.9411764705882353,,,0.0015372633934020996,0.6051448583602905,29
2,GraphSAGE,natural,none,44,PGExplainer,8263,1,,1.0,,,0.009306371212005615,0.7682879567146301,35
2,GraphSAGE,natural,none,44,PGExplainer,8049,1,,0.98,,,0.0016661882400512695,0.656021237373352,38
2,GraphSAGE,natural,none,44,PGExplainer,8567,2,,1.0,,,0.22595250606536865,-0.006327986717224121,24
2,GraphSAGE,natural,none,44,PGExplainer,9147,3,,0.9791666666666666,,,0.0,0.2460803985595703,38
2,GraphSAGE,natural,none,44,PGExplainer,9367,4,,0.90625,,,0.00025963783264160156,0.3643916845321655,32
2,GraphSAGE,natural,none,44,PGExplainer,8131,1,,1.0,,,5.996227264404297e-05,0.3823258876800537,35
2,GraphSAGE,natural,none,44,PGExplainer,8033,1,,0.98,,,0.00236433744430542,0.7795681953430176,41
2,GraphSAGE,natural,none,44,PGExplainer,8468,2,,0.5,,,0.6194674968719482,-0.20139580965042114,19
2,GraphSAGE,natural,none,44,PGExplainer,8178,1,,0.98,,,0.00016170740127563477,0.8913846611976624,32
2,GraphSAGE,natural,none,44,PGExplainer,8903,3,,0.9666666666666667,,,0.0,0.1931864619255066,28
2,GraphSAGE,natural,none,44,PGExplainer,8563,2,,0.75,,,0.08820110559463501,-0.01429140567779541,18
2,GraphSAGE,natural,none,44,PGExplainer,8180,1,,0.98,,,1.430511474609375e-06,0.26526308059692383,36
2,GraphSAGE,natural,none,44,PGExplainer,8602,2,,1.0,,,0.45262423157691956,-0.249592125415802,26
2,GraphSAGE,natural,none,44,PGExplainer,8987,3,,0.9666666666666667,,,8.213520050048828e-05,0.1821054220199585,34
2,GraphSAGE,natural,none,44,PGExplainer,9472,4,,0.9285714285714286,,,0.004111170768737793,0.4669739007949829,26
2,GraphSAGE,natural,none,44,PGExplainer,9418,4,,0.90625,,,0.0006545782089233398,0.7385200262069702,34
2,GraphSAGE,natural,none,44,PGExplainer,8760,2,,0.75,,,0.599838137626648,-0.019786059856414795,21
2,GraphSAGE,natural,none,44,PGExplainer,9369,4,,0.90625,,,-4.756450653076172e-05,0.5672844648361206,31
2,GraphSAGE,natural,none,44,PGExplainer,9384,4,,0.9166666666666666,,,0.012531757354736328,0.8552337288856506,26
2,GraphSAGE,natural,none,44,PGExplainer,8107,1,,0.9473684210526315,,,0.0003433823585510254,0.7268961071968079,30
2,GraphSAGE,natural,none,44,PGExplainer,8722,2,,0.5,,,0.5156794190406799,-0.4291226863861084,17
2,GraphSAGE,natural,none,44,PGExplainer,9464,4,,0.9285714285714286,,,0.0017496347427368164,0.29981571435928345,30
2,GraphSAGE,natural,none,44,PGExplainer,9323,4,,0.9565217391304348,,,0.0014905929565429688,0.750176191329956,44
2,GraphSAGE,natural,none,44,PGExplainer,8329,1,,0.9333333333333333,,,0.0007899999618530273,0.7102223634719849,30
2,GraphSAGE,natural,none,44,PGExplainer,9196,4,,0.9090909090909091,,,0.00010693073272705078,0.8240557909011841,45
2,GraphSAGE,natural,none,44,PGExplainer,8516,2,,1.0,,,0.856960117816925,-0.01774054765701294,29
2,GraphSAGE,natural,none,44,GNNShap,8921,3,0.9577443609022556,,0.0,0.9710012226716433,0.056945979595184326,0.995427131652832,35
2,GraphSAGE,natural,none,44,GNNShap,9170,3,0.9777443609022555,,0.0,0.9825136989681248,0.06983554363250732,0.9989022612571716,36
2,GraphSAGE,natural,none,44,GNNShap,8526,2,0.9455639097744359,,1.0,0.9646984415351252,0.9867803454399109,0.0021016597747802734,23
2,GraphSAGE,natural,none,44,GNNShap,9299,4,0.9784962406015036,,0.0,0.9444873482327101,0.3253234624862671,0.9168912768363953,29
2,GraphSAGE,natural,none,44,GNNShap,8263,1,0.981954887218045,,0.0,0.960920924719051,0.9148637652397156,0.018768727779388428,35
2,GraphSAGE,natural,none,44,GNNShap,8049,1,0.9792481203007517,,1.0,0.9704750628430251,0.9703744649887085,0.01659095287322998,38
2,GraphSAGE,natural,none,44,GNNShap,8567,2,0.9714285714285713,,0.0,0.9847081444797278,0.9918427467346191,8.970499038696289e-05,24
2,GraphSAGE,natural,none,44,GNNShap,9147,3,0.937142857142857,,0.0,0.9807119780401508,0.09120839834213257,0.9941221475601196,38
2,GraphSAGE,natural,none,44,GNNShap,9367,4,0.9860150375939849,,0.0,0.9090472319461252,0.8356825113296509,0.1503344178199768,32
2,GraphSAGE,natural,none,44,GNNShap,8131,1,0.9809022556390976,,0.0,0.958104157206451,0.9981712698936462,2.288818359375e-05,35
2,GraphSAGE,natural,none,44,GNNShap,8033,1,0.9795488721804511,,1.0,0.9680999029152982,0.9642432928085327,0.08002310991287231,41
2,GraphSAGE,natural,none,44,GNNShap,8468,2,0.9851127819548872,,0.0,0.9632211338454404,0.6492021083831787,0.7716352343559265,19
2,GraphSAGE,natural,none,44,GNNShap,8178,1,0.9521804511278195,,1.0,0.9699552750162523,0.988579273223877,0.004206836223602295,32
2,GraphSAGE,natural,none,44,GNNShap,8903,3,0.9798496240601503,,0.0,0.9851027202644846,0.5369388461112976,0.9812343120574951,28
2,GraphSAGE,natural,none,44,GNNShap,8563,2,0.9780451127819546,,0.0,0.959096259802233,0.7958393096923828,0.4570273756980896,18
2,GraphSAGE,natural,none,44,GNNShap,8180,1,0.9803007518796992,,0.0,0.9581431675615558,0.9946088790893555,0.0002532005310058594,36
2,GraphSAGE,natural,none,44,GNNShap,8602,2,0.9813533834586465,,0.0,0.9562475987023629,0.7168231010437012,0.025447607040405273,26
2,GraphSAGE,natural,none,44,GNNShap,8987,3,0.9403007518796993,,0.0,0.9917541157864715,0.9972167611122131,-0.0010381340980529785,34
2,GraphSAGE,natural,none,44,GNNShap,9472,4,0.9834586466165411,,0.0,0.9499108283174547,0.4343867897987366,0.8909823894500732,26
2,GraphSAGE,natural,none,44,GNNShap,9418,4,0.9750375939849623,,0.0,0.9661719515695436,0.9549738168716431,0.10198384523391724,34
2,GraphSAGE,natural,none,44,GNNShap,8760,2,0.9667669172932329,,1.0,0.9844002450077781,0.8264318108558655,0.8086061477661133,21
2,GraphSAGE,natural,none,44,GNNShap,9369,4,0.9777443609022555,,0.0,0.9404600199328673,0.9936742186546326,0.0023095011711120605,31
2,GraphSAGE,natural,none,44,GNNShap,9384,4,0.9682706766917292,,0.0,0.9620526574673598,0.96759432554245,-0.008546710014343262,26
2,GraphSAGE,natural,none,44,GNNShap,8107,1,0.9876691729323308,,1.0,0.9527683274225645,0.0057114362716674805,0.9937201142311096,30
2,GraphSAGE,natural,none,44,GNNShap,8722,2,0.9664661654135337,,1.0,0.9448392768994054,0.06822735071182251,0.5701281428337097,17
2,GraphSAGE,natural,none,44,GNNShap,9464,4,0.9718796992481202,,0.0,0.9609487547405708,0.9341503381729126,0.20195508003234863,30
2,GraphSAGE,natural,none,44,GNNShap,9323,4,0.9849624060150376,,0.0,0.9559086832397277,0.9966819286346436,0.002415597438812256,44
2,GraphSAGE,natural,none,44,GNNShap,8329,1,0.9708270676691727,,0.0,0.981981830759487,0.7754769921302795,0.4426065683364868,30
2,GraphSAGE,natural,none,44,GNNShap,9196,4,0.9882706766917291,,0.0,0.915238154884298,0.859961986541748,0.04128694534301758,45
2,GraphSAGE,natural,none,44,GNNShap,8516,2,0.9766917293233082,,1.0,0.9658724540488764,0.9664627909660339,0.018059253692626953,29
2,GAT,1:1,none,42,GNNExplainer,8047,1,0.9873684210526316,0.64,1.0,,0.7718581557273865,0.0781601071357727,30
2,GAT,1:1,none,42,GNNExplainer,9358,4,0.991127819548872,0.5277777777777778,1.0,,0.828862726688385,0.15615010261535645,38
2,GAT,1:1,none,42,GNNExplainer,8815,2,0.9793984962406013,0.375,0.0,,0.6678889393806458,-0.29124242067337036,24
2,GAT,1:1,none,42,GNNExplainer,9164,3,0.9860150375939847,0.6136363636363636,0.0,,0.10338413715362549,-0.0011246204376220703,34
2,GAT,1:1,none,42,GNNExplainer,8351,1,0.9857142857142855,0.6153846153846154,1.0,,0.4314457178115845,0.11415618658065796,35
2,GAT,1:1,none,42,GNNExplainer,9489,4,0.9915789473684209,0.525,1.0,,0.741365909576416,-0.08874446153640747,38
2,GAT,1:1,none,42,GNNExplainer,9459,4,0.9685714285714285,0.53125,1.0,,0.648913562297821,-0.04719144105911255,31
2,GAT,1:1,none,42,GNNExplainer,8921,3,0.976842105263158,0.525,0.0,,0.16914618015289307,-0.0018892884254455566,35
2,GAT,1:1,none,42,GNNExplainer,8161,1,0.9221052631578948,0.45,1.0,,0.8450353741645813,-0.1330469846725464,26
2,GAT,1:1,none,42,GNNExplainer,8955,3,0.9682706766917292,0.55,0.0,,0.967980146408081,-0.014472544193267822,26
2,GAT,1:1,none,42,GNNExplainer,8178,1,0.9846616541353382,0.64,1.0,,0.33109790086746216,0.03060513734817505,32
2,GAT,1:1,none,42,GNNExplainer,9472,4,0.9742857142857142,0.5357142857142857,1.0,,0.1613980531692505,-0.13584131002426147,26
2,GAT,1:1,none,42,GNNExplainer,8903,3,0.9780451127819548,0.5333333333333333,0.0,,0.33450567722320557,-0.0030738115310668945,28
2,GAT,1:1,none,42,GNNExplainer,9353,4,0.9899248120300749,0.5277777777777778,1.0,,0.2523495554924011,-0.0533367395401001,34
2,GAT,1:1,none,42,GNNExplainer,8031,1,0.9392481203007519,0.72,0.0,,-0.04430574178695679,-0.030344784259796143,85
2,GAT,1:1,none,42,GNNExplainer,9205,4,0.9876691729323307,0.6136363636363636,1.0,,0.08579707145690918,-0.04507589340209961,35
2,GAT,1:1,none,42,GNNExplainer,9369,4,0.9777443609022555,0.53125,1.0,,0.663216769695282,-0.10170525312423706,31
2,GAT,1:1,none,42,GNNExplainer,9039,3,0.9664661654135338,0.5416666666666666,0.0,,0.9828650951385498,-0.00757598876953125,26
2,GAT,1:1,none,42,GNNExplainer,9304,4,0.9810526315789472,0.5294117647058824,1.0,,0.8648207187652588,-0.10719150304794312,34
2,GAT,1:1,none,42,GNNExplainer,8126,1,0.9726315789473684,0.5625,0.0,,0.9484245777130127,-0.023326992988586426,31
2,GAT,1:1,none,42,GNNExplainer,8593,2,0.9598496240601504,0.5,0.0,,0.013694733381271362,-0.49603742361068726,21
2,GAT,1:1,none,42,GNNExplainer,8255,1,0.9851127819548869,0.6538461538461539,1.0,,0.473330557346344,-0.04787725210189819,31
2,GAT,1:1,none,42,GNNExplainer,8293,1,0.963609022556391,0.5,1.0,,0.8578235507011414,0.09017378091812134,28
2,GAT,1:1,none,42,GNNExplainer,9206,4,0.9921804511278195,0.5681818181818182,1.0,,0.02139800786972046,0.07523518800735474,39
2,GAT,1:1,none,42,GNNExplainer,8225,1,0.9836090225563909,0.53125,1.0,,0.8776682019233704,-0.04136413335800171,29
2,GAT,1:1,none,42,GNNExplainer,8460,2,0.9793984962406015,0.25,0.0,,-0.03003394603729248,-0.03256046772003174,22
2,GAT,1:1,none,42,GNNExplainer,8364,2,0.9693233082706767,0.5,0.0,,0.4590083658695221,-0.1771717071533203,19
2,GAT,1:1,none,42,GNNExplainer,8912,3,0.9736842105263157,0.525,0.0,,0.1242019534111023,-0.0015350580215454102,38
2,GAT,1:1,none,42,GNNExplainer,9487,4,0.9930827067669172,0.525,1.0,,0.8211768865585327,-0.05340218544006348,37
2,GAT,1:1,none,42,GNNExplainer,8588,2,0.9836090225563909,0.375,0.0,,-0.019774675369262695,-0.1633656620979309,23
2,GAT,1:1,none,42,PGExplainer,8047,1,,0.8399999999999999,,,-0.07600629329681396,0.0781601071357727,30
2,GAT,1:1,none,42,PGExplainer,9358,4,,0.8055555555555556,,,-0.03507125377655029,0.15615016222000122,38
2,GAT,1:1,none,42,PGExplainer,8815,2,,0.625,,,-0.2937372326850891,-0.2912425398826599,24
2,GAT,1:1,none,42,PGExplainer,9164,3,,0.8636363636363636,,,-0.0022400617599487305,-0.0011246204376220703,34
2,GAT,1:1,none,42,PGExplainer,8351,1,,0.8461538461538461,,,-0.03157871961593628,0.11415618658065796,35
2,GAT,1:1,none,42,PGExplainer,9489,4,,0.875,,,0.01035696268081665,-0.08874458074569702,38
2,GAT,1:1,none,42,PGExplainer,9459,4,,0.9375,,,0.08195072412490845,-0.0471915602684021,31
2,GAT,1:1,none,42,PGExplainer,8921,3,,0.825,,,-0.002111077308654785,-0.0018892884254455566,35
2,GAT,1:1,none,42,PGExplainer,8161,1,,0.85,,,-0.12993210554122925,-0.13282537460327148,26
2,GAT,1:1,none,42,PGExplainer,8955,3,,0.75,,,0.011375665664672852,-0.014472424983978271,26
2,GAT,1:1,none,42,PGExplainer,8178,1,,0.8599999999999999,,,-0.01975923776626587,0.03060513734817505,32
2,GAT,1:1,none,42,PGExplainer,9472,4,,0.8928571428571429,,,-0.1508978009223938,-0.13584136962890625,26
2,GAT,1:1,none,42,PGExplainer,8903,3,,0.8000000000000002,,,-0.0037539005279541016,-0.0030738115310668945,28
2,GAT,1:1,none,42,PGExplainer,9353,4,,0.8888888888888888,,,-0.044990599155426025,-0.0533367395401001,34
2,GAT,1:1,none,42,PGExplainer,8031,1,,0.82,,,-0.04903542995452881,-0.061884939670562744,85
2,GAT,1:1,none,42,PGExplainer,9205,4,,0.8409090909090909,,,0.0025313496589660645,-0.04507577419281006,35
2,GAT,1:1,none,42,PGExplainer,9369,4,,0.875,,,-0.08277493715286255,-0.10170513391494751,31
2,GAT,1:1,none,42,PGExplainer,9039,3,,0.75,,,-0.0058599114418029785,-0.00757598876953125,26
2,GAT,1:1,none,42,PGExplainer,9304,4,,0.9117647058823528,,,0.11809563636779785,-0.03716456890106201,34
2,GAT,1:1,none,42,PGExplainer,8126,1,,0.875,,,0.04738706350326538,-0.027627885341644287,31
2,GAT,1:1,none,42,PGExplainer,8593,2,,0.625,,,-0.49335724115371704,-0.49603748321533203,21
2,GAT,1:1,none,42,PGExplainer,8255,1,,0.8653846153846154,,,-0.05446887016296387,-0.04787725210189819,31
2,GAT,1:1,none,42,PGExplainer,8293,1,,0.8636363636363636,,,-0.10888725519180298,0.09017366170883179,28
2,GAT,1:1,none,42,PGExplainer,9206,4,,0.8636363636363636,,,-0.019659996032714844,0.07523530721664429,39
2,GAT,1:1,none,42,PGExplainer,8225,1,,0.8125,,,-0.05702131986618042,-0.04136413335800171,29
2,GAT,1:1,none,42,PGExplainer,8460,2,,0.625,,,-0.03093940019607544,-0.03256046772003174,22
2,GAT,1:1,none,42,PGExplainer,8364,2,,0.5,,,-0.17782676219940186,-0.1771717071533203,19
2,GAT,1:1,none,42,PGExplainer,8912,3,,0.85,,,-0.002137482166290283,-0.0015350580215454102,38
2,GAT,1:1,none,42,PGExplainer,9487,4,,0.875,,,-0.05290299654006958,-0.0534021258354187,37
2,GAT,1:1,none,42,PGExplainer,8588,2,,0.625,,,-0.16509264707565308,-0.16336554288864136,23
2,GAT,1:1,none,42,GNNShap,8047,1,0.9918796992481201,,0.0,0.9293265516708994,0.8009263277053833,0.005655169486999512,30
2,GAT,1:1,none,42,GNNShap,9358,4,0.9390977443609023,,0.0,0.8935369381113476,0.03687781095504761,0.8947243094444275,38
2,GAT,1:1,none,42,GNNShap,8815,2,0.986766917293233,,0.0,0.8891875425138716,-0.09890115261077881,0.6741661429405212,24
2,GAT,1:1,none,42,GNNShap,9164,3,0.991578947368421,,0.0,0.9571279089481635,0.5406180024147034,0.8872224688529968,34
2,GAT,1:1,none,42,GNNShap,8351,1,0.9840601503759399,,0.0,0.956654997576932,0.37719297409057617,0.685090959072113,35
2,GAT,1:1,none,42,GNNShap,9489,4,0.9792481203007517,,0.0,0.9218694865153754,-0.10202759504318237,0.7271860837936401,38
2,GAT,1:1,none,42,GNNShap,9459,4,0.9624060150375939,,1.0,0.9435346022557898,-0.012057662010192871,0.9087977409362793,31
2,GAT,1:1,none,42,GNNShap,8921,3,0.9699248120300752,,0.0,0.9362705448827953,0.04226773977279663,0.9838276505470276,35
2,GAT,1:1,none,42,GNNShap,8161,1,0.9748872180451127,,0.0,0.9078300956589658,0.7869523763656616,0.13657265901565552,26
2,GAT,1:1,none,42,GNNShap,8955,3,0.8183458646616539,,1.0,0.9084106417997615,0.0011817216873168945,0.9769979119300842,26
2,GAT,1:1,none,42,GNNShap,8178,1,0.9482706766917293,,1.0,0.9342603770002482,0.9043636322021484,0.00644230842590332,32
2,GAT,1:1,none,42,GNNShap,9472,4,0.9580451127819547,,0.0,0.8917752786328028,0.06704241037368774,0.8239449858665466,26
2,GAT,1:1,none,42,GNNShap,8903,3,0.9572932330827066,,0.0,0.9558330281748493,0.3248504400253296,0.9934719800949097,28
2,GAT,1:1,none,42,GNNShap,9353,4,0.9762406015037592,,0.0,0.9612016543183606,0.39856308698654175,0.8446942567825317,34
2,GAT,1:1,none,42,GNNShap,8031,1,0.8330827067669173,,0.0,0.9811640574018197,0.884268581867218,0.14917755126953125,85
2,GAT,1:1,none,42,GNNShap,9205,4,0.9730827067669171,,1.0,0.9019311889730479,-0.02835601568222046,0.6862039566040039,35
2,GAT,1:1,none,42,GNNShap,9369,4,0.9729323308270675,,0.0,0.8633378733036089,0.7099610567092896,0.1116376519203186,31
2,GAT,1:1,none,42,GNNShap,9039,3,0.9478195488721803,,0.0,0.8900297176189846,0.3303937315940857,0.881118893623352,26
2,GAT,1:1,none,42,GNNShap,9304,4,0.9861654135338347,,0.0,0.9197850058800843,-0.02027970552444458,0.746703565120697,34
2,GAT,1:1,none,42,GNNShap,8126,1,0.93203007518797,,0.0,0.9191931676260205,0.8126158118247986,0.0510174036026001,31
2,GAT,1:1,none,42,GNNShap,8593,2,0.9575939849624058,,1.0,0.8980310491176791,-0.48451119661331177,0.4867231845855713,21
2,GAT,1:1,none,42,GNNShap,8255,1,0.9717293233082707,,0.0,0.926598109702779,0.8819335699081421,0.011241018772125244,31
2,GAT,1:1,none,42,GNNShap,8293,1,0.9787969924812028,,1.0,0.8726493604233024,0.8224906921386719,-0.04929012060165405,28
2,GAT,1:1,none,42,GNNShap,9206,4,0.9851127819548872,,0.0,0.9236884323442499,-0.006404519081115723,0.9149753451347351,39
2,GAT,1:1,none,42,GNNShap,8225,1,0.9661654135338346,,1.0,0.9007836203953502,0.36892616748809814,0.8835939168930054,29
2,GAT,1:1,none,42,GNNShap,8460,2,0.980751879699248,,0.0,0.9373371109675979,0.8634479641914368,0.0262945294380188,22
2,GAT,1:1,none,42,GNNShap,8364,2,0.9682706766917292,,0.0,0.9233056707773478,0.6418110728263855,0.552137017250061,19
2,GAT,1:1,none,42,GNNShap,8912,3,0.9433082706766915,,0.0,0.913189131924289,0.9122867584228516,0.0002530217170715332,38
2,GAT,1:1,none,42,GNNShap,9487,4,0.9882706766917293,,0.0,0.9240984209273826,0.8270886540412903,0.030056297779083252,37
2,GAT,1:1,none,42,GNNShap,8588,2,0.9884210526315789,,0.0,0.9139951452141419,0.7463414669036865,0.5341733694076538,23
2,GAT,1:1,none,43,GNNExplainer,8912,3,0.9610526315789473,0.525,0.0,,0.24536168575286865,-0.05872374773025513,38
2,GAT,1:1,none,43,GNNExplainer,8255,1,0.9139849624060149,0.6538461538461539,1.0,,0.9381538033485413,-0.031202614307403564,31
2,GAT,1:1,none,43,GNNExplainer,8591,2,0.9639097744360902,0.625,1.0,,0.7874644994735718,-0.1058388352394104,21
2,GAT,1:1,none,43,GNNExplainer,8416,2,0.9799999999999999,0.375,1.0,,0.32685405015945435,-0.05579096078872681,23
2,GAT,1:1,none,43,GNNExplainer,8273,1,0.9684210526315787,0.5869565217391305,1.0,,0.9724621176719666,-0.0190163254737854,33
2,GAT,1:1,none,43,GNNExplainer,8047,1,0.9563909774436091,0.64,1.0,,0.751562237739563,-0.21626907587051392,30
2,GAT,1:1,none,43,GNNExplainer,8706,2,0.9730827067669171,0.25,1.0,,0.9106127023696899,-0.07428562641143799,26
2,GAT,1:1,none,43,GNNExplainer,8791,2,0.9642105263157893,0.625,1.0,,0.7949206233024597,-0.1972370743751526,18
2,GAT,1:1,none,43,GNNExplainer,8841,2,0.9699248120300752,0.625,1.0,,0.9083256125450134,-0.07249689102172852,28
2,GAT,1:1,none,43,GNNExplainer,8126,1,0.9667669172932329,0.5625,1.0,,0.9572963714599609,-0.032357752323150635,31
2,GAT,1:1,none,43,GNNExplainer,8031,1,0.9154887218045114,0.92,0.0,,0.906607985496521,0.9934561848640442,85
2,GAT,1:1,none,43,GNNExplainer,8700,2,0.9842105263157894,0.25,1.0,,0.5368396043777466,-0.08361530303955078,23
2,GAT,1:1,none,43,GNNExplainer,8173,1,0.964360902255639,0.5,1.0,,0.9475346803665161,-0.049469709396362305,26
2,GAT,1:1,none,43,GNNExplainer,8902,3,0.9634586466165411,0.5333333333333333,0.0,,-0.02618241310119629,0.02363532781600952,33
2,GAT,1:1,none,43,GNNExplainer,9518,4,0.9487218045112782,0.53125,0.0,,0.9305713176727295,-0.018725275993347168,29
2,GAT,1:1,none,43,GNNExplainer,8178,1,0.9479699248120299,0.64,1.0,,0.7566086649894714,-0.21162551641464233,32
2,GAT,1:1,none,43,GNNExplainer,9244,4,0.9575939849624058,0.5,1.0,,0.00038439035415649414,-0.0009686946868896484,28
2,GAT,1:1,none,43,GNNExplainer,9499,4,0.8278195488721802,0.46875,1.0,,0.9267404079437256,-0.03973531723022461,31
2,GAT,1:1,none,43,GNNExplainer,9084,3,0.9816541353383457,0.5333333333333333,0.0,,0.719021737575531,-0.15785467624664307,35
2,GAT,1:1,none,43,GNNExplainer,8979,3,0.9499248120300751,0.5277777777777778,0.0,,0.05998879671096802,-0.06461572647094727,34
2,GAT,1:1,none,43,GNNExplainer,8733,2,0.9439097744360903,0.0,1.0,,-0.012278556823730469,0.2992299199104309,25
2,GAT,1:1,none,43,GNNExplainer,9369,4,0.940300751879699,0.46875,1.0,,0.9630141854286194,-0.005609989166259766,31
2,GAT,1:1,none,43,GNNExplainer,9282,4,0.9039097744360902,0.4642857142857143,1.0,,-0.16073590517044067,-0.2040804624557495,33
2,GAT,1:1,none,43,GNNExplainer,8106,1,0.9300751879699248,0.6052631578947368,0.0,,0.9779080748558044,-0.021530508995056152,27
2,GAT,1:1,none,43,GNNExplainer,8707,2,0.9374436090225563,0.5,0.0,,0.8455674052238464,-0.13046538829803467,25
2,GAT,1:1,none,43,GNNExplainer,8815,2,0.9848120300751878,0.25,1.0,,0.19102895259857178,-0.07471376657485962,24
2,GAT,1:1,none,43,GNNExplainer,8022,1,0.9012030075187969,0.7222222222222222,0.0,,0.0417933464050293,0.00010347366333007812,44
2,GAT,1:1,none,43,GNNExplainer,8475,2,0.9512781954887217,0.5,1.0,,0.6029860973358154,-0.2541710138320923,21
2,GAT,1:1,none,43,GNNExplainer,8516,2,0.9715789473684211,0.5,1.0,,0.7892003059387207,-0.10401856899261475,29
2,GAT,1:1,none,43,GNNExplainer,8596,2,0.9242105263157894,0.25,1.0,,0.6119112968444824,-0.3361440896987915,14
2,GAT,1:1,none,43,PGExplainer,8912,3,,0.9500000000000001,,,0.03184765577316284,-0.06110811233520508,38
2,GAT,1:1,none,43,PGExplainer,8255,1,,0.9230769230769231,,,-0.009088397026062012,-0.02116715908050537,31
2,GAT,1:1,none,43,PGExplainer,8591,2,,0.375,,,0.13640856742858887,-0.10285341739654541,21
2,GAT,1:1,none,43,PGExplainer,8416,2,,0.5,,,0.04459792375564575,-0.05400913953781128,23
2,GAT,1:1,none,43,PGExplainer,8273,1,,0.8913043478260869,,,-0.0042174458503723145,-0.01046675443649292,33
2,GAT,1:1,none,43,PGExplainer,8047,1,,0.96,,,-0.01390087604522705,-0.02557450532913208,30
2,GAT,1:1,none,43,PGExplainer,8706,2,,0.375,,,0.09110856056213379,-0.0731436014175415,26
2,GAT,1:1,none,43,PGExplainer,8791,2,,0.5,,,0.2042372226715088,-0.19613689184188843,18
2,GAT,1:1,none,43,PGExplainer,8841,2,,0.25,,,0.10337972640991211,-0.06555980443954468,28
2,GAT,1:1,none,43,PGExplainer,8126,1,,0.8125,,,-0.005529642105102539,-0.029866456985473633,31
2,GAT,1:1,none,43,PGExplainer,8031,1,,0.7,,,0.9117129445075989,-6.4373016357421875e-06,85
2,GAT,1:1,none,43,PGExplainer,8700,2,,0.375,,,0.06126302480697632,-0.07597005367279053,23
2,GAT,1:1,none,43,PGExplainer,8173,1,,0.6666666666666666,,,-0.006178379058837891,-0.0015225410461425781,26
2,GAT,1:1,none,43,PGExplainer,8902,3,,0.8666666666666667,,,0.6329882740974426,-0.04718375205993652,33
2,GAT,1:1,none,43,PGExplainer,9518,4,,0.90625,,,0.0,0.009577929973602295,29
2,GAT,1:1,none,43,PGExplainer,8178,1,,0.96,,,-0.020390212535858154,-0.153314471244812,32
2,GAT,1:1,none,43,PGExplainer,9244,4,,0.8333333333333334,,,0.0,0.00038439035415649414,28
2,GAT,1:1,none,43,PGExplainer,9499,4,,0.875,,,-8.386373519897461e-05,-0.028881311416625977,31
2,GAT,1:1,none,43,PGExplainer,9084,3,,0.9666666666666667,,,0.1446704864501953,-0.24349826574325562,35
2,GAT,1:1,none,43,PGExplainer,8979,3,,0.9444444444444444,,,0.020920217037200928,-0.06966227293014526,34
2,GAT,1:1,none,43,PGExplainer,8733,2,,0.75,,,0.15615272521972656,-0.00892871618270874,25
2,GAT,1:1,none,43,PGExplainer,9369,4,,0.9375,,,-0.00018978118896484375,0.025959134101867676,31
2,GAT,1:1,none,43,PGExplainer,9282,4,,0.8928571428571429,,,0.0,-0.160736083984375,33
2,GAT,1:1,none,43,PGExplainer,8106,1,,0.8421052631578947,,,-0.002412855625152588,-0.005383193492889404,27
2,GAT,1:1,none,43,PGExplainer,8707,2,,0.625,,,0.26170963048934937,-0.13963311910629272,25
2,GAT,1:1,none,43,PGExplainer,8815,2,,0.5,,,-0.001828014850616455,-0.07702702283859253,24
2,GAT,1:1,none,43,PGExplainer,8022,1,,0.6666666666666666,,,0.41562318801879883,-2.5033950805664062e-06,44
2,GAT,1:1,none,43,PGExplainer,8475,2,,0.3333333333333333,,,0.22262024879455566,-0.2405974268913269,21
2,GAT,1:1,none,43,PGExplainer,8516,2,,0.625,,,0.04349625110626221,-0.1033136248588562,29
2,GAT,1:1,none,43,PGExplainer,8596,2,,0.5,,,0.2982131540775299,-0.2670583128929138,14
2,GAT,1:1,none,43,GNNShap,8912,3,0.970375939849624,,0.0,0.956093519966916,0.5043240189552307,0.06966954469680786,38
2,GAT,1:1,none,43,GNNShap,8255,1,0.9960902255639098,,0.0,0.958550856940068,0.8208435773849487,-0.01024860143661499,31
2,GAT,1:1,none,43,GNNShap,8591,2,0.9803007518796992,,1.0,0.9820520305699374,0.6726617813110352,-0.016678571701049805,21
2,GAT,1:1,none,43,GNNShap,8416,2,0.9681203007518796,,1.0,0.8790083687161931,0.6933221817016602,-0.02240157127380371,23
2,GAT,1:1,none,43,GNNShap,8273,1,0.9879699248120299,,0.0,0.9319038240621405,-0.01787257194519043,0.9801663756370544,33
2,GAT,1:1,none,43,GNNShap,8047,1,0.9923308270676691,,0.0,0.974362067411505,0.4766809344291687,0.3615247905254364,30
2,GAT,1:1,none,43,GNNShap,8706,2,0.9819548872180451,,1.0,0.9698459957698791,0.6501681208610535,0.019648730754852295,26
2,GAT,1:1,none,43,GNNShap,8791,2,0.9679699248120299,,1.0,0.95829429668219,0.6384320855140686,-0.11902403831481934,18
2,GAT,1:1,none,43,GNNShap,8841,2,0.9914285714285713,,0.0,0.9291637520318213,0.6481978893280029,0.032578110694885254,28
2,GAT,1:1,none,43,GNNShap,8126,1,0.9864661654135338,,0.0,0.9455086423289443,0.6667659282684326,0.03476560115814209,31
2,GAT,1:1,none,43,GNNShap,8031,1,0.9730827067669171,,0.0,0.9896475450271971,0.8654865026473999,-5.9604644775390625e-06,85
2,GAT,1:1,none,43,GNNShap,8700,2,0.9798496240601503,,1.0,0.9824769115783937,0.7163073420524597,-0.03150200843811035,23
2,GAT,1:1,none,43,GNNShap,8173,1,0.9882706766917293,,0.0,0.9414093110803006,0.5903940200805664,0.1532905101776123,26
2,GAT,1:1,none,43,GNNShap,8902,3,0.9745864661654136,,0.0,0.9826898599329983,0.7043188810348511,-0.023131608963012695,33
2,GAT,1:1,none,43,GNNShap,9518,4,0.978796992481203,,1.0,0.9446391515340984,0.5519992113113403,0.005583822727203369,29
2,GAT,1:1,none,43,GNNShap,8178,1,0.9711278195488721,,0.0,0.9207394576449486,0.5243858098983765,0.11606758832931519,32
2,GAT,1:1,none,43,GNNShap,9244,4,0.9918796992481201,,1.0,0.9612185875959627,0.6512047648429871,0.0075525641441345215,28
2,GAT,1:1,none,43,GNNShap,9499,4,0.9908270676691726,,1.0,0.9591585593642404,0.6598116159439087,0.012668788433074951,31
2,GAT,1:1,none,43,GNNShap,9084,3,0.9795488721804511,,0.0,0.9722246515719274,0.37608492374420166,0.13756895065307617,35
2,GAT,1:1,none,43,GNNShap,8979,3,0.9833082706766916,,0.0,0.9820083445261121,0.7329541444778442,-0.02136141061782837,34
2,GAT,1:1,none,43,GNNShap,8733,2,0.9729323308270674,,1.0,0.993817509284213,0.6508269309997559,-0.004757940769195557,25
2,GAT,1:1,none,43,GNNShap,9369,4,0.9924812030075186,,0.0,0.9379085550395656,0.6439772844314575,0.020589709281921387,31
2,GAT,1:1,none,43,GNNShap,9282,4,0.9837593984962405,,1.0,0.9439759906743574,0.5243008136749268,-0.050671160221099854,33
2,GAT,1:1,none,43,GNNShap,8106,1,0.9763909774436088,,1.0,0.9724205906622034,0.7225764989852905,0.011641442775726318,27
2,GAT,1:1,none,43,GNNShap,8707,2,0.989172932330827,,1.0,0.9655436442420878,0.5932506322860718,-0.04776710271835327,25
2,GAT,1:1,none,43,GNNShap,8815,2,0.9693233082706765,,0.0,0.9004911117831093,0.6141535043716431,0.03415942192077637,24
2,GAT,1:1,none,43,GNNShap,8022,1,0.9766917293233082,,0.0,0.9853812390482762,0.7475954294204712,-4.76837158203125e-07,44
2,GAT,1:1,none,43,GNNShap,8475,2,0.9793984962406013,,0.0,0.9771287256457379,0.48511284589767456,-0.0027063488960266113,21
2,GAT,1:1,none,43,GNNShap,8516,2,0.9957894736842106,,1.0,0.9574087991421202,0.6862022876739502,-0.04025298357009888,29
2,GAT,1:1,none,43,GNNShap,8596,2,0.9742857142857142,,0.0,0.8984793729258771,0.4490697383880615,0.1388312578201294,14
2,GAT,1:1,none,44,GNNExplainer,8843,2,0.9798496240601503,0.5,0.0,,0.6343958377838135,-0.30982452630996704,26
2,GAT,1:1,none,44,GNNExplainer,9369,4,0.9795488721804511,0.53125,1.0,,0.907812237739563,-0.04816877841949463,31
2,GAT,1:1,none,44,GNNExplainer,9338,4,0.9798496240601503,0.6086956521739131,1.0,,0.014770030975341797,0.04451441764831543,37
2,GAT,1:1,none,44,GNNExplainer,8047,1,0.9816541353383457,0.64,1.0,,0.23443186283111572,0.14143288135528564,30
2,GAT,1:1,none,44,GNNExplainer,8364,2,0.983157894736842,0.5,1.0,,0.6088037490844727,-0.13788175582885742,19
2,GAT,1:1,none,44,GNNExplainer,9233,4,0.9893233082706766,0.7666666666666667,0.0,,0.7399696111679077,-0.21122980117797852,67
2,GAT,1:1,none,44,GNNExplainer,8439,2,0.9747368421052631,0.5,0.0,,0.5423279404640198,-0.03833329677581787,22
2,GAT,1:1,none,44,GNNExplainer,8551,2,0.9615037593984962,0.3333333333333333,0.0,,0.1756635308265686,-0.22387230396270752,25
2,GAT,1:1,none,44,GNNExplainer,8031,1,0.980751879699248,0.8000000000000002,0.0,,0.26989465951919556,-0.03988140821456909,85
2,GAT,1:1,none,44,GNNExplainer,8906,3,0.9712781954887217,0.5333333333333333,0.0,,0.3781486749649048,-0.001575767993927002,28
2,GAT,1:1,none,44,GNNExplainer,8460,2,0.9781954887218045,0.375,1.0,,0.899284303188324,-0.051768958568573,22
2,GAT,1:1,none,44,GNNExplainer,9030,3,0.9897744360902255,0.5333333333333333,0.0,,0.8519468307495117,-0.006920278072357178,32
2,GAT,1:1,none,44,GNNExplainer,8955,3,0.9851127819548872,0.55,0.0,,0.9769697785377502,-0.005756855010986328,26
2,GAT,1:1,none,44,GNNExplainer,8819,2,0.9624060150375939,0.5,0.0,,0.061074137687683105,-0.07318985462188721,24
2,GAT,1:1,none,44,GNNExplainer,8239,1,0.9908270676691728,0.5357142857142857,1.0,,0.9033526182174683,-0.07222247123718262,24
2,GAT,1:1,none,44,GNNExplainer,8255,1,0.9792481203007519,0.6538461538461539,0.0,,0.08396238088607788,-0.026424705982208252,31
2,GAT,1:1,none,44,GNNExplainer,8760,2,0.9679699248120299,0.5,0.0,,0.9325814247131348,-0.01462256908416748,21
2,GAT,1:1,none,44,GNNExplainer,8530,2,0.9864661654135336,0.5,1.0,,0.7284926176071167,-0.10957449674606323,22
2,GAT,1:1,none,44,GNNExplainer,8273,1,0.9902255639097743,0.5869565217391305,0.0,,0.9593731760978699,-0.02154695987701416,33
2,GAT,1:1,none,44,GNNExplainer,8719,2,0.9690225563909773,0.375,0.0,,0.4819122850894928,-0.48462575674057007,26
2,GAT,1:1,none,44,GNNExplainer,8822,2,0.9554887218045112,0.25,0.0,,0.5345780849456787,-0.0968901515007019,17
2,GAT,1:1,none,44,GNNExplainer,8515,2,0.986766917293233,0.5,1.0,,0.6624841690063477,-0.23507410287857056,17
2,GAT,1:1,none,44,GNNExplainer,9307,4,0.9452631578947368,0.625,0.0,,0.6353672742843628,-0.11052101850509644,59
2,GAT,1:1,none,44,GNNExplainer,8178,1,0.988721804511278,0.64,1.0,,0.8051069378852844,0.026553809642791748,32
2,GAT,1:1,none,44,GNNExplainer,8161,1,0.947218045112782,0.3,0.0,,0.8652199506759644,-0.036266028881073,26
2,GAT,1:1,none,44,GNNExplainer,8892,3,0.9851127819548872,0.5333333333333333,0.0,,0.876833438873291,-0.0014580488204956055,32
2,GAT,1:1,none,44,GNNExplainer,9465,4,0.97593984962406,0.5357142857142857,1.0,,0.847205400466919,-0.07721376419067383,28
2,GAT,1:1,none,44,GNNExplainer,8591,2,0.9849624060150374,0.5,1.0,,0.3270578384399414,-0.15783971548080444,21
2,GAT,1:1,none,44,GNNExplainer,9190,4,0.9810526315789472,0.5909090909090909,1.0,,0.03913712501525879,-0.015873968601226807,35
2,GAT,1:1,none,44,GNNExplainer,9459,4,0.9863157894736843,0.53125,1.0,,0.959525465965271,-0.03460288047790527,31
2,GAT,1:1,none,44,PGExplainer,8843,2,,0.625,,,0.6471679210662842,-0.3097086548805237,26
2,GAT,1:1,none,44,PGExplainer,9369,4,,0.875,,,0.024558842182159424,-0.01793348789215088,31
2,GAT,1:1,none,44,PGExplainer,9338,4,,0.9347826086956522,,,0.006572127342224121,0.04451441764831543,37
2,GAT,1:1,none,44,PGExplainer,8047,1,,0.88,,,0.011018574237823486,0.1414330005645752,30
2,GAT,1:1,none,44,PGExplainer,8364,2,,0.5,,,0.160966157913208,-0.137906014919281,19
2,GAT,1:1,none,44,PGExplainer,9233,4,,0.36666666666666664,,,-0.20894914865493774,-0.19444119930267334,67
2,GAT,1:1,none,44,PGExplainer,8439,2,,0.375,,,0.055948495864868164,-0.0365598201751709,22
2,GAT,1:1,none,44,PGExplainer,8551,2,,0.5,,,0.6887295246124268,-0.22918915748596191,25
2,GAT,1:1,none,44,PGExplainer,8031,1,,0.78,,,0.00039118528366088867,-0.028119146823883057,85
2,GAT,1:1,none,44,PGExplainer,8906,3,,0.8333333333333334,,,-0.0017197132110595703,-0.001575767993927002,28
2,GAT,1:1,none,44,PGExplainer,8460,2,,0.625,,,-0.013745546340942383,-0.052528321743011475,22
2,GAT,1:1,none,44,PGExplainer,9030,3,,0.8000000000000002,,,-0.0015107989311218262,-0.006920278072357178,32
2,GAT,1:1,none,44,PGExplainer,8955,3,,0.75,,,0.84455406665802,-0.005756855010986328,26
2,GAT,1:1,none,44,PGExplainer,8819,2,,0.625,,,0.14652109146118164,-0.07218700647354126,24
2,GAT,1:1,none,44,PGExplainer,8239,1,,0.8928571428571429,,,0.09729796648025513,0.0812487006187439,24
2,GAT,1:1,none,44,PGExplainer,8255,1,,0.8846153846153846,,,-0.0022934675216674805,-0.026424705982208252,31
2,GAT,1:1,none,44,PGExplainer,8760,2,,0.625,,,0.028151392936706543,-0.01616722345352173,21
2,GAT,1:1,none,44,PGExplainer,8530,2,,0.5,,,0.286035418510437,-0.10957449674606323,22
2,GAT,1:1,none,44,PGExplainer,8273,1,,0.9347826086956522,,,0.01949852705001831,0.17540031671524048,33
2,GAT,1:1,none,44,PGExplainer,8719,2,,0.375,,,0.47801443934440613,-0.4880453944206238,26
2,GAT,1:1,none,44,PGExplainer,8822,2,,0.0,,,0.3266032338142395,-0.2846706509590149,17
2,GAT,1:1,none,44,PGExplainer,8515,2,,0.5,,,0.3703431189060211,-0.23507416248321533,17
2,GAT,1:1,none,44,PGExplainer,9307,4,,0.4583333333333333,,,-0.11096113920211792,-0.016814887523651123,59
2,GAT,1:1,none,44,PGExplainer,8178,1,,0.88,,,0.0076538920402526855,0.026553809642791748,32
2,GAT,1:1,none,44,PGExplainer,8161,1,,0.85,,,0.04523879289627075,-0.03627544641494751,26
2,GAT,1:1,none,44,PGExplainer,8892,3,,0.8333333333333334,,,-0.0017150044441223145,-0.0014580488204956055,32
2,GAT,1:1,none,44,PGExplainer,9465,4,,0.8928571428571429,,,0.030639588832855225,-0.07152408361434937,28
2,GAT,1:1,none,44,PGExplainer,8591,2,,0.625,,,0.4390649199485779,-0.15887796878814697,21
2,GAT,1:1,none,44,PGExplainer,9190,4,,0.9318181818181818,,,0.006136178970336914,-0.015873968601226807,35
2,GAT,1:1,none,44,PGExplainer,9459,4,,0.90625,,,0.005873322486877441,0.0001456141471862793,31
2,GAT,1:1,none,44,GNNShap,8843,2,0.9553383458646616,,1.0,0.9454665045901735,-0.20833683013916016,0.6740494966506958,26
2,GAT,1:1,none,44,GNNShap,9369,4,0.9437593984962405,,0.0,0.9194494576352035,0.8005939722061157,0.14821630716323853,31
2,GAT,1:1,none,44,GNNShap,9338,4,0.9799999999999998,,0.0,0.9547650015351099,0.6157850027084351,0.7619264125823975,37
2,GAT,1:1,none,44,GNNShap,8047,1,0.9912781954887218,,0.0,0.9402164895200642,0.8042904734611511,0.09473013877868652,30
2,GAT,1:1,none,44,GNNShap,8364,2,0.9747368421052629,,1.0,0.9399365256509409,0.5407899618148804,0.7736608982086182,19
2,GAT,1:1,none,44,GNNShap,9233,4,0.9419548872180451,,0.0,0.9730189795636257,0.735643744468689,0.002001941204071045,67
2,GAT,1:1,none,44,GNNShap,8439,2,0.9774436090225562,,0.0,0.9256753075782095,0.7881159782409668,0.32369184494018555,22
2,GAT,1:1,none,44,GNNShap,8551,2,0.986766917293233,,0.0,0.9456625961757176,0.5681282877922058,0.6764619946479797,25
2,GAT,1:1,none,44,GNNShap,8031,1,0.9430075187969924,,0.0,0.9713437602801835,0.9367687702178955,0.7905345559120178,85
2,GAT,1:1,none,44,GNNShap,8906,3,0.9685714285714285,,0.0,0.9573819616376212,0.20475339889526367,0.9925612807273865,28
2,GAT,1:1,none,44,GNNShap,8460,2,0.943157894736842,,1.0,0.9489642284002556,0.8628751635551453,0.012838304042816162,22
2,GAT,1:1,none,44,GNNShap,9030,3,0.9750375939849623,,1.0,0.9755902091241195,0.8716907501220703,-0.0019547343254089355,32
2,GAT,1:1,none,44,GNNShap,8955,3,0.9144360902255638,,1.0,0.9198913217066629,0.8341649174690247,0.13217097520828247,26
2,GAT,1:1,none,44,GNNShap,8819,2,0.9700751879699248,,1.0,0.9497787952234227,0.7545636892318726,0.533713698387146,24
2,GAT,1:1,none,44,GNNShap,8239,1,0.9824060150375938,,0.0,0.9035123073719598,0.4368203580379486,0.4984825551509857,24
2,GAT,1:1,none,44,GNNShap,8255,1,0.9672180451127821,,0.0,0.9520304045441966,0.9138921499252319,0.002444028854370117,31
2,GAT,1:1,none,44,GNNShap,8760,2,0.9685714285714283,,0.0,0.9351656824764101,0.017132878303527832,0.9793975949287415,21
2,GAT,1:1,none,44,GNNShap,8530,2,0.9711278195488722,,0.0,0.9634175434265035,-0.06128805875778198,0.8778976202011108,22
2,GAT,1:1,none,44,GNNShap,8273,1,0.9864661654135338,,0.0,0.9259314927746216,-0.01769888401031494,0.965286910533905,33
2,GAT,1:1,none,44,GNNShap,8719,2,0.9857142857142855,,1.0,0.931556889861743,0.385343074798584,0.1040564775466919,26
2,GAT,1:1,none,44,GNNShap,8822,2,0.9875187969924811,,0.0,0.9558689442917903,0.4790176451206207,0.5128762125968933,17
2,GAT,1:1,none,44,GNNShap,8515,2,0.9427067669172932,,0.0,0.9666317526131195,0.598282516002655,0.6648465991020203,17
2,GAT,1:1,none,44,GNNShap,9307,4,0.9609022556390976,,0.0,0.9810957564390506,0.550628662109375,-0.08192110061645508,59
2,GAT,1:1,none,44,GNNShap,8178,1,0.9831578947368419,,0.0,0.9417397187280454,0.919186532497406,0.004606842994689941,32
2,GAT,1:1,none,44,GNNShap,8161,1,0.9825563909774434,,0.0,0.9187483741806698,0.7581923604011536,0.2221164107322693,26
2,GAT,1:1,none,44,GNNShap,8892,3,0.9412030075187969,,1.0,0.949791241620534,0.030747294425964355,0.9972124695777893,32
2,GAT,1:1,none,44,GNNShap,9465,4,0.9894736842105262,,0.0,0.950472250734323,0.6794894933700562,-0.017387330532073975,28
2,GAT,1:1,none,44,GNNShap,8591,2,0.9661654135338343,,1.0,0.9532428666966771,0.6931518316268921,0.7359092831611633,21
2,GAT,1:1,none,44,GNNShap,9190,4,0.9803007518796992,,1.0,0.9603130321357028,0.8764477372169495,0.01709669828414917,35
2,GAT,1:1,none,44,GNNShap,9459,4,0.9866165413533834,,0.0,0.9098344096049678,0.787340521812439,0.005196928977966309,31
2,GAT,natural,none,42,GNNExplainer,8074,1,0.9702255639097743,0.575,1.0,,0.6310481429100037,-0.18450474739074707,29
2,GAT,natural,none,42,GNNExplainer,8050,1,0.9870676691729322,0.62,1.0,,0.28695884346961975,0.12330842018127441,32
2,GAT,natural,none,42,GNNExplainer,9067,3,0.9912781954887218,0.53125,0.0,,0.7799217700958252,-0.14563775062561035,29
2,GAT,natural,none,42,GNNExplainer,8854,3,0.9848120300751878,0.5333333333333333,0.0,,0.6567888259887695,-0.24299567937850952,28
2,GAT,natural,none,42,GNNExplainer,8313,1,0.9921804511278195,0.5357142857142857,1.0,,0.28869104385375977,0.009566426277160645,26
2,GAT,natural,none,42,GNNExplainer,8210,1,0.993082706766917,0.6363636363636364,1.0,,0.2753511667251587,-0.0968865156173706,29
2,GAT,natural,none,42,GNNExplainer,9201,4,0.9953383458646614,0.5681818181818182,1.0,,0.31668683886528015,-0.14284896850585938,36
2,GAT,natural,none,42,GNNExplainer,9374,4,0.9547368421052631,0.53125,1.0,,0.679798424243927,-0.24998289346694946,41
2,GAT,natural,none,42,GNNExplainer,9518,4,0.9532330827067668,0.53125,1.0,,0.5446100831031799,-0.2793489098548889,29
2,GAT,natural,none,42,GNNExplainer,9414,4,0.9882706766917291,0.53125,1.0,,0.6210668683052063,-0.21804094314575195,29
2,GAT,natural,none,42,GNNExplainer,8329,1,0.9917293233082706,0.5333333333333333,1.0,,0.6556528806686401,-0.11979460716247559,30
2,GAT,natural,none,42,GNNExplainer,9325,4,0.9533834586466166,0.6086956521739131,1.0,,0.43395909667015076,-0.2966201901435852,37
2,GAT,natural,none,42,GNNExplainer,9341,4,0.9878195488721804,0.5652173913043478,1.0,,0.4128934144973755,-0.027286410331726074,39
2,GAT,natural,none,42,GNNExplainer,9478,4,0.9804511278195486,0.525,1.0,,0.4962078332901001,-0.18434476852416992,36
2,GAT,natural,none,42,GNNExplainer,8263,1,0.9908270676691731,0.6346153846153846,1.0,,0.4902423918247223,0.4560042917728424,35
2,GAT,natural,none,42,GNNExplainer,9488,4,0.9795488721804511,0.55,1.0,,0.4912106990814209,-0.3098570704460144,34
2,GAT,natural,none,42,GNNExplainer,8089,1,0.9739849624060151,0.5333333333333333,1.0,,0.553734540939331,-0.20398938655853271,28
2,GAT,natural,none,42,GNNExplainer,8878,3,0.9936842105263157,0.5357142857142857,0.0,,0.7322246432304382,-0.2585877776145935,29
2,GAT,natural,none,42,GNNExplainer,8255,1,0.9903759398496241,0.6538461538461539,1.0,,0.4859447777271271,-0.22344732284545898,31
2,GAT,natural,none,42,GNNExplainer,9206,4,0.9882706766917291,0.5681818181818182,1.0,,0.33007997274398804,0.2877979874610901,39
2,GAT,natural,none,42,GNNExplainer,9372,4,0.9966917293233083,0.53125,1.0,,0.664811372756958,0.07987558841705322,31
2,GAT,natural,none,42,GNNExplainer,8952,3,0.9798496240601502,0.55,0.0,,0.5960657596588135,-0.36412423849105835,29
2,GAT,natural,none,42,GNNExplainer,8944,3,0.9881203007518795,0.5238095238095238,0.0,,0.7110640406608582,-0.19415390491485596,41
2,GAT,natural,none,42,GNNExplainer,8121,1,0.9930827067669175,0.65625,1.0,,0.37161484360694885,-0.32639527320861816,22
2,GAT,natural,none,42,GNNExplainer,9116,3,0.9879699248120299,0.5227272727272727,0.0,,0.8598515391349792,-0.09224534034729004,40
2,GAT,natural,none,42,GNNExplainer,8075,1,0.9881203007518797,0.525,1.0,,0.6553201675415039,0.2988952398300171,30
2,GAT,natural,none,42,GNNExplainer,9363,4,0.9798496240601503,0.59375,1.0,,-0.2842561602592468,-0.36060631275177,76
2,GAT,natural,none,42,GNNExplainer,8905,3,0.9793984962406015,0.5333333333333333,0.0,,0.8632231950759888,-0.03576737642288208,36
2,GAT,natural,none,42,GNNExplainer,9330,4,0.9903759398496239,0.5869565217391305,1.0,,0.2849877178668976,-0.030820369720458984,37
2,GAT,natural,none,42,GNNExplainer,9108,3,0.9828571428571428,0.5227272727272727,0.0,,0.8461872339248657,-0.11933785676956177,38
2,GAT,natural,none,42,PGExplainer,8074,1,,0.425,,,-0.14130568504333496,0.7364484071731567,29
2,GAT,natural,none,42,PGExplainer,8050,1,,0.6,,,-0.13915753364562988,0.7474544644355774,32
2,GAT,natural,none,42,PGExplainer,9067,3,,0.59375,,,-0.14745795726776123,0.803061842918396,29
2,GAT,natural,none,42,PGExplainer,8854,3,,0.36666666666666664,,,-0.14037007093429565,0.7327951192855835,28
2,GAT,natural,none,42,PGExplainer,8313,1,,0.2857142857142857,,,-0.3124101161956787,0.6490274667739868,26
2,GAT,natural,none,42,PGExplainer,8210,1,,0.7272727272727273,,,-0.1315252184867859,0.8199776411056519,29
2,GAT,natural,none,42,PGExplainer,9201,4,,0.7272727272727273,,,-0.18221497535705566,0.6737993955612183,36
2,GAT,natural,none,42,PGExplainer,9374,4,,0.21875,,,-0.30424976348876953,0.6882007122039795,41
2,GAT,natural,none,42,PGExplainer,9518,4,,0.28125,,,-0.355793297290802,0.6110845804214478,29
2,GAT,natural,none,42,PGExplainer,9414,4,,0.71875,,,-0.3107728362083435,0.673252284526825,29
2,GAT,natural,none,42,PGExplainer,8329,1,,0.26666666666666666,,,-0.2720845937728882,0.6688950657844543,30
2,GAT,natural,none,42,PGExplainer,9325,4,,0.5652173913043478,,,-0.3258492946624756,0.607906699180603,37
2,GAT,natural,none,42,PGExplainer,9341,4,,0.4782608695652174,,,-0.17186081409454346,0.6270961165428162,39
2,GAT,natural,none,42,PGExplainer,9478,4,,0.425,,,-0.2832104563713074,0.6663712859153748,36
2,GAT,natural,none,42,PGExplainer,8263,1,,0.7115384615384616,,,-0.22575312852859497,0.7462853193283081,35
2,GAT,natural,none,42,PGExplainer,9488,4,,0.4000000000000001,,,-0.3122469186782837,0.6710761189460754,34
2,GAT,natural,none,42,PGExplainer,8089,1,,0.36666666666666664,,,-0.2103559374809265,0.775810182094574,28
2,GAT,natural,none,42,PGExplainer,8878,3,,0.6428571428571429,,,-0.21622079610824585,0.7325965762138367,29
2,GAT,natural,none,42,PGExplainer,8255,1,,0.7307692307692306,,,-0.2266526222229004,0.7386168241500854,31
2,GAT,natural,none,42,PGExplainer,9206,4,,0.8409090909090909,,,-0.03964942693710327,0.7187543511390686,39
2,GAT,natural,none,42,PGExplainer,9372,4,,0.71875,,,-0.25365424156188965,0.694969117641449,31
2,GAT,natural,none,42,PGExplainer,8952,3,,0.3,,,-0.36412423849105835,-0.36228305101394653,29
2,GAT,natural,none,42,PGExplainer,8944,3,,0.3333333333333333,,,-0.16703099012374878,0.7560251951217651,41
2,GAT,natural,none,42,PGExplainer,8121,1,,0.59375,,,-0.3574395775794983,0.5995326638221741,22
2,GAT,natural,none,42,PGExplainer,9116,3,,0.7045454545454546,,,-0.08161348104476929,0.8692220449447632,40
2,GAT,natural,none,42,PGExplainer,8075,1,,0.3,,,-0.17996680736541748,0.6927371621131897,30
2,GAT,natural,none,42,PGExplainer,9363,4,,0.03125,,,-0.3635479211807251,-0.37197166681289673,76
2,GAT,natural,none,42,PGExplainer,8905,3,,0.36666666666666664,,,-0.11117976903915405,0.8361007571220398,36
2,GAT,natural,none,42,PGExplainer,9330,4,,0.6956521739130435,,,-0.15196263790130615,0.6182417869567871,37
2,GAT,natural,none,42,PGExplainer,9108,3,,0.5227272727272727,,,-0.09503543376922607,0.8632508516311646,38
2,GAT,natural,none,42,GNNShap,8074,1,0.986315789473684,,0.0,0.9710049405420372,0.7101110816001892,0.0861368179321289,29
2,GAT,natural,none,42,GNNShap,8050,1,0.9697744360902256,,1.0,0.9352981083512116,0.5963630676269531,0.5245248079299927,32
2,GAT,natural,none,42,GNNShap,9067,3,0.9551879699248118,,0.0,0.9429212005553529,0.7623082399368286,-0.07962942123413086,29
2,GAT,natural,none,42,GNNShap,8854,3,0.9045112781954886,,0.0,0.9757342241706422,0.6896449327468872,-0.13516980409622192,28
2,GAT,natural,none,42,GNNShap,8313,1,0.9676691729323306,,0.0,0.9505414787065354,0.6293485164642334,0.09801828861236572,26
2,GAT,natural,none,42,GNNShap,8210,1,0.9658646616541354,,0.0,0.9404984235807543,0.2948625683784485,0.7974846959114075,29
2,GAT,natural,none,42,GNNShap,9201,4,0.9890225563909774,,0.0,0.9551042639858798,0.6751059293746948,0.21373063325881958,36
2,GAT,natural,none,42,GNNShap,9374,4,0.9834586466165414,,1.0,0.957284887372535,0.6625403165817261,0.048214495182037354,41
2,GAT,natural,none,42,GNNShap,9518,4,0.9793984962406015,,1.0,0.9474192990192941,0.18943798542022705,0.6027500033378601,29
2,GAT,natural,none,42,GNNShap,9414,4,0.9861654135338345,,1.0,0.939359992182269,0.65105801820755,-0.06610441207885742,29
2,GAT,natural,none,42,GNNShap,8329,1,0.9834586466165411,,0.0,0.9619232220790543,0.4666021764278412,0.40920397639274597,30
2,GAT,natural,none,42,GNNShap,9325,4,0.9604511278195489,,1.0,0.9355248866483208,0.4070906639099121,0.15690642595291138,37
2,GAT,natural,none,42,GNNShap,9341,4,0.9884210526315789,,1.0,0.958788848901279,0.49118369817733765,0.2681138813495636,39
2,GAT,natural,none,42,GNNShap,9478,4,0.9613533834586466,,1.0,0.9566926777840219,0.6467896699905396,0.027004539966583252,36
2,GAT,natural,none,42,GNNShap,8263,1,0.9828571428571429,,0.0,0.9304499857623671,0.7171775698661804,0.11734426021575928,35
2,GAT,natural,none,42,GNNShap,9488,4,0.9924812030075187,,1.0,0.9276079068419374,0.6410748958587646,0.0250394344329834,34
2,GAT,natural,none,42,GNNShap,8089,1,0.9923308270676691,,1.0,0.9502030203090881,0.1832270622253418,0.7727222442626953,28
2,GAT,natural,none,42,GNNShap,8878,3,0.9610526315789473,,0.0,0.9386088452237417,0.53614342212677,0.6307045817375183,29
2,GAT,natural,none,42,GNNShap,8255,1,0.9851127819548872,,0.0,0.9673440555405264,0.6972648501396179,0.14058703184127808,31
2,GAT,natural,none,42,GNNShap,9206,4,0.980751879699248,,0.0,0.9638202071588609,-0.09658247232437134,0.7069454789161682,39
2,GAT,natural,none,42,GNNShap,9372,4,0.9860150375939847,,0.0,0.9338821118886695,0.6587702631950378,0.03262418508529663,31
2,GAT,natural,none,42,GNNShap,8952,3,0.9536842105263157,,0.0,0.9588742833958259,-0.10751360654830933,0.6048230528831482,29
2,GAT,natural,none,42,GNNShap,8944,3,0.974436090225564,,0.0,0.9620524677325761,0.7224617004394531,-0.14588874578475952,41
2,GAT,natural,none,42,GNNShap,8121,1,0.9712781954887217,,1.0,0.9515280370875692,-0.021005868911743164,0.3764054775238037,22
2,GAT,natural,none,42,GNNShap,9116,3,0.9615037593984962,,0.0,0.9731629709373811,0.528732180595398,0.8690897822380066,40
2,GAT,natural,none,42,GNNShap,8075,1,0.9923308270676692,,0.0,0.9545282303220433,0.6988534927368164,0.10346263647079468,30
2,GAT,natural,none,42,GNNShap,9363,4,0.8993984962406014,,0.0,0.986371225238473,0.6013482213020325,0.3671632409095764,76
2,GAT,natural,none,42,GNNShap,8905,3,0.9499248120300752,,0.0,0.947279630796355,0.09772318601608276,0.868245005607605,36
2,GAT,natural,none,42,GNNShap,9330,4,0.9777443609022557,,0.0,0.917843144622965,0.5748258829116821,0.36706113815307617,37
2,GAT,natural,none,42,GNNShap,9108,3,0.9774436090225562,,0.0,0.9666846082682834,0.8238024711608887,-0.03290838003158569,38
2,GAT,natural,none,43,GNNExplainer,8141,1,0.986315789473684,0.5909090909090909,1.0,,0.8152633309364319,-0.1651814579963684,31
2,GAT,natural,none,43,GNNExplainer,8047,1,0.9663157894736841,0.64,0.0,,0.6378895044326782,0.13896626234054565,30
2,GAT,natural,none,43,GNNExplainer,9224,4,0.9888721804511278,0.5454545454545454,0.0,,0.7314244508743286,-0.24600768089294434,26
2,GAT,natural,none,43,GNNExplainer,8515,2,0.9793984962406015,0.5,1.0,,0.5008796453475952,-0.3985624313354492,17
2,GAT,natural,none,43,GNNExplainer,9087,3,0.9927819548872179,0.5333333333333333,0.0,,0.9106267094612122,-0.058981478214263916,39
2,GAT,natural,none,43,GNNExplainer,9201,4,0.9842105263157894,0.5681818181818182,0.0,,-0.02471756935119629,-0.00956660509109497,36
2,GAT,natural,none,43,GNNExplainer,9305,4,0.984812030075188,0.5294117647058824,1.0,,0.7645804286003113,-0.2172526717185974,33
2,GAT,natural,none,43,GNNExplainer,8799,2,0.9723308270676693,0.25,0.0,,0.009931743144989014,-0.2679310441017151,21
2,GAT,natural,none,43,GNNExplainer,8053,1,0.9790977443609021,0.6458333333333334,0.0,,0.6756107211112976,-0.05267810821533203,28
2,GAT,natural,none,43,GNNExplainer,9488,4,0.984360902255639,0.55,1.0,,0.7222045063972473,-0.24929523468017578,34
2,GAT,natural,none,43,GNNExplainer,9478,4,0.9778947368421053,0.525,0.0,,0.48621866106987,-0.01945972442626953,36
2,GAT,natural,none,43,GNNExplainer,9369,4,0.9939849624060149,0.53125,1.0,,0.5334124565124512,-0.02209174633026123,31
2,GAT,natural,none,43,GNNExplainer,9491,4,0.9810526315789472,0.55,1.0,,0.7859064340591431,-0.1999983787536621,34
2,GAT,natural,none,43,GNNExplainer,9170,3,0.9944360902255637,0.5227272727272727,0.0,,0.17778784036636353,-0.012169957160949707,36
2,GAT,natural,none,43,GNNExplainer,8294,1,0.9959398496240601,0.5454545454545454,1.0,,0.7641417384147644,-0.19148612022399902,27
2,GAT,natural,none,43,GNNExplainer,9417,4,0.9834586466165414,0.53125,1.0,,0.788611650466919,-0.18530774116516113,38
2,GAT,natural,none,43,GNNExplainer,9407,4,0.9842105263157894,0.625,0.0,,0.29463881254196167,-0.4833438992500305,76
2,GAT,natural,none,43,GNNExplainer,8075,1,0.9796992481203007,0.525,0.0,,0.8195226192474365,-0.14055567979812622,30
2,GAT,natural,none,43,GNNExplainer,9231,4,0.9921804511278195,0.5454545454545454,0.0,,0.7727936506271362,-0.2195439338684082,22
2,GAT,natural,none,43,GNNExplainer,8109,1,0.9905263157894735,0.5263157894736842,1.0,,0.8367385268211365,0.32279956340789795,33
2,GAT,natural,none,43,GNNExplainer,8905,3,0.9857142857142855,0.5333333333333333,0.0,,0.842582106590271,-0.1333826780319214,36
2,GAT,natural,none,43,GNNExplainer,8097,1,0.9914285714285713,0.7368421052631579,0.0,,0.32441389560699463,-0.21374666690826416,75
2,GAT,natural,none,43,GNNExplainer,8854,3,0.9888721804511278,0.5333333333333333,0.0,,0.8697725534439087,-0.08666694164276123,28
2,GAT,natural,none,43,GNNExplainer,8303,1,0.9894736842105264,0.5384615384615384,0.0,,0.3555063009262085,0.3055003881454468,25
2,GAT,natural,none,43,GNNExplainer,9416,4,0.9908270676691728,0.53125,1.0,,0.744733452796936,-0.23945075273513794,30
2,GAT,natural,none,43,GNNExplainer,9088,3,0.9885714285714284,0.5333333333333333,0.0,,0.7631492614746094,-0.04784345626831055,30
2,GAT,natural,none,43,GNNExplainer,9323,4,0.9945864661654135,0.5217391304347826,0.0,,0.748035728931427,0.3664485812187195,44
2,GAT,natural,none,43,GNNExplainer,8058,1,0.9935338345864662,0.625,0.0,,0.7301995158195496,-0.0922544002532959,29
2,GAT,natural,none,43,GNNExplainer,8126,1,0.9861654135338347,0.5625,0.0,,0.5558353066444397,-0.13043850660324097,31
2,GAT,natural,none,43,GNNExplainer,8649,2,0.948721804511278,0.3333333333333333,0.0,,0.6210740804672241,-0.3556479811668396,24
2,GAT,natural,none,43,PGExplainer,8141,1,,0.9318181818181818,,,0.01170569658279419,-0.10943770408630371,31
2,GAT,natural,none,43,PGExplainer,8047,1,,0.94,,,0.0,0.1389661431312561,30
2,GAT,natural,none,43,PGExplainer,9224,4,,0.9090909090909091,,,0.2578074336051941,0.1293100118637085,26
2,GAT,natural,none,43,PGExplainer,8515,2,,0.75,,,-0.2860499620437622,-0.3985624313354492,17
2,GAT,natural,none,43,PGExplainer,9087,3,,0.8000000000000002,,,0.9072856903076172,0.899091899394989,39
2,GAT,natural,none,43,PGExplainer,9201,4,,0.9318181818181818,,,0.2657145857810974,-0.009566724300384521,36
2,GAT,natural,none,43,PGExplainer,9305,4,,0.9117647058823528,,,0.3459617793560028,0.01429218053817749,33
2,GAT,natural,none,43,PGExplainer,8799,2,,0.5,,,-0.2679312825202942,0.017766714096069336,21
2,GAT,natural,none,43,PGExplainer,8053,1,,0.9166666666666666,,,0.0,-0.05267810821533203,28
2,GAT,natural,none,43,PGExplainer,9488,4,,0.925,,,0.29794928431510925,-0.13669413328170776,34
2,GAT,natural,none,43,PGExplainer,9478,4,,0.925,,,0.31992438435554504,-0.01945948600769043,36
2,GAT,natural,none,43,PGExplainer,9369,4,,0.90625,,,0.26388055086135864,-0.02209186553955078,31
2,GAT,natural,none,43,PGExplainer,9491,4,,0.925,,,0.37664127349853516,0.06936538219451904,34
2,GAT,natural,none,43,PGExplainer,9170,3,,0.8636363636363636,,,-0.002127349376678467,0.9365482330322266,36
2,GAT,natural,none,43,PGExplainer,8294,1,,0.8636363636363636,,,0.6989623308181763,0.039897382259368896,27
2,GAT,natural,none,43,PGExplainer,9417,4,,0.90625,,,0.14331823587417603,0.0836942195892334,38
2,GAT,natural,none,43,PGExplainer,9407,4,,0.5625,,,-0.4029107689857483,-0.48428982496261597,76
2,GAT,natural,none,43,PGExplainer,8075,1,,0.925,,,0.02205479145050049,0.3285011649131775,30
2,GAT,natural,none,43,PGExplainer,9231,4,,0.9090909090909091,,,0.10446149110794067,0.024311363697052002,22
2,GAT,natural,none,43,PGExplainer,8109,1,,0.8947368421052632,,,0.515923261642456,0.32279956340789795,33
2,GAT,natural,none,43,PGExplainer,8905,3,,0.8333333333333334,,,0.8208605647087097,0.803991973400116,36
2,GAT,natural,none,43,PGExplainer,8097,1,,0.5526315789473685,,,0.10990297794342041,-0.1821500062942505,75
2,GAT,natural,none,43,PGExplainer,8854,3,,0.7666666666666667,,,0.0,-0.08666682243347168,28
2,GAT,natural,none,43,PGExplainer,8303,1,,0.8846153846153846,,,0.2384558916091919,0.3055003881454468,25
2,GAT,natural,none,43,PGExplainer,9416,4,,0.90625,,,0.2959877848625183,-0.10841065645217896,30
2,GAT,natural,none,43,PGExplainer,9088,3,,0.7333333333333333,,,-0.005056023597717285,0.059619128704071045,30
2,GAT,natural,none,43,PGExplainer,9323,4,,0.9347826086956522,,,0.6905802488327026,0.3664485514163971,44
2,GAT,natural,none,43,PGExplainer,8058,1,,0.9166666666666666,,,0.0,-0.09225434064865112,29
2,GAT,natural,none,43,PGExplainer,8126,1,,0.90625,,,0.13334554433822632,-0.11957496404647827,31
2,GAT,natural,none,43,PGExplainer,8649,2,,0.5,,,0.5726590752601624,-0.3566354513168335,24
2,GAT,natural,none,43,GNNShap,8141,1,0.9467669172932329,,1.0,0.9372159218548599,0.31249547004699707,0.8106638789176941,31
2,GAT,natural,none,43,GNNShap,8047,1,0.9616541353383458,,0.0,0.9638537545306816,0.6862485408782959,0.10451924800872803,30
2,GAT,natural,none,43,GNNShap,9224,4,0.8996992481203007,,0.0,0.9327755422906879,-0.030106008052825928,0.7268902063369751,26
2,GAT,natural,none,43,GNNShap,8515,2,0.9766917293233084,,0.0,0.96595599820864,0.5592377185821533,0.18500971794128418,17
2,GAT,natural,none,43,GNNShap,9087,3,0.9458646616541355,,0.0,0.9584107679291325,0.8695864677429199,0.8896095752716064,39
2,GAT,natural,none,43,GNNShap,9201,4,0.9753383458646615,,1.0,0.9572189819622732,0.7645670771598816,0.10606729984283447,36
2,GAT,natural,none,43,GNNShap,9305,4,0.9678195488721804,,1.0,0.9725276377960291,0.7316158413887024,0.2194504737854004,33
2,GAT,natural,none,43,GNNShap,8799,2,0.9493233082706766,,1.0,0.9769736382791754,0.605841875076294,0.381945937871933,21
2,GAT,natural,none,43,GNNShap,8053,1,0.973533834586466,,1.0,0.9580233231144855,0.7833060622215271,0.21387147903442383,28
2,GAT,natural,none,43,GNNShap,9488,4,0.9804511278195488,,0.0,0.9090908103126099,0.6932449340820312,0.1570473313331604,34
2,GAT,natural,none,43,GNNShap,9478,4,0.9554887218045112,,1.0,0.9418279280336673,0.7535076141357422,0.18749302625656128,36
2,GAT,natural,none,43,GNNShap,9369,4,0.9769924812030073,,0.0,0.9245086674240979,0.7557801604270935,0.2484106421470642,31
2,GAT,natural,none,43,GNNShap,9491,4,0.9436090225563909,,0.0,0.9286229929444199,0.7344415783882141,-0.048605263233184814,34
2,GAT,natural,none,43,GNNShap,9170,3,0.9637593984962406,,0.0,0.9141781251571064,0.4066774249076843,0.9503833651542664,36
2,GAT,natural,none,43,GNNShap,8294,1,0.9430075187969923,,1.0,0.9273789566099,0.7022245526313782,0.6544358134269714,27
2,GAT,natural,none,43,GNNShap,9417,4,0.9639097744360899,,1.0,0.9497242389422427,0.695071816444397,-0.12642371654510498,38
2,GAT,natural,none,43,GNNShap,9407,4,0.985563909774436,,0.0,0.9805840647056293,0.4567910134792328,0.14576461911201477,76
2,GAT,natural,none,43,GNNShap,8075,1,0.963157894736842,,1.0,0.9670218974509754,0.7899838089942932,0.27893292903900146,30
2,GAT,natural,none,43,GNNShap,9231,4,0.9517293233082705,,0.0,0.95861570504834,0.5417950749397278,0.7352719306945801,22
2,GAT,natural,none,43,GNNShap,8109,1,0.9696240601503758,,0.0,0.9315450133309664,0.8493419885635376,0.11330592632293701,33
2,GAT,natural,none,43,GNNShap,8905,3,0.97203007518797,,0.0,0.9286979799595553,0.13199645280838013,0.8393641114234924,36
2,GAT,natural,none,43,GNNShap,8097,1,0.9308270676691729,,0.0,0.988520752624688,0.769315779209137,0.23131388425827026,75
2,GAT,natural,none,43,GNNShap,8854,3,0.9652631578947369,,0.0,0.9531793012337092,0.8810500502586365,0.8512126803398132,28
2,GAT,natural,none,43,GNNShap,8303,1,0.9616541353383458,,0.0,0.9192404125952635,0.840476930141449,0.42398157715797424,25
2,GAT,natural,none,43,GNNShap,9416,4,0.9772932330827068,,1.0,0.9065016189351841,0.6800971627235413,-0.07259023189544678,30
2,GAT,natural,none,43,GNNShap,9088,3,0.964360902255639,,0.0,0.9390140765070092,0.8471757769584656,0.8777346611022949,30
2,GAT,natural,none,43,GNNShap,9323,4,0.9030075187969926,,0.0,0.9488846134456482,0.6515088081359863,0.3495557904243469,44
2,GAT,natural,none,43,GNNShap,8058,1,0.9649624060150377,,1.0,0.8973220520693881,0.7632601857185364,0.17600417137145996,29
2,GAT,natural,none,43,GNNShap,8126,1,0.963609022556391,,1.0,0.9305386116625094,0.8289797306060791,0.30616211891174316,31
2,GAT,natural,none,43,GNNShap,8649,2,0.9747368421052631,,0.0,0.9563708631134729,0.5392938256263733,0.5642744302749634,24
2,GAT,natural,none,44,GNNExplainer,8107,1,0.9792481203007517,0.5789473684210527,0.0,,0.3744763433933258,-0.07707828283309937,30
2,GAT,natural,none,44,GNNExplainer,8044,1,0.9748872180451128,0.58,0.0,,0.6916684508323669,-0.08985590934753418,38
2,GAT,natural,none,44,GNNExplainer,9465,4,0.97593984962406,0.5357142857142857,1.0,,0.6455867290496826,-0.32824820280075073,28
2,GAT,natural,none,44,GNNExplainer,9372,4,0.9906766917293233,0.53125,1.0,,0.7723763585090637,-0.20770955085754395,31
2,GAT,natural,none,44,GNNExplainer,9507,4,0.9673684210526314,0.53125,1.0,,0.6797423362731934,-0.2381705641746521,33
2,GAT,natural,none,44,GNNExplainer,9205,4,0.9842105263157894,0.6136363636363636,1.0,,0.35133805871009827,-0.3162335157394409,35
2,GAT,natural,none,44,GNNExplainer,9338,4,0.9720300751879698,0.6086956521739131,1.0,,0.6457937359809875,-0.23475611209869385,37
2,GAT,natural,none,44,GNNExplainer,9459,4,0.9870676691729322,0.53125,1.0,,0.6716926097869873,-0.29092133045196533,31
2,GAT,natural,none,44,GNNExplainer,8050,1,0.9906766917293233,0.62,0.0,,0.7765306234359741,-0.14852005243301392,32
2,GAT,natural,none,44,GNNExplainer,8903,3,0.9783458646616541,0.5333333333333333,0.0,,0.7397792935371399,-0.015604972839355469,28
2,GAT,natural,none,44,GNNExplainer,8184,1,0.9553383458646616,0.58,1.0,,0.7481391429901123,0.08989620208740234,36
2,GAT,natural,none,44,GNNExplainer,9369,4,0.9828571428571428,0.53125,1.0,,0.7659233808517456,-0.16880583763122559,31
2,GAT,natural,none,44,GNNExplainer,9478,4,0.9863157894736843,0.525,1.0,,0.6707966923713684,-0.28784608840942383,36
2,GAT,natural,none,44,GNNExplainer,9374,4,0.976842105263158,0.53125,1.0,,0.6626082062721252,-0.2433922290802002,41
2,GAT,natural,none,44,GNNExplainer,8465,2,0.9842105263157894,0.375,0.0,,0.19338572025299072,-0.40163540840148926,21
2,GAT,natural,none,44,GNNExplainer,9067,3,0.983157894736842,0.53125,0.0,,0.7613755464553833,-0.17513740062713623,29
2,GAT,natural,none,44,GNNExplainer,9300,4,0.9514285714285714,0.5294117647058824,1.0,,0.6802954077720642,-0.2967977523803711,32
2,GAT,natural,none,44,GNNExplainer,8074,1,0.9813533834586463,0.575,0.0,,0.7969234585762024,-0.12048351764678955,29
2,GAT,natural,none,44,GNNExplainer,8294,1,0.9950375939849623,0.5454545454545454,1.0,,0.7610807418823242,-0.17877286672592163,27
2,GAT,natural,none,44,GNNExplainer,8966,3,0.9771428571428571,0.5277777777777778,0.0,,0.5928054451942444,-0.030049145221710205,34
2,GAT,natural,none,44,GNNExplainer,8137,1,0.9745864661654133,0.5227272727272727,1.0,,0.7501159310340881,-0.20197296142578125,34
2,GAT,natural,none,44,GNNExplainer,8091,1,0.993984962406015,0.5333333333333333,1.0,,0.7855907678604126,-0.1699325442314148,28
2,GAT,natural,none,44,GNNExplainer,8880,3,0.9795488721804511,0.5357142857142857,0.0,,0.8098457455635071,-0.17126184701919556,29
2,GAT,natural,none,44,GNNExplainer,8121,1,0.9720300751879698,0.65625,0.0,,0.6867331266403198,-0.2896353006362915,22
2,GAT,natural,none,44,GNNExplainer,9269,4,0.9795488721804511,0.625,1.0,,0.5900270938873291,-0.4011538624763489,37
2,GAT,natural,none,44,GNNExplainer,9196,4,0.9786466165413534,0.5227272727272727,1.0,,0.6933313608169556,-0.2965433597564697,45
2,GAT,natural,none,44,GNNExplainer,8053,1,0.9798496240601503,0.6458333333333334,0.0,,0.6856926679611206,-0.06142622232437134,28
2,GAT,natural,none,44,GNNExplainer,8352,1,0.9813533834586465,0.6153846153846154,1.0,,0.437347948551178,-0.09678804874420166,34
2,GAT,natural,none,44,GNNExplainer,8722,2,0.9744360902255638,0.0,0.0,,0.5879684090614319,-0.3635338544845581,17
2,GAT,natural,none,44,GNNExplainer,9112,3,0.9860150375939847,0.5227272727272727,0.0,,0.5652472972869873,-0.04333817958831787,39
2,GAT,natural,none,44,PGExplainer,8107,1,,0.8947368421052632,,,0.13648468255996704,-0.07707828283309937,30
2,GAT,natural,none,44,PGExplainer,8044,1,,0.92,,,0.25555330514907837,-0.08985590934753418,38
2,GAT,natural,none,44,PGExplainer,9465,4,,0.8928571428571429,,,0.19020816683769226,-0.24695086479187012,28
2,GAT,natural,none,44,PGExplainer,9372,4,,0.90625,,,0.1282724142074585,0.23301464319229126,31
2,GAT,natural,none,44,PGExplainer,9507,4,,0.90625,,,0.13700127601623535,-0.07491743564605713,33
2,GAT,natural,none,44,PGExplainer,9205,4,,0.9318181818181818,,,0.07888251543045044,-0.3162332773208618,35
2,GAT,natural,none,44,PGExplainer,9338,4,,0.9347826086956522,,,0.07844841480255127,-0.07423681020736694,37
2,GAT,natural,none,44,PGExplainer,9459,4,,0.90625,,,0.14262861013412476,0.12593895196914673,31
2,GAT,natural,none,44,PGExplainer,8050,1,,0.92,,,0.1630944013595581,-0.06720370054244995,32
2,GAT,natural,none,44,PGExplainer,8903,3,,0.9333333333333333,,,0.7049146890640259,-0.015604972839355469,28
2,GAT,natural,none,44,PGExplainer,8184,1,,0.9,,,0.10805106163024902,0.08989626169204712,36
2,GAT,natural,none,44,PGExplainer,9369,4,,0.90625,,,0.11331319808959961,-0.07988595962524414,31
2,GAT,natural,none,44,PGExplainer,9478,4,,0.925,,,0.2353280782699585,-0.10538691282272339,36
2,GAT,natural,none,44,PGExplainer,9374,4,,0.90625,,,0.14806628227233887,-0.05846977233886719,41
2,GAT,natural,none,44,PGExplainer,8465,2,,0.5,,,0.5791727304458618,-0.39369434118270874,21
2,GAT,natural,none,44,PGExplainer,9067,3,,0.90625,,,0.7781120538711548,-0.17513740062713623,29
2,GAT,natural,none,44,PGExplainer,9300,4,,0.9117647058823528,,,0.10680383443832397,0.13081848621368408,32
2,GAT,natural,none,44,PGExplainer,8074,1,,0.9,,,0.36006394028663635,-0.12048333883285522,29
2,GAT,natural,none,44,PGExplainer,8294,1,,0.8636363636363636,,,0.16300684213638306,-0.03217887878417969,27
2,GAT,natural,none,44,PGExplainer,8966,3,,0.9444444444444444,,,0.8502490520477295,-0.030049145221710205,34
2,GAT,natural,none,44,PGExplainer,8137,1,,0.9318181818181818,,,0.15804845094680786,-0.12550753355026245,34
2,GAT,natural,none,44,PGExplainer,8091,1,,0.9,,,0.2786582112312317,0.10321211814880371,28
2,GAT,natural,none,44,PGExplainer,8880,3,,0.9642857142857143,,,0.813666820526123,-0.17126190662384033,29
2,GAT,natural,none,44,PGExplainer,8121,1,,0.90625,,,0.23519450426101685,-0.2596151828765869,22
2,GAT,natural,none,44,PGExplainer,9269,4,,0.9375,,,0.23672610521316528,-0.3006643056869507,37
2,GAT,natural,none,44,PGExplainer,9196,4,,0.9318181818181818,,,0.06969815492630005,-0.20860421657562256,45
2,GAT,natural,none,44,PGExplainer,8053,1,,0.9375,,,0.15896087884902954,-0.06142628192901611,28
2,GAT,natural,none,44,PGExplainer,8352,1,,0.9038461538461539,,,0.04920452833175659,-0.09678810834884644,34
2,GAT,natural,none,44,PGExplainer,8722,2,,0.5,,,0.4610103368759155,-0.36165767908096313,17
2,GAT,natural,none,44,PGExplainer,9112,3,,0.9318181818181818,,,0.5991402864456177,-0.04333817958831787,39
2,GAT,natural,none,44,GNNShap,8107,1,0.9696240601503758,,1.0,0.907639156041739,0.5201115608215332,0.8367774486541748,30
2,GAT,natural,none,44,GNNShap,8044,1,0.9451127819548871,,1.0,0.9421064541535735,0.7415696978569031,0.7925547361373901,38
2,GAT,natural,none,44,GNNShap,9465,4,0.9147368421052631,,0.0,0.9656090151789172,0.5849567651748657,0.19280695915222168,28
2,GAT,natural,none,44,GNNShap,9372,4,0.9842105263157894,,0.0,0.9183220319066023,0.7069909572601318,-0.12937688827514648,31
2,GAT,natural,none,44,GNNShap,9507,4,0.9792481203007519,,0.0,0.9447411624871179,0.6786335110664368,0.30809876322746277,33
2,GAT,natural,none,44,GNNShap,9205,4,0.9658646616541352,,0.0,0.9365541645233165,0.5550792217254639,-0.12448114156723022,35
2,GAT,natural,none,44,GNNShap,9338,4,0.9655639097744361,,0.0,0.9692613479581513,0.6335412859916687,0.25727197527885437,37
2,GAT,natural,none,44,GNNShap,9459,4,0.9610526315789473,,0.0,0.9532172643131158,0.6468218564987183,0.02766495943069458,31
2,GAT,natural,none,44,GNNShap,8050,1,0.9642105263157893,,1.0,0.9529546177967456,0.7554639577865601,0.6231227517127991,32
2,GAT,natural,none,44,GNNShap,8903,3,0.9739849624060148,,0.0,0.9522622555304426,0.9059450030326843,0.14908838272094727,28
2,GAT,natural,none,44,GNNShap,8184,1,0.9894736842105264,,0.0,0.9582772814138337,0.7342373132705688,0.7936856746673584,36
2,GAT,natural,none,44,GNNShap,9369,4,0.9317293233082706,,0.0,0.9391705196123221,0.6714112758636475,0.032941222190856934,31
2,GAT,natural,none,44,GNNShap,9478,4,0.9673684210526314,,0.0,0.952999006432489,0.6207764744758606,-0.09125757217407227,36
2,GAT,natural,none,44,GNNShap,9374,4,0.9593984962406014,,0.0,0.9494757956400818,0.7132557034492493,0.07457864284515381,41
2,GAT,natural,none,44,GNNShap,8465,2,0.9821052631578947,,0.0,0.9856414070063589,0.5038526654243469,0.46166905760765076,21
2,GAT,natural,none,44,GNNShap,9067,3,0.940751879699248,,0.0,0.965897099832295,0.6899308562278748,0.6882400512695312,29
2,GAT,natural,none,44,GNNShap,9300,4,0.9878195488721804,,0.0,0.9356564103276283,0.4537450075149536,0.6696134805679321,32
2,GAT,natural,none,44,GNNShap,8074,1,0.93203007518797,,0.0,0.9768880142888884,0.7910295128822327,0.8085445165634155,29
2,GAT,natural,none,44,GNNShap,8294,1,0.9593984962406015,,1.0,0.9438756098972751,0.703846275806427,0.5259900689125061,27
2,GAT,natural,none,44,GNNShap,8966,3,0.955639097744361,,0.0,0.9470403707050619,0.9274201393127441,-0.005335211753845215,34
2,GAT,natural,none,44,GNNShap,8137,1,0.9879699248120299,,1.0,0.9625136726180805,0.7110980749130249,0.48107361793518066,34
2,GAT,natural,none,44,GNNShap,8091,1,0.9809022556390978,,0.0,0.9841615615837108,0.6409705281257629,0.7849999070167542,28
2,GAT,natural,none,44,GNNShap,8880,3,0.9545864661654134,,0.0,0.9778473699294057,0.2788700461387634,0.8252156376838684,29
2,GAT,natural,none,44,GNNShap,8121,1,0.9699248120300753,,1.0,0.9485990815690654,0.4730556905269623,0.662611722946167,22
2,GAT,natural,none,44,GNNShap,9269,4,0.9496240601503759,,0.0,0.9610835135355966,0.02257692813873291,0.5809648036956787,37
2,GAT,natural,none,44,GNNShap,9196,4,0.953233082706767,,0.0,0.9456390121592827,0.4579562544822693,0.09131050109863281,45
2,GAT,natural,none,44,GNNShap,8053,1,0.991578947368421,,1.0,0.9502106902495715,0.8196862936019897,-0.00910419225692749,28
2,GAT,natural,none,44,GNNShap,8352,1,0.9757894736842104,,0.0,0.9765602413047855,0.8522697687149048,-0.008036255836486816,34
2,GAT,natural,none,44,GNNShap,8722,2,0.9676691729323308,,1.0,0.9689361046363028,-0.2566184401512146,0.605034351348877,17
2,GAT,natural,none,44,GNNShap,9112,3,0.8001503759398496,,0.0,0.9693226634827873,0.9035052061080933,0.6752246618270874,39
2,GCN,1:1,none,42,GNNExplainer,8395,2,0.9821052631578946,0.625,1.0,,0.7453789710998535,-0.2535569667816162,27
2,GCN,1:1,none,42,GNNExplainer,9363,4,0.9890225563909774,0.8125,0.0,,-2.3245811462402344e-05,-2.3245811462402344e-05,76
2,GCN,1:1,none,42,GNNExplainer,8178,1,0.985563909774436,0.64,1.0,,0.03145855665206909,-0.03019857406616211,32
2,GCN,1:1,none,42,GNNExplainer,8931,3,0.9851127819548873,0.5238095238095238,1.0,,0.5601903796195984,-0.005048990249633789,38
2,GCN,1:1,none,42,GNNExplainer,8723,2,0.9803007518796992,0.0,0.0,,0.6157483458518982,-0.3840429186820984,26
2,GCN,1:1,none,42,GNNExplainer,8621,2,0.9774436090225563,0.5,1.0,,0.8569363951683044,-0.08394986391067505,20
2,GCN,1:1,none,42,GNNExplainer,9196,4,0.9876691729323307,0.5,1.0,,0.40728622674942017,-0.0373690128326416,45
2,GCN,1:1,none,42,GNNExplainer,8593,2,0.984360902255639,0.5,1.0,,0.9386990070343018,-0.03548711538314819,21
2,GCN,1:1,none,42,GNNExplainer,8047,1,0.9893233082706766,0.64,1.0,,0.07093667984008789,0.03810572624206543,30
2,GCN,1:1,none,42,GNNExplainer,8416,2,0.9781954887218044,0.25,1.0,,0.8308025598526001,-0.01421809196472168,23
2,GCN,1:1,none,42,GNNExplainer,8744,2,0.9138345864661653,0.25,1.0,,0.8789480328559875,0.00010859966278076172,14
2,GCN,1:1,none,42,GNNExplainer,9472,4,0.9781954887218045,0.5357142857142857,1.0,,0.18809974193572998,-0.0026391148567199707,26
2,GCN,1:1,none,42,GNNExplainer,8126,1,0.9876691729323307,0.5625,1.0,,0.0720100998878479,-0.0007124543190002441,31
2,GCN,1:1,none,42,GNNExplainer,9489,4,0.9885714285714284,0.5,1.0,,0.03204530477523804,-0.0353127121925354,38
2,GCN,1:1,none,42,GNNExplainer,9157,3,0.9878195488721804,0.5208333333333334,1.0,,0.253887414932251,-0.001299142837524414,42
2,GCN,1:1,none,42,GNNExplainer,8365,2,0.96796992481203,0.16666666666666666,0.0,,0.9530273675918579,-0.021588444709777832,24
2,GCN,1:1,none,42,GNNExplainer,8180,1,0.9845112781954887,0.58,1.0,,0.0024207234382629395,-2.9325485229492188e-05,36
2,GCN,1:1,none,42,GNNExplainer,8031,1,0.9649624060150377,0.88,0.0,,0.19993489980697632,-0.00010836124420166016,85
2,GCN,1:1,none,42,GNNExplainer,9206,4,0.9896240601503757,0.5681818181818182,1.0,,0.9935433268547058,-0.0044348835945129395,39
2,GCN,1:1,none,42,GNNExplainer,9307,4,0.9693233082706765,0.8333333333333334,0.0,,0.00025516748428344727,-3.409385681152344e-05,59
2,GCN,1:1,none,42,GNNExplainer,8616,2,0.9533834586466163,0.125,0.0,,0.5725467801094055,-0.4269765615463257,23
2,GCN,1:1,none,42,GNNExplainer,9248,4,0.9780451127819549,0.5,1.0,,0.9378929138183594,-0.04810380935668945,29
2,GCN,1:1,none,42,GNNExplainer,9487,4,0.9821052631578947,0.525,1.0,,0.22295141220092773,-0.04371589422225952,37
2,GCN,1:1,none,42,GNNExplainer,8481,2,0.9766917293233082,0.625,1.0,,0.7047584056854248,-0.2804808020591736,20
2,GCN,1:1,none,42,GNNExplainer,8352,1,0.9760902255639097,0.6153846153846154,1.0,,0.0016977787017822266,-2.0384788513183594e-05,34
2,GCN,1:1,none,42,GNNExplainer,9443,4,0.9742857142857142,0.5526315789473685,1.0,,0.9892615079879761,-0.010057926177978516,34
2,GCN,1:1,none,42,GNNExplainer,9465,4,0.964360902255639,0.5357142857142857,1.0,,0.007822036743164062,0.03622835874557495,28
2,GCN,1:1,none,42,GNNExplainer,8535,2,0.9787969924812028,0.375,1.0,,0.9731431603431702,-0.024757027626037598,22
2,GCN,1:1,none,42,GNNExplainer,8263,1,0.9909774436090224,0.6346153846153846,1.0,,0.0329706072807312,0.8017705082893372,35
2,GCN,1:1,none,42,GNNExplainer,9069,3,0.9795488721804511,0.53125,1.0,,0.531732439994812,-0.053202688694000244,26
2,GCN,1:1,none,42,PGExplainer,8395,2,,0.375,,,0.6193056106567383,-0.2533684968948364,27
2,GCN,1:1,none,42,PGExplainer,9363,4,,0.71875,,,-2.3245811462402344e-05,-2.3245811462402344e-05,76
2,GCN,1:1,none,42,PGExplainer,8178,1,,0.94,,,0.1936449408531189,-0.03019857406616211,32
2,GCN,1:1,none,42,PGExplainer,8931,3,,0.9285714285714286,,,0.25481998920440674,-0.005048990249633789,38
2,GCN,1:1,none,42,PGExplainer,8723,2,,0.5,,,-0.28267163038253784,0.5377278923988342,26
2,GCN,1:1,none,42,PGExplainer,8621,2,,1.0,,,0.004342913627624512,-0.08395057916641235,20
2,GCN,1:1,none,42,PGExplainer,9196,4,,0.9318181818181818,,,-0.037285566329956055,-0.0373690128326416,45
2,GCN,1:1,none,42,PGExplainer,8593,2,,0.75,,,0.08756482601165771,-0.03563302755355835,21
2,GCN,1:1,none,42,PGExplainer,8047,1,,0.92,,,0.06001371145248413,0.03810572624206543,30
2,GCN,1:1,none,42,PGExplainer,8416,2,,0.75,,,0.4555526375770569,-0.01421809196472168,23
2,GCN,1:1,none,42,PGExplainer,8744,2,,0.0,,,0.03999447822570801,-5.555152893066406e-05,14
2,GCN,1:1,none,42,PGExplainer,9472,4,,0.8928571428571429,,,0.0032074451446533203,-0.0026391148567199707,26
2,GCN,1:1,none,42,PGExplainer,8126,1,,0.90625,,,0.008467316627502441,-0.0007124543190002441,31
2,GCN,1:1,none,42,PGExplainer,9489,4,,0.9,,,-0.03292804956436157,-0.0353127121925354,38
2,GCN,1:1,none,42,PGExplainer,9157,3,,0.9375,,,0.09458267688751221,-0.001299142837524414,42
2,GCN,1:1,none,42,PGExplainer,8365,2,,0.6666666666666666,,,-0.005028247833251953,-0.02114659547805786,24
2,GCN,1:1,none,42,PGExplainer,8180,1,,0.94,,,0.0018303394317626953,-2.9325485229492188e-05,36
2,GCN,1:1,none,42,PGExplainer,8031,1,,0.78,,,2.753734588623047e-05,-0.00010836124420166016,85
2,GCN,1:1,none,42,PGExplainer,9206,4,,0.9318181818181818,,,-0.0011420249938964844,-0.0043166279792785645,39
2,GCN,1:1,none,42,PGExplainer,9307,4,,0.5833333333333334,,,-3.409385681152344e-05,-3.409385681152344e-05,59
2,GCN,1:1,none,42,PGExplainer,8616,2,,0.5,,,-0.3069632053375244,0.5728708505630493,23
2,GCN,1:1,none,42,PGExplainer,9248,4,,0.8666666666666667,,,-0.029026687145233154,-0.04810380935668945,29
2,GCN,1:1,none,42,PGExplainer,9487,4,,0.9,,,-0.028823792934417725,-0.04371589422225952,37
2,GCN,1:1,none,42,PGExplainer,8481,2,,0.5,,,0.23865991830825806,-0.2802552580833435,20
2,GCN,1:1,none,42,PGExplainer,8352,1,,0.9423076923076923,,,0.0005248188972473145,-2.0384788513183594e-05,34
2,GCN,1:1,none,42,PGExplainer,9443,4,,0.9210526315789473,,,-0.004713535308837891,-0.010057926177978516,34
2,GCN,1:1,none,42,PGExplainer,9465,4,,0.8928571428571429,,,3.6716461181640625e-05,-3.2901763916015625e-05,28
2,GCN,1:1,none,42,PGExplainer,8535,2,,0.75,,,-0.018613874912261963,-0.023625731468200684,22
2,GCN,1:1,none,42,PGExplainer,8263,1,,0.9423076923076923,,,0.4477733075618744,-0.04021286964416504,35
2,GCN,1:1,none,42,PGExplainer,9069,3,,0.9375,,,0.46092289686203003,-0.05320256948471069,26
2,GCN,1:1,none,42,GNNShap,8395,2,0.9941353383458645,,0.0,0.9496425851550866,0.6807078719139099,0.010394930839538574,27
2,GCN,1:1,none,42,GNNShap,9363,4,0.9625563909774435,,0.0,0.9970715465434081,0.9692768454551697,0.00017768144607543945,76
2,GCN,1:1,none,42,GNNShap,8178,1,0.9914285714285714,,0.0,0.9591374702816928,0.8990733623504639,0.007538318634033203,32
2,GCN,1:1,none,42,GNNShap,8931,3,0.9947368421052631,,0.0,0.9816943951458112,0.41495954990386963,0.53246009349823,38
2,GCN,1:1,none,42,GNNShap,8723,2,0.9929323308270674,,0.0,0.9411132988704722,-0.23915672302246094,-0.08692139387130737,26
2,GCN,1:1,none,42,GNNShap,8621,2,0.9803007518796992,,0.0,0.9488560197565734,0.84803307056427,-0.03749442100524902,20
2,GCN,1:1,none,42,GNNShap,9196,4,0.9917293233082706,,1.0,0.9041675254856287,-0.03697437047958374,0.8669149875640869,45
2,GCN,1:1,none,42,GNNShap,8593,2,0.9924812030075186,,0.0,0.9550481142276401,0.8438135385513306,-0.005612075328826904,21
2,GCN,1:1,none,42,GNNShap,8047,1,0.9793984962406015,,0.0,0.9748278678286066,0.8712350130081177,0.14332938194274902,30
2,GCN,1:1,none,42,GNNShap,8416,2,0.9897744360902255,,0.0,0.9350306193793096,0.9285882711410522,-0.0025534629821777344,23
2,GCN,1:1,none,42,GNNShap,8744,2,0.9891729323308269,,1.0,0.9565211462920489,0.0002892017364501953,0.08971428871154785,14
2,GCN,1:1,none,42,GNNShap,9472,4,0.9875187969924811,,0.0,0.9314638511317789,0.0014668703079223633,0.7618732452392578,26
2,GCN,1:1,none,42,GNNShap,8126,1,0.9926315789473683,,0.0,0.9440926912314671,0.5200545787811279,0.03923606872558594,31
2,GCN,1:1,none,42,GNNShap,9489,4,0.9945864661654135,,0.0,0.951927055129724,0.05446535348892212,0.8649567365646362,38
2,GCN,1:1,none,42,GNNShap,9157,3,0.9771428571428572,,0.0,0.952645224702873,0.760297417640686,0.02431589365005493,42
2,GCN,1:1,none,42,GNNShap,8365,2,0.9882706766917291,,0.0,0.957243117318636,0.8754559755325317,0.08829545974731445,24
2,GCN,1:1,none,42,GNNShap,8180,1,0.9924812030075186,,0.0,0.9243640905562074,7.092952728271484e-05,0.8198898434638977,36
2,GCN,1:1,none,42,GNNShap,8031,1,0.9634586466165412,,0.0,0.9949036601836238,0.9372469186782837,-2.4199485778808594e-05,85
2,GCN,1:1,none,42,GNNShap,9206,4,1.0,,0.0,0.9435018869964846,0.8878278136253357,-0.0005567073822021484,39
2,GCN,1:1,none,42,GNNShap,9307,4,0.940300751879699,,0.0,0.9965934635117876,0.9966878294944763,0.0005192160606384277,59
2,GCN,1:1,none,42,GNNShap,8616,2,0.9900751879699248,,0.0,0.9670074751217438,-0.4051487445831299,0.4338032007217407,23
2,GCN,1:1,none,42,GNNShap,9248,4,0.9960902255639098,,0.0,0.9544954079443879,0.647911012172699,0.09211510419845581,29
2,GCN,1:1,none,42,GNNShap,9487,4,0.9942857142857141,,0.0,0.9751433229611122,0.8456782698631287,0.24328112602233887,37
2,GCN,1:1,none,42,GNNShap,8481,2,0.9941353383458645,,0.0,0.9405122992330481,0.6826998591423035,0.07554566860198975,20
2,GCN,1:1,none,42,GNNShap,8352,1,0.9869172932330826,,0.0,0.9751457972409465,0.874813437461853,7.11679458618164e-05,34
2,GCN,1:1,none,42,GNNShap,9443,4,0.9906766917293233,,0.0,0.92974833725201,0.17714828252792358,0.71735680103302,34
2,GCN,1:1,none,42,GNNShap,9465,4,0.9912781954887218,,0.0,0.9415273621435045,0.0006210207939147949,0.5971779823303223,28
2,GCN,1:1,none,42,GNNShap,8535,2,0.9837593984962405,,1.0,0.9494726672131764,0.35057681798934937,0.5759202241897583,22
2,GCN,1:1,none,42,GNNShap,8263,1,0.9942857142857141,,0.0,0.9550819200313848,0.7190746068954468,0.035326361656188965,35
2,GCN,1:1,none,42,GNNShap,9069,3,0.9783458646616541,,0.0,0.9724449835609773,0.039291977882385254,0.8799413442611694,26
2,GCN,1:1,none,43,GNNExplainer,9443,4,0.9942857142857141,0.5526315789473685,1.0,,0.9519691467285156,-0.0036228299140930176,34
2,GCN,1:1,none,43,GNNExplainer,8819,2,0.9795488721804511,0.375,1.0,,0.056642889976501465,-0.006708979606628418,24
2,GCN,1:1,none,43,GNNExplainer,8394,2,0.9790977443609021,0.375,1.0,,0.4871354401111603,-0.06367909908294678,24
2,GCN,1:1,none,43,GNNExplainer,8389,2,0.7160902255639097,0.0,1.0,,0.64561927318573,-0.35436779260635376,20
2,GCN,1:1,none,43,GNNExplainer,9363,4,0.9792481203007519,0.75,0.0,,-2.574920654296875e-05,-2.574920654296875e-05,76
2,GCN,1:1,none,43,GNNExplainer,8047,1,0.9894736842105262,0.64,0.0,,0.9225329756736755,-0.0035927891731262207,30
2,GCN,1:1,none,43,GNNExplainer,8169,1,0.9666165413533834,0.5,0.0,,0.5378355383872986,-0.00503164529800415,30
2,GCN,1:1,none,43,GNNExplainer,9465,4,0.9709774436090226,0.5357142857142857,1.0,,0.00017708539962768555,-9.894371032714844e-06,28
2,GCN,1:1,none,43,GNNExplainer,9487,4,0.9933834586466166,0.525,1.0,,0.20818501710891724,-0.01204073429107666,37
2,GCN,1:1,none,43,GNNExplainer,8426,2,0.9627067669172933,0.5,1.0,,0.5753475427627563,-0.13821697235107422,23
2,GCN,1:1,none,43,GNNExplainer,8756,2,0.8858646616541354,0.5,0.0,,0.8076255321502686,-0.19235575199127197,14
2,GCN,1:1,none,43,GNNExplainer,9112,3,0.9881203007518797,0.5227272727272727,1.0,,0.36341917514801025,-0.0023124217987060547,39
2,GCN,1:1,none,43,GNNExplainer,8263,1,0.9978947368421052,0.6346153846153846,0.0,,-0.00737839937210083,0.6224046945571899,35
2,GCN,1:1,none,43,GNNExplainer,9143,3,0.9869172932330826,0.5208333333333334,0.0,,0.061479270458221436,-0.000258028507232666,40
2,GCN,1:1,none,43,GNNExplainer,9367,4,0.9869172932330825,0.53125,0.0,,-0.0003122091293334961,0.05008882284164429,32
2,GCN,1:1,none,43,GNNExplainer,8180,1,0.9893233082706765,0.58,1.0,,0.0012753605842590332,-2.6226043701171875e-06,36
2,GCN,1:1,none,43,GNNExplainer,8178,1,0.9942857142857141,0.64,1.0,,0.005213379859924316,-0.008386850357055664,32
2,GCN,1:1,none,43,GNNExplainer,9244,4,0.9763909774436087,0.5,1.0,,-0.00032269954681396484,0.4174312949180603,28
2,GCN,1:1,none,43,GNNExplainer,9198,4,0.9789473684210526,0.6136363636363636,1.0,,-1.0728836059570312e-05,-1.3947486877441406e-05,36
2,GCN,1:1,none,43,GNNExplainer,8656,2,0.9688721804511278,0.375,1.0,,0.10922867059707642,0.514351487159729,22
2,GCN,1:1,none,43,GNNExplainer,8723,2,0.9763909774436088,0.5,1.0,,0.5357809066772461,-0.43898439407348633,26
2,GCN,1:1,none,43,GNNExplainer,8885,3,0.986315789473684,0.5357142857142857,0.0,,0.9747604131698608,-0.0028454065322875977,29
2,GCN,1:1,none,43,GNNExplainer,8800,2,0.9375939849624061,0.3333333333333333,1.0,,0.9018914699554443,-0.09153902530670166,17
2,GCN,1:1,none,43,GNNExplainer,8436,2,0.9661654135338343,0.3333333333333333,1.0,,0.919215202331543,-0.0007416605949401855,20
2,GCN,1:1,none,43,GNNExplainer,8561,2,0.9666165413533833,0.125,1.0,,0.8963283896446228,-0.013936042785644531,25
2,GCN,1:1,none,43,GNNExplainer,8031,1,0.9929323308270674,0.9,0.0,,0.010012209415435791,-5.269050598144531e-05,85
2,GCN,1:1,none,43,GNNExplainer,9248,4,0.9742857142857144,0.5,1.0,,0.06366139650344849,-0.022725701332092285,29
2,GCN,1:1,none,43,GNNExplainer,9330,4,0.9912781954887218,0.5869565217391305,1.0,,-7.092952728271484e-05,0.7954999804496765,37
2,GCN,1:1,none,43,GNNExplainer,8903,3,0.9824060150375938,0.5333333333333333,1.0,,3.349781036376953e-05,-1.52587890625e-05,28
2,GCN,1:1,none,43,GNNExplainer,8982,3,0.9926315789473683,0.5333333333333333,0.0,,0.9739806652069092,-0.0002918839454650879,27
2,GCN,1:1,none,43,PGExplainer,9443,4,,0.9210526315789473,,,-0.002114593982696533,-0.0036228299140930176,34
2,GCN,1:1,none,43,PGExplainer,8819,2,,0.25,,,0.5345392227172852,-0.00670933723449707,24
2,GCN,1:1,none,43,PGExplainer,8394,2,,0.625,,,0.2879590392112732,-0.08095473051071167,24
2,GCN,1:1,none,43,PGExplainer,8389,2,,0.5,,,-0.15873777866363525,0.645587682723999,20
2,GCN,1:1,none,43,PGExplainer,9363,4,,0.71875,,,0.6698468923568726,-2.574920654296875e-05,76
2,GCN,1:1,none,43,PGExplainer,8047,1,,0.92,,,0.030593395233154297,0.017692923545837402,30
2,GCN,1:1,none,43,PGExplainer,8169,1,,0.8888888888888888,,,-0.000881493091583252,-0.00503164529800415,30
2,GCN,1:1,none,43,PGExplainer,9465,4,,0.9285714285714286,,,6.42538070678711e-05,-9.894371032714844e-06,28
2,GCN,1:1,none,43,PGExplainer,9487,4,,0.9,,,-0.004857897758483887,-0.01204073429107666,37
2,GCN,1:1,none,43,PGExplainer,8426,2,,0.875,,,0.32022202014923096,-0.13821744918823242,23
2,GCN,1:1,none,43,PGExplainer,8756,2,,0.75,,,0.3193976581096649,-0.19235557317733765,14
2,GCN,1:1,none,43,PGExplainer,9112,3,,0.9545454545454546,,,0.4935305714607239,-0.0023124217987060547,39
2,GCN,1:1,none,43,PGExplainer,8263,1,,0.9423076923076923,,,0.5905758142471313,0.1306646466255188,35
2,GCN,1:1,none,43,PGExplainer,9143,3,,0.9583333333333334,,,0.009687244892120361,-0.000258028507232666,40
2,GCN,1:1,none,43,PGExplainer,9367,4,,0.875,,,-0.0003317594528198242,-0.00037872791290283203,32
2,GCN,1:1,none,43,PGExplainer,8180,1,,0.94,,,0.00037610530853271484,-2.6226043701171875e-06,36
2,GCN,1:1,none,43,PGExplainer,8178,1,,0.94,,,0.12220442295074463,-0.008386850357055664,32
2,GCN,1:1,none,43,PGExplainer,9244,4,,0.8666666666666667,,,-0.00036597251892089844,-0.0003783702850341797,28
2,GCN,1:1,none,43,PGExplainer,9198,4,,0.9318181818181818,,,-9.179115295410156e-06,-1.3947486877441406e-05,36
2,GCN,1:1,none,43,PGExplainer,8656,2,,0.625,,,0.21913385391235352,-0.05834418535232544,22
2,GCN,1:1,none,43,PGExplainer,8723,2,,0.5,,,0.20211628079414368,-0.3919371962547302,26
2,GCN,1:1,none,43,PGExplainer,8885,3,,0.9285714285714286,,,0.4076416492462158,-0.0028454065322875977,29
2,GCN,1:1,none,43,PGExplainer,8800,2,,0.0,,,0.5528362393379211,-0.0915381908416748,17
2,GCN,1:1,none,43,PGExplainer,8436,2,,0.3333333333333333,,,0.05358964204788208,-0.0007416605949401855,20
2,GCN,1:1,none,43,PGExplainer,8561,2,,0.25,,,0.5955315828323364,-0.013936042785644531,25
2,GCN,1:1,none,43,PGExplainer,8031,1,,0.8399999999999999,,,0.0009645819664001465,-5.269050598144531e-05,85
2,GCN,1:1,none,43,PGExplainer,9248,4,,0.8666666666666667,,,-0.013358592987060547,-0.022725582122802734,29
2,GCN,1:1,none,43,PGExplainer,9330,4,,0.9347826086956522,,,0.00016289949417114258,-0.00011157989501953125,37
2,GCN,1:1,none,43,PGExplainer,8903,3,,0.9333333333333333,,,0.00023001432418823242,-3.0040740966796875e-05,28
2,GCN,1:1,none,43,PGExplainer,8982,3,,0.9666666666666667,,,0.00038760900497436523,-0.0002918839454650879,27
2,GCN,1:1,none,43,GNNShap,9443,4,0.9885714285714284,,0.0,0.9485248795038392,0.7508254051208496,0.16527283191680908,34
2,GCN,1:1,none,43,GNNShap,8819,2,0.9981954887218045,,1.0,0.9396579785289074,0.9405944347381592,9.322166442871094e-05,24
2,GCN,1:1,none,43,GNNShap,8394,2,0.9899248120300751,,1.0,0.9600131842912341,0.8234730958938599,-0.046977102756500244,24
2,GCN,1:1,none,43,GNNShap,8389,2,0.985563909774436,,1.0,0.9756980849224215,-0.32742857933044434,0.40969523787498474,20
2,GCN,1:1,none,43,GNNShap,9363,4,0.9784962406015036,,0.0,0.9971501483156449,0.9296130537986755,0.00015598535537719727,76
2,GCN,1:1,none,43,GNNShap,8047,1,0.9897744360902253,,0.0,0.9569026952115742,0.6933841109275818,0.1156039834022522,30
2,GCN,1:1,none,43,GNNShap,8169,1,0.9924812030075186,,0.0,0.9280008359983618,0.6924115419387817,0.12700599431991577,30
2,GCN,1:1,none,43,GNNShap,9465,4,0.9936842105263157,,0.0,0.9560901522729136,0.70871901512146,0.0005272030830383301,28
2,GCN,1:1,none,43,GNNShap,9487,4,0.9930827067669172,,0.0,0.9692008014301183,0.7839879989624023,0.2299315333366394,37
2,GCN,1:1,none,43,GNNShap,8426,2,0.9912781954887218,,0.0,0.9841529228136588,0.8300658464431763,0.0035059452056884766,23
2,GCN,1:1,none,43,GNNShap,8756,2,0.9809022556390976,,1.0,0.9845162732712446,0.7623460292816162,0.6256039142608643,14
2,GCN,1:1,none,43,GNNShap,9112,3,0.9890225563909774,,0.0,0.9756580607701235,0.003063797950744629,0.9806365966796875,39
2,GCN,1:1,none,43,GNNShap,8263,1,0.9951879699248121,,0.0,0.9252417214976862,0.8071328997612,0.11212396621704102,35
2,GCN,1:1,none,43,GNNShap,9143,3,0.9906766917293233,,0.0,0.9563565001943601,0.9191890954971313,0.000837862491607666,40
2,GCN,1:1,none,43,GNNShap,9367,4,0.9876691729323307,,0.0,0.894443645414491,0.00029277801513671875,0.4801807403564453,32
2,GCN,1:1,none,43,GNNShap,8180,1,0.9891729323308269,,0.0,0.9397202369290694,0.0025649666786193848,0.007959604263305664,36
2,GCN,1:1,none,43,GNNShap,8178,1,0.988721804511278,,0.0,0.9610988435719034,0.9186474680900574,0.0008927583694458008,32
2,GCN,1:1,none,43,GNNShap,9244,4,0.9957894736842103,,1.0,0.9508585608759909,0.8316394090652466,0.013658344745635986,28
2,GCN,1:1,none,43,GNNShap,9198,4,0.9723308270676689,,0.0,0.8946118844367159,0.00010538101196289062,0.6941449642181396,36
2,GCN,1:1,none,43,GNNShap,8656,2,0.986766917293233,,0.0,0.9698641278257292,0.9077012538909912,0.2822185158729553,22
2,GCN,1:1,none,43,GNNShap,8723,2,0.997593984962406,,0.0,0.9394374249023112,0.3907929062843323,0.2545631229877472,26
2,GCN,1:1,none,43,GNNShap,8885,3,0.9875187969924811,,0.0,0.9706176438096061,0.01175999641418457,0.8500111699104309,29
2,GCN,1:1,none,43,GNNShap,8800,2,0.9920300751879697,,0.0,0.9685906523026461,0.8869404196739197,-0.04174089431762695,17
2,GCN,1:1,none,43,GNNShap,8436,2,0.9840601503759399,,0.0,0.9291159553086039,0.07011735439300537,0.347326397895813,20
2,GCN,1:1,none,43,GNNShap,8561,2,0.9957894736842106,,1.0,0.9430162222173675,0.7231380939483643,0.14790886640548706,25
2,GCN,1:1,none,43,GNNShap,8031,1,0.9243609022556389,,0.0,0.9955271172954493,0.9285233616828918,3.516674041748047e-05,85
2,GCN,1:1,none,43,GNNShap,9248,4,0.9963909774436092,,0.0,0.9400635137393554,-0.021578431129455566,0.9757360219955444,29
2,GCN,1:1,none,43,GNNShap,9330,4,0.9869172932330825,,0.0,0.9026283037000367,0.0004919767379760742,0.790509045124054,37
2,GCN,1:1,none,43,GNNShap,8903,3,0.9834586466165414,,0.0,0.9687398270413331,0.4577072858810425,0.003289937973022461,28
2,GCN,1:1,none,43,GNNShap,8982,3,0.9502255639097745,,0.0,0.9910548983694178,0.7973895072937012,0.006117284297943115,27
2,GCN,1:1,none,44,GNNExplainer,8395,2,0.9809022556390976,0.625,1.0,,0.7272446751594543,-0.2720085382461548,27
2,GCN,1:1,none,44,GNNExplainer,9374,4,0.9930827067669172,0.5,1.0,,0.9062255024909973,-0.0014906525611877441,41
2,GCN,1:1,none,44,GNNExplainer,8178,1,0.988721804511278,0.64,1.0,,0.04763859510421753,-0.011264145374298096,32
2,GCN,1:1,none,44,GNNExplainer,8944,3,0.9860150375939847,0.5238095238095238,0.0,,0.4105570912361145,-0.0003415346145629883,41
2,GCN,1:1,none,44,GNNExplainer,8744,2,0.9584962406015036,0.25,1.0,,0.9087238907814026,-8.463859558105469e-06,14
2,GCN,1:1,none,44,GNNExplainer,8639,2,0.9509774436090224,0.3333333333333333,1.0,,0.9129400849342346,-0.0815807580947876,21
2,GCN,1:1,none,44,GNNExplainer,9206,4,0.9918796992481204,0.5681818181818182,1.0,,0.97806715965271,-0.0010125041007995605,39
2,GCN,1:1,none,44,GNNExplainer,8608,2,0.9616541353383459,0.5,0.0,,0.5127258896827698,-0.4832698702812195,20
2,GCN,1:1,none,44,GNNExplainer,8047,1,0.9849624060150374,0.64,1.0,,0.9378630518913269,-0.005794942378997803,30
2,GCN,1:1,none,44,GNNExplainer,8426,2,0.9769924812030075,0.625,1.0,,0.8207370042800903,-0.17855757474899292,23
2,GCN,1:1,none,44,GNNExplainer,8799,2,0.9682706766917294,0.0,1.0,,0.42173001170158386,-0.08336549997329712,21
2,GCN,1:1,none,44,GNNExplainer,9473,4,0.9848120300751878,0.5357142857142857,1.0,,-3.731250762939453e-05,0.07560664415359497,33
2,GCN,1:1,none,44,GNNExplainer,8126,1,0.9873684210526313,0.5625,0.0,,0.2975398302078247,-0.00023311376571655273,31
2,GCN,1:1,none,44,GNNExplainer,9489,4,0.9921804511278195,0.525,1.0,,-0.003638744354248047,-0.007615208625793457,38
2,GCN,1:1,none,44,GNNExplainer,9182,3,0.9783458646616541,0.5227272727272727,1.0,,0.0018410086631774902,-5.7220458984375e-06,42
2,GCN,1:1,none,44,GNNExplainer,8365,2,0.990676691729323,0.16666666666666666,0.0,,0.5865267515182495,-0.018346190452575684,24
2,GCN,1:1,none,44,GNNExplainer,8180,1,0.9780451127819548,0.58,1.0,,0.004075884819030762,-3.6954879760742188e-06,36
2,GCN,1:1,none,44,GNNExplainer,8031,1,0.9815037593984963,0.88,0.0,,0.25052881240844727,-0.00011849403381347656,85
2,GCN,1:1,none,44,GNNExplainer,9241,4,0.9860150375939849,0.5333333333333333,1.0,,-0.004040420055389404,0.034618258476257324,33
2,GCN,1:1,none,44,GNNExplainer,9322,4,0.9897744360902253,0.6304347826086957,0.0,,0.5722320079803467,-0.12470871210098267,35
2,GCN,1:1,none,44,GNNExplainer,8635,2,0.9633082706766916,0.25,1.0,,0.7855086326599121,-0.005619943141937256,26
2,GCN,1:1,none,44,GNNExplainer,9300,4,0.994736842105263,0.5294117647058824,0.0,,-0.065235435962677,-0.1001012921333313,32
2,GCN,1:1,none,44,GNNExplainer,9487,4,0.9912781954887218,0.525,1.0,,0.6734774708747864,-0.015869617462158203,37
2,GCN,1:1,none,44,GNNExplainer,8502,2,0.9624060150375939,0.375,1.0,,0.2858824133872986,-0.00693744421005249,20
2,GCN,1:1,none,44,GNNExplainer,8352,1,0.9869172932330826,0.6153846153846154,1.0,,0.37501561641693115,-1.3113021850585938e-06,34
2,GCN,1:1,none,44,GNNExplainer,9459,4,0.9954887218045112,0.53125,0.0,,0.6134496927261353,-0.08456927537918091,31
2,GCN,1:1,none,44,GNNExplainer,9472,4,0.9927819548872181,0.5357142857142857,1.0,,0.9939889907836914,-0.0005344748497009277,26
2,GCN,1:1,none,44,GNNExplainer,8553,2,0.9803007518796992,0.5,1.0,,0.682506799697876,-0.28536003828048706,21
2,GCN,1:1,none,44,GNNExplainer,8263,1,0.9918796992481201,0.6346153846153846,0.0,,0.0051822662353515625,0.5514297485351562,35
2,GCN,1:1,none,44,GNNExplainer,9087,3,0.9846616541353382,0.5333333333333333,0.0,,0.9905089735984802,-0.0023910999298095703,39
2,GCN,1:1,none,44,PGExplainer,8395,2,,0.25,,,0.5967345237731934,-0.2720085382461548,27
2,GCN,1:1,none,44,PGExplainer,9374,4,,0.90625,,,-0.0006816387176513672,-0.0014898180961608887,41
2,GCN,1:1,none,44,PGExplainer,8178,1,,0.94,,,0.04131615161895752,-0.011264145374298096,32
2,GCN,1:1,none,44,PGExplainer,8944,3,,0.9523809523809523,,,0.03155410289764404,-0.0003415346145629883,41
2,GCN,1:1,none,44,PGExplainer,8744,2,,0.0,,,0.03587847948074341,-9.5367431640625e-06,14
2,GCN,1:1,none,44,PGExplainer,8639,2,,0.6666666666666666,,,0.09476101398468018,-0.08157610893249512,21
2,GCN,1:1,none,44,PGExplainer,9206,4,,0.9318181818181818,,,0.003167569637298584,-0.0007647275924682617,39
2,GCN,1:1,none,44,PGExplainer,8608,2,,0.5,,,0.36286473274230957,-0.48270487785339355,20
2,GCN,1:1,none,44,PGExplainer,8047,1,,0.96,,,0.00785154104232788,0.14522254467010498,30
2,GCN,1:1,none,44,PGExplainer,8426,2,,0.75,,,0.3176121115684509,-0.17855781316757202,23
2,GCN,1:1,none,44,PGExplainer,8799,2,,0.75,,,0.04442626237869263,-0.08342021703720093,21
2,GCN,1:1,none,44,PGExplainer,9473,4,,0.9285714285714286,,,0.001027226448059082,-6.139278411865234e-05,33
2,GCN,1:1,none,44,PGExplainer,8126,1,,0.9375,,,0.029295742511749268,-0.00023311376571655273,31
2,GCN,1:1,none,44,PGExplainer,9489,4,,0.925,,,0.011789858341217041,-0.007615208625793457,38
2,GCN,1:1,none,44,PGExplainer,9182,3,,0.9545454545454546,,,0.00015211105346679688,-5.7220458984375e-06,42
2,GCN,1:1,none,44,PGExplainer,8365,2,,0.6666666666666666,,,0.2728404998779297,-0.018338561058044434,24
2,GCN,1:1,none,44,PGExplainer,8180,1,,0.94,,,0.0001442432403564453,-3.6954879760742188e-06,36
2,GCN,1:1,none,44,PGExplainer,8031,1,,0.76,,,0.0009214878082275391,-0.00011849403381347656,85
2,GCN,1:1,none,44,PGExplainer,9241,4,,0.9,,,0.010805606842041016,0.46337801218032837,33
2,GCN,1:1,none,44,PGExplainer,9322,4,,0.9130434782608695,,,0.24088674783706665,-0.12470859289169312,35
2,GCN,1:1,none,44,PGExplainer,8635,2,,0.0,,,0.2451971173286438,-0.005345463752746582,26
2,GCN,1:1,none,44,PGExplainer,9300,4,,0.9411764705882353,,,0.2201419472694397,-0.10010117292404175,32
2,GCN,1:1,none,44,PGExplainer,9487,4,,0.925,,,0.05512678623199463,-0.015869617462158203,37
2,GCN,1:1,none,44,PGExplainer,8502,2,,0.875,,,0.027616500854492188,-0.00693744421005249,20
2,GCN,1:1,none,44,PGExplainer,8352,1,,0.9615384615384616,,,1.9550323486328125e-05,-1.3113021850585938e-06,34
2,GCN,1:1,none,44,PGExplainer,9459,4,,0.9375,,,0.17518407106399536,-0.08456921577453613,31
2,GCN,1:1,none,44,PGExplainer,9472,4,,0.9285714285714286,,,0.003615081310272217,-0.0005339980125427246,26
2,GCN,1:1,none,44,PGExplainer,8553,2,,0.375,,,0.2811259329319,-0.27933675050735474,21
2,GCN,1:1,none,44,PGExplainer,8263,1,,0.9615384615384616,,,0.43575528264045715,0.24244314432144165,35
2,GCN,1:1,none,44,PGExplainer,9087,3,,0.9,,,0.4149778485298157,-0.0023910999298095703,39
2,GCN,1:1,none,44,GNNShap,8395,2,0.9932330827067668,,0.0,0.9377612894917735,0.6872200965881348,0.013716042041778564,27
2,GCN,1:1,none,44,GNNShap,9374,4,0.9873684210526316,,1.0,0.9111712680736128,0.02521747350692749,0.8339557647705078,41
2,GCN,1:1,none,44,GNNShap,8178,1,0.9860150375939851,,0.0,0.9579469349721019,0.9505660533905029,-0.00017637014389038086,32
2,GCN,1:1,none,44,GNNShap,8944,3,0.994736842105263,,0.0,0.9616375009418785,0.009067714214324951,0.6331754922866821,41
2,GCN,1:1,none,44,GNNShap,8744,2,0.9757894736842105,,1.0,0.9740706702569355,3.5762786865234375e-05,0.18267816305160522,14
2,GCN,1:1,none,44,GNNShap,8639,2,0.9893233082706766,,0.0,0.9465265574337858,0.8491828441619873,0.0905294418334961,21
2,GCN,1:1,none,44,GNNShap,9206,4,0.9812030075187967,,0.0,0.9092938510858284,0.8149890899658203,0.001881718635559082,39
2,GCN,1:1,none,44,GNNShap,8608,2,0.9917293233082706,,1.0,0.9384757464896782,-0.4606563448905945,0.5060469508171082,20
2,GCN,1:1,none,44,GNNShap,8047,1,0.980751879699248,,0.0,0.9632921639611182,0.8334250450134277,0.15280801057815552,30
2,GCN,1:1,none,44,GNNShap,8426,2,0.9984962406015038,,0.0,0.9767340956568867,0.7952970862388611,-0.010220229625701904,23
2,GCN,1:1,none,44,GNNShap,8799,2,0.9951879699248118,,0.0,0.9596388122058661,0.8867982625961304,0.03752964735031128,21
2,GCN,1:1,none,44,GNNShap,9473,4,0.9926315789473683,,1.0,0.9505829624371527,0.035520851612091064,0.09662890434265137,33
2,GCN,1:1,none,44,GNNShap,8126,1,0.9869172932330826,,0.0,0.9399222001451901,0.49287348985671997,0.25640732049942017,31
2,GCN,1:1,none,44,GNNShap,9489,4,0.9894736842105264,,0.0,0.9485305805021517,0.31172841787338257,0.5567166805267334,38
2,GCN,1:1,none,44,GNNShap,9182,3,0.9721804511278196,,0.0,0.914728110794832,0.018724679946899414,0.07125800848007202,42
2,GCN,1:1,none,44,GNNShap,8365,2,0.984812030075188,,0.0,0.9628764149862541,0.9269623756408691,0.10457038879394531,24
2,GCN,1:1,none,44,GNNShap,8180,1,0.9873684210526316,,0.0,0.9271057163068417,0.010725736618041992,0.009224772453308105,36
2,GCN,1:1,none,44,GNNShap,8031,1,0.9699248120300752,,0.0,0.994276580506741,0.9847966432571411,0.00017315149307250977,85
2,GCN,1:1,none,44,GNNShap,9241,4,0.9942857142857141,,0.0,0.9584408432704612,0.7661930322647095,0.05141925811767578,33
2,GCN,1:1,none,44,GNNShap,9322,4,0.9975939849624058,,0.0,0.9675014572702118,0.8316524028778076,0.23152148723602295,35
2,GCN,1:1,none,44,GNNShap,8635,2,0.9927819548872181,,0.0,0.9395788760050603,0.9388061761856079,-0.0029560327529907227,26
2,GCN,1:1,none,44,GNNShap,9300,4,0.9969924812030074,,0.0,0.958818242442538,0.6992478370666504,0.2525813579559326,32
2,GCN,1:1,none,44,GNNShap,9487,4,0.9884210526315789,,0.0,0.975277461648076,0.813494861125946,0.25004124641418457,37
2,GCN,1:1,none,44,GNNShap,8502,2,0.9944360902255639,,1.0,0.9690115882679675,0.9431819319725037,0.0005292296409606934,20
2,GCN,1:1,none,44,GNNShap,8352,1,0.9869172932330826,,0.0,0.9679384175387226,0.924736738204956,1.2636184692382812e-05,34
2,GCN,1:1,none,44,GNNShap,9459,4,0.9933834586466166,,0.0,0.9221482764598166,0.7994045615196228,0.21738028526306152,31
2,GCN,1:1,none,44,GNNShap,9472,4,0.9872180451127818,,0.0,0.9462882993136464,0.004448056221008301,0.4485851526260376,26
2,GCN,1:1,none,44,GNNShap,8553,2,0.993984962406015,,0.0,0.9511027699291636,0.6960307955741882,-0.15554141998291016,21
2,GCN,1:1,none,44,GNNShap,8263,1,0.9975939849624058,,0.0,0.9372645739615123,0.8622833490371704,0.09581291675567627,35
2,GCN,1:1,none,44,GNNShap,9087,3,0.9965413533834585,,0.0,0.9608542833575825,0.8847960233688354,0.010067284107208252,39
2,GCN,natural,none,42,GNNExplainer,8704,2,0.7750375939849623,0.0,0.0,,0.5609027147293091,-0.25275200605392456,21
2,GCN,natural,none,42,GNNExplainer,8089,1,0.9796992481203006,0.5333333333333333,1.0,,0.5564861297607422,-0.10969942808151245,28
2,GCN,natural,none,42,GNNExplainer,8943,3,0.9875187969924811,0.5476190476190477,0.0,,0.7247805595397949,-0.03492826223373413,36
2,GCN,natural,none,42,GNNExplainer,9398,4,0.9852631578947367,0.5384615384615384,0.0,,0.16945958137512207,-0.04214555025100708,31
2,GCN,natural,none,42,GNNExplainer,8621,2,0.9228571428571426,0.5,1.0,,0.694139301776886,-0.305738627910614,20
2,GCN,natural,none,42,GNNExplainer,9325,4,0.9876691729323307,0.6086956521739131,1.0,,0.4550856649875641,-0.4039386510848999,37
2,GCN,natural,none,42,GNNExplainer,8502,2,0.9723308270676692,0.375,1.0,,0.8985640406608582,-0.10031086206436157,20
2,GCN,natural,none,42,GNNExplainer,8477,2,0.9473684210526315,0.25,1.0,,0.255649209022522,-0.00553208589553833,17
2,GCN,natural,none,42,GNNExplainer,9027,3,0.9852631578947367,0.5333333333333333,0.0,,0.7948108911514282,-0.008566677570343018,29
2,GCN,natural,none,42,GNNExplainer,9363,4,0.9857142857142855,0.8125,0.0,,-0.007260382175445557,-0.01264655590057373,76
2,GCN,natural,none,42,GNNExplainer,9374,4,0.9884210526315789,0.5,1.0,,0.8856216669082642,-0.025108039379119873,41
2,GCN,natural,none,42,GNNExplainer,9182,3,0.994736842105263,0.5227272727272727,1.0,,0.050856053829193115,-0.004256069660186768,42
2,GCN,natural,none,42,GNNExplainer,8460,2,0.9702255639097744,0.375,1.0,,0.7845056653022766,-0.21530985832214355,22
2,GCN,natural,none,42,GNNExplainer,8169,1,0.9876691729323307,0.5555555555555556,0.0,,0.5952249765396118,-0.169549822807312,30
2,GCN,natural,none,42,GNNExplainer,8760,2,0.9230075187969924,0.5,1.0,,0.7318129539489746,-0.26567089557647705,21
2,GCN,natural,none,42,GNNExplainer,8744,2,0.965563909774436,0.25,1.0,,0.9735216498374939,-0.010166525840759277,14
2,GCN,natural,none,42,GNNExplainer,8319,1,0.9169924812030075,0.21428571428571427,0.0,,0.5255163908004761,-0.4735405445098877,35
2,GCN,natural,none,42,GNNExplainer,8394,2,0.9726315789473684,0.375,1.0,,0.7342193126678467,-0.2653677463531494,24
2,GCN,natural,none,42,GNNExplainer,8815,2,0.9518796992481203,0.5,1.0,,0.7539260387420654,-0.24566638469696045,24
2,GCN,natural,none,42,GNNExplainer,9304,4,0.9890225563909774,0.5294117647058824,0.0,,0.03240549564361572,-0.3912120461463928,34
2,GCN,natural,none,42,GNNExplainer,8091,1,0.9816541353383459,0.5333333333333333,1.0,,0.26504582166671753,-0.11977803707122803,28
2,GCN,natural,none,42,GNNExplainer,9042,3,0.9911278195488722,0.5416666666666666,0.0,,0.6637972593307495,-0.033230602741241455,23
2,GCN,natural,none,42,GNNExplainer,8854,3,0.990676691729323,0.5333333333333333,0.0,,0.7779521346092224,-0.04059559106826782,28
2,GCN,natural,none,42,GNNExplainer,9358,4,0.9833082706766918,0.5277777777777778,1.0,,0.13069570064544678,-0.004611790180206299,38
2,GCN,natural,none,42,GNNExplainer,8468,2,0.955639097744361,0.5,1.0,,0.7455779314041138,-0.20676249265670776,19
2,GCN,natural,none,42,GNNExplainer,9487,4,0.9950375939849623,0.525,1.0,,0.35936111211776733,-0.10149824619293213,37
2,GCN,natural,none,42,GNNExplainer,9170,3,0.980300751879699,0.5227272727272727,1.0,,0.06478482484817505,-0.00823068618774414,36
2,GCN,natural,none,42,GNNExplainer,8059,1,0.9902255639097742,0.625,0.0,,0.9011662602424622,-0.005865514278411865,32
2,GCN,natural,none,42,GNNExplainer,8107,1,0.9849624060150376,0.5789473684210527,0.0,,0.07843691110610962,-0.17293334007263184,30
2,GCN,natural,none,42,GNNExplainer,9084,3,0.988721804511278,0.5333333333333333,0.0,,0.9177070260047913,-0.0763707160949707,35
2,GCN,natural,none,42,PGExplainer,8704,2,,0.16666666666666666,,,-0.227985680103302,0.47115543484687805,21
2,GCN,natural,none,42,PGExplainer,8089,1,,0.9,,,0.0639723539352417,-0.1096993088722229,28
2,GCN,natural,none,42,PGExplainer,8943,3,,0.9285714285714286,,,0.6604708433151245,-0.03336787223815918,36
2,GCN,natural,none,42,PGExplainer,9398,4,,0.8846153846153846,,,-0.04659765958786011,-0.04214555025100708,31
2,GCN,natural,none,42,PGExplainer,8621,2,,0.875,,,0.3146630823612213,-0.3056468963623047,20
2,GCN,natural,none,42,PGExplainer,9325,4,,0.9347826086956522,,,0.04722285270690918,-0.4039384722709656,37
2,GCN,natural,none,42,PGExplainer,8502,2,,0.75,,,0.2909720540046692,-0.1002916693687439,20
2,GCN,natural,none,42,PGExplainer,8477,2,,0.0,,,0.07198512554168701,-0.005432426929473877,17
2,GCN,natural,none,42,PGExplainer,9027,3,,1.0,,,-0.006649911403656006,-0.008570611476898193,29
2,GCN,natural,none,42,PGExplainer,9363,4,,0.59375,,,-0.01264655590057373,-0.01264655590057373,76
2,GCN,natural,none,42,PGExplainer,9374,4,,0.90625,,,-0.025108158588409424,-0.025003015995025635,41
2,GCN,natural,none,42,PGExplainer,9182,3,,0.9318181818181818,,,0.23247045278549194,-0.004256069660186768,42
2,GCN,natural,none,42,PGExplainer,8460,2,,0.375,,,-0.20159262418746948,-0.215309739112854,22
2,GCN,natural,none,42,PGExplainer,8169,1,,0.8333333333333334,,,-0.16961872577667236,-0.169549822807312,30
2,GCN,natural,none,42,PGExplainer,8760,2,,0.75,,,0.4651593863964081,-0.2653338313102722,21
2,GCN,natural,none,42,PGExplainer,8744,2,,0.25,,,0.31770360469818115,-0.010166525840759277,14
2,GCN,natural,none,42,PGExplainer,8319,1,,0.8928571428571429,,,0.5256366729736328,0.5255163311958313,35
2,GCN,natural,none,42,PGExplainer,8394,2,,0.625,,,0.36623138189315796,-0.262076735496521,24
2,GCN,natural,none,42,PGExplainer,8815,2,,0.625,,,-0.22732657194137573,-0.2456662654876709,24
2,GCN,natural,none,42,PGExplainer,9304,4,,0.9117647058823528,,,-0.11792320013046265,-0.39121192693710327,34
2,GCN,natural,none,42,PGExplainer,8091,1,,0.9,,,0.20357877016067505,-0.11977797746658325,28
2,GCN,natural,none,42,PGExplainer,9042,3,,0.9166666666666666,,,-0.02882152795791626,-0.033230602741241455,23
2,GCN,natural,none,42,PGExplainer,8854,3,,0.9,,,0.500092625617981,-0.04059559106826782,28
2,GCN,natural,none,42,PGExplainer,9358,4,,0.9166666666666666,,,-0.003165602684020996,-0.004611790180206299,38
2,GCN,natural,none,42,PGExplainer,8468,2,,0.5,,,0.22120875120162964,-0.18981075286865234,19
2,GCN,natural,none,42,PGExplainer,9487,4,,0.925,,,-0.007728755474090576,-0.10149812698364258,37
2,GCN,natural,none,42,PGExplainer,9170,3,,0.9318181818181818,,,0.2635590434074402,-0.00823068618774414,36
2,GCN,natural,none,42,PGExplainer,8059,1,,0.9375,,,0.3068109154701233,-0.0058653950691223145,32
2,GCN,natural,none,42,PGExplainer,8107,1,,0.8947368421052632,,,0.1463756561279297,-0.17293322086334229,30
2,GCN,natural,none,42,PGExplainer,9084,3,,0.9333333333333333,,,-0.04303109645843506,-0.07637053728103638,35
2,GCN,natural,none,42,GNNShap,8704,2,0.9909774436090226,,1.0,0.9716076563586057,0.4901008605957031,-0.4188200831413269,21
2,GCN,natural,none,42,GNNShap,8089,1,0.9936842105263157,,0.0,0.9702110799462886,0.16202163696289062,0.8635743260383606,28
2,GCN,natural,none,42,GNNShap,8943,3,0.9774436090225563,,0.0,0.9748514960574349,0.9312428832054138,0.09894591569900513,36
2,GCN,natural,none,42,GNNShap,9398,4,0.9917293233082705,,0.0,0.9577142136707838,0.06140238046646118,0.9083476066589355,31
2,GCN,natural,none,42,GNNShap,8621,2,0.9927819548872179,,1.0,0.9541027928275984,0.6548146605491638,-0.009813487529754639,20
2,GCN,natural,none,42,GNNShap,9325,4,0.9912781954887218,,0.0,0.9749626452561857,0.3343528211116791,0.38457852602005005,37
2,GCN,natural,none,42,GNNShap,8502,2,0.9971428571428571,,1.0,0.9768687181838139,0.8706878423690796,0.028530001640319824,20
2,GCN,natural,none,42,GNNShap,8477,2,0.9927819548872179,,0.0,0.9734715281143675,0.9345486760139465,0.018690168857574463,17
2,GCN,natural,none,42,GNNShap,9027,3,0.9897744360902255,,0.0,0.9860049449827046,0.9405069947242737,0.007065296173095703,29
2,GCN,natural,none,42,GNNShap,9363,4,0.97593984962406,,0.0,0.9954261225030161,0.9791184663772583,0.03780674934387207,76
2,GCN,natural,none,42,GNNShap,9374,4,0.9953383458646616,,1.0,0.9513161509382316,0.1021302342414856,0.9565607309341431,41
2,GCN,natural,none,42,GNNShap,9182,3,0.9909774436090224,,0.0,0.9620824806622815,0.9177098274230957,0.04306232929229736,42
2,GCN,natural,none,42,GNNShap,8460,2,0.9882706766917293,,0.0,0.983909495462415,0.7574440836906433,0.2073114514350891,22
2,GCN,natural,none,42,GNNShap,8169,1,0.9963909774436089,,0.0,0.9545130670440148,0.6819595098495483,0.4578581154346466,30
2,GCN,natural,none,42,GNNShap,8760,2,0.9864661654135336,,1.0,0.9831413635860835,-0.1922539472579956,0.7340359687805176,21
2,GCN,natural,none,42,GNNShap,8744,2,0.9984962406015038,,1.0,0.9561478306601143,0.0005314946174621582,0.8089712858200073,14
2,GCN,natural,none,42,GNNShap,8319,1,0.9981954887218045,,0.0,0.9734656160035267,-0.40632760524749756,-0.012682676315307617,35
2,GCN,natural,none,42,GNNShap,8394,2,0.9839097744360903,,1.0,0.9721810258026611,0.6959828734397888,-0.012626945972442627,24
2,GCN,natural,none,42,GNNShap,8815,2,0.9956390977443608,,0.0,0.9619882653109555,0.6914448142051697,0.10769951343536377,24
2,GCN,natural,none,42,GNNShap,9304,4,0.9957894736842106,,0.0,0.9681248221612805,-0.23822557926177979,0.6023932695388794,34
2,GCN,natural,none,42,GNNShap,8091,1,0.9882706766917293,,0.0,0.9926202098109549,0.7825608253479004,0.2538982629776001,28
2,GCN,natural,none,42,GNNShap,9042,3,0.9899248120300749,,0.0,0.991150095624094,0.4487694501876831,0.6390295624732971,23
2,GCN,natural,none,42,GNNShap,8854,3,0.9562406015037593,,0.0,0.989341853104307,0.911649227142334,0.17354243993759155,28
2,GCN,natural,none,42,GNNShap,9358,4,0.9912781954887219,,0.0,0.8895172107783683,0.18426859378814697,0.45999711751937866,38
2,GCN,natural,none,42,GNNShap,8468,2,0.9890225563909774,,0.0,0.9758660381367438,0.7705413699150085,0.02679234743118286,19
2,GCN,natural,none,42,GNNShap,9487,4,0.9924812030075187,,0.0,0.9796998629925872,0.7807683944702148,0.4912574291229248,37
2,GCN,natural,none,42,GNNShap,9170,3,0.9852631578947368,,0.0,0.9857492444219016,0.13999491930007935,0.9628736972808838,36
2,GCN,natural,none,42,GNNShap,8059,1,0.9945864661654135,,0.0,0.9729007535486407,0.952114462852478,0.016764163970947266,32
2,GCN,natural,none,42,GNNShap,8107,1,0.9921804511278195,,0.0,0.9562787837027962,0.7744389176368713,0.2259346842765808,30
2,GCN,natural,none,42,GNNShap,9084,3,0.9944360902255639,,0.0,0.9794309582789975,0.9129720330238342,0.14435040950775146,35
2,GCN,natural,none,43,GNNExplainer,8255,1,0.9899248120300751,0.6538461538461539,1.0,,0.716188907623291,-0.03509920835494995,31
2,GCN,natural,none,43,GNNExplainer,9143,3,0.9960902255639097,0.5208333333333334,1.0,,0.25351858139038086,-0.02515619993209839,40
2,GCN,natural,none,43,GNNExplainer,8649,2,0.9768421052631577,0.16666666666666666,1.0,,0.633540689945221,-0.35873085260391235,24
2,GCN,natural,none,43,GNNExplainer,9182,3,0.9953383458646616,0.5227272727272727,1.0,,0.12084376811981201,0.049915611743927,42
2,GCN,natural,none,43,GNNExplainer,8982,3,0.9759398496240601,0.5333333333333333,0.0,,0.8996784687042236,-0.024133265018463135,27
2,GCN,natural,none,43,GNNExplainer,9246,4,0.9816541353383459,0.5333333333333333,1.0,,0.464113712310791,-0.2973111867904663,32
2,GCN,natural,none,43,GNNExplainer,8089,1,0.9839097744360903,0.5333333333333333,1.0,,0.5094010829925537,-0.10380923748016357,28
2,GCN,natural,none,43,GNNExplainer,8104,1,0.9909774436090226,0.5,1.0,,0.47188884019851685,0.0297701358795166,32
2,GCN,natural,none,43,GNNExplainer,8091,1,0.9753383458646615,0.5333333333333333,1.0,,0.5009245872497559,-0.11842817068099976,28
2,GCN,natural,none,43,GNNExplainer,8059,1,0.9938345864661654,0.625,1.0,,0.9684507250785828,-0.007344245910644531,32
2,GCN,natural,none,43,GNNExplainer,8700,2,0.9812030075187967,0.375,1.0,,0.7291631698608398,-0.2644115090370178,23
2,GCN,natural,none,43,GNNExplainer,8979,3,0.9827067669172932,0.5277777777777778,0.0,,0.6346127390861511,-0.08664661645889282,34
2,GCN,natural,none,43,GNNExplainer,8512,2,0.9777443609022555,0.375,0.0,,0.6992361545562744,-0.2995442748069763,24
2,GCN,natural,none,43,GNNExplainer,8502,2,0.9837593984962405,0.5,1.0,,0.6174240112304688,-0.11758345365524292,20
2,GCN,natural,none,43,GNNExplainer,9282,4,0.9897744360902253,0.5357142857142857,1.0,,0.4647942781448364,-0.4209672808647156,33
2,GCN,natural,none,43,GNNExplainer,8169,1,0.9816541353383459,0.5555555555555556,0.0,,0.7167288064956665,-0.21120327711105347,30
2,GCN,natural,none,43,GNNExplainer,9198,4,0.9881203007518795,0.6136363636363636,1.0,,-0.0004917383193969727,-0.0019033551216125488,36
2,GCN,natural,none,43,GNNExplainer,8551,2,0.9751879699248118,0.16666666666666666,1.0,,0.5945231318473816,-0.3869493007659912,25
2,GCN,natural,none,43,GNNExplainer,8966,3,0.9941353383458645,0.5277777777777778,1.0,,0.7156083583831787,-0.0220797061920166,34
2,GCN,natural,none,43,GNNExplainer,8535,2,0.9609022556390977,0.5,1.0,,0.9013584852218628,-0.0917888879776001,22
2,GCN,natural,none,43,GNNExplainer,9325,4,0.9712781954887217,0.6086956521739131,1.0,,0.4042748808860779,-0.36178332567214966,37
2,GCN,natural,none,43,GNNExplainer,9136,3,0.9930827067669172,0.53125,1.0,,0.8662992715835571,-0.015240967273712158,31
2,GCN,natural,none,43,GNNExplainer,9031,3,0.9888721804511279,0.5333333333333333,1.0,,0.8625383973121643,-0.10903555154800415,34
2,GCN,natural,none,43,GNNExplainer,8903,3,0.9840601503759399,0.5333333333333333,1.0,,0.5060769319534302,-0.02880680561065674,28
2,GCN,natural,none,43,GNNExplainer,8526,2,0.9790977443609021,0.0,1.0,,0.7300519347190857,-0.2599130868911743,23
2,GCN,natural,none,43,GNNExplainer,9000,3,0.9781954887218044,0.5454545454545454,0.0,,0.6136415004730225,-0.015658080577850342,28
2,GCN,natural,none,43,GNNExplainer,8131,1,0.9939849624060149,0.5454545454545454,1.0,,0.8345862627029419,-0.07171046733856201,35
2,GCN,natural,none,43,GNNExplainer,9330,4,0.9917293233082706,0.5869565217391305,1.0,,0.9452990889549255,0.9724946022033691,37
2,GCN,natural,none,43,GNNExplainer,8416,2,0.9751879699248122,0.25,1.0,,0.904003918170929,-0.09574371576309204,23
2,GCN,natural,none,43,GNNExplainer,9169,3,0.9873684210526316,0.5227272727272727,1.0,,0.056802988052368164,-0.01147228479385376,37
2,GCN,natural,none,43,PGExplainer,8255,1,,0.9423076923076923,,,0.26461321115493774,-0.03268510103225708,31
2,GCN,natural,none,43,PGExplainer,9143,3,,0.9375,,,0.399614155292511,-0.025156080722808838,40
2,GCN,natural,none,43,PGExplainer,8649,2,,0.3333333333333333,,,0.17932114005088806,-0.358737051486969,24
2,GCN,natural,none,43,PGExplainer,9182,3,,0.9318181818181818,,,0.27061134576797485,-0.006122291088104248,42
2,GCN,natural,none,43,PGExplainer,8982,3,,1.0,,,-0.019751667976379395,-0.024133145809173584,27
2,GCN,natural,none,43,PGExplainer,9246,4,,0.9,,,-0.29546016454696655,-0.297311007976532,32
2,GCN,natural,none,43,PGExplainer,8089,1,,0.9,,,0.020086824893951416,-0.1038091778755188,28
2,GCN,natural,none,43,PGExplainer,8104,1,,0.8947368421052632,,,0.1542251706123352,0.0297701358795166,32
2,GCN,natural,none,43,PGExplainer,8091,1,,0.9,,,0.1300874948501587,-0.11842799186706543,28
2,GCN,natural,none,43,PGExplainer,8059,1,,0.9375,,,0.30293869972229004,-0.0073441267013549805,32
2,GCN,natural,none,43,PGExplainer,8700,2,,0.375,,,0.04087042808532715,-0.26401758193969727,23
2,GCN,natural,none,43,PGExplainer,8979,3,,0.9166666666666666,,,0.8162117600440979,-0.08664655685424805,34
2,GCN,natural,none,43,PGExplainer,8512,2,,0.375,,,0.6392228603363037,-0.29429787397384644,24
2,GCN,natural,none,43,PGExplainer,8502,2,,0.75,,,0.30378812551498413,-0.1175503134727478,20
2,GCN,natural,none,43,PGExplainer,9282,4,,0.8928571428571429,,,-0.42308658361434937,-0.4209672212600708,33
2,GCN,natural,none,43,PGExplainer,8169,1,,0.8333333333333334,,,-0.21125680208206177,-0.21120327711105347,30
2,GCN,natural,none,43,PGExplainer,9198,4,,0.9318181818181818,,,-0.0009338259696960449,-0.0019033551216125488,36
2,GCN,natural,none,43,PGExplainer,8551,2,,0.6666666666666666,,,0.3266279995441437,-0.3828190565109253,25
2,GCN,natural,none,43,PGExplainer,8966,3,,0.9166666666666666,,,0.624946653842926,-0.022081494331359863,34
2,GCN,natural,none,43,PGExplainer,8535,2,,0.5,,,0.051953911781311035,0.2587740421295166,22
2,GCN,natural,none,43,PGExplainer,9325,4,,0.9347826086956522,,,0.019495606422424316,-0.3617832064628601,37
2,GCN,natural,none,43,PGExplainer,9136,3,,0.96875,,,0.01618903875350952,-0.015243113040924072,31
2,GCN,natural,none,43,PGExplainer,9031,3,,0.9333333333333333,,,0.6738249063491821,-0.10904699563980103,34
2,GCN,natural,none,43,PGExplainer,8903,3,,0.9,,,0.7847508192062378,-0.028806686401367188,28
2,GCN,natural,none,43,PGExplainer,8526,2,,0.5,,,0.10439002513885498,-0.2581104636192322,23
2,GCN,natural,none,43,PGExplainer,9000,3,,0.8181818181818182,,,-0.008725643157958984,-0.010164618492126465,28
2,GCN,natural,none,43,PGExplainer,8131,1,,0.9318181818181818,,,0.15375292301177979,-0.07169520854949951,35
2,GCN,natural,none,43,PGExplainer,9330,4,,0.9347826086956522,,,0.00881969928741455,-0.012032091617584229,37
2,GCN,natural,none,43,PGExplainer,8416,2,,0.625,,,0.518214225769043,-0.09523916244506836,23
2,GCN,natural,none,43,PGExplainer,9169,3,,0.9318181818181818,,,0.26976895332336426,-0.01147228479385376,37
2,GCN,natural,none,43,GNNShap,8255,1,0.985563909774436,,0.0,0.9844234089779903,0.9373064041137695,-0.021000981330871582,31
2,GCN,natural,none,43,GNNShap,9143,3,0.9918796992481201,,0.0,0.9736934701331069,0.9056211113929749,0.08116960525512695,40
2,GCN,natural,none,43,GNNShap,8649,2,0.9963909774436089,,0.0,0.9635569865450219,0.6129643321037292,0.03620612621307373,24
2,GCN,natural,none,43,GNNShap,9182,3,0.9909774436090226,,0.0,0.9342503573879133,0.8970363140106201,0.04587197303771973,42
2,GCN,natural,none,43,GNNShap,8982,3,0.994736842105263,,0.0,0.9847300214037762,0.8819055557250977,0.25829851627349854,27
2,GCN,natural,none,43,GNNShap,9246,4,0.9957894736842106,,0.0,0.979335778019865,-0.28111785650253296,0.7010328769683838,32
2,GCN,natural,none,43,GNNShap,8089,1,0.9954887218045114,,0.0,0.9419487665443864,0.17392688989639282,0.8662149310112,28
2,GCN,natural,none,43,GNNShap,8104,1,0.9876691729323307,,0.0,0.9598175024331115,0.6813598275184631,0.40809211134910583,32
2,GCN,natural,none,43,GNNShap,8091,1,0.9963909774436089,,0.0,0.9887189478775975,0.7988119721412659,0.28975802659988403,28
2,GCN,natural,none,43,GNNShap,8059,1,0.9873684210526316,,0.0,0.9636692398885718,0.9556875228881836,0.047476112842559814,32
2,GCN,natural,none,43,GNNShap,8700,2,0.993984962406015,,0.0,0.9738426708668382,0.7034597992897034,0.11813265085220337,23
2,GCN,natural,none,43,GNNShap,8979,3,0.9804511278195488,,0.0,0.9764091602665482,0.8369450569152832,0.20996630191802979,34
2,GCN,natural,none,43,GNNShap,8512,2,0.988721804511278,,1.0,0.9610793855940148,0.6561745405197144,0.1285494565963745,24
2,GCN,natural,none,43,GNNShap,8502,2,0.9930827067669172,,1.0,0.978772666909044,0.8555887341499329,0.03434491157531738,20
2,GCN,natural,none,43,GNNShap,9282,4,0.9978947368421054,,0.0,0.9613188372763746,0.421628475189209,0.4216284155845642,33
2,GCN,natural,none,43,GNNShap,8169,1,0.997593984962406,,0.0,0.9284946137481332,0.749396562576294,0.27705544233322144,30
2,GCN,natural,none,43,GNNShap,9198,4,0.9775939849624059,,0.0,0.9293252126268348,0.024531304836273193,0.7292417287826538,36
2,GCN,natural,none,43,GNNShap,8551,2,0.997593984962406,,0.0,0.9381184301517924,0.5750808715820312,-0.0024129152297973633,25
2,GCN,natural,none,43,GNNShap,8966,3,0.9624060150375937,,0.0,0.9817305521702255,0.9316272735595703,0.066611647605896,34
2,GCN,natural,none,43,GNNShap,8535,2,0.9906766917293233,,1.0,0.9660039093892075,0.4889557957649231,0.7378330826759338,22
2,GCN,natural,none,43,GNNShap,9325,4,0.9968421052631576,,0.0,0.968478678973414,0.39019274711608887,0.43846583366394043,37
2,GCN,natural,none,43,GNNShap,9136,3,0.9858646616541351,,0.0,0.9668375642305866,0.8969535827636719,0.15998005867004395,31
2,GCN,natural,none,43,GNNShap,9031,3,0.9927819548872179,,0.0,0.970163300962588,0.8436276912689209,0.19481170177459717,34
2,GCN,natural,none,43,GNNShap,8903,3,0.9881203007518795,,0.0,0.9766416151053603,0.8416646718978882,0.19208180904388428,28
2,GCN,natural,none,43,GNNShap,8526,2,0.9897744360902255,,1.0,0.967479611467569,0.7092864513397217,0.15638428926467896,23
2,GCN,natural,none,43,GNNShap,9000,3,0.9930827067669172,,0.0,0.9736337714263851,0.9255337715148926,0.09093660116195679,28
2,GCN,natural,none,43,GNNShap,8131,1,0.9957894736842106,,0.0,0.946407469348401,0.8765661120414734,-0.010942697525024414,35
2,GCN,natural,none,43,GNNShap,9330,4,0.9917293233082706,,0.0,0.9345672727343084,0.8819310069084167,0.16506147384643555,37
2,GCN,natural,none,43,GNNShap,8416,2,0.9984962406015038,,0.0,0.9576930452213688,0.8718720078468323,0.11715984344482422,23
2,GCN,natural,none,43,GNNShap,9169,3,0.9801503759398494,,0.0,0.9819186684938493,0.8801301121711731,0.11543047428131104,37
2,GCN,natural,none,44,GNNExplainer,8089,1,0.9798496240601503,0.5333333333333333,1.0,,0.5062004327774048,-0.08791667222976685,28
2,GCN,natural,none,44,GNNExplainer,8059,1,0.9867669172932331,0.625,0.0,,0.9770517349243164,-0.004798769950866699,32
2,GCN,natural,none,44,GNNExplainer,8955,3,0.9885714285714284,0.55,1.0,,0.6699895858764648,-0.14573633670806885,26
2,GCN,natural,none,44,GNNExplainer,8621,2,0.9854135338345864,0.625,1.0,,0.6362823247909546,-0.36354321241378784,20
2,GCN,natural,none,44,GNNExplainer,8436,2,0.9780451127819548,0.5,1.0,,0.9162110090255737,-0.0341947078704834,20
2,GCN,natural,none,44,GNNExplainer,8239,1,0.978345864661654,0.5357142857142857,1.0,,0.9180347919464111,-0.07332730293273926,24
2,GCN,natural,none,44,GNNExplainer,9147,3,0.9912781954887218,0.5208333333333334,0.0,,0.47822076082229614,-0.15446311235427856,38
2,GCN,natural,none,44,GNNExplainer,9367,4,0.9825563909774436,0.53125,0.0,,0.9014415740966797,-0.014618933200836182,32
2,GCN,natural,none,44,GNNExplainer,9511,4,0.9825563909774436,0.625,1.0,,-0.045643150806427,-0.10392045974731445,26
2,GCN,natural,none,44,GNNExplainer,9398,4,0.9945864661654136,0.5384615384615384,0.0,,0.16460657119750977,-0.042456090450286865,31
2,GCN,natural,none,44,GNNExplainer,8477,2,0.9747368421052632,0.25,1.0,,0.30205827951431274,-0.0045999884605407715,17
2,GCN,natural,none,44,GNNExplainer,9305,4,0.9861654135338345,0.5294117647058824,0.0,,0.25193512439727783,-0.03467482328414917,33
2,GCN,natural,none,44,GNNExplainer,9325,4,0.9933834586466164,0.6086956521739131,1.0,,0.39898818731307983,-0.4082139730453491,37
2,GCN,natural,none,44,GNNExplainer,9464,4,0.9881203007518795,0.5357142857142857,1.0,,0.46981486678123474,-0.1550745964050293,30
2,GCN,natural,none,44,GNNExplainer,8313,1,0.9772932330827067,0.5357142857142857,1.0,,0.2820839285850525,-0.006451904773712158,26
2,GCN,natural,none,44,GNNExplainer,9473,4,0.9834586466165414,0.5357142857142857,0.0,,0.06473135948181152,-0.006986141204833984,33
2,GCN,natural,none,44,GNNExplainer,8104,1,0.9870676691729322,0.5263157894736842,1.0,,0.5478125810623169,0.02578073740005493,32
2,GCN,natural,none,44,GNNExplainer,8632,2,0.9786466165413532,0.3333333333333333,1.0,,0.5469681620597839,-0.3898094892501831,22
2,GCN,natural,none,44,GNNExplainer,8303,1,0.9858646616541351,0.5,0.0,,0.5885642766952515,0.068564772605896,25
2,GCN,natural,none,44,GNNExplainer,9157,3,0.9927819548872179,0.5208333333333334,0.0,,0.5304452180862427,-0.013970673084259033,42
2,GCN,natural,none,44,GNNExplainer,9363,4,0.9918796992481204,0.8125,0.0,,0.9666470885276794,-0.022381067276000977,76
2,GCN,natural,none,44,GNNExplainer,8870,3,0.9658646616541352,0.5454545454545454,0.0,,0.6394450068473816,-0.01434105634689331,23
2,GCN,natural,none,44,GNNExplainer,8849,3,0.9857142857142855,0.5333333333333333,0.0,,0.580353856086731,-0.02354496717453003,29
2,GCN,natural,none,44,GNNExplainer,8158,1,0.9912781954887218,0.6,0.0,,0.3687874674797058,-0.016880929470062256,23
2,GCN,natural,none,44,GNNExplainer,9049,3,0.989172932330827,0.53125,0.0,,0.9117575287818909,-0.07311731576919556,35
2,GCN,natural,none,44,GNNExplainer,8091,1,0.9833082706766916,0.5333333333333333,1.0,,0.5080437660217285,-0.07577121257781982,28
2,GCN,natural,none,44,GNNExplainer,9353,4,0.988721804511278,0.5277777777777778,1.0,,0.06888049840927124,-0.17528003454208374,34
2,GCN,natural,none,44,GNNExplainer,8727,2,0.9870676691729322,0.5,1.0,,0.8088213205337524,-0.048432230949401855,29
2,GCN,natural,none,44,GNNExplainer,9307,4,0.9918796992481201,0.75,0.0,,0.9856172204017639,-0.014342248439788818,59
2,GCN,natural,none,44,GNNExplainer,9039,3,0.9726315789473684,0.5416666666666666,0.0,,0.9111625552177429,-0.06575042009353638,26
2,GCN,natural,none,44,PGExplainer,8089,1,,0.9,,,0.0655055046081543,-0.08791661262512207,28
2,GCN,natural,none,44,PGExplainer,8059,1,,0.9375,,,0.3794705271720886,-0.004798769950866699,32
2,GCN,natural,none,44,PGExplainer,8955,3,,0.9500000000000001,,,-0.023584306240081787,-0.14574378728866577,26
2,GCN,natural,none,44,PGExplainer,8621,2,,0.75,,,0.5794179439544678,-0.3633211851119995,20
2,GCN,natural,none,44,PGExplainer,8436,2,,0.3333333333333333,,,0.17339879274368286,-0.03418874740600586,20
2,GCN,natural,none,44,PGExplainer,8239,1,,0.8928571428571429,,,0.23781251907348633,-0.07324028015136719,24
2,GCN,natural,none,44,PGExplainer,9147,3,,0.9375,,,0.6431552767753601,-0.1544628143310547,38
2,GCN,natural,none,44,PGExplainer,9367,4,,0.875,,,-0.01122194528579712,-0.014617979526519775,32
2,GCN,natural,none,44,PGExplainer,9511,4,,0.875,,,0.2074405550956726,-0.1039203405380249,26
2,GCN,natural,none,44,PGExplainer,9398,4,,0.8846153846153846,,,-0.044546425342559814,-0.04245603084564209,31
2,GCN,natural,none,44,PGExplainer,8477,2,,0.0,,,0.08001202344894409,-0.004566371440887451,17
2,GCN,natural,none,44,PGExplainer,9305,4,,0.9117647058823528,,,-0.004839897155761719,-0.03467482328414917,33
2,GCN,natural,none,44,PGExplainer,9325,4,,0.9347826086956522,,,0.07155752182006836,-0.4082137942314148,37
2,GCN,natural,none,44,PGExplainer,9464,4,,0.8928571428571429,,,0.14130467176437378,-0.15507447719573975,30
2,GCN,natural,none,44,PGExplainer,8313,1,,0.8928571428571429,,,0.007597029209136963,-0.006451904773712158,26
2,GCN,natural,none,44,PGExplainer,9473,4,,0.8928571428571429,,,-0.007081866264343262,-0.006986141204833984,33
2,GCN,natural,none,44,PGExplainer,8104,1,,0.8947368421052632,,,0.2681709825992584,0.025780797004699707,32
2,GCN,natural,none,44,PGExplainer,8632,2,,0.3333333333333333,,,0.03709864616394043,-0.3898162841796875,22
2,GCN,natural,none,44,PGExplainer,8303,1,,0.8846153846153846,,,0.10441142320632935,0.06856495141983032,25
2,GCN,natural,none,44,PGExplainer,9157,3,,0.9375,,,0.5098001956939697,-0.013970553874969482,42
2,GCN,natural,none,44,PGExplainer,9363,4,,0.53125,,,-0.02049863338470459,-0.022381067276000977,76
2,GCN,natural,none,44,PGExplainer,8870,3,,0.7272727272727273,,,0.0023467540740966797,-0.01422661542892456,23
2,GCN,natural,none,44,PGExplainer,8849,3,,0.9333333333333333,,,-0.0164681077003479,-0.02354496717453003,29
2,GCN,natural,none,44,PGExplainer,8158,1,,0.85,,,-0.016451716423034668,-0.016881048679351807,23
2,GCN,natural,none,44,PGExplainer,9049,3,,0.9375,,,-0.05430257320404053,-0.07311731576919556,35
2,GCN,natural,none,44,PGExplainer,8091,1,,0.9,,,0.22015011310577393,-0.07577115297317505,28
2,GCN,natural,none,44,PGExplainer,9353,4,,0.9166666666666666,,,0.11307400465011597,-0.17527985572814941,34
2,GCN,natural,none,44,PGExplainer,8727,2,,0.375,,,-0.0048195719718933105,-0.048422932624816895,29
2,GCN,natural,none,44,PGExplainer,9307,4,,0.5416666666666666,,,-0.014339148998260498,-0.014342248439788818,59
2,GCN,natural,none,44,PGExplainer,9039,3,,0.9166666666666666,,,-0.05912315845489502,-0.06576544046401978,26
2,GCN,natural,none,44,GNNShap,8089,1,0.9962406015037594,,0.0,0.9437698655271751,0.23713946342468262,0.870137631893158,28
2,GCN,natural,none,44,GNNShap,8059,1,0.990676691729323,,0.0,0.9686185913171566,0.9664433002471924,0.028404176235198975,32
2,GCN,natural,none,44,GNNShap,8955,3,0.9783458646616541,,0.0,0.9817371491615671,0.35698673129081726,0.8148146867752075,26
2,GCN,natural,none,44,GNNShap,8621,2,0.9896240601503757,,1.0,0.9572962221038923,0.6035676002502441,0.02027350664138794,20
2,GCN,natural,none,44,GNNShap,8436,2,0.9944360902255639,,0.0,0.9783846917628025,0.4132865071296692,0.7886643409729004,20
2,GCN,natural,none,44,GNNShap,8239,1,0.9950375939849623,,0.0,0.9556702379167218,0.8408060669898987,0.4647999107837677,24
2,GCN,natural,none,44,GNNShap,9147,3,0.9724812030075187,,0.0,0.9743669478541997,0.8176736235618591,0.21577221155166626,38
2,GCN,natural,none,44,GNNShap,9367,4,0.9938345864661654,,0.0,0.9340723829656559,0.8350666165351868,0.10676223039627075,32
2,GCN,natural,none,44,GNNShap,9511,4,0.9963909774436089,,0.0,0.9670297239125407,0.8485715389251709,0.4336870312690735,26
2,GCN,natural,none,44,GNNShap,9398,4,0.9921804511278195,,0.0,0.9588272029492988,-0.005610108375549316,0.9285880327224731,31
2,GCN,natural,none,44,GNNShap,8477,2,0.9984962406015038,,0.0,0.9798484601539263,0.9482260942459106,0.017592787742614746,17
2,GCN,natural,none,44,GNNShap,9305,4,0.9957894736842103,,0.0,0.9801074486524944,0.8757354021072388,0.29064929485321045,33
2,GCN,natural,none,44,GNNShap,9325,4,0.9959398496240601,,0.0,0.9743040167628049,0.38341403007507324,0.3793575167655945,37
2,GCN,natural,none,44,GNNShap,9464,4,0.9969924812030074,,0.0,0.9622472623188798,0.7314255237579346,0.40074828267097473,30
2,GCN,natural,none,44,GNNShap,8313,1,0.9879699248120299,,0.0,0.9587124373688273,0.9117316007614136,0.0803384780883789,26
2,GCN,natural,none,44,GNNShap,9473,4,0.991578947368421,,0.0,0.9719033876685057,0.912602961063385,0.05230081081390381,33
2,GCN,natural,none,44,GNNShap,8104,1,0.9959398496240601,,0.0,0.9480033798036731,0.6871121525764465,0.3872639834880829,32
2,GCN,natural,none,44,GNNShap,8632,2,1.0,,0.0,0.9579486128653777,-0.07489567995071411,0.6087318062782288,22
2,GCN,natural,none,44,GNNShap,8303,1,0.9969924812030074,,0.0,0.9481991762140971,0.8257101774215698,0.16475385427474976,25
2,GCN,natural,none,44,GNNShap,9157,3,0.9854135338345863,,0.0,0.9721478736413101,0.9205925464630127,0.07422906160354614,42
2,GCN,natural,none,44,GNNShap,9363,4,0.9793984962406015,,0.0,0.9957744030365197,0.9702885150909424,0.07654976844787598,76
2,GCN,natural,none,44,GNNShap,8870,3,0.9927819548872179,,1.0,0.9799808682810364,0.9375805258750916,0.05004018545150757,23
2,GCN,natural,none,44,GNNShap,8849,3,0.9845112781954887,,0.0,0.9706569698309139,0.9600607752799988,0.022238850593566895,29
2,GCN,natural,none,44,GNNShap,8158,1,0.9963909774436089,,1.0,0.9660046418044128,0.9573650360107422,0.016307413578033447,23
2,GCN,natural,none,44,GNNShap,9049,3,0.9790977443609021,,0.0,0.9848069076807894,0.8523266911506653,0.12293875217437744,35
2,GCN,natural,none,44,GNNShap,8091,1,0.9963909774436092,,0.0,0.9874781295715722,0.18059706687927246,0.8825706839561462,28
2,GCN,natural,none,44,GNNShap,9353,4,0.9911278195488722,,0.0,0.981428539598396,0.1790757179260254,0.7853471636772156,34
2,GCN,natural,none,44,GNNShap,8727,2,0.9960902255639097,,1.0,0.9566757792486349,0.8902738094329834,0.09477853775024414,29
2,GCN,natural,none,44,GNNShap,9307,4,0.9815037593984961,,0.0,0.9921435062061047,0.9841728210449219,0.07081633806228638,59
2,GCN,natural,none,44,GNNShap,9039,3,0.9717293233082707,,0.0,0.9593101720684029,0.8296358585357666,0.29953497648239136,26
2,TAGCN,1:1,none,42,GNNExplainer,8178,1,0.940751879699248,0.74,1.0,,0.9940340518951416,-0.005146443843841553,32
2,TAGCN,1:1,none,42,GNNExplainer,8047,1,0.9539849624060152,0.76,0.0,,0.998511016368866,-0.0012952089309692383,30
2,TAGCN,1:1,none,42,GNNExplainer,9017,3,0.9744360902255638,0.6,1.0,,0.8417586088180542,-0.10712146759033203,33
2,TAGCN,1:1,none,42,GNNExplainer,8650,2,0.8187969924812031,0.5,1.0,,0.7235037684440613,-0.03589576482772827,19
2,TAGCN,1:1,none,42,GNNExplainer,8255,1,0.8372932330827068,0.7307692307692306,1.0,,0.999780535697937,-1.5974044799804688e-05,31
2,TAGCN,1:1,none,42,GNNExplainer,8126,1,0.8861654135338345,0.65625,0.0,,0.9693029522895813,-8.344650268554688e-07,31
2,TAGCN,1:1,none,42,GNNExplainer,9478,4,0.9312781954887217,0.75,1.0,,0.9916995167732239,-0.000522911548614502,36
2,TAGCN,1:1,none,42,GNNExplainer,8905,3,0.9784962406015036,0.6666666666666666,1.0,,0.5338254570960999,-0.004394233226776123,36
2,TAGCN,1:1,none,42,GNNExplainer,9473,4,0.896390977443609,0.5,1.0,,0.30811458826065063,-1.0371208190917969e-05,33
2,TAGCN,1:1,none,42,GNNExplainer,9363,4,0.5076691729323308,0.125,0.0,,0.0,0.0,76
2,TAGCN,1:1,none,42,GNNExplainer,8684,2,0.7637593984962405,0.5,1.0,,0.11303561925888062,-0.004238605499267578,22
2,TAGCN,1:1,none,42,GNNExplainer,8106,1,0.8866165413533833,0.6578947368421053,0.0,,0.18493521213531494,-6.556510925292969e-05,27
2,TAGCN,1:1,none,42,GNNExplainer,8732,2,0.9393984962406015,0.0,0.0,,0.5743567943572998,0.9560115933418274,15
2,TAGCN,1:1,none,42,GNNExplainer,9489,4,0.87593984962406,0.65,1.0,,0.9704259037971497,-2.014636993408203e-05,38
2,TAGCN,1:1,none,42,GNNExplainer,9233,4,0.4784962406015037,0.26666666666666666,0.0,,0.0,0.0,67
2,TAGCN,1:1,none,42,GNNExplainer,8351,1,0.8912781954887217,0.6730769230769231,1.0,,0.05296701192855835,-0.0025815963745117188,35
2,TAGCN,1:1,none,42,GNNExplainer,8031,1,0.4757894736842105,0.28,1.0,,0.0,0.0,85
2,TAGCN,1:1,none,42,GNNExplainer,8502,2,0.7357894736842104,0.5,1.0,,0.19568872451782227,-0.0003890395164489746,20
2,TAGCN,1:1,none,42,GNNExplainer,8273,1,0.9580451127819547,0.7608695652173914,0.0,,0.9679089784622192,-0.03199446201324463,33
2,TAGCN,1:1,none,42,GNNExplainer,9108,3,0.8443609022556389,0.6590909090909091,1.0,,0.9980537295341492,-0.0012282133102416992,38
2,TAGCN,1:1,none,42,GNNExplainer,8173,1,0.906015037593985,0.7777777777777778,1.0,,0.9859757423400879,-0.01390308141708374,26
2,TAGCN,1:1,none,42,GNNExplainer,9123,3,0.8744360902255639,0.78125,1.0,,0.03349429368972778,0.015083730220794678,27
2,TAGCN,1:1,none,42,GNNExplainer,9465,4,0.9133834586466165,0.6428571428571429,0.0,,0.9606658220291138,-0.03933382034301758,28
2,TAGCN,1:1,none,42,GNNExplainer,8498,2,0.8252631578947367,0.5,1.0,,-0.00945967435836792,-0.019427955150604248,13
2,TAGCN,1:1,none,42,GNNExplainer,8955,3,0.9712781954887217,0.7,1.0,,0.5553738474845886,-0.013453245162963867,26
2,TAGCN,1:1,none,42,GNNExplainer,8352,1,0.7171428571428572,0.6730769230769231,1.0,,0.05596810579299927,0.0,34
2,TAGCN,1:1,none,42,GNNExplainer,8733,2,0.9833082706766918,0.0,0.0,,0.654015064239502,0.6510569453239441,25
2,TAGCN,1:1,none,42,GNNExplainer,8805,2,0.9421052631578946,0.625,1.0,,0.7248382568359375,-0.2573363780975342,24
2,TAGCN,1:1,none,42,GNNExplainer,8239,1,0.8723308270676691,0.75,1.0,,0.9790493249893188,-0.001709282398223877,24
2,TAGCN,1:1,none,42,GNNExplainer,9367,4,0.8953383458646614,0.65625,1.0,,0.9950144290924072,-0.0003490447998046875,32
2,TAGCN,1:1,none,42,PGExplainer,8178,1,,0.98,,,-0.0046089887619018555,0.5070343017578125,32
2,TAGCN,1:1,none,42,PGExplainer,8047,1,,0.98,,,-0.0012595653533935547,0.4021914601325989,30
2,TAGCN,1:1,none,42,PGExplainer,9017,3,,0.9500000000000001,,,0.8273042440414429,0.024429380893707275,33
2,TAGCN,1:1,none,42,PGExplainer,8650,2,,0.75,,,0.2683127522468567,-0.035885751247406006,19
2,TAGCN,1:1,none,42,PGExplainer,8255,1,,0.9615384615384616,,,-1.5854835510253906e-05,0.05657374858856201,31
2,TAGCN,1:1,none,42,PGExplainer,8126,1,,0.90625,,,-8.344650268554688e-07,0.17020398378372192,31
2,TAGCN,1:1,none,42,PGExplainer,9478,4,,0.925,,,-0.0005224347114562988,0.27513110637664795,36
2,TAGCN,1:1,none,42,PGExplainer,8905,3,,0.9333333333333333,,,0.357946515083313,0.28354310989379883,36
2,TAGCN,1:1,none,42,PGExplainer,9473,4,,0.8928571428571429,,,-1.0371208190917969e-05,0.2984374761581421,33
2,TAGCN,1:1,none,42,PGExplainer,9363,4,,1.0,,,0.0,0.0,76
2,TAGCN,1:1,none,42,PGExplainer,8684,2,,1.0,,,0.21310824155807495,-0.004262328147888184,22
2,TAGCN,1:1,none,42,PGExplainer,8106,1,,0.9473684210526315,,,-6.42538070678711e-05,0.026597976684570312,27
2,TAGCN,1:1,none,42,PGExplainer,8732,2,,0.75,,,-0.005504906177520752,0.9940592050552368,15
2,TAGCN,1:1,none,42,PGExplainer,9489,4,,0.925,,,-2.014636993408203e-05,0.2543312907218933,38
2,TAGCN,1:1,none,42,PGExplainer,9233,4,,1.0,,,0.0,0.0,67
2,TAGCN,1:1,none,42,PGExplainer,8351,1,,0.9615384615384616,,,-0.002482175827026367,0.05296701192855835,35
2,TAGCN,1:1,none,42,PGExplainer,8031,1,,0.98,,,0.0,0.0,85
2,TAGCN,1:1,none,42,PGExplainer,8502,2,,1.0,,,0.3606501817703247,-0.0003890395164489746,20
2,TAGCN,1:1,none,42,PGExplainer,8273,1,,0.9347826086956522,,,-0.02972996234893799,0.24613994359970093,33
2,TAGCN,1:1,none,42,PGExplainer,9108,3,,0.9772727272727273,,,0.040201663970947266,0.01795440912246704,38
2,TAGCN,1:1,none,42,PGExplainer,8173,1,,0.8888888888888888,,,-0.013649821281433105,0.04831135272979736,26
2,TAGCN,1:1,none,42,PGExplainer,9123,3,,1.0,,,0.0012157559394836426,0.015083730220794678,27
2,TAGCN,1:1,none,42,PGExplainer,9465,4,,0.8928571428571429,,,-0.03926253318786621,0.031580984592437744,28
2,TAGCN,1:1,none,42,PGExplainer,8498,2,,1.0,,,0.8890266418457031,-0.01943880319595337,13
2,TAGCN,1:1,none,42,PGExplainer,8955,3,,1.0,,,0.37947094440460205,0.21216708421707153,26
2,TAGCN,1:1,none,42,PGExplainer,8352,1,,0.9423076923076923,,,0.0,0.0463026762008667,34
2,TAGCN,1:1,none,42,PGExplainer,8733,2,,0.75,,,-0.25284016132354736,0.6540866494178772,25
2,TAGCN,1:1,none,42,PGExplainer,8805,2,,0.875,,,0.7388193607330322,-0.25733625888824463,24
2,TAGCN,1:1,none,42,PGExplainer,8239,1,,0.9642857142857143,,,-0.0014128684997558594,0.12180620431900024,24
2,TAGCN,1:1,none,42,PGExplainer,9367,4,,0.875,,,-0.0003490447998046875,0.10134649276733398,32
2,TAGCN,1:1,none,42,GNNShap,8178,1,0.9639097744360902,,1.0,0.951908550013413,0.14559412002563477,0.6351549625396729,32
2,TAGCN,1:1,none,42,GNNShap,8047,1,0.9866165413533834,,0.0,0.9766488720297135,0.995560884475708,0.0065569281578063965,30
2,TAGCN,1:1,none,42,GNNShap,9017,3,0.9664661654135338,,0.0,0.9918515210865214,-0.10206866264343262,0.8912644982337952,33
2,TAGCN,1:1,none,42,GNNShap,8650,2,0.9675187969924812,,1.0,0.9675391738782636,0.390045166015625,0.7985008358955383,19
2,TAGCN,1:1,none,42,GNNShap,8255,1,0.9748872180451127,,0.0,0.9272139621707289,0.9958559274673462,-1.4066696166992188e-05,31
2,TAGCN,1:1,none,42,GNNShap,8126,1,0.9234586466165412,,0.0,0.9455547101688563,0.9870908856391907,1.52587890625e-05,31
2,TAGCN,1:1,none,42,GNNShap,9478,4,0.9781954887218044,,0.0,0.9339734709974096,0.9970385432243347,-0.00018936395645141602,36
2,TAGCN,1:1,none,42,GNNShap,8905,3,0.9669172932330827,,0.0,0.9520495241676832,-0.012173235416412354,0.984955906867981,36
2,TAGCN,1:1,none,42,GNNShap,9473,4,0.9720300751879698,,0.0,0.9506285256132567,0.9954425096511841,3.6716461181640625e-05,33
2,TAGCN,1:1,none,42,GNNShap,9363,4,0.8866165413533833,,0.0,0.9970782943482277,0.9999918937683105,0.0,76
2,TAGCN,1:1,none,42,GNNShap,8684,2,0.9800000000000001,,0.0,0.9735327449353569,-0.004120349884033203,0.9954019784927368,22
2,TAGCN,1:1,none,42,GNNShap,8106,1,0.9753383458646615,,0.0,0.893043977696793,0.008043527603149414,0.33569562435150146,27
2,TAGCN,1:1,none,42,GNNShap,8732,2,0.9691729323308269,,1.0,0.9227189302851555,-0.005910992622375488,0.4090161919593811,15
2,TAGCN,1:1,none,42,GNNShap,9489,4,0.9777443609022555,,0.0,0.9558237160570331,0.00029587745666503906,0.835549533367157,38
2,TAGCN,1:1,none,42,GNNShap,9233,4,0.770827067669173,,0.0,0.9921738090186375,0.9999839663505554,0.0,67
2,TAGCN,1:1,none,42,GNNShap,8351,1,0.9854135338345864,,0.0,0.9531007802397318,0.01654052734375,0.9700230956077576,35
2,TAGCN,1:1,none,42,GNNShap,8031,1,0.906766917293233,,0.0,0.9938025665455299,1.0,0.0,85
2,TAGCN,1:1,none,42,GNNShap,8502,2,0.925563909774436,,1.0,0.9500532689407573,0.9968037605285645,-0.00035136938095092773,20
2,TAGCN,1:1,none,42,GNNShap,8273,1,0.9849624060150374,,0.0,0.9631568629435776,-0.03186690807342529,0.9679774045944214,33
2,TAGCN,1:1,none,42,GNNShap,9108,3,0.9425563909774436,,0.0,0.9787815798695281,0.760043740272522,0.015861928462982178,38
2,TAGCN,1:1,none,42,GNNShap,8173,1,0.9449624060150376,,0.0,0.9639249525001882,0.011756420135498047,0.9831828474998474,26
2,TAGCN,1:1,none,42,GNNShap,9123,3,0.9404511278195489,,0.0,0.9857659379546186,0.8113382458686829,0.011018991470336914,27
2,TAGCN,1:1,none,42,GNNShap,9465,4,0.985563909774436,,0.0,0.96010600479666,-0.0212058424949646,0.935041069984436,28
2,TAGCN,1:1,none,42,GNNShap,8498,2,0.940751879699248,,1.0,0.9436421589116225,0.9634035229682922,0.02615654468536377,13
2,TAGCN,1:1,none,42,GNNShap,8955,3,0.96,,0.0,0.9735859386119493,0.5390746593475342,0.9797918796539307,26
2,TAGCN,1:1,none,42,GNNShap,8352,1,0.9360902255639099,,0.0,0.9506935653703934,0.8827366232872009,7.152557373046875e-07,34
2,TAGCN,1:1,none,42,GNNShap,8733,2,0.9651127819548873,,0.0,0.9751475889865404,0.6387148499488831,-0.3459010124206543,25
2,TAGCN,1:1,none,42,GNNShap,8805,2,0.9750375939849623,,0.0,0.9616779280587355,0.6677238941192627,0.6363901495933533,24
2,TAGCN,1:1,none,42,GNNShap,8239,1,0.9769924812030075,,0.0,0.961289030516616,0.13963884115219116,0.5800942182540894,24
2,TAGCN,1:1,none,42,GNNShap,9367,4,0.9803007518796992,,0.0,0.9266361747699008,0.004900157451629639,0.7963007688522339,32
2,TAGCN,1:1,none,43,GNNExplainer,9123,3,0.8801503759398497,0.78125,1.0,,0.7343791723251343,0.037068843841552734,27
2,TAGCN,1:1,none,43,GNNExplainer,8047,1,0.9476691729323307,0.8000000000000002,0.0,,0.9983476996421814,-0.0015892982482910156,30
2,TAGCN,1:1,none,43,GNNExplainer,8239,1,0.933533834586466,0.7857142857142857,1.0,,0.9914906024932861,-0.0040528178215026855,24
2,TAGCN,1:1,none,43,GNNExplainer,8255,1,0.896842105263158,0.7884615384615384,1.0,,0.999941885471344,-3.6597251892089844e-05,31
2,TAGCN,1:1,none,43,GNNExplainer,8106,1,0.8962406015037594,0.6842105263157895,0.0,,0.0517505407333374,-0.0002352595329284668,27
2,TAGCN,1:1,none,43,GNNExplainer,8273,1,0.9371428571428568,0.717391304347826,0.0,,0.898760974407196,-0.10123467445373535,33
2,TAGCN,1:1,none,43,GNNExplainer,8415,2,0.7858646616541353,0.75,1.0,,0.09690767526626587,-0.000456392765045166,20
2,TAGCN,1:1,none,43,GNNExplainer,8903,3,0.9157894736842105,0.6,1.0,,0.8364630937576294,-0.005401492118835449,28
2,TAGCN,1:1,none,43,GNNExplainer,9307,4,0.5258646616541353,0.16666666666666666,0.0,,0.0,0.0,59
2,TAGCN,1:1,none,43,GNNExplainer,8178,1,0.969624060150376,0.78,1.0,,0.994470477104187,-0.0009087324142456055,32
2,TAGCN,1:1,none,43,GNNExplainer,8351,1,0.9557894736842105,0.7307692307692306,1.0,,0.8441097140312195,-0.0013800859451293945,35
2,TAGCN,1:1,none,43,GNNExplainer,8800,2,0.9554887218045112,0.5,1.0,,0.8987575769424438,-0.09342265129089355,17
2,TAGCN,1:1,none,43,GNNExplainer,8847,2,0.957593984962406,0.0,0.0,,0.6233651638031006,-0.21885734796524048,16
2,TAGCN,1:1,none,43,GNNExplainer,8498,2,0.9075187969924812,0.75,1.0,,-0.03558993339538574,-0.058581531047821045,13
2,TAGCN,1:1,none,43,GNNExplainer,8843,2,0.9612030075187971,0.625,1.0,,0.7612367272377014,-0.2159947156906128,26
2,TAGCN,1:1,none,43,GNNExplainer,9464,4,0.9184962406015036,0.6428571428571429,1.0,,0.9968007802963257,-0.0008395910263061523,30
2,TAGCN,1:1,none,43,GNNExplainer,8031,1,0.47067669172932325,0.3,1.0,,-1.1920928955078125e-07,-1.1920928955078125e-07,85
2,TAGCN,1:1,none,43,GNNExplainer,9141,3,0.9455639097744359,0.5208333333333334,1.0,,0.577975869178772,-4.267692565917969e-05,45
2,TAGCN,1:1,none,43,GNNExplainer,8805,2,0.9403007518796992,0.5,1.0,,0.8226761817932129,-0.1305122971534729,24
2,TAGCN,1:1,none,43,GNNExplainer,9478,4,0.9521804511278195,0.75,1.0,,0.9949783682823181,-0.0004892349243164062,36
2,TAGCN,1:1,none,43,GNNExplainer,8326,1,0.9490225563909773,0.7,1.0,,-0.0013263821601867676,0.5515388250350952,27
2,TAGCN,1:1,none,43,GNNExplainer,9518,4,0.9189473684210524,0.78125,1.0,,0.9999327659606934,-5.888938903808594e-05,29
2,TAGCN,1:1,none,43,GNNExplainer,9085,3,0.9502255639097743,0.6666666666666666,1.0,,0.773350715637207,-0.19841599464416504,34
2,TAGCN,1:1,none,43,GNNExplainer,9198,4,0.9233082706766916,0.8181818181818182,1.0,,0.9989836812019348,-0.0007687807083129883,36
2,TAGCN,1:1,none,43,GNNExplainer,8352,1,0.8120300751879699,0.6538461538461539,0.0,,0.31817567348480225,0.0,34
2,TAGCN,1:1,none,43,GNNExplainer,8673,2,0.9482706766917293,0.5,1.0,,0.5394612550735474,-0.4594729542732239,18
2,TAGCN,1:1,none,43,GNNExplainer,8704,2,0.9021052631578946,0.5,1.0,,0.05306839942932129,-0.017781734466552734,21
2,TAGCN,1:1,none,43,GNNExplainer,8126,1,0.8078195488721803,0.65625,1.0,,0.9718576669692993,-3.0994415283203125e-06,31
2,TAGCN,1:1,none,43,GNNExplainer,9367,4,0.9034586466165413,0.6875,1.0,,0.9897587299346924,-0.0007796287536621094,32
2,TAGCN,1:1,none,43,GNNExplainer,9459,4,0.9667669172932329,0.8125,1.0,,0.41390925645828247,0.07158321142196655,31
2,TAGCN,1:1,none,43,PGExplainer,9123,3,,1.0,,,0.001008450984954834,0.037068843841552734,27
2,TAGCN,1:1,none,43,PGExplainer,8047,1,,0.98,,,-0.0014531612396240234,0.3185868263244629,30
2,TAGCN,1:1,none,43,PGExplainer,8239,1,,0.9642857142857143,,,-0.0031595230102539062,0.1604633927345276,24
2,TAGCN,1:1,none,43,PGExplainer,8255,1,,0.9807692307692307,,,-3.445148468017578e-05,0.08966994285583496,31
2,TAGCN,1:1,none,43,PGExplainer,8106,1,,0.9473684210526315,,,-0.00018829107284545898,0.0517505407333374,27
2,TAGCN,1:1,none,43,PGExplainer,8273,1,,0.9565217391304348,,,-0.08298295736312866,0.041327834129333496,33
2,TAGCN,1:1,none,43,PGExplainer,8415,2,,1.0,,,0.050857365131378174,-0.000456392765045166,20
2,TAGCN,1:1,none,43,PGExplainer,8903,3,,0.9666666666666667,,,0.011607706546783447,0.021911203861236572,28
2,TAGCN,1:1,none,43,PGExplainer,9307,4,,0.9166666666666666,,,0.0,0.0,59
2,TAGCN,1:1,none,43,PGExplainer,8178,1,,0.98,,,-0.0008223056793212891,0.4928620457649231,32
2,TAGCN,1:1,none,43,PGExplainer,8351,1,,0.9807692307692307,,,-0.001208186149597168,0.14780336618423462,35
2,TAGCN,1:1,none,43,PGExplainer,8800,2,,0.6666666666666666,,,0.7740540504455566,-0.09342139959335327,17
2,TAGCN,1:1,none,43,PGExplainer,8847,2,,0.5,,,-0.2895883321762085,0.6653725504875183,16
2,TAGCN,1:1,none,43,PGExplainer,8498,2,,1.0,,,0.9065096378326416,-0.058581411838531494,13
2,TAGCN,1:1,none,43,PGExplainer,8843,2,,1.0,,,0.6803827881813049,-0.21599507331848145,26
2,TAGCN,1:1,none,43,PGExplainer,9464,4,,0.9285714285714286,,,-0.0008324384689331055,0.20177483558654785,30
2,TAGCN,1:1,none,43,PGExplainer,8031,1,,0.92,,,0.0,-1.1920928955078125e-07,85
2,TAGCN,1:1,none,43,PGExplainer,9141,3,,1.0,,,3.2782554626464844e-05,0.03993481397628784,45
2,TAGCN,1:1,none,43,PGExplainer,8805,2,,0.875,,,0.847378134727478,-0.13051283359527588,24
2,TAGCN,1:1,none,43,PGExplainer,9478,4,,0.9500000000000001,,,-0.0004888772964477539,0.3223487138748169,36
2,TAGCN,1:1,none,43,PGExplainer,8326,1,,0.9333333333333333,,,-0.0024294257164001465,0.5848673582077026,27
2,TAGCN,1:1,none,43,PGExplainer,9518,4,,0.90625,,,-5.8770179748535156e-05,0.2575896978378296,29
2,TAGCN,1:1,none,43,PGExplainer,9085,3,,1.0,,,0.5029838681221008,-0.028026103973388672,34
2,TAGCN,1:1,none,43,PGExplainer,9198,4,,0.9090909090909091,,,-0.0007673501968383789,0.6895002126693726,36
2,TAGCN,1:1,none,43,PGExplainer,8352,1,,0.9807692307692307,,,0.0,0.1521824598312378,34
2,TAGCN,1:1,none,43,PGExplainer,8673,2,,1.0,,,0.5396203398704529,-0.45947301387786865,18
2,TAGCN,1:1,none,43,PGExplainer,8704,2,,0.6666666666666666,,,0.17488938570022583,-0.01783311367034912,21
2,TAGCN,1:1,none,43,PGExplainer,8126,1,,0.9375,,,-2.9802322387695312e-06,0.0697978138923645,31
2,TAGCN,1:1,none,43,PGExplainer,9367,4,,0.875,,,-0.0007795095443725586,0.14767849445343018,32
2,TAGCN,1:1,none,43,PGExplainer,9459,4,,0.9375,,,-0.2364242672920227,0.07158303260803223,31
2,TAGCN,1:1,none,43,GNNShap,9123,3,0.9400000000000001,,0.0,0.9873734980457911,0.894202709197998,0.016055166721343994,27
2,TAGCN,1:1,none,43,GNNShap,8047,1,0.9879699248120299,,0.0,0.9538795486605924,0.9962289333343506,0.007820606231689453,30
2,TAGCN,1:1,none,43,GNNShap,8239,1,0.9813533834586468,,0.0,0.9276922857096583,0.11519646644592285,0.4167484641075134,24
2,TAGCN,1:1,none,43,GNNShap,8255,1,0.9672180451127819,,0.0,0.9138323950918469,0.9982068538665771,-3.0994415283203125e-05,31
2,TAGCN,1:1,none,43,GNNShap,8106,1,0.9744360902255638,,0.0,0.9469713618991102,0.12510907649993896,0.1394391655921936,27
2,TAGCN,1:1,none,43,GNNShap,8273,1,0.9818045112781955,,0.0,0.9472476566990364,-0.10030734539031982,0.8985736966133118,33
2,TAGCN,1:1,none,43,GNNShap,8415,2,0.9745864661654136,,0.0,0.9514345280230808,0.9979332089424133,-0.00020599365234375,20
2,TAGCN,1:1,none,43,GNNShap,8903,3,0.9739849624060151,,0.0,0.9719942446661619,0.06725496053695679,0.9793496131896973,28
2,TAGCN,1:1,none,43,GNNShap,9307,4,0.9324812030075187,,0.0,0.98897356342618,0.9999985098838806,0.0,59
2,TAGCN,1:1,none,43,GNNShap,8178,1,0.9861654135338345,,1.0,0.9444369274848186,0.12474381923675537,0.4476698637008667,32
2,TAGCN,1:1,none,43,GNNShap,8351,1,0.9863157894736843,,0.0,0.9412208005066628,0.03760707378387451,0.9329243302345276,35
2,TAGCN,1:1,none,43,GNNShap,8800,2,0.9849624060150376,,0.0,0.9484466019608855,0.9065732955932617,-0.09297782182693481,17
2,TAGCN,1:1,none,43,GNNShap,8847,2,0.9654135338345864,,0.0,0.951659757361506,-0.3061358332633972,-0.30599063634872437,16
2,TAGCN,1:1,none,43,GNNShap,8498,2,0.938796992481203,,0.0,0.9261762835281605,0.7801470160484314,0.7872577905654907,13
2,TAGCN,1:1,none,43,GNNShap,8843,2,0.9583458646616541,,0.0,0.9171494375492983,0.584531307220459,0.6316728591918945,26
2,TAGCN,1:1,none,43,GNNShap,9464,4,0.981954887218045,,0.0,0.9401383050560176,0.05808413028717041,0.8652760982513428,30
2,TAGCN,1:1,none,43,GNNShap,8031,1,0.936390977443609,,0.0,0.9891068329833752,0.9999998807907104,-1.1920928955078125e-07,85
2,TAGCN,1:1,none,43,GNNShap,9141,3,0.9691729323308269,,0.0,0.9801210725760784,0.999131977558136,-9.548664093017578e-05,45
2,TAGCN,1:1,none,43,GNNShap,8805,2,0.9652631578947368,,0.0,0.9524914931230495,0.8092008829116821,0.6853932738304138,24
2,TAGCN,1:1,none,43,GNNShap,9478,4,0.9691729323308269,,0.0,0.9104329787846293,0.9943323135375977,0.0003612041473388672,36
2,TAGCN,1:1,none,43,GNNShap,8326,1,0.9869172932330826,,0.0,0.9609705824002834,0.9844284057617188,0.002567768096923828,27
2,TAGCN,1:1,none,43,GNNShap,9518,4,0.9652631578947368,,0.0,0.9416672157179911,0.0018205046653747559,0.7140635251998901,29
2,TAGCN,1:1,none,43,GNNShap,9085,3,0.9747368421052629,,0.0,0.9649603896970268,-0.16056978702545166,0.7842145562171936,34
2,TAGCN,1:1,none,43,GNNShap,9198,4,0.9691729323308269,,0.0,0.9553679264783449,0.03506338596343994,0.22029107809066772,36
2,TAGCN,1:1,none,43,GNNShap,8352,1,0.9416541353383459,,0.0,0.9360559672439592,0.8071640729904175,3.2186508178710938e-06,34
2,TAGCN,1:1,none,43,GNNShap,8673,2,0.961954887218045,,0.0,0.8768777064596402,0.5390191078186035,0.2675861418247223,18
2,TAGCN,1:1,none,43,GNNShap,8704,2,0.9691729323308269,,0.0,0.9711002310820416,0.24929910898208618,0.963200569152832,21
2,TAGCN,1:1,none,43,GNNShap,8126,1,0.8936842105263156,,0.0,0.9261214675690234,0.9835131764411926,6.079673767089844e-05,31
2,TAGCN,1:1,none,43,GNNShap,9367,4,0.9613533834586464,,0.0,0.8698855802766055,0.013159036636352539,0.6058486700057983,32
2,TAGCN,1:1,none,43,GNNShap,9459,4,0.9694736842105263,,0.0,0.9609896979536886,-0.24201750755310059,0.7571851015090942,31
2,TAGCN,1:1,none,44,GNNExplainer,8178,1,0.9726315789473683,0.74,1.0,,-0.00031882524490356445,-0.000279843807220459,32
2,TAGCN,1:1,none,44,GNNExplainer,8047,1,0.9569924812030075,0.82,1.0,,0.998620867729187,-0.0013617873191833496,30
2,TAGCN,1:1,none,44,GNNExplainer,9017,3,0.9790977443609024,0.6,1.0,,0.8917133808135986,-0.08302593231201172,33
2,TAGCN,1:1,none,44,GNNExplainer,8650,2,0.7909774436090224,0.5,1.0,,0.8181247115135193,-0.13282907009124756,19
2,TAGCN,1:1,none,44,GNNExplainer,8255,1,0.7995488721804511,0.7115384615384616,0.0,,0.057558298110961914,-5.7220458984375e-05,31
2,TAGCN,1:1,none,44,GNNExplainer,8126,1,0.7993984962406013,0.6875,1.0,,0.9940283298492432,-1.9073486328125e-06,31
2,TAGCN,1:1,none,44,GNNExplainer,9478,4,0.8870676691729322,0.75,1.0,,0.9958828687667847,-0.00037741661071777344,36
2,TAGCN,1:1,none,44,GNNExplainer,8905,3,0.8951879699248119,0.5666666666666667,1.0,,0.9551036357879639,-0.008287429809570312,36
2,TAGCN,1:1,none,44,GNNExplainer,9473,4,0.9090225563909774,0.5,0.0,,0.937708854675293,-1.4901161193847656e-05,33
2,TAGCN,1:1,none,44,GNNExplainer,9363,4,0.5045112781954887,0.125,0.0,,0.0,0.0,76
2,TAGCN,1:1,none,44,GNNExplainer,8684,2,0.7760902255639097,0.375,1.0,,0.922222375869751,-0.001099228858947754,22
2,TAGCN,1:1,none,44,GNNExplainer,8106,1,0.8894736842105262,0.6842105263157895,0.0,,0.7169744968414307,-2.2649765014648438e-05,27
2,TAGCN,1:1,none,44,GNNExplainer,8732,2,0.904360902255639,0.0,0.0,,0.8778774738311768,0.957650899887085,15
2,TAGCN,1:1,none,44,GNNExplainer,9489,4,0.8240601503759397,0.625,0.0,,0.958827018737793,-5.0067901611328125e-06,38
2,TAGCN,1:1,none,44,GNNExplainer,9233,4,0.47714285714285704,0.26666666666666666,0.0,,0.0,0.0,67
2,TAGCN,1:1,none,44,GNNExplainer,8351,1,0.8365413533834586,0.75,0.0,,0.7519947290420532,-0.00030684471130371094,35
2,TAGCN,1:1,none,44,GNNExplainer,8031,1,0.46421052631578946,0.28,1.0,,0.0,0.0,85
2,TAGCN,1:1,none,44,GNNExplainer,8502,2,0.6097744360902254,0.5,1.0,,0.585639476776123,-0.0004903078079223633,20
2,TAGCN,1:1,none,44,GNNExplainer,8273,1,0.7893233082706766,0.717391304347826,0.0,,0.993471086025238,-0.006466269493103027,33
2,TAGCN,1:1,none,44,GNNExplainer,9108,3,0.9403007518796993,0.6590909090909091,1.0,,0.9991782903671265,-0.0007347464561462402,38
2,TAGCN,1:1,none,44,GNNExplainer,8173,1,0.9488721804511278,0.7777777777777778,0.0,,0.9871419072151184,-0.012779593467712402,26
2,TAGCN,1:1,none,44,GNNExplainer,9123,3,0.8721804511278194,0.71875,0.0,,0.6770824193954468,-0.0004881620407104492,27
2,TAGCN,1:1,none,44,GNNExplainer,9465,4,0.9112781954887218,0.6785714285714286,1.0,,0.8969990611076355,-0.1030009388923645,28
2,TAGCN,1:1,none,44,GNNExplainer,8498,2,0.8957894736842105,0.5,1.0,,-0.1754145622253418,-0.19399148225784302,13
2,TAGCN,1:1,none,44,GNNExplainer,8955,3,0.9496240601503759,0.65,1.0,,0.863852858543396,-0.11889076232910156,26
2,TAGCN,1:1,none,44,GNNExplainer,8352,1,0.7583458646616541,0.6346153846153846,0.0,,0.1298009157180786,0.0,34
2,TAGCN,1:1,none,44,GNNExplainer,8733,2,0.963609022556391,0.0,0.0,,0.712235152721405,0.6831552982330322,25
2,TAGCN,1:1,none,44,GNNExplainer,8805,2,0.9580451127819547,0.5,1.0,,0.9107479453086853,-0.08360403776168823,24
2,TAGCN,1:1,none,44,GNNExplainer,8239,1,0.8861654135338345,0.8214285714285714,0.0,,0.996034562587738,-0.0017561912536621094,24
2,TAGCN,1:1,none,44,GNNExplainer,9367,4,0.8443609022556391,0.59375,1.0,,0.9030784368515015,-9.226799011230469e-05,32
2,TAGCN,1:1,none,44,PGExplainer,8178,1,,0.96,,,-0.00038057565689086914,0.6428118944168091,32
2,TAGCN,1:1,none,44,PGExplainer,8047,1,,0.96,,,-0.001261889934539795,0.5177855491638184,30
2,TAGCN,1:1,none,44,PGExplainer,9017,3,,0.9500000000000001,,,0.8719724416732788,-0.01491391658782959,33
2,TAGCN,1:1,none,44,PGExplainer,8650,2,,0.5,,,0.3287365436553955,-0.13778775930404663,19
2,TAGCN,1:1,none,44,PGExplainer,8255,1,,0.9615384615384616,,,-5.1856040954589844e-05,0.057558298110961914,31
2,TAGCN,1:1,none,44,PGExplainer,8126,1,,0.9375,,,-1.7881393432617188e-06,0.32251912355422974,31
2,TAGCN,1:1,none,44,PGExplainer,9478,4,,0.9500000000000001,,,-0.0003764629364013672,0.21300387382507324,36
2,TAGCN,1:1,none,44,PGExplainer,8905,3,,0.9333333333333333,,,0.5677996873855591,0.06671720743179321,36
2,TAGCN,1:1,none,44,PGExplainer,9473,4,,0.9642857142857143,,,-1.5139579772949219e-05,0.28451937437057495,33
2,TAGCN,1:1,none,44,PGExplainer,9363,4,,0.96875,,,0.0,0.0,76
2,TAGCN,1:1,none,44,PGExplainer,8684,2,,1.0,,,0.16162890195846558,-0.001101374626159668,22
2,TAGCN,1:1,none,44,PGExplainer,8106,1,,0.9473684210526315,,,-1.800060272216797e-05,0.055151522159576416,27
2,TAGCN,1:1,none,44,PGExplainer,8732,2,,0.75,,,-0.015365302562713623,0.9840699434280396,15
2,TAGCN,1:1,none,44,PGExplainer,9489,4,,0.9500000000000001,,,-5.0067901611328125e-06,0.2903974652290344,38
2,TAGCN,1:1,none,44,PGExplainer,9233,4,,0.9666666666666667,,,0.0,0.0,67
2,TAGCN,1:1,none,44,PGExplainer,8351,1,,0.9615384615384616,,,-0.00027620792388916016,0.09188193082809448,35
2,TAGCN,1:1,none,44,PGExplainer,8031,1,,0.92,,,0.0,0.0,85
2,TAGCN,1:1,none,44,PGExplainer,8502,2,,0.875,,,0.7730522155761719,-0.0004903078079223633,20
2,TAGCN,1:1,none,44,PGExplainer,8273,1,,0.9565217391304348,,,-0.005798399448394775,0.07919961214065552,33
2,TAGCN,1:1,none,44,PGExplainer,9108,3,,0.9772727272727273,,,0.010004162788391113,0.03411990404129028,38
2,TAGCN,1:1,none,44,PGExplainer,8173,1,,0.8888888888888888,,,-0.011822998523712158,0.1420278549194336,26
2,TAGCN,1:1,none,44,PGExplainer,9123,3,,0.96875,,,0.0022626519203186035,0.012006402015686035,27
2,TAGCN,1:1,none,44,PGExplainer,9465,4,,0.9285714285714286,,,-0.09725558757781982,0.015692532062530518,28
2,TAGCN,1:1,none,44,PGExplainer,8498,2,,1.0,,,0.799655020236969,-0.1939958930015564,13
2,TAGCN,1:1,none,44,PGExplainer,8955,3,,0.9500000000000001,,,0.854327917098999,-0.014626920223236084,26
2,TAGCN,1:1,none,44,PGExplainer,8352,1,,0.9807692307692307,,,0.0,0.11407589912414551,34
2,TAGCN,1:1,none,44,PGExplainer,8733,2,,0.75,,,-0.25876450538635254,0.7129411697387695,25
2,TAGCN,1:1,none,44,PGExplainer,8805,2,,0.875,,,0.910390317440033,-0.08360391855239868,24
2,TAGCN,1:1,none,44,PGExplainer,8239,1,,0.9642857142857143,,,-0.0012830495834350586,0.2208968997001648,24
2,TAGCN,1:1,none,44,PGExplainer,9367,4,,0.9375,,,-9.21487808227539e-05,0.05300593376159668,32
2,TAGCN,1:1,none,44,GNNShap,8178,1,0.9723308270676692,,1.0,0.9376155909446882,0.02377396821975708,0.5670580863952637,32
2,TAGCN,1:1,none,44,GNNShap,8047,1,0.9902255639097743,,0.0,0.9593057087247103,0.9654268026351929,0.03973489999771118,30
2,TAGCN,1:1,none,44,GNNShap,9017,3,0.9560902255639098,,0.0,0.990647560799127,-0.08185809850692749,0.9160556793212891,33
2,TAGCN,1:1,none,44,GNNShap,8650,2,0.9624060150375939,,1.0,0.9627718801400575,0.7419862747192383,0.719131350517273,19
2,TAGCN,1:1,none,44,GNNShap,8255,1,0.9526315789473683,,0.0,0.9632008383986215,0.9989669919013977,-5.161762237548828e-05,31
2,TAGCN,1:1,none,44,GNNShap,8126,1,0.8992481203007519,,0.0,0.9377774456266534,0.9713980555534363,1.3947486877441406e-05,31
2,TAGCN,1:1,none,44,GNNShap,9478,4,0.9796992481203006,,0.0,0.9277725463313342,0.9979037046432495,-0.0002086162567138672,36
2,TAGCN,1:1,none,44,GNNShap,8905,3,0.9630075187969924,,0.0,0.928318026435683,-0.006422102451324463,0.9913679957389832,36
2,TAGCN,1:1,none,44,GNNShap,9473,4,0.9765413533834584,,0.0,0.9315041424857098,0.9852375984191895,3.7550926208496094e-05,33
2,TAGCN,1:1,none,44,GNNShap,9363,4,0.8819548872180449,,0.0,0.9958233131002923,0.9999117255210876,0.0,76
2,TAGCN,1:1,none,44,GNNShap,8684,2,0.9804511278195489,,0.0,0.9471189241155885,-0.0009987354278564453,0.9984890818595886,22
2,TAGCN,1:1,none,44,GNNShap,8106,1,0.9637593984962406,,0.0,0.8562890915115948,0.0056340694427490234,0.05039358139038086,27
2,TAGCN,1:1,none,44,GNNShap,8732,2,0.9848120300751878,,1.0,0.9317517723390528,-0.01529473066329956,0.1948685646057129,15
2,TAGCN,1:1,none,44,GNNShap,9489,4,0.9712781954887217,,0.0,0.9242656468197034,0.0007582902908325195,0.36790311336517334,38
2,TAGCN,1:1,none,44,GNNShap,9233,4,0.7924812030075188,,0.0,0.9912827975675054,0.9999457597732544,0.0,67
2,TAGCN,1:1,none,44,GNNShap,8351,1,0.9754887218045113,,0.0,0.9593673884491647,0.0061623454093933105,0.9089175462722778,35
2,TAGCN,1:1,none,44,GNNShap,8031,1,0.9142857142857144,,0.0,0.987808464676521,1.0,0.0,85
2,TAGCN,1:1,none,44,GNNShap,8502,2,0.9130827067669172,,0.0,0.9574530819108051,0.997462809085846,-0.0004532337188720703,20
2,TAGCN,1:1,none,44,GNNShap,8273,1,0.9812030075187967,,0.0,0.9566324176408985,-0.006465792655944824,0.9935336709022522,33
2,TAGCN,1:1,none,44,GNNShap,9108,3,0.9714285714285713,,0.0,0.977666083632983,0.8202344179153442,0.025597453117370605,38
2,TAGCN,1:1,none,44,GNNShap,8173,1,0.9866165413533834,,0.0,0.9407422724043546,0.000800013542175293,0.9833924770355225,26
2,TAGCN,1:1,none,44,GNNShap,9123,3,0.9451127819548871,,0.0,0.9800781781911863,0.007591128349304199,0.8903419375419617,27
2,TAGCN,1:1,none,44,GNNShap,9465,4,0.9795488721804511,,0.0,0.9560180011551018,-0.0792316198348999,0.8895387053489685,28
2,TAGCN,1:1,none,44,GNNShap,8498,2,0.9622556390977444,,0.0,0.9108046689191369,0.7056899070739746,0.43436235189437866,13
2,TAGCN,1:1,none,44,GNNShap,8955,3,0.9733834586466165,,0.0,0.9522035811422939,0.16433006525039673,0.878661572933197,26
2,TAGCN,1:1,none,44,GNNShap,8352,1,0.9281203007518796,,0.0,0.922535836285233,0.8221368193626404,2.5033950805664062e-06,34
2,TAGCN,1:1,none,44,GNNShap,8733,2,0.9703759398496239,,0.0,0.9811605501543397,0.7095553278923035,-0.28705185651779175,25
2,TAGCN,1:1,none,44,GNNShap,8805,2,0.9425563909774436,,0.0,0.9381500075521835,0.6287146806716919,0.8568558692932129,24
2,TAGCN,1:1,none,44,GNNShap,8239,1,0.9739849624060148,,0.0,0.9084310447044116,0.17754876613616943,0.3865068554878235,24
2,TAGCN,1:1,none,44,GNNShap,9367,4,0.9400000000000001,,0.0,0.8575246681082749,0.012794256210327148,0.42924201488494873,32
2,TAGCN,natural,none,42,GNNExplainer,8906,3,0.8517293233082708,0.6333333333333333,1.0,,0.6884468197822571,-0.31053298711776733,28
2,TAGCN,natural,none,42,GNNExplainer,8760,2,0.8640601503759399,0.5,1.0,,0.5378224849700928,-0.3420345187187195,21
2,TAGCN,natural,none,42,GNNExplainer,8526,2,0.8914285714285715,0.5,1.0,,0.7932494878768921,-0.008888661861419678,23
2,TAGCN,natural,none,42,GNNExplainer,9282,4,0.9544360902255639,0.07142857142857142,0.0,,0.9777198433876038,0.6607087850570679,33
2,TAGCN,natural,none,42,GNNExplainer,8263,1,0.9568421052631579,0.5,1.0,,0.9751917719841003,-0.007841944694519043,35
2,TAGCN,natural,none,42,GNNExplainer,8049,1,0.9727819548872179,0.74,1.0,,0.5145915150642395,-0.485406756401062,38
2,TAGCN,natural,none,42,GNNExplainer,8567,2,0.9633082706766917,0.0,1.0,,0.5006000995635986,-0.4978708028793335,24
2,TAGCN,natural,none,42,GNNExplainer,8800,2,0.9082706766917295,0.5,1.0,,0.9316369295120239,-0.04636460542678833,17
2,TAGCN,natural,none,42,GNNExplainer,8846,2,0.8580451127819547,0.5,1.0,,-0.08671092987060547,-0.1615402102470398,24
2,TAGCN,natural,none,42,GNNExplainer,8131,1,0.849624060150376,0.5909090909090909,1.0,,0.9835186004638672,-0.00017780065536499023,35
2,TAGCN,natural,none,42,GNNExplainer,8033,1,0.9715789473684211,0.66,1.0,,0.9805775880813599,-0.01925140619277954,41
2,TAGCN,natural,none,42,GNNExplainer,8468,2,0.8993984962406014,0.0,0.0,,0.582658588886261,0.3543827533721924,19
2,TAGCN,natural,none,42,GNNExplainer,8178,1,0.9204511278195489,0.72,1.0,,0.9360425472259521,-0.06383341550827026,32
2,TAGCN,natural,none,42,GNNExplainer,8892,3,0.9732330827067669,0.7666666666666667,1.0,,0.6810171604156494,-0.31892651319503784,32
2,TAGCN,natural,none,42,GNNExplainer,8563,2,0.9475187969924812,0.125,1.0,,-0.08845841884613037,0.8860387206077576,18
2,TAGCN,natural,none,42,GNNExplainer,8180,1,0.7512781954887217,0.62,1.0,,0.9685229063034058,-3.0875205993652344e-05,36
2,TAGCN,natural,none,42,GNNExplainer,8602,2,0.9625563909774435,0.25,1.0,,0.11403602361679077,0.9608027338981628,26
2,TAGCN,natural,none,42,GNNExplainer,8979,3,0.9418045112781954,0.8055555555555556,1.0,,0.7207906246185303,-0.2779638171195984,34
2,TAGCN,natural,none,42,GNNExplainer,9233,4,0.48796992481203,0.3,0.0,,0.0,0.0,67
2,TAGCN,natural,none,42,GNNExplainer,8704,2,0.8523308270676692,0.5,0.0,,-0.10059487819671631,-0.32720398902893066,21
2,TAGCN,natural,none,42,GNNExplainer,9169,3,0.9365413533834586,0.7954545454545455,1.0,,0.970399022102356,-0.007138669490814209,37
2,TAGCN,natural,none,42,GNNExplainer,9416,4,0.8843609022556389,0.3125,0.0,,0.9703070521354675,-0.028512656688690186,30
2,TAGCN,natural,none,42,GNNExplainer,9248,4,0.9783458646616541,0.7,0.0,,0.8708433508872986,-0.12915444374084473,29
2,TAGCN,natural,none,42,GNNExplainer,8107,1,0.9154887218045111,0.7631578947368421,1.0,,0.9849944710731506,-0.014176487922668457,30
2,TAGCN,natural,none,42,GNNExplainer,8719,2,0.9724812030075187,0.0,0.0,,0.7903048992156982,0.5400847792625427,26
2,TAGCN,natural,none,42,GNNExplainer,9131,3,0.9610526315789473,0.84375,1.0,,0.7535353899002075,0.0267791748046875,26
2,TAGCN,natural,none,42,GNNExplainer,9322,4,0.9210526315789472,0.6956521739130435,0.0,,0.9959572553634644,-0.004042208194732666,35
2,TAGCN,natural,none,42,GNNExplainer,8329,1,0.9481203007518797,0.7333333333333333,1.0,,0.5536268949508667,-0.44571131467819214,30
2,TAGCN,natural,none,42,GNNExplainer,9190,4,0.9291729323308269,0.5,0.0,,0.679352879524231,-0.32064223289489746,35
2,TAGCN,natural,none,42,GNNExplainer,8516,2,0.9342857142857144,0.375,1.0,,0.5886266231536865,-0.2991560697555542,29
2,TAGCN,natural,none,42,PGExplainer,8906,3,,0.9333333333333333,,,0.3945871591567993,-0.3056511878967285,28
2,TAGCN,natural,none,42,PGExplainer,8760,2,,0.75,,,-0.23202109336853027,-0.33965224027633667,21
2,TAGCN,natural,none,42,PGExplainer,8526,2,,0.5,,,0.355773389339447,-0.008888661861419678,23
2,TAGCN,natural,none,42,PGExplainer,9282,4,,0.8928571428571429,,,0.9788880348205566,0.5519320964813232,33
2,TAGCN,natural,none,42,PGExplainer,8263,1,,0.9423076923076923,,,0.10862618684768677,0.6611539125442505,35
2,TAGCN,natural,none,42,PGExplainer,8049,1,,0.94,,,-0.4658336639404297,-0.14091211557388306,38
2,TAGCN,natural,none,42,PGExplainer,8567,2,,0.875,,,-0.4920419454574585,0.5006513595581055,24
2,TAGCN,natural,none,42,PGExplainer,8800,2,,0.5,,,0.26165902614593506,-0.03931760787963867,17
2,TAGCN,natural,none,42,PGExplainer,8846,2,,0.8333333333333334,,,0.47126078605651855,-0.16154378652572632,24
2,TAGCN,natural,none,42,PGExplainer,8131,1,,0.9318181818181818,,,-0.00016039609909057617,0.16277188062667847,35
2,TAGCN,natural,none,42,PGExplainer,8033,1,,0.94,,,-0.018642961978912354,0.30893105268478394,41
2,TAGCN,natural,none,42,PGExplainer,8468,2,,0.75,,,-0.3482746481895447,0.5840741991996765,19
2,TAGCN,natural,none,42,PGExplainer,8178,1,,0.94,,,-0.05573868751525879,0.5636695623397827,32
2,TAGCN,natural,none,42,PGExplainer,8892,3,,0.9333333333333333,,,0.5127447843551636,-0.29673683643341064,32
2,TAGCN,natural,none,42,PGExplainer,8563,2,,0.75,,,-0.01518315076828003,0.8688268065452576,18
2,TAGCN,natural,none,42,PGExplainer,8180,1,,0.94,,,-3.0279159545898438e-05,0.03332102298736572,36
2,TAGCN,natural,none,42,PGExplainer,8602,2,,0.5,,,0.07209110260009766,0.9608028531074524,26
2,TAGCN,natural,none,42,PGExplainer,8979,3,,0.9166666666666666,,,0.6782063841819763,-0.25926846265792847,34
2,TAGCN,natural,none,42,PGExplainer,9233,4,,0.8666666666666667,,,0.0,0.0,67
2,TAGCN,natural,none,42,PGExplainer,8704,2,,0.8333333333333334,,,0.3217172622680664,-0.3272135853767395,21
2,TAGCN,natural,none,42,PGExplainer,9169,3,,0.9318181818181818,,,0.006782650947570801,0.015283167362213135,37
2,TAGCN,natural,none,42,PGExplainer,9416,4,,0.90625,,,0.4100358486175537,0.05944305658340454,30
2,TAGCN,natural,none,42,PGExplainer,9248,4,,0.9,,,-0.1284501552581787,0.41830602288246155,29
2,TAGCN,natural,none,42,PGExplainer,8107,1,,0.8947368421052632,,,-0.013759195804595947,0.21590423583984375,30
2,TAGCN,natural,none,42,PGExplainer,8719,2,,0.875,,,-0.02066713571548462,0.9251697063446045,26
2,TAGCN,natural,none,42,PGExplainer,9131,3,,0.96875,,,0.05655014514923096,0.0267791748046875,26
2,TAGCN,natural,none,42,PGExplainer,9322,4,,0.9347826086956522,,,-0.004002869129180908,0.05289047956466675,35
2,TAGCN,natural,none,42,PGExplainer,8329,1,,0.9,,,-0.4444676637649536,-0.24500656127929688,30
2,TAGCN,natural,none,42,PGExplainer,9190,4,,0.9090909090909091,,,0.6676157712936401,0.3834979236125946,35
2,TAGCN,natural,none,42,PGExplainer,8516,2,,0.875,,,0.6301850080490112,-0.2991524338722229,29
2,TAGCN,natural,none,42,GNNShap,8906,3,0.9587969924812029,,0.0,0.9832265856710745,-0.08838790655136108,0.6893796324729919,28
2,TAGCN,natural,none,42,GNNShap,8760,2,0.9741353383458644,,1.0,0.9759200688864949,-0.29238438606262207,0.6579614281654358,21
2,TAGCN,natural,none,42,GNNShap,8526,2,0.9562406015037592,,0.0,0.9592620419302171,0.9884905219078064,0.0024959444999694824,23
2,TAGCN,natural,none,42,GNNShap,9282,4,0.9918796992481204,,0.0,0.9461018798828237,-0.019970178604125977,0.019981324672698975,33
2,TAGCN,natural,none,42,GNNShap,8263,1,0.9430075187969923,,0.0,0.9467998196395863,-0.02455461025238037,0.03896629810333252,35
2,TAGCN,natural,none,42,GNNShap,8049,1,0.9702255639097743,,1.0,0.9640137581631377,0.5125465393066406,0.001694321632385254,38
2,TAGCN,natural,none,42,GNNShap,8567,2,0.9810526315789472,,1.0,0.9895884979111524,-0.49927228689193726,0.46573105454444885,24
2,TAGCN,natural,none,42,GNNShap,8800,2,0.9642105263157893,,1.0,0.9710302729586082,0.953478217124939,-0.041095077991485596,17
2,TAGCN,natural,none,42,GNNShap,8846,2,0.9672180451127821,,1.0,0.9687029937208218,0.8383063673973083,-0.1338634490966797,24
2,TAGCN,natural,none,42,GNNShap,8131,1,0.9796992481203006,,0.0,0.9542567968605017,0.9996906518936157,-0.00015932321548461914,35
2,TAGCN,natural,none,42,GNNShap,8033,1,0.9849624060150376,,0.0,0.9544572057791617,0.6928545832633972,0.9408553838729858,41
2,TAGCN,natural,none,42,GNNShap,8468,2,0.9687218045112781,,0.0,0.9792609385719109,0.2543931007385254,-0.4154664874076843,19
2,TAGCN,natural,none,42,GNNShap,8178,1,0.9712781954887217,,1.0,0.9670686579904301,0.9359654188156128,-0.05690479278564453,32
2,TAGCN,natural,none,42,GNNShap,8892,3,0.9627067669172931,,0.0,0.9575799913861556,-0.25217270851135254,0.6810634136199951,32
2,TAGCN,natural,none,42,GNNShap,8563,2,0.9836090225563907,,0.0,0.9633586328606146,-0.08755308389663696,-0.05248713493347168,18
2,TAGCN,natural,none,42,GNNShap,8180,1,0.9747368421052631,,0.0,0.947369829934978,0.9988752603530884,-2.47955322265625e-05,36
2,TAGCN,natural,none,42,GNNShap,8602,2,0.9741353383458649,,0.0,0.9770968660235102,-0.022874891757965088,0.14934509992599487,26
2,TAGCN,natural,none,42,GNNShap,8979,3,0.9678195488721804,,0.0,0.9828510753226205,0.7207843065261841,0.0934019684791565,34
2,TAGCN,natural,none,42,GNNShap,9233,4,0.9321804511278196,,0.0,0.9947515767507392,0.9999279379844666,0.0,67
2,TAGCN,natural,none,42,GNNShap,8704,2,0.964360902255639,,1.0,0.9693091387499674,-0.16814279556274414,0.6722500920295715,21
2,TAGCN,natural,none,42,GNNShap,9169,3,0.9273684210526314,,0.0,0.9946550918803112,0.007680237293243408,0.9928110241889954,37
2,TAGCN,natural,none,42,GNNShap,9416,4,0.9739849624060148,,0.0,0.9252105603863672,-0.029682159423828125,0.9307230710983276,30
2,TAGCN,natural,none,42,GNNShap,9248,4,0.9744360902255638,,0.0,0.9782663448564994,-0.11989742517471313,0.8706237077713013,29
2,TAGCN,natural,none,42,GNNShap,8107,1,0.9681203007518796,,0.0,0.9507624935059796,-0.013583779335021973,0.9857556223869324,30
2,TAGCN,natural,none,42,GNNShap,8719,2,0.9867669172932331,,0.0,0.9783564223255041,-0.07143676280975342,0.040199875831604004,26
2,TAGCN,natural,none,42,GNNShap,9131,3,0.9428571428571427,,1.0,0.9726533627332854,0.5119830369949341,0.8720967769622803,26
2,TAGCN,natural,none,42,GNNShap,9322,4,0.9479699248120301,,0.0,0.9515328457258587,0.015074074268341064,0.9929683804512024,35
2,TAGCN,natural,none,42,GNNShap,8329,1,0.9670676691729323,,0.0,0.9823266558175783,-0.17756640911102295,0.5531206727027893,30
2,TAGCN,natural,none,42,GNNShap,9190,4,0.9790977443609021,,0.0,0.9761288325898707,-0.32041412591934204,0.5660079717636108,35
2,TAGCN,natural,none,42,GNNShap,8516,2,0.9750375939849623,,0.0,0.9564474966561122,0.6993808150291443,-0.22357702255249023,29
2,TAGCN,natural,none,43,GNNExplainer,8906,3,0.8821052631578947,0.6666666666666666,1.0,,0.5796988606452942,-0.41821539402008057,28
2,TAGCN,natural,none,43,GNNExplainer,9169,3,0.898345864661654,0.7727272727272727,1.0,,0.9192407131195068,-0.011665761470794678,37
2,TAGCN,natural,none,43,GNNExplainer,8526,2,0.9183458646616541,0.6666666666666666,1.0,,0.7778329849243164,-0.008337080478668213,23
2,TAGCN,natural,none,43,GNNExplainer,9282,4,0.9606015037593985,0.07142857142857142,0.0,,0.9672533869743347,0.14696186780929565,33
2,TAGCN,natural,none,43,GNNExplainer,8263,1,0.97203007518797,0.4807692307692308,1.0,,0.9878741502761841,0.002278268337249756,35
2,TAGCN,natural,none,43,GNNExplainer,8049,1,0.9491729323308269,0.36,1.0,,0.61551833152771,-0.3840538263320923,38
2,TAGCN,natural,none,43,GNNExplainer,8567,2,0.9118796992481203,0.625,1.0,,0.592337965965271,-0.3808095455169678,24
2,TAGCN,natural,none,43,GNNExplainer,9143,3,0.8679699248120301,0.7708333333333333,1.0,,0.9832140207290649,-0.010947942733764648,40
2,TAGCN,natural,none,43,GNNExplainer,9367,4,0.925563909774436,0.6875,0.0,,0.8755437731742859,-0.12413465976715088,32
2,TAGCN,natural,none,43,GNNExplainer,8131,1,0.7440601503759398,0.5909090909090909,1.0,,0.9537906050682068,-3.707408905029297e-05,35
2,TAGCN,natural,none,43,GNNExplainer,8033,1,0.878345864661654,0.48,1.0,,0.19703620672225952,-0.03145122528076172,41
2,TAGCN,natural,none,43,GNNExplainer,8468,2,0.9338345864661652,0.0,0.0,,0.4514043629169464,0.37616679072380066,19
2,TAGCN,natural,none,43,GNNExplainer,8178,1,0.9442105263157894,0.72,1.0,,0.9618395566940308,-0.03804588317871094,32
2,TAGCN,natural,none,43,GNNExplainer,8892,3,0.9452631578947368,0.10000000000000002,1.0,,0.5058088302612305,-0.4923076033592224,32
2,TAGCN,natural,none,43,GNNExplainer,8563,2,0.9457142857142855,0.625,1.0,,0.6478826999664307,-0.3507625460624695,18
2,TAGCN,natural,none,43,GNNExplainer,8180,1,0.7566917293233082,0.64,1.0,,0.9678676128387451,-3.62396240234375e-05,36
2,TAGCN,natural,none,43,GNNExplainer,8602,2,0.9738345864661655,0.125,1.0,,0.5590724349021912,0.6779947876930237,26
2,TAGCN,natural,none,43,GNNExplainer,8979,3,0.9520300751879697,0.6666666666666666,1.0,,0.5797722935676575,-0.41743743419647217,34
2,TAGCN,natural,none,43,GNNExplainer,9472,4,0.9478195488721803,0.8214285714285714,0.0,,0.8486645817756653,-0.1513344645500183,26
2,TAGCN,natural,none,43,GNNExplainer,9418,4,0.9437593984962407,0.65625,0.0,,0.7966466546058655,-0.20299488306045532,34
2,TAGCN,natural,none,43,GNNExplainer,8744,2,0.8860150375939849,0.0,0.0,,0.011716604232788086,0.8923839330673218,14
2,TAGCN,natural,none,43,GNNExplainer,9369,4,0.9581954887218045,0.78125,0.0,,0.006236732006072998,0.4439759850502014,31
2,TAGCN,natural,none,43,GNNExplainer,9384,4,0.9458646616541353,0.08333333333333333,1.0,,0.5377452373504639,-0.32966285943984985,26
2,TAGCN,natural,none,43,GNNExplainer,8107,1,0.9542857142857141,0.7894736842105263,1.0,,0.9773298501968384,-0.0028963685035705566,30
2,TAGCN,natural,none,43,GNNExplainer,8714,2,0.9437593984962407,0.625,1.0,,0.7789731025695801,-0.21699869632720947,22
2,TAGCN,natural,none,43,GNNExplainer,9464,4,0.9374436090225565,0.7142857142857143,0.0,,0.8331292867660522,-0.16670536994934082,30
2,TAGCN,natural,none,43,GNNExplainer,9322,4,0.9282706766917294,0.717391304347826,0.0,,0.9905317425727844,-0.00946807861328125,35
2,TAGCN,natural,none,43,GNNExplainer,8329,1,0.9359398496240601,0.7666666666666667,1.0,,0.6134434938430786,-0.38646364212036133,30
2,TAGCN,natural,none,43,GNNExplainer,9190,4,0.9204511278195486,0.5,0.0,,0.5166959762573242,-0.4833028316497803,35
2,TAGCN,natural,none,43,GNNExplainer,8516,2,0.9327819548872179,0.625,1.0,,0.7414979338645935,-0.11039113998413086,29
2,TAGCN,natural,none,43,PGExplainer,8906,3,,0.9333333333333333,,,0.3448163866996765,-0.3867678642272949,28
2,TAGCN,natural,none,43,PGExplainer,9169,3,,0.9318181818181818,,,-0.00015431642532348633,0.07226872444152832,37
2,TAGCN,natural,none,43,PGExplainer,8526,2,,0.5,,,0.3435242176055908,-0.00833958387374878,23
2,TAGCN,natural,none,43,PGExplainer,9282,4,,0.8928571428571429,,,0.9675536751747131,0.502601146697998,33
2,TAGCN,natural,none,43,PGExplainer,8263,1,,0.9615384615384616,,,0.08029615879058838,0.5634196996688843,35
2,TAGCN,natural,none,43,PGExplainer,8049,1,,0.94,,,0.6041760444641113,0.25041133165359497,38
2,TAGCN,natural,none,43,PGExplainer,8567,2,,1.0,,,0.600572943687439,-0.38080984354019165,24
2,TAGCN,natural,none,43,PGExplainer,9143,3,,0.9791666666666666,,,-0.0027060508728027344,0.05367231369018555,40
2,TAGCN,natural,none,43,PGExplainer,9367,4,,0.875,,,-0.12409061193466187,0.11335921287536621,32
2,TAGCN,natural,none,43,PGExplainer,8131,1,,0.9318181818181818,,,-3.516674041748047e-05,0.13377153873443604,35
2,TAGCN,natural,none,43,PGExplainer,8033,1,,0.94,,,-0.03129136562347412,0.19703638553619385,41
2,TAGCN,natural,none,43,PGExplainer,8468,2,,0.75,,,-0.3364189863204956,0.5439159870147705,19
2,TAGCN,natural,none,43,PGExplainer,8178,1,,0.94,,,-0.03504133224487305,0.4344820976257324,32
2,TAGCN,natural,none,43,PGExplainer,8892,3,,0.9333333333333333,,,-0.4227296710014343,0.44861066341400146,32
2,TAGCN,natural,none,43,PGExplainer,8563,2,,0.75,,,0.28838565945625305,-0.2746206521987915,18
2,TAGCN,natural,none,43,PGExplainer,8180,1,,0.94,,,-3.5762786865234375e-05,0.06276851892471313,36
2,TAGCN,natural,none,43,PGExplainer,8602,2,,0.75,,,0.38041606545448303,0.728014349937439,26
2,TAGCN,natural,none,43,PGExplainer,8979,3,,0.9166666666666666,,,0.5530356168746948,-0.37671083211898804,34
2,TAGCN,natural,none,43,PGExplainer,9472,4,,0.8928571428571429,,,-0.14711683988571167,0.1201934814453125,26
2,TAGCN,natural,none,43,PGExplainer,9418,4,,0.90625,,,-0.20294487476348877,0.10560065507888794,34
2,TAGCN,natural,none,43,PGExplainer,8744,2,,0.5,,,0.6727180480957031,0.9208366274833679,14
2,TAGCN,natural,none,43,PGExplainer,9369,4,,0.875,,,-0.0010482072830200195,0.4439759850502014,31
2,TAGCN,natural,none,43,PGExplainer,9384,4,,0.875,,,0.52950519323349,0.20154759287834167,26
2,TAGCN,natural,none,43,PGExplainer,8107,1,,0.8947368421052632,,,-0.0028277039527893066,0.27345532178878784,30
2,TAGCN,natural,none,43,PGExplainer,8714,2,,0.75,,,0.10543161630630493,-0.10423600673675537,22
2,TAGCN,natural,none,43,PGExplainer,9464,4,,0.8928571428571429,,,-0.16534847021102905,0.04674875736236572,30
2,TAGCN,natural,none,43,PGExplainer,9322,4,,0.9347826086956522,,,-0.009331345558166504,0.12252318859100342,35
2,TAGCN,natural,none,43,PGExplainer,8329,1,,0.9333333333333333,,,-0.1992727518081665,-0.19386345148086548,30
2,TAGCN,natural,none,43,PGExplainer,9190,4,,0.9318181818181818,,,0.5144969820976257,0.22737553715705872,35
2,TAGCN,natural,none,43,PGExplainer,8516,2,,0.875,,,0.8071218132972717,-0.11036920547485352,29
2,TAGCN,natural,none,43,GNNShap,8906,3,0.9813533834586465,,0.0,0.9889366792988479,-0.07423824071884155,0.5816788077354431,28
2,TAGCN,natural,none,43,GNNShap,9169,3,0.8654135338345863,,0.0,0.9961074477815393,-0.0021494626998901367,0.9882127642631531,37
2,TAGCN,natural,none,43,GNNShap,8526,2,0.9682706766917292,,0.0,0.9751899981605977,0.9874032735824585,0.002201378345489502,23
2,TAGCN,natural,none,43,GNNShap,9282,4,0.983157894736842,,0.0,0.9576031649422803,-0.029978632926940918,0.0074936747550964355,33
2,TAGCN,natural,none,43,GNNShap,8263,1,0.964360902255639,,0.0,0.9442094499403971,-0.011268138885498047,0.019685745239257812,35
2,TAGCN,natural,none,43,GNNShap,8049,1,0.9903759398496239,,1.0,0.9450088269274248,-0.38029366731643677,-0.04132366180419922,38
2,TAGCN,natural,none,43,GNNShap,8567,2,0.9658646616541354,,1.0,0.9828887363272759,0.6188812851905823,-0.34252089262008667,24
2,TAGCN,natural,none,43,GNNShap,9143,3,0.9595488721804509,,0.0,0.9850541023782362,0.028678476810455322,0.9888606667518616,40
2,TAGCN,natural,none,43,GNNShap,9367,4,0.9851127819548872,,0.0,0.9375855124997265,0.24025243520736694,0.8544602990150452,32
2,TAGCN,natural,none,43,GNNShap,8131,1,0.9827067669172932,,0.0,0.9535653626796934,0.9990366101264954,9.417533874511719e-06,35
2,TAGCN,natural,none,43,GNNShap,8033,1,0.989172932330827,,0.0,0.9620238747341396,0.27625197172164917,0.8840372562408447,41
2,TAGCN,natural,none,43,GNNShap,8468,2,0.9741353383458646,,0.0,0.9845477014468381,0.2027028501033783,-0.4541701078414917,19
2,TAGCN,natural,none,43,GNNShap,8178,1,0.9756390977443609,,1.0,0.9680644947900914,0.9611450433731079,-0.031345248222351074,32
2,TAGCN,natural,none,43,GNNShap,8892,3,0.9711278195488722,,0.0,0.9701025191102722,0.4803194999694824,-0.494163453578949,32
2,TAGCN,natural,none,43,GNNShap,8563,2,0.9586466165413533,,0.0,0.978091172957547,-0.22969919443130493,0.6489002704620361,18
2,TAGCN,natural,none,43,GNNShap,8180,1,0.9816541353383459,,0.0,0.9337461509839609,0.9955013394355774,-2.0503997802734375e-05,36
2,TAGCN,natural,none,43,GNNShap,8602,2,0.969624060150376,,0.0,0.9801836562472754,0.6167769432067871,-0.23763275146484375,26
2,TAGCN,natural,none,43,GNNShap,8979,3,0.9496240601503759,,0.0,0.9882160535672597,0.575815737247467,0.3197382986545563,34
2,TAGCN,natural,none,43,GNNShap,9472,4,0.9593984962406014,,0.0,0.9693708097547884,0.16502153873443604,0.8458965420722961,26
2,TAGCN,natural,none,43,GNNShap,9418,4,0.9866165413533834,,0.0,0.9760849975848332,0.6315065622329712,0.7161364555358887,34
2,TAGCN,natural,none,43,GNNShap,8744,2,0.9754887218045111,,1.0,0.9610198146182624,0.1972861886024475,-0.0021052956581115723,14
2,TAGCN,natural,none,43,GNNShap,9369,4,0.9801503759398497,,0.0,0.9742105172083388,0.9869166016578674,0.006514132022857666,31
2,TAGCN,natural,none,43,GNNShap,9384,4,0.9861654135338347,,0.0,0.9517927288502662,-0.4519006609916687,0.480152428150177,26
2,TAGCN,natural,none,43,GNNShap,8107,1,0.9845112781954887,,1.0,0.9564552373319882,-0.00197678804397583,0.9969584345817566,30
2,TAGCN,natural,none,43,GNNShap,8714,2,0.9714285714285715,,0.0,0.9793001987577226,0.7825512290000916,0.5284533500671387,22
2,TAGCN,natural,none,43,GNNShap,9464,4,0.9830075187969924,,0.0,0.9588902186928092,0.5237025022506714,0.8188958168029785,30
2,TAGCN,natural,none,43,GNNShap,9322,4,0.9503759398496239,,0.0,0.964299167865726,0.2397240400314331,0.9424901604652405,35
2,TAGCN,natural,none,43,GNNShap,8329,1,0.9836090225563909,,0.0,0.9805975917409937,-0.21688324213027954,0.6121379733085632,30
2,TAGCN,natural,none,43,GNNShap,9190,4,0.9512781954887217,,0.0,0.986677842794298,-0.4806307554244995,0.21667718887329102,35
2,TAGCN,natural,none,43,GNNShap,8516,2,0.9754887218045111,,0.0,0.942106556274662,0.8765894770622253,0.01563316583633423,29
2,TAGCN,natural,none,44,GNNExplainer,8906,3,0.7962406015037592,0.6666666666666666,1.0,,0.7035195231437683,-0.2917364239692688,28
2,TAGCN,natural,none,44,GNNExplainer,8760,2,0.828421052631579,0.5,1.0,,0.6133694648742676,-0.14708077907562256,21
2,TAGCN,natural,none,44,GNNExplainer,8526,2,0.9354887218045113,0.5,1.0,,0.8658376932144165,-0.007524311542510986,23
2,TAGCN,natural,none,44,GNNExplainer,9282,4,0.9554887218045112,0.07142857142857142,0.0,,0.7310597896575928,0.5153430700302124,33
2,TAGCN,natural,none,44,GNNExplainer,8263,1,0.9679699248120299,0.4807692307692308,1.0,,0.9924510717391968,-0.0003483891487121582,35
2,TAGCN,natural,none,44,GNNExplainer,8049,1,0.9747368421052631,0.76,1.0,,0.5617957711219788,-0.438160240650177,38
2,TAGCN,natural,none,44,GNNExplainer,8567,2,0.853984962406015,0.5,1.0,,0.5981624126434326,-0.3151465654373169,24
2,TAGCN,natural,none,44,GNNExplainer,8800,2,0.8839097744360902,0.6666666666666666,1.0,,0.8560829162597656,-0.10381996631622314,17
2,TAGCN,natural,none,44,GNNExplainer,8846,2,0.9177443609022555,0.5,1.0,,0.09091204404830933,-0.13044601678848267,24
2,TAGCN,natural,none,44,GNNExplainer,8131,1,0.7697744360902254,0.6590909090909091,1.0,,0.9857392907142639,-8.845329284667969e-05,35
2,TAGCN,natural,none,44,GNNExplainer,8033,1,0.9466165413533834,0.66,1.0,,0.9881624579429626,-0.010669887065887451,41
2,TAGCN,natural,none,44,GNNExplainer,8468,2,0.9538345864661653,0.25,0.0,,0.5932044386863708,-0.37152403593063354,19
2,TAGCN,natural,none,44,GNNExplainer,8178,1,0.9708270676691729,0.82,1.0,,-0.01448214054107666,-0.027838528156280518,32
2,TAGCN,natural,none,44,GNNExplainer,8892,3,0.9615037593984962,0.13333333333333333,1.0,,0.5356881022453308,-0.4633968472480774,32
2,TAGCN,natural,none,44,GNNExplainer,8563,2,0.9374436090225563,0.125,1.0,,0.6637601852416992,0.649695098400116,18
2,TAGCN,natural,none,44,GNNExplainer,8180,1,0.7601503759398496,0.64,1.0,,0.9143813848495483,-2.7298927307128906e-05,36
2,TAGCN,natural,none,44,GNNExplainer,8602,2,0.9726315789473683,0.25,1.0,,0.8595359325408936,0.9545513391494751,26
2,TAGCN,natural,none,44,GNNExplainer,8979,3,0.8711278195488721,0.75,0.0,,0.6935158967971802,-0.3034219741821289,34
2,TAGCN,natural,none,44,GNNExplainer,9233,4,0.49428571428571433,0.3,0.0,,0.0,0.0,67
2,TAGCN,natural,none,44,GNNExplainer,8704,2,0.9022556390977442,0.8333333333333334,1.0,,0.6360288858413696,-0.15177768468856812,21
2,TAGCN,natural,none,44,GNNExplainer,9169,3,0.8712781954887218,0.7954545454545455,1.0,,0.907420814037323,-0.015511751174926758,37
2,TAGCN,natural,none,44,GNNExplainer,9416,4,0.89593984962406,0.28125,0.0,,0.9598091244697571,-0.04019075632095337,30
2,TAGCN,natural,none,44,GNNExplainer,9248,4,0.9442105263157894,0.8000000000000002,0.0,,0.9184552431106567,-0.08154034614562988,29
2,TAGCN,natural,none,44,GNNExplainer,8107,1,0.9542857142857141,0.8157894736842104,1.0,,0.8278424143791199,-0.004212677478790283,30
2,TAGCN,natural,none,44,GNNExplainer,8719,2,0.9524812030075189,0.0,0.0,,0.8548845648765564,0.39161038398742676,26
2,TAGCN,natural,none,44,GNNExplainer,9131,3,0.9530827067669172,0.8125,1.0,,-0.0183943510055542,-0.025206327438354492,26
2,TAGCN,natural,none,44,GNNExplainer,9322,4,0.8902255639097744,0.6956521739130435,0.0,,0.9868916273117065,-0.013107359409332275,35
2,TAGCN,natural,none,44,GNNExplainer,8329,1,0.9291729323308269,0.8000000000000002,1.0,,0.6640517115592957,-0.3355773687362671,30
2,TAGCN,natural,none,44,GNNExplainer,9190,4,0.9496240601503757,0.75,0.0,,0.5167613625526428,-0.48323673009872437,35
2,TAGCN,natural,none,44,GNNExplainer,8516,2,0.9461654135338344,0.5,1.0,,0.7884052395820618,-0.10134315490722656,29
2,TAGCN,natural,none,44,PGExplainer,8906,3,,0.9333333333333333,,,0.6624403595924377,-0.2850431799888611,28
2,TAGCN,natural,none,44,PGExplainer,8760,2,,0.75,,,0.7915366888046265,-0.14707988500595093,21
2,TAGCN,natural,none,44,PGExplainer,8526,2,,0.5,,,0.30843716859817505,-0.007525265216827393,23
2,TAGCN,natural,none,44,PGExplainer,9282,4,,0.8928571428571429,,,0.8740814328193665,0.5153430700302124,33
2,TAGCN,natural,none,44,PGExplainer,8263,1,,0.9423076923076923,,,0.02183854579925537,0.6305654048919678,35
2,TAGCN,natural,none,44,PGExplainer,8049,1,,0.94,,,-0.4272468090057373,-0.019441068172454834,38
2,TAGCN,natural,none,44,PGExplainer,8567,2,,0.875,,,0.6677476763725281,-0.3151470422744751,24
2,TAGCN,natural,none,44,PGExplainer,8800,2,,0.5,,,0.3606066107749939,-0.09321975708007812,17
2,TAGCN,natural,none,44,PGExplainer,8846,2,,1.0,,,0.6507091522216797,-0.13044583797454834,24
2,TAGCN,natural,none,44,PGExplainer,8131,1,,0.9318181818181818,,,-8.547306060791016e-05,0.17678165435791016,35
2,TAGCN,natural,none,44,PGExplainer,8033,1,,0.94,,,-0.010439157485961914,0.32862573862075806,41
2,TAGCN,natural,none,44,PGExplainer,8468,2,,0.75,,,0.4342291057109833,-0.3711104989051819,19
2,TAGCN,natural,none,44,PGExplainer,8178,1,,0.94,,,-0.02438277006149292,0.7080872058868408,32
2,TAGCN,natural,none,44,PGExplainer,8892,3,,0.9333333333333333,,,-0.4517815113067627,0.4831180274486542,32
2,TAGCN,natural,none,44,PGExplainer,8563,2,,0.75,,,-0.07022428512573242,0.6310977935791016,18
2,TAGCN,natural,none,44,PGExplainer,8180,1,,0.94,,,-2.6941299438476562e-05,0.04153960943222046,36
2,TAGCN,natural,none,44,PGExplainer,8602,2,,0.75,,,-0.039378821849823,0.954809308052063,26
2,TAGCN,natural,none,44,PGExplainer,8979,3,,0.9166666666666666,,,0.6706950664520264,-0.2920994758605957,34
2,TAGCN,natural,none,44,PGExplainer,9233,4,,0.8666666666666667,,,0.0,0.0,67
2,TAGCN,natural,none,44,PGExplainer,8704,2,,0.6666666666666666,,,0.489139586687088,-0.15177756547927856,21
2,TAGCN,natural,none,44,PGExplainer,9169,3,,0.9318181818181818,,,0.0030096769332885742,0.0041387081146240234,37
2,TAGCN,natural,none,44,PGExplainer,9416,4,,0.90625,,,0.7959254384040833,0.05035883188247681,30
2,TAGCN,natural,none,44,PGExplainer,9248,4,,0.9,,,-0.08143079280853271,0.4718329906463623,29
2,TAGCN,natural,none,44,PGExplainer,8107,1,,0.9210526315789473,,,-0.0041214823722839355,0.4087753891944885,30
2,TAGCN,natural,none,44,PGExplainer,8719,2,,0.75,,,-0.013964653015136719,0.9083756804466248,26
2,TAGCN,natural,none,44,PGExplainer,9131,3,,0.96875,,,0.09665572643280029,-0.02520620822906494,26
2,TAGCN,natural,none,44,PGExplainer,9322,4,,0.9347826086956522,,,-0.013041436672210693,0.08377695083618164,35
2,TAGCN,natural,none,44,PGExplainer,8329,1,,0.9333333333333333,,,-0.24159473180770874,-0.06087195873260498,30
2,TAGCN,natural,none,44,PGExplainer,9190,4,,0.9318181818181818,,,-0.48104166984558105,-0.22642284631729126,35
2,TAGCN,natural,none,44,PGExplainer,8516,2,,0.875,,,0.7595744729042053,-0.1013641357421875,29
2,TAGCN,natural,none,44,GNNShap,8906,3,0.9514285714285713,,0.0,0.988839891500796,-0.22965079545974731,0.7080561518669128,28
2,TAGCN,natural,none,44,GNNShap,8760,2,0.9843609022556391,,1.0,0.9740113330095422,0.08095574378967285,0.852622926235199,21
2,TAGCN,natural,none,44,GNNShap,8526,2,0.9678195488721804,,0.0,0.9533779249649109,0.9902145266532898,0.0018775463104248047,23
2,TAGCN,natural,none,44,GNNShap,9282,4,0.9861654135338345,,0.0,0.9563264321512964,-0.12209081649780273,-0.09097206592559814,33
2,TAGCN,natural,none,44,GNNShap,8263,1,0.961503759398496,,0.0,0.9494949457545792,-0.007180273532867432,0.028278887271881104,35
2,TAGCN,natural,none,44,GNNShap,8049,1,0.9750375939849624,,1.0,0.9700606510780668,0.5570723414421082,-0.003097057342529297,38
2,TAGCN,natural,none,44,GNNShap,8567,2,0.9842105263157894,,1.0,0.9839515209487347,0.6846200227737427,-0.2870161533355713,24
2,TAGCN,natural,none,44,GNNShap,8800,2,0.9666165413533833,,1.0,0.9626669155188324,0.896111786365509,-0.09822839498519897,17
2,TAGCN,natural,none,44,GNNShap,8846,2,0.9670676691729323,,1.0,0.9634360156953659,0.8689886927604675,-0.09134912490844727,24
2,TAGCN,natural,none,44,GNNShap,8131,1,0.9873684210526316,,0.0,0.9470895897703177,0.9992897510528564,-6.818771362304688e-05,35
2,TAGCN,natural,none,44,GNNShap,8033,1,0.9732330827067669,,0.0,0.9628820512257128,0.42114317417144775,0.8732169270515442,41
2,TAGCN,natural,none,44,GNNShap,8468,2,0.9738345864661653,,0.0,0.9842899210279971,-0.18692117929458618,0.6269121766090393,19
2,TAGCN,natural,none,44,GNNShap,8178,1,0.9754887218045113,,1.0,0.9568345141602448,0.971684455871582,-0.024057745933532715,32
2,TAGCN,natural,none,44,GNNShap,8892,3,0.9681203007518796,,0.0,0.9654905816617205,0.5300037860870361,-0.46428197622299194,32
2,TAGCN,natural,none,44,GNNShap,8563,2,0.9584962406015037,,0.0,0.9608603018056389,-0.2989081144332886,-0.2481480836868286,18
2,TAGCN,natural,none,44,GNNShap,8180,1,0.9464661654135336,,0.0,0.9262138220469401,0.9978727102279663,-2.193450927734375e-05,36
2,TAGCN,natural,none,44,GNNShap,8602,2,0.9825563909774434,,0.0,0.9521406553112325,0.6702800989151001,-0.04496133327484131,26
2,TAGCN,natural,none,44,GNNShap,8979,3,0.9789473684210526,,0.0,0.9797875195467205,0.6920677423477173,0.18949860334396362,34
2,TAGCN,natural,none,44,GNNShap,9233,4,0.9245112781954885,,0.0,0.9920782577419901,0.9999163150787354,0.0,67
2,TAGCN,natural,none,44,GNNShap,8704,2,0.9757894736842105,,1.0,0.9691003724545594,0.05874490737915039,0.8454894423484802,21
2,TAGCN,natural,none,44,GNNShap,9169,3,0.93593984962406,,0.0,0.9937424899503791,-0.01235508918762207,0.9844155311584473,37
2,TAGCN,natural,none,44,GNNShap,9416,4,0.9760902255639097,,0.0,0.8908791671832403,-0.04019039869308472,0.9279048442840576,30
2,TAGCN,natural,none,44,GNNShap,9248,4,0.9869172932330826,,0.0,0.96201083512926,-0.07531958818435669,0.9182127118110657,29
2,TAGCN,natural,none,44,GNNShap,8107,1,0.9649624060150375,,0.0,0.961387755319268,-0.004134833812713623,0.9956213235855103,30
2,TAGCN,natural,none,44,GNNShap,8719,2,0.9775939849624059,,0.0,0.9765711805422056,-0.08771294355392456,-0.01880037784576416,26
2,TAGCN,natural,none,44,GNNShap,9131,3,0.972781954887218,,1.0,0.9694774094309186,0.5823765397071838,0.8134088516235352,26
2,TAGCN,natural,none,44,GNNShap,9322,4,0.9568421052631578,,0.0,0.9382756954877666,0.10782551765441895,0.9615163207054138,35
2,TAGCN,natural,none,44,GNNShap,8329,1,0.9651127819548873,,0.0,0.9802800861826713,-0.3355497121810913,0.6644210815429688,30
2,TAGCN,natural,none,44,GNNShap,9190,4,0.9813533834586468,,0.0,0.9797342476742434,0.5151961445808411,-0.25317269563674927,35
2,TAGCN,natural,none,44,GNNShap,8516,2,0.9810526315789472,,0.0,0.9513609023716036,0.8940704464912415,-0.00882488489151001,29
