run_id,arch,scenario,balancing,replica,epoch,ce,size,ent,mask_mean
native_GraphSAGE_none,GraphSAGE,native,none,0,0,0.2232908519671149,0.00834254029672593,0.49964621395926556,0.5064443226158619
native_GraphSAGE_none,GraphSAGE,native,none,0,1,0.20072220460259757,0.01287772287381813,0.36934335718416206,0.7754167720675469
native_GraphSAGE_none,GraphSAGE,native,none,0,2,0.17771832012925629,0.014964548517018556,0.17564964678715583,0.9399847042560577
native_GraphSAGE_none,GraphSAGE,native,none,0,3,0.1721717816749286,0.01526449783181306,0.09350624218458066,0.9635168898105622
native_GraphSAGE_none,GraphSAGE,native,none,0,4,0.17316935903175804,0.01531865447293967,0.08106012964372454,0.9769485747814178
native_GraphSAGE_none,GraphSAGE,native,none,0,5,0.1686131361570868,0.015444328607991338,0.061724941788547906,0.9916455781459809
native_GraphSAGE_none,GraphSAGE,native,none,0,6,0.16825454777821036,0.015450558606535197,0.05675374492288498,0.9931704246997833
native_GraphSAGE_none,GraphSAGE,native,none,0,7,0.16878124604716035,0.015440550451166928,0.05988417726692674,0.9894217753410339
native_GraphSAGE_none,GraphSAGE,native,none,0,8,0.16749302736266586,0.015479542370885611,0.04424204143912462,0.9964748048782348
native_GraphSAGE_none,GraphSAGE,native,none,0,9,0.17003899057178828,0.015409844648092984,0.05865552631423739,0.9828454053401947
native_GraphSAGE_none,GraphSAGE,native,none,0,10,0.1676025834378514,0.015457416279241442,0.04765616715171305,0.9917639768123627
native_GraphSAGE_none,GraphSAGE,native,none,0,11,0.1672934909608874,0.015492097605019808,0.0372769257541087,0.9985869765281677
native_GraphSAGE_none,GraphSAGE,native,none,0,12,0.16845135655968518,0.015463979542255401,0.045631705403634586,0.9929680287837982
native_GraphSAGE_none,GraphSAGE,native,none,0,13,0.16719955985217425,0.015492832018062473,0.03669756397821871,0.9986510944366455
native_GraphSAGE_none,GraphSAGE,native,none,0,14,0.16712655369906756,0.01549728269688785,0.0337130208335158,0.999510976076126
native_GraphSAGE_none,GraphSAGE,native,none,0,15,0.1672026158568177,0.015489060198888183,0.038047325650536694,0.9978725385665893
native_GraphSAGE_none,GraphSAGE,native,none,0,16,0.16717058417170377,0.01549698354676366,0.03362987802580861,0.999532265663147
native_GraphSAGE_none,GraphSAGE,native,none,0,17,0.16734141875772807,0.015490279793739318,0.03861172045797971,0.9981541812419892
native_GraphSAGE_none,GraphSAGE,native,none,0,18,0.1674319931563649,0.015484245959669352,0.041671165909924784,0.9969164490699768
native_GraphSAGE_none,GraphSAGE,native,none,0,19,0.16713769686191413,0.015498302560299635,0.0329659426699665,0.9996701776981354
native_GraphSAGE_none,GraphSAGE,native,none,0,20,0.1675395573374543,0.015487743625417352,0.038798473647170935,0.9976083505153656
native_GraphSAGE_none,GraphSAGE,native,none,0,21,0.16710105892985197,0.015499246381223202,0.03210806003988651,0.9998749053478241
native_GraphSAGE_none,GraphSAGE,native,none,0,22,0.16713879328935477,0.01549482675269246,0.03523765088275937,0.9989764940738678
native_GraphSAGE_none,GraphSAGE,native,none,0,23,0.1671134024557385,0.015498488284647465,0.032859969280966794,0.9997108852863312
native_GraphSAGE_none,GraphSAGE,native,none,0,24,0.16708348248868318,0.01549976134672761,0.031699445557155884,0.9999571657180786
native_GraphSAGE_none,GraphSAGE,native,none,0,25,0.16734190997450682,0.015474908933974803,0.042272504910202,0.9949960029125213
native_GraphSAGE_none,GraphSAGE,native,none,0,26,0.1671847147938523,0.015497154537588358,0.03377026611224679,0.9994362366199493
native_GraphSAGE_none,GraphSAGE,native,none,0,27,0.16708255675404401,0.015499667506664991,0.03179483329162863,0.9999379575252533
native_GraphSAGE_none,GraphSAGE,native,none,0,28,0.16718449798195692,0.015497069470584393,0.033861980207571064,0.9994208359718323
native_GraphSAGE_none,GraphSAGE,native,none,0,29,0.1671084695753369,0.015498954355716705,0.03247556912929681,0.9997928011417389
native_GraphSAGE_none,GraphSAGE,native,none,0,30,0.1671038400825772,0.015499128606170415,0.03229564142630366,0.9998330557346344
native_GraphSAGE_none,GraphSAGE,native,none,0,31,0.1670881522890839,0.015499379960820079,0.03207127601125208,0.9998815417289734
native_GraphSAGE_none,GraphSAGE,native,none,0,32,0.1670821596380982,0.015499715786427259,0.03174451043114928,0.9999483287334442
native_GraphSAGE_none,GraphSAGE,native,none,0,33,0.16710344520180556,0.015497854687273502,0.03330771832943825,0.999574248790741
native_GraphSAGE_none,GraphSAGE,native,none,0,34,0.16711052921383712,0.0154977104999125,0.03346745976463822,0.9995429956912995
native_GraphSAGE_none,GraphSAGE,native,none,0,35,0.16708010968535278,0.015499765519052744,0.03169656225697068,0.9999572741985321
native_GraphSAGE_none,GraphSAGE,native,none,0,36,0.16709135782687995,0.015499567165970802,0.0318861740383592,0.9999185478687287
native_GraphSAGE_none,GraphSAGE,native,none,0,37,0.16710186210244032,0.015498405639082193,0.032927764740147865,0.9996829295158386
native_GraphSAGE_none,GraphSAGE,native,none,0,38,0.16707880821793408,0.015499928500503302,0.03152648744390277,0.9999908995628357
native_GraphSAGE_none,GraphSAGE,native,none,0,39,0.1670798480209622,0.015499818064272404,0.03165650039196876,0.9999655199050903
native_GraphSAGE_none,GraphSAGE,native,none,0,40,0.1670798080858502,0.01549971836619079,0.03175328970172373,0.9999454867839813
native_GraphSAGE_none,GraphSAGE,native,none,0,41,0.16709642943709227,0.015499316714704036,0.03213704533160595,0.999867421388626
native_GraphSAGE_none,GraphSAGE,native,none,0,42,0.16708414283364148,0.015499685602262616,0.03178869931244222,0.9999394822120666
native_GraphSAGE_none,GraphSAGE,native,none,0,43,0.16708510351150366,0.015499716140329838,0.03176496430517105,0.9999440622329712
native_GraphSAGE_none,GraphSAGE,native,none,0,44,0.1670788830217633,0.015499851433560252,0.031628031732821145,0.99997105717659
native_GraphSAGE_none,GraphSAGE,native,none,0,45,0.167080619156054,0.015499881682917476,0.0315997116289374,0.9999766159057617
native_GraphSAGE_none,GraphSAGE,native,none,0,46,0.16708005410402152,0.015499811870977282,0.031656568276071224,0.9999655759334565
native_GraphSAGE_none,GraphSAGE,native,none,0,47,0.1670845547017369,0.01549977233633399,0.031694149945237914,0.999957845211029
native_GraphSAGE_none,GraphSAGE,native,none,0,48,0.16707908627360196,0.015499888993799687,0.03158449410677818,0.9999797224998475
native_GraphSAGE_none,GraphSAGE,native,none,0,49,0.16728956010907026,0.015494512217119337,0.03537773622416822,0.9989028465747833
native_GraphSAGE_none,GraphSAGE,native,none,0,50,0.16708001089065405,0.015499722016975283,0.031757572816991486,0.9999446070194244
native_GraphSAGE_none,GraphSAGE,native,none,0,51,0.16707744073837133,0.015499966824427247,0.03151223192208377,0.9999936509132386
native_GraphSAGE_none,GraphSAGE,native,none,0,52,0.1670987102088246,0.015498247938230634,0.03299176646613446,0.9996560204029084
native_GraphSAGE_none,GraphSAGE,native,none,0,53,0.16709994387595983,0.015499390065670013,0.03206373560459284,0.9998781681060791
native_GraphSAGE_none,GraphSAGE,native,none,0,54,0.16708477658002707,0.015499597582966089,0.03188377061144379,0.9999198949337006
native_GraphSAGE_none,GraphSAGE,native,none,0,55,0.167092409550837,0.015498585673049093,0.03273294707977144,0.9997176909446717
native_GraphSAGE_none,GraphSAGE,native,none,0,56,0.16708030742376181,0.01549979031085968,0.03169179368049768,0.9999584841728211
native_GraphSAGE_none,GraphSAGE,native,none,0,57,0.16708986502855155,0.015498999524861574,0.03241550476507214,0.9997999989986419
native_GraphSAGE_none,GraphSAGE,native,none,0,58,0.16707673293321462,0.015499990778043865,0.03148571608805028,0.9999987256526947
native_GraphSAGE_none,GraphSAGE,native,none,0,59,0.16707724463909002,0.015499971332028508,0.031508451162212764,0.999994375705719
native_GraphSAGE_none,GraphSAGE,native,none,0,60,0.16707863312929006,0.01549991981126368,0.03156166495972244,0.9999841189384461
native_GraphSAGE_none,GraphSAGE,native,none,0,61,0.16708041381805272,0.015499719306826592,0.031761403039404425,0.9999440217018127
native_GraphSAGE_none,GraphSAGE,native,none,0,62,0.16707723718850942,0.015499956542626023,0.0315211903511819,0.9999919140338898
native_GraphSAGE_none,GraphSAGE,native,none,0,63,0.1670784501430306,0.015499855652451515,0.03162657882303861,0.999971227645874
native_GraphSAGE_none,GraphSAGE,native,none,0,64,0.1670775539871964,0.015499914744868875,0.031566170474821006,0.9999831295013428
native_GraphSAGE_none,GraphSAGE,native,none,0,65,0.16707825642793508,0.01549995387904346,0.03152658604302374,0.999990861415863
native_GraphSAGE_none,GraphSAGE,native,none,0,66,0.16707774949043128,0.015499906465411186,0.031575224057146585,0.9999813723564148
native_GraphSAGE_none,GraphSAGE,native,none,0,67,0.16707880270450445,0.015499911913648247,0.031569500437313,0.9999826025962829
native_GraphSAGE_none,GraphSAGE,native,none,0,68,0.167077022313765,0.015499985422939061,0.03149350506470469,0.9999972367286682
native_GraphSAGE_none,GraphSAGE,native,none,0,69,0.16707762134044502,0.01549993003718555,0.031548573600434934,0.9999866151809692
native_GraphSAGE_none,GraphSAGE,native,none,0,70,0.1670772103664193,0.0154999487567693,0.03153184054636327,0.9999898397922515
native_GraphSAGE_none,GraphSAGE,native,none,0,71,0.1670782179829392,0.015499893818050623,0.03158839964524773,0.9999788439273835
native_GraphSAGE_none,GraphSAGE,native,none,0,72,0.16707670938937993,0.015499992575496436,0.031486324940183434,0.999998608827591
native_GraphSAGE_none,GraphSAGE,native,none,0,73,0.16707707565992208,0.015499986074864865,0.03149258754433063,0.999997409582138
native_GraphSAGE_none,GraphSAGE,native,none,0,74,0.16707817089526983,0.015499863047152758,0.03161891267851857,0.9999726963043213
native_GraphSAGE_none,GraphSAGE,native,none,0,75,0.16708729487626883,0.015499030500650405,0.03237392249734072,0.9998061609268188
native_GraphSAGE_none,GraphSAGE,native,none,0,76,0.1670766989585671,0.015499989809468389,0.031489434598320404,0.9999980139732361
native_GraphSAGE_none,GraphSAGE,native,none,0,77,0.1670781390067849,0.015499953059479593,0.031526482852482475,0.9999908947944641
native_GraphSAGE_none,GraphSAGE,native,none,0,78,0.16707726371257636,0.01549996018409729,0.03152016806633142,0.9999921154975892
native_GraphSAGE_none,GraphSAGE,native,none,0,79,0.16707730990617606,0.015499936537817121,0.03154453693174688,0.9999873638153076
native_GraphSAGE_none,GraphSAGE,native,none,0,80,0.1670782355663094,0.015499952835962177,0.03152774967470137,0.9999906420707703
native_GraphSAGE_none,GraphSAGE,native,none,0,81,0.16707679939239356,0.015499981539323925,0.031497826559775746,0.9999964046478271
native_GraphSAGE_none,GraphSAGE,native,none,0,82,0.16708385747640464,0.015499337930232287,0.03211002961949376,0.9998676335811615
native_GraphSAGE_none,GraphSAGE,native,none,0,83,0.16707695525853963,0.015499972226098179,0.03150766914927331,0.9999945139884949
native_GraphSAGE_none,GraphSAGE,native,none,0,84,0.16707705420224997,0.015499981017783285,0.03149847081147996,0.9999962854385376
native_GraphSAGE_none,GraphSAGE,native,none,0,85,0.16707783263891074,0.015499961627647281,0.03151882164397207,0.9999923729896545
native_GraphSAGE_none,GraphSAGE,native,none,0,86,0.16707709950177999,0.015499986112117767,0.031493247628518614,0.9999972832202911
native_GraphSAGE_none,GraphSAGE,native,none,0,87,0.16707761567800375,0.015499964747577906,0.03151547678963212,0.9999930226802826
native_GraphSAGE_none,GraphSAGE,native,none,0,88,0.167080332308701,0.01549984335899353,0.0316402784290996,0.999968798160553
native_GraphSAGE_none,GraphSAGE,native,none,0,89,0.16707676690786216,0.015499994484707713,0.03148456976034609,0.9999989438056945
native_GraphSAGE_none,GraphSAGE,native,none,0,90,0.1670778719779763,0.01549991374835372,0.031568084482410226,0.9999828100204468
native_GraphSAGE_none,GraphSAGE,native,none,0,91,0.16707803291051718,0.015499875508248806,0.031606612719902075,0.9999751448631287
native_GraphSAGE_none,GraphSAGE,native,none,0,92,0.16707772773473592,0.01549989901483059,0.03158278907866148,0.9999798548221588
native_GraphSAGE_none,GraphSAGE,native,none,0,93,0.1670767299529824,0.015499992491677404,0.0314866760953602,0.9999985420703887
native_GraphSAGE_none,GraphSAGE,native,none,0,94,0.1670770387050423,0.015499987145885826,0.03149212215312687,0.9999974989891052
native_GraphSAGE_none,GraphSAGE,native,none,0,95,0.16707699936597678,0.015499980179592967,0.03149949208118883,0.9999960899353028
native_GraphSAGE_none,GraphSAGE,native,none,0,96,0.16707686883180473,0.015499985441565514,0.03149389858574537,0.9999971616268158
native_GraphSAGE_none,GraphSAGE,native,none,0,97,0.16707668346135945,0.015499992473050951,0.03148662425794569,0.9999985516071319
native_GraphSAGE_none,GraphSAGE,native,none,0,98,0.16707687777250144,0.015499991048127413,0.0314881542439845,0.9999982583522796
native_GraphSAGE_none,GraphSAGE,native,none,0,99,0.1670772330161843,0.015499981259927154,0.03149837490388123,0.9999963009357452
native_GraphSAGE_none,GraphSAGE,native,none,1,0,0.2487433658109876,0.00192161589613157,0.3434173846699961,0.19485794921779415
native_GraphSAGE_none,GraphSAGE,native,none,1,1,0.22325918132868539,0.0006622856950740853,0.17427687634262504,0.0842451224480585
native_GraphSAGE_none,GraphSAGE,native,none,1,2,0.22916852142989227,0.0005009343485113417,0.14100874285717452,0.0629805019216853
native_GraphSAGE_none,GraphSAGE,native,none,1,3,0.23577436540719646,0.0003195266085857508,0.1158454396498529,0.03928613011159793
native_GraphSAGE_none,GraphSAGE,native,none,1,4,0.2362648283647286,0.0001678104367356397,0.0734839507566603,0.016703777171649024
native_GraphSAGE_none,GraphSAGE,native,none,1,5,0.22874162362459174,0.00010287642263235787,0.06591360575233168,0.011415603155883065
native_GraphSAGE_none,GraphSAGE,native,none,1,6,0.23668122881594172,7.280034269914523e-05,0.05596584313721561,0.008258432248337463
native_GraphSAGE_none,GraphSAGE,native,none,1,7,0.23573662223796418,3.39080324100939e-05,0.04769444978054716,0.004551034018226205
native_GraphSAGE_none,GraphSAGE,native,none,1,8,0.2362872148448514,2.550620115899928e-05,0.04144909965773448,0.0026155830691545435
native_GraphSAGE_none,GraphSAGE,native,none,1,9,0.2328276030676352,2.9250575929778213e-05,0.045362583881111335,0.004596603605082656
native_GraphSAGE_none,GraphSAGE,native,none,1,10,0.23152585733252637,2.902476108990681e-05,0.03937266631489204,0.0024243388839109807
native_GraphSAGE_none,GraphSAGE,native,none,1,11,0.2364453333759593,2.7786950803897005e-05,0.0402772419651689,0.0029392824978253245
native_GraphSAGE_none,GraphSAGE,native,none,1,12,0.23643412431272737,1.5495719415791533e-05,0.03778547266738459,0.0016538390092512728
native_GraphSAGE_none,GraphSAGE,native,none,1,13,0.23466742021533718,1.1178944580115579e-05,0.038929716725149686,0.0019105284598882276
native_GraphSAGE_none,GraphSAGE,native,none,1,14,0.23606956429350248,4.478283595054986e-06,0.03406186949854124,0.0005506050563245583
native_GraphSAGE_none,GraphSAGE,native,none,1,15,0.2362160745778965,1.838165086804574e-06,0.03260481617401936,0.00022240644881778608
native_GraphSAGE_none,GraphSAGE,native,none,1,16,0.23447873582634202,9.11130124526356e-06,0.03456726994308761,0.0007686798190786971
native_GraphSAGE_none,GraphSAGE,native,none,1,17,0.23549255229103438,8.2810434758957e-06,0.037396412996466226,0.0015414475378159995
native_GraphSAGE_none,GraphSAGE,native,none,1,18,0.2358710437038826,6.531418989295132e-06,0.036136135986885524,0.0011182527280932956
native_GraphSAGE_none,GraphSAGE,native,none,1,19,0.23560863889324538,3.034087196385815e-06,0.03384835431192904,0.0005818325074358744
native_GraphSAGE_none,GraphSAGE,native,none,1,20,0.23609717599618307,1.2064516844891495e-06,0.03204658421406253,0.0001143662594845932
native_GraphSAGE_none,GraphSAGE,native,none,1,21,0.23577313787805906,3.369616152587327e-06,0.03310904337727978,0.0003479978994229133
native_GraphSAGE_none,GraphSAGE,native,none,1,22,0.23643334097730986,6.5430077434841536e-06,0.03417358616696711,0.0007075346716406799
native_GraphSAGE_none,GraphSAGE,native,none,1,23,0.23644715822803847,7.299520585347854e-06,0.03468974504998115,0.0007770665387123369
native_GraphSAGE_none,GraphSAGE,native,none,1,24,0.23631610355841987,3.192503665999593e-06,0.032989477068092604,0.00035195701204678937
native_GraphSAGE_none,GraphSAGE,native,none,1,25,0.23624247781503072,2.107546615756939e-06,0.03251261584801786,0.00022213833997011942
native_GraphSAGE_none,GraphSAGE,native,none,1,26,0.23582390911447873,1.9094031703001175e-06,0.03243519987777486,0.00019636366518005702
native_GraphSAGE_none,GraphSAGE,native,none,1,27,0.23607833452093474,1.4850434819773242e-06,0.03249426365952223,0.00020796371133624615
native_GraphSAGE_none,GraphSAGE,native,none,1,28,0.23625339306461682,1.5015225707881035e-06,0.03218248419186607,0.0001531841768435506
native_GraphSAGE_none,GraphSAGE,native,none,1,29,0.2362181133733975,1.2600287055353592e-06,0.032167550045148284,0.0001394649295980914
native_GraphSAGE_none,GraphSAGE,native,none,1,30,0.23592469445931782,1.8421880272290087e-06,0.03229149435672617,0.00016840880123124549
native_GraphSAGE_none,GraphSAGE,native,none,1,31,0.23619630731212965,4.456328765274471e-07,0.031761323204219066,5.522759185187573e-05
native_GraphSAGE_none,GraphSAGE,native,none,1,32,0.2361923637198197,4.814802371287696e-07,0.0318173990204384,6.621639608665588e-05
native_GraphSAGE_none,GraphSAGE,native,none,1,33,0.23552417210805288,3.55748971973945e-06,0.03333012523046587,0.0004022533326194621
native_GraphSAGE_none,GraphSAGE,native,none,1,34,0.23623817182648055,8.484321787637554e-07,0.03196262848330122,9.774942227060141e-05
native_GraphSAGE_none,GraphSAGE,native,none,1,35,0.2362056840168225,3.3039864364865746e-07,0.03167611431495017,3.8017970820431084e-05
native_GraphSAGE_none,GraphSAGE,native,none,1,36,0.23618615276682248,4.789143681137882e-07,0.03178481840921773,5.946251700448299e-05
native_GraphSAGE_none,GraphSAGE,native,none,1,37,0.23622381023633351,4.846507118753457e-07,0.031782033308288084,5.937842463181454e-05
native_GraphSAGE_none,GraphSAGE,native,none,1,38,0.23620886556374898,5.017055684283769e-07,0.0318077580093939,6.472230496488742e-05
native_GraphSAGE_none,GraphSAGE,native,none,1,39,0.23614979885089268,5.425193838829867e-07,0.031987714878149866,9.998974663375858e-05
native_GraphSAGE_none,GraphSAGE,native,none,1,40,0.23597837023007742,9.90106405617613e-07,0.03192905903416821,9.041213274062406e-05
native_GraphSAGE_none,GraphSAGE,native,none,1,41,0.23539970300662388,2.947794541078356e-06,0.03232511218108429,0.00020555188038145065
native_GraphSAGE_none,GraphSAGE,native,none,1,42,0.23626860372292868,2.205633742156466e-06,0.03258205633928254,0.0002371967731598364
native_GraphSAGE_none,GraphSAGE,native,none,1,43,0.23623569599854818,4.5434303868253437e-07,0.031715853733463494,4.709238848562809e-05
native_GraphSAGE_none,GraphSAGE,native,none,1,44,0.23622340790498128,1.8064690424986706e-07,0.03158299762427146,1.9997458252836534e-05
native_GraphSAGE_none,GraphSAGE,native,none,1,45,0.23622004665005078,1.1452537327931177e-07,0.03155452027351239,1.4496619228821968e-05
native_GraphSAGE_none,GraphSAGE,native,none,1,46,0.23618054516184203,1.5494151106257926e-07,0.03155362765996593,1.4379593227622654e-05
native_GraphSAGE_none,GraphSAGE,native,none,1,47,0.23618163175451629,9.551033115858103e-07,0.0319484461753047,9.687385032122379e-05
native_GraphSAGE_none,GraphSAGE,native,none,1,48,0.23623020894396177,2.9014091175019654e-07,0.03163424200208632,3.061243781671918e-05
native_GraphSAGE_none,GraphSAGE,native,none,1,49,0.23619584060776105,1.3510055705810354e-07,0.03161017162864173,2.5483211023545494e-05
native_GraphSAGE_none,GraphSAGE,native,none,1,50,0.23622293851840367,2.8437140749942753e-07,0.03165131004819236,3.3471197632912116e-05
native_GraphSAGE_none,GraphSAGE,native,none,1,51,0.23619057692158094,4.6376120439673937e-07,0.03176069546938675,5.4631330983381835e-05
native_GraphSAGE_none,GraphSAGE,native,none,1,52,0.23618601135480277,2.713050519675752e-07,0.031692980800781416,4.164305736452144e-05
native_GraphSAGE_none,GraphSAGE,native,none,1,53,0.23620347044932713,2.3933555831476767e-07,0.03163284486160655,2.9588059759756573e-05
native_GraphSAGE_none,GraphSAGE,native,none,1,54,0.2362165967332112,5.727886487729887e-08,0.03151563542140324,7.00024637619049e-06
native_GraphSAGE_none,GraphSAGE,native,none,1,55,0.23620549507009855,1.1473327489337257e-07,0.03157209330302991,1.7833708439682667e-05
native_GraphSAGE_none,GraphSAGE,native,none,1,56,0.2362501748608338,6.287360848481779e-07,0.03180012779718155,6.518978646773653e-05
native_GraphSAGE_none,GraphSAGE,native,none,1,57,0.23622140682804457,4.5039300407274544e-08,0.03150501002001465,4.959778802132211e-06
native_GraphSAGE_none,GraphSAGE,native,none,1,58,0.2361994334267365,2.2651912050147943e-07,0.031649406311619804,3.303772115500678e-05
native_GraphSAGE_none,GraphSAGE,native,none,1,59,0.23619678802358976,3.0032682395334994e-07,0.03162846357667598,2.9100854108537384e-05
native_GraphSAGE_none,GraphSAGE,native,none,1,60,0.2359815663801419,1.1311904571391064e-06,0.032499987518512304,0.00022391260686087378
native_GraphSAGE_none,GraphSAGE,native,none,1,61,0.23629221073853843,1.6577382875318921e-06,0.03223979646496177,0.00017118050936686336
native_GraphSAGE_none,GraphSAGE,native,none,1,62,0.23622187487351767,5.285190938457807e-08,0.03151064572418461,6.044474778511934e-06
native_GraphSAGE_none,GraphSAGE,native,none,1,63,0.23622288606631628,1.2242232281039508e-07,0.031551701272503646,1.3958270135002276e-05
native_GraphSAGE_none,GraphSAGE,native,none,1,64,0.236211479376434,4.301862614157164e-08,0.0315038422995352,4.739520156922026e-06
native_GraphSAGE_none,GraphSAGE,native,none,1,65,0.23621316767799727,5.47946394489175e-08,0.03152698066952942,9.174028989672978e-06
native_GraphSAGE_none,GraphSAGE,native,none,1,66,0.23621640316712728,4.12793137315374e-08,0.031512225196961084,6.3479759809734185e-06
native_GraphSAGE_none,GraphSAGE,native,none,1,67,0.23621881909239165,3.506501890547968e-08,0.031497216852225375,3.474299417752105e-06
native_GraphSAGE_none,GraphSAGE,native,none,1,68,0.23621964416968694,6.357262248601949e-08,0.031521220192337183,8.070303224161365e-06
native_GraphSAGE_none,GraphSAGE,native,none,1,69,0.23622077859508864,4.283625383668569e-08,0.03150507421189178,4.979093340192304e-06
native_GraphSAGE_none,GraphSAGE,native,none,1,70,0.2362219627903687,8.660993605838497e-08,0.031533411338830974,1.0435876617626781e-05
native_GraphSAGE_none,GraphSAGE,native,none,1,71,0.2362229012655007,1.0290076551511591e-07,0.03153964429698299,1.1700488056629841e-05
native_GraphSAGE_none,GraphSAGE,native,none,1,72,0.23615188903677337,3.0941588148950803e-07,0.03160774992018603,2.5107400645189973e-05
native_GraphSAGE_none,GraphSAGE,native,none,1,73,0.2361899188863026,2.767056353036088e-07,0.03160735675524531,2.489219241430615e-05
native_GraphSAGE_none,GraphSAGE,native,none,1,74,0.236230339031099,2.746863047159969e-07,0.03162612693611115,2.90121330089945e-05
native_GraphSAGE_none,GraphSAGE,native,none,1,75,0.23620976469981542,6.636997637949019e-08,0.03152300076595496,8.408574183931319e-06
native_GraphSAGE_none,GraphSAGE,native,none,1,76,0.23621426753270497,8.119961798440212e-08,0.03151943856587955,7.748148182140718e-06
native_GraphSAGE_none,GraphSAGE,native,none,1,77,0.23622194818723075,1.2856606673634577e-07,0.031553360482534744,1.429991310389972e-05
native_GraphSAGE_none,GraphSAGE,native,none,1,78,0.23622226528394094,8.882374063789588e-08,0.03153199262064331,1.0157666401368678e-05
native_GraphSAGE_none,GraphSAGE,native,none,1,79,0.2362204273747193,6.14213740619348e-09,0.03148398836100433,9.403900738556855e-07
native_GraphSAGE_none,GraphSAGE,native,none,1,80,0.23618645943271985,1.808835660734557e-07,0.031643198674879226,3.203299102720256e-05
native_GraphSAGE_none,GraphSAGE,native,none,1,81,0.23621151379811636,3.715775790176844e-08,0.031500109310048284,4.026318421536441e-06
native_GraphSAGE_none,GraphSAGE,native,none,1,82,0.2362213111625897,1.3002129798853032e-07,0.031557041849292554,1.50811730753543e-05
native_GraphSAGE_none,GraphSAGE,native,none,1,83,0.23622052408325545,2.3108956783974267e-08,0.03149327284801376,2.716371682206087e-06
native_GraphSAGE_none,GraphSAGE,native,none,1,84,0.23621466271149985,3.204839207515476e-08,0.031510889747096614,6.104843367324529e-06
native_GraphSAGE_none,GraphSAGE,native,none,1,85,0.23618879682886473,1.6043932042841115e-07,0.03163246316295193,2.9961012942491845e-05
native_GraphSAGE_none,GraphSAGE,native,none,1,86,0.2362160801099526,2.064460404472882e-08,0.031488347945394526,1.7747267056187753e-06
native_GraphSAGE_none,GraphSAGE,native,none,1,87,0.2362157640563237,3.3264773570445486e-08,0.031508404954178934,5.619942899978648e-06
native_GraphSAGE_none,GraphSAGE,native,none,1,88,0.23622003607022635,1.1982411051984437e-08,0.03148768545928735,1.6467136792200996e-06
native_GraphSAGE_none,GraphSAGE,native,none,1,89,0.2362254523442971,1.3071893484569696e-07,0.031550923777950775,1.3915199393313604e-05
native_GraphSAGE_none,GraphSAGE,native,none,1,90,0.23620937071311346,7.39409630415245e-08,0.03154872869244297,1.3407389754530435e-05
native_GraphSAGE_none,GraphSAGE,native,none,1,91,0.23622032902705542,9.054117266072041e-09,0.03148586657161357,1.299732167548194e-06
native_GraphSAGE_none,GraphSAGE,native,none,1,92,0.23622146077024808,1.700389575429837e-08,0.031488664063453055,1.8343536761026645e-06
native_GraphSAGE_none,GraphSAGE,native,none,1,93,0.23621843985783925,2.444847873583531e-08,0.03149621851114112,3.27719300379899e-06
native_GraphSAGE_none,GraphSAGE,native,none,1,94,0.2362133813606488,1.2855234065213934e-07,0.03156521749923438,1.656445409935406e-05
native_GraphSAGE_none,GraphSAGE,native,none,1,95,0.2362203659819352,2.9191525444739558e-08,0.03149950424250923,3.906308751244871e-06
native_GraphSAGE_none,GraphSAGE,native,none,1,96,0.23621763117182126,3.19595239583497e-08,0.03149420634688048,2.8979032752462244e-06
native_GraphSAGE_none,GraphSAGE,native,none,1,97,0.23622073627579085,2.807277443879152e-08,0.031496697833479706,3.3712521903859453e-06
native_GraphSAGE_none,GraphSAGE,native,none,1,98,0.23622200838792196,8.36955858610813e-08,0.03152900261539812,9.595041693161345e-06
native_GraphSAGE_none,GraphSAGE,native,none,1,99,0.2362206108080136,7.742022452071406e-09,0.03148486607864134,1.108257434306063e-06
native_GraphSAGE_none,GraphSAGE,native,none,2,0,0.20568172931452777,0.007093668344896287,0.4278905703265636,0.7193090909719467
native_GraphSAGE_none,GraphSAGE,native,none,2,1,0.18481486282423445,0.008785489625297486,0.21651408511567552,0.8980333289504051
native_GraphSAGE_none,GraphSAGE,native,none,2,2,0.18341217573738702,0.008883983311243356,0.16478262021665416,0.9199278575181961
native_GraphSAGE_none,GraphSAGE,native,none,2,3,0.18152746618142573,0.00897394172148779,0.12869702011696774,0.9218277406692504
native_GraphSAGE_none,GraphSAGE,native,none,2,4,0.17314263221355958,0.009317024576012045,0.09525869350168051,0.9693747824430465
native_GraphSAGE_none,GraphSAGE,native,none,2,5,0.17183709616582946,0.009357493850402535,0.09195709155596689,0.9771396803855896
native_GraphSAGE_none,GraphSAGE,native,none,2,6,0.17194985303372248,0.009398984592407941,0.0763042536257197,0.9845689332485199
native_GraphSAGE_none,GraphSAGE,native,none,2,7,0.1703964260527502,0.0093199895741418,0.08436945714246377,0.9661667221784591
native_GraphSAGE_none,GraphSAGE,native,none,2,8,0.1707062413384776,0.009437078284099698,0.05901445676296845,0.9910324168205261
native_GraphSAGE_none,GraphSAGE,native,none,2,9,0.17033043814167484,0.009400679767131805,0.07012994835808768,0.9826940512657165
native_GraphSAGE_none,GraphSAGE,native,none,2,10,0.1701097426311682,0.009466360034421086,0.052280116953923254,0.9937832307815552
native_GraphSAGE_none,GraphSAGE,native,none,2,11,0.1700562461213778,0.009486721390858292,0.03990175107218221,0.9980227053165436
native_GraphSAGE_none,GraphSAGE,native,none,2,12,0.16999833477005466,0.00946364906616509,0.04977234689243033,0.9943757140636444
native_GraphSAGE_none,GraphSAGE,native,none,2,13,0.16983620208963857,0.009494136357679962,0.03596126036442712,0.9989856898784637
native_GraphSAGE_none,GraphSAGE,native,none,2,14,0.16984289360508428,0.00949695692397654,0.034113778562321215,0.9994598507881165
native_GraphSAGE_none,GraphSAGE,native,none,2,15,0.17040525567993625,0.00947959141805768,0.039350461742876916,0.9977736949920655
native_GraphSAGE_none,GraphSAGE,native,none,2,16,0.16982071635589108,0.009492827765643596,0.03636504082664743,0.9988150215148925
native_GraphSAGE_none,GraphSAGE,native,none,2,17,0.1698615139471005,0.009487980371341109,0.037722084258719236,0.9983912897109986
native_GraphSAGE_none,GraphSAGE,native,none,2,18,0.16987666634187207,0.009493147563189268,0.03458139759212628,0.9992367374897003
native_GraphSAGE_none,GraphSAGE,native,none,2,19,0.16985928637251363,0.009485486522316932,0.03898190873399272,0.9979921305179595
native_GraphSAGE_none,GraphSAGE,native,none,2,20,0.1698156240330647,0.009498233944177627,0.032952099095134885,0.9996957576274872
native_GraphSAGE_none,GraphSAGE,native,none,2,21,0.16982863408789142,0.009498408576473594,0.03249066035918787,0.9997952699661254
native_GraphSAGE_none,GraphSAGE,native,none,2,22,0.16983135563597188,0.009494564002379776,0.03489533502332762,0.9992263853549957
native_GraphSAGE_none,GraphSAGE,native,none,2,23,0.16989007410869106,0.009493644554167987,0.035758066854475884,0.9989671611785889
native_GraphSAGE_none,GraphSAGE,native,none,2,24,0.16981075224742398,0.009498568037524819,0.032816370070948155,0.9997278201580048
native_GraphSAGE_none,GraphSAGE,native,none,2,25,0.16981507194504247,0.009498435407876968,0.032842811445741804,0.9997191631793976
native_GraphSAGE_none,GraphSAGE,native,none,2,26,0.16982429576382146,0.009498527003452183,0.03228995501719311,0.9998286187648773
native_GraphSAGE_none,GraphSAGE,native,none,2,27,0.16981956047281727,0.00949894635938108,0.03242705162338808,0.9998112881183624
native_GraphSAGE_none,GraphSAGE,native,none,2,28,0.16982907709941372,0.009497115956619381,0.03368145053930476,0.9995468485355378
native_GraphSAGE_none,GraphSAGE,native,none,2,29,0.16980918121799932,0.00949790040962398,0.03334723308406666,0.9995989584922791
native_GraphSAGE_none,GraphSAGE,native,none,2,30,0.16984267262086378,0.009495678208768368,0.033361026185600905,0.9995305061340332
native_GraphSAGE_none,GraphSAGE,native,none,2,31,0.1698175512002419,0.009499260019510984,0.03205455404430523,0.9998875260353088
native_GraphSAGE_none,GraphSAGE,native,none,2,32,0.1698033906267594,0.009496140955016018,0.03456200368426636,0.9992509579658508
native_GraphSAGE_none,GraphSAGE,native,none,2,33,0.16979544920191272,0.009496045326814055,0.034855542515440735,0.9992212462425232
native_GraphSAGE_none,GraphSAGE,native,none,2,34,0.16981948805317387,0.009499370539560913,0.031900603340043576,0.9999172759056091
native_GraphSAGE_none,GraphSAGE,native,none,2,35,0.16982236725553976,0.009498308403417468,0.032790358510835914,0.9997266221046448
native_GraphSAGE_none,GraphSAGE,native,none,2,36,0.16981809211239324,0.009499369310215116,0.0318342949981232,0.9999280321598053
native_GraphSAGE_none,GraphSAGE,native,none,2,37,0.1698223669575165,0.009496964756399393,0.033413944250940235,0.9995663607120514
native_GraphSAGE_none,GraphSAGE,native,none,2,38,0.1698099387930344,0.009498819038271903,0.03256070050135151,0.9997660970687866
native_GraphSAGE_none,GraphSAGE,native,none,2,39,0.16981481326088413,0.00949971598573029,0.0317023180211325,0.9999564635753632
native_GraphSAGE_none,GraphSAGE,native,none,2,40,0.16982104164823994,0.009499234780669212,0.03188224079742923,0.999917711019516
native_GraphSAGE_none,GraphSAGE,native,none,2,41,0.16982111943230138,0.009499436058104039,0.03181711694881215,0.9999333083629608
native_GraphSAGE_none,GraphSAGE,native,none,2,42,0.16981486243471608,0.009499773494899272,0.031662181752770094,0.9999644505977631
native_GraphSAGE_none,GraphSAGE,native,none,2,43,0.16981437874302371,0.009498856142163276,0.03249704110160365,0.9997946321964264
native_GraphSAGE_none,GraphSAGE,native,none,2,44,0.16981480998262868,0.00949993560090661,0.03152575717031851,0.9999910581111908
native_GraphSAGE_none,GraphSAGE,native,none,2,45,0.16981716257795795,0.009499496361240745,0.03177992593221262,0.9999400711059571
native_GraphSAGE_none,GraphSAGE,native,none,2,46,0.16981552464231953,0.009499384816735982,0.031976169838606266,0.9999017524719238
native_GraphSAGE_none,GraphSAGE,native,none,2,47,0.16981214595303043,0.009499255325645209,0.03217290346234933,0.9998598682880402
native_GraphSAGE_none,GraphSAGE,native,none,2,48,0.16981402290329442,0.009499874180182815,0.03159437674753263,0.9999778378009796
native_GraphSAGE_none,GraphSAGE,native,none,2,49,0.1698131815837334,0.009499491127207875,0.03194245217092231,0.9999073231220246
native_GraphSAGE_none,GraphSAGE,native,none,2,50,0.1698185072587441,0.009498845282942057,0.03235376448094741,0.9998215496540069
native_GraphSAGE_none,GraphSAGE,native,none,2,51,0.1698118395851563,0.009498497266322374,0.032707963815926465,0.9997318255901336
native_GraphSAGE_none,GraphSAGE,native,none,2,52,0.16981323850616917,0.009499275758862495,0.03210387604966655,0.9998717021942138
native_GraphSAGE_none,GraphSAGE,native,none,2,53,0.16982953709825976,0.009497966598719359,0.0323549626460661,0.9997942507266998
native_GraphSAGE_none,GraphSAGE,native,none,2,54,0.16981416357025608,0.009499897165223956,0.03157759025417164,0.9999810183048248
native_GraphSAGE_none,GraphSAGE,native,none,2,55,0.16981715006098255,0.009499742649495602,0.031634867179243714,0.9999698293209076
native_GraphSAGE_none,GraphSAGE,native,none,2,56,0.16981300783619388,0.009499608259648084,0.031857558160125164,0.9999240958690643
native_GraphSAGE_none,GraphSAGE,native,none,2,57,0.1698153595374535,0.009499882245436311,0.031552386150731596,0.9999858903884887
native_GraphSAGE_none,GraphSAGE,native,none,2,58,0.16981810909971698,0.009499539015814662,0.03172363407634094,0.9999510979652405
native_GraphSAGE_none,GraphSAGE,native,none,2,59,0.16981413585409627,0.009499858021736146,0.03160378719404235,0.9999758636951447
native_GraphSAGE_none,GraphSAGE,native,none,2,60,0.1698151723788689,0.009499860554933548,0.03156243840888038,0.9999838662147522
native_GraphSAGE_none,GraphSAGE,native,none,2,61,0.16981439155802236,0.009499880019575357,0.03157813281476393,0.999980947971344
native_GraphSAGE_none,GraphSAGE,native,none,2,62,0.16982013774380192,0.009499157276004554,0.031903418644367604,0.9999108040332794
native_GraphSAGE_none,GraphSAGE,native,none,2,63,0.1698146567986916,0.009499804582446814,0.0316331863841404,0.9999701464176178
native_GraphSAGE_none,GraphSAGE,native,none,2,64,0.1698140237973641,0.009499872075393797,0.03160288979954913,0.9999760127067566
native_GraphSAGE_none,GraphSAGE,native,none,2,65,0.1698143134759377,0.00949996585957706,0.031504086551292686,0.9999952113628388
native_GraphSAGE_none,GraphSAGE,native,none,2,66,0.1698183850692223,0.00949930659495294,0.0318593949424465,0.9999220836162567
native_GraphSAGE_none,GraphSAGE,native,none,2,67,0.16981465739473806,0.009499932583421468,0.031532530381380465,0.999989755153656
native_GraphSAGE_none,GraphSAGE,native,none,2,68,0.1698143036411713,0.009499979643151165,0.031494786364062576,0.9999969935417176
native_GraphSAGE_none,GraphSAGE,native,none,2,69,0.16981415611967549,0.009499934203922748,0.031540185573547035,0.9999882626533508
native_GraphSAGE_none,GraphSAGE,native,none,2,70,0.16981417608723148,0.009499970283359289,0.031506809338032155,0.9999946856498718
native_GraphSAGE_none,GraphSAGE,native,none,2,71,0.16981411201223837,0.009499942827969789,0.03153448768615618,0.9999893605709076
native_GraphSAGE_none,GraphSAGE,native,none,2,72,0.1698163254307221,0.009499722337350249,0.031627755199595244,0.9999706196784973
native_GraphSAGE_none,GraphSAGE,native,none,2,73,0.169812325064988,0.009499437380582095,0.032010007879732995,0.9998907673358918
native_GraphSAGE_none,GraphSAGE,native,none,2,74,0.16981479448542103,0.009499803064391016,0.031621883881314546,0.9999724221229553
native_GraphSAGE_none,GraphSAGE,native,none,2,75,0.16981418949827656,0.009499932546168566,0.031543045870064644,0.9999877083301544
native_GraphSAGE_none,GraphSAGE,native,none,2,76,0.1698308492945145,0.009497817428782583,0.032397128918244394,0.9997809827327728
native_GraphSAGE_none,GraphSAGE,native,none,2,77,0.16981436413988577,0.009499945547431707,0.03151945565551415,0.9999922561645508
native_GraphSAGE_none,GraphSAGE,native,none,2,78,0.16981588942274556,0.009499802188947797,0.03158428167648509,0.9999794256687164
native_GraphSAGE_none,GraphSAGE,native,none,2,79,0.16981519473061069,0.009499939577654003,0.031512157970144304,0.9999936389923095
native_GraphSAGE_none,GraphSAGE,native,none,2,80,0.16981412572130666,0.009499977249652148,0.031501234403847604,0.9999957537651062
native_GraphSAGE_none,GraphSAGE,native,none,2,81,0.16981434149012073,0.009499979699030518,0.03149147288598016,0.9999976241588593
native_GraphSAGE_none,GraphSAGE,native,none,2,82,0.16981428248152242,0.009499988975003362,0.031486760505511316,0.9999985265731811
native_GraphSAGE_none,GraphSAGE,native,none,2,83,0.1698143999026726,0.009499945603311062,0.0315185207007815,0.9999924349784851
native_GraphSAGE_none,GraphSAGE,native,none,2,84,0.16981451017126545,0.00949995543807745,0.031505602288096096,0.9999949097633362
native_GraphSAGE_none,GraphSAGE,native,none,2,85,0.16981423598989948,0.009499982604756952,0.03149380529023602,0.9999971795082092
native_GraphSAGE_none,GraphSAGE,native,none,2,86,0.1698145155356835,0.009499973617494106,0.031494731891005184,0.9999970030784607
native_GraphSAGE_none,GraphSAGE,native,none,2,87,0.1698143009589623,0.009499959954991937,0.031510099113955053,0.9999940598011017
native_GraphSAGE_none,GraphSAGE,native,none,2,88,0.1698138354466866,0.009499822836369276,0.03164812412768498,0.9999671971797943
native_GraphSAGE_none,GraphSAGE,native,none,2,89,0.16981429380640492,0.009499924601987004,0.03154169959671691,0.9999879586696625
native_GraphSAGE_none,GraphSAGE,native,none,2,90,0.16981444877848134,0.009499970329925419,0.03149894416056469,0.9999961972236633
native_GraphSAGE_none,GraphSAGE,native,none,2,91,0.16981427026257023,0.00949998821131885,0.03148838638983562,0.9999982154369355
native_GraphSAGE_none,GraphSAGE,native,none,2,92,0.1698144446061562,0.009499974912032486,0.03149467099182204,0.9999970126152039
native_GraphSAGE_none,GraphSAGE,native,none,2,93,0.16981450838312612,0.009499928699806332,0.031527389192058594,0.9999907171726227
native_GraphSAGE_none,GraphSAGE,native,none,2,94,0.16981431794628604,0.009499978730455041,0.031492962480558905,0.9999973392486572
native_GraphSAGE_none,GraphSAGE,native,none,2,95,0.16981416982874378,0.00949998501688242,0.03149381152078405,0.9999971759319305
native_GraphSAGE_none,GraphSAGE,native,none,2,96,0.169814589445443,0.00949993840418756,0.031515502368136196,0.9999929928779602
native_GraphSAGE_none,GraphSAGE,native,none,2,97,0.1698148129628609,0.009499906133860349,0.031532731770574,0.9999896287918091
native_GraphSAGE_none,GraphSAGE,native,none,2,98,0.16981495482191547,0.009499848205596208,0.03157497786641016,0.9999814343452453
native_GraphSAGE_none,GraphSAGE,native,none,2,99,0.16981514019236074,0.009499811762943865,0.03160059751666978,0.9999764132499694
native_GraphSAGE_none,GraphSAGE,native,none,3,0,0.19432980589726853,0.0063995384171721525,0.4943934719501887,0.577309467792511
native_GraphSAGE_none,GraphSAGE,native,none,3,1,0.18766855974007954,0.008742643222212791,0.3587259579051603,0.7670072281360626
native_GraphSAGE_none,GraphSAGE,native,none,3,2,0.16815360633705878,0.010206832506228239,0.20357773731180331,0.9065701055526734
native_GraphSAGE_none,GraphSAGE,native,none,3,3,0.15834477851376888,0.010763410814106464,0.11329143108590486,0.9644780683517457
native_GraphSAGE_none,GraphSAGE,native,none,3,4,0.1522247207313778,0.010812488188967108,0.10023060410656015,0.9695097219944
native_GraphSAGE_none,GraphSAGE,native,none,3,5,0.14993214515363817,0.011020625624805689,0.0597094040424561,0.9915290594100952
native_GraphSAGE_none,GraphSAGE,native,none,3,6,0.14856581052625573,0.011037393501028418,0.04966621647728587,0.9934739518165588
native_GraphSAGE_none,GraphSAGE,native,none,3,7,0.149431818647776,0.011056179897859692,0.04711227397574092,0.9955518853664398
native_GraphSAGE_none,GraphSAGE,native,none,3,8,0.14958848045999204,0.011061418764293195,0.04731396952783669,0.9955277490615845
native_GraphSAGE_none,GraphSAGE,native,none,3,9,0.15058017603913343,0.011045751962810754,0.050349153635557545,0.9941532444953919
native_GraphSAGE_none,GraphSAGE,native,none,3,10,0.14930172534519826,0.011083698784932493,0.03721205166680718,0.9983442509174347
native_GraphSAGE_none,GraphSAGE,native,none,3,11,0.14892918603355085,0.011081087421625852,0.03914954610308612,0.9980664992332459
native_GraphSAGE_none,GraphSAGE,native,none,3,12,0.14901028944039738,0.01109060250222683,0.035481759851332555,0.9990452706813813
native_GraphSAGE_none,GraphSAGE,native,none,3,13,0.1491064134412447,0.011090295622125268,0.03569458891777302,0.9990144681930542
native_GraphSAGE_none,GraphSAGE,native,none,3,14,0.14890819588536416,0.011091675031930209,0.03483650971343721,0.9991672396659851
native_GraphSAGE_none,GraphSAGE,native,none,3,15,0.14890349762374555,0.011096583884209395,0.03317646660050357,0.9996444296836853
native_GraphSAGE_none,GraphSAGE,native,none,3,16,0.14858930887514746,0.011058127144351601,0.04153984432248379,0.9958075749874115
native_GraphSAGE_none,GraphSAGE,native,none,3,17,0.1491675393828193,0.011088947905227542,0.03553131475253011,0.9988664984703064
native_GraphSAGE_none,GraphSAGE,native,none,3,18,0.1489397387378851,0.011095727337524295,0.033420580207835685,0.9995696067810058
native_GraphSAGE_none,GraphSAGE,native,none,3,19,0.1489121330701748,0.011097247125580906,0.03277146504400278,0.9997241723537446
native_GraphSAGE_none,GraphSAGE,native,none,3,20,0.14848125422233735,0.011078843558207154,0.03761699919728542,0.9978817760944366
native_GraphSAGE_none,GraphSAGE,native,none,3,21,0.14888668635720406,0.011098494958132506,0.03222855419060196,0.9998493993282318
native_GraphSAGE_none,GraphSAGE,native,none,3,22,0.14887660616869128,0.011098768189549446,0.03209338462119902,0.9998736333847046
native_GraphSAGE_none,GraphSAGE,native,none,3,23,0.14892857232922707,0.01109429081901908,0.03365928664943183,0.9994270575046539
native_GraphSAGE_none,GraphSAGE,native,none,3,24,0.14886931011313592,0.011098793605342508,0.03208410297660137,0.9998788404464721
native_GraphSAGE_none,GraphSAGE,native,none,3,25,0.1488868040763775,0.0110989797860384,0.03202243415778483,0.9998930382728577
native_GraphSAGE_none,GraphSAGE,native,none,3,26,0.14886598938936388,0.011098817605525255,0.03207582440366949,0.9998812448978424
native_GraphSAGE_none,GraphSAGE,native,none,3,27,0.14882350751990472,0.01109361369162798,0.034121602793689615,0.9993612718582153
native_GraphSAGE_none,GraphSAGE,native,none,3,28,0.14886146435374414,0.011099382285028696,0.03179564636340345,0.9999377977848053
native_GraphSAGE_none,GraphSAGE,native,none,3,29,0.14890136996144449,0.011095308838412166,0.03344809266878272,0.9995308208465576
native_GraphSAGE_none,GraphSAGE,native,none,3,30,0.14884671369427835,0.011097241239622236,0.0327300362396052,0.9997240340709687
native_GraphSAGE_none,GraphSAGE,native,none,3,31,0.14886805960768854,0.011099489340558648,0.031743467647116434,0.9999474239349365
native_GraphSAGE_none,GraphSAGE,native,none,3,32,0.14887772092456017,0.011099073998630048,0.031947917585726626,0.999907408952713
native_GraphSAGE_none,GraphSAGE,native,none,3,33,0.14886661449307595,0.011099395677447318,0.03178037850325907,0.9999394130706787
native_GraphSAGE_none,GraphSAGE,native,none,3,34,0.14886101553076897,0.011099721109494566,0.031623194507788666,0.9999719905853272
native_GraphSAGE_none,GraphSAGE,native,none,3,35,0.1488454274260441,0.011098855696618557,0.03202984402095879,0.9998847997188568
native_GraphSAGE_none,GraphSAGE,native,none,3,36,0.14881570646399653,0.011098185610026122,0.03227038972219432,0.9998185551166534
native_GraphSAGE_none,GraphSAGE,native,none,3,37,0.14885829904908335,0.011099589243531226,0.0316856071180662,0.9999588704109192
native_GraphSAGE_none,GraphSAGE,native,none,3,38,0.14885954806441462,0.01109878921881318,0.032066050881054055,0.9998789298534393
native_GraphSAGE_none,GraphSAGE,native,none,3,39,0.14885638991231118,0.011098886700347066,0.03201206126390005,0.9998885464668273
native_GraphSAGE_none,GraphSAGE,native,none,3,40,0.14890263089770472,0.011097314031794668,0.03264575087605024,0.9997313320636749
native_GraphSAGE_none,GraphSAGE,native,none,3,41,0.1489122543656269,0.011095546614378692,0.03314185924967731,0.9995546543598175
native_GraphSAGE_none,GraphSAGE,native,none,3,42,0.14886135855549967,0.01109992515295744,0.03151806274568642,0.9999925196170807
native_GraphSAGE_none,GraphSAGE,native,none,3,43,0.14886802056664622,0.011099626133218408,0.031670849073212395,0.9999625778198242
native_GraphSAGE_none,GraphSAGE,native,none,3,44,0.14886747935647165,0.011098530348390341,0.032191662342753065,0.9998521375656128
native_GraphSAGE_none,GraphSAGE,native,none,3,45,0.14886041501397287,0.011099617145955563,0.03167470792448128,0.9999617028236389
native_GraphSAGE_none,GraphSAGE,native,none,3,46,0.14886394956940804,0.011099793259054422,0.03158666204800809,0.9999793291091919
native_GraphSAGE_none,GraphSAGE,native,none,3,47,0.14886268177861367,0.011099755549803376,0.031605481180827864,0.9999754452705383
native_GraphSAGE_none,GraphSAGE,native,none,3,48,0.14885749438637888,0.011099695162847638,0.03163527489779497,0.9999695062637329
native_GraphSAGE_none,GraphSAGE,native,none,3,49,0.14886315623158608,0.011099825780838728,0.03156993530830349,0.9999825274944305
native_GraphSAGE_none,GraphSAGE,native,none,3,50,0.14885059932107125,0.011099192639812827,0.031878950513433466,0.9999192774295806
native_GraphSAGE_none,GraphSAGE,native,none,3,51,0.14885837891930734,0.011099715130403637,0.031625275175552615,0.999971524477005
native_GraphSAGE_none,GraphSAGE,native,none,3,52,0.14885844627255593,0.011099505629390478,0.03172772511979545,0.9999505007266998
native_GraphSAGE_none,GraphSAGE,native,none,3,53,0.14886074820393716,0.011099898451939226,0.03153224391071106,0.999989812374115
native_GraphSAGE_none,GraphSAGE,native,none,3,54,0.14885630110139048,0.01109962067566812,0.03167355462117101,0.9999620735645294
native_GraphSAGE_none,GraphSAGE,native,none,3,55,0.1488628993355671,0.011099913744255901,0.03152389723015929,0.9999913930892944
native_GraphSAGE_none,GraphSAGE,native,none,3,56,0.14886029878491555,0.011099807750433684,0.03157805495103801,0.9999807870388031
native_GraphSAGE_none,GraphSAGE,native,none,3,57,0.14886709133023415,0.011099461885169148,0.031741103615145934,0.9999462044239045
native_GraphSAGE_none,GraphSAGE,native,none,3,58,0.1488613066994587,0.011099845543503762,0.0315589734739622,0.9999845623970032
native_GraphSAGE_none,GraphSAGE,native,none,3,59,0.1488603893839756,0.011099897744134068,0.03153226846037413,0.9999897730350494
native_GraphSAGE_none,GraphSAGE,native,none,3,60,0.14885835686558876,0.011099680485203862,0.03164121412811781,0.9999680685997009
native_GraphSAGE_none,GraphSAGE,native,none,3,61,0.14885950246686136,0.01109953535720706,0.031714336202945365,0.9999535167217255
native_GraphSAGE_none,GraphSAGE,native,none,3,62,0.14886063674325142,0.011099943276494741,0.03150862187286819,0.9999943387508392
native_GraphSAGE_none,GraphSAGE,native,none,3,63,0.14885793367261088,0.011099789096042513,0.03158703218353892,0.9999789333343506
native_GraphSAGE_none,GraphSAGE,native,none,3,64,0.14885827043885386,0.011099421847611667,0.0317725684135219,0.9999422013759613
native_GraphSAGE_none,GraphSAGE,native,none,3,65,0.1488584093176762,0.011099885767325759,0.03153810440702344,0.9999885976314544
native_GraphSAGE_none,GraphSAGE,native,none,3,66,0.14886100092763102,0.01109995269216597,0.0315036402377298,0.9999952924251556
native_GraphSAGE_none,GraphSAGE,native,none,3,67,0.14885984459752236,0.011099931169301271,0.03151479412009919,0.9999931406974792
native_GraphSAGE_none,GraphSAGE,native,none,3,68,0.14886170485848582,0.01109983523376286,0.03156328366277719,0.9999835443496704
native_GraphSAGE_none,GraphSAGE,native,none,3,69,0.1488616661154667,0.011099777733907103,0.03159255101485158,0.9999777960777283
native_GraphSAGE_none,GraphSAGE,native,none,3,70,0.14886035123700295,0.011099987952038646,0.03148537310911323,0.9999987924098969
native_GraphSAGE_none,GraphSAGE,native,none,3,71,0.14886184016102944,0.011099772872403263,0.031595084901433236,0.9999773132801056
native_GraphSAGE_none,GraphSAGE,native,none,3,72,0.1488602743470112,0.011099976319819689,0.031491333880927216,0.9999976515769958
native_GraphSAGE_none,GraphSAGE,native,none,3,73,0.14885785678261912,0.011099776830524205,0.03159283980866874,0.9999776959419251
native_GraphSAGE_none,GraphSAGE,native,none,3,74,0.14885894695157206,0.011099884565919638,0.03153911113878692,0.9999884057044983
native_GraphSAGE_none,GraphSAGE,native,none,3,75,0.1488593904101292,0.011099761575460434,0.03160138031607474,0.9999761855602265
native_GraphSAGE_none,GraphSAGE,native,none,3,76,0.14886310377949868,0.011099747894331814,0.0316088123912921,0.9999747920036316
native_GraphSAGE_none,GraphSAGE,native,none,3,77,0.14886785903805888,0.011097951037809252,0.03241064692987109,0.9997951233386994
native_GraphSAGE_none,GraphSAGE,native,none,3,78,0.14886032441491281,0.01109998943284154,0.03148452285816873,0.9999989533424377
native_GraphSAGE_none,GraphSAGE,native,none,3,79,0.148860179575626,0.011099979830905795,0.03148946653259898,0.9999980092048645
native_GraphSAGE_none,GraphSAGE,native,none,3,80,0.14885977545613444,0.011099835792556405,0.03156385352043415,0.9999836039543152
native_GraphSAGE_none,GraphSAGE,native,none,3,81,0.14886060336465035,0.011099951518699526,0.031504218384157665,0.9999951756000519
native_GraphSAGE_none,GraphSAGE,native,none,3,82,0.14886008897656594,0.011099993791431189,0.03148216113587821,0.9999994051456451
native_GraphSAGE_none,GraphSAGE,native,none,3,83,0.1488601181828419,0.011099981050938368,0.031488816814031255,0.9999981319904327
native_GraphSAGE_none,GraphSAGE,native,none,3,84,0.14885801056260262,0.011099825138226152,0.03156923097697998,0.9999825406074524
native_GraphSAGE_none,GraphSAGE,native,none,3,85,0.14886005857819712,0.01109998807311058,0.03148514827853049,0.9999988341331482
native_GraphSAGE_none,GraphSAGE,native,none,3,86,0.1488574520670811,0.011099802637472749,0.03157901731459404,0.9999802887439728
native_GraphSAGE_none,GraphSAGE,native,none,3,87,0.14886027315491832,0.011099974606186152,0.03149219628563131,0.9999974858760834
native_GraphSAGE_none,GraphSAGE,native,none,3,88,0.14886005440587197,0.01109998201020062,0.03148833961365725,0.9999982237815856
native_GraphSAGE_none,GraphSAGE,native,none,3,89,0.1488608423792759,0.01109996397048235,0.031497722735162624,0.9999964237213135
native_GraphSAGE_none,GraphSAGE,native,none,3,90,0.14885927656525766,0.011099915923550726,0.03152245664177442,0.9999916172027588
native_GraphSAGE_none,GraphSAGE,native,none,3,91,0.1488601634823719,0.011099964119493962,0.03149766298150624,0.9999964380264282
native_GraphSAGE_none,GraphSAGE,native,none,3,92,0.1488581697070042,0.011099789775907993,0.031586203595157514,0.9999790036678314
native_GraphSAGE_none,GraphSAGE,native,none,3,93,0.1488601408326069,0.011099981470033526,0.03148860777867938,0.9999981725215912
native_GraphSAGE_none,GraphSAGE,native,none,3,94,0.14886055329674874,0.011099973479285836,0.03149277200130726,0.9999973738193512
native_GraphSAGE_none,GraphSAGE,native,none,3,95,0.14886107781762278,0.01109997027553618,0.031494411352556,0.9999970543384552
native_GraphSAGE_none,GraphSAGE,native,none,3,96,0.14886013010377083,0.0110999792534858,0.03148976870952154,0.9999979496002197
native_GraphSAGE_none,GraphSAGE,native,none,3,97,0.1488601545416752,0.01109999157488346,0.031483345908578285,0.999999178647995
native_GraphSAGE_none,GraphSAGE,native,none,3,98,0.14886097887391245,0.011099963113665581,0.03149813903635348,0.9999963402748108
native_GraphSAGE_none,GraphSAGE,native,none,3,99,0.1488601545416752,0.011099991220980883,0.031483495274092804,0.9999991500377655
native_GraphSAGE_none,GraphSAGE,native,none,4,0,0.18841226302488395,0.0028335350373708936,0.4524908859620791,0.3180830961978063
native_GraphSAGE_none,GraphSAGE,native,none,4,1,0.1831186233961489,0.0011589849657245566,0.23418695408400553,0.15333956565867993
native_GraphSAGE_none,GraphSAGE,native,none,4,2,0.20122736471006647,0.00045212495702893097,0.16442016827078895,0.06179818182130724
native_GraphSAGE_none,GraphSAGE,native,none,4,3,0.2045635238487739,0.00023126193173826214,0.1040284946284663,0.035300628913854284
native_GraphSAGE_none,GraphSAGE,native,none,4,4,0.20327256146003492,0.0002087359340334642,0.0863889635598348,0.027564633997494477
native_GraphSAGE_none,GraphSAGE,native,none,4,5,0.2052244459139183,0.00015231681285174606,0.06601149851693092,0.023277045541066833
native_GraphSAGE_none,GraphSAGE,native,none,4,6,0.20345270331017673,0.00011620860205367213,0.07670493574223146,0.02195487968522409
native_GraphSAGE_none,GraphSAGE,native,none,4,7,0.2055279311351478,5.9722455427561015e-05,0.06081542663441547,0.010216588778342634
native_GraphSAGE_none,GraphSAGE,native,none,4,8,0.2043906361144036,2.8899612043117185e-05,0.04784157206104317,0.005367021890083592
native_GraphSAGE_none,GraphSAGE,native,none,4,9,0.204899223735556,1.2091551084176175e-05,0.0406373830939493,0.002155568576892944
native_GraphSAGE_none,GraphSAGE,native,none,4,10,0.20533513453789054,9.999051203577887e-06,0.036553794993574175,0.001194579437228298
native_GraphSAGE_none,GraphSAGE,native,none,4,11,0.20562121032737196,9.543712980411422e-06,0.03624262903464649,0.0011715424242612967
native_GraphSAGE_none,GraphSAGE,native,none,4,12,0.2049918893445283,6.281824609122372e-06,0.03602305897715143,0.0010479896603008052
native_GraphSAGE_none,GraphSAGE,native,none,4,13,0.2050112747680396,6.799951005455442e-06,0.03723665455189003,0.0012821178529545548
native_GraphSAGE_none,GraphSAGE,native,none,4,14,0.2039896849077195,2.0504642589889718e-05,0.0432914984204481,0.0038377167845158977
native_GraphSAGE_none,GraphSAGE,native,none,4,15,0.20517108819447458,3.4408547677891754e-06,0.033783663418447143,0.00048705732215775815
native_GraphSAGE_none,GraphSAGE,native,none,4,16,0.20494569159112871,2.3740456168462634e-06,0.03340379820943728,0.00040411091747291655
native_GraphSAGE_none,GraphSAGE,native,none,4,17,0.2039276024606079,1.5260677826178408e-05,0.039741975424769746,0.002951098387772113
native_GraphSAGE_none,GraphSAGE,native,none,4,18,0.20497823639772833,2.469820838216719e-06,0.03368999628356492,0.00046970248120958597
native_GraphSAGE_none,GraphSAGE,native,none,4,19,0.2051199494395405,3.3582368196325017e-06,0.03410991425688552,0.0006449012092762732
native_GraphSAGE_none,GraphSAGE,native,none,4,20,0.20523985140956938,3.1534978020245604e-06,0.03333475510358631,0.00040871550882220706
native_GraphSAGE_none,GraphSAGE,native,none,4,21,0.2051028394792229,1.0529039346268834e-06,0.03206677370053598,0.00012157634668849007
native_GraphSAGE_none,GraphSAGE,native,none,4,22,0.2051286517921835,1.349059563514986e-06,0.03222709842801428,0.00015755761255273223
native_GraphSAGE_none,GraphSAGE,native,none,4,23,0.20582358689047398,1.046171431487919e-05,0.03515199781375879,0.0011191564301928636
native_GraphSAGE_none,GraphSAGE,native,none,4,24,0.2050392746273428,1.9705751859094677e-07,0.03165292836828209,3.345417024110365e-05
native_GraphSAGE_none,GraphSAGE,native,none,4,25,0.20511222288943828,3.2576688796574043e-06,0.03411478453751204,0.0006367350251295588
native_GraphSAGE_none,GraphSAGE,native,none,4,26,0.2050165726337582,8.070231690408645e-07,0.032203603326781155,0.00014486649710812604
native_GraphSAGE_none,GraphSAGE,native,none,4,27,0.20504772557877005,5.284266303086262e-07,0.03195667205026944,9.474731194434456e-05
native_GraphSAGE_none,GraphSAGE,native,none,4,28,0.20502754480578006,2.812053626413982e-07,0.031733171165027656,4.9381680709674236e-05
native_GraphSAGE_none,GraphSAGE,native,none,4,29,0.2050345575902611,3.61012489953013e-07,0.03176802519316836,5.623709487417087e-05
native_GraphSAGE_none,GraphSAGE,native,none,4,30,0.20502305851317942,3.738112731818809e-07,0.03183246133215884,6.894418039763908e-05
native_GraphSAGE_none,GraphSAGE,native,none,4,31,0.20505644769407808,3.6953018049810325e-07,0.03170364961958488,4.3963230531794296e-05
native_GraphSAGE_none,GraphSAGE,native,none,4,32,0.2050373308453709,9.883155044674756e-08,0.03154534029814485,1.2692264646017547e-05
native_GraphSAGE_none,GraphSAGE,native,none,4,33,0.2048890417907387,1.68601741005189e-06,0.03295368846747171,0.0003340699622476856
native_GraphSAGE_none,GraphSAGE,native,none,4,34,0.20504010857082902,1.7500660007647594e-07,0.03163410477162713,2.995683372585856e-05
native_GraphSAGE_none,GraphSAGE,native,none,4,35,0.20598519490100442,1.0903426470654027e-05,0.034739183601898656,0.0010950311041277173
native_GraphSAGE_none,GraphSAGE,native,none,4,36,0.20503660799004136,1.0645352002732104e-07,0.03156354845166508,1.6202082232229718e-05
native_GraphSAGE_none,GraphSAGE,native,none,4,37,0.2050272031221539,1.4827273668966382e-07,0.03162568671941875,2.8299418164379505e-05
native_GraphSAGE_none,GraphSAGE,native,none,4,38,0.205042931297794,1.6831935385527767e-07,0.031587158421492186,2.091014333283102e-05
native_GraphSAGE_none,GraphSAGE,native,none,4,39,0.20504700140096246,2.0184473567812133e-07,0.031608378273309534,2.5075041268395303e-05
native_GraphSAGE_none,GraphSAGE,native,none,4,40,0.20503710032440722,1.3541032337818028e-07,0.03158024046036637,1.9465286059183733e-05
native_GraphSAGE_none,GraphSAGE,native,none,4,41,0.20505267561413348,3.379862670313879e-07,0.03169862132520336,4.2826172364996e-05
native_GraphSAGE_none,GraphSAGE,native,none,4,42,0.20502330974675714,2.1963290948586e-07,0.03170322440653961,4.3604989713384846e-05
native_GraphSAGE_none,GraphSAGE,native,none,4,43,0.20504169971682132,1.6384051212726908e-07,0.03159641816056302,2.2639011766630396e-05
native_GraphSAGE_none,GraphSAGE,native,none,4,44,0.20510248438455164,7.732583700527988e-07,0.031848425893250217,7.813873228341403e-05
native_GraphSAGE_none,GraphSAGE,native,none,4,45,0.2050388324353844,2.3645959513772226e-07,0.03171653771162314,4.691826495226225e-05
native_GraphSAGE_none,GraphSAGE,native,none,4,46,0.20503999114967883,1.0960990651148616e-07,0.031552789413611455,1.4182987704578622e-05
native_GraphSAGE_none,GraphSAGE,native,none,4,47,0.20503283292986452,6.805377137191996e-08,0.03154707547074127,1.3056270575083985e-05
native_GraphSAGE_none,GraphSAGE,native,none,4,48,0.20508195073343813,6.139544525436839e-07,0.03182337355001483,6.982637180583478e-05
native_GraphSAGE_none,GraphSAGE,native,none,4,49,0.20502713234163822,9.939742295863978e-08,0.03157724945138187,1.895728886779151e-05
native_GraphSAGE_none,GraphSAGE,native,none,4,50,0.20502715201117097,1.267917322473012e-07,0.031598463513342806,2.30973874543016e-05
native_GraphSAGE_none,GraphSAGE,native,none,4,51,0.20503392742015422,1.1782564066440574e-07,0.03158678326353587,2.0706910651297115e-05
native_GraphSAGE_none,GraphSAGE,native,none,4,52,0.20503474519588052,2.545886426825525e-08,0.031495199067287746,3.0860739578624793e-06
native_GraphSAGE_none,GraphSAGE,native,none,4,53,0.2050100886914879,5.232126493106491e-07,0.03193858157349339,9.233631712957343e-05
native_GraphSAGE_none,GraphSAGE,native,none,4,54,0.205054169902578,4.1179585901566384e-07,0.03173501751158687,5.067404333587746e-05
native_GraphSAGE_none,GraphSAGE,native,none,4,55,0.205037579247728,6.191489721750295e-08,0.03151672816778098,7.236167500141783e-06
native_GraphSAGE_none,GraphSAGE,native,none,4,56,0.20503561214543878,3.05882105200597e-08,0.03149955073945135,3.915848505071517e-06
native_GraphSAGE_none,GraphSAGE,native,none,4,57,0.20503319771029055,9.578693523279231e-08,0.03157152974937246,1.7763744679786693e-05
native_GraphSAGE_none,GraphSAGE,native,none,4,58,0.20503684104420244,5.506216551935403e-08,0.03151502041839991,6.890811203060959e-06
native_GraphSAGE_none,GraphSAGE,native,none,4,59,0.20503229887224733,2.6454354717612527e-08,0.0315055628724889,5.065982148795606e-06
native_GraphSAGE_none,GraphSAGE,native,none,4,60,0.2050356322620064,5.292059200644395e-08,0.03152410556277913,8.62306946459659e-06
native_GraphSAGE_none,GraphSAGE,native,none,4,61,0.20503312424756587,3.6743293020842176e-08,0.03151039076707282,5.9941898118446084e-06
native_GraphSAGE_none,GraphSAGE,native,none,4,62,0.2050352752301842,4.321841494712463e-08,0.031511806235257823,6.260183213609853e-06
native_GraphSAGE_none,GraphSAGE,native,none,4,63,0.20504213721491396,1.499802658512817e-07,0.03158924675538743,2.121546383859643e-05
native_GraphSAGE_none,GraphSAGE,native,none,4,64,0.20503396005369723,3.5835613213476823e-08,0.0315123372448639,6.365529971999451e-06
native_GraphSAGE_none,GraphSAGE,native,none,4,65,0.20503537298180163,4.111389755076372e-08,0.03150685690742792,5.3201246057255366e-06
native_GraphSAGE_none,GraphSAGE,native,none,4,66,0.20503588886000215,4.235071739520222e-08,0.03150687608519891,5.324536518931446e-06
native_GraphSAGE_none,GraphSAGE,native,none,4,67,0.20503531576134265,1.5753385246311493e-07,0.03160146009113073,2.3607316497692206e-05
native_GraphSAGE_none,GraphSAGE,native,none,4,68,0.20503685236908495,1.0633188960549552e-07,0.03155461100582304,1.4531847410563179e-05
native_GraphSAGE_none,GraphSAGE,native,none,4,69,0.20511381776072085,9.393203533401091e-07,0.03193228494604163,9.691405207420347e-05
native_GraphSAGE_none,GraphSAGE,native,none,4,70,0.20502703339792788,9.176178419480933e-08,0.03156946765401816,1.7463498435768586e-05
native_GraphSAGE_none,GraphSAGE,native,none,4,71,0.2050320875737816,5.455447739143329e-08,0.031529693279951754,9.70039592076307e-06
native_GraphSAGE_none,GraphSAGE,native,none,4,72,0.20503168375231326,5.1046541126761084e-08,0.031528145875030965,9.40264176401839e-06
native_GraphSAGE_none,GraphSAGE,native,none,4,73,0.2050456711743027,1.4477676737749683e-07,0.03155936104909491,1.56272741165698e-05
native_GraphSAGE_none,GraphSAGE,native,none,4,74,0.20503394247032702,2.2052495485798346e-08,0.031496018312231894,3.2400522917146493e-06
native_GraphSAGE_none,GraphSAGE,native,none,4,75,0.20503379524685442,1.3235075206012397e-08,0.0314902310249826,2.1336021879364896e-06
native_GraphSAGE_none,GraphSAGE,native,none,4,76,0.2050342679116875,2.88391243612849e-08,0.03149957916161605,3.924043380450762e-06
native_GraphSAGE_none,GraphSAGE,native,none,4,77,0.20501629532314836,1.8887086101153076e-07,0.03166984840431921,3.757757459663659e-05
native_GraphSAGE_none,GraphSAGE,native,none,4,78,0.20503037185408174,6.473079244924726e-08,0.03154106259889979,1.1910959909008782e-05
native_GraphSAGE_none,GraphSAGE,native,none,4,79,0.2050324419233948,1.744930191857548e-08,0.031496240695896315,3.2850310806563777e-06
native_GraphSAGE_none,GraphSAGE,native,none,4,80,0.20503039808012546,1.0723690662076849e-07,0.031574771371901296,1.843163544577257e-05
native_GraphSAGE_none,GraphSAGE,native,none,4,81,0.20503537417389453,3.7962750037907425e-08,0.031509628247290415,5.844402314488125e-06
native_GraphSAGE_none,GraphSAGE,native,none,4,82,0.2050753450486809,4.799283924589926e-07,0.031719858749595,4.9184370259085756e-05
native_GraphSAGE_none,GraphSAGE,native,none,4,83,0.20503394872881472,1.6383236626924095e-08,0.03149445354811253,2.94306875902453e-06
native_GraphSAGE_none,GraphSAGE,native,none,4,84,0.205050989696756,2.5905871615238667e-07,0.03163004888950065,2.9657835717957057e-05
native_GraphSAGE_none,GraphSAGE,native,none,4,85,0.2050340360496193,6.753397602045261e-09,0.031482850255998354,7.234364116650176e-07
native_GraphSAGE_none,GraphSAGE,native,none,4,86,0.20504097343422473,8.716379557937375e-08,0.03152630627023722,9.137455189834397e-06
native_GraphSAGE_none,GraphSAGE,native,none,4,87,0.20503935367800297,7.104315948990867e-08,0.03151772009952771,7.4578635186724444e-06
native_GraphSAGE_none,GraphSAGE,native,none,4,88,0.2050333121512085,8.331270410283634e-09,0.031486149583353204,1.35398477650663e-06
native_GraphSAGE_none,GraphSAGE,native,none,4,89,0.20503329874016343,2.0926660445346376e-08,0.03149664275363967,3.3599135745719536e-06
native_GraphSAGE_none,GraphSAGE,native,none,4,90,0.20503494114615023,2.185970842161337e-08,0.03149259555928112,2.588214091007236e-06
native_GraphSAGE_none,GraphSAGE,native,none,4,91,0.20503435702063144,1.7584769283711046e-08,0.03149051903607115,2.1899871237538388e-06
native_GraphSAGE_none,GraphSAGE,native,none,4,92,0.20504544348455966,1.342614582739871e-07,0.031548572469369415,1.3569357579789732e-05
native_GraphSAGE_none,GraphSAGE,native,none,4,93,0.20503354878164828,2.439168909121362e-09,0.03148114227779426,3.970163789080536e-07
native_GraphSAGE_none,GraphSAGE,native,none,4,94,0.2050341978762299,1.2654653544909014e-08,0.03148828759991491,1.7619238646585636e-06
native_GraphSAGE_none,GraphSAGE,native,none,4,95,0.20503147543407976,2.893180185966286e-08,0.031507618766943274,5.471883945893708e-06
native_GraphSAGE_none,GraphSAGE,native,none,4,96,0.20503408790566027,7.820313049481194e-09,0.03148349589947872,8.470941816039908e-07
native_GraphSAGE_none,GraphSAGE,native,none,4,97,0.20503265471197665,1.2970671894392955e-08,0.03149180872630989,2.436376079397716e-06
native_GraphSAGE_none,GraphSAGE,native,none,4,98,0.20503340900875627,5.952783119061198e-09,0.03148449770943056,1.0371776994925838e-06
native_GraphSAGE_none,GraphSAGE,native,none,4,99,0.20503414333797992,1.74440310073424e-08,0.03149293644317829,2.6494053074631524e-06
native_GraphSAGE_class_weighting,GraphSAGE,native,class_weighting,0,0,0.0738504033463775,0.0077778691647108645,0.49355054797974873,0.5134581188857555
native_GraphSAGE_class_weighting,GraphSAGE,native,class_weighting,0,1,0.057157562828014645,0.00629082941384695,0.388077406198118,0.6073596077784896
native_GraphSAGE_class_weighting,GraphSAGE,native,class_weighting,0,2,0.05765423462293029,0.004802695275507176,0.28857848853749374,0.5422685561863182
native_GraphSAGE_class_weighting,GraphSAGE,native,class_weighting,0,3,0.05940309754368741,0.00444773085900227,0.21279654481167437,0.5030469091012446
native_GraphSAGE_class_weighting,GraphSAGE,native,class_weighting,0,4,0.06554580869269216,0.004285800002096999,0.15553902952671314,0.4848244323661406
native_GraphSAGE_class_weighting,GraphSAGE,native,class_weighting,0,5,0.05514823144883508,0.004192587219476917,0.14492229521780595,0.4686220791767079
native_GraphSAGE_class_weighting,GraphSAGE,native,class_weighting,0,6,0.05981745913508007,0.004011333687140226,0.1045763000579095,0.4535480939350169
native_GraphSAGE_class_weighting,GraphSAGE,native,class_weighting,0,7,0.05561008427873844,0.004145316539114395,0.09467978512122073,0.46130009899206414
native_GraphSAGE_class_weighting,GraphSAGE,native,class_weighting,0,8,0.05540202948380852,0.0038864299417948247,0.09386261589285234,0.45056578134090275
native_GraphSAGE_class_weighting,GraphSAGE,native,class_weighting,0,9,0.06305991386179471,0.0037109879160889853,0.08320907031641371,0.43762963130412236
native_GraphSAGE_class_weighting,GraphSAGE,native,class_weighting,0,10,0.05392567071248436,0.003496166219427356,0.07483784764567256,0.4161838646108397
native_GraphSAGE_class_weighting,GraphSAGE,native,class_weighting,0,11,0.05374601583112622,0.0035835429071664837,0.05621606825965499,0.4230722708747062
native_GraphSAGE_class_weighting,GraphSAGE,native,class_weighting,0,12,0.053706557537658454,0.0034375853126773874,0.05640144167930245,0.41379938834701746
native_GraphSAGE_class_weighting,GraphSAGE,native,class_weighting,0,13,0.05339154372107828,0.0034429713763303627,0.055730491367311126,0.4124222714549252
native_GraphSAGE_class_weighting,GraphSAGE,native,class_weighting,0,14,0.05331957901944065,0.003448816983485414,0.053407307686529924,0.4137289453241317
native_GraphSAGE_class_weighting,GraphSAGE,native,class_weighting,0,15,0.053476432134626745,0.0033886378613311803,0.0506836386217293,0.4085779185148683
native_GraphSAGE_class_weighting,GraphSAGE,native,class_weighting,0,16,0.053677447169317244,0.0034544873775202507,0.0476709043896106,0.4157003977704934
native_GraphSAGE_class_weighting,GraphSAGE,native,class_weighting,0,17,0.05337178851593876,0.003317393194088455,0.043013863926388264,0.4023286691643536
native_GraphSAGE_class_weighting,GraphSAGE,native,class_weighting,0,18,0.053613253087966085,0.0034378585887444683,0.04537660621760517,0.4140377248989307
native_GraphSAGE_class_weighting,GraphSAGE,native,class_weighting,0,19,0.05597203828510487,0.003481269530238809,0.049933300710766966,0.4189155568004517
native_GraphSAGE_class_weighting,GraphSAGE,native,class_weighting,0,20,0.05468423139419997,0.0034208301340649706,0.04192143936735446,0.41271992848189376
native_GraphSAGE_class_weighting,GraphSAGE,native,class_weighting,0,21,0.05358769714017057,0.003389321564366209,0.04910757944929279,0.40954343187941883
native_GraphSAGE_class_weighting,GraphSAGE,native,class_weighting,0,22,0.053407631210280894,0.0033910361162425686,0.041003521665976844,0.4093909787416845
native_GraphSAGE_class_weighting,GraphSAGE,native,class_weighting,0,23,0.05352179378387177,0.0034248435223234496,0.04023982043208507,0.41309197589946917
native_GraphSAGE_class_weighting,GraphSAGE,native,class_weighting,0,24,0.05381921303574586,0.003430145598133568,0.04112946387159466,0.4137268390897543
native_GraphSAGE_class_weighting,GraphSAGE,native,class_weighting,0,25,0.05350696916808033,0.0034098700778264716,0.04263056495393183,0.41152961117018605
native_GraphSAGE_class_weighting,GraphSAGE,native,class_weighting,0,26,0.05391187908243978,0.0034908680181564553,0.04527371997534771,0.4195823595615393
native_GraphSAGE_class_weighting,GraphSAGE,native,class_weighting,0,27,0.059628545903830175,0.003544248348080744,0.04604180041027856,0.42506710113203355
native_GraphSAGE_class_weighting,GraphSAGE,native,class_weighting,0,28,0.053460851741252785,0.0034081029241212466,0.03436367594509197,0.4112809614550663
native_GraphSAGE_class_weighting,GraphSAGE,native,class_weighting,0,29,0.053417592180190925,0.00340201505830061,0.03616201058475161,0.4108166938030749
native_GraphSAGE_class_weighting,GraphSAGE,native,class_weighting,0,30,0.053739031517176274,0.00346664383285165,0.03880376313487923,0.41730732679758475
native_GraphSAGE_class_weighting,GraphSAGE,native,class_weighting,0,31,0.053437600211469774,0.0034012298889087612,0.03503647187165306,0.410727412457738
native_GraphSAGE_class_weighting,GraphSAGE,native,class_weighting,0,32,0.05708428366225803,0.0034824541802173105,0.045616546455110145,0.4189053685024994
native_GraphSAGE_class_weighting,GraphSAGE,native,class_weighting,0,33,0.05348770372685635,0.003407172697985636,0.0421995339648198,0.4109174926135285
native_GraphSAGE_class_weighting,GraphSAGE,native,class_weighting,0,34,0.053796103989003544,0.0034942273776366116,0.038389102649706776,0.4200599674501386
native_GraphSAGE_class_weighting,GraphSAGE,native,class_weighting,0,35,0.053439735976277235,0.0033937161339208034,0.03548337201306532,0.410030094664899
native_GraphSAGE_class_weighting,GraphSAGE,native,class_weighting,0,36,0.0534826424170717,0.003433185809828232,0.03900285942962186,0.4138906389058154
native_GraphSAGE_class_weighting,GraphSAGE,native,class_weighting,0,37,0.05352817531791174,0.003405211888505254,0.043447071029323665,0.41119767615102193
native_GraphSAGE_class_weighting,GraphSAGE,native,class_weighting,0,38,0.05334695698809469,0.0033979946881262124,0.04317853518238543,0.4093975798139877
native_GraphSAGE_class_weighting,GraphSAGE,native,class_weighting,0,39,0.05343648171168411,0.0033971919729245104,0.036931321651923976,0.41037800294571963
native_GraphSAGE_class_weighting,GraphSAGE,native,class_weighting,0,40,0.05344831593450749,0.0033990551294682623,0.03375265727207237,0.41056412862686126
native_GraphSAGE_class_weighting,GraphSAGE,native,class_weighting,0,41,0.05371974861365402,0.00346170837753739,0.038324223599676584,0.41683756594803045
native_GraphSAGE_class_weighting,GraphSAGE,native,class_weighting,0,42,0.0534289750654682,0.0034081384498261614,0.04277104279323741,0.41146782068751714
native_GraphSAGE_class_weighting,GraphSAGE,native,class_weighting,0,43,0.05343430826556528,0.003389984719772553,0.03607752643750324,0.40967298013996384
native_GraphSAGE_class_weighting,GraphSAGE,native,class_weighting,0,44,0.05347145088133061,0.003405375203707408,0.0344461143539478,0.4111999786512775
native_GraphSAGE_class_weighting,GraphSAGE,native,class_weighting,0,45,0.0534291966271087,0.003372622950257067,0.03891929045364296,0.40793478258229576
native_GraphSAGE_class_weighting,GraphSAGE,native,class_weighting,0,46,0.05347133350674653,0.003382352554554727,0.04372666946371553,0.4088987082378527
native_GraphSAGE_class_weighting,GraphSAGE,native,class_weighting,0,47,0.05345399411511267,0.0034010275748621844,0.03344758803681176,0.41076520897671287
native_GraphSAGE_class_weighting,GraphSAGE,native,class_weighting,0,48,0.05346123564173126,0.003401467782626953,0.032570593345499194,0.41081305374432603
native_GraphSAGE_class_weighting,GraphSAGE,native,class_weighting,0,49,0.05346983801689589,0.003422363957228032,0.03874127172020057,0.4128622379808747
native_GraphSAGE_class_weighting,GraphSAGE,native,class_weighting,0,50,0.053421755844025254,0.0033603115393084915,0.041525322010115086,0.4066976358857396
native_GraphSAGE_class_weighting,GraphSAGE,native,class_weighting,0,51,0.053418293577848316,0.0033730584849647415,0.03806483139158129,0.407966390059964
native_GraphSAGE_class_weighting,GraphSAGE,native,class_weighting,0,52,0.05343236561980689,0.003386608226448248,0.03558858687478463,0.40931984138755817
native_GraphSAGE_class_weighting,GraphSAGE,native,class_weighting,0,53,0.05346168412011707,0.003402896447475424,0.033981084842568524,0.41095519052165086
native_GraphSAGE_class_weighting,GraphSAGE,native,class_weighting,0,54,0.05356887992587531,0.003429413092330669,0.03842461408092179,0.4136069873334904
native_GraphSAGE_class_weighting,GraphSAGE,native,class_weighting,0,55,0.05345208946731532,0.003397420669003072,0.033188554283904846,0.4104082270009223
native_GraphSAGE_class_weighting,GraphSAGE,native,class_weighting,0,56,0.053454292231468796,0.0033997488827860354,0.03441260288675225,0.4106425107367995
native_GraphSAGE_class_weighting,GraphSAGE,native,class_weighting,0,57,0.05341708041843617,0.003389456689612249,0.038744051335826896,0.409611057585157
native_GraphSAGE_class_weighting,GraphSAGE,native,class_weighting,0,58,0.053376498707799556,0.0033400642765415538,0.03820400861108927,0.4046729312462084
native_GraphSAGE_class_weighting,GraphSAGE,native,class_weighting,0,59,0.05336618781205857,0.0033530070051867524,0.039633476269542854,0.4059674605227685
native_GraphSAGE_class_weighting,GraphSAGE,native,class_weighting,0,60,0.05338865976896727,0.0033442837139733357,0.038323394678289484,0.40509288241066527
native_GraphSAGE_class_weighting,GraphSAGE,native,class_weighting,0,61,0.053320824691323876,0.003355444418738406,0.043183484290025075,0.4057647841604198
native_GraphSAGE_class_weighting,GraphSAGE,native,class_weighting,0,62,0.053525021934179906,0.0034076855663912344,0.042707558873182415,0.4114343079772143
native_GraphSAGE_class_weighting,GraphSAGE,native,class_weighting,0,63,0.053446704150406955,0.0034006654878413114,0.032625520708994084,0.4107332889739472
native_GraphSAGE_class_weighting,GraphSAGE,native,class_weighting,0,64,0.05349254148197019,0.0034144847463648455,0.03612109089193092,0.41211065874728126
native_GraphSAGE_class_weighting,GraphSAGE,native,class_weighting,0,65,0.05343269185279155,0.0033843620228342576,0.03740194355815581,0.4091023355465511
native_GraphSAGE_class_weighting,GraphSAGE,native,class_weighting,0,66,0.053379289676664714,0.0033366008109582622,0.03908150849680924,0.4043286185316912
native_GraphSAGE_class_weighting,GraphSAGE,native,class_weighting,0,67,0.05339415479567492,0.003399728321143067,0.03459265316846319,0.410636164217601
native_GraphSAGE_class_weighting,GraphSAGE,native,class_weighting,0,68,0.05341275178012097,0.003368102430164894,0.037938228130312245,0.4074764837639261
native_GraphSAGE_class_weighting,GraphSAGE,native,class_weighting,0,69,0.05344676375505173,0.003400249739624163,0.0321133305516784,0.41068913021382014
native_GraphSAGE_class_weighting,GraphSAGE,native,class_weighting,0,70,0.053454135247735624,0.003395664595577731,0.03465031592380797,0.41023307017544125
native_GraphSAGE_class_weighting,GraphSAGE,native,class_weighting,0,71,0.05344662428018296,0.003400845816939643,0.03299796060484845,0.41075091010070564
native_GraphSAGE_class_weighting,GraphSAGE,native,class_weighting,0,72,0.05344021907192314,0.003399188881908433,0.03468152756669817,0.4105854895526153
native_GraphSAGE_class_weighting,GraphSAGE,native,class_weighting,0,73,0.053463455346642375,0.003400596657203829,0.032047589087262116,0.410724697038985
native_GraphSAGE_class_weighting,GraphSAGE,native,class_weighting,0,74,0.053458908518074395,0.003398810690574013,0.03231343774909714,0.4105477389228348
native_GraphSAGE_class_weighting,GraphSAGE,native,class_weighting,0,75,0.05405157312866891,0.0034079686622103043,0.03533201894839959,0.4114630563141654
native_GraphSAGE_class_weighting,GraphSAGE,native,class_weighting,0,76,0.05345919249695385,0.0034000663447410194,0.03205584259706589,0.4106729127786849
native_GraphSAGE_class_weighting,GraphSAGE,native,class_weighting,0,77,0.0534620895620867,0.0034009471874365516,0.032251485588390263,0.4107607605693228
native_GraphSAGE_class_weighting,GraphSAGE,native,class_weighting,0,78,0.05344333000597203,0.003390595114017102,0.037169113584406166,0.40971713122523085
native_GraphSAGE_class_weighting,GraphSAGE,native,class_weighting,0,79,0.05345171386492097,0.003399752710380568,0.03230892868932401,0.4106410319553502
native_GraphSAGE_class_weighting,GraphSAGE,native,class_weighting,0,80,0.05366475194808686,0.003452834188081225,0.03825952812998906,0.41595068802235746
native_GraphSAGE_class_weighting,GraphSAGE,native,class_weighting,0,81,0.05345179453608239,0.0034007396058566073,0.032604668262798474,0.410740636404671
native_GraphSAGE_class_weighting,GraphSAGE,native,class_weighting,0,82,0.05342613769811237,0.0034022952689820108,0.03288729534563641,0.41089626903468
native_GraphSAGE_class_weighting,GraphSAGE,native,class_weighting,0,83,0.05345291875418866,0.003397822332483642,0.0327490592467084,0.4104280183411076
native_GraphSAGE_class_weighting,GraphSAGE,native,class_weighting,0,84,0.053443013896463755,0.0034024513366903942,0.032863211999111325,0.4109118868605133
native_GraphSAGE_class_weighting,GraphSAGE,native,class_weighting,0,85,0.05346206499379719,0.003398938138247759,0.03274315914374623,0.4105604763690563
native_GraphSAGE_class_weighting,GraphSAGE,native,class_weighting,0,86,0.0534567623969599,0.0033996569842151135,0.03240507169398311,0.41063226013218473
native_GraphSAGE_class_weighting,GraphSAGE,native,class_weighting,0,87,0.05345689304289067,0.003397539157481453,0.03409362668794403,0.4104205087185221
native_GraphSAGE_class_weighting,GraphSAGE,native,class_weighting,0,88,0.053461694401918294,0.0034010522379236134,0.03218416778863061,0.41077192458962
native_GraphSAGE_class_weighting,GraphSAGE,native,class_weighting,0,89,0.05347260322537863,0.0034047075638422085,0.033810029261714905,0.4111374220385774
native_GraphSAGE_class_weighting,GraphSAGE,native,class_weighting,0,90,0.05345925325643861,0.003398453051425513,0.03331460177948481,0.4105116689570815
native_GraphSAGE_class_weighting,GraphSAGE,native,class_weighting,0,91,0.05345980465528214,0.0034041976288311355,0.03321693799227107,0.4110864470179483
native_GraphSAGE_class_weighting,GraphSAGE,native,class_weighting,0,92,0.053403256946472764,0.003403138062696804,0.032989273115983014,0.41098047199931853
native_GraphSAGE_class_weighting,GraphSAGE,native,class_weighting,0,93,0.053448422235666156,0.003393189436643367,0.03400500055763375,0.40998532512014096
native_GraphSAGE_class_weighting,GraphSAGE,native,class_weighting,0,94,0.053428861127464415,0.003382555522258388,0.036075175351000084,0.40892218969288036
native_GraphSAGE_class_weighting,GraphSAGE,native,class_weighting,0,95,0.053589877357004524,0.0034372254663528655,0.03789931464662094,0.41438886203229186
native_GraphSAGE_class_weighting,GraphSAGE,native,class_weighting,0,96,0.053444932011185525,0.003391340361918046,0.034794138476944486,0.40980069495995863
native_GraphSAGE_class_weighting,GraphSAGE,native,class_weighting,0,97,0.05653619408723557,0.003434231735050388,0.038109519548268966,0.41408980615392105
native_GraphSAGE_class_weighting,GraphSAGE,native,class_weighting,0,98,0.053460253049848916,0.0033993248007002353,0.031915754272492,0.4105991126915869
native_GraphSAGE_class_weighting,GraphSAGE,native,class_weighting,0,99,0.05345586901646698,0.003397574935791925,0.03262701149100415,0.4104241590290982
native_GraphSAGE_class_weighting,GraphSAGE,native,class_weighting,1,0,0.13896093948282215,0.0033299285642169707,0.41806374196394247,0.3051206175715197
native_GraphSAGE_class_weighting,GraphSAGE,native,class_weighting,1,1,0.16851953313627746,0.002027764906675742,0.34795097567242367,0.2283270485569028
native_GraphSAGE_class_weighting,GraphSAGE,native,class_weighting,1,2,0.1804419362070621,0.0019457492535986834,0.2893661339006683,0.21410224699664276
native_GraphSAGE_class_weighting,GraphSAGE,native,class_weighting,1,3,0.1285031768088811,0.00212260954991698,0.2651310371362323,0.22719646700965665
native_GraphSAGE_class_weighting,GraphSAGE,native,class_weighting,1,4,0.14579542848427082,0.0022478519859232375,0.1956186123909338,0.22396084223132498
native_GraphSAGE_class_weighting,GraphSAGE,native,class_weighting,1,5,0.15413934955809963,0.0021531746333293923,0.2346376204463941,0.2290936752740693
native_GraphSAGE_class_weighting,GraphSAGE,native,class_weighting,1,6,0.15300830548309022,0.002535327671153811,0.18881545970716992,0.2743729877985505
native_GraphSAGE_class_weighting,GraphSAGE,native,class_weighting,1,7,0.13928737655485748,0.0023817775759461175,0.18570601094426015,0.26072906038135074
native_GraphSAGE_class_weighting,GraphSAGE,native,class_weighting,1,8,0.14826723997510272,0.0025842603751276873,0.15376047117710762,0.2774060031472484
native_GraphSAGE_class_weighting,GraphSAGE,native,class_weighting,1,9,0.1550502173390123,0.0030914136794218004,0.1355643188393969,0.33914009781849386
native_GraphSAGE_class_weighting,GraphSAGE,native,class_weighting,1,10,0.11487845090246993,0.003192794028327653,0.11468401933652782,0.3532105083949915
native_GraphSAGE_class_weighting,GraphSAGE,native,class_weighting,1,11,0.11606491103797452,0.0033214423513405968,0.09625590714723636,0.3657757134571572
native_GraphSAGE_class_weighting,GraphSAGE,native,class_weighting,1,12,0.11481498071021633,0.0034447686652491726,0.09796371515822112,0.37374134135432174
native_GraphSAGE_class_weighting,GraphSAGE,native,class_weighting,1,13,0.11506498167786049,0.0035556924394522854,0.07817969028760399,0.38769089621341707
native_GraphSAGE_class_weighting,GraphSAGE,native,class_weighting,1,14,0.11407505745330127,0.00359750351112611,0.0752814443365713,0.39064648259161866
native_GraphSAGE_class_weighting,GraphSAGE,native,class_weighting,1,15,0.11464184282143833,0.0036415157017528023,0.05210120162969717,0.3942235091745712
native_GraphSAGE_class_weighting,GraphSAGE,native,class_weighting,1,16,0.11409297594364035,0.003669211511318488,0.057449826639036264,0.3970489664087608
native_GraphSAGE_class_weighting,GraphSAGE,native,class_weighting,1,17,0.11461606645985739,0.003687459625568333,0.04620800811369289,0.3988391803743107
native_GraphSAGE_class_weighting,GraphSAGE,native,class_weighting,1,18,0.11388995494722622,0.003677763047145909,0.05948576722033812,0.3978943071524107
native_GraphSAGE_class_weighting,GraphSAGE,native,class_weighting,1,19,0.11426394364360021,0.003730828099679276,0.055246637171048135,0.4034299826029038
native_GraphSAGE_class_weighting,GraphSAGE,native,class_weighting,1,20,0.113590556611598,0.003805844133633809,0.05094732170252114,0.4106069739512517
native_GraphSAGE_class_weighting,GraphSAGE,native,class_weighting,1,21,0.11437132303864928,0.0036986128334577785,0.053977576808185074,0.4001325831486924
native_GraphSAGE_class_weighting,GraphSAGE,native,class_weighting,1,22,0.11384477491752477,0.0037790000024221816,0.043117337461272914,0.40795052623420125
native_GraphSAGE_class_weighting,GraphSAGE,native,class_weighting,1,23,0.1135471000734833,0.003791379225602366,0.04472925187276072,0.40924831098232856
native_GraphSAGE_class_weighting,GraphSAGE,native,class_weighting,1,24,0.11421436259784969,0.00377565867086392,0.041229122345459335,0.40769998326454965
native_GraphSAGE_class_weighting,GraphSAGE,native,class_weighting,1,25,0.11428288929426345,0.0037631259503725445,0.041396571803179336,0.40635258778984934
native_GraphSAGE_class_weighting,GraphSAGE,native,class_weighting,1,26,0.11424530180665897,0.0037969627778685192,0.03675105757631254,0.4099157671835574
native_GraphSAGE_class_weighting,GraphSAGE,native,class_weighting,1,27,0.11422683458105894,0.003783544236470287,0.042018878047852974,0.4083570764041533
native_GraphSAGE_class_weighting,GraphSAGE,native,class_weighting,1,28,0.11428856641316087,0.0037572468071154583,0.04348796613262703,0.40572594786406946
native_GraphSAGE_class_weighting,GraphSAGE,native,class_weighting,1,29,0.11398430956789525,0.003812312738627293,0.04062764367419797,0.41130597370117417
native_GraphSAGE_class_weighting,GraphSAGE,native,class_weighting,1,30,0.11413021625980037,0.003829164267235506,0.04485346599946769,0.4129263508090624
native_GraphSAGE_class_weighting,GraphSAGE,native,class_weighting,1,31,0.11420801280328305,0.0038109069728806465,0.03927082744709432,0.41112096561601064
native_GraphSAGE_class_weighting,GraphSAGE,native,class_weighting,1,32,0.11418992334773065,0.003807352316870555,0.03797558330079567,0.4107396361242306
native_GraphSAGE_class_weighting,GraphSAGE,native,class_weighting,1,33,0.11389160865248414,0.00381309563688514,0.04355168547756225,0.411325350469954
native_GraphSAGE_class_weighting,GraphSAGE,native,class_weighting,1,34,0.11417931287811371,0.0038099773759044473,0.035523835895755446,0.41099752758322294
native_GraphSAGE_class_weighting,GraphSAGE,native,class_weighting,1,35,0.11419749289081665,0.003795938960858645,0.03401262050826333,0.4096005340044019
native_GraphSAGE_class_weighting,GraphSAGE,native,class_weighting,1,36,0.11418841695674928,0.0038140609208460164,0.03944786288513912,0.4114070540001487
native_GraphSAGE_class_weighting,GraphSAGE,native,class_weighting,1,37,0.11424049736728194,0.003784499374254348,0.03895200148331819,0.4084520993121379
native_GraphSAGE_class_weighting,GraphSAGE,native,class_weighting,1,38,0.11419379783124896,0.0038034993218076137,0.03534125071746021,0.41035191775155383
native_GraphSAGE_class_weighting,GraphSAGE,native,class_weighting,1,39,0.11419865723029943,0.0037964940415843446,0.03318529629164524,0.40965228827787614
native_GraphSAGE_class_weighting,GraphSAGE,native,class_weighting,1,40,0.11418733307422371,0.0038025164391637476,0.034363089287662726,0.41025272994481143
native_GraphSAGE_class_weighting,GraphSAGE,native,class_weighting,1,41,0.11419682343752356,0.003799020093115846,0.032818481161252265,0.40990149984345164
native_GraphSAGE_class_weighting,GraphSAGE,native,class_weighting,1,42,0.11420704140589805,0.003797733560084214,0.03295023196126955,0.4097731753817662
native_GraphSAGE_class_weighting,GraphSAGE,native,class_weighting,1,43,0.11418668576778146,0.0038084234602276702,0.03608658413816081,0.4108412823071419
native_GraphSAGE_class_weighting,GraphSAGE,native,class_weighting,1,44,0.11419889541604789,0.003790682218485371,0.036193479241530074,0.40907275209037564
native_GraphSAGE_class_weighting,GraphSAGE,native,class_weighting,1,45,0.11419967054651352,0.0037975588205808194,0.032655253515047736,0.4097561363899285
native_GraphSAGE_class_weighting,GraphSAGE,native,class_weighting,1,46,0.11419278540910455,0.003799835288758216,0.03238451301430975,0.40998815643107345
native_GraphSAGE_class_weighting,GraphSAGE,native,class_weighting,1,47,0.11421323701069923,0.003792680742485524,0.03412458232501654,0.40926842564509
native_GraphSAGE_class_weighting,GraphSAGE,native,class_weighting,1,48,0.11419256341905566,0.003799641789055714,0.03199441295309011,0.4099642092705813
native_GraphSAGE_class_weighting,GraphSAGE,native,class_weighting,1,49,0.11416366613731953,0.0038242007847975133,0.03888361558427735,0.41241980919032784
native_GraphSAGE_class_weighting,GraphSAGE,native,class_weighting,1,50,0.11419321063236566,0.0037993753951456374,0.03191548632489806,0.40993747885306453
native_GraphSAGE_class_weighting,GraphSAGE,native,class_weighting,1,51,0.11418951479048702,0.003800045111156711,0.03265552529902366,0.4100047798410248
native_GraphSAGE_class_weighting,GraphSAGE,native,class_weighting,1,52,0.11415918261074694,0.0038250528765932735,0.03813119629824328,0.41250581083638194
native_GraphSAGE_class_weighting,GraphSAGE,native,class_weighting,1,53,0.11420083328412148,0.003796350747444416,0.033201814285556575,0.40963537783344495
native_GraphSAGE_class_weighting,GraphSAGE,native,class_weighting,1,54,0.1141352548825671,0.003837826637281536,0.03849802921151466,0.413781633588725
native_GraphSAGE_class_weighting,GraphSAGE,native,class_weighting,1,55,0.1141951288029668,0.003798550177452412,0.03225967421298309,0.40985502580979777
native_GraphSAGE_class_weighting,GraphSAGE,native,class_weighting,1,56,0.11419362281711073,0.0037989932475751176,0.03234826014206979,0.40989977889303036
native_GraphSAGE_class_weighting,GraphSAGE,native,class_weighting,1,57,0.1141923548586783,0.0037998873391589185,0.032405214388523715,0.409988522063252
native_GraphSAGE_class_weighting,GraphSAGE,native,class_weighting,1,58,0.11422015852556797,0.0037904605204209492,0.03607789763639748,0.40904656756138763
native_GraphSAGE_class_weighting,GraphSAGE,native,class_weighting,1,59,0.11419076237158152,0.0038004581015916327,0.03242965746032905,0.41004471805624554
native_GraphSAGE_class_weighting,GraphSAGE,native,class_weighting,1,60,0.11419027385563822,0.003798453247841872,0.032504239071599245,0.40984479429503445
native_GraphSAGE_class_weighting,GraphSAGE,native,class_weighting,1,61,0.1141927198067424,0.00379960818551815,0.03236576248294107,0.4099610062571168
native_GraphSAGE_class_weighting,GraphSAGE,native,class_weighting,1,62,0.11420016740710708,0.003796964317321839,0.03323680407874606,0.40969643091676144
native_GraphSAGE_class_weighting,GraphSAGE,native,class_weighting,1,63,0.11418999177665683,0.003800031057862218,0.031966613445302355,0.41000316447395924
native_GraphSAGE_class_weighting,GraphSAGE,native,class_weighting,1,64,0.11418601683602901,0.0038052006861241127,0.03430390820073201,0.41051998601731315
native_GraphSAGE_class_weighting,GraphSAGE,native,class_weighting,1,65,0.11419211208150955,0.0037996764170714183,0.03234573315876671,0.40996772953004545
native_GraphSAGE_class_weighting,GraphSAGE,native,class_weighting,1,66,0.11427190537826391,0.0037730036461638404,0.03730779080670038,0.4073003064379286
native_GraphSAGE_class_weighting,GraphSAGE,native,class_weighting,1,67,0.11419365083129378,0.0037989790508680256,0.03236480896526079,0.4098978600183865
native_GraphSAGE_class_weighting,GraphSAGE,native,class_weighting,1,68,0.11418775071651907,0.0038017035024857683,0.03229932842228678,0.4101703648401302
native_GraphSAGE_class_weighting,GraphSAGE,native,class_weighting,1,69,0.11419569450692507,0.003797712692830936,0.03257833895586362,0.4097713014895922
native_GraphSAGE_class_weighting,GraphSAGE,native,class_weighting,1,70,0.1141929446280119,0.003800130594673607,0.0319135622224067,0.4100131647724865
native_GraphSAGE_class_weighting,GraphSAGE,native,class_weighting,1,71,0.11419116015807958,0.0038010568491755603,0.032272160065198355,0.4101059256884901
native_GraphSAGE_class_weighting,GraphSAGE,native,class_weighting,1,72,0.11419074774981709,0.0037997678008106672,0.03166426366005892,0.4099767748899514
native_GraphSAGE_class_weighting,GraphSAGE,native,class_weighting,1,73,0.11419285758427578,0.0037991966752125572,0.03190298799603249,0.40991978567901177
native_GraphSAGE_class_weighting,GraphSAGE,native,class_weighting,1,74,0.11419129715563031,0.0037996318860519917,0.03179391309183974,0.4099632140949373
native_GraphSAGE_class_weighting,GraphSAGE,native,class_weighting,1,75,0.11419052905432181,0.0038002315849896425,0.03199423016607604,0.4100232354768498
native_GraphSAGE_class_weighting,GraphSAGE,native,class_weighting,1,76,0.11419016321451636,0.0037999040530863194,0.03166737783532739,0.40999044325876566
native_GraphSAGE_class_weighting,GraphSAGE,native,class_weighting,1,77,0.11419367903174134,0.003798616303212946,0.03222735791383263,0.4098616112542332
native_GraphSAGE_class_weighting,GraphSAGE,native,class_weighting,1,78,0.11419428862893255,0.0038046220237680957,0.03622089159279705,0.4104622175642968
native_GraphSAGE_class_weighting,GraphSAGE,native,class_weighting,1,79,0.11419338678271743,0.0037989506779054494,0.032007024844183836,0.4098950991782376
native_GraphSAGE_class_weighting,GraphSAGE,native,class_weighting,1,80,0.11419026644231053,0.0038002382850154948,0.032046563326753985,0.41002384416973703
native_GraphSAGE_class_weighting,GraphSAGE,native,class_weighting,1,81,0.11424870797694893,0.003780439169350875,0.036773780377551586,0.4080439157289119
native_GraphSAGE_class_weighting,GraphSAGE,native,class_weighting,1,82,0.11418222573847743,0.003807973148697908,0.03409371561627982,0.4107973067686094
native_GraphSAGE_class_weighting,GraphSAGE,native,class_weighting,1,83,0.11419481418357463,0.0037985643836117157,0.03219550557187462,0.4098558415748153
native_GraphSAGE_class_weighting,GraphSAGE,native,class_weighting,1,84,0.1141936260581133,0.003798728747970491,0.03219073836920823,0.40987276370003817
native_GraphSAGE_class_weighting,GraphSAGE,native,class_weighting,1,85,0.11418981406168313,0.003800128140447327,0.03162922420187841,0.41001281831880404
native_GraphSAGE_class_weighting,GraphSAGE,native,class_weighting,1,86,0.11419028644711943,0.0038000496340442284,0.03158461939714692,0.4100049602639668
native_GraphSAGE_class_weighting,GraphSAGE,native,class_weighting,1,87,0.1141917020760593,0.003799332962083056,0.03187442632624611,0.40993311861866366
native_GraphSAGE_class_weighting,GraphSAGE,native,class_weighting,1,88,0.11418998704553815,0.0038006601091127067,0.03216595481077655,0.4100660243067144
native_GraphSAGE_class_weighting,GraphSAGE,native,class_weighting,1,89,0.11419025698007318,0.0037999616452941243,0.03160152435213266,0.40999619798346
native_GraphSAGE_class_weighting,GraphSAGE,native,class_weighting,1,90,0.11419577234686586,0.003797738514991663,0.032477891842858216,0.4097736962632673
native_GraphSAGE_class_weighting,GraphSAGE,native,class_weighting,1,91,0.1141895708933589,0.0038000176170760436,0.03160082938130585,0.4100016899320431
native_GraphSAGE_class_weighting,GraphSAGE,native,class_weighting,1,92,0.11419004240335198,0.0038001880518244834,0.031824758664591675,0.41001879827385046
native_GraphSAGE_class_weighting,GraphSAGE,native,class_weighting,1,93,0.11419193760753842,0.003799244759188551,0.03188102013397398,0.4099244935584418
native_GraphSAGE_class_weighting,GraphSAGE,native,class_weighting,1,94,0.11419068568648072,0.003799808017401818,0.031687925379474326,0.40998089766568213
native_GraphSAGE_class_weighting,GraphSAGE,native,class_weighting,1,95,0.11419211871252628,0.0037992201755885965,0.03189891510277372,0.40992203589124726
native_GraphSAGE_class_weighting,GraphSAGE,native,class_weighting,1,96,0.11418981305585475,0.0038003101014642037,0.0317436232669984,0.41003100033215245
native_GraphSAGE_class_weighting,GraphSAGE,native,class_weighting,1,97,0.11418931703345152,0.0038005598759848535,0.031798811213789795,0.4100559970673268
native_GraphSAGE_class_weighting,GraphSAGE,native,class_weighting,1,98,0.11419662398548099,0.003799692183853272,0.03166629144089142,0.4099692380677184
native_GraphSAGE_class_weighting,GraphSAGE,native,class_weighting,1,99,0.1141913313351688,0.0037996617205293477,0.03181586852372004,0.4099662074200954
native_GraphSAGE_class_weighting,GraphSAGE,native,class_weighting,2,0,0.08981940988565824,0.006570804895600304,0.4440472070174475,0.6542526890337467
native_GraphSAGE_class_weighting,GraphSAGE,native,class_weighting,2,1,0.07390207703638552,0.007718920236220584,0.32301572672260265,0.7732012261450291
native_GraphSAGE_class_weighting,GraphSAGE,native,class_weighting,2,2,0.04861025703098093,0.008001216861885041,0.2811046077711002,0.818055728673935
native_GraphSAGE_class_weighting,GraphSAGE,native,class_weighting,2,3,0.044182221931499586,0.00865925663150847,0.20770442078346277,0.8897743189334869
native_GraphSAGE_class_weighting,GraphSAGE,native,class_weighting,2,4,0.03900598817467071,0.00932172589469701,0.10728310792279118,0.9735259914398193
native_GraphSAGE_class_weighting,GraphSAGE,native,class_weighting,2,5,0.03882072881670282,0.009299037512391806,0.10410062478049113,0.969971204996109
native_GraphSAGE_class_weighting,GraphSAGE,native,class_weighting,2,6,0.039107561929762225,0.009404238034039735,0.058996713889151946,0.9900304234027862
native_GraphSAGE_class_weighting,GraphSAGE,native,class_weighting,2,7,0.039979878847865254,0.009417571590747685,0.05334581578624821,0.9852518117427826
native_GraphSAGE_class_weighting,GraphSAGE,native,class_weighting,2,8,0.039123539347113906,0.009473315803334117,0.04183786424816972,0.9972288095951081
native_GraphSAGE_class_weighting,GraphSAGE,native,class_weighting,2,9,0.038505984622664614,0.009467076128348708,0.04926174775356813,0.9948733198642731
native_GraphSAGE_class_weighting,GraphSAGE,native,class_weighting,2,10,0.03858780406406694,0.009477787474170328,0.04312151371510154,0.9963754463195801
native_GraphSAGE_class_weighting,GraphSAGE,native,class_weighting,2,11,0.0385559446573312,0.009473904697224499,0.038912974025676166,0.9981304860115051
native_GraphSAGE_class_weighting,GraphSAGE,native,class_weighting,2,12,0.03824062692458355,0.009456631820648908,0.040743685956200724,0.9966276001930237
native_GraphSAGE_class_weighting,GraphSAGE,native,class_weighting,2,13,0.038329990464174984,0.009492421271279455,0.03621362931569493,0.9989226126670837
native_GraphSAGE_class_weighting,GraphSAGE,native,class_weighting,2,14,0.038273222434712435,0.009493993250653148,0.03493883123862943,0.9992586362361908
native_GraphSAGE_class_weighting,GraphSAGE,native,class_weighting,2,15,0.038300380543717975,0.009492565114051103,0.03461468152244961,0.9993358504772186
native_GraphSAGE_class_weighting,GraphSAGE,native,class_weighting,2,16,0.03841840617349916,0.009494308726862072,0.03459075766624338,0.9993311285972595
native_GraphSAGE_class_weighting,GraphSAGE,native,class_weighting,2,17,0.03831050488157743,0.009493557447567582,0.03401999119677967,0.9994416987895965
native_GraphSAGE_class_weighting,GraphSAGE,native,class_weighting,2,18,0.03829754135562652,0.009495706986635924,0.03343488174499399,0.9995967423915864
native_GraphSAGE_class_weighting,GraphSAGE,native,class_weighting,2,19,0.03830943098748648,0.009496092274785041,0.033919267072430016,0.9994776546955109
native_GraphSAGE_class_weighting,GraphSAGE,native,class_weighting,2,20,0.03842733854884827,0.009495502868667245,0.0335754969390986,0.9995428252220154
native_GraphSAGE_class_weighting,GraphSAGE,native,class_weighting,2,21,0.03837216719510579,0.009481222312897443,0.034512474187737466,0.999108511209488
native_GraphSAGE_class_weighting,GraphSAGE,native,class_weighting,2,22,0.038281990638846394,0.009498320957645775,0.03224175530960238,0.9998490965366363
native_GraphSAGE_class_weighting,GraphSAGE,native,class_weighting,2,23,0.03830491773775393,0.009494740422815085,0.03389205353343314,0.9994717061519622
native_GraphSAGE_class_weighting,GraphSAGE,native,class_weighting,2,24,0.038234417098486656,0.009495094418525696,0.034801950645720725,0.9992677295207977
native_GraphSAGE_class_weighting,GraphSAGE,native,class_weighting,2,25,0.038272089012810824,0.009499335791915656,0.0319885307504741,0.9999001169204712
native_GraphSAGE_class_weighting,GraphSAGE,native,class_weighting,2,26,0.03827492033122652,0.00949915130622685,0.032081332039175695,0.999879789352417
native_GraphSAGE_class_weighting,GraphSAGE,native,class_weighting,2,27,0.03829119864842468,0.009497941173613071,0.0330077877641601,0.9996605014801025
native_GraphSAGE_class_weighting,GraphSAGE,native,class_weighting,2,28,0.03833041179450774,0.009496615333482623,0.03398211748813665,0.9994137346744537
native_GraphSAGE_class_weighting,GraphSAGE,native,class_weighting,2,29,0.03827896736553484,0.009497788650915027,0.033286943631334366,0.999609659910202
native_GraphSAGE_class_weighting,GraphSAGE,native,class_weighting,2,30,0.03824389800420576,0.009494663132354617,0.03431256507532126,0.9993343758583069
native_GraphSAGE_class_weighting,GraphSAGE,native,class_weighting,2,31,0.03827361152964258,0.009499329822137952,0.0320113615832237,0.9998933017253876
native_GraphSAGE_class_weighting,GraphSAGE,native,class_weighting,2,32,0.03827289372673803,0.009499635826796294,0.031717247534630955,0.999954229593277
native_GraphSAGE_class_weighting,GraphSAGE,native,class_weighting,2,33,0.038280700356611845,0.009499126579612494,0.03191192443957007,0.9999152803421021
native_GraphSAGE_class_weighting,GraphSAGE,native,class_weighting,2,34,0.03826981887212568,0.009499744549393653,0.03169285848745531,0.9999587440490723
native_GraphSAGE_class_weighting,GraphSAGE,native,class_weighting,2,35,0.03832905154666477,0.009496002458035946,0.03449446365246004,0.9992112135887146
native_GraphSAGE_class_weighting,GraphSAGE,native,class_weighting,2,36,0.03828251802353733,0.009499487690627575,0.03176238569439775,0.9999447655677796
native_GraphSAGE_class_weighting,GraphSAGE,native,class_weighting,2,37,0.03827051441176408,0.00949956758879125,0.03172052426272458,0.9999530553817749
native_GraphSAGE_class_weighting,GraphSAGE,native,class_weighting,2,38,0.038261529146605966,0.00949912991374731,0.03223240020228005,0.9998498594760895
native_GraphSAGE_class_weighting,GraphSAGE,native,class_weighting,2,39,0.03826734434804493,0.009499841183423997,0.0316021705792231,0.9999763739109039
native_GraphSAGE_class_weighting,GraphSAGE,native,class_weighting,2,40,0.03827025615601414,0.00949968277476728,0.03171318128713793,0.9999547386169434
native_GraphSAGE_class_weighting,GraphSAGE,native,class_weighting,2,41,0.038269906798289954,0.00949973976239562,0.03164138526664502,0.9999687838554382
native_GraphSAGE_class_weighting,GraphSAGE,native,class_weighting,2,42,0.03837114348998839,0.009498152816668153,0.032393066128803556,0.9997987031936646
native_GraphSAGE_class_weighting,GraphSAGE,native,class_weighting,2,43,0.038268219451332325,0.009499640800058842,0.03165986139801717,0.9999650287628173
native_GraphSAGE_class_weighting,GraphSAGE,native,class_weighting,2,44,0.03827265129881525,0.009499718472361564,0.031614441485231876,0.9999738216400147
native_GraphSAGE_class_weighting,GraphSAGE,native,class_weighting,2,45,0.038271667594002426,0.00949978874064982,0.03160894786947793,0.9999750149250031
native_GraphSAGE_class_weighting,GraphSAGE,native,class_weighting,2,46,0.03826832696786695,0.009499779641628266,0.031643005907623235,0.9999683332443238
native_GraphSAGE_class_weighting,GraphSAGE,native,class_weighting,2,47,0.038276527067558706,0.009499319633468985,0.03191297950231856,0.999914710521698
native_GraphSAGE_class_weighting,GraphSAGE,native,class_weighting,2,48,0.03827545889644497,0.009499742342159152,0.0316196123884005,0.9999728226661682
native_GraphSAGE_class_weighting,GraphSAGE,native,class_weighting,2,49,0.03827106781295114,0.009499777536839248,0.0316690278240425,0.999962887763977
native_GraphSAGE_class_weighting,GraphSAGE,native,class_weighting,2,50,0.03826883049207353,0.009499275432899594,0.03169875518893278,0.9999562311172485
native_GraphSAGE_class_weighting,GraphSAGE,native,class_weighting,2,51,0.038266623252915084,0.009499862575903534,0.03154903484517163,0.9999865829944611
native_GraphSAGE_class_weighting,GraphSAGE,native,class_weighting,2,52,0.03826799829947376,0.009499816000461578,0.031574707054620746,0.9999816298484803
native_GraphSAGE_class_weighting,GraphSAGE,native,class_weighting,2,53,0.03826622899612957,0.009499890264123678,0.031579948123632136,0.9999806475639343
native_GraphSAGE_class_weighting,GraphSAGE,native,class_weighting,2,54,0.038269721902819215,0.0094997763261199,0.031648473963229125,0.999967223405838
native_GraphSAGE_class_weighting,GraphSAGE,native,class_weighting,2,55,0.03826612228053236,0.009499866776168346,0.03153630720925903,0.9999890339374542
native_GraphSAGE_class_weighting,GraphSAGE,native,class_weighting,2,56,0.03826860066494518,0.009499683417379856,0.031730779931036894,0.9999509024620056
native_GraphSAGE_class_weighting,GraphSAGE,native,class_weighting,2,57,0.03826707222490185,0.009499888122081756,0.03154440439314968,0.9999874937534332
native_GraphSAGE_class_weighting,GraphSAGE,native,class_weighting,2,58,0.03826839413485104,0.009499752195551991,0.03164187877447731,0.999968558549881
native_GraphSAGE_class_weighting,GraphSAGE,native,class_weighting,2,59,0.03826681293538385,0.009499946897849441,0.03151522153065926,0.999993085861206
native_GraphSAGE_class_weighting,GraphSAGE,native,class_weighting,2,60,0.03826971888533407,0.009499851763248444,0.03158913083383268,0.9999787819385528
native_GraphSAGE_class_weighting,GraphSAGE,native,class_weighting,2,61,0.03826865882603997,0.009499880680814386,0.03155362932020253,0.9999856889247895
native_GraphSAGE_class_weighting,GraphSAGE,native,class_weighting,2,62,0.03826776795080477,0.009499916192144155,0.031536382529972255,0.999989025592804
native_GraphSAGE_class_weighting,GraphSAGE,native,class_weighting,2,63,0.038269487507553636,0.00949987999163568,0.03156963367955214,0.9999825894832611
native_GraphSAGE_class_weighting,GraphSAGE,native,class_weighting,2,64,0.03828331743358248,0.009498855005949736,0.03245273035959727,0.9997907495498657
native_GraphSAGE_class_weighting,GraphSAGE,native,class_weighting,2,65,0.03826673474154049,0.009499953016638757,0.031503838561562955,0.9999952638149261
native_GraphSAGE_class_weighting,GraphSAGE,native,class_weighting,2,66,0.03826991938977116,0.009499860573559999,0.03154693727390295,0.9999869656562805
native_GraphSAGE_class_weighting,GraphSAGE,native,class_weighting,2,67,0.038265150147402525,0.00949971156194806,0.03159778425944424,0.999977023601532
native_GraphSAGE_class_weighting,GraphSAGE,native,class_weighting,2,68,0.03826694220295721,0.009499901980161667,0.031563069745985925,0.999983856678009
native_GraphSAGE_class_weighting,GraphSAGE,native,class_weighting,2,69,0.03826726008197838,0.009499899810180068,0.0315635845531655,0.9999837052822113
native_GraphSAGE_class_weighting,GraphSAGE,native,class_weighting,2,70,0.038266941988753016,0.009499919656664134,0.03150579747752673,0.9999948728084564
native_GraphSAGE_class_weighting,GraphSAGE,native,class_weighting,2,71,0.0382671479507404,0.009499904420226812,0.031553287115035716,0.99998575091362
native_GraphSAGE_class_weighting,GraphSAGE,native,class_weighting,2,72,0.03829640209666067,0.009499444039538502,0.03180398735226518,0.9999349892139435
native_GraphSAGE_class_weighting,GraphSAGE,native,class_weighting,2,73,0.038265849910588796,0.009499935805797577,0.03151621762671894,0.9999928939342498
native_GraphSAGE_class_weighting,GraphSAGE,native,class_weighting,2,74,0.03826707802704149,0.009499929565936326,0.03154468042784757,0.9999873638153076
native_GraphSAGE_class_weighting,GraphSAGE,native,class_weighting,2,75,0.03826717264941507,0.00949992056004703,0.03155738485054499,0.999984894990921
native_GraphSAGE_class_weighting,GraphSAGE,native,class_weighting,2,76,0.03826627466818863,0.00949994208291173,0.031510333959100904,0.999994021654129
native_GraphSAGE_class_weighting,GraphSAGE,native,class_weighting,2,77,0.03826674461355978,0.009499954590573907,0.03151997148068077,0.9999921691417694
native_GraphSAGE_class_weighting,GraphSAGE,native,class_weighting,2,78,0.03826963362275237,0.009499826468527317,0.031592611512256924,0.9999781000614166
native_GraphSAGE_class_weighting,GraphSAGE,native,class_weighting,2,79,0.03826631825408512,0.009499951060861348,0.03150633959108418,0.9999947822093964
native_GraphSAGE_class_weighting,GraphSAGE,native,class_weighting,2,80,0.038266734080301464,0.009499900937080384,0.03153197224260694,0.9999898648262024
native_GraphSAGE_class_weighting,GraphSAGE,native,class_weighting,2,81,0.03826671458771998,0.009499959340319037,0.03149719552145726,0.9999965333938599
native_GraphSAGE_class_weighting,GraphSAGE,native,class_weighting,2,82,0.03826612289986187,0.009499975554645062,0.03149409286686605,0.9999971294403076
native_GraphSAGE_class_weighting,GraphSAGE,native,class_weighting,2,83,0.038271261090325054,0.009499628683552147,0.03181911051282114,0.9999332094192505
native_GraphSAGE_class_weighting,GraphSAGE,native,class_weighting,2,84,0.03826637584707313,0.0094997494854033,0.031526908893225854,0.9999905610084534
native_GraphSAGE_class_weighting,GraphSAGE,native,class_weighting,2,85,0.038267650976689396,0.009499877970665694,0.03158280299985236,0.9999798965454102
native_GraphSAGE_class_weighting,GraphSAGE,native,class_weighting,2,86,0.038269843757064874,0.009499935330823064,0.03151430743755228,0.9999932134151459
native_GraphSAGE_class_weighting,GraphSAGE,native,class_weighting,2,87,0.03826848428687626,0.009499856987968087,0.03161935972989923,0.999972710609436
native_GraphSAGE_class_weighting,GraphSAGE,native,class_weighting,2,88,0.038284210190089284,0.009498934270814061,0.03244216266096956,0.9997898936271667
native_GraphSAGE_class_weighting,GraphSAGE,native,class_weighting,2,89,0.03826617963603311,0.00949997540563345,0.03149234566846317,0.9999974596500397
native_GraphSAGE_class_weighting,GraphSAGE,native,class_weighting,2,90,0.0382667461036759,0.009499969845637678,0.031500408882362906,0.9999959170818329
native_GraphSAGE_class_weighting,GraphSAGE,native,class_weighting,2,91,0.03826636143019968,0.009499953864142298,0.03149737690584189,0.999996497631073
native_GraphSAGE_class_weighting,GraphSAGE,native,class_weighting,2,92,0.03826773621133142,0.00949996056035161,0.031499500330625235,0.9999960875511169
native_GraphSAGE_class_weighting,GraphSAGE,native,class_weighting,2,93,0.038266897350462015,0.009499962888658047,0.031503195203928414,0.9999953842163086
native_GraphSAGE_class_weighting,GraphSAGE,native,class_weighting,2,94,0.03826671980312639,0.009499962916597724,0.03151098229931122,0.9999938869476318
native_GraphSAGE_class_weighting,GraphSAGE,native,class_weighting,2,95,0.038265877701254426,0.009499959070235492,0.03150848643863029,0.9999943673610687
native_GraphSAGE_class_weighting,GraphSAGE,native,class_weighting,2,96,0.038266548812301696,0.009499963028356434,0.03149363336162096,0.9999972116947174
native_GraphSAGE_class_weighting,GraphSAGE,native,class_weighting,2,97,0.03826670662491196,0.009499920913949609,0.03152870802217549,0.9999904608726502
native_GraphSAGE_class_weighting,GraphSAGE,native,class_weighting,2,98,0.038267851695330674,0.00949990469031036,0.0315637530852986,0.9999836409091949
native_GraphSAGE_class_weighting,GraphSAGE,native,class_weighting,2,99,0.038269965723069246,0.00949978274293244,0.03168717290283567,0.9999589729309082
native_GraphSAGE_class_weighting,GraphSAGE,native,class_weighting,3,0,0.05840208387104326,0.005962057040451327,0.499078303889836,0.5464635920524598
native_GraphSAGE_class_weighting,GraphSAGE,native,class_weighting,3,1,0.05763482865142734,0.007778620267054066,0.3823956571930451,0.6843605369329453
native_GraphSAGE_class_weighting,GraphSAGE,native,class_weighting,3,2,0.06446506919357986,0.008703127359622158,0.2872389985380455,0.7853045104444027
native_GraphSAGE_class_weighting,GraphSAGE,native,class_weighting,3,3,0.04065849508352173,0.009744448279961944,0.2409395276549499,0.8766843140125274
native_GraphSAGE_class_weighting,GraphSAGE,native,class_weighting,3,4,0.03417676588640958,0.010281030274927615,0.16500220542653055,0.937065224647522
native_GraphSAGE_class_weighting,GraphSAGE,native,class_weighting,3,5,0.03363827117781099,0.010847390294075013,0.07771967164178434,0.9852465832233429
native_GraphSAGE_class_weighting,GraphSAGE,native,class_weighting,3,6,0.03274658800048698,0.010891748117282987,0.05317984664866757,0.9917273008823395
native_GraphSAGE_class_weighting,GraphSAGE,native,class_weighting,3,7,0.0332893098572508,0.010902259889990091,0.05081758962401594,0.9860712158679962
native_GraphSAGE_class_weighting,GraphSAGE,native,class_weighting,3,8,0.032714734013175505,0.010957807563245296,0.05212869974693106,0.992774977684021
native_GraphSAGE_class_weighting,GraphSAGE,native,class_weighting,3,9,0.03301391174555235,0.010899611478671432,0.05404023307837136,0.9895524609088898
native_GraphSAGE_class_weighting,GraphSAGE,native,class_weighting,3,10,0.032690032400465016,0.01102236564271152,0.042281851911643145,0.9963574004173279
native_GraphSAGE_class_weighting,GraphSAGE,native,class_weighting,3,11,0.032323753418791484,0.011005494063720107,0.04215777908971589,0.9962702751159668
native_GraphSAGE_class_weighting,GraphSAGE,native,class_weighting,3,12,0.03208586435914682,0.011027063271030783,0.04402031582630528,0.9951222181320191
native_GraphSAGE_class_weighting,GraphSAGE,native,class_weighting,3,13,0.03284721105538253,0.01106991570442915,0.035810284808353146,0.9989636218547822
native_GraphSAGE_class_weighting,GraphSAGE,native,class_weighting,3,14,0.03251326471745912,0.010996079863980412,0.03753196897737737,0.9971083331108094
native_GraphSAGE_class_weighting,GraphSAGE,native,class_weighting,3,15,0.032818028577062675,0.011037099147215486,0.03825745445264559,0.9974938976764679
native_GraphSAGE_class_weighting,GraphSAGE,native,class_weighting,3,16,0.032872108336928677,0.011038284599781036,0.040905390340444256,0.9970120441913605
native_GraphSAGE_class_weighting,GraphSAGE,native,class_weighting,3,17,0.03277382579781758,0.011059062769636512,0.03817986752688242,0.9981363308429718
native_GraphSAGE_class_weighting,GraphSAGE,native,class_weighting,3,18,0.03228143653778304,0.011010348331183195,0.041365617914666045,0.9962505912780761
native_GraphSAGE_class_weighting,GraphSAGE,native,class_weighting,3,19,0.03280913153842036,0.011080092145130038,0.034475708182976204,0.9992498326301574
native_GraphSAGE_class_weighting,GraphSAGE,native,class_weighting,3,20,0.032746426963172294,0.011079463632777333,0.03509778310831692,0.9991505408287048
native_GraphSAGE_class_weighting,GraphSAGE,native,class_weighting,3,21,0.03282424916226361,0.011075636707246303,0.0351262678141525,0.9990626418590546
native_GraphSAGE_class_weighting,GraphSAGE,native,class_weighting,3,22,0.03278067685842458,0.011087959744036197,0.034454678407013974,0.9992749333381653
native_GraphSAGE_class_weighting,GraphSAGE,native,class_weighting,3,23,0.032825480976066926,0.011079086707904934,0.03535527673836853,0.9989224469661713
native_GraphSAGE_class_weighting,GraphSAGE,native,class_weighting,3,24,0.032788203053101345,0.011078681759536267,0.03423146088428851,0.9992498981952668
native_GraphSAGE_class_weighting,GraphSAGE,native,class_weighting,3,25,0.032596770210116546,0.011077307853847742,0.03560611739575918,0.9989002978801728
native_GraphSAGE_class_weighting,GraphSAGE,native,class_weighting,3,26,0.03273858960896675,0.011088583366945386,0.03417794844888206,0.9993754196166992
native_GraphSAGE_class_weighting,GraphSAGE,native,class_weighting,3,27,0.032827670054435175,0.011091973427683114,0.03304542494759019,0.9996186769008637
native_GraphSAGE_class_weighting,GraphSAGE,native,class_weighting,3,28,0.03280424192726557,0.011092536719515919,0.0325628425442433,0.9997611105442047
native_GraphSAGE_class_weighting,GraphSAGE,native,class_weighting,3,29,0.032788386076613704,0.011089444886893033,0.032827115196809725,0.9996890091896057
native_GraphSAGE_class_weighting,GraphSAGE,native,class_weighting,3,30,0.03280251028194968,0.01109623265452683,0.03222607091821786,0.9998404383659363
native_GraphSAGE_class_weighting,GraphSAGE,native,class_weighting,3,31,0.032814622113406106,0.011086615016683937,0.03317074154324885,0.999556542634964
native_GraphSAGE_class_weighting,GraphSAGE,native,class_weighting,3,32,0.03277630588218514,0.011086976304650307,0.03353061320081409,0.9994968295097351
native_GraphSAGE_class_weighting,GraphSAGE,native,class_weighting,3,33,0.032803204992710985,0.011093229530379176,0.03262149774290677,0.9997351241111755
native_GraphSAGE_class_weighting,GraphSAGE,native,class_weighting,3,34,0.03284098161563222,0.011095721730962396,0.032877567567006306,0.9996731901168823
native_GraphSAGE_class_weighting,GraphSAGE,native,class_weighting,3,35,0.03280737638652269,0.011093491008505225,0.03250997454680558,0.9997564160823822
native_GraphSAGE_class_weighting,GraphSAGE,native,class_weighting,3,36,0.032813864277600684,0.01108469053171575,0.03329176285125371,0.9995069599151611
native_GraphSAGE_class_weighting,GraphSAGE,native,class_weighting,3,37,0.03280416444122736,0.011097491616383195,0.03187110855065342,0.9999189412593842
native_GraphSAGE_class_weighting,GraphSAGE,native,class_weighting,3,38,0.03279641740202848,0.01109698748216033,0.03215640665784534,0.9998609757423401
native_GraphSAGE_class_weighting,GraphSAGE,native,class_weighting,3,39,0.03280744455933515,0.011097035789862274,0.03206221884869095,0.999873286485672
native_GraphSAGE_class_weighting,GraphSAGE,native,class_weighting,3,40,0.03282004334211294,0.011094369804486632,0.032508872829452716,0.9997253489494323
native_GraphSAGE_class_weighting,GraphSAGE,native,class_weighting,3,41,0.03280525148093645,0.011098286295309663,0.031902127776370005,0.9999145996570588
native_GraphSAGE_class_weighting,GraphSAGE,native,class_weighting,3,42,0.03282676734209005,0.01109352957457304,0.032616800924838145,0.9996830821037292
native_GraphSAGE_class_weighting,GraphSAGE,native,class_weighting,3,43,0.03280019467875306,0.01109886814840138,0.031799097403959,0.9999359798431396
native_GraphSAGE_class_weighting,GraphSAGE,native,class_weighting,3,44,0.03279412683278267,0.011097877649590374,0.03217998810865041,0.9998517143726349
native_GraphSAGE_class_weighting,GraphSAGE,native,class_weighting,3,45,0.03279920652687494,0.01109874135814607,0.03169050180174466,0.999958542585373
native_GraphSAGE_class_weighting,GraphSAGE,native,class_weighting,3,46,0.03280784048318807,0.011097530722618104,0.032005360571742615,0.9998892450332642
native_GraphSAGE_class_weighting,GraphSAGE,native,class_weighting,3,47,0.03280433200478498,0.011097680386155844,0.03216123850837405,0.9998610699176789
native_GraphSAGE_class_weighting,GraphSAGE,native,class_weighting,3,48,0.03279855102479402,0.011099325288087129,0.03172919271335061,0.999951206445694
native_GraphSAGE_class_weighting,GraphSAGE,native,class_weighting,3,49,0.032806111296563786,0.011097736926749348,0.031964747019187174,0.9998939323425293
native_GraphSAGE_class_weighting,GraphSAGE,native,class_weighting,3,50,0.03279328594163004,0.01109899178147316,0.03183964012011941,0.9999287915229798
native_GraphSAGE_class_weighting,GraphSAGE,native,class_weighting,3,51,0.032808609010576646,0.011096955938264728,0.032092726051882466,0.9998595845699311
native_GraphSAGE_class_weighting,GraphSAGE,native,class_weighting,3,52,0.0328029080498213,0.011097540771588683,0.031887014217749796,0.999914277791977
native_GraphSAGE_class_weighting,GraphSAGE,native,class_weighting,3,53,0.03279336825191919,0.011099396832287311,0.031688996737897955,0.999958702325821
native_GraphSAGE_class_weighting,GraphSAGE,native,class_weighting,3,54,0.03280125901281778,0.011099250735715032,0.031623878952190834,0.9999717450141907
native_GraphSAGE_class_weighting,GraphSAGE,native,class_weighting,3,55,0.03280189845889751,0.011098364097997547,0.03191221014417764,0.9999121427536011
native_GraphSAGE_class_weighting,GraphSAGE,native,class_weighting,3,56,0.03279982477605287,0.01109969244338572,0.03155450767658707,0.9999854958057404
native_GraphSAGE_class_weighting,GraphSAGE,native,class_weighting,3,57,0.03280118413448278,0.011099512847140431,0.03162346373133417,0.9999715042114258
native_GraphSAGE_class_weighting,GraphSAGE,native,class_weighting,3,58,0.03280105322778169,0.011099660769104958,0.03156900219440516,0.9999824690818787
native_GraphSAGE_class_weighting,GraphSAGE,native,class_weighting,3,59,0.03280170448303167,0.01109862676821649,0.03169986569143887,0.9999548923969269
native_GraphSAGE_class_weighting,GraphSAGE,native,class_weighting,3,60,0.03280000128030722,0.011099712969735265,0.031562166910693606,0.999983960390091
native_GraphSAGE_class_weighting,GraphSAGE,native,class_weighting,3,61,0.032799079662113824,0.011099359048530459,0.031718996416852434,0.999951890707016
native_GraphSAGE_class_weighting,GraphSAGE,native,class_weighting,3,62,0.03279941655874197,0.011099439058452844,0.03159363543435987,0.9999778056144715
native_GraphSAGE_class_weighting,GraphSAGE,native,class_weighting,3,63,0.032800178920775094,0.01109965200535953,0.03153413991265055,0.9999893164634704
native_GraphSAGE_class_weighting,GraphSAGE,native,class_weighting,3,64,0.0327997203189129,0.0110995143186301,0.03159952734418269,0.9999766254425049
native_GraphSAGE_class_weighting,GraphSAGE,native,class_weighting,3,65,0.03279856912970487,0.011099431179463864,0.03161014657288845,0.9999744915962219
native_GraphSAGE_class_weighting,GraphSAGE,native,class_weighting,3,66,0.03280059971094076,0.011098781479522585,0.03190258924670573,0.9999135899543762
native_GraphSAGE_class_weighting,GraphSAGE,native,class_weighting,3,67,0.032799605877994936,0.011099781533703208,0.031526531361118514,0.9999909055233002
native_GraphSAGE_class_weighting,GraphSAGE,native,class_weighting,3,68,0.03279962979435865,0.011099615218117833,0.031563013743684254,0.9999837803840638
native_GraphSAGE_class_weighting,GraphSAGE,native,class_weighting,3,69,0.03280057512402479,0.011099773310124874,0.03153632048338707,0.999988944530487
native_GraphSAGE_class_weighting,GraphSAGE,native,class_weighting,3,70,0.03279979214250986,0.011099774613976479,0.03154598653137739,0.9999871504306793
native_GraphSAGE_class_weighting,GraphSAGE,native,class_weighting,3,71,0.03280400254011098,0.01109902917407453,0.031820577539578634,0.999932564496994
native_GraphSAGE_class_weighting,GraphSAGE,native,class_weighting,3,72,0.03280078716754858,0.011099788583815098,0.03153400536447819,0.9999894344806671
native_GraphSAGE_class_weighting,GraphSAGE,native,class_weighting,3,73,0.03279875360608045,0.011099597336724401,0.03158794413141962,0.9999790167808533
native_GraphSAGE_class_weighting,GraphSAGE,native,class_weighting,3,74,0.032798984518199605,0.01109957991167903,0.03157157987177427,0.9999821984767914
native_GraphSAGE_class_weighting,GraphSAGE,native,class_weighting,3,75,0.032800989227294367,0.011099762339144946,0.031535478362888655,0.9999890208244324
native_GraphSAGE_class_weighting,GraphSAGE,native,class_weighting,3,76,0.03279718659996931,0.011099339285865427,0.03157760648809429,0.9999802756309509
native_GraphSAGE_class_weighting,GraphSAGE,native,class_weighting,3,77,0.0327923236805195,0.011099280072376132,0.03178401944048758,0.9999392974376679
native_GraphSAGE_class_weighting,GraphSAGE,native,class_weighting,3,78,0.03280034281492178,0.01109969697892666,0.03152085453093108,0.9999917578697205
native_GraphSAGE_class_weighting,GraphSAGE,native,class_weighting,3,79,0.03280031532227937,0.01109926838427782,0.03159441355437096,0.9999767112731933
native_GraphSAGE_class_weighting,GraphSAGE,native,class_weighting,3,80,0.03279995396912042,0.011099869003519416,0.0315374027267849,0.9999887132644654
native_GraphSAGE_class_weighting,GraphSAGE,native,class_weighting,3,81,0.03280091762721483,0.011099764397367835,0.031531053416506014,0.9999899172782898
native_GraphSAGE_class_weighting,GraphSAGE,native,class_weighting,3,82,0.03280172057628576,0.011099116699770093,0.031823691304848155,0.9999308896064758
native_GraphSAGE_class_weighting,GraphSAGE,native,class_weighting,3,83,0.032800357120036525,0.01109987017698586,0.031506221767590006,0.9999947988986969
native_GraphSAGE_class_weighting,GraphSAGE,native,class_weighting,3,84,0.0327986312116677,0.011099478295072913,0.03170138872049805,0.9999549269676209
native_GraphSAGE_class_weighting,GraphSAGE,native,class_weighting,3,85,0.03280028432786409,0.01109988578595221,0.031509878922328906,0.9999940919876099
native_GraphSAGE_class_weighting,GraphSAGE,native,class_weighting,3,86,0.032800565438270014,0.011099852323532104,0.03152175217688139,0.9999917876720429
native_GraphSAGE_class_weighting,GraphSAGE,native,class_weighting,3,87,0.03280110366821234,0.011099771158769726,0.03153485844664331,0.9999890995025634
native_GraphSAGE_class_weighting,GraphSAGE,native,class_weighting,3,88,0.03280025929391329,0.011099859056994319,0.031516839236096106,0.9999927473068237
native_GraphSAGE_class_weighting,GraphSAGE,native,class_weighting,3,89,0.03280028246521894,0.011099692387506365,0.03152594302602168,0.9999907839298249
native_GraphSAGE_class_weighting,GraphSAGE,native,class_weighting,3,90,0.03279944867074434,0.011099838577210903,0.03154246728688534,0.9999877738952637
native_GraphSAGE_class_weighting,GraphSAGE,native,class_weighting,3,91,0.03280017867863123,0.011099886968731881,0.031510965598822195,0.99999387383461
native_GraphSAGE_class_weighting,GraphSAGE,native,class_weighting,3,92,0.03280032985091154,0.01109991006553173,0.031502779720426165,0.9999954557418823
native_GraphSAGE_class_weighting,GraphSAGE,native,class_weighting,3,93,0.032800343112945,0.011099849110469222,0.03152044602491017,0.999992059469223
native_GraphSAGE_class_weighting,GraphSAGE,native,class_weighting,3,94,0.03280096814215128,0.011099794106557965,0.031535506051108796,0.999989060163498
native_GraphSAGE_class_weighting,GraphSAGE,native,class_weighting,3,95,0.03280097633778993,0.0110997234005481,0.03156257982187029,0.9999837136268616
native_GraphSAGE_class_weighting,GraphSAGE,native,class_weighting,3,96,0.03280047349810545,0.011099835680797697,0.0315093807392573,0.9999941563606263
native_GraphSAGE_class_weighting,GraphSAGE,native,class_weighting,3,97,0.03280059762477819,0.011099595902487635,0.031534922912791925,0.9999890887737274
native_GraphSAGE_class_weighting,GraphSAGE,native,class_weighting,3,98,0.03280229009866659,0.011099484078586101,0.03160118471652325,0.999975198507309
native_GraphSAGE_class_weighting,GraphSAGE,native,class_weighting,3,99,0.032800334172248286,0.01109993750229478,0.03149251995429452,0.9999974274635315
native_GraphSAGE_class_weighting,GraphSAGE,native,class_weighting,4,0,0.12850065980572253,0.0029785453672229777,0.4535810175719962,0.33394491486251354
native_GraphSAGE_class_weighting,GraphSAGE,native,class_weighting,4,1,0.1363690023563686,0.0019003004777971455,0.26755672999809915,0.23981338972464072
native_GraphSAGE_class_weighting,GraphSAGE,native,class_weighting,4,2,0.10826213198975893,0.0016437610050657695,0.19202428749519224,0.20028197227600564
native_GraphSAGE_class_weighting,GraphSAGE,native,class_weighting,4,3,0.1049403375844122,0.001861221517495055,0.1393794691598735,0.23561398452886329
native_GraphSAGE_class_weighting,GraphSAGE,native,class_weighting,4,4,0.11395022020937176,0.0018871385785872391,0.1340881944891759,0.23413536021459425
native_GraphSAGE_class_weighting,GraphSAGE,native,class_weighting,4,5,0.10755281762423692,0.0019670866686591917,0.10215982947520941,0.25096087934846906
native_GraphSAGE_class_weighting,GraphSAGE,native,class_weighting,4,6,0.11050438021629816,0.0020044919933772855,0.09784806774687038,0.2542528426483126
native_GraphSAGE_class_weighting,GraphSAGE,native,class_weighting,4,7,0.10997768719360465,0.0019408164388930332,0.06925596528713714,0.25354093376152187
native_GraphSAGE_class_weighting,GraphSAGE,native,class_weighting,4,8,0.11306734251469606,0.0019231365325333763,0.08408429638035045,0.24250410475754453
native_GraphSAGE_class_weighting,GraphSAGE,native,class_weighting,4,9,0.10556634322594619,0.0019661495775468714,0.09125209286614368,0.25585077327843353
native_GraphSAGE_class_weighting,GraphSAGE,native,class_weighting,4,10,0.10158388661773643,0.0019481717959908007,0.0689128616790939,0.2558674598342806
native_GraphSAGE_class_weighting,GraphSAGE,native,class_weighting,4,11,0.10199367716762936,0.0019415212750554273,0.07576588195408665,0.25362298330698047
native_GraphSAGE_class_weighting,GraphSAGE,native,class_weighting,4,12,0.10164312072884059,0.0020183564024398508,0.07313336929914044,0.26161610006139485
native_GraphSAGE_class_weighting,GraphSAGE,native,class_weighting,4,13,0.09722300824912963,0.0021357102769407215,0.06445265183180071,0.2771068285224101
native_GraphSAGE_class_weighting,GraphSAGE,native,class_weighting,4,14,0.09850754764484008,0.002039540704853582,0.05739313680446778,0.27126856426490564
native_GraphSAGE_class_weighting,GraphSAGE,native,class_weighting,4,15,0.09831419921916677,0.0020185164476502976,0.06132322489566959,0.2660966909527977
native_GraphSAGE_class_weighting,GraphSAGE,native,class_weighting,4,16,0.10276204407651676,0.0020077970769549996,0.07169752148881645,0.26243919410766137
native_GraphSAGE_class_weighting,GraphSAGE,native,class_weighting,4,17,0.10011723027651896,0.0019856403475033407,0.0638557733041479,0.2602483385298005
native_GraphSAGE_class_weighting,GraphSAGE,native,class_weighting,4,18,0.09756869952980196,0.002140929534302061,0.06218302344749265,0.27999230147882215
native_GraphSAGE_class_weighting,GraphSAGE,native,class_weighting,4,19,0.09780036015290534,0.0020839530088218915,0.046737445925120066,0.2772800139063359
native_GraphSAGE_class_weighting,GraphSAGE,native,class_weighting,4,20,0.09649939350172644,0.0021488789449286057,0.05327870608184455,0.27919245299271006
native_GraphSAGE_class_weighting,GraphSAGE,native,class_weighting,4,21,0.0990481250776793,0.0019776855776050418,0.05513833324975927,0.26246310953599583
native_GraphSAGE_class_weighting,GraphSAGE,native,class_weighting,4,22,0.0985773169490858,0.002028180392691491,0.05562463143823008,0.27049660382752244
native_GraphSAGE_class_weighting,GraphSAGE,native,class_weighting,4,23,0.10034504338836996,0.001967926347204901,0.06099532557396875,0.26115425149793725
native_GraphSAGE_class_weighting,GraphSAGE,native,class_weighting,4,24,0.0982956927010673,0.002002333583812487,0.041121393957429773,0.26867903839557905
native_GraphSAGE_class_weighting,GraphSAGE,native,class_weighting,4,25,0.09875077143398812,0.0020169253032959783,0.04388529828286703,0.2706728792192368
native_GraphSAGE_class_weighting,GraphSAGE,native,class_weighting,4,26,0.09849097795638954,0.0020499584647293858,0.04675216736320381,0.2736694625329572
native_GraphSAGE_class_weighting,GraphSAGE,native,class_weighting,4,27,0.09740988753008423,0.0020629946221161267,0.0425015521788591,0.27450584656771343
native_GraphSAGE_class_weighting,GraphSAGE,native,class_weighting,4,28,0.10010168617445743,0.002046459927328871,0.05115021043126424,0.27188850249247337
native_GraphSAGE_class_weighting,GraphSAGE,native,class_weighting,4,29,0.09832587402168429,0.002056267828616886,0.04702804430632935,0.27465694148261066
native_GraphSAGE_class_weighting,GraphSAGE,native,class_weighting,4,30,0.09846387596189743,0.002011215098821234,0.04235363034335696,0.2703523108876702
native_GraphSAGE_class_weighting,GraphSAGE,native,class_weighting,4,31,0.09872120116691803,0.001974477388430747,0.045507502666732404,0.264379122791021
native_GraphSAGE_class_weighting,GraphSAGE,native,class_weighting,4,32,0.09887838450580602,0.001982853857749004,0.04576998035294716,0.2660552168632877
native_GraphSAGE_class_weighting,GraphSAGE,native,class_weighting,4,33,0.09841807389486348,0.002040205954356922,0.04459271408505332,0.27338374603313825
native_GraphSAGE_class_weighting,GraphSAGE,native,class_weighting,4,34,0.09836104083660757,0.002031345996325556,0.045481949081917106,0.27192155497967646
native_GraphSAGE_class_weighting,GraphSAGE,native,class_weighting,4,35,0.09868976754922187,0.002038827604368319,0.05073558489869024,0.2697445437439907
native_GraphSAGE_class_weighting,GraphSAGE,native,class_weighting,4,36,0.09860956376738614,0.0020515872955965764,0.04896959197865185,0.27177992863133005
native_GraphSAGE_class_weighting,GraphSAGE,native,class_weighting,4,37,0.09837633516028291,0.002011885868621625,0.037854158547063255,0.27085892362260366
native_GraphSAGE_class_weighting,GraphSAGE,native,class_weighting,4,38,0.09828206061240052,0.0020535901689011397,0.041176340838762114,0.2749586131068406
native_GraphSAGE_class_weighting,GraphSAGE,native,class_weighting,4,39,0.09838586517929798,0.002018219628871133,0.040113884025277394,0.2713932990158978
native_GraphSAGE_class_weighting,GraphSAGE,native,class_weighting,4,40,0.09834702888707397,0.0020148770214265797,0.04646405302890599,0.2697490618842031
native_GraphSAGE_class_weighting,GraphSAGE,native,class_weighting,4,41,0.0982042805312085,0.002029112306581498,0.039549916562291634,0.27267961440773747
native_GraphSAGE_class_weighting,GraphSAGE,native,class_weighting,4,42,0.09852033950242912,0.002002057304765218,0.033285450245618235,0.2701210295074665
native_GraphSAGE_class_weighting,GraphSAGE,native,class_weighting,4,43,0.09822569767333335,0.002031771430694052,0.03930613057186639,0.272996332575615
native_GraphSAGE_class_weighting,GraphSAGE,native,class_weighting,4,44,0.09880054787587142,0.0019715202825893842,0.045595814704226315,0.2639454680380474
native_GraphSAGE_class_weighting,GraphSAGE,native,class_weighting,4,45,0.09854290811199462,0.001999962774028897,0.03183434704751206,0.2699731582099643
native_GraphSAGE_class_weighting,GraphSAGE,native,class_weighting,4,46,0.09836634034611053,0.002015620087093384,0.03825703835837153,0.2713030049343872
native_GraphSAGE_class_weighting,GraphSAGE,native,class_weighting,4,47,0.09855149741604691,0.001999208673418464,0.03388560846355701,0.26971020953144526
native_GraphSAGE_class_weighting,GraphSAGE,native,class_weighting,4,48,0.0986362162916339,0.001993280029419915,0.03686540099981277,0.26861210340774716
native_GraphSAGE_class_weighting,GraphSAGE,native,class_weighting,4,49,0.09854946435749298,0.002000036679058204,0.0333212123017047,0.2698756149433656
native_GraphSAGE_class_weighting,GraphSAGE,native,class_weighting,4,50,0.09856501168891554,0.001998207492275871,0.03607911900531104,0.26940978926692344
native_GraphSAGE_class_weighting,GraphSAGE,native,class_weighting,4,51,0.09857060148700839,0.001997518111483755,0.03591408020450259,0.26929669491116515
native_GraphSAGE_class_weighting,GraphSAGE,native,class_weighting,4,52,0.09877993134170537,0.0019724402435268838,0.04618514914228296,0.26389236519920556
native_GraphSAGE_class_weighting,GraphSAGE,native,class_weighting,4,53,0.09850923999532825,0.00200318746595131,0.03399061329947599,0.27022183111874676
native_GraphSAGE_class_weighting,GraphSAGE,native,class_weighting,4,54,0.09855979007057612,0.00199855885774839,0.03308730300820655,0.26969291036741827
native_GraphSAGE_class_weighting,GraphSAGE,native,class_weighting,4,55,0.09860510147496825,0.0019968160516798884,0.0390975578660511,0.2688432704643089
native_GraphSAGE_class_weighting,GraphSAGE,native,class_weighting,4,56,0.09853562600299483,0.002000424147318753,0.033763720443329606,0.26989005723327636
native_GraphSAGE_class_weighting,GraphSAGE,native,class_weighting,4,57,0.0985438099442399,0.001999604423106,0.03205857633242215,0.26991500241880845
native_GraphSAGE_class_weighting,GraphSAGE,native,class_weighting,4,58,0.09854807413037633,0.001999310613085404,0.03249981353723036,0.26983613330546874
native_GraphSAGE_class_weighting,GraphSAGE,native,class_weighting,4,59,0.09924965824320679,0.001955188354583469,0.045045613699079015,0.26099037472888786
native_GraphSAGE_class_weighting,GraphSAGE,native,class_weighting,4,60,0.09853801361605292,0.00200034863599312,0.032179707599352424,0.2700005869356148
native_GraphSAGE_class_weighting,GraphSAGE,native,class_weighting,4,61,0.09858043505664682,0.0019965752128306706,0.03465660857109772,0.26927591036905857
native_GraphSAGE_class_weighting,GraphSAGE,native,class_weighting,4,62,0.09853582627460128,0.002000054429895563,0.03245564102652218,0.26994153412976274
native_GraphSAGE_class_weighting,GraphSAGE,native,class_weighting,4,63,0.09854277621343499,0.001999644121857539,0.031902140043497375,0.2699248581309747
native_GraphSAGE_class_weighting,GraphSAGE,native,class_weighting,4,64,0.09853728457674152,0.0019999500173972073,0.0317027471465744,0.2699789953797644
native_GraphSAGE_class_weighting,GraphSAGE,native,class_weighting,4,65,0.09856739654525881,0.0019979398503652246,0.033562895979163294,0.2695591893289195
native_GraphSAGE_class_weighting,GraphSAGE,native,class_weighting,4,66,0.0985793786434806,0.0019975170974524444,0.03374031077592888,0.26949419729378293
native_GraphSAGE_class_weighting,GraphSAGE,native,class_weighting,4,67,0.09856976329669123,0.0019976170549917804,0.03357499277804244,0.2695143826176233
native_GraphSAGE_class_weighting,GraphSAGE,native,class_weighting,4,68,0.09853909819707042,0.001999756929704226,0.0318477485266563,0.2699422779663523
native_GraphSAGE_class_weighting,GraphSAGE,native,class_weighting,4,69,0.09854837267979746,0.001999099390099853,0.03318899372693095,0.2697547568657984
native_GraphSAGE_class_weighting,GraphSAGE,native,class_weighting,4,70,0.09863545800879364,0.0019973430855554715,0.0339161992433708,0.26946381576922346
native_GraphSAGE_class_weighting,GraphSAGE,native,class_weighting,4,71,0.09852777629479532,0.002000671534371452,0.03218173588069307,0.27004131704112466
native_GraphSAGE_class_weighting,GraphSAGE,native,class_weighting,4,72,0.09854152142390377,0.002000037014229867,0.03185480435829219,0.26998043385393644
native_GraphSAGE_class_weighting,GraphSAGE,native,class_weighting,4,73,0.09853998556121951,0.0019997647648693144,0.03177062695879563,0.2699497366217164
native_GraphSAGE_class_weighting,GraphSAGE,native,class_weighting,4,74,0.09860536552354461,0.0019944439909744325,0.035426995603207286,0.2688859087943878
native_GraphSAGE_class_weighting,GraphSAGE,native,class_weighting,4,75,0.09855191453680164,0.0019988625995033156,0.03256630654730501,0.2697688102679634
native_GraphSAGE_class_weighting,GraphSAGE,native,class_weighting,4,76,0.09853753893956309,0.002000028597382024,0.03272518274593853,0.2699151470842536
native_GraphSAGE_class_weighting,GraphSAGE,native,class_weighting,4,77,0.0985967232225812,0.00199502713900125,0.03598812081609089,0.26891471851154924
native_GraphSAGE_class_weighting,GraphSAGE,native,class_weighting,4,78,0.09853630765661364,0.0019999796044642866,0.03158263267772479,0.2699906759750002
native_GraphSAGE_class_weighting,GraphSAGE,native,class_weighting,4,79,0.09853390647884225,0.0020001592484037455,0.031821978624808595,0.2699986474438537
native_GraphSAGE_class_weighting,GraphSAGE,native,class_weighting,4,80,0.09848141133174067,0.0020042223119497806,0.03311627273040641,0.2704188848569638
native_GraphSAGE_class_weighting,GraphSAGE,native,class_weighting,4,81,0.09854168891295557,0.0019998462610450467,0.031658816705000044,0.2699679594621162
native_GraphSAGE_class_weighting,GraphSAGE,native,class_weighting,4,82,0.09853916301712161,0.001999858906748436,0.03180829407301525,0.26995986827862706
native_GraphSAGE_class_weighting,GraphSAGE,native,class_weighting,4,83,0.09853615000232821,0.0020000418278241848,0.03156884238708603,0.269999947829318
native_GraphSAGE_class_weighting,GraphSAGE,native,class_weighting,4,84,0.09853646441682941,0.0019998663739330563,0.031662111578937016,0.26997038999853706
native_GraphSAGE_class_weighting,GraphSAGE,native,class_weighting,4,85,0.09855470321461325,0.001998777739329892,0.03311949613593875,0.2697149047676601
native_GraphSAGE_class_weighting,GraphSAGE,native,class_weighting,4,86,0.09853687017544871,0.001999913308612001,0.03162990451113468,0.26997882924693806
native_GraphSAGE_class_weighting,GraphSAGE,native,class_weighting,4,87,0.09854259088024264,0.001999654543565993,0.032121997335538326,0.26991013475400466
native_GraphSAGE_class_weighting,GraphSAGE,native,class_weighting,4,88,0.09866217895731097,0.0019894573624413504,0.03786333176255645,0.2678810397260052
native_GraphSAGE_class_weighting,GraphSAGE,native,class_weighting,4,89,0.09853394880279666,0.002000122435696514,0.03169168726935462,0.2700024902669275
native_GraphSAGE_class_weighting,GraphSAGE,native,class_weighting,4,90,0.09853957007959252,0.0019997256719753863,0.03194320454824345,0.2699321649567546
native_GraphSAGE_class_weighting,GraphSAGE,native,class_weighting,4,91,0.0985392352877534,0.0019997564559086326,0.03182665104236397,0.2699444655678526
native_GraphSAGE_class_weighting,GraphSAGE,native,class_weighting,4,92,0.09853812708839542,0.0019998213425083994,0.03176838296519909,0.269956984180288
native_GraphSAGE_class_weighting,GraphSAGE,native,class_weighting,4,93,0.09853425219043857,0.0020001380680962867,0.03177636611189037,0.26999891302880363
native_GraphSAGE_class_weighting,GraphSAGE,native,class_weighting,4,94,0.09848595290764933,0.0020038028269797163,0.032963682025843245,0.2703776428239433
native_GraphSAGE_class_weighting,GraphSAGE,native,class_weighting,4,95,0.09853742118313676,0.0019998760509380158,0.03162095588432103,0.2699743732625465
native_GraphSAGE_class_weighting,GraphSAGE,native,class_weighting,4,96,0.09856371338799363,0.0019980914908088393,0.03315360587528212,0.2696151593925755
native_GraphSAGE_class_weighting,GraphSAGE,native,class_weighting,4,97,0.09853730871662264,0.0019998754612663046,0.031630611495123785,0.26997356744921397
native_GraphSAGE_class_weighting,GraphSAGE,native,class_weighting,4,98,0.09853751345857745,0.001999879683244964,0.03169711651997129,0.26996971392602115
native_GraphSAGE_class_weighting,GraphSAGE,native,class_weighting,4,99,0.09853572069987422,0.002000000507341492,0.031521773462936956,0.26999738177400473
