run_id,scenario,arch,balancing,seed,split,quality_passed,roc_auc,pr_auc,avg_precision,ks,ks_threshold,ks_pvalue,threshold,f1,precision,recall,mcc,fpr_at_thr,n_flagged,tp,fp,prevalence,n_pos,n,pr_roughness,pr_auc_meta,pr_auc_absdiff_meta,f1_meta
native_GCN_none,native,GCN,none,42,val,False,0.5704866618973201,0.031233883717744656,0.03145596412404672,0.13857311632450575,1.1050066639484157e-08,2.101485389468916e-15,0.14705882352941177,0.060382916053019146,0.04550499445061043,0.08971553610503283,0.031079136744388974,0.04660488809407684,1802,82,1720,0.024167107350608143,914,37820,0.0629098429377599,0.031233883717744656,0.0,0.060382916053019146
native_GCN_none,native,GCN,none,42,test,False,0.5020644402054115,0.005104965449167376,0.005150707526271229,0.2159110752029607,4.136285951972241e-06,2.3551962288687869e-07,0.14705882352941177,0.0034873583260680036,0.0018823529411764706,0.023668639053254437,-0.014064964817675175,0.0718617652041335,2125,4,2121,0.005693302789381485,169,29684,0.004950056587036238,0.005104965449167376,0.0,0.0034873583260680036
native_GCN_none_s43,native,GCN,none,43,val,False,0.7013330691338252,0.09843642950971634,0.09903763469085979,0.2670947931945148,0.16741372644901276,1.128124388694734e-56,0.4803921568627451,0.21626984126984128,0.19782214156079855,0.23851203501094093,0.19590188025520522,0.02395274481114182,1102,218,884,0.024167107350608143,914,37820,0.3307468394628897,0.09843642950971634,0.0,0.21626984126984128
native_GCN_none_s43,native,GCN,none,43,test,False,0.4975442233264202,0.005072882168989346,0.0051163645662000564,0.17532054205714276,0.00021296915656421334,3.930712991697434e-07,0.4803921568627451,0.0,0.0,0.0,-0.010568911736753157,0.01924445197357276,568,0,568,0.005693302789381485,169,29684,0.003995201804531236,0.005072882168989346,0.0,0.0
native_GCN_none_s44,native,GCN,none,44,val,False,0.7594029767031294,0.11978074549255407,0.12055851300830572,0.38178008806096886,0.08148875087499619,2.051004334548915e-117,0.5392156862745098,0.1846989588048891,0.15752895752895754,0.22319474835886213,0.16352016694066207,0.029561588901533625,1295,204,1091,0.024167107350608143,914,37820,0.34577197414663763,0.11978074549255407,0.0,0.1846989588048891
native_GCN_none_s44,native,GCN,none,44,test,False,0.6837911121313303,0.013640344825706344,0.013976369791357668,0.29091074942337014,0.005853522568941116,4.3557655744329445e-13,0.5392156862745098,0.04567699836867863,0.026490066225165563,0.16568047337278108,0.053113265469792975,0.034863628663391495,1057,28,1029,0.005693302789381485,169,29684,0.0520612504100202,0.013640344825706344,0.0,0.04567699836867863
native_GCN_class_weighting,native,GCN,class_weighting,42,val,False,0.693608553802961,0.0863088694049592,0.08712849679121375,0.2947259943975,0.3716609477996826,3.6953265575348917e-69,0.7058823529411764,0.1636060100166945,0.13225371120107962,0.21444201312910285,0.14213970203987894,0.03484528260987373,1482,196,1286,0.024167107350608143,914,37820,0.2247358007246396,0.0863088694049592,0.0,0.1636060100166945
native_GCN_class_weighting,native,GCN,class_weighting,42,test,False,0.6848604711073599,0.00969919848170896,0.009850324588682744,0.28453128336108313,0.023796837776899338,1.574296364799819e-12,0.7058823529411764,0.0221316249271986,0.01227390180878553,0.11242603550295859,0.020515277969303896,0.05180416737252245,1548,19,1529,0.005693302789381485,169,29684,0.029056605261557157,0.00969919848170896,0.0,0.0221316249271986
native_GCN_class_weighting_s43,native,GCN,class_weighting,43,val,False,0.7256037012121752,0.09587547641985122,0.0965054298916497,0.3215733128139963,0.5724253058433533,1.4313277382679538e-82,0.9803921568627451,0.18273684210526317,0.14852840520191649,0.237417943107221,0.1623320699834165,0.03370725627269279,1461,217,1244,0.024167107350608143,914,37820,0.2831925798075013,0.09587547641985122,0.0,0.18273684210526317
native_GCN_class_weighting_s43,native,GCN,class_weighting,43,test,False,0.5594940693078537,0.005808298694580773,0.005875469269733343,0.23546807510372314,0.0002532930229790509,1.1201590911404925e-08,0.9803921568627451,0.003527336860670194,0.002072538860103627,0.011834319526627219,-0.008821387233973953,0.03262747755378621,965,2,963,0.005693302789381485,169,29684,0.005343293186914081,0.005808298694580773,0.0,0.003527336860670194
native_GCN_class_weighting_s44,native,GCN,class_weighting,44,val,False,0.7400517560670132,0.10946068092449582,0.11015716766820542,0.3357305169760635,0.48813924193382263,3.663071665096427e-90,0.9117647058823529,0.1940379403794038,0.19226638023630505,0.19584245076586435,0.17389703297151088,0.020376090608573132,931,179,752,0.024167107350608143,914,37820,0.3952635802843157,0.10946068092449582,0.0,0.1940379403794038
native_GCN_class_weighting_s44,native,GCN,class_weighting,44,test,False,0.6610962032142917,0.00838037711854562,0.008543067382821215,0.31832274633197244,0.04965707287192345,1.2249970343988102e-15,0.9117647058823529,0.015082956259426848,0.010121457489878543,0.029585798816568046,0.007656440090436047,0.01656784685753007,494,5,489,0.005693302789381485,169,29684,0.02370410320447036,0.00838037711854562,0.0,0.015082956259426848
native_GCN_focal_loss,native,GCN,focal_loss,42,val,False,0.7102000131388265,0.07468899968231782,0.07506999816937057,0.3542147588628085,0.4522983729839325,1.2608366515101795e-100,0.5,0.15711727842435094,0.09876195835678109,0.38402625820568925,0.15643567312551154,0.08678805614263263,3554,351,3203,0.024167107350608143,914,37820,0.21416307639423607,0.07468899968231782,0.0,0.15711727842435094
native_GCN_focal_loss,native,GCN,focal_loss,42,test,False,0.7389628380715052,0.025594107706115015,0.02641573540015769,0.3893793848679891,0.49418556690216064,1.8955081855563115e-23,0.5,0.05307994757536042,0.02809573361082206,0.47928994082840237,0.09765616009860151,0.09493477892596984,2883,81,2802,0.005693302789381485,169,29684,0.10217454606838569,0.025594116940704726,9.234589710971353e-09,0.05307994757536042
native_GCN_focal_loss_s43,native,GCN,focal_loss,43,val,False,0.7608702444829677,0.12026389775443329,0.12093646888964628,0.36198231926613256,0.286213755607605,3.2721534473093304e-105,0.5196078431372548,0.22242152466367712,0.1884498480243161,0.2713347921225383,0.20311855305971,0.0289383840026012,1316,248,1068,0.024167107350608143,914,37820,0.32240672179153185,0.12026389775443329,0.0,0.22242152466367712
native_GCN_focal_loss_s43,native,GCN,focal_loss,43,test,False,0.4770760429708291,0.004912909104372939,0.004971721596442297,0.12256008628648363,0.023925092071294785,0.000267734042446118,0.5196078431372548,0.005128205128205128,0.0032733224222585926,0.011834319526627219,-0.004662782957443855,0.0206335761477215,611,2,609,0.005693302789381485,169,29684,0.0049451465364718505,0.004912909104372939,0.0,0.005128205128205128
native_GCN_focal_loss_s44,native,GCN,focal_loss,44,val,False,0.6867497721160661,0.12060496358583518,0.12145381148394407,0.2589366254394481,0.05080660060048103,3.070570756527738e-53,0.6372549019607843,0.18808411214953272,0.20175438596491227,0.1761487964989059,0.16977873658530726,0.017260066113911017,798,161,637,0.024167107350608143,914,37820,0.17580231719660122,0.12060496358583518,0.0,0.18808411214953272
native_GCN_focal_loss_s44,native,GCN,focal_loss,44,test,False,0.5859842603349816,0.0061985728314767514,0.006250924019428248,0.27853754033401934,3.9516004335382604e-07,5.1197541484179495e-12,0.6372549019607843,0.0,0.0,0.0,-0.010914652472363081,0.02049805183804845,605,0,605,0.005693302789381485,169,29684,0.005717635302836696,0.0061985728314767514,0.0,0.0
native_GraphSAGE_none,native,GraphSAGE,none,42,val,False,0.8651533952067711,0.19849396282255108,0.19944857179699688,0.5813825199771233,0.18267427384853363,8.573858175622668e-287,0.411764705882353,0.3269715520345697,0.2436929683306495,0.49671772428884026,0.3253870986328099,0.03817807402590365,1863,454,1409,0.024167107350608143,914,37820,0.4206675937628444,0.19849396282255108,0.0,0.3269715520345697
native_GraphSAGE_none,native,GraphSAGE,none,42,test,False,0.4168793923859797,0.004361876565885836,0.004396811897882745,0.128065059687833,0.00010142720566364005,1.6510670724730788e-10,0.411764705882353,0.0,0.0,0.0,-0.015497702100724155,0.04048788751482297,1195,0,1195,0.005693302789381485,169,29684,0.001167768672166402,0.004361876565885836,0.0,0.0
native_GraphSAGE_none_s43,native,GraphSAGE,none,43,val,False,0.8035382427009254,0.10968100847088676,0.11023212124408065,0.4680786399085215,0.07545585185289383,1.0972128705997245e-179,0.33333333333333337,0.1957142857142857,0.14528101802757157,0.29978118161925604,0.18068080956246801,0.043678534655611556,1886,274,1612,0.024167107350608143,914,37820,0.25696776654361847,0.10968100847088676,0.0,0.1957142857142857
native_GraphSAGE_none_s43,native,GraphSAGE,none,43,test,False,0.3844944953273183,0.004132971733987297,0.004165575490276126,0.10073726427340624,0.0004108324646949768,1.9685331562162453e-10,0.33333333333333337,0.0,0.0,0.0,-0.016536359481271704,0.04584109774690835,1353,0,1353,0.005693302789381485,169,29684,0.0008721925389758908,0.004132971733987297,0.0,0.0
native_GraphSAGE_none_s44,native,GraphSAGE,none,44,val,False,0.8604471932419,0.22325623088597168,0.2243554659088871,0.5696339425693355,0.17509479820728302,3.5754059009446285e-274,0.411764705882353,0.3128205128205128,0.2944015444015444,0.3336980306345733,0.2953187562963892,0.019807077439982657,1036,305,731,0.024167107350608143,914,37820,0.4632014854896481,0.22325623088597168,0.0,0.3128205128205128
native_GraphSAGE_none_s44,native,GraphSAGE,none,44,test,False,0.3716018432108034,0.004065559438160002,0.004111490514527201,0.07643029770240184,0.0005616283742710948,5.02452157902565e-13,0.411764705882353,0.0029985007496251873,0.002008032128514056,0.005917159763313609,-0.006398150460078402,0.016838895476876163,498,1,497,0.005693302789381485,169,29684,0.0008232706613841602,0.004065559438160002,0.0,0.0029985007496251873
native_GraphSAGE_class_weighting,native,GraphSAGE,class_weighting,42,val,True,0.9246084973581826,0.48450123747254775,0.48484283316181015,0.7292258610526405,0.2678660750389099,0.0,0.8333333333333333,0.5146771037181996,0.4654867256637168,0.5754923413566739,0.5043343371299436,0.016365902563268846,1130,526,604,0.024167107350608143,914,37820,0.45137499054827224,0.48450123747254775,0.0,0.5146771037181996
native_GraphSAGE_class_weighting,native,GraphSAGE,class_weighting,42,test,True,0.7002031862246356,0.010245930987894074,0.010475599741968952,0.33055060760399635,0.009578650817275047,7.394770386210626e-17,0.8333333333333333,0.015748031496062992,0.014150943396226415,0.01775147928994083,0.009533887646845948,0.007081145180416738,212,3,209,0.005693302789381485,169,29684,0.025459769483198964,0.010245930987894074,0.0,0.015748031496062992
native_GraphSAGE_class_weighting_s43,native,GraphSAGE,class_weighting,43,val,True,0.9201415483253274,0.44646838281059736,0.44687372420207944,0.7229572296807988,0.21248960494995117,0.0,0.8137254901960784,0.4708355228586443,0.4529828109201213,0.49015317286652077,0.45757470631218344,0.014658863057497426,989,448,541,0.024167107350608143,914,37820,0.49376219797897414,0.4464683828105973,5.551115123125783e-17,0.4708355228586443
native_GraphSAGE_class_weighting_s43,native,GraphSAGE,class_weighting,43,test,True,0.7063460861842389,0.010309860206219108,0.010471394804081692,0.33551789432111045,0.0027409903705120087,2.2861887011045176e-17,0.8137254901960784,0.006211180124223602,0.006535947712418301,0.005917159763313609,0.0008061371282808429,0.005149923767575809,153,1,152,0.005693302789381485,169,29684,0.029269965283448128,0.010309860206219108,0.0,0.006211180124223602
native_GraphSAGE_class_weighting_s44,native,GraphSAGE,class_weighting,44,val,True,0.9252536546511624,0.45377576873493686,0.4542473881554338,0.7235759877747251,0.21462099254131317,0.0,0.7549019607843137,0.49134001823154055,0.42109375,0.5897155361050328,0.483761054204056,0.020078036091692408,1280,539,741,0.024167107350608143,914,37820,0.5070100325049386,0.45377576873493686,0.0,0.49134001823154055
native_GraphSAGE_class_weighting_s44,native,GraphSAGE,class_weighting,44,test,True,0.7251949916149345,0.010891669815636476,0.011128501365745173,0.3720078147005785,0.00165357138030231,2.2468556580747506e-21,0.7549019607843137,0.015384615384615385,0.013574660633484163,0.01775147928994083,0.009072278577440005,0.0073860748771810945,221,3,218,0.005693302789381485,169,29684,0.026491026929120115,0.010891669815636476,0.0,0.015384615384615385
native_GraphSAGE_focal_loss,native,GraphSAGE,focal_loss,42,val,True,0.8891327912025834,0.3483198583533772,0.34913292314098904,0.6244781081417916,0.33068811893463135,0.0,0.5196078431372548,0.44813278008298757,0.4260355029585799,0.4726477024070022,0.4343536322128215,0.015769793529507397,1014,432,582,0.024167107350608143,914,37820,0.5122863743727676,0.3483198583533772,0.0,0.44813278008298757
native_GraphSAGE_focal_loss,native,GraphSAGE,focal_loss,42,test,True,0.517568541519857,0.0052792566943696126,0.005325818887892525,0.19015925108785325,0.04755895212292671,8.562814568473219e-06,0.5196078431372548,0.0,0.0,0.0,-0.008325062589034662,0.012027782483482975,355,0,355,0.005693302789381485,169,29684,0.004560522787862129,0.0052792566943696126,0.0,0.0
native_GraphSAGE_focal_loss_s43,native,GraphSAGE,focal_loss,43,val,True,0.8857133463796664,0.2665891283748503,0.26733097956140506,0.6226245612337501,0.3356575071811676,0.0,0.4803921568627451,0.3883001271725307,0.3169550173010381,0.5010940919037199,0.38000166541629243,0.026743618923752235,1445,458,987,0.024167107350608143,914,37820,0.5904719324220671,0.2665891283748503,0.0,0.3883001271725307
native_GraphSAGE_focal_loss_s43,native,GraphSAGE,focal_loss,43,test,True,0.5687389924088343,0.005956605944628789,0.006010234947319842,0.21201154362389207,0.05965980514883995,4.1832147333462487e-07,0.4803921568627451,0.0,0.0,0.0,-0.009944766328040295,0.017076063018804,504,0,504,0.005693302789381485,169,29684,0.00564127657281603,0.005956605944628789,0.0,0.0
native_GraphSAGE_focal_loss_s44,native,GraphSAGE,focal_loss,44,val,True,0.8804564965508802,0.2992060548285358,0.30027335050875187,0.5918368992559132,0.3494034707546234,2.3867993407454133e-298,0.47058823529411764,0.3847894975101856,0.3281853281853282,0.4649890590809628,0.37276860029621245,0.02357340269874817,1295,425,870,0.024167107350608143,914,37820,0.5181445971843972,0.2992060548285358,0.0,0.3847894975101856
native_GraphSAGE_focal_loss_s44,native,GraphSAGE,focal_loss,44,test,True,0.5679318609432372,0.006054221521163924,0.006131102827187793,0.2005904128579692,0.12282178550958633,2.1140536572209775e-06,0.47058823529411764,0.00517464424320828,0.0033112582781456954,0.011834319526627219,-0.0045627725229862625,0.020396408605793663,604,2,602,0.005693302789381485,169,29684,0.009664479642477544,0.006054221521163924,0.0,0.00517464424320828
native_GAT_none,native,GAT,none,42,val,True,0.8722476055733763,0.2834562811929863,0.28437061805816455,0.562108644102748,0.04276595637202263,2.7472922600487976e-266,0.3823529411764706,0.3397579560735096,0.2877752467729689,0.41466083150984684,0.3260523705206968,0.025415921530374464,1317,379,938,0.024167107350608143,914,37820,0.4114844376582185,0.28345628119298627,5.551115123125783e-17,0.3397579560735096
native_GAT_none,native,GAT,none,42,test,True,0.47802280858093416,0.00487505189117197,0.004919084763106981,0.14439794428066366,1.0602889677358007e-09,0.00016912054737880684,0.3823529411764706,0.0,0.0,0.0,-0.009556297787367338,0.015788582076910047,466,0,466,0.005693302789381485,169,29684,0.0021262346986426206,0.00487505189117197,0.0,0.0
native_GAT_none_s43,native,GAT,none,43,val,True,0.8676568426664656,0.22571990365815106,0.22670411333265916,0.5488707427622912,0.0013920213095843792,8.824868251407461e-253,0.44117647058823534,0.3204113924050633,0.25092936802973975,0.4431072210065646,0.31176848141193564,0.03275890099170867,1614,405,1209,0.024167107350608143,914,37820,0.3378882776360467,0.22571990365815106,0.0,0.3204113924050633
native_GAT_none_s43,native,GAT,none,43,test,True,0.551969061965283,0.005718994910477107,0.005789701563456795,0.22314739170835807,5.838358442533664e-12,7.880084692188558e-08,0.44117647058823534,0.0024479804161566705,0.0015432098765432098,0.005917159763313609,-0.008240140291076928,0.02192105708961545,648,1,647,0.005693302789381485,169,29684,0.006672927656323677,0.005718994910477107,0.0,0.0024479804161566705
native_GAT_none_s44,native,GAT,none,44,val,False,0.6821637376451453,0.09829244454260994,0.09923962860857817,0.2754302402424943,0.0031159757636487484,2.6616854987429073e-60,0.4901960784313726,0.1699838622915546,0.1671957671957672,0.17286652078774617,0.1490983705097203,0.021324445889557255,945,158,787,0.024167107350608143,914,37820,0.2191609359570459,0.09829244132765752,3.2149524153979314e-09,0.1699838622915546
native_GAT_none_s44,native,GAT,none,44,test,False,0.5574600017842698,0.005754310557125372,0.005801342694070871,0.2588504290767808,1.6093075483336605e-10,2.0398927977426157e-10,0.4901960784313726,0.0,0.0,0.0,-0.010859275108179507,0.02029476537353888,599,0,599,0.005693302789381485,169,29684,0.003862249349914466,0.005754310557125371,8.673617379884035e-19,0.0
native_GAT_class_weighting,native,GAT,class_weighting,42,val,False,0.91642431579383,0.36021536704392676,0.36086683402703595,0.7081048416694325,0.5873844623565674,0.0,0.8627450980392156,0.4466456551103107,0.3794950267788829,0.5426695842450766,0.43776728816268706,0.02197474665366065,1307,496,811,0.024167107350608143,914,37820,0.5830709319090334,0.36021536704392676,0.0,0.4466456551103107
native_GAT_class_weighting,native,GAT,class_weighting,42,test,False,0.6592469780183979,0.008069871120956688,0.00815219405078675,0.3137455932045385,0.06227314472198486,3.400290955737133e-15,0.8627450980392156,0.0,0.0,0.0,-0.007836689788809685,0.010672539386752498,315,0,315,0.005693302789381485,169,29684,0.01710223695773922,0.008069871120956688,0.0,0.0
native_GAT_class_weighting_s43,native,GAT,class_weighting,43,val,False,0.8973906266805217,0.3215165264831955,0.32253027667409373,0.6418736535815576,0.57992023229599,0.0,0.8725490196078431,0.39552618200305034,0.3694207027540361,0.42560175054704596,0.38047246832914233,0.017991654473527338,1053,389,664,0.024167107350608143,914,37820,0.45227552518567005,0.32151652648319556,5.551115123125783e-17,0.39552618200305034
native_GAT_class_weighting_s43,native,GAT,class_weighting,43,test,False,0.602348119048884,0.008979163502255413,0.009217510331935018,0.19651145190440733,0.005617404356598854,3.686810811385425e-06,0.8725490196078431,0.037082818294190356,0.0234375,0.08875739644970414,0.035008685592144616,0.021175673386413688,640,15,625,0.005693302789381485,169,29684,0.043776229327003015,0.008979163502255413,0.0,0.037082818294190356
native_GAT_class_weighting_s44,native,GAT,class_weighting,44,val,False,0.8865259555264952,0.2793656295976463,0.28027770338353847,0.6311533553633983,0.5659360289573669,0.0,0.8725490196078431,0.3600185099490976,0.3119486768243785,0.42560175054704596,0.3460316697847143,0.02324825231669647,1247,389,858,0.024167107350608143,914,37820,0.39139246831446173,0.2793656295976463,0.0,0.3600185099490976
native_GAT_class_weighting_s44,native,GAT,class_weighting,44,test,False,0.5721656925021577,0.007970693565429468,0.00818377935619074,0.15391090880476976,0.012411247938871384,0.0006104699569296117,0.8725490196078431,0.02789400278940028,0.01824817518248175,0.05917159763313609,0.022884703753362903,0.018228019651024902,548,10,538,0.005693302789381485,169,29684,0.030632736290150977,0.007970693565429468,0.0,0.02789400278940028
native_GAT_focal_loss,native,GAT,focal_loss,42,val,True,0.885103719058686,0.3465234639865087,0.34705550265292945,0.6027859411235902,0.3340827524662018,8.6454063349916e-311,0.47058823529411764,0.4015187470336972,0.35456831517183574,0.462800875273523,0.3882943862645488,0.02086381618165068,1193,423,770,0.024167107350608143,914,37820,0.4484526619830772,0.34652346177768556,2.2088231244055123e-09,0.4015187470336972
native_GAT_focal_loss,native,GAT,focal_loss,42,test,True,0.5694126043622388,0.006761423053114266,0.006946821920494491,0.19164681081828816,0.0804179236292839,7.0473270115012945e-06,0.47058823529411764,0.019261637239165328,0.013215859030837005,0.03550295857988166,0.01246053355267748,0.015178722683381331,454,6,448,0.005693302789381485,169,29684,0.018630955592389885,0.006761423053114266,0.0,0.019261637239165328
native_GAT_focal_loss_s43,native,GAT,focal_loss,43,val,True,0.8840935828334829,0.352357594366484,0.35279192400166504,0.6056193859827931,0.14079463481903076,4.56470213e-314,0.5196078431372548,0.3985122210414453,0.38739669421487605,0.4102844638949672,0.3833436750938822,0.01606784804638812,968,375,593,0.024167107350608143,914,37820,0.35061149690000215,0.352357594366484,0.0,0.3985122210414453
native_GAT_focal_loss_s43,native,GAT,focal_loss,43,test,True,0.4559176108427466,0.0047423541247839755,0.004867176190807175,0.17167762455556146,1.6960376569841173e-07,4.8625880812158395e-05,0.5196078431372548,0.003395585738539898,0.002380952380952381,0.005917159763313609,-0.005274141190859534,0.014196171438251736,420,1,419,0.005693302789381485,169,29684,0.0023168211747811186,0.0047423541247839755,0.0,0.003395585738539898
native_GAT_focal_loss_s44,native,GAT,focal_loss,44,val,True,0.8846281777313255,0.29802159468536304,0.29885510537099547,0.6215767161020944,0.31179335713386536,0.0,0.5392156862745098,0.38236703402012456,0.340153452685422,0.4365426695842451,0.36812731720240327,0.02097219964233458,1173,399,774,0.024167107350608143,914,37820,0.5076698542559622,0.298021594685363,5.551115123125783e-17,0.38236703402012456
native_GAT_focal_loss_s44,native,GAT,focal_loss,44,test,True,0.4029457491777824,0.004255932884257646,0.004303561829479075,0.06928900859757403,0.000385249441023916,7.553966184056976e-08,0.5392156862745098,0.003305785123966942,0.0022935779816513763,0.005917159763313609,-0.005516918886858846,0.014738268676943927,436,1,435,0.005693302789381485,169,29684,0.00202688263324921,0.004255932884257646,0.0,0.003305785123966942
native_TAGCN_none,native,TAGCN,none,42,val,False,0.7895750822866443,0.1460277483594164,0.1467888779007259,0.4207164312765259,0.06020285561680794,1.2449098354663759e-143,0.29411764705882354,0.219285364659814,0.19840566873339238,0.24507658643326038,0.19902673168639767,0.024521757979732293,1129,224,905,0.024167107350608143,914,37820,0.3238728380125187,0.1460277483594164,0.0,0.219285364659814
native_TAGCN_none,native,TAGCN,none,42,test,False,0.3523639068290419,0.003928824504860714,0.003961270571308722,0.05726563666854778,0.00015602698840666562,3.109127816598908e-14,0.29411764705882354,0.0,0.0,0.0,-0.011612502585934025,0.02314077587667288,683,0,683,0.005693302789381485,169,29684,0.000825382378861355,0.003928824504860714,0.0,0.0
native_TAGCN_none_s43,native,TAGCN,none,43,val,False,0.7295344100293357,0.04679816567864799,0.04689127641756529,0.39419052792587617,0.04961739107966423,1.9026582740352904e-125,0.16666666666666666,0.10319479785128641,0.05925324675324675,0.3993435448577681,0.1007790878675248,0.1570205386657996,6160,365,5795,0.024167107350608143,914,37820,0.09718722840897023,0.04679816567864799,0.0,0.10319479785128641
native_TAGCN_none_s43,native,TAGCN,none,43,test,False,0.27125431156758123,0.0035713510021885804,0.0035962371717555516,0.06564188102128388,0.000418231327785179,1.5655094005366656e-27,0.16666666666666666,0.0004141644232760406,0.00021459227467811158,0.005917159763313609,-0.03142321545436672,0.1578519396916822,4660,1,4659,0.005693302789381485,169,29684,0.00016784933861104748,0.0035713510021885804,0.0,0.0004141644232760406
native_TAGCN_none_s44,native,TAGCN,none,44,val,False,0.7713248164566411,0.09673088134407017,0.09738689274923301,0.40288118575774917,0.09039399772882462,2.9889727488375816e-131,0.23529411764705882,0.1813317479191439,0.12448979591836734,0.3336980306345733,0.17193512653875054,0.05812063079174118,2450,305,2145,0.024167107350608143,914,37820,0.3039512736413181,0.09673088134407017,0.0,0.1813317479191439
native_TAGCN_none_s44,native,TAGCN,none,44,test,False,0.3120298875208374,0.0037237336732532083,0.0037522020186077343,0.0414628205295271,0.0001545828563394025,1.021367697301049e-18,0.23529411764705882,0.0,0.0,0.0,-0.01702354514757835,0.048449940708114515,1430,0,1430,0.005693302789381485,169,29684,0.000512229077518564,0.0037237336732532083,0.0,0.0
native_TAGCN_class_weighting,native,TAGCN,class_weighting,42,val,True,0.9104587490058424,0.3880382181505571,0.38862476932550377,0.6818073262239001,0.026168156415224075,0.0,0.8039215686274509,0.4756814537680385,0.46499477533960293,0.486870897155361,0.462518824643889,0.013873082967539153,957,445,512,0.024167107350608143,914,37820,0.5925762948922966,0.38803821815055717,5.551115123125783e-17,0.4756814537680385
native_TAGCN_class_weighting,native,TAGCN,class_weighting,42,test,True,0.6889061524227477,0.00911130355444903,0.009271940014026795,0.34576421376353617,6.372811185428873e-05,1.9085701681786735e-18,0.8039215686274509,0.005221932114882507,0.004672897196261682,0.005917159763313609,-0.00115570588831649,0.007216669490089785,214,1,213,0.005693302789381485,169,29684,0.02097820136449347,0.00911130355444903,0.0,0.005221932114882507
native_TAGCN_class_weighting_s43,native,TAGCN,class_weighting,43,val,True,0.9003831634001622,0.3706732911435307,0.3717782008916073,0.6453638026040727,0.026134343817830086,0.0,0.676470588235294,0.46186895810955964,0.45358649789029537,0.47045951859956237,0.44837089158366644,0.014035658158565003,948,430,518,0.024167107350608143,914,37820,0.6955039355423835,0.3706732911435307,0.0,0.46186895810955964
native_TAGCN_class_weighting_s43,native,TAGCN,class_weighting,43,test,True,0.6818345300303627,0.00861080651888583,0.00878439680688094,0.3399290502171696,4.860692206420936e-05,7.930200490856632e-18,0.676470588235294,0.006042296072507553,0.006172839506172839,0.005917159763313609,0.0004721327879063575,0.005454853464340166,162,1,161,0.005693302789381485,169,29684,0.02062393369381252,0.00861080651888583,0.0,0.006042296072507553
native_TAGCN_class_weighting_s44,native,TAGCN,class_weighting,44,val,False,0.7949315701929356,0.13905561094027918,0.13970307035806484,0.48016481875237826,0.500055193901062,1.172446415180632e-189,0.5392156862745098,0.25654648956356735,0.19639744334689135,0.36980306345733044,0.24487950360093647,0.0374735815314583,1721,338,1383,0.024167107350608143,914,37820,0.33487779356863306,0.13905561094027918,0.0,0.25654648956356735
native_TAGCN_class_weighting_s44,native,TAGCN,class_weighting,44,test,False,0.6298120402122278,0.006992867011864844,0.007072149057772625,0.3455936054979566,0.3298965096473694,1.9904956369873134e-18,0.5392156862745098,0.00777000777000777,0.004472271914132379,0.029585798816568046,-0.003210557914245547,0.0377096391665255,1118,5,1113,0.005693302789381485,169,29684,0.011337711083544772,0.006992867011864844,0.0,0.00777000777000777
native_TAGCN_focal_loss,native,TAGCN,focal_loss,42,val,True,0.8923475347683826,0.34752195913219786,0.34852985569373224,0.6348360806880476,0.26963967084884644,0.0,0.47058823529411764,0.40700218818380746,0.40700218818380746,0.40700218818380746,0.392316229261139,0.0146859589226684,914,372,542,0.024167107350608143,914,37820,0.48687130789967226,0.34752195913219786,0.0,0.40700218818380746
native_TAGCN_focal_loss,native,TAGCN,focal_loss,42,test,True,0.6720131274139015,0.00870696830195502,0.00885138633171929,0.30932040372611663,0.15680505335330963,8.984470999173901e-15,0.47058823529411764,0.008888888888888889,0.0071174377224199285,0.011834319526627219,0.0018504022776627124,0.00945282059969507,281,2,279,0.005693302789381485,169,29684,0.017465877523667125,0.00870696830195502,0.0,0.008888888888888889
native_TAGCN_focal_loss_s43,native,TAGCN,focal_loss,43,val,False,0.8223553131196994,0.18463356269669282,0.1854346784611276,0.5029388637832161,0.4305153787136078,2.43898669270543e-209,0.4803921568627451,0.31772945079248066,0.23957754307948861,0.47155361050328226,0.3134760575106117,0.03706714355389368,1799,431,1368,0.024167107350608143,914,37820,0.43698869394980594,0.18463356269669282,0.0,0.31772945079248066
native_TAGCN_focal_loss_s43,native,TAGCN,focal_loss,43,test,False,0.5319887490765403,0.005428868364877475,0.0054765077845351775,0.20770964919051293,0.2276918739080429,7.785117579799244e-07,0.4803921568627451,0.0017421602787456446,0.0010214504596527069,0.005917159763313609,-0.011467251935269112,0.03313569371506014,979,1,978,0.005693302789381485,169,29684,0.0032081309711064626,0.005428868364877475,0.0,0.0017421602787456446
native_TAGCN_focal_loss_s44,native,TAGCN,focal_loss,44,val,True,0.8801323837566633,0.33885366585226595,0.3393172827435693,0.6012641258690095,0.34264853596687317,4.86546017758609e-309,0.4607843137254902,0.4114071996259935,0.35918367346938773,0.4814004376367615,0.3991382872549421,0.021270254159215303,1225,440,785,0.024167107350608143,914,37820,0.3865955812006592,0.33885366585226595,0.0,0.4114071996259935
native_TAGCN_focal_loss_s44,native,TAGCN,focal_loss,44,test,True,0.6668764353096961,0.010020901063907212,0.010189297843596293,0.2690783043823871,0.1862609088420868,3.117407748496674e-11,0.4607843137254902,0.0136986301369863,0.00963855421686747,0.023668639053254437,0.006243850105269228,0.013925122818905641,415,4,411,0.005693302789381485,169,29684,0.03039276733992281,0.010020901063907212,0.0,0.0136986301369863
1-10_GCN_none,1:10,GCN,none,42,val,False,0.7130065844731088,0.08685603760997927,0.08744846280911875,0.3492817698426222,0.4708055853843689,9.008804805775978e-98,0.5392156862745098,0.1620142309797482,0.10802919708029197,0.3238512035010941,0.152619879819772,0.06622229447786268,2740,296,2444,0.024167107350608143,914,37820,0.25576407056483685,0.08685603760997927,0.0,0.1620142309797482
1-10_GCN_none,1:10,GCN,none,42,test,False,0.6915278260878281,0.02773702268850214,0.02862276890855283,0.3512074394024901,0.48003965616226196,4.932168322527271e-19,0.5392156862745098,0.05785491766800178,0.03128007699711261,0.38461538461538464,0.09330270681688627,0.06820260884296121,2078,65,2013,0.005693302789381485,169,29684,0.08381992263520721,0.02773702268850214,0.0,0.05785491766800178
1-10_GCN_none_s43,1:10,GCN,none,43,val,False,0.7686154078117439,0.12172395595858715,0.12238320051648835,0.37081669783580523,0.1707332730293274,1.4503510946269457e-110,0.5098039215686274,0.22955032119914348,0.18859957776213934,0.29321663019693656,0.211563056315942,0.03124153254213407,1421,268,1153,0.024167107350608143,914,37820,0.34807819871289847,0.12172395595858715,0.0,0.22955032119914348
1-10_GCN_none_s43,1:10,GCN,none,43,test,False,0.5570137338651392,0.006274266719239237,0.00637829311023224,0.1968229974328568,0.02046699821949005,3.534949940639199e-06,0.5098039215686274,0.014652014652014652,0.009230769230769232,0.03550295857988166,0.007034824176792198,0.021819413857360664,650,6,644,0.005693302789381485,169,29684,0.01953497775258582,0.006274266719239237,0.0,0.014652014652014652
1-10_GCN_none_s44,1:10,GCN,none,44,val,False,0.787920307562379,0.15578487426990703,0.15663979113663448,0.42698939087190696,0.27375563979148865,3.875383491036632e-148,0.4901960784313726,0.25009830908375935,0.19521178637200737,0.3479212253829322,0.23630328376995086,0.035522679239148106,1629,318,1311,0.024167107350608143,914,37820,0.27423729255590157,0.15578487426990703,0.0,0.25009830908375935
1-10_GCN_none_s44,1:10,GCN,none,44,test,False,0.49324192793354493,0.005017534456812281,0.005065759741276689,0.1921211459021439,0.0009204298257827759,6.620763968979002e-06,0.4901960784313726,0.0037174721189591076,0.002205071664829107,0.011834319526627219,-0.008230833468027022,0.03066237506352702,907,2,905,0.005693302789381485,169,29684,0.002662378826681769,0.005017534456812281,0.0,0.0037174721189591076
1-10_GCN_class_weighting,1:10,GCN,class_weighting,42,val,False,0.8544130567207172,0.2191369534743803,0.2200278228720399,0.577602261396005,0.4422037601470947,1.0853195832594317e-282,0.8235294117647058,0.2854198866563627,0.2697176241480039,0.30306345733041573,0.26714276210346566,0.020321898878231184,1027,277,750,0.024167107350608143,914,37820,0.3756950486513059,0.2191369534743803,0.0,0.2854198866563627
1-10_GCN_class_weighting,1:10,GCN,class_weighting,42,test,False,0.49183776777829347,0.0054823540361851044,0.005593014611979889,0.08866798248207963,0.04670492559671402,0.13410686995851673,0.8235294117647058,0.008438818565400843,0.006557377049180328,0.011834319526627219,0.00117014628963556,0.010265966457733356,305,2,303,0.005693302789381485,169,29684,0.012761246465083018,0.0054823540361851044,0.0,0.008438818565400843
1-10_GCN_class_weighting_s43,1:10,GCN,class_weighting,43,val,False,0.859609326242636,0.22358028275843833,0.22448779507003883,0.584497773692251,0.3970939815044403,3.3291877512159155e-290,0.7647058823529411,0.29168340699075934,0.23047619047619047,0.3971553610503282,0.2800493144957937,0.03284018858722159,1575,363,1212,0.024167107350608143,914,37820,0.5498007722568092,0.22358028275843833,0.0,0.29168340699075934
1-10_GCN_class_weighting_s43,1:10,GCN,class_weighting,43,test,False,0.5245297998109477,0.005963803283449582,0.00606072039550874,0.08028512229765838,0.0050174780189991,0.2170378831555866,0.7647058823529411,0.0034602076124567475,0.0024449877750611247,0.005917159763313609,-0.005103040539728886,0.013823479586650856,409,1,408,0.005693302789381485,169,29684,0.016992924847330285,0.005963803283449582,0.0,0.0034602076124567475
1-10_GCN_class_weighting_s44,1:10,GCN,class_weighting,44,val,False,0.6563854163294507,0.042126002510503774,0.042331637446516954,0.24587155658689808,0.5161440372467041,5.655348410066185e-48,0.6372549019607843,0.0939940748720711,0.053593366093366096,0.38183807439824946,0.08739055966846458,0.16699181704871838,6512,349,6163,0.024167107350608143,914,37820,0.09397359769336941,0.042126002510503774,0.0,0.0939940748720711
1-10_GCN_class_weighting_s44,1:10,GCN,class_weighting,44,test,False,0.5604120660741154,0.006162223211002838,0.00624084044078168,0.15041694775598002,0.06910762190818787,0.0008775564124860129,0.6372549019607843,0.009551098376313277,0.004976362279173924,0.11834319526627218,-0.003770762385447294,0.13549042859562935,4019,20,3999,0.005693302789381485,169,29684,0.015170384977001704,0.006162223211002838,0.0,0.009551098376313277
1-10_GCN_focal_loss,1:10,GCN,focal_loss,42,val,False,0.7027145728677777,0.11465512373902029,0.11549437718640636,0.33249822335317325,0.45050081610679626,2.133932312498867e-88,0.5,0.20828493999225706,0.16117435590173756,0.29431072210065645,0.19169531256031322,0.03793421123936487,1669,269,1400,0.024167107350608143,914,37820,0.17917868145678795,0.11465512373902029,0.0,0.20828493999225706
1-10_GCN_focal_loss,1:10,GCN,focal_loss,42,test,False,0.5929114370689059,0.010726318103938927,0.01101362195914763,0.1696940779284829,0.11761677265167236,0.0001066146738641749,0.5,0.0452418096723869,0.02605570530098832,0.17159763313609466,0.05341602376826655,0.0367270879213959,1113,29,1084,0.005693302789381485,169,29684,0.06414283406556628,0.010726318103938927,0.0,0.0452418096723869
1-10_GCN_focal_loss_s43,1:10,GCN,focal_loss,43,val,False,0.8577201159584448,0.2086137679551871,0.20951715802420456,0.5768685385699858,0.35354864597320557,6.717217410772432e-282,0.5,0.29617706237424546,0.23424570337364736,0.4026258205689278,0.2847880891962155,0.032596325800682814,1571,368,1203,0.024167107350608143,914,37820,0.40636012156565404,0.20861376861919664,6.640095417953518e-10,0.29617706237424546
1-10_GCN_focal_loss_s43,1:10,GCN,focal_loss,43,test,False,0.5654918219298781,0.007014370500458021,0.007134733461185788,0.10649103304206964,0.2748856842517853,0.041048836855552384,0.5,0.007168458781362007,0.005141388174807198,0.011834319526627219,-0.0008452936773876632,0.013111976960867355,389,2,387,0.005693302789381485,169,29684,0.017428339941542526,0.007014370500458021,0.0,0.007168458781362007
1-10_GCN_focal_loss_s44,1:10,GCN,focal_loss,44,val,False,0.6935020824684297,0.11374210964384708,0.1145916266971587,0.26087667752754323,0.08187784254550934,4.7938069424770705e-54,0.5098039215686274,0.17775412453432676,0.17305699481865286,0.18271334792122537,0.15688469889275858,0.021622500406437976,965,167,798,0.024167107350608143,914,37820,0.18153729490807236,0.11374210964384708,0.0,0.17775412453432676
1-10_GCN_focal_loss_s44,1:10,GCN,focal_loss,44,test,False,0.5737870724644073,0.006010318272164816,0.006058210535878983,0.2689688424399589,2.4835342628648505e-05,3.1820201120349253e-11,0.5098039215686274,0.0,0.0,0.0,-0.013015672760716086,0.028900559037777402,853,0,853,0.005693302789381485,169,29684,0.0055653368967722525,0.006010318272164816,0.0,0.0
1-10_GraphSAGE_none,1:10,GraphSAGE,none,42,val,True,0.9087973040740678,0.4465684104472579,0.44697043556901517,0.6939600292706493,0.20450402796268463,0.0,0.4901960784313726,0.47941342357586014,0.4947613504074505,0.4649890590809628,0.46716604931066036,0.011759605484203111,859,425,434,0.024167107350608143,914,37820,0.5219783072885394,0.4465684104472579,0.0,0.47941342357586014
1-10_GraphSAGE_none,1:10,GraphSAGE,none,42,test,True,0.5485689254385745,0.006223075270684985,0.006333994476745966,0.12817111347454457,0.0006586406379938126,0.007259847362424713,0.4901960784313726,0.0,0.0,0.0,-0.005133663136973124,0.004607826528883618,136,0,136,0.005693302789381485,169,29684,0.016024390963775836,0.006223075270684985,0.0,0.0
1-10_GraphSAGE_none_s43,1:10,GraphSAGE,none,43,val,True,0.8895107103373749,0.32677613456917703,0.3274610506519672,0.6494333999642595,0.23783408105373383,0.0,0.45098039215686275,0.41700587969244685,0.3554356206630686,0.5043763676148797,0.4065059090771092,0.022652143282935026,1297,461,836,0.024167107350608143,914,37820,0.6922652311390414,0.32677613456917703,0.0,0.41700587969244685
1-10_GraphSAGE_none_s43,1:10,GraphSAGE,none,43,test,True,0.4793228195070804,0.005469686159682709,0.0055751449451929246,0.06052804360835484,0.00016123124805744737,0.047686276508194236,0.45098039215686275,0.004662004662004662,0.0038461538461538464,0.005917159763313609,-0.002307785342483061,0.008775199051329832,260,1,259,0.005693302789381485,169,29684,0.01630505113555996,0.005469686159682709,0.0,0.004662004662004662
1-10_GraphSAGE_none_s44,1:10,GraphSAGE,none,44,val,True,0.8934877548626999,0.3470666216674067,0.3476759035080876,0.6591497874842243,0.26851996779441833,0.0,0.5098039215686274,0.44465379180405085,0.3904052936311001,0.5164113785557987,0.43338204766643956,0.019969652631008507,1209,472,737,0.024167107350608143,914,37820,0.5754129254941207,0.3470666216674067,0.0,0.44465379180405085
1-10_GraphSAGE_none_s44,1:10,GraphSAGE,none,44,test,True,0.4750275409053865,0.004961174262782301,0.0050232411669421705,0.08524378838560676,0.0005521903512999415,0.009343900722229405,0.5098039215686274,0.0,0.0,0.0,-0.007568256293294077,0.009961036760968999,294,0,294,0.005693302789381485,169,29684,0.008737123507243042,0.004961174262782301,0.0,0.0
1-10_GraphSAGE_class_weighting,1:10,GraphSAGE,class_weighting,42,val,True,0.92721475494962,0.463600377828308,0.46465328586916416,0.7365719236321123,0.21146591007709503,0.0,0.8725490196078431,0.5079855744461618,0.4800389483933788,0.5393873085339168,0.4959584869529763,0.0144691920013006,1027,493,534,0.024167107350608143,914,37820,0.5767175383281093,0.463600377828308,0.0,0.5079855744461618
1-10_GraphSAGE_class_weighting,1:10,GraphSAGE,class_weighting,42,test,True,0.7010832923185182,0.010577185957727935,0.010808947023046555,0.3173642526566072,0.0052374182268977165,1.5190293367036022e-15,0.8725490196078431,0.016172506738544475,0.01485148514851485,0.01775147928994083,0.01007544363158295,0.006742334406234118,202,3,199,0.005693302789381485,169,29684,0.030487184963003094,0.010577185957727935,0.0,0.016172506738544475
1-10_GraphSAGE_class_weighting_s43,1:10,GraphSAGE,class_weighting,43,val,True,0.9217518105314808,0.44990653004203407,0.45034219243364065,0.7307234856879877,0.2566387355327606,0.0,0.8137254901960784,0.4857703631010795,0.4403914590747331,0.5415754923413567,0.474352523754216,0.01704329919254322,1124,495,629,0.024167107350608143,914,37820,0.43361795681283,0.44990653004203407,0.0,0.4857703631010795
1-10_GraphSAGE_class_weighting_s43,1:10,GraphSAGE,class_weighting,43,test,True,0.7031995565387973,0.010279518671361128,0.010426175761689136,0.3474059424202116,0.009415719658136368,1.272172817780587e-18,0.8137254901960784,0.0,0.0,0.0,-0.005464502078201757,0.005217685922412333,154,0,154,0.005693302789381485,169,29684,0.02870821811082626,0.010279518671361128,0.0,0.0
1-10_GraphSAGE_class_weighting_s44,1:10,GraphSAGE,class_weighting,44,val,True,0.9299004769465177,0.45074921662601436,0.4515752044888667,0.7387490793631368,0.1685190498828888,0.0,0.8333333333333333,0.5072391412880679,0.46648301193755737,0.5557986870897156,0.49594105042459086,0.015742697664336423,1089,508,581,0.024167107350608143,914,37820,0.6704290994437856,0.4507492166260144,5.551115123125783e-17,0.5072391412880679
1-10_GraphSAGE_class_weighting_s44,1:10,GraphSAGE,class_weighting,44,test,True,0.7344904356124206,0.011413090165629088,0.011625712561042317,0.38288143527461216,0.0014599247369915247,1.164763422614727e-22,0.8333333333333333,0.013245033112582781,0.015037593984962405,0.011834319526627219,0.008331894654270434,0.004438421141792309,133,2,131,0.005693302789381485,169,29684,0.028366752249837455,0.011413090165629088,0.0,0.013245033112582781
1-10_GraphSAGE_focal_loss,1:10,GraphSAGE,focal_loss,42,val,True,0.9223162286682317,0.5078680395132924,0.5081855460324134,0.7249629166107852,0.4016546905040741,0.0,0.5686274509803921,0.5179240235420011,0.506806282722513,0.5295404814004376,0.5058445495951547,0.012762152495529182,955,484,471,0.024167107350608143,914,37820,0.4336564102906786,0.5078680395132924,0.0,0.5179240235420011
1-10_GraphSAGE_focal_loss,1:10,GraphSAGE,focal_loss,42,test,True,0.6569370503615151,0.00896423053194648,0.009233190679307524,0.2794142382721853,0.11140639334917068,4.315850737232038e-12,0.5686274509803921,0.015810276679841896,0.023809523809523808,0.011834319526627219,0.01282682220145621,0.002778248348297476,84,2,82,0.005693302789381485,169,29684,0.022980745495313516,0.00896423053194648,0.0,0.015810276679841896
1-10_GraphSAGE_focal_loss_s43,1:10,GraphSAGE,focal_loss,43,val,True,0.8857387821043017,0.3422079177672495,0.3428073025416326,0.6197347901778023,0.42812880873680115,0.0,0.5392156862745098,0.44158321411540297,0.39137785291631444,0.5065645514223195,0.4296825723502521,0.019509022923101936,1183,463,720,0.024167107350608143,914,37820,0.7111984336105948,0.3422079177672495,0.0,0.44158321411540297
1-10_GraphSAGE_focal_loss_s43,1:10,GraphSAGE,focal_loss,43,test,True,0.6588096314480553,0.009956829074953133,0.01014265308739816,0.24387960389211383,0.27819180488586426,2.776014316362357e-09,0.5392156862745098,0.009876543209876543,0.00847457627118644,0.011834319526627219,0.003309249189087124,0.007928172115873286,236,2,234,0.005693302789381485,169,29684,0.030965762636308267,0.009956829074953133,0.0,0.009876543209876543
1-10_GraphSAGE_focal_loss_s44,1:10,GraphSAGE,focal_loss,44,val,True,0.9154640134300628,0.4283103903750433,0.4287925597851231,0.7132671672464708,0.36163753271102905,0.0,0.5294117647058824,0.471707561342013,0.43490304709141275,0.5153172866520788,0.45922447652397674,0.016582669484636645,1083,471,612,0.024167107350608143,914,37820,0.4656024874839736,0.4283103903750433,0.0,0.471707561342013
1-10_GraphSAGE_focal_loss_s44,1:10,GraphSAGE,focal_loss,44,test,True,0.6837145288675801,0.010038376815931198,0.010392912076721375,0.3042185950980697,0.20372547209262848,2.7031553844093116e-14,0.5294117647058824,0.019867549668874173,0.022556390977443608,0.01775147928994083,0.0150360761868221,0.004404540064374047,133,3,130,0.005693302789381485,169,29684,0.0242436159584933,0.010038376815931198,0.0,0.019867549668874173
1-10_GAT_none,1:10,GAT,none,42,val,True,0.9122664048862205,0.4186603649840445,0.419234896943523,0.6892660411968617,0.17749671638011932,0.0,0.5,0.4607438016528926,0.436399217221135,0.487964989059081,0.4473578839040743,0.015607218338481547,1022,446,576,0.024167107350608143,914,37820,0.513492229629136,0.4186603649840445,0.0,0.4607438016528926
1-10_GAT_none,1:10,GAT,none,42,test,True,0.6060605027831601,0.006957038179584723,0.007066368602799901,0.21633629274854727,0.007977806963026524,2.2107367800972974e-07,0.5,0.004347826086956522,0.003436426116838488,0.005917159763313609,-0.0029846268499679023,0.009825512451295952,291,1,290,0.005693302789381485,169,29684,0.014545372233257556,0.006957038179584723,0.0,0.004347826086956522
1-10_GAT_none_s43,1:10,GAT,none,43,val,True,0.8890090662646281,0.37445854005795776,0.374921994068995,0.6297670194346723,0.11605876684188843,0.0,0.5196078431372548,0.430828147438966,0.3829787234042553,0.4923413566739606,0.418386827309151,0.019644502248956808,1175,450,725,0.024167107350608143,914,37820,0.42637782136639624,0.37445854005795776,0.0,0.430828147438966
1-10_GAT_none_s43,1:10,GAT,none,43,test,True,0.449750954033001,0.004863105822113949,0.005135448190984436,0.10799322779411125,1.6870120589373983e-07,0.0002561219950479105,0.5196078431372548,0.0030075187969924814,0.0020161290322580645,0.005917159763313609,-0.006371042443182266,0.016771133322039642,496,1,495,0.005693302789381485,169,29684,0.004210531589195483,0.004863105822113949,0.0,0.0030075187969924814
1-10_GAT_none_s44,1:10,GAT,none,44,val,True,0.9216116768830528,0.41954915464623715,0.4205477101051408,0.7246137534817001,0.1883920133113861,0.0,0.5,0.4845775592311131,0.40967498110355255,0.5929978118161926,0.4779522703560327,0.021161870698531406,1323,542,781,0.024167107350608143,914,37820,0.5993984040596817,0.41954915464623715,0.0,0.4845775592311131
1-10_GAT_none_s44,1:10,GAT,none,44,test,True,0.6139187074669685,0.007365904010660956,0.007612495766266582,0.20632072549611213,0.010166729800403118,9.487154981819263e-07,0.5,0.004219409282700422,0.003278688524590164,0.005917159763313609,-0.003269917939118366,0.010299847535151618,305,1,304,0.005693302789381485,169,29684,0.015812356633856762,0.007365904010660956,0.0,0.004219409282700422
1-10_GAT_class_weighting,1:10,GAT,class_weighting,42,val,False,0.9171846008684195,0.3647446727486316,0.3654568787846371,0.7103332838848616,0.6156271696090698,0.0,0.892156862745098,0.45132743362831856,0.40982142857142856,0.5021881838074398,0.4387065505278128,0.017910366878014415,1120,459,661,0.024167107350608143,914,37820,0.5868287750429876,0.3647446727486316,0.0,0.45132743362831856
1-10_GAT_class_weighting,1:10,GAT,class_weighting,42,test,False,0.6573686832590389,0.008123027227976162,0.008211249991915194,0.29120485321374046,0.056393254548311234,4.1022003133072373e-13,0.892156862745098,0.0,0.0,0.0,-0.006730539791552464,0.007894291038455023,233,0,233,0.005693302789381485,169,29684,0.015250448226043685,0.008123027227976162,0.0,0.0
1-10_GAT_class_weighting_s43,1:10,GAT,class_weighting,43,val,False,0.8968247855661691,0.3207641473439956,0.3217846369354945,0.6394445122335163,0.5985109806060791,0.0,0.8823529411764706,0.394750656167979,0.3794147325933401,0.4113785557986871,0.37946610121771374,0.016663957080149568,991,376,615,0.024167107350608143,914,37820,0.5651831954876524,0.3207641473439956,0.0,0.394750656167979
1-10_GAT_class_weighting_s43,1:10,GAT,class_weighting,43,test,False,0.600584598945276,0.008962438368722354,0.00920649025764208,0.19454634941414806,0.004883607383817434,4.799411924214928e-06,0.8823529411764706,0.04059539918809202,0.02631578947368421,0.08875739644970414,0.038351751058580755,0.018803997967135354,570,15,555,0.005693302789381485,169,29684,0.03803971037636816,0.008962438368722354,0.0,0.04059539918809202
1-10_GAT_class_weighting_s44,1:10,GAT,class_weighting,44,val,False,0.8870176535787117,0.2829401051417545,0.28385512069085006,0.6289065330206103,0.5990042686462402,0.0,0.8725490196078431,0.363956043956044,0.3041880969875092,0.45295404814004375,0.3523037049207241,0.02565978431691324,1361,414,947,0.024167107350608143,914,37820,0.3985197686915076,0.2829401051417545,0.0,0.363956043956044
1-10_GAT_class_weighting_s44,1:10,GAT,class_weighting,44,test,False,0.5699877807593572,0.008147613161338678,0.008376427780613888,0.14275200554927947,0.010772212408483028,0.0018888123037863853,0.8725490196078431,0.029372496662216287,0.01896551724137931,0.0650887573964497,0.0249022577031029,0.019278333050991022,580,11,569,0.005693302789381485,169,29684,0.03377409308888788,0.008147613161338678,0.0,0.029372496662216287
1-10_GAT_focal_loss,1:10,GAT,focal_loss,42,val,False,0.884299988699186,0.27847835942195825,0.2791411612065876,0.6224612152631899,0.4753974676132202,0.0,0.6372549019607843,0.3714902807775378,0.30692362598144185,0.47045951859956237,0.36113337207424334,0.026310085081016638,1401,430,971,0.024167107350608143,914,37820,0.3893503447974668,0.27847835942195825,0.0,0.3714902807775378
1-10_GAT_focal_loss,1:10,GAT,focal_loss,42,test,False,0.48227047324246924,0.005312628699037529,0.005411331603382748,0.11542962308804972,0.011977502144873142,0.015050730204348753,0.6372549019607843,0.012165450121654502,0.007656967840735069,0.029585798816568046,0.003914269108303257,0.02195493816703371,653,5,648,0.005693302789381485,169,29684,0.017580568614970246,0.005312628699037529,0.0,0.012165450121654502
1-10_GAT_focal_loss_s43,1:10,GAT,focal_loss,43,val,False,0.8681671283636079,0.32844195574377144,0.3294246028785568,0.563445650141272,0.34285983443260193,1.1194552598952291e-267,0.6666666666666666,0.41520136131593877,0.43109540636042404,0.40043763676148797,0.4015513379429362,0.013087302877580882,849,366,483,0.024167107350608143,914,37820,0.5031837639753416,0.32844195574377144,0.0,0.41520136131593877
1-10_GAT_focal_loss_s43,1:10,GAT,focal_loss,43,test,False,0.4456211714633117,0.0045780053655950885,0.004620590724159313,0.09220685099442971,0.00017224853218067437,3.0710552493660062e-06,0.6666666666666666,0.0,0.0,0.0,-0.010886996144096706,0.020396408605793663,602,0,602,0.005693302789381485,169,29684,0.002652184277232025,0.0045780053655950885,0.0,0.0
1-10_GAT_focal_loss_s44,1:10,GAT,focal_loss,44,val,False,0.89612487328088,0.30555326025623925,0.306338959629872,0.6370687918362826,0.48634475469589233,0.0,0.588235294117647,0.3945398502862175,0.3301400147383935,0.49015317286652077,0.3843674798950052,0.02463014144041619,1357,448,909,0.024167107350608143,914,37820,0.4487180191785237,0.30555326025623925,0.0,0.3945398502862175
1-10_GAT_focal_loss_s44,1:10,GAT,focal_loss,44,test,False,0.5183895060880688,0.005402780255578813,0.005470317922513538,0.1327199989575053,0.12971645593643188,0.004845285676032371,0.588235294117647,0.003683241252302026,0.00267379679144385,0.005917159763313609,-0.00453337312138133,0.012637641877011689,374,1,373,0.005693302789381485,169,29684,0.007928564130389178,0.005402780255578813,0.0,0.003683241252302026
1-10_TAGCN_none,1:10,TAGCN,none,42,val,True,0.9030422638577562,0.38089670952300375,0.3816289081454065,0.6593088645219786,0.10547473281621933,0.0,0.4803921568627451,0.4353448275862069,0.4288747346072187,0.4420131291028446,0.4211948949016422,0.014577575461984502,942,404,538,0.024167107350608143,914,37820,0.5530580179256994,0.3808967095230038,5.551115123125783e-17,0.4353448275862069
1-10_TAGCN_none,1:10,TAGCN,none,42,test,True,0.668439676145015,0.009086947895384077,0.009211364466421009,0.2927994691296272,0.011282396502792835,2.960007066242798e-13,0.4803921568627451,0.0078125,0.0058309037900874635,0.011834319526627219,0.00019773742461360995,0.011553447399627308,343,2,341,0.005693302789381485,169,29684,0.02300878936747511,0.009086947895384077,0.0,0.0078125
1-10_TAGCN_none_s43,1:10,TAGCN,none,43,val,True,0.8708407550508886,0.2796374691095459,0.28068183895188215,0.5829970659387662,0.2222435623407364,1.4752058514927404e-288,0.4803921568627451,0.4208566108007449,0.36628849270664504,0.49452954048140046,0.409147851265643,0.02118896656370238,1234,452,782,0.024167107350608143,914,37820,0.5125982826288129,0.2796374691095459,0.0,0.4208566108007449
1-10_TAGCN_none_s43,1:10,TAGCN,none,43,test,True,0.5156684947078358,0.005877583352944404,0.006008331073011946,0.09257633517006192,0.0015063866740092635,0.10538232195799468,0.4803921568627451,0.007590132827324478,0.00558659217877095,0.011834319526627219,-0.00015670410741502988,0.012061663560901237,358,2,356,0.005693302789381485,169,29684,0.013684688535033334,0.005877583352944404,0.0,0.007590132827324478
1-10_TAGCN_none_s44,1:10,TAGCN,none,44,val,True,0.8831313979889296,0.30004040651920383,0.30117295586951665,0.6221867584582086,0.1297016441822052,0.0,0.4607843137254902,0.4023926046764546,0.4,0.4048140043763676,0.3875090356909491,0.015038205169891074,925,370,555,0.024167107350608143,914,37820,0.6007100382208412,0.30004040651920383,0.0,0.4023926046764546
1-10_TAGCN_none_s44,1:10,TAGCN,none,44,test,True,0.6405248760283357,0.00916991423067958,0.00934485701317847,0.23054128529571272,0.009629035368561745,2.4762249173410068e-08,0.4607843137254902,0.008888888888888889,0.0071174377224199285,0.011834319526627219,0.0018504022776627124,0.00945282059969507,281,2,279,0.005693302789381485,169,29684,0.03177772024928632,0.00916991423067958,0.0,0.008888888888888889
1-10_TAGCN_class_weighting,1:10,TAGCN,class_weighting,42,val,True,0.9107415213361855,0.3734332326075358,0.3738774423959347,0.6896035833421973,0.042198020964860916,0.0,0.8529411764705882,0.47389969293756395,0.44519230769230766,0.5065645514223195,0.4610190126976607,0.015634314203652522,1040,463,577,0.024167107350608143,914,37820,0.5422717716883875,0.3734332326075358,0.0,0.47389969293756395
1-10_TAGCN_class_weighting,1:10,TAGCN,class_weighting,42,test,True,0.694600579185992,0.00934761490315207,0.009486891060582744,0.3334633778632267,0.0006607663235627115,3.723909495432969e-17,0.8529411764705882,0.004878048780487805,0.004149377593360996,0.005917159763313609,-0.0018565276569405536,0.008131458580382856,241,1,240,0.005693302789381485,169,29684,0.020822460452395393,0.00934761490315207,0.0,0.004878048780487805
1-10_TAGCN_class_weighting_s43,1:10,TAGCN,class_weighting,43,val,True,0.9151551679997003,0.3697238887697389,0.3709511992930738,0.6874219808061667,0.030764130875468254,0.0,0.8431372549019608,0.47040971168437024,0.4374412041392286,0.5087527352297593,0.45765132750736737,0.016203327372242997,1063,465,598,0.024167107350608143,914,37820,0.5748944104568543,0.3697238887697389,0.0,0.47040971168437024
1-10_TAGCN_class_weighting_s43,1:10,TAGCN,class_weighting,43,test,True,0.6314479549562102,0.007255313196666935,0.007398477301686469,0.2934430091208261,5.627454811474308e-06,2.593343800735172e-13,0.8431372549019608,0.005494505494505495,0.005128205128205128,0.005917159763313609,-0.0006107570230954175,0.006572929019142809,195,1,194,0.005693302789381485,169,29684,0.01109224898012798,0.007255313196666935,0.0,0.005494505494505495
1-10_TAGCN_class_weighting_s44,1:10,TAGCN,class_weighting,44,val,False,0.7946139200886609,0.1376657740454943,0.13830835851981113,0.4830193711126772,0.5033934712409973,4.641698416157546e-192,0.5294117647058824,0.2539002753135515,0.1762208067940552,0.4540481400437637,0.25514813752203175,0.05256597843169132,2355,415,1940,0.024167107350608143,914,37820,0.31005989068177686,0.1376657740454943,0.0,0.2539002753135515
1-10_TAGCN_class_weighting_s44,1:10,TAGCN,class_weighting,44,test,False,0.6274472813442569,0.006945296011771226,0.007023801562556926,0.33925784402074155,0.3287447690963745,9.325750691323168e-18,0.5294117647058824,0.008073817762399077,0.0044728434504792336,0.04142011834319527,-0.0038268216900961952,0.052786718617652044,1565,7,1558,0.005693302789381485,169,29684,0.011572596799743458,0.006945296011771226,0.0,0.008073817762399077
1-10_TAGCN_focal_loss,1:10,TAGCN,focal_loss,42,val,True,0.8613364653070352,0.38911596428128636,0.3895560884713797,0.6251911385018488,0.4530828595161438,0.0,0.5392156862745098,0.4885245901639344,0.48799126637554585,0.4890590809628009,0.47584369562324613,0.012707960765187232,916,447,469,0.024167107350608143,914,37820,0.5079553855407913,0.38911596428128636,0.0,0.4885245901639344
1-10_TAGCN_focal_loss,1:10,TAGCN,focal_loss,42,test,True,0.3591315016835287,0.004002131142679729,0.004043037550673379,0.05754650879554779,0.21905404329299927,6.565325526386943e-13,0.5392156862745098,0.0,0.0,0.0,-0.006478485685512745,0.007318312722344571,216,0,216,0.005693302789381485,169,29684,0.004248675225013857,0.004002131142679729,0.0,0.0
1-10_TAGCN_focal_loss_s43,1:10,TAGCN,focal_loss,43,val,True,0.8790531145362973,0.403193288758442,0.4034488975004572,0.6650288194467914,0.4509809911251068,0.0,0.5294117647058824,0.4742268041237113,0.4300979519145147,0.5284463894967177,0.46240932918472527,0.017341353709423944,1123,483,640,0.024167107350608143,914,37820,0.42695308321887815,0.403193288758442,0.0,0.4742268041237113
1-10_TAGCN_focal_loss_s43,1:10,TAGCN,focal_loss,43,test,True,0.3968422434886684,0.004210440011652663,0.004252284088611937,0.052477578846178874,0.32350343465805054,1.302549448071741e-11,0.5294117647058824,0.0,0.0,0.0,-0.006888869676649155,0.008266982890055903,244,0,244,0.005693302789381485,169,29684,0.0017944940568095482,0.004210440011652663,0.0,0.0
1-10_TAGCN_focal_loss_s44,1:10,TAGCN,focal_loss,44,val,True,0.8967287049326689,0.43061213690748323,0.4311040408389127,0.6832358771548179,0.45706719160079956,0.0,0.5588235294117647,0.49073064340239914,0.4891304347826087,0.4923413566739606,0.4780786716611813,0.012735056630358208,920,450,470,0.024167107350608143,914,37820,0.6042250027170989,0.43061213690748323,0.0,0.49073064340239914
1-10_TAGCN_focal_loss_s44,1:10,TAGCN,focal_loss,44,test,True,0.4765620128968622,0.004877100157412869,0.004930619017950726,0.10052856485569961,0.2847524881362915,1.4761587096494377e-05,0.5588235294117647,0.0,0.0,0.0,-0.00582725115572444,0.005929188548195833,175,0,175,0.005693302789381485,169,29684,0.004326474343249877,0.004877100157412869,0.0,0.0
1-10_os_GCN_none,1:10_os,GCN,none,42,val,False,0.7163833251452831,0.08761406334698851,0.08822792964362339,0.35291261577553285,0.47020623087882996,7.217856625940499e-100,0.5392156862745098,0.1653922401585953,0.11157814291173099,0.31947483588621445,0.15519517923099527,0.06299788652251666,2617,292,2325,0.024167107350608143,914,37820,0.2068375117805798,0.08761406334698851,0.0,0.1653922401585953
1-10_os_GCN_none,1:10_os,GCN,none,42,test,False,0.6852582229274654,0.02659638568068425,0.02739974699397474,0.3437361606323933,0.5000104904174805,3.1407516170740154e-18,0.5392156862745098,0.05825242718446602,0.03159478435305918,0.3727810650887574,0.09238115385809637,0.06542436049466373,1994,63,1931,0.005693302789381485,169,29684,0.12982569628989094,0.02659638568068425,0.0,0.05825242718446602
1-10_os_GCN_none_s43,1:10_os,GCN,none,43,val,False,0.7687292608425853,0.12202328603142377,0.12271345827492731,0.37287894812547007,0.283444881439209,7.772474222219122e-112,0.5196078431372548,0.22496570644718794,0.19324430479183033,0.26914660831509846,0.2054817773959946,0.027827453530591233,1273,246,1027,0.024167107350608143,914,37820,0.2814354553805762,0.12202328603142376,1.3877787807814457e-17,0.22496570644718794
1-10_os_GCN_none_s43,1:10_os,GCN,none,43,test,False,0.5629492375253984,0.006385741340261006,0.006486682675236899,0.20089093200027663,0.02647785097360611,2.028234895309334e-06,0.5196078431372548,0.00788436268068331,0.005067567567567568,0.01775147928994083,-0.0011863759721405173,0.01995595459935626,592,3,589,0.005693302789381485,169,29684,0.021201397458164975,0.006385741340261006,0.0,0.00788436268068331
1-10_os_GCN_none_s44,1:10_os,GCN,none,44,val,False,0.7897915527543451,0.1610077666484935,0.16184367486886048,0.4277467114098257,0.2584223747253418,1.0934134292610563e-148,0.5196078431372548,0.2565573770491803,0.20511140235910877,0.3424507658643326,0.24160431259233092,0.032867284452392564,1526,313,1213,0.024167107350608143,914,37820,0.31187608881935847,0.1610077666484935,0.0,0.2565573770491803
1-10_os_GCN_none_s44,1:10_os,GCN,none,44,test,False,0.5214113373302313,0.005317848141632324,0.005372828747767748,0.20046350917746159,0.000450734980404377,2.1513336519365942e-06,0.5196078431372548,0.0038240917782026767,0.002280501710376283,0.011834319526627219,-0.007914426179107453,0.02964594274097916,877,2,875,0.005693302789381485,169,29684,0.00452018386756775,0.005317848141632324,0.0,0.0038240917782026767
1-10_os_GCN_class_weighting,1:10_os,GCN,class_weighting,42,val,False,0.8538864067811522,0.22585836386473587,0.22674970198386218,0.5807674379086688,0.3939483165740967,4.0122851329214707e-286,0.8431372549019608,0.2863905325443787,0.3118556701030928,0.2647702407002188,0.2711405404514979,0.0144691920013006,776,242,534,0.024167107350608143,914,37820,0.528954854687731,0.22585836386473587,0.0,0.2863905325443787
1-10_os_GCN_class_weighting,1:10_os,GCN,class_weighting,42,test,False,0.487620275318838,0.005516016870711346,0.005621325207820715,0.07679757660080566,0.02558460831642151,0.12426020514938885,0.8431372549019608,0.005154639175257732,0.0045662100456621,0.005917159763313609,-0.0012914754807761188,0.0073860748771810945,219,1,218,0.005693302789381485,169,29684,0.01740433184517361,0.005516016870711346,0.0,0.005154639175257732
1-10_os_GCN_class_weighting_s43,1:10_os,GCN,class_weighting,43,val,False,0.8617299779047154,0.21733899094083445,0.21824679697202712,0.5824415710573945,0.33025145530700684,5.9800814865275185e-288,0.7450980392156862,0.28913738019169327,0.22767295597484277,0.39606126914660833,0.2776139133650084,0.03327372242995719,1590,362,1228,0.024167107350608143,914,37820,0.4980080711249524,0.21733899094083445,0.0,0.28913738019169327
1-10_os_GCN_class_weighting_s43,1:10_os,GCN,class_weighting,43,test,False,0.6831255193678473,0.010174959555715261,0.01031843658417641,0.360561623966151,0.10981151461601257,4.5598021740680625e-20,0.7450980392156862,0.006644518272425249,0.004618937644341801,0.011834319526627219,-0.0017373334297864798,0.01460274436727088,433,2,431,0.005693302789381485,169,29684,0.03393164005290239,0.010174959555715261,0.0,0.006644518272425249
1-10_os_GCN_class_weighting_s44,1:10_os,GCN,class_weighting,44,val,False,0.6564844022088882,0.04218821775704103,0.0424208043369941,0.24263244452966498,0.5275218486785889,1.0309204493969431e-46,0.6274509803921569,0.09237995824634655,0.052444444444444446,0.387308533916849,0.0858261649181938,0.17330515363355553,6750,354,6396,0.024167107350608143,914,37820,0.09340421242105515,0.04218821775704103,0.0,0.09237995824634655
1-10_os_GCN_class_weighting_s44,1:10_os,GCN,class_weighting,44,test,False,0.5589579864616027,0.006179515415313697,0.006261878095643963,0.1523744320158139,0.08619359135627747,0.0007168467645119244,0.6274509803921569,0.010168708111855789,0.005291005291005291,0.1301775147928994,-0.002158022005330593,0.1401321362019312,4158,22,4136,0.005693302789381485,169,29684,0.017223506627120307,0.006179515415313697,0.0,0.010168708111855789
1-10_os_GCN_focal_loss,1:10_os,GCN,focal_loss,42,val,False,0.7065556340960137,0.1162660536321105,0.11706369712095553,0.3450509609782781,0.4591027796268463,2.325696514396945e-95,0.5,0.2067058416868303,0.1510864072764022,0.32713347921225383,0.19420501640584756,0.045521053487237846,1979,299,1680,0.024167107350608143,914,37820,0.23023624710458213,0.1162660536321105,0.0,0.2067058416868303
1-10_os_GCN_focal_loss,1:10_os,GCN,focal_loss,42,test,False,0.6087639721854397,0.011727486028963521,0.01203691260958072,0.19610928952984485,0.11608550697565079,3.892133064019519e-06,0.5,0.04143126177024482,0.023174157303370788,0.1952662721893491,0.05215419555716076,0.047128578688802304,1424,33,1391,0.005693302789381485,169,29684,0.05859193500424075,0.011727486028963521,0.0,0.04143126177024482
1-10_os_GCN_focal_loss_s43,1:10_os,GCN,focal_loss,43,val,False,0.7102689979071556,0.09498898220162164,0.0957131914882976,0.2886839129180397,0.1382131278514862,2.5754097112259676e-66,0.5588235294117647,0.16735966735966737,0.1594059405940594,0.1761487964989059,0.1458744163392986,0.0230043895301577,1010,161,849,0.024167107350608143,914,37820,0.2004337539915988,0.09498898220162164,0.0,0.16735966735966737
1-10_os_GCN_focal_loss_s43,1:10_os,GCN,focal_loss,43,test,False,0.5758638421743231,0.007579576634956351,0.007732854689106191,0.14515214909277896,0.014398067258298397,0.0014922392864594692,0.5588235294117647,0.011188811188811189,0.007326007326007326,0.023668639053254437,0.002970514852514792,0.01836354396069795,546,4,542,0.005693302789381485,169,29684,0.02520334045326595,0.007579576634956351,0.0,0.011188811188811189
1-10_os_GCN_focal_loss_s44,1:10_os,GCN,focal_loss,44,val,False,0.6941203662364887,0.11187682401502011,0.11272589279724643,0.2617108388559687,0.07484596222639084,2.1474518694460685e-54,0.5098039215686274,0.17901234567901234,0.16893203883495145,0.19037199124726478,0.15773098866554022,0.023194060586354523,1030,174,856,0.024167107350608143,914,37820,0.2127267391522969,0.11187682401502011,0.0,0.17901234567901234
1-10_os_GCN_focal_loss_s44,1:10_os,GCN,focal_loss,44,test,False,0.5751950417348716,0.0060296353241402305,0.006077930748708157,0.2725941177237129,2.873787707358133e-05,1.605376152547428e-11,0.5098039215686274,0.0,0.0,0.0,-0.01362372550746252,0.03157716415382009,932,0,932,0.005693302789381485,169,29684,0.005440134345885394,0.0060296353241402305,0.0,0.0
1-10_os_GraphSAGE_none,1:10_os,GraphSAGE,none,42,val,True,0.8934524768763175,0.3769765225057745,0.3775409813796219,0.6700570293848432,0.2588334381580353,0.0,0.5,0.4492951341518872,0.38443579766536967,0.5404814004376368,0.43997040745444,0.021432829350241153,1285,494,791,0.024167107350608143,914,37820,0.5935695610120988,0.3769765225057745,0.0,0.4492951341518872
1-10_os_GraphSAGE_none,1:10_os,GraphSAGE,none,42,test,True,0.45545690838175756,0.004746399624067641,0.004800264998234214,0.07317991954747716,0.0004834829887840897,0.0030641854576570573,0.5,0.0,0.0,0.0,-0.007861796499327499,0.010740301541589023,317,0,317,0.005693302789381485,169,29684,0.008115058655005601,0.004746399624067641,0.0,0.0
1-10_os_GraphSAGE_none_s43,1:10_os,GraphSAGE,none,43,val,True,0.8840542730772283,0.3063788618276781,0.307248957723924,0.6327187493070395,0.2719680368900299,0.0,0.5098039215686274,0.40916030534351144,0.3824928639391056,0.43982494529540483,0.3944921932239416,0.017585216495962716,1051,402,649,0.024167107350608143,914,37820,0.5595962163726224,0.3063788618276781,0.0,0.40916030534351144
1-10_os_GraphSAGE_none_s43,1:10_os,GraphSAGE,none,43,test,True,0.4451771088214097,0.004855483893876081,0.004933627021316523,0.02605675381187178,2.719539224926848e-05,0.0013921202962073392,0.5098039215686274,0.0,0.0,0.0,-0.005926907595217509,0.006132475012705404,181,0,181,0.005693302789381485,169,29684,0.01235983343260052,0.004855483893876081,0.0,0.0
1-10_os_GraphSAGE_none_s44,1:10_os,GraphSAGE,none,44,val,True,0.8955215307776418,0.3589698041241973,0.3595767885809764,0.6609901718494475,0.23385104537010193,0.0,0.4803921568627451,0.44374719856566563,0.37585421412300685,0.5415754923413567,0.4349957292516711,0.022272801170541374,1317,495,822,0.024167107350608143,914,37820,0.4290806004814042,0.3589698041241973,0.0,0.44374719856566563
1-10_os_GraphSAGE_none_s44,1:10_os,GraphSAGE,none,44,test,True,0.476463577340576,0.00503542759000096,0.005100848186631807,0.07359090303095306,0.0004762597964145243,0.010534093583617236,0.4803921568627451,0.0,0.0,0.0,-0.008395979302316793,0.012231068947992547,361,0,361,0.005693302789381485,169,29684,0.008515280304838373,0.00503542759000096,0.0,0.0
1-10_os_GraphSAGE_class_weighting,1:10_os,GraphSAGE,class_weighting,42,val,True,0.912319025412127,0.4214796681751454,0.4219153062757452,0.6936336930739293,0.10088779777288437,0.0,0.7745098039215685,0.44601412714429867,0.41385767790262173,0.48358862144420134,0.432578542019668,0.016962011597030292,1068,442,626,0.024167107350608143,914,37820,0.4570972941747171,0.4214796681751454,0.0,0.44601412714429867
1-10_os_GraphSAGE_class_weighting,1:10_os,GraphSAGE,class_weighting,42,test,True,0.7078158032170985,0.011013783619842607,0.01120561031456849,0.3449586861359233,0.0012208276893943548,2.3270277709469618e-18,0.7745098039215685,0.010471204188481676,0.009389671361502348,0.011834319526627219,0.004176623342842253,0.007148907335253261,213,2,211,0.005693302789381485,169,29684,0.03480463266848843,0.011013783619842607,0.0,0.010471204188481676
1-10_os_GraphSAGE_class_weighting_s43,1:10_os,GraphSAGE,class_weighting,43,val,True,0.9182017037547991,0.4419286934434834,0.44231574377588256,0.7172934230805307,0.19568543136119843,0.0,0.7745098039215685,0.47105004906771347,0.42704626334519574,0.5251641137855579,0.4591435931664742,0.01744973717010784,1124,480,644,0.024167107350608143,914,37820,0.417300312359455,0.4419286934434835,1.1102230246251565e-16,0.47105004906771347
1-10_os_GraphSAGE_class_weighting_s43,1:10_os,GraphSAGE,class_weighting,43,test,True,0.7021997640353366,0.010440987364676167,0.010630706806055254,0.33999701285175427,0.013450819998979568,7.800945349783008e-18,0.7745098039215685,0.0056022408963585435,0.005319148936170213,0.005917159763313609,-0.000397013487751773,0.0063357614772149755,188,1,187,0.005693302789381485,169,29684,0.029978132312750094,0.010440987364676167,0.0,0.0056022408963585435
1-10_os_GraphSAGE_class_weighting_s44,1:10_os,GraphSAGE,class_weighting,44,val,True,0.9229320074028039,0.4515068957483294,0.4519288750078052,0.7199656564355763,0.12764866650104523,0.0,0.8235294117647058,0.4807585052983826,0.49032992036405004,0.47155361050328226,0.46824988288294633,0.012138947596596759,879,431,448,0.024167107350608143,914,37820,0.525581505879071,0.4515068957483294,0.0,0.4807585052983826
1-10_os_GraphSAGE_class_weighting_s44,1:10_os,GraphSAGE,class_weighting,44,test,True,0.7347045479833242,0.011803226074823942,0.012128069299265179,0.3735916047100712,0.001834184629842639,1.4689364075058098e-21,0.8235294117647058,0.023076923076923078,0.03296703296703297,0.01775147928994083,0.02010149765488611,0.0029815348128070475,91,3,88,0.005693302789381485,169,29684,0.03186825026038221,0.011803226074823942,0.0,0.023076923076923078
1-10_os_GraphSAGE_focal_loss,1:10_os,GraphSAGE,focal_loss,42,val,True,0.9135737655580367,0.46080276346334315,0.4611473142626782,0.697431561002872,0.33612680435180664,0.0,0.5490196078431372,0.48642779587404994,0.4827586206896552,0.49015317286652077,0.47362415070208613,0.013006015282067957,928,448,480,0.024167107350608143,914,37820,0.4668018984522755,0.46080276346334315,0.0,0.48642779587404994
1-10_os_GraphSAGE_focal_loss,1:10_os,GraphSAGE,focal_loss,42,test,True,0.664862916960286,0.009659837460464879,0.009843875379706171,0.26815910473763716,0.12778465449810028,3.702447543706448e-11,0.5490196078431372,0.006734006734006734,0.0078125,0.005917159763313609,0.0018535794518323527,0.004302896832119261,128,1,127,0.005693302789381485,169,29684,0.025139620631965898,0.009659837460464879,0.0,0.006734006734006734
1-10_os_GraphSAGE_focal_loss_s43,1:10_os,GraphSAGE,focal_loss,43,val,True,0.9041107421646406,0.42296203187891723,0.4234140270080684,0.6778366258070506,0.3420758545398712,0.0,0.5686274509803921,0.4581218274111675,0.5453172205438066,0.3949671772428884,0.452965999120424,0.008155855416463447,662,361,301,0.024167107350608143,914,37820,0.4972571108649917,0.42296203187891723,0.0,0.4581218274111675
1-10_os_GraphSAGE_focal_loss_s43,1:10_os,GraphSAGE,focal_loss,43,test,True,0.6744865463053087,0.010260054927618821,0.010494471195634111,0.30798039709023695,0.14506514370441437,1.2022109174444022e-14,0.5686274509803921,0.008298755186721992,0.013888888888888888,0.005917159763313609,0.005371184515235896,0.002405556496696595,72,1,71,0.005693302789381485,169,29684,0.02559403251395908,0.010260054927618821,0.0,0.008298755186721992
1-10_os_GraphSAGE_focal_loss_s44,1:10_os,GraphSAGE,focal_loss,44,val,True,0.9148498207226093,0.4426801609197793,0.443121240473191,0.7079043204090207,0.34306812286376953,0.0,0.5098039215686274,0.48282630029440626,0.4377224199288256,0.5382932166301969,0.47131073763666764,0.017124586788056142,1124,492,632,0.024167107350608143,914,37820,0.5889309126103177,0.4426801609197793,0.0,0.48282630029440626
1-10_os_GraphSAGE_focal_loss_s44,1:10_os,GraphSAGE,focal_loss,44,test,True,0.6880211345750381,0.01042619590864833,0.010776463337124235,0.33012539005840974,0.10752545297145844,8.169108539987842e-17,0.5098039215686274,0.018808777429467086,0.02,0.01775147928994083,0.013551318628670064,0.0049805183804844996,150,3,147,0.005693302789381485,169,29684,0.02719976662587727,0.01042619590864833,0.0,0.018808777429467086
1-10_os_GAT_none,1:10_os,GAT,none,42,val,True,0.913242463762393,0.4220077307171722,0.42254029689440503,0.6866998789638968,0.2102777510881424,0.0,0.5392156862745098,0.4591229020032485,0.45444801714898175,0.4638949671772429,0.4456112742043243,0.013791795372026228,933,424,509,0.024167107350608143,914,37820,0.5433686469141664,0.4220077307171722,0.0,0.4591229020032485
1-10_os_GAT_none,1:10_os,GAT,none,42,test,True,0.6176134489834173,0.007409378882993193,0.00750994795526444,0.21000273654856072,0.008628280833363533,5.599999277682813e-07,0.5392156862745098,0.0,0.0,0.0,-0.00697376518534162,0.008470269354565475,250,0,250,0.005693302789381485,169,29684,0.020035415876437215,0.007409378882993193,0.0,0.0
1-10_os_GAT_none_s43,1:10_os,GAT,none,43,val,True,0.8875174448160392,0.3773313862725486,0.37777200268104344,0.6238036167584546,0.13135500252246857,0.0,0.588235294117647,0.4291497975708502,0.45521472392638035,0.4059080962800875,0.41655637574076065,0.01203056413591286,815,371,444,0.024167107350608143,914,37820,0.4386521047733447,0.3773313862725486,0.0,0.4291497975708502
1-10_os_GAT_none_s43,1:10_os,GAT,none,43,test,True,0.4433100409279405,0.004650313459485481,0.004776370677171371,0.10050550968467542,8.244185067951548e-08,8.246997976022763e-05,0.588235294117647,0.0042643923240938165,0.0033333333333333335,0.005917159763313609,-0.0031693428956729567,0.010130442148060309,300,1,299,0.005693302789381485,169,29684,0.003210373455446578,0.004650313459485481,0.0,0.0042643923240938165
1-10_os_GAT_none_s44,1:10_os,GAT,none,44,val,True,0.8999441896326359,0.3563256894529575,0.3569067549876169,0.6658060616711378,0.19596350193023682,0.0,0.5196078431372548,0.4296444667000501,0.3961218836565097,0.46936542669584247,0.4158650873051451,0.01772069582181759,1083,429,654,0.024167107350608143,914,37820,0.5995957808986898,0.3563256894529575,0.0,0.4296444667000501
1-10_os_GAT_none_s44,1:10_os,GAT,none,44,test,True,0.4890988134606113,0.005023228620506579,0.005079759664043948,0.12167135956343533,6.423453305615112e-05,0.01262259863698552,0.5196078431372548,0.003389830508474576,0.0023752969121140144,0.005917159763313609,-0.005289522295810463,0.014230052515669998,421,1,420,0.005693302789381485,169,29684,0.005012108846467243,0.005023228620506579,0.0,0.003389830508474576
1-10_os_GAT_class_weighting,1:10_os,GAT,class_weighting,42,val,False,0.9182302225975721,0.37359348322407404,0.37417107477789624,0.723026718420362,0.5708954930305481,0.0,0.892156862745098,0.46529814271749753,0.4204946996466431,0.5207877461706784,0.45333102432205424,0.01777488755215954,1132,476,656,0.024167107350608143,914,37820,0.5162785105456589,0.37359348322407404,0.0,0.46529814271749753
1-10_os_GAT_class_weighting,1:10_os,GAT,class_weighting,42,test,False,0.6990047182908701,0.009971871763388061,0.010085724756616251,0.3306632772223932,0.09754788875579834,7.202021899298906e-17,0.892156862745098,0.0,0.0,0.0,-0.006701363560181819,0.007826528883618499,231,0,231,0.005693302789381485,169,29684,0.023364630680282203,0.009971871763388061,0.0,0.0
1-10_os_GAT_class_weighting_s43,1:10_os,GAT,class_weighting,43,val,False,0.89807573110514,0.32270880502410343,0.32380595217516395,0.6416768083466174,0.5392984747886658,0.0,0.892156862745098,0.39878542510121456,0.3709981167608286,0.4310722100656455,0.3838876842589463,0.01810003793421124,1062,394,668,0.024167107350608143,914,37820,0.5422814098336988,0.32270880502410343,0.0,0.39878542510121456
1-10_os_GAT_class_weighting_s43,1:10_os,GAT,class_weighting,43,test,False,0.6124072906465171,0.009735849652414513,0.010019582148417215,0.1929900251301364,0.0038402611389756203,5.902798241359557e-06,0.892156862745098,0.037359900373599,0.02365930599369085,0.08875739644970414,0.03527611178999115,0.020972386921904118,634,15,619,0.005693302789381485,169,29684,0.04465068791410397,0.009735849652414513,0.0,0.037359900373599
1-10_os_GAT_class_weighting_s44,1:10_os,GAT,class_weighting,44,val,False,0.9116397166567,0.3389188924737671,0.33995096233954286,0.6908302493258347,0.46244627237319946,0.0,0.8235294117647058,0.40707964601769914,0.33104866346812883,0.5284463894967177,0.4002952735454053,0.02644556440687151,1459,483,976,0.024167107350608143,914,37820,0.43470621933327525,0.3389188924737671,0.0,0.40707964601769914
1-10_os_GAT_class_weighting_s44,1:10_os,GAT,class_weighting,44,test,False,0.6299033587374587,0.007536111503536173,0.007629558142121956,0.25895548046475214,0.02719927579164505,2.001698746216156e-10,0.8235294117647058,0.0038095238095238095,0.0028089887640449437,0.005917159763313609,-0.004223611792594054,0.012027782483482975,356,1,355,0.005693302789381485,169,29684,0.015660403005935648,0.007536111503536173,0.0,0.0038095238095238095
1-10_os_GAT_focal_loss,1:10_os,GAT,focal_loss,42,val,True,0.9136010985861414,0.4097236359197007,0.41029988731768036,0.6824677064126842,0.45773059129714966,0.0,0.5392156862745098,0.4685421994884911,0.4399615754082613,0.5010940919037199,0.45551643534040454,0.01579688939467837,1041,458,583,0.024167107350608143,914,37820,0.6876663299719095,0.4097236359197007,0.0,0.4685421994884911
1-10_os_GAT_focal_loss,1:10_os,GAT,focal_loss,42,test,True,0.659966900793599,0.00800576789008008,0.008097717709734047,0.3206725694587147,0.30209535360336304,7.207265796511042e-16,0.5392156862745098,0.0,0.0,0.0,-0.00777358336176101,0.010503133999661188,310,0,310,0.005693302789381485,169,29684,0.015848435480714317,0.00800576789008008,0.0,0.0
1-10_os_GAT_focal_loss_s43,1:10_os,GAT,focal_loss,43,val,True,0.8378559118968161,0.2589729119263977,0.25986379660435205,0.48242047541444516,0.01282288134098053,1.4867118583821438e-191,0.4215686274509804,0.3411111111111111,0.34650112866817157,0.3358862144420131,0.32509461278890694,0.015688505933994474,886,307,579,0.024167107350608143,914,37820,0.2776761537747501,0.2589729119263977,0.0,0.3411111111111111
1-10_os_GAT_focal_loss_s43,1:10_os,GAT,focal_loss,43,test,True,0.4969624310976165,0.005092444882117176,0.005150354978512023,0.14494445207381268,8.547388461010996e-06,0.0015232235650106327,0.4215686274509804,0.0,0.0,0.0,-0.00718176090261687,0.008978485515839404,265,0,265,0.005693302789381485,169,29684,0.006088604175762038,0.005092444882117176,0.0,0.0
1-10_os_GAT_focal_loss_s44,1:10_os,GAT,focal_loss,44,val,False,0.845571281632051,0.21424388886670337,0.21460188804357436,0.5398532744078309,0.3662963807582855,7.697989933372174e-244,0.4803921568627451,0.2716049382716049,0.22229965156794426,0.3490153172866521,0.2562244179166414,0.030238985530807998,1435,319,1116,0.024167107350608143,914,37820,0.22990891985214357,0.21424388886670337,0.0,0.2716049382716049
1-10_os_GAT_focal_loss_s44,1:10_os,GAT,focal_loss,44,test,False,0.5059578571521651,0.005351076912442526,0.0054638153675875675,0.14327666104989234,0.2129872590303421,0.0017945814934514908,0.4803921568627451,0.008823529411764706,0.005870841487279843,0.01775147928994083,0.00031229901269781967,0.017211587328477045,511,3,508,0.005693302789381485,169,29684,0.0062646141233476515,0.005351075958953681,9.53488845170658e-10,0.008823529411764706
1-10_os_TAGCN_none,1:10_os,TAGCN,none,42,val,True,0.8998047971183756,0.42692541058336997,0.42749634477477694,0.6398000194710768,0.025793179869651794,0.0,0.5784313725490196,0.47857613711272246,0.6019900497512438,0.3971553610503282,0.4789417472641361,0.006503007641033978,603,363,240,0.024167107350608143,914,37820,0.5521520476739874,0.42692541058336997,0.0,0.47857613711272246
1-10_os_TAGCN_none,1:10_os,TAGCN,none,42,test,True,0.6760782552648488,0.008874789030280253,0.00901398190260983,0.30385011332117756,0.0008026896393857896,2.9247354019575146e-14,0.5784313725490196,0.0,0.0,0.0,-0.003572037930578259,0.0022361511096052854,66,0,66,0.005693302789381485,169,29684,0.02340191529893055,0.008874789030280253,0.0,0.0
1-10_os_TAGCN_none_s43,1:10_os,TAGCN,none,43,val,True,0.8933492665321243,0.36478841267225204,0.3657523753165732,0.6204365552985105,0.051298901438713074,0.0,0.4607843137254902,0.42713004484304934,0.4379310344827586,0.41684901531728663,0.41343283746882187,0.013249878068606731,870,381,489,0.024167107350608143,914,37820,0.5811536311965377,0.36478841267225204,0.0,0.42713004484304934
1-10_os_TAGCN_none_s43,1:10_os,TAGCN,none,43,test,True,0.6986434537849072,0.01047089503734409,0.010664852058945854,0.3371640335322426,0.0037303962744772434,1.542756491072451e-17,0.4607843137254902,0.006944444444444444,0.008403361344537815,0.005917159763313609,0.0022851825047543787,0.003997967135354904,119,1,118,0.005693302789381485,169,29684,0.034279700959846,0.01047089503734409,0.0,0.006944444444444444
1-10_os_TAGCN_none_s44,1:10_os,TAGCN,none,44,val,True,0.8876685027820992,0.39883458329297733,0.3998325942035094,0.618810803388252,0.09736834466457367,0.0,0.5098039215686274,0.4710843373493976,0.5241286863270778,0.42778993435448576,0.4618184292941415,0.009619032135696093,746,391,355,0.024167107350608143,914,37820,0.603449788829372,0.39883458329297733,0.0,0.4710843373493976
1-10_os_TAGCN_none_s44,1:10_os,TAGCN,none,44,test,True,0.6741995595459935,0.009166064162598127,0.009272879692934182,0.3006566714146953,0.014845006167888641,5.764029998697286e-14,0.5098039215686274,0.0,0.0,0.0,-0.003705185276254372,0.002405556496696595,71,0,71,0.005693302789381485,169,29684,0.021768194632892576,0.009166064162598127,0.0,0.0
1-10_os_TAGCN_class_weighting,1:10_os,TAGCN,class_weighting,42,val,True,0.9079873037195093,0.3554346723910578,0.35654985024479713,0.6749805318876829,0.033866580575704575,0.0,0.7843137254901961,0.44937736870600975,0.44480171489817794,0.4540481400437637,0.4356212864092464,0.014035658158565003,933,415,518,0.024167107350608143,914,37820,0.5847393604502981,0.3554346723910578,0.0,0.44937736870600975
1-10_os_TAGCN_class_weighting,1:10_os,TAGCN,class_weighting,42,test,True,0.7049539548138697,0.009575571500583609,0.00970713323092582,0.3680405209666732,0.00015701800293754786,6.456317723747369e-21,0.7843137254901961,0.004640371229698376,0.003816793893129771,0.005917159763313609,-0.0023535468865741537,0.008842961206166356,262,1,261,0.005693302789381485,169,29684,0.01939985085952068,0.009575571500583609,0.0,0.004640371229698376
1-10_os_TAGCN_class_weighting_s43,1:10_os,TAGCN,class_weighting,43,val,True,0.9098283402828001,0.38375294861677545,0.3847482563930823,0.6615708060017875,0.033135924488306046,0.0,0.8137254901960784,0.47002967359050446,0.5136186770428015,0.43326039387308535,0.45977844534420503,0.010160949439115592,771,396,375,0.024167107350608143,914,37820,0.7164551930224634,0.38375294861677545,0.0,0.47002967359050446
1-10_os_TAGCN_class_weighting_s43,1:10_os,TAGCN,class_weighting,43,test,True,0.681305864934789,0.008737672903364154,0.00896613374896594,0.33108167845654657,1.0977740203088615e-05,6.528621037731043e-17,0.8137254901960784,0.007142857142857143,0.009009009009009009,0.005917159763313609,0.0026998990031026284,0.003726918516008809,111,1,110,0.005693302789381485,169,29684,0.01651044722233165,0.008737672903364154,0.0,0.007142857142857143
1-10_os_TAGCN_class_weighting_s44,1:10_os,TAGCN,class_weighting,44,val,False,0.7926929596167257,0.13734580670289667,0.1379896694246547,0.47290715865642935,0.4687096178531647,1.2457274794218771e-183,0.5294117647058824,0.24948168624740844,0.18232323232323233,0.3949671772428884,0.24206642051844585,0.043868205711808377,1980,361,1619,0.024167107350608143,914,37820,0.32679360505244426,0.13734580670289667,0.0,0.24948168624740844
1-10_os_TAGCN_class_weighting_s44,1:10_os,TAGCN,class_weighting,44,test,False,0.6262010992304584,0.006917651609122111,0.0069956481772260335,0.3408163735819816,0.31864073872566223,6.397035208326939e-18,0.5294117647058824,0.008102633355840648,0.004573170731707317,0.03550295857988166,-0.0032014656429649596,0.04424868710825004,1312,6,1306,0.005693302789381485,169,29684,0.011037632483051809,0.006917651609122111,0.0,0.008102633355840648
1-10_os_TAGCN_focal_loss,1:10_os,TAGCN,focal_loss,42,val,True,0.8777455315242307,0.40872025821971986,0.4092417740229117,0.6546253709080057,0.4520399570465088,0.0,0.5392156862745098,0.4859913793103448,0.47876857749469215,0.4934354485776805,0.47312134870653566,0.01330406979894868,942,451,491,0.024167107350608143,914,37820,0.5307468430055498,0.40872025821971986,0.0,0.4859913793103448
1-10_os_TAGCN_focal_loss,1:10_os,TAGCN,focal_loss,42,test,True,0.33757090718088384,0.003896618457648876,0.003936790320837843,0.02020515092616626,0.13790707290172577,5.214429037867034e-15,0.5392156862745098,0.0,0.0,0.0,-0.00618500103607079,0.006674572251397595,197,0,197,0.005693302789381485,169,29684,0.0037514362366122076,0.003896618457648876,0.0,0.0
1-10_os_TAGCN_focal_loss_s43,1:10_os,TAGCN,focal_loss,43,val,True,0.885089266942416,0.371133871047557,0.3715693194446912,0.6434142639986311,0.4457482099533081,0.0,0.5196078431372548,0.44856999498243855,0.41427247451343835,0.4890590809628009,0.4353284990833744,0.017124586788056142,1079,447,632,0.024167107350608143,914,37820,0.4759453452198933,0.3711338710475571,5.551115123125783e-17,0.44856999498243855
1-10_os_TAGCN_focal_loss_s43,1:10_os,TAGCN,focal_loss,43,test,True,0.4647220799372899,0.004780060603186307,0.004846376683745611,0.10968407398905577,0.2997986972332001,0.0022746419778893134,0.5196078431372548,0.0,0.0,0.0,-0.007276861881895228,0.009215653057767236,272,0,272,0.005693302789381485,169,29684,0.004799441256477161,0.004780060603186307,0.0,0.0
1-10_os_TAGCN_focal_loss_s44,1:10_os,TAGCN,focal_loss,44,val,True,0.8895375542169289,0.42667428321128886,0.42698427296191976,0.669273383761288,0.4385579824447632,0.0,0.5490196078431372,0.46162927981109797,0.5012820512820513,0.42778993435448576,0.4508527985449677,0.01054029155150924,780,391,389,0.024167107350608143,914,37820,0.47244392432449733,0.42667428321128886,0.0,0.46162927981109797
1-10_os_TAGCN_focal_loss_s44,1:10_os,TAGCN,focal_loss,44,test,True,0.5522566501638421,0.0060559362767830145,0.006233426784640107,0.13021099491082155,0.38912394642829895,0.00606655152662121,0.5490196078431372,0.0,0.0,0.0,-0.005517751312090047,0.005319329154667119,157,0,157,0.005693302789381485,169,29684,0.008448364706886393,0.0060559362767830145,0.0,0.0
1-20_GCN_none,1:20,GCN,none,42,val,False,0.7180429765323719,0.08708281462773185,0.08753084262531705,0.3240435426402946,0.4321368336677551,7.196900406145728e-84,0.47058823529411764,0.18717397974838906,0.1300639658848614,0.3336980306345733,0.17729367251097247,0.05527556494878882,2345,305,2040,0.024167107350608143,914,37820,0.26323623726241585,0.08708281462773185,0.0,0.18717397974838906
1-20_GCN_none,1:20,GCN,none,42,test,False,0.7079661630281264,0.02247939174935246,0.02327679620453846,0.28598375913561147,0.09236554801464081,1.178170386438795e-12,0.47058823529411764,0.057385759829968117,0.03152364273204904,0.31952662721893493,0.08495960478189755,0.056208707436896495,1713,54,1659,0.005693302789381485,169,29684,0.12231976778012454,0.02247939174935246,0.0,0.057385759829968117
1-20_GCN_none_s43,1:20,GCN,none,43,val,False,0.7162044301798844,0.10510069467603757,0.10577486496710134,0.31306971724604976,0.4199373424053192,3.486441772816153e-78,0.5392156862745098,0.19768832204065365,0.1554858934169279,0.2713347921225383,0.17943325848914335,0.0364981303853032,1595,248,1347,0.024167107350608143,914,37820,0.32061722473924215,0.10510069467603757,0.0,0.19768832204065365
1-20_GCN_none_s43,1:20,GCN,none,43,test,False,0.4308812989483835,0.004621739227089702,0.004684117071755457,0.037382857177225115,5.7105633459286764e-05,0.0009244737564999571,0.5392156862745098,0.008290155440414507,0.005025125628140704,0.023668639053254437,-0.001474168408663043,0.026833813315263425,796,4,792,0.005693302789381485,169,29684,0.010274889444050743,0.004621739227089702,0.0,0.008290155440414507
1-20_GCN_none_s44,1:20,GCN,none,44,val,False,0.7484487617189617,0.13810283381647,0.1388983754661478,0.3599040604784454,0.037610869854688644,5.660487138075552e-104,0.5392156862745098,0.19447640966628307,0.20509708737864077,0.18490153172866522,0.1758315051067269,0.017747791686988566,824,169,655,0.024167107350608143,914,37820,0.2610857504254114,0.13810283381647,0.0,0.19447640966628307
1-20_GCN_none_s44,1:20,GCN,none,44,test,False,0.6027722339558563,0.006858923711501347,0.006942242529748879,0.22259787671898856,0.002569433068856597,8.57456540847462e-08,0.5392156862745098,0.0025477707006369425,0.0016233766233766235,0.005917159763313609,-0.007874572534844256,0.02083686261223107,616,1,615,0.005693302789381485,169,29684,0.013900956223008047,0.0068589243411917,6.296903528116293e-10,0.0025477707006369425
1-20_GCN_class_weighting,1:20,GCN,class_weighting,42,val,False,0.8537005155092107,0.22579278340056638,0.22667425518140125,0.582616360139504,0.4701278507709503,3.850672166619e-288,0.8039215686274509,0.29411764705882354,0.25963149078726966,0.33916849015317285,0.2768423839839521,0.02395274481114182,1194,310,884,0.024167107350608143,914,37820,0.322984287314242,0.22579278340056638,0.0,0.29411764705882354
1-20_GCN_class_weighting,1:20,GCN,class_weighting,42,test,False,0.4727718430203477,0.005152433753892297,0.0052410946376773735,0.07924683768257446,0.030886385589838028,0.01261421247470179,0.8039215686274509,0.0078125,0.0058309037900874635,0.011834319526627219,0.00019773742461360995,0.011553447399627308,343,2,341,0.005693302789381485,169,29684,0.011008415167048178,0.005152433753892297,0.0,0.0078125
1-20_GCN_class_weighting_s43,1:20,GCN,class_weighting,43,val,False,0.8597440051435896,0.23039068868406887,0.23130261395472193,0.5911480595150895,0.3655841052532196,1.4087025413848762e-297,0.7647058823529411,0.2969325153374233,0.23709993468321358,0.3971553610503282,0.2848017500673698,0.03164797051969869,1531,363,1168,0.024167107350608143,914,37820,0.5093832875301386,0.23039068868406887,0.0,0.2969325153374233
1-20_GCN_class_weighting_s43,1:20,GCN,class_weighting,43,test,False,0.5309641973241969,0.006059592293817423,0.006152370874591984,0.10198545118468494,0.011012023314833641,0.05651475515555404,0.7647058823529411,0.0,0.0,0.0,-0.008742354467763681,0.013247501270540403,391,0,391,0.005693302789381485,169,29684,0.017802641651718347,0.006059592293817423,0.0,0.0
1-20_GCN_class_weighting_s44,1:20,GCN,class_weighting,44,val,False,0.656034178024696,0.0420764557121794,0.04229628946347147,0.24368704880493008,0.5107733011245728,4.024185884089732e-47,0.6666666666666666,0.09256746570179405,0.053680713411435564,0.3358862144420131,0.08111907346545763,0.1466428223053162,5719,307,5412,0.024167107350608143,914,37820,0.09570210221676705,0.04207644740363842,8.308540980217494e-09,0.09256746570179405
1-20_GCN_class_weighting_s44,1:20,GCN,class_weighting,44,test,False,0.5576376268410306,0.00611895672663371,0.006197946880353768,0.15305967179460445,0.06950109452009201,0.0006674235691089638,0.6666666666666666,0.009656652360515022,0.005057600449564484,0.10650887573964497,-0.0031185113656302475,0.11997289513806539,3559,18,3541,0.005693302789381485,169,29684,0.016508758066974962,0.00611895672663371,0.0,0.009656652360515022
1-20_GCN_focal_loss,1:20,GCN,focal_loss,42,val,False,0.6676257980384491,0.08015176133016094,0.08070037172543885,0.24753738903294562,0.04297749698162079,1.2507849021727415e-48,0.5784313725490196,0.15261044176706828,0.16043425814234016,0.14551422319474835,0.13283739263156055,0.018858722158998538,829,133,696,0.024167107350608143,914,37820,0.2703665194382734,0.08015176133016094,0.0,0.15261044176706828
1-20_GCN_focal_loss,1:20,GCN,focal_loss,42,test,False,0.5531282358684332,0.00570520802636159,0.005751927133466861,0.25968983778181187,1.1212374602109776e-06,1.7535492182870403e-10,0.5784313725490196,0.0,0.0,0.0,-0.013661408870869782,0.0317465695409114,937,0,937,0.005693302789381485,169,29684,0.0038300594611322698,0.00570520802636159,0.0,0.0
1-20_GCN_focal_loss_s43,1:20,GCN,focal_loss,43,val,False,0.7418159073717473,0.0872106341692184,0.0877089585242585,0.34910425338677564,0.4162965714931488,1.1390155892162183e-97,0.5,0.17381489841986456,0.13245412844036697,0.2527352297592998,0.15503879911780927,0.04099604400368504,1744,231,1513,0.024167107350608143,914,37820,0.23626054459996565,0.0872106341692184,0.0,0.17381489841986456
1-20_GCN_focal_loss_s43,1:20,GCN,focal_loss,43,test,False,0.4936501047005484,0.00547323713364339,0.005583070210303251,0.10107727792607712,0.20545852184295654,0.009068888012388728,0.5,0.015037593984962405,0.008938547486033519,0.047337278106508875,0.007605072411040238,0.030052515669998305,895,8,887,0.005693302789381485,169,29684,0.01345740389677966,0.00547323713364339,0.0,0.015037593984962405
1-20_GCN_focal_loss_s44,1:20,GCN,focal_loss,44,val,False,0.6866694183496045,0.10923797930924142,0.11010366417590114,0.2544081178026238,0.03623015433549881,2.2128658626075733e-51,0.5686274509803921,0.18122555410691005,0.22419354838709676,0.15207877461706784,0.1681557493085432,0.013033111147238931,620,139,481,0.024167107350608143,914,37820,0.2971187032076561,0.10923797930924142,0.0,0.18122555410691005
1-20_GCN_focal_loss_s44,1:20,GCN,focal_loss,44,test,False,0.5772146747165969,0.006069549837470425,0.006118114325479785,0.275749468478068,7.437945441779448e-06,8.780198343327957e-12,0.5686274509803921,0.0,0.0,0.0,-0.01036795741474613,0.01853294934778926,547,0,547,0.005693302789381485,169,29684,0.006086405784295299,0.006069549837470425,0.0,0.0
1-20_GraphSAGE_none,1:20,GraphSAGE,none,42,val,True,0.8676575096872164,0.2872186191401708,0.2879575071675922,0.5762993475291951,0.266012579202652,2.755976956413713e-281,0.5,0.37835153922542203,0.3463636363636364,0.41684901531728663,0.363133070397689,0.019481927057930958,1100,381,719,0.024167107350608143,914,37820,0.49483073334290695,0.2872186191401708,0.0,0.37835153922542203
1-20_GraphSAGE_none,1:20,GraphSAGE,none,42,test,True,0.39009589948747353,0.004160054248670362,0.004193636971936656,0.065837549255368,0.0006386430468410254,1.7201610570857634e-09,0.5,0.0,0.0,0.0,-0.01021239472829072,0.01799085210909707,531,0,531,0.005693302789381485,169,29684,0.001221446633038921,0.004160054248670362,0.0,0.0
1-20_GraphSAGE_none_s43,1:20,GraphSAGE,none,43,val,False,0.8442102183784437,0.1783781164814587,0.17901250755236983,0.5298227645822298,0.20831848680973053,3.89213459053036e-234,0.44117647058823534,0.2897959183673469,0.23111979166666666,0.38840262582056895,0.2772739252056728,0.032000216766921365,1536,355,1181,0.024167107350608143,914,37820,0.437648188564121,0.1783781164814587,0.0,0.2897959183673469
1-20_GraphSAGE_none_s43,1:20,GraphSAGE,none,43,test,False,0.3402434024620918,0.0038544781225415595,0.003891710847367622,0.045920888686627026,0.000283917470369488,1.0328021320428281e-13,0.44117647058823534,0.0015278838808250573,0.0008771929824561404,0.005917159763313609,-0.01279231268445625,0.0385905471794003,1140,1,1139,0.005693302789381485,169,29684,0.0016991010419113986,0.0038544781225415595,0.0,0.0015278838808250573
1-20_GraphSAGE_none_s44,1:20,GraphSAGE,none,44,val,True,0.8568270492863708,0.2294629789055018,0.23049755391111038,0.5817235602757304,0.3231476843357086,3.6400643892069997e-287,0.47058823529411764,0.36535859269282817,0.3108211818879509,0.4431072210065646,0.3526003339705605,0.02433208692353547,1303,405,898,0.024167107350608143,914,37820,0.5618607947693453,0.2294629789055018,0.0,0.36535859269282817
1-20_GraphSAGE_none_s44,1:20,GraphSAGE,none,44,test,True,0.31823192900611164,0.003751922941394359,0.0037884543260026204,0.0321477295167335,0.0015312479808926582,3.815594781292782e-18,0.47058823529411764,0.002881844380403458,0.0019047619047619048,0.005917159763313609,-0.006756518868909353,0.017753684567169237,525,1,524,0.005693302789381485,169,29684,0.0006487871910043743,0.003751922941394359,0.0,0.002881844380403458
1-20_GraphSAGE_class_weighting,1:20,GraphSAGE,class_weighting,42,val,True,0.9295692196189242,0.49304526661380244,0.4934712766275669,0.7419792978103577,0.28185465931892395,0.0,0.8627450980392156,0.5212298682284041,0.47048458149779737,0.5842450765864332,0.5112078305306641,0.01628461496775592,1135,534,601,0.024167107350608143,914,37820,0.5293968104837287,0.49304526661380244,0.0,0.5212298682284041
1-20_GraphSAGE_class_weighting,1:20,GraphSAGE,class_weighting,42,test,True,0.7103304206967272,0.010697610693398973,0.010898248367417299,0.3271318264607205,0.004902245942503214,1.6402648530019226e-16,0.8627450980392156,0.01092896174863388,0.01015228426395939,0.011834319526627219,0.004844078395324719,0.006606810096561071,197,2,195,0.005693302789381485,169,29684,0.029829082138698358,0.010697610693398973,0.0,0.01092896174863388
1-20_GraphSAGE_class_weighting_s43,1:20,GraphSAGE,class_weighting,43,val,True,0.9180590650728844,0.4467550058550082,0.4471801573322211,0.7157518640117224,0.2427896410226822,0.0,0.7549019607843137,0.4801123069723912,0.419460343417825,0.5612691466083151,0.47055436515680715,0.019238064271392186,1223,513,710,0.024167107350608143,914,37820,0.5053774968144772,0.4467550058550082,0.0,0.4801123069723912
1-20_GraphSAGE_class_weighting_s43,1:20,GraphSAGE,class_weighting,43,test,True,0.7152917932612742,0.010811821027826317,0.010975058710370217,0.3639519369852056,0.013619028963148594,1.8903902175713423e-20,0.7549019607843137,0.005115089514066497,0.0045045045045045045,0.005917159763313609,-0.0013715486635895407,0.0074877181094358805,222,1,221,0.005693302789381485,169,29684,0.03613472212885622,0.010811821027826317,0.0,0.005115089514066497
1-20_GraphSAGE_class_weighting_s44,1:20,GraphSAGE,class_weighting,44,val,True,0.922688559651399,0.4311669522553824,0.43171509612576014,0.7171513624832666,0.16853351891040802,0.0,0.7450980392156862,0.4730878186968839,0.4161129568106312,0.5481400437636762,0.46281113733782503,0.019048393215195362,1204,501,703,0.024167107350608143,914,37820,0.5358558893312032,0.4311669522553824,0.0,0.4730878186968839
1-20_GraphSAGE_class_weighting_s44,1:20,GraphSAGE,class_weighting,44,test,True,0.7418729018541369,0.011922988903214604,0.01218364819983441,0.38723244724626027,0.001686780364252627,3.466982954264468e-23,0.7450980392156862,0.015544041450777202,0.013824884792626729,0.01775147928994083,0.009274588041356412,0.007250550567508046,217,3,214,0.005693302789381485,169,29684,0.02988928140732012,0.011922988903214604,0.0,0.015544041450777202
1-20_GraphSAGE_focal_loss,1:20,GraphSAGE,focal_loss,42,val,True,0.9215266539713348,0.40534279729413314,0.4058306113951781,0.7153885896880845,0.37033405900001526,0.0,0.5490196078431372,0.45871559633027525,0.45260915867944623,0.4649890590809628,0.4451675301312032,0.013927274697881104,939,425,514,0.024167107350608143,914,37820,0.4751648264327366,0.4053427972941331,5.551115123125783e-17,0.45871559633027525
1-20_GraphSAGE_focal_loss,1:20,GraphSAGE,focal_loss,42,test,True,0.658522043249496,0.008069039614634536,0.008168559073071086,0.3038314687046101,0.13992904126644135,2.936409617848872e-14,0.5490196078431372,0.0,0.0,0.0,-0.006153316324093391,0.006606810096561071,195,0,195,0.005693302789381485,169,29684,0.018241587323923496,0.008069039614634536,0.0,0.0
1-20_GraphSAGE_focal_loss_s43,1:20,GraphSAGE,focal_loss,43,val,True,0.9177421116347273,0.3804894445736279,0.38104543105906497,0.7073865937248347,0.3411916494369507,0.0,0.5196078431372548,0.4488997555012225,0.40583554376657827,0.5021881838074398,0.4363646376610838,0.01820842139489514,1131,459,672,0.024167107350608143,914,37820,0.5048824535435907,0.3804894445736279,0.0,0.4488997555012225
1-20_GraphSAGE_focal_loss_s43,1:20,GraphSAGE,focal_loss,43,test,True,0.6672437142081,0.00847705322220811,0.008597808793476073,0.3082939474161669,0.1269252598285675,1.1231486258654742e-14,0.5196078431372548,0.0044444444444444444,0.0035587188612099642,0.005917159763313609,-0.002773500509620725,0.009486701677113333,281,1,280,0.005693302789381485,169,29684,0.01936513501653344,0.00847705322220811,0.0,0.0044444444444444444
1-20_GraphSAGE_focal_loss_s44,1:20,GraphSAGE,focal_loss,44,val,True,0.8855035164741083,0.30789092606216506,0.30896088160225804,0.6083816226711638,0.39669108390808105,2.7614347e-317,0.5392156862745098,0.38704028021015763,0.32262773722627736,0.48358862144420134,0.3767892523770701,0.025144962878664717,1370,442,928,0.024167107350608143,914,37820,0.5586339847449027,0.3078909172750137,8.78715133989516e-09,0.38704028021015763
1-20_GraphSAGE_focal_loss_s44,1:20,GraphSAGE,focal_loss,44,test,True,0.5927498503919881,0.006598391651742415,0.006697667783401333,0.22868544426813364,0.15699733793735504,3.323421266677812e-08,0.5392156862745098,0.007712082262210797,0.0049261083743842365,0.01775147928994083,-0.0014757469491150773,0.020531932915466712,609,3,606,0.005693302789381485,169,29684,0.01611567700532584,0.006598391651742415,0.0,0.007712082262210797
1-20_GAT_none,1:20,GAT,none,42,val,True,0.9024205856952094,0.4019031647908265,0.40242609684903063,0.6553089337735551,0.11496314406394958,0.0,0.4019607843137255,0.43711570709893793,0.44685714285714284,0.42778993435448576,0.42359237991176174,0.013114398742751856,875,391,484,0.024167107350608143,914,37820,0.6288652988952781,0.4019031647908265,0.0,0.43711570709893793
1-20_GAT_none,1:20,GAT,none,42,test,True,0.5693560690732924,0.006186260363615451,0.0062565021453555615,0.17836983902478631,0.004301419481635094,3.794099662789753e-05,0.4019607843137255,0.0,0.0,0.0,-0.007276861881895228,0.009215653057767236,272,0,272,0.005693302789381485,169,29684,0.010563921067037758,0.006186260363615451,0.0,0.0
1-20_GAT_none_s43,1:20,GAT,none,43,val,True,0.8879952540139529,0.3673722194438336,0.3678238936596922,0.616347036251896,0.10968847572803497,0.0,0.5098039215686274,0.4281183932346723,0.41411042944785276,0.4431072210065646,0.41371308163576426,0.015525930742968623,978,405,573,0.024167107350608143,914,37820,0.44920277109426265,0.3673722995641092,8.012027563619739e-08,0.4281183932346723
1-20_GAT_none_s43,1:20,GAT,none,43,test,True,0.46153064282828815,0.004725416948668426,0.004785568275092306,0.17758496081122122,6.758030135500803e-09,4.174877595807212e-05,0.5098039215686274,0.003683241252302026,0.00267379679144385,0.005917159763313609,-0.00453337312138133,0.012637641877011689,374,1,373,0.005693302789381485,169,29684,0.0014664307463430441,0.004725416948668426,0.0,0.003683241252302026
1-20_GAT_none_s44,1:20,GAT,none,44,val,True,0.8922052666535516,0.33462695822837013,0.3350671665745502,0.6562580598340737,0.14052896201610565,0.0,0.45098039215686275,0.40107816711590294,0.3953241232731137,0.40700218818380746,0.38606715556364596,0.015417547282284724,941,372,569,0.024167107350608143,914,37820,0.4314557778704644,0.3346269582283702,5.551115123125783e-17,0.40107816711590294
1-20_GAT_none_s44,1:20,GAT,none,44,test,True,0.46913744590805795,0.004806645779907138,0.004851012309783119,0.10007708446312025,3.035574445675593e-05,0.0005954326741894945,0.45098039215686275,0.0,0.0,0.0,-0.008559277206146725,0.012705404031848213,375,0,375,0.005693302789381485,169,29684,0.0035815848739596673,0.004806645779907138,0.0,0.0
1-20_GAT_class_weighting,1:20,GAT,class_weighting,42,val,False,0.9169084691002193,0.36262937363020364,0.36328356048553706,0.7090642250268321,0.5631019473075867,0.0,0.8627450980392156,0.44879786286731965,0.3783783783783784,0.5514223194748359,0.44069629271478833,0.022435376361567224,1332,504,828,0.024167107350608143,914,37820,0.5714672855990954,0.36262937363020364,0.0,0.44879786286731965
1-20_GAT_class_weighting,1:20,GAT,class_weighting,42,test,False,0.672773747577954,0.00854883569332335,0.008637047623067303,0.3282805754169728,0.06475180387496948,1.2563241613206134e-16,0.8627450980392156,0.0,0.0,0.0,-0.00777358336176101,0.010503133999661188,310,0,310,0.005693302789381485,169,29684,0.01612276293960421,0.00854883569332335,0.0,0.0
1-20_GAT_class_weighting_s43,1:20,GAT,class_weighting,43,val,False,0.8973359754469957,0.31980826216426245,0.32082789079745727,0.6415858563615577,0.5797186493873596,0.0,0.8725490196078431,0.3929471032745592,0.3641456582633053,0.42669584245076586,0.3779404962375413,0.018452284181433912,1071,390,681,0.024167107350608143,914,37820,0.5522228976904306,0.31980826216426245,0.0,0.3929471032745592
1-20_GAT_class_weighting_s43,1:20,GAT,class_weighting,43,test,False,0.6017113953691183,0.009085800297102676,0.0093342636866456,0.1939026089432011,0.005475370213389397,5.2293890459270736e-06,0.8725490196078431,0.036585365853658534,0.02304147465437788,0.08875739644970414,0.03452676827438076,0.02154836523801457,651,15,636,0.005693302789381485,169,29684,0.043823065334908366,0.009085800297102676,0.0,0.036585365853658534
1-20_GAT_class_weighting_s44,1:20,GAT,class_weighting,44,val,False,0.8854301145461395,0.27711963655206173,0.2780388059870741,0.6244870017518039,0.5780674815177917,0.0,0.8529411764705882,0.3589108910891089,0.28807947019867547,0.4759299781181619,0.3504572285081311,0.02912805505879803,1510,435,1075,0.024167107350608143,914,37820,0.43399176262323547,0.27711963655206173,0.0,0.3589108910891089
1-20_GAT_class_weighting_s44,1:20,GAT,class_weighting,44,test,False,0.5719155940164815,0.008211369229895502,0.008438470595740804,0.14916755796621306,0.011992494575679302,0.0009971107424260166,0.8529411764705882,0.02905027932960894,0.01790633608815427,0.07692307692307693,0.025701901004707314,0.024157208199220737,726,13,713,0.005693302789381485,169,29684,0.027286955029000574,0.008211369229895502,0.0,0.02905027932960894
1-20_GAT_focal_loss,1:20,GAT,focal_loss,42,val,True,0.8828304382261113,0.3321194410776448,0.332627578889547,0.6067587760068426,0.3665248453617096,2.16125483e-315,0.5196078431372548,0.40767634854771784,0.3875739644970414,0.4299781181619256,0.3927830356846008,0.016826532271175417,1014,393,621,0.024167107350608143,914,37820,0.5630495995743,0.3321194410776448,0.0,0.40767634854771784
1-20_GAT_focal_loss,1:20,GAT,focal_loss,42,test,True,0.5772605845788973,0.006537952647977177,0.006707952150232092,0.19968644967407,0.09539603441953659,2.393787876768079e-06,0.5196078431372548,0.011363636363636364,0.008356545961002786,0.01775147928994083,0.0039164872127583385,0.012061663560901237,359,3,356,0.005693302789381485,169,29684,0.014255451898227304,0.006537952647977177,0.0,0.011363636363636364
1-20_GAT_focal_loss_s43,1:20,GAT,focal_loss,43,val,True,0.867690579093779,0.3214952119276434,0.3219746031092982,0.5819594781039914,0.19997216761112213,2.011578060941996e-287,0.5392156862745098,0.39050914483440435,0.35617673579801623,0.43216630196936545,0.37576669262337115,0.019346447732076087,1109,395,714,0.024167107350608143,914,37820,0.4436388102771125,0.32149521192764335,5.551115123125783e-17,0.39050914483440435
1-20_GAT_focal_loss_s43,1:20,GAT,focal_loss,43,test,True,0.4000992374752783,0.004650652005045395,0.005110165423693967,0.048565818002479944,3.168232296957285e-06,6.766212674110124e-07,0.5392156862745098,0.0029498525073746312,0.0019646365422396855,0.005917159763313609,-0.006545828867723184,0.017211587328477045,509,1,508,0.005693302789381485,169,29684,0.0021554534095545854,0.004650652005045395,0.0,0.0029498525073746312
1-20_GAT_focal_loss_s44,1:20,GAT,focal_loss,44,val,True,0.8742057116897967,0.23382213583114653,0.23446899562033927,0.5941086829974691,0.33298617601394653,6.688401396775141e-301,0.5392156862745098,0.31881371640407785,0.2765273311897106,0.37636761487964987,0.30306300679347314,0.02438627865387742,1244,344,900,0.024167107350608143,914,37820,0.4147762323984663,0.23382213583114653,0.0,0.31881371640407785
1-20_GAT_focal_loss_s44,1:20,GAT,focal_loss,44,test,True,0.4947275831063735,0.0053005689830070285,0.005405848096334892,0.10056344833185815,0.0025076507590711117,0.06233617558250937,0.5392156862745098,0.010269576379974325,0.006557377049180328,0.023668639053254437,0.0016634941168347547,0.020531932915466712,610,4,606,0.005693302789381485,169,29684,0.013040761011031939,0.00530057031369615,1.3306891213926697e-09,0.010269576379974325
1-20_TAGCN_none,1:20,TAGCN,none,42,val,True,0.9029901028350339,0.3751347884845782,0.37568468485752743,0.6512077937431913,0.05861274525523186,0.0,0.303921568627451,0.44741057127602774,0.4369134515119917,0.45842450765864334,0.4335197826648454,0.01463176719232645,959,419,540,0.024167107350608143,914,37820,0.5602269054866063,0.3751347884845782,0.0,0.44741057127602774
1-20_TAGCN_none,1:20,TAGCN,none,42,test,True,0.6718995556366385,0.009091430561729721,0.009216246543411015,0.3027278276916662,0.007030780892819166,3.715514631665835e-14,0.303921568627451,0.004608294930875576,0.0037735849056603774,0.005917159763313609,-0.00242160927521307,0.008944604438421142,265,1,264,0.005693302789381485,169,29684,0.022733929904640272,0.009091430561729721,0.0,0.004608294930875576
1-20_TAGCN_none_s43,1:20,TAGCN,none,43,val,True,0.9057907450959746,0.36751898883876144,0.36829032587413946,0.6544221222738565,0.01787405088543892,0.0,0.23529411764705882,0.4348717948717949,0.4092664092664093,0.4638949671772429,0.4208458704726288,0.016582669484636645,1036,424,612,0.024167107350608143,914,37820,0.49112858672519266,0.36751898883876144,0.0,0.4348717948717949
1-20_TAGCN_none_s43,1:20,TAGCN,none,43,test,True,0.7128963609918536,0.01092272853380172,0.011144757904074234,0.34528125805051485,0.0010334714315831661,2.1495750985317677e-18,0.23529411764705882,0.011940298507462687,0.012048192771084338,0.011834319526627219,0.006333974242138891,0.005556496696594952,166,2,164,0.005693302789381485,169,29684,0.031083558553051352,0.01092272853380172,0.0,0.011940298507462687
1-20_TAGCN_none_s44,1:20,TAGCN,none,44,val,True,0.8964099875951927,0.29808002152107366,0.2987152211232267,0.6597901866958472,0.028580794110894203,0.0,0.3137254901960784,0.37271853986551395,0.3321917808219178,0.424507658643326,0.3580618294168916,0.021134774833360428,1168,388,780,0.024167107350608143,914,37820,0.5584729739458798,0.29808002152107366,0.0,0.37271853986551395
1-20_TAGCN_none_s44,1:20,TAGCN,none,44,test,True,0.706438306868336,0.01089763639365475,0.011046978371424383,0.3446998667812074,0.004456115420907736,2.479796324757762e-18,0.3137254901960784,0.0,0.0,0.0,-0.008096593621500647,0.011384042012535999,336,0,336,0.005693302789381485,169,29684,0.032815842476600646,0.01089763639365475,0.0,0.0
1-20_TAGCN_class_weighting,1:20,TAGCN,class_weighting,42,val,True,0.908701608830335,0.3712006729881984,0.3723449613138677,0.6806971665314244,0.02576310746371746,0.0,0.8137254901960784,0.47967061245496656,0.45286686103012636,0.5098468271334792,0.4668636521859747,0.015254972091258874,1029,466,563,0.024167107350608143,914,37820,0.6537367243493325,0.3712006729881984,0.0,0.47967061245496656
1-20_TAGCN_class_weighting,1:20,TAGCN,class_weighting,42,test,True,0.6852558171704889,0.008977602362039126,0.00909839296853401,0.33719891700840116,0.00014564507000613958,1.5299159266504876e-17,0.8137254901960784,0.004830917874396135,0.004081632653061225,0.005917159763313609,-0.0019541385436600773,0.008266982890055903,245,1,244,0.005693302789381485,169,29684,0.01826142934386229,0.008977602362039126,0.0,0.004830917874396135
1-20_TAGCN_class_weighting_s43,1:20,TAGCN,class_weighting,43,val,True,0.9112793920470493,0.3758966035165338,0.3770056159583079,0.6670882830719858,0.020553430542349815,0.0,0.7745098039215685,0.4788732394366197,0.4576271186440678,0.5021881838074398,0.4658812624541894,0.014740150653010351,1003,459,544,0.024167107350608143,914,37820,0.7595756062111645,0.3758966035165338,0.0,0.4788732394366197
1-20_TAGCN_class_weighting_s43,1:20,TAGCN,class_weighting,43,test,True,0.6660546688224923,0.008290844537133944,0.008590242040233616,0.3221599287094016,3.7092370348545955e-06,5.140362712733655e-16,0.7745098039215685,0.006042296072507553,0.006172839506172839,0.005917159763313609,0.0004721327879063575,0.005454853464340166,162,1,161,0.005693302789381485,169,29684,0.015534110474495481,0.008290844537133944,0.0,0.006042296072507553
1-20_TAGCN_class_weighting_s44,1:20,TAGCN,class_weighting,44,val,False,0.7945054476918769,0.1380117436309029,0.1386468911826261,0.47805134126904225,0.4997828006744385,6.856106032177754e-188,0.5392156862745098,0.2554470323065364,0.1945080091533181,0.37199124726477023,0.24417684788026564,0.03815097816073267,1748,340,1408,0.024167107350608143,914,37820,0.3262369020949205,0.13801174216732426,1.4635786471650647e-09,0.2554470323065364
1-20_TAGCN_class_weighting_s44,1:20,TAGCN,class_weighting,44,test,False,0.6307180081936072,0.0070145497608207295,0.007094369099578286,0.3455936054979566,0.33085697889328003,1.9904956369873134e-18,0.5392156862745098,0.007698229407236336,0.004424778761061947,0.029585798816568046,-0.0033539927461642425,0.03811621209554464,1130,5,1125,0.005693302789381485,169,29684,0.01072344418590522,0.0070145497608207295,0.0,0.007698229407236336
1-20_TAGCN_focal_loss,1:20,TAGCN,focal_loss,42,val,True,0.8858921524089648,0.4356557500504579,0.43582495065640153,0.6466305491234992,0.40332576632499695,0.0,0.5098039215686274,0.4954648526077097,0.5141176470588236,0.47811816192560175,0.4837677531472325,0.011190592315612638,850,437,413,0.024167107350608143,914,37820,0.5684321016924744,0.4356557500504579,0.0,0.4954648526077097
1-20_TAGCN_focal_loss,1:20,TAGCN,focal_loss,42,test,True,0.6110464341168416,0.006952461464186033,0.007074695324469902,0.23644541387540385,0.2506813704967499,9.550605919553852e-09,0.5098039215686274,0.006024096385542169,0.006134969325153374,0.005917159763313609,0.00043619475737593073,0.0054887345417584275,163,1,162,0.005693302789381485,169,29684,0.010153904139480918,0.006952461464186033,0.0,0.006024096385542169
1-20_TAGCN_focal_loss_s43,1:20,TAGCN,focal_loss,43,val,True,0.8951812316132025,0.4334515292115738,0.43387471341154726,0.6459217876962479,0.3966744840145111,0.0,0.5196078431372548,0.4859276278001149,0.5114873035066505,0.462800875273523,0.4744684365818679,0.010946729529073863,827,423,404,0.024167107350608143,914,37820,0.5247854935548542,0.4334515292115738,0.0,0.4859276278001149
1-20_TAGCN_focal_loss_s43,1:20,TAGCN,focal_loss,43,test,True,0.6017073857741575,0.006763813323865006,0.0068486542004594485,0.21011199801124092,0.16857080161571503,5.512263468348854e-07,0.5196078431372548,0.0,0.0,0.0,-0.005227622489104872,0.004777231915974928,141,0,141,0.005693302789381485,169,29684,0.01060618106107437,0.006763813323865006,0.0,0.0
1-20_TAGCN_focal_loss_s44,1:20,TAGCN,focal_loss,44,val,True,0.8718784318217636,0.439774269036938,0.44032917560583557,0.6312869373857838,0.4314717948436737,0.0,0.5,0.499455930359086,0.4967532467532468,0.5021881838074398,0.48699809310810127,0.012599577304503333,924,459,465,0.024167107350608143,914,37820,0.4688839825685215,0.439774269036938,0.0,0.499455930359086
1-20_TAGCN_focal_loss_s44,1:20,TAGCN,focal_loss,44,test,True,0.46802748978305087,0.004778088708324338,0.004820898008096245,0.10903812824088044,0.24831748008728027,0.000781619863950336,0.5,0.0,0.0,0.0,-0.006371888897744952,0.007081145180416738,209,0,209,0.005693302789381485,169,29684,0.002797216912634801,0.004778088708324338,0.0,0.0
1-1_GCN_none,1:1,GCN,none,42,val,False,0.8557725932379392,0.17594239681247853,0.17676657835060106,0.5903015064233801,0.49353310465812683,1.2430062706849627e-296,0.8039215686274509,0.25423166279455695,0.1824678418294426,0.4190371991247265,0.24987757521601547,0.04649650463339294,2099,383,1716,0.024167107350608143,914,37820,0.25227739633831825,0.17594239681247853,0.0,0.25423166279455695
1-1_GCN_none,1:1,GCN,none,42,test,False,0.6020607313300729,0.00796307889544581,0.008161025731498033,0.15312001619876364,0.2521620988845825,0.0006632276566333699,0.8039215686274509,0.014692378328741965,0.008695652173913044,0.047337278106508875,0.007136547821662482,0.030899542605454855,920,8,912,0.005693302789381485,169,29684,0.02005192321322422,0.00796307889544581,0.0,0.014692378328741965
1-1_GCN_none_s43,1:1,GCN,none,43,val,False,0.8589436988239446,0.20056752542028716,0.20145096902705228,0.5952556029446625,0.4539956748485565,3.396150358343275e-302,0.8039215686274509,0.28167069382119436,0.20574886535552195,0.44638949671772427,0.27814271409481955,0.042675987644285485,1983,408,1575,0.024167107350608143,914,37820,0.3234773279917149,0.20056752542028716,0.0,0.28167069382119436
1-1_GCN_none_s43,1:1,GCN,none,43,test,False,0.6523789428101447,0.008966820386867854,0.00912676225033008,0.25660786261523827,0.06510091572999954,3.0478765482827843e-10,0.8039215686274509,0.008281573498964804,0.005018820577164366,0.023668639053254437,-0.0014890391538329912,0.026867694392681687,797,4,793,0.005693302789381485,169,29684,0.02206468832072301,0.008966820386867854,0.0,0.008281573498964804
1-1_GCN_none_s44,1:1,GCN,none,44,val,False,0.8521743572084073,0.1790189501745608,0.17987102210475164,0.5746042847515737,0.44739750027656555,1.8228553817651433e-279,0.8823529411764706,0.25933360096346847,0.20481927710843373,0.3533916849015317,0.24538437041646222,0.03397821492440253,1577,323,1254,0.024167107350608143,914,37820,0.23547252218011638,0.1790189501745608,0.0,0.25933360096346847
1-1_GCN_none_s44,1:1,GCN,none,44,test,False,0.701357749093581,0.011812177226782098,0.011992657303182778,0.34817979424763457,0.2713537812232971,1.0499898060050008e-18,0.8823529411764706,0.016931216931216932,0.010309278350515464,0.047337278106508875,0.010051780937240998,0.02602066745722514,776,8,768,0.005693302789381485,169,29684,0.03457081423159599,0.011812177226782098,0.0,0.016931216931216932
1-1_GCN_class_weighting,1:1,GCN,class_weighting,42,val,False,0.8556671150231926,0.17585094216363936,0.17667219605853351,0.5904911774795769,0.49314484000205994,7.634455212703884e-297,0.8039215686274509,0.2541473125414731,0.1823809523809524,0.4190371991247265,0.2498034001596202,0.04652360049856392,2100,383,1717,0.024167107350608143,914,37820,0.21870390149775476,0.1758509421636394,2.7755575615628914e-17,0.2541473125414731
1-1_GCN_class_weighting,1:1,GCN,class_weighting,42,test,False,0.6029587803614049,0.008002570439910216,0.008205019489672751,0.15334074440135242,0.2287151962518692,0.0006480893488976301,0.8039215686274509,0.014678899082568808,0.008686210640608035,0.047337278106508875,0.007118094457634674,0.030933423682873114,921,8,913,0.005693302789381485,169,29684,0.020870691720551532,0.008002570439910216,0.0,0.014678899082568808
1-1_GCN_class_weighting_s43,1:1,GCN,class_weighting,43,val,False,0.8591753180740331,0.20026852143305116,0.20115201876980776,0.5956964888383416,0.4370817542076111,1.0774872629139537e-302,0.8235294117647058,0.28409947249434814,0.21666666666666667,0.412472647702407,0.2752777039684478,0.0369316642280388,1740,377,1363,0.024167107350608143,914,37820,0.32279455656340483,0.20026852143305116,0.0,0.28409947249434814
1-1_GCN_class_weighting_s43,1:1,GCN,class_weighting,43,test,False,0.6497099559245274,0.008842509247316555,0.009003837173986402,0.25903547188421894,0.1428120732307434,1.9730854101203025e-10,0.8235294117647058,0.006968641114982578,0.004335260115606936,0.01775147928994083,-0.0027885924876046,0.02334406234118245,692,3,689,0.005693302789381485,169,29684,0.02145265123764291,0.008842509247316555,0.0,0.006968641114982578
1-1_GCN_class_weighting_s44,1:1,GCN,class_weighting,44,val,False,0.8521743572084073,0.1790189501745608,0.17987102210475162,0.5746042847515737,0.4473974406719208,1.8228553817651433e-279,0.8823529411764706,0.25933360096346847,0.20481927710843373,0.3533916849015317,0.24538437041646222,0.03397821492440253,1577,323,1254,0.024167107350608143,914,37820,0.23547252218011638,0.1790189501745608,0.0,0.25933360096346847
1-1_GCN_class_weighting_s44,1:1,GCN,class_weighting,44,test,False,0.7013577490935808,0.011812177226782098,0.011992657303182778,0.34817979424763457,0.27135369181632996,1.0499898060050008e-18,0.8823529411764706,0.016931216931216932,0.010309278350515464,0.047337278106508875,0.010051780937240998,0.02602066745722514,776,8,768,0.005693302789381485,169,29684,0.03457081423159599,0.011812177226782098,0.0,0.016931216931216932
1-1_GCN_focal_loss,1:1,GCN,focal_loss,42,val,False,0.6374648835808662,0.045309799795275954,0.045642953517314414,0.20577797683653343,0.1740739643573761,1.3345912642421347e-33,0.5784313725490196,0.10206995003568879,0.07574152542372882,0.15645514223194748,0.07698295434617569,0.04728228472335122,1888,143,1745,0.024167107350608143,914,37820,0.12075957413389443,0.045309799795275954,0.0,0.10206995003568879
1-1_GCN_focal_loss,1:1,GCN,focal_loss,42,test,False,0.6665099583302844,0.010105358301616543,0.010343508524291528,0.25659783862783647,0.005495298653841019,3.0533266153479385e-10,0.5784313725490196,0.028,0.015015015015015015,0.20710059171597633,0.03616779416173532,0.07779095375232932,2331,35,2296,0.005693302789381485,169,29684,0.028689602638607852,0.010105358301616543,0.0,0.028
1-1_GCN_focal_loss_s43,1:1,GCN,focal_loss,43,val,False,0.7589122273026475,0.09451301449820304,0.09452758189057008,0.3724014798492734,0.8812762498855591,1.5329565736044893e-111,0.9901960784313726,0.16831320892791804,0.12644310060472788,0.25164113785557984,0.149703760968738,0.04305532975667913,1819,230,1589,0.024167107350608143,914,37820,0.21859242865556278,0.09451301449820304,0.0,0.16831320892791804
1-1_GCN_focal_loss_s43,1:1,GCN,focal_loss,43,test,False,0.6187025552146286,0.009511626069837678,0.010568646486855095,0.20580910117912166,0.060905613005161285,1.0200397651513575e-06,0.9901960784313726,0.014847809948032665,0.008488964346349746,0.05917159763313609,0.0075534746527574324,0.0395730984245299,1178,10,1168,0.005693302789381485,169,29684,0.024490920577467698,0.009511626069837678,0.0,0.014847809948032665
1-1_GCN_focal_loss_s44,1:1,GCN,focal_loss,44,val,False,0.7811976129313565,0.09621494062324315,0.09628015899040732,0.4217631498842467,0.8421236276626587,2.2319503622302392e-144,0.9607843137254901,0.17758527341635083,0.11798561151079137,0.3588621444201313,0.17207936367996782,0.06643906139923048,2780,328,2452,0.024167107350608143,914,37820,0.22693093403627893,0.09621494062324315,0.0,0.17758527341635083
1-1_GCN_focal_loss_s44,1:1,GCN,focal_loss,44,test,False,0.7435521202236953,0.0229478678857518,0.02188735281230739,0.3688286068562069,0.6708078384399414,5.240469989751419e-21,0.9607843137254901,0.04164321890827237,0.023009950248756218,0.21893491124260356,0.05508037617410673,0.05322717262408944,1608,37,1571,0.005693302789381485,169,29684,0.036690655703789016,0.0229478678857518,0.0,0.04164321890827237
1-1_GraphSAGE_none,1:1,GraphSAGE,none,42,val,False,0.92157838513624,0.3549215414422758,0.35579791372098546,0.7309725660590671,0.4162241220474243,0.0,0.9705882352941176,0.4296455424274973,0.4219409282700422,0.437636761487965,0.41532871282347245,0.01484853411369425,948,400,548,0.024167107350608143,914,37820,0.5659969494150682,0.3549215414422758,0.0,0.4296455424274973
1-1_GraphSAGE_none,1:1,GraphSAGE,none,42,test,False,0.6758390829254405,0.008965847026103197,0.009124184102510686,0.32579402510206923,0.005716884974390268,2.2347052066125034e-16,0.9705882352941176,0.00516795865633075,0.0045871559633027525,0.005917159763313609,-0.0012645561233631925,0.007352193799762832,218,1,217,0.005693302789381485,169,29684,0.02342803494215727,0.008965847026103197,0.0,0.00516795865633075
1-1_GraphSAGE_none_s43,1:1,GraphSAGE,none,43,val,False,0.9232946888191076,0.38130638548620355,0.382503602533689,0.7434366640377156,0.4829406440258026,0.0,0.9509803921568627,0.4558011049723757,0.3934817170111288,0.5415754923413567,0.4460892673729165,0.020674145125453857,1258,495,763,0.024167107350608143,914,37820,0.6521285237169513,0.38130638548620355,0.0,0.4558011049723757
1-1_GraphSAGE_none_s43,1:1,GraphSAGE,none,43,test,False,0.6878490227113483,0.01048233195345183,0.010816306991792925,0.30863736922455437,0.07884883135557175,1.0424172128242712e-14,0.9509803921568627,0.017057569296375266,0.013333333333333334,0.023668639053254437,0.010260249964313156,0.010028798915805522,300,4,296,0.005693302789381485,169,29684,0.024338550605238173,0.01048233195345183,0.0,0.017057569296375266
1-1_GraphSAGE_none_s44,1:1,GraphSAGE,none,44,val,False,0.9275349397327483,0.35520646507964093,0.35625730874977196,0.7536833478773503,0.47311732172966003,0.0,0.9607843137254901,0.42838137472283816,0.36017897091722595,0.5284463894967177,0.41951498262979214,0.02324825231669647,1341,483,858,0.024167107350608143,914,37820,0.5673745811616747,0.35520646507964093,0.0,0.42838137472283816
1-1_GraphSAGE_none_s44,1:1,GraphSAGE,none,44,test,False,0.7301285977343783,0.010936075550881582,0.011123481768727387,0.400535681886755,0.007529856637120247,7.724779856539582e-25,0.9607843137254901,0.013856812933025405,0.011363636363636364,0.01775147928994083,0.007139156697155736,0.008842961206166356,264,3,261,0.005693302789381485,169,29684,0.02977028766313276,0.010936075550881582,0.0,0.013856812933025405
1-1_GraphSAGE_class_weighting,1:1,GraphSAGE,class_weighting,42,val,False,0.9215782813774565,0.3549220266856754,0.3558002835996307,0.7309725660590671,0.41621166467666626,0.0,0.9705882352941176,0.4296455424274973,0.4219409282700422,0.437636761487965,0.41532871282347245,0.01484853411369425,948,400,548,0.024167107350608143,914,37820,0.5684315704068678,0.3549220266856754,0.0,0.4296455424274973
1-1_GraphSAGE_class_weighting,1:1,GraphSAGE,class_weighting,42,test,False,0.6758402858039287,0.008965900432442109,0.009124238253188215,0.32579402510206923,0.0057168691419065,2.2347052066125034e-16,0.9705882352941176,0.00516795865633075,0.0045871559633027525,0.005917159763313609,-0.0012645561233631925,0.007352193799762832,218,1,217,0.005693302789381485,169,29684,0.023415854485449146,0.008965900432442109,0.0,0.00516795865633075
1-1_GraphSAGE_class_weighting_s43,1:1,GraphSAGE,class_weighting,43,val,False,0.9232461889991737,0.38137436722714124,0.38251432061109714,0.7421734156715606,0.47577598690986633,0.0,0.9509803921568627,0.4563017479300828,0.39365079365079364,0.5426695842450766,0.44666033246407516,0.02070124099062483,1260,496,764,0.024167107350608143,914,37820,0.5853303922958896,0.38137436722714124,0.0,0.4563017479300828
1-1_GraphSAGE_class_weighting_s43,1:1,GraphSAGE,class_weighting,43,test,False,0.6881048348698435,0.010477888697037339,0.010807486762959551,0.30829855845037174,0.08013905584812164,1.1220249724538232e-14,0.9509803921568627,0.017167381974248927,0.013468013468013467,0.023668639053254437,0.010388252843671317,0.009927155683550737,297,4,293,0.005693302789381485,169,29684,0.025975887952959683,0.010477888697037339,0.0,0.017167381974248927
1-1_GraphSAGE_class_weighting_s44,1:1,GraphSAGE,class_weighting,44,val,False,0.9275349249100647,0.355206299514946,0.35625697762038194,0.7536833478773503,0.4731174111366272,0.0,0.9607843137254901,0.42838137472283816,0.36017897091722595,0.5284463894967177,0.41951498262979214,0.02324825231669647,1341,483,858,0.024167107350608143,914,37820,0.5679798856865567,0.355206299514946,0.0,0.42838137472283816
1-1_GraphSAGE_class_weighting_s44,1:1,GraphSAGE,class_weighting,44,test,False,0.7301285977343783,0.010936075550881582,0.011123481768727387,0.400535681886755,0.0075298636220395565,7.724779856539582e-25,0.9607843137254901,0.013856812933025405,0.011363636363636364,0.01775147928994083,0.007139156697155736,0.008842961206166356,264,3,261,0.005693302789381485,169,29684,0.02977028766313276,0.010936075550881582,0.0,0.013856812933025405
1-1_GraphSAGE_focal_loss,1:1,GraphSAGE,focal_loss,42,val,False,0.8659382266449948,0.2190605007018473,0.21989030440904944,0.5954708283069614,0.8181694746017456,1.9394150276887609e-302,0.9509803921568627,0.30709876543209874,0.23718712753277713,0.43544857768052514,0.298889216710433,0.03468270741884789,1678,398,1280,0.024167107350608143,914,37820,0.3089710107156084,0.2190605007018473,0.0,0.30709876543209874
1-1_GraphSAGE_focal_loss,1:1,GraphSAGE,focal_loss,42,test,False,0.4797921425972352,0.004879534746665203,0.004921080320054991,0.15343657372091413,0.29832106828689575,0.00010614187453432348,0.9509803921568627,0.0,0.0,0.0,-0.013449193250857049,0.030797899373200068,909,0,909,0.005693302789381485,169,29684,0.0034318712282979114,0.004879534746665203,0.0,0.0
1-1_GraphSAGE_focal_loss_s43,1:1,GraphSAGE,focal_loss,43,val,False,0.8916523509190833,0.36409123843457203,0.3646903935292239,0.663532736370513,0.6989052891731262,0.0,0.8823529411764706,0.43737373737373736,0.40619136960600377,0.4737417943107221,0.42365972550793785,0.017151682653227116,1066,433,633,0.024167107350608143,914,37820,0.5874857115400961,0.36409123843457203,0.0,0.43737373737373736
1-1_GraphSAGE_focal_loss_s43,1:1,GraphSAGE,focal_loss,43,test,False,0.6196478172266233,0.006867977493310298,0.006933781512999804,0.2829607250149607,0.4242304563522339,2.149921973486837e-12,0.8823529411764706,0.0,0.0,0.0,-0.00818147415601508,0.011621209554463831,343,0,343,0.005693302789381485,169,29684,0.009992484123995523,0.006867977493310298,0.0,0.0
1-1_GraphSAGE_focal_loss_s44,1:1,GraphSAGE,focal_loss,44,val,False,0.8748924614322674,0.23462015851027482,0.23545278131208958,0.6030028859171583,0.6406196355819702,4.8607223729987e-311,0.8137254901960784,0.3143285821455364,0.2391552511415525,0.45842450765864334,0.3085463891799085,0.036118788272909555,1752,419,1333,0.024167107350608143,914,37820,0.5494930418125072,0.23462015851027482,0.0,0.3143285821455364
1-1_GraphSAGE_focal_loss_s44,1:1,GraphSAGE,focal_loss,44,test,False,0.5459812330907864,0.005635585276102516,0.0056850698363230595,0.1924697801839802,0.29121628403663635,6.323153723158528e-06,0.8137254901960784,0.0,0.0,0.0,-0.015087748599387133,0.038455022869727254,1135,0,1135,0.005693302789381485,169,29684,0.004720521270565652,0.005635585276102516,0.0,0.0
1-1_GAT_none,1:1,GAT,none,42,val,False,0.9001532784040261,0.33697857621595834,0.3376338308270248,0.6540259415931728,0.5882443785667419,0.0,0.892156862745098,0.39328277356446373,0.3894849785407725,0.3971553610503282,0.3781257537706997,0.015417547282284724,932,363,569,0.024167107350608143,914,37820,0.5353766296987854,0.3369785762159583,5.551115123125783e-17,0.39328277356446373
1-1_GAT_none,1:1,GAT,none,42,test,False,0.6256284288301905,0.00963949571679295,0.009928966827069813,0.22391803585981263,0.1096317395567894,6.997291786155819e-08,0.892156862745098,0.02414486921529175,0.018292682926829267,0.03550295857988166,0.017700899587792245,0.010909706928680332,328,6,322,0.005693302789381485,169,29684,0.02037785886416175,0.00963949571679295,0.0,0.02414486921529175
1-1_GAT_none_s43,1:1,GAT,none,43,val,False,0.8908255712869683,0.36008211172389215,0.36048434474146407,0.6245485455330895,0.5395627021789551,0.0,0.9411764705882353,0.42733188720173537,0.4236559139784946,0.4310722100656455,0.4130396079568733,0.014523383731642551,930,394,536,0.024167107350608143,914,37820,0.5089239688059175,0.36008211172389215,0.0,0.42733188720173537
1-1_GAT_none_s43,1:1,GAT,none,43,test,False,0.521864622040543,0.0058328928503515965,0.006036340798225995,0.13934745846811414,0.000168141647009179,0.0026206542230250737,0.9411764705882353,0.0142602495543672,0.01020408163265306,0.023668639053254437,0.006935499302989218,0.013145858038285618,392,4,388,0.005693302789381485,169,29684,0.011876119487904022,0.0058328928503515965,0.0,0.0142602495543672
1-1_GAT_none_s44,1:1,GAT,none,44,val,False,0.9241216315007397,0.34298431006591673,0.34399253903596194,0.7347483778351791,0.5890479683876038,0.0,0.8725490196078431,0.42011834319526625,0.31731843575418994,0.6214442013129103,0.42548689551696695,0.03311114723893134,1790,568,1222,0.024167107350608143,914,37820,0.6013667719668657,0.34298431006591673,0.0,0.42011834319526625
1-1_GAT_none_s44,1:1,GAT,none,44,test,False,0.6946897926738685,0.010240672561593748,0.010515032167507255,0.3407323725675542,0.044649798423051834,6.5286502074241244e-18,0.8725490196078431,0.01607717041800643,0.011037527593818985,0.029585798816568046,0.008842389876278771,0.015178722683381331,453,5,448,0.005693302789381485,169,29684,0.02545514245428826,0.010240672561593748,0.0,0.01607717041800643
1-1_GAT_class_weighting,1:1,GAT,class_weighting,42,val,False,0.9001533228720763,0.33697861544910535,0.3376338693707497,0.6540259415931728,0.5882444381713867,0.0,0.892156862745098,0.39328277356446373,0.3894849785407725,0.3971553610503282,0.3781257537706997,0.015417547282284724,932,363,569,0.024167107350608143,914,37820,0.5353766296987854,0.33697861544910535,0.0,0.39328277356446373
1-1_GAT_class_weighting,1:1,GAT,class_weighting,42,test,False,0.6256283285903166,0.009639492936572031,0.009928966018947775,0.22391803585981263,0.10963167995214462,6.997291786155819e-08,0.892156862745098,0.02414486921529175,0.018292682926829267,0.03550295857988166,0.017700899587792245,0.010909706928680332,328,6,322,0.005693302789381485,169,29684,0.020376231499772596,0.009639492936572031,0.0,0.02414486921529175
1-1_GAT_class_weighting_s43,1:1,GAT,class_weighting,43,val,False,0.8908255712869682,0.36008211172389215,0.36048434474146407,0.6245485455330895,0.5395627021789551,0.0,0.9411764705882353,0.42733188720173537,0.4236559139784946,0.4310722100656455,0.4130396079568733,0.014523383731642551,930,394,536,0.024167107350608143,914,37820,0.5089239688059175,0.36008211172389215,0.0,0.42733188720173537
1-1_GAT_class_weighting_s43,1:1,GAT,class_weighting,43,test,False,0.521864622040543,0.0058328928503515965,0.006036340798225995,0.13934745846811414,0.000168141647009179,0.0026206542230250737,0.9411764705882353,0.0142602495543672,0.01020408163265306,0.023668639053254437,0.006935499302989218,0.013145858038285618,392,4,388,0.005693302789381485,169,29684,0.011876119487904022,0.0058328928503515965,0.0,0.0142602495543672
1-1_GAT_class_weighting_s44,1:1,GAT,class_weighting,44,val,False,0.9241216018553731,0.34298430802724333,0.34399253699623705,0.7347483778351791,0.5890474915504456,0.0,0.8725490196078431,0.42011834319526625,0.31731843575418994,0.6214442013129103,0.42548689551696695,0.03311114723893134,1790,568,1222,0.024167107350608143,914,37820,0.6013667719668657,0.34298430802724333,0.0,0.42011834319526625
1-1_GAT_class_weighting_s44,1:1,GAT,class_weighting,44,test,False,0.6946896924339946,0.01024067096676924,0.010515027961077486,0.3406984914901359,0.04464976117014885,6.5824887903520995e-18,0.8725490196078431,0.01607717041800643,0.011037527593818985,0.029585798816568046,0.008842389876278771,0.015178722683381331,453,5,448,0.005693302789381485,169,29684,0.02545372068102672,0.01024067096676924,0.0,0.01607717041800643
1-1_GAT_focal_loss,1:1,GAT,focal_loss,42,val,False,0.8653230408177568,0.23412298094228967,0.23465403034991286,0.5752551784230111,0.5607392191886902,3.6529082416037196e-280,0.8235294117647058,0.288268156424581,0.2945205479452055,0.28227571115973743,0.2710890240951954,0.016745244675662494,876,258,618,0.024167107350608143,914,37820,0.3164772807746009,0.23412298094228967,0.0,0.288268156424581
1-1_GAT_focal_loss,1:1,GAT,focal_loss,42,test,False,0.5166824210335332,0.005381295536213148,0.005448067652251911,0.13208708439295236,0.02249003015458584,0.005130061190209821,0.8235294117647058,0.003861003861003861,0.0028653295128939827,0.005917159763313609,-0.004099705355380548,0.01179061494155514,349,1,348,0.005693302789381485,169,29684,0.008285075736006921,0.005381295536213148,0.0,0.003861003861003861
1-1_GAT_focal_loss_s43,1:1,GAT,focal_loss,43,val,False,0.8638627693444615,0.24774805678715797,0.24875611522397054,0.5478064740974795,0.3070157468318939,1.0274289167729627e-251,0.696078431372549,0.3349282296650718,0.32574974146845914,0.34463894967177244,0.31811421901081666,0.01766650409147564,967,315,652,0.024167107350608143,914,37820,0.35404253358211035,0.24774805678715797,0.0,0.3349282296650718
1-1_GAT_focal_loss_s43,1:1,GAT,focal_loss,43,test,False,0.5829335600091017,0.006893602346951928,0.007073930392675979,0.1740865892079747,0.04180144891142845,6.360558193961147e-05,0.696078431372549,0.011095700416088766,0.007246376811594203,0.023668639053254437,0.0028414120670220743,0.01856683042520752,552,4,548,0.005693302789381485,169,29684,0.01873942435345972,0.006893602346951928,0.0,0.011095700416088766
1-1_GAT_focal_loss_s44,1:1,GAT,focal_loss,44,val,False,0.8513441683591206,0.1301865713836977,0.13087806537399882,0.5656655544910892,0.500251293182373,5.379081477768834e-270,0.6176470588235293,0.21812688821752266,0.1506677796327212,0.3949671772428884,0.21423349787703913,0.05514008562293394,2396,361,2035,0.024167107350608143,914,37820,0.24384490375957107,0.1301865713836977,0.0,0.21812688821752266
1-1_GAT_focal_loss_s44,1:1,GAT,focal_loss,44,test,False,0.6242841118797282,0.0074236678190544025,0.007520038139814462,0.24541167012661302,0.3573544919490814,2.1412303001912398e-09,0.6176470588235293,0.013001083423618635,0.007155635062611807,0.07100591715976332,0.004755946683133354,0.05641199390140606,1677,12,1665,0.005693302789381485,169,29684,0.01672902363121302,0.0074236678190544025,0.0,0.013001083423618635
1-1_TAGCN_none,1:1,TAGCN,none,42,val,False,0.9115444512707842,0.23488651083920106,0.2230601107350578,0.7025819098517602,0.4870191514492035,0.0,0.9901960784313726,0.3451388888888889,0.2527975584944049,0.5437636761487965,0.34862374263681434,0.03980382593616214,1966,497,1469,0.024167107350608143,914,37820,0.28506663942062516,0.23488651083920106,0.0,0.3451388888888889
1-1_TAGCN_none,1:1,TAGCN,none,42,test,False,0.6963099697576302,0.009481142534237147,0.009683545540042512,0.33683604866445405,0.0011347001418471336,1.6688048751508514e-17,0.9901960784313726,0.01124859392575928,0.006944444444444444,0.029585798816568046,0.0026218095389074726,0.024224970354057258,720,5,715,0.005693302789381485,169,29684,0.02666924909748447,0.009481142534237147,0.0,0.01124859392575928
1-1_TAGCN_none_s43,1:1,TAGCN,none,43,val,False,0.9048354824445476,0.2243703415069735,0.2207585336839811,0.6795959004489613,0.09284763783216476,0.0,0.9607843137254901,0.33945578231292517,0.24629812438302073,0.5459518599562363,0.34413096047729536,0.04137538611607869,2026,499,1527,0.024167107350608143,914,37820,0.3300811867316163,0.2243703415069735,0.0,0.33945578231292517
1-1_TAGCN_none_s43,1:1,TAGCN,none,43,test,False,0.7208102990456162,0.010642444059836434,0.01076903088893126,0.3549471886223734,0.0019132993184030056,1.919970171506582e-19,0.9607843137254901,0.004711425206124852,0.0029411764705882353,0.011834319526627219,-0.005600819136238774,0.022971370489581568,680,2,678,0.005693302789381485,169,29684,0.02590088780261097,0.010642444059836434,0.0,0.004711425206124852
1-1_TAGCN_none_s44,1:1,TAGCN,none,44,val,False,0.7961540117118172,0.141714123076474,0.1423804627983309,0.48280918546271856,0.503037691116333,6.985444961686732e-192,0.5392156862745098,0.2647058823529412,0.20479041916167665,0.3741794310722101,0.25280043895085336,0.035983308947054676,1670,342,1328,0.024167107350608143,914,37820,0.34996041962894886,0.141714123076474,0.0,0.2647058823529412
1-1_TAGCN_none_s44,1:1,TAGCN,none,44,test,False,0.6343588206578341,0.0072019919614912525,0.007289081178880705,0.3464592770499806,0.36147642135620117,1.607829913726355e-18,0.5392156862745098,0.009554140127388535,0.005519779208831647,0.03550295857988166,-0.0004496459765464377,0.03662544468914111,1087,6,1081,0.005693302789381485,169,29684,0.014854085574845952,0.0072019919614912525,0.0,0.009554140127388535
1-1_TAGCN_class_weighting,1:1,TAGCN,class_weighting,42,val,False,0.9105091313065626,0.24989101215442888,0.24746894886063994,0.6940056831353794,0.4929991662502289,0.0,0.9803921568627451,0.34970238095238093,0.2649379932356257,0.5142231947483589,0.34781809905679484,0.03533300818295128,1774,470,1304,0.024167107350608143,914,37820,0.3919605290508293,0.2498910121544289,2.7755575615628914e-17,0.34970238095238093
1-1_TAGCN_class_weighting,1:1,TAGCN,class_weighting,42,test,False,0.7199496394872932,0.01040818078740368,0.010572544464804389,0.39045776543268046,0.010961320251226425,1.3975834760285983e-23,0.9803921568627451,0.011918951132300357,0.007462686567164179,0.029585798816568046,0.0035736606988302647,0.022530916483144165,670,5,665,0.005693302789381485,169,29684,0.02672800310881336,0.01040818078740368,0.0,0.011918951132300357
1-1_TAGCN_class_weighting_s43,1:1,TAGCN,class_weighting,43,val,False,0.9041972176993275,0.22414879019196457,0.22124147066883282,0.675126446382619,0.11447496712207794,0.0,0.9411764705882353,0.3391275828140374,0.24215456674473068,0.5656455142231948,0.34720625209680556,0.0438411098466374,2135,517,1618,0.024167107350608143,914,37820,0.32998092284631914,0.22414879019196457,0.0,0.3391275828140374
1-1_TAGCN_class_weighting_s43,1:1,TAGCN,class_weighting,43,test,False,0.7247992445923094,0.010852367089525158,0.010982653198611915,0.35622264077938504,0.001539788325317204,1.3881323323414608e-19,0.9411764705882353,0.006772009029345372,0.0041841004184100415,0.01775147928994083,-0.0031558254471825416,0.024191089276638995,717,3,714,0.005693302789381485,169,29684,0.027085012949870955,0.010852367089525158,0.0,0.006772009029345372
1-1_TAGCN_class_weighting_s44,1:1,TAGCN,class_weighting,44,val,False,0.7961539968891337,0.14171412192490826,0.14238046049519948,0.48280918546271856,0.503037691116333,6.985444961686732e-192,0.5392156862745098,0.2647058823529412,0.20479041916167665,0.3741794310722101,0.25280043895085336,0.035983308947054676,1670,342,1328,0.024167107350608143,914,37820,0.34996041962894886,0.14171412192490826,0.0,0.2647058823529412
1-1_TAGCN_class_weighting_s44,1:1,TAGCN,class_weighting,44,test,False,0.6343589208977083,0.007201994046657035,0.00728908534921227,0.3464592770499806,0.36147642135620117,1.607829913726355e-18,0.5392156862745098,0.009554140127388535,0.005519779208831647,0.03550295857988166,-0.0004496459765464377,0.03662544468914111,1087,6,1081,0.005693302789381485,169,29684,0.014854085574845952,0.007201994046657035,0.0,0.009554140127388535
1-1_TAGCN_focal_loss,1:1,TAGCN,focal_loss,42,val,False,0.8514863327151683,0.15756317301592176,0.1579834515832766,0.5533464223556422,0.5241212248802185,2.6944533750668246e-257,0.6372549019607843,0.28582202111613875,0.2180667433831991,0.41466083150984684,0.2771127554734548,0.0368232807673549,1738,379,1359,0.024167107350608143,914,37820,0.455770622539689,0.15756317301592176,0.0,0.28582202111613875
1-1_TAGCN_focal_loss,1:1,TAGCN,focal_loss,42,test,False,0.6115631706674072,0.0068147105967097076,0.0068783869820389296,0.23430629496384847,0.47010722756385803,1.3527134937867499e-08,0.6372549019607843,0.0,0.0,0.0,-0.01433212976281469,0.034829747585973236,1028,0,1028,0.005693302789381485,169,29684,0.008785827069842496,0.006814710596709708,8.673617379884035e-19,0.0
1-1_TAGCN_focal_loss_s43,1:1,TAGCN,focal_loss,43,val,False,0.824797157507375,0.22348101266942733,0.2240493051683003,0.5430041618537415,0.5352447032928467,6.108104834849476e-247,0.6176470588235293,0.3024390243902439,0.25428784489187173,0.3730853391684901,0.28730859734432646,0.027095865170974908,1341,341,1000,0.024167107350608143,914,37820,0.4072329327147073,0.2234810126694273,2.7755575615628914e-17,0.3024390243902439
1-1_TAGCN_focal_loss_s43,1:1,TAGCN,focal_loss,43,test,False,0.5984224248626965,0.006490342888886769,0.006550525633476804,0.2297377624655802,0.4882511496543884,2.813546868389045e-08,0.6176470588235293,0.0,0.0,0.0,-0.011507656758422845,0.022734202947653735,671,0,671,0.005693302789381485,169,29684,0.00567582440187119,0.006490342888886769,0.0,0.0
1-1_TAGCN_focal_loss_s44,1:1,TAGCN,focal_loss,44,val,False,0.9145729181748747,0.3048288064118331,0.3055289422076394,0.7215540551837829,0.6196129322052002,0.0,0.8235294117647058,0.4269449715370019,0.3768844221105528,0.4923413566739606,0.41470009546827097,0.020159323687205334,1194,450,744,0.024167107350608143,914,37820,0.5463357765119987,0.3048288064118331,0.0,0.4269449715370019
1-1_TAGCN_focal_loss_s44,1:1,TAGCN,focal_loss,44,test,False,0.6954217442339519,0.009176755557030607,0.009295837918752837,0.3489249774710884,0.2359205186367035,8.723997128754364e-19,0.8235294117647058,0.007736943907156673,0.005747126436781609,0.011834319526627219,7.791480266146443e-05,0.011722852786718618,348,2,346,0.005693302789381485,169,29684,0.021730617171007577,0.009176755557030607,0.0,0.007736943907156673
1-100_subil_GCN_none,1:100_subil,GCN,none,42,val,False,0.3762924638750455,0.017528000351063413,0.017574815341553533,0.0076636830383797205,0.0002076297387247905,9.733876675291111e-42,0.00980392156862745,0.045078358865997536,0.02316043425814234,0.8402625820568927,-0.01748649229930555,0.8776892646182193,33160,768,32392,0.024167107350608143,914,37820,0.012448386448004122,0.017528000351063413,0.0,0.045078358865997536
1-100_subil_GCN_none,1:100_subil,GCN,none,42,test,False,0.4801706483615291,0.0058713896482732245,0.005966548491793271,0.08455273469412304,0.7379478812217712,0.0721352432850223,0.00980392156862745,0.01043833440490148,0.005252740560292326,0.8165680473372781,-0.01624826502271634,0.8854480772488565,26272,138,26134,0.005693302789381485,169,29684,0.018978585147438363,0.0058713896482732245,0.0,0.01043833440490148
1-100_subil_GCN_none_s43,1:100_subil,GCN,none,43,val,False,0.5709721788905778,0.02564574517729768,0.025706207591010017,0.20490575085725504,0.000256899103987962,2.5612712189081694e-33,0.00980392156862745,0.05783695873144948,0.03032725722204456,0.6225382932166302,0.039800829257310336,0.49295507505554653,18762,569,18193,0.024167107350608143,914,37820,0.024069984386636354,0.02564574517729768,0.0,0.05783695873144948
1-100_subil_GCN_none_s43,1:100_subil,GCN,none,43,test,False,0.5302538975769016,0.005439986454675107,0.0055061496445649415,0.2124596158607548,0.0006074213306419551,3.918172348664555e-07,0.00980392156862745,0.012561334641805692,0.0063508864779042076,0.5680473372781065,0.008902811620075758,0.5088937828222937,15116,96,15020,0.005693302789381485,169,29684,0.004872507994751956,0.005439986454675107,0.0,0.012561334641805692
1-100_subil_GCN_none_s44,1:100_subil,GCN,none,44,val,False,0.6039054094612121,0.03372472663582513,0.034021723044780496,0.1703760135306197,0.02999853529036045,4.161405968998653e-23,0.44117647058823534,0.07473903966597077,0.04618163054695562,0.19584245076586435,0.04844172461547572,0.10017341353709423,3876,179,3697,0.024167107350608143,914,37820,0.08246070093759264,0.03372472663582513,0.0,0.07473903966597077
1-100_subil_GCN_none_s44,1:100_subil,GCN,none,44,test,False,0.47290917164775315,0.004995875624831304,0.005069922823853772,0.09718957465214262,0.00034157285699620843,5.877153658408459e-06,0.44117647058823534,0.008528784648187633,0.004595588235294118,0.05917159763313609,-0.004103430072056374,0.07338641368795527,2176,10,2166,0.005693302789381485,169,29684,0.01482113940958239,0.004995875624831304,0.0,0.008528784648187633
1-100_subil_GCN_class_weighting,1:100_subil,GCN,class_weighting,42,val,False,0.8234420677951589,0.1944152596191985,0.1952932254139027,0.5259279563041525,0.39938172698020935,1.9536017646088646e-230,0.7352941176470588,0.2785829307568438,0.22038216560509555,0.3785557986870897,0.2659059726456878,0.03316533896927329,1570,346,1224,0.024167107350608143,914,37820,0.35615227567301,0.1944152596191985,0.0,0.2785829307568438
1-100_subil_GCN_class_weighting,1:100_subil,GCN,class_weighting,42,test,False,0.5372394139175045,0.005861771565539731,0.005966504760097946,0.111286308135368,0.01397734135389328,0.028767854899618417,0.7352941176470588,0.005594405594405594,0.003663003663003663,0.011834319526627219,-0.003693891683805145,0.018431306115534472,546,2,544,0.005693302789381485,169,29684,0.014450293938406591,0.005861771565539731,0.0,0.005594405594405594
1-100_subil_GCN_class_weighting_s43,1:100_subil,GCN,class_weighting,43,val,False,0.8333643423869098,0.19690093982262202,0.1978300764554051,0.5390572370209916,0.2923324406147003,4.6312689948619595e-243,0.7843137254901961,0.2658788774002954,0.24171888988361684,0.29540481400437635,0.24713735182105384,0.022950197799815747,1117,270,847,0.024167107350608143,914,37820,0.44638230627354747,0.19690093982262208,5.551115123125783e-17,0.2658788774002954
1-100_subil_GCN_class_weighting_s43,1:100_subil,GCN,class_weighting,43,test,False,0.640303847106125,0.00860012620788491,0.008720683779623813,0.25358382609584734,0.0712403729557991,5.207303170844464e-10,0.7843137254901961,0.0,0.0,0.0,-0.00816939988991869,0.01158732847704557,342,0,342,0.005693302789381485,169,29684,0.025326360371072006,0.00860012620788491,0.0,0.0
1-100_subil_GCN_class_weighting_s44,1:100_subil,GCN,class_weighting,44,val,False,0.6584421674035911,0.042641594587600494,0.04286275855479626,0.24968258705865898,0.5345928072929382,1.763779188498127e-49,0.6568627450980392,0.09613848202396805,0.0547301394784718,0.3949671772428884,0.09147289628136986,0.16894271934102856,6596,361,6235,0.024167107350608143,914,37820,0.09701878741301931,0.042641594587600494,0.0,0.09613848202396805
1-100_subil_GCN_class_weighting_s44,1:100_subil,GCN,class_weighting,44,test,False,0.5710641565265681,0.006446347972465884,0.006530798443197088,0.16704273326069285,0.09581242501735687,0.00014467289492914144,0.6568627450980392,0.011663167716351761,0.006070908207867897,0.14792899408284024,0.0020142235682526818,0.13867524987294597,4118,25,4093,0.005693302789381485,169,29684,0.01578630006956255,0.006446347972465884,0.0,0.011663167716351761
1-100_subil_GCN_focal_loss,1:100_subil,GCN,focal_loss,42,val,False,0.680414616541332,0.08235991045657241,0.08297367158378831,0.2450561904209654,0.2885507047176361,1.1789335864378426e-47,0.4901960784313726,0.17614494212380474,0.16309412861137,0.19146608315098468,0.15458792875540284,0.02433208692353547,1073,175,898,0.024167107350608143,914,37820,0.1840436298335651,0.08235991045657241,0.0,0.17614494212380474
1-100_subil_GCN_focal_loss,1:100_subil,GCN,focal_loss,42,test,False,0.6247895213245296,0.008160444537054747,0.008392543894164592,0.27822278712960113,0.00233482476323843,5.442786394304009e-12,0.4901960784313726,0.022263450834879406,0.013201320132013201,0.07100591715976332,0.017736062863224277,0.030391326444180924,909,12,897,0.005693302789381485,169,29684,0.033010728826191514,0.008160444537054747,0.0,0.022263450834879406
1-100_subil_GCN_focal_loss_s43,1:100_subil,GCN,focal_loss,43,val,False,0.6786099844883584,0.08392621867512469,0.0845709727939875,0.23032410330769953,0.002598316641524434,4.40047428178128e-42,0.6470588235294117,0.1846670397313934,0.18900343642611683,0.18052516411378555,0.16499485566830455,0.019183872541050237,873,165,708,0.024167107350608143,914,37820,0.3476084434806872,0.08392621867512469,0.0,0.1846670397313934
1-100_subil_GCN_focal_loss_s43,1:100_subil,GCN,focal_loss,43,test,False,0.48306126560860135,0.004950485042901126,0.0049890326296905055,0.21079503251280318,1.5097917582806986e-08,5.634856433227624e-09,0.6470588235294117,0.0,0.0,0.0,-0.01002475659476538,0.017347111638150094,512,0,512,0.005693302789381485,169,29684,0.003706725656436468,0.004950485042901126,0.0,0.0
1-100_subil_GCN_focal_loss_s44,1:100_subil,GCN,focal_loss,44,val,False,0.7577094110165266,0.12123508633067187,0.12209226697035565,0.3576527320399179,0.025910509750247,1.2157568594228226e-102,0.5784313725490196,0.19956803455723543,0.16488222698072805,0.2527352297592998,0.17971973166143776,0.03170216225004065,1401,231,1170,0.024167107350608143,914,37820,0.1932160132220485,0.12123508633067187,0.0,0.19956803455723543
1-100_subil_GCN_focal_loss_s44,1:100_subil,GCN,focal_loss,44,test,False,0.6330310432865848,0.0071661491417288475,0.0072456569274161045,0.2945512611679749,0.0010719472775235772,2.063642845239826e-13,0.5784313725490196,0.003893575600259572,0.002186588921282799,0.01775147928994083,-0.010260057355756094,0.04638319498560054,1372,3,1369,0.005693302789381485,169,29684,0.008920373472562537,0.0071661491417288475,0.0,0.003893575600259572
1-100_subil_GraphSAGE_none,1:100_subil,GraphSAGE,none,42,val,False,0.5412469772101836,0.024748871022141426,0.024838436819922923,0.1408607899826172,0.11625003069639206,6.6424857654383e-16,0.11764705882352941,0.05497037524687294,0.028337745197855153,0.9135667396061269,0.05100535501244121,0.7757817157101826,29466,835,28631,0.024167107350608143,914,37820,0.027709574811880286,0.024748871022141426,0.0,0.05497037524687294
1-100_subil_GraphSAGE_none,1:100_subil,GraphSAGE,none,42,test,False,0.7929951373637113,0.023918972519721138,0.024536254442553425,0.45930632002381705,0.4167581796646118,6.1204769065834904e-33,0.11764705882352941,0.014073950699533645,0.0070868453054891605,1.0,0.03743690430717211,0.8022361511096053,23847,169,23678,0.005693302789381485,169,29684,0.11223014275279726,0.023918972519721138,0.0,0.014073950699533645
1-100_subil_GraphSAGE_none_s43,1:100_subil,GraphSAGE,none,43,val,False,0.5238620151663325,0.023613501458966332,0.02384948563628099,0.10963301289063554,0.06514694541692734,8.591476140752447e-10,0.058823529411764705,0.05307473053107493,0.027356546995845856,0.8862144420131292,0.03943920664558299,0.7803338210589064,29609,810,28799,0.024167107350608143,914,37820,0.02626034543753661,0.023613501458966332,0.0,0.05307473053107493
1-100_subil_GraphSAGE_none_s43,1:100_subil,GraphSAGE,none,43,test,False,0.7577387688739152,0.012084392341071287,0.0123687998623529,0.4520098595940084,0.37699881196022034,7.345683129387387e-32,0.058823529411764705,0.013905459332702513,0.007001408567404093,1.0,0.0362711436767945,0.8120955446383195,24138,169,23969,0.005693302789381485,169,29684,0.03098806173581157,0.012084392341071287,0.0,0.013905459332702513
1-100_subil_GraphSAGE_none_s44,1:100_subil,GraphSAGE,none,44,val,False,0.527030452669334,0.023207459050365184,0.023253453839534158,0.14164366482663804,0.06308215111494064,4.459068578179487e-16,0.058823529411764705,0.05487191142569564,0.028275054375104566,0.9245076586433261,0.051913216332560415,0.7868639245651113,29885,845,29040,0.024167107350608143,914,37820,0.019386087639622247,0.023207459050365184,0.0,0.05487191142569564
1-100_subil_GraphSAGE_none_s44,1:100_subil,GraphSAGE,none,44,test,False,0.687956279376548,0.008751470348359677,0.008899080918454655,0.3804792869336322,0.33880627155303955,2.25867623621646e-22,0.058823529411764705,0.014076881429344884,0.007088331515812432,1.0,0.03745686217934466,0.802066745722514,23842,169,23673,0.005693302789381485,169,29684,0.024620253787731895,0.008751470348359675,1.734723475976807e-18,0.014076881429344884
1-100_subil_GraphSAGE_class_weighting,1:100_subil,GraphSAGE,class_weighting,42,val,True,0.9144277003460562,0.4325487813076372,0.43299789003972877,0.7106050133161058,0.0710674300789833,0.0,0.4901960784313726,0.48756218905472637,0.4155744024672321,0.5897155361050328,0.4803033549123329,0.020538665799598982,1297,539,758,0.024167107350608143,914,37820,0.505908984629925,0.4325487813076372,0.0,0.48756218905472637
1-100_subil_GraphSAGE_class_weighting,1:100_subil,GraphSAGE,class_weighting,42,test,True,0.6153451208742521,0.007381122094882771,0.0075559084858455835,0.22047860530248886,9.10233793547377e-05,1.1852099634959353e-07,0.4901960784313726,0.009195402298850575,0.007518796992481203,0.011834319526627219,0.0023071316738111753,0.008944604438421142,266,2,264,0.005693302789381485,169,29684,0.019008860195287657,0.007381122094882771,0.0,0.009195402298850575
1-100_subil_GraphSAGE_class_weighting_s43,1:100_subil,GraphSAGE,class_weighting,43,val,True,0.9231816955039006,0.4559742571096614,0.45645335830186295,0.7305667209888367,0.08068865537643433,0.0,0.7450980392156862,0.49817613340281397,0.47562189054726367,0.5229759299781181,0.48571870133700046,0.014279520945103777,1005,478,527,0.024167107350608143,914,37820,0.48130266347500084,0.4559742571096614,0.0,0.49817613340281397
1-100_subil_GraphSAGE_class_weighting_s43,1:100_subil,GraphSAGE,class_weighting,43,test,True,0.5962441121603999,0.0070524645242353075,0.0073349960989494215,0.23386383615993067,0.0001253602240467444,1.4530995332820407e-08,0.7450980392156862,0.01764705882352941,0.017543859649122806,0.01775147928994083,0.011989133924653892,0.005692021006267999,171,3,168,0.005693302789381485,169,29684,0.0186503066725779,0.0070524645242353075,0.0,0.01764705882352941
1-100_subil_GraphSAGE_class_weighting_s44,1:100_subil,GraphSAGE,class_weighting,44,val,False,0.8159401002321705,0.2329741530397747,0.2340837993849086,0.48760378991111253,0.4111376106739044,5.889049095875012e-196,0.7156862745098038,0.3565121412803532,0.3596881959910913,0.3533916849015317,0.3407338806782298,0.015580122473310573,898,323,575,0.024167107350608143,914,37820,0.46171890642538543,0.2329741530397747,0.0,0.3565121412803532
1-100_subil_GraphSAGE_class_weighting_s44,1:100_subil,GraphSAGE,class_weighting,44,test,False,0.5809526196187477,0.006439758372263304,0.006513270145609769,0.17304289163969377,0.11502192914485931,7.199899197187556e-05,0.7156862745098038,0.0,0.0,0.0,-0.00830129555002384,0.01196002032864645,353,0,353,0.005693302789381485,169,29684,0.011567977502942299,0.006439758372263304,0.0,0.0
1-100_subil_GraphSAGE_focal_loss,1:100_subil,GraphSAGE,focal_loss,42,val,True,0.875299151395449,0.28353077829657647,0.284344459577613,0.5887833671942712,0.27899470925331116,6.097753682065672e-295,0.4215686274509804,0.36321195144724555,0.31677524429967424,0.42560175054704596,0.34905386135007616,0.02273343087844795,1228,389,839,0.024167107350608143,914,37820,0.5473365678810833,0.28353077829657647,0.0,0.36321195144724555
1-100_subil_GraphSAGE_focal_loss,1:100_subil,GraphSAGE,focal_loss,42,test,True,0.48924807063302483,0.005005708132066192,0.005050956261422608,0.13778792650813398,0.08291319012641907,0.003036677295830374,0.4215686274509804,0.0,0.0,0.0,-0.009249580031608697,0.014806030831780451,437,0,437,0.005693302789381485,169,29684,0.003986376780739644,0.005005708132066192,0.0,0.0
1-100_subil_GraphSAGE_focal_loss_s43,1:100_subil,GraphSAGE,focal_loss,43,val,False,0.5115513023150304,0.02454985363341588,0.024615372921369737,0.041727454491101046,0.045958127826452255,0.08703383254406472,0.37254901960784315,0.04933586337760911,0.02643102908977166,0.36980306345733044,0.010536949204421966,0.3373435213786376,12788,338,12450,0.024167107350608143,914,37820,0.039698626903278106,0.02454985363341588,0.0,0.04933586337760911
1-100_subil_GraphSAGE_focal_loss_s43,1:100_subil,GraphSAGE,focal_loss,43,test,False,0.7756681739402389,0.01682858670269974,0.017101917119070654,0.44585894044448365,0.419964075088501,5.744730211819041e-31,0.37254901960784315,0.02386545147045006,0.012125262554897842,0.7514792899408284,0.06312386730966989,0.3505675080467559,10474,127,10347,0.005693302789381485,169,29684,0.05374515765150159,0.01682858670269974,0.0,0.02386545147045006
1-100_subil_GraphSAGE_focal_loss_s44,1:100_subil,GraphSAGE,focal_loss,44,val,False,0.5242787697315113,0.0234417715546464,0.02349706405406988,0.12276887487888388,0.26400914788246155,3.5576753458312932e-12,0.2843137254901961,0.05382089744415116,0.027726187317590873,0.9146608315098468,0.045957319916152095,0.7943423833523005,30152,836,29316,0.024167107350608143,914,37820,0.03273608561098167,0.023441770944174385,6.104720132182884e-10,0.05382089744415116
1-100_subil_GraphSAGE_focal_loss_s44,1:100_subil,GraphSAGE,focal_loss,44,test,False,0.69733792966569,0.009465673032269977,0.009566310513228544,0.376674782755133,0.5358514785766602,6.38435018172129e-22,0.2843137254901961,0.01362134279036028,0.00685737472103875,1.0,0.034216038542711255,0.8292732508893783,24645,169,24476,0.005693302789381485,169,29684,0.02006229676886139,0.009465673032269977,0.0,0.01362134279036028
1-100_subil_GAT_none,1:100_subil,GAT,none,42,val,False,0.827004536689758,0.14500266610805504,0.14588821458547632,0.5192364041308566,0.0025434447452425957,3.6494672921741764e-224,0.5784313725490196,0.21618625277161863,0.21910112359550563,0.21334792122538293,0.1970574770337655,0.018831626293827564,890,195,695,0.024167107350608143,914,37820,0.16940771253601106,0.14500266610805504,0.0,0.21618625277161863
1-100_subil_GAT_none,1:100_subil,GAT,none,42,test,False,0.4478372745981133,0.004587656119044417,0.004627138267462953,0.15173590401831583,5.797143121845185e-17,8.405486254728868e-06,0.5784313725490196,0.0,0.0,0.0,-0.0093882380711989,0.015246484838217856,450,0,450,0.005693302789381485,169,29684,0.0019848039341955935,0.004587656119044417,0.0,0.0
1-100_subil_GAT_none_s43,1:100_subil,GAT,none,43,val,False,0.8294246658463202,0.13628300367299032,0.1372496980461249,0.515298195035919,1.7849273717729375e-05,1.5941535531938099e-220,0.29411764705882354,0.2370299857210852,0.20977253580454927,0.2724288840262582,0.21756033979124098,0.025415921530374464,1187,249,938,0.024167107350608143,914,37820,0.2666977999772873,0.13628300635045246,2.6774621408875987e-09,0.2370299857210852
1-100_subil_GAT_none_s43,1:100_subil,GAT,none,43,test,False,0.5272134217181716,0.005402581308123545,0.00546391229505322,0.22004777432395728,3.0593163883658273e-21,1.2653288937741422e-07,0.29411764705882354,0.005256241787122208,0.0033783783783783786,0.011834319526627219,-0.004389030060628979,0.019989835676774523,592,2,590,0.005693302789381485,169,29684,0.003312788870522069,0.005402581308123545,0.0,0.005256241787122208
1-100_subil_GAT_none_s44,1:100_subil,GAT,none,44,val,False,0.6347252663072936,0.06789453853680526,0.06877504026356006,0.20908082643218842,0.0008912907214835286,1.1014946107853714e-34,0.676470588235294,0.13663845223700122,0.1527027027027027,0.12363238512035012,0.1182413415507982,0.016989107462201267,740,113,627,0.024167107350608143,914,37820,0.16346671644921867,0.06789453916300474,6.261994811573857e-10,0.13663845223700122
1-100_subil_GAT_none_s44,1:100_subil,GAT,none,44,test,False,0.48455554141059554,0.004949439908346211,0.0049883001582384555,0.21233170978150717,3.810485709924245e-16,1.6356819652093296e-07,0.676470588235294,0.0,0.0,0.0,-0.013280369092144606,0.030052515669998305,887,0,887,0.005693302789381485,169,29684,0.0029016108198652345,0.004949439908346211,0.0,0.0
1-100_subil_GAT_class_weighting,1:100_subil,GAT,class_weighting,42,val,False,0.89878117225132,0.35398285318032285,0.35499497375365124,0.655498604829752,0.37571844458580017,0.0,0.8725490196078431,0.427536231884058,0.4056974459724951,0.45185995623632386,0.41320654739274004,0.01639299842843982,1018,413,605,0.024167107350608143,914,37820,0.529445932676825,0.35398285318032285,0.0,0.427536231884058
1-100_subil_GAT_class_weighting,1:100_subil,GAT,class_weighting,42,test,False,0.6075570841022567,0.007140591522268798,0.007230542726169397,0.2178457047715182,0.013811280950903893,1.764007235977431e-07,0.8725490196078431,0.0,0.0,0.0,-0.006686729197717851,0.007792647806200237,230,0,230,0.005693302789381485,169,29684,0.016544549854703768,0.007140591522268798,0.0,0.0
1-100_subil_GAT_class_weighting_s43,1:100_subil,GAT,class_weighting,43,val,False,0.8894849633363892,0.3135017485417696,0.31409182358279336,0.6258394826717495,0.5465865731239319,0.0,0.8725490196078431,0.38980509745127434,0.35878564857405704,0.42669584245076586,0.3748318722072826,0.018885818024169512,1087,390,697,0.024167107350608143,914,37820,0.5568742906372703,0.3135017485417696,0.0,0.38980509745127434
1-100_subil_GAT_class_weighting_s43,1:100_subil,GAT,class_weighting,43,test,False,0.593382363997045,0.008133833266754455,0.008316558372501568,0.17411605973093613,0.003507531015202403,6.338265318454398e-05,0.8725490196078431,0.027809965237543453,0.01729106628242075,0.07100591715976332,0.023849954373840597,0.023106894799254617,694,12,682,0.005693302789381485,169,29684,0.024863100133831736,0.008133833266754455,0.0,0.027809965237543453
1-100_subil_GAT_class_weighting_s44,1:100_subil,GAT,class_weighting,44,val,False,0.910916814389529,0.34423802940916665,0.34530178452213395,0.6892865557906235,0.3963722586631775,0.0,0.8431372549019608,0.42743817078861407,0.3726606997558991,0.5010940919037199,0.4158948451035353,0.020890912046821655,1229,458,771,0.024167107350608143,914,37820,0.3943682309450459,0.34423802940916665,0.0,0.42743817078861407
1-100_subil_GAT_class_weighting_s44,1:100_subil,GAT,class_weighting,44,test,False,0.5820424275290771,0.006411724303240825,0.006491897487444883,0.1938687278657829,0.004432233050465584,5.25301493969585e-06,0.8431372549019608,0.0,0.0,0.0,-0.007330671436676662,0.009351177367440285,276,0,276,0.005693302789381485,169,29684,0.014443490834916166,0.006411724303240825,0.0,0.0
1-100_subil_GAT_focal_loss,1:100_subil,GAT,focal_loss,42,val,True,0.9012614815022991,0.36435670770141476,0.3649582727649152,0.6703134618068661,0.27482160925865173,0.0,0.4019607843137255,0.43347847121432026,0.388551604509974,0.49015317286652077,0.4207622742366083,0.01910258494553731,1153,448,705,0.024167107350608143,914,37820,0.6017580339383585,0.36435670770141476,0.0,0.43347847121432026
1-100_subil_GAT_focal_loss,1:100_subil,GAT,focal_loss,42,test,True,0.5146052503641213,0.005313832615178078,0.005372543303339982,0.13595935072628795,0.009087936021387577,0.0036016391684868315,0.4019607843137255,0.0,0.0,0.0,-0.008108771322365085,0.011417923089954261,337,0,337,0.005693302789381485,169,29684,0.005363480340315354,0.005313832615178078,0.0,0.0
1-100_subil_GAT_focal_loss_s43,1:100_subil,GAT,focal_loss,43,val,False,0.8636804948072584,0.2239807880502775,0.22470167828884743,0.5470961711111593,0.0014145242748782039,5.267638783812007e-251,0.2647058823529412,0.3025522041763341,0.2626913779210314,0.35667396061269147,0.28608987688767,0.02479271663144204,1241,326,915,0.024167107350608143,914,37820,0.31064347255276936,0.2239807880502775,0.0,0.3025522041763341
1-100_subil_GAT_focal_loss_s43,1:100_subil,GAT,focal_loss,43,test,False,0.5613663496747717,0.005920231663288792,0.006005894402685228,0.22220533737233206,3.550487126524615e-10,9.106619513187242e-08,0.2647058823529412,0.0033444816053511705,0.002331002331002331,0.005917159763313609,-0.0054115639065394835,0.014501101135016093,429,1,428,0.005693302789381485,169,29684,0.011586610986296837,0.005920231663288792,0.0,0.0033444816053511705
1-100_subil_GAT_focal_loss_s44,1:100_subil,GAT,focal_loss,44,val,False,0.6695750401902236,0.1250021354985107,0.12528257268295212,0.26250491964860523,0.1259511411190033,9.972901922546798e-55,0.5588235294117647,0.18363939899833054,0.1868629671574179,0.18052516411378555,0.16380455770334945,0.019454831192759984,883,165,718,0.024167107350608143,914,37820,0.14523723983725,0.1250021354985107,0.0,0.18363939899833054
1-100_subil_GAT_focal_loss_s44,1:100_subil,GAT,focal_loss,44,test,False,0.4559230237959437,0.004687485001935452,0.004723796594261248,0.14700137428867277,0.00056920648785308,3.2401900295978915e-09,0.5588235294117647,0.0,0.0,0.0,-0.00972163204362819,0.016330679315602236,482,0,482,0.005693302789381485,169,29684,0.0022109464620525855,0.004687485001935452,0.0,0.0
1-100_subil_TAGCN_none,1:100_subil,TAGCN,none,42,val,False,0.6696629090571456,0.05095691182189828,0.05150306154999365,0.2510855243927413,0.25221407413482666,4.851380922976384e-50,0.39215686274509803,0.0910268270120259,0.05477621910487642,0.26914660831509846,0.07316629281663194,0.11502194765078849,4491,246,4245,0.024167107350608143,914,37820,0.1297086527749361,0.05095691182189828,0.0,0.0910268270120259
1-100_subil_TAGCN_none,1:100_subil,TAGCN,none,42,test,False,0.6243063651317604,0.006816330821862274,0.006868163784292282,0.40441556645051613,0.20279845595359802,2.476026773077711e-25,0.39215686274509803,0.0016506189821182944,0.0008655510675129833,0.01775147928994083,-0.023330127050765384,0.11733017109944097,3466,3,3463,0.005693302789381485,169,29684,0.005692909192968141,0.006816330821862274,0.0,0.0016506189821182944
1-100_subil_TAGCN_none_s43,1:100_subil,TAGCN,none,43,val,False,0.5665945365249299,0.025376507190071652,0.025432206681689915,0.208888072257854,0.01508241519331932,1.275558393132359e-34,0.029411764705882353,0.06057774663240676,0.031406426610689486,0.8512035010940919,0.06495404911930801,0.650138188912372,24772,778,23994,0.024167107350608143,914,37820,0.02891186682484893,0.025376507190071652,0.0,0.06057774663240676
1-100_subil_TAGCN_none_s43,1:100_subil,TAGCN,none,43,test,False,0.5622853488397735,0.005861694139398324,0.005905769854486816,0.3444941745597214,0.2439003586769104,2.608228099634393e-18,0.029411764705882353,0.015338691159586682,0.007729334444135888,0.9881656804733728,0.04425654066888616,0.7263764187701169,21606,167,21439,0.005693302789381485,169,29684,0.003766959876851098,0.005861694139398324,0.0,0.015338691159586682
1-100_subil_TAGCN_none_s44,1:100_subil,TAGCN,none,44,val,False,0.6200602370135211,0.030846877875444628,0.030934626428730655,0.2059130411272544,0.21230046451091766,1.206139124961474e-33,0.2549019607843137,0.06920812692942781,0.03703419131771033,0.5273522975929978,0.06069215293820681,0.33959247818782856,13015,482,12533,0.024167107350608143,914,37820,0.05094889216889308,0.030846877875444628,0.0,0.06920812692942781
1-100_subil_TAGCN_none_s44,1:100_subil,TAGCN,none,44,test,False,0.6009596965538535,0.0064062636903958635,0.006460204573353679,0.373276651025905,0.16157764196395874,1.5987430062446885e-21,0.2549019607843137,0.013154433043935806,0.00667616165212747,0.4437869822485207,0.010193371665898695,0.3780789429103846,11234,75,11159,0.005693302789381485,169,29684,0.004495850125260681,0.0064062636903958635,0.0,0.013154433043935806
1-100_subil_TAGCN_class_weighting,1:100_subil,TAGCN,class_weighting,42,val,True,0.890646602208153,0.3681265161416114,0.36865522538386425,0.6317471520585565,0.0062568821012973785,0.0,0.7745098039215685,0.4440697020798201,0.45664739884393063,0.43216630196936545,0.4308615202083486,0.012735056630358208,865,395,470,0.024167107350608143,914,37820,0.5126535989159977,0.3681265161416114,0.0,0.4440697020798201
1-100_subil_TAGCN_class_weighting,1:100_subil,TAGCN,class_weighting,42,test,True,0.6711785302228231,0.008730805004049729,0.008904786571522726,0.30873780957832087,2.850505552487448e-05,1.0199042334925031e-14,0.7745098039215685,0.009324009324009324,0.007692307692307693,0.011834319526627219,0.0024975106806838293,0.00874131797391157,260,2,258,0.005693302789381485,169,29684,0.020332410436564707,0.008730805004049729,0.0,0.009324009324009324
1-100_subil_TAGCN_class_weighting_s43,1:100_subil,TAGCN,class_weighting,43,val,True,0.8731578072674074,0.3138420548922111,0.31455194829713556,0.5847766773022385,0.003827442182227969,1.642990431506752e-290,0.7058823529411764,0.3979533826037521,0.41420118343195267,0.38293216630196936,0.3839518396063814,0.01341245325963258,845,350,495,0.024167107350608143,914,37820,0.40437505253577477,0.3138420548922111,0.0,0.3979533826037521
1-100_subil_TAGCN_class_weighting_s43,1:100_subil,TAGCN,class_weighting,43,test,True,0.5886480347471499,0.006857411260337554,0.007165189781506508,0.22738272686538885,1.381496304020402e-06,4.079877891623209e-08,0.7058823529411764,0.010638297872340425,0.00966183574879227,0.011834319526627219,0.004420090896008907,0.006945620870743689,207,2,205,0.005693302789381485,169,29684,0.010578747036655355,0.006857411260337554,0.0,0.010638297872340425
1-100_subil_TAGCN_class_weighting_s44,1:100_subil,TAGCN,class_weighting,44,val,False,0.7883425465203987,0.14268647872182913,0.1433135861864517,0.4681462313446154,0.4724377393722534,9.669900074214072e-180,0.5294117647058824,0.2579890880748246,0.200363196125908,0.36214442013129106,0.24521045098289365,0.035793637890857856,1652,331,1321,0.024167107350608143,914,37820,0.35124295090175767,0.14268647872182913,0.0,0.2579890880748246
1-100_subil_TAGCN_class_weighting_s44,1:100_subil,TAGCN,class_weighting,44,test,False,0.6414823673049608,0.007240436212001846,0.007323393952616013,0.35494157518942826,0.3588463068008423,1.9227073240223206e-19,0.5294117647058824,0.007739938080495356,0.004452359750667854,0.029585798816568046,-0.003270489035607053,0.037879044553616806,1123,5,1118,0.005693302789381485,169,29684,0.014350993313063345,0.007240436212001846,0.0,0.007739938080495356
1-100_subil_TAGCN_focal_loss,1:100_subil,TAGCN,focal_loss,42,val,True,0.8725319194627881,0.34046877658336927,0.3414396348252526,0.5878986901609755,0.1196928545832634,5.852686922734182e-294,0.3627450980392157,0.3958218801539307,0.39779005524861877,0.3938730853391685,0.3809397863453985,0.014767246518181325,905,360,545,0.024167107350608143,914,37820,0.5951742331608131,0.34046877658336927,0.0,0.3958218801539307
1-100_subil_TAGCN_focal_loss,1:100_subil,TAGCN,focal_loss,42,test,True,0.6428495389466995,0.007917038443533544,0.008059541285396479,0.27945573758002895,0.0308607816696167,4.281034343557344e-12,0.3627450980392157,0.008830022075055188,0.007042253521126761,0.011834319526627219,0.0017621353747197244,0.009554463831949855,284,2,282,0.005693302789381485,169,29684,0.019223733101455406,0.007917038443533544,0.0,0.008830022075055188
1-100_subil_TAGCN_focal_loss_s43,1:100_subil,TAGCN,focal_loss,43,val,False,0.7662670500879817,0.06916218759959639,0.0693129628222986,0.42103019783776185,0.35011008381843567,7.440681401796682e-144,0.4215686274509804,0.15377677564825254,0.09684748650951434,0.3730853391684901,0.1516384741198314,0.08616485124370021,3521,341,3180,0.024167107350608143,914,37820,0.21679036289676445,0.06916218759959639,0.0,0.15377677564825254
1-100_subil_TAGCN_focal_loss_s43,1:100_subil,TAGCN,focal_loss,43,test,False,0.48500922708040345,0.004936678183531457,0.004977232292171459,0.16188398838420337,0.2257911115884781,0.00010702223044131998,0.4215686274509804,0.0008071025020177562,0.00043308791684711995,0.005917159763313609,-0.020304676015550954,0.07819752668134847,2309,1,2308,0.005693302789381485,169,29684,0.0033969856562334564,0.004936678183531457,0.0,0.0008071025020177562
1-100_subil_TAGCN_focal_loss_s44,1:100_subil,TAGCN,focal_loss,44,val,False,0.7947489992020653,0.10122148793503438,0.10180456352353882,0.4824144870503702,0.2970246970653534,1.504103557588547e-191,0.4215686274509804,0.18214127054642382,0.15332834704562454,0.22428884026258206,0.16100989793820344,0.030672519373543598,1337,205,1132,0.024167107350608143,914,37820,0.2262677041076553,0.10122148793503435,2.7755575615628914e-17,0.18214127054642382
1-100_subil_TAGCN_focal_loss_s44,1:100_subil,TAGCN,focal_loss,44,test,False,0.4732270322882658,0.004841720162574661,0.004881139507283569,0.10272201377897305,0.09552544355392456,4.265655286460688e-05,0.4215686274509804,0.0,0.0,0.0,-0.013608626623297104,0.03150940199898357,930,0,930,0.005693302789381485,169,29684,0.0024256872614560913,0.004841720162574661,0.0,0.0
1-200_subil_GCN_none,1:200_subil,GCN,none,42,val,False,0.5793744762404837,0.04442956941065855,0.04500715061187392,0.1474561725863128,0.4180523455142975,2.1558569842894435e-17,0.5,0.09650479430869162,0.06727037516170763,0.17067833698030635,0.07173650529031932,0.05860835636481873,2319,156,2163,0.024167107350608143,914,37820,0.08587850430818209,0.04442956941065855,0.0,0.09650479430869162
1-200_subil_GCN_none,1:200_subil,GCN,none,42,test,False,0.48067405300885013,0.005427388879554573,0.005645154206748736,0.14639472257111263,0.0017487843288108706,2.6449828066275673e-06,0.5,0.007412898443291327,0.0039541320680110716,0.05917159763313609,-0.007054226555419854,0.08534643401660173,2529,10,2519,0.005693302789381485,169,29684,0.016402135506759903,0.005427388001556642,8.77997931303387e-10,0.007412898443291327
1-200_subil_GCN_none_s43,1:200_subil,GCN,none,43,val,False,0.41866365268152417,0.019495500240509556,0.01981429802152134,0.0010669960385489374,0.9989803433418274,5.040964605736392e-17,0.20588235294117646,0.04234427738570114,0.022210300429184548,0.45295404814004375,-0.012561646462484151,0.4938492386061887,18640,414,18226,0.024167107350608143,914,37820,0.015305264151372781,0.019495500240509556,0.0,0.04234427738570114
1-200_subil_GCN_none_s43,1:200_subil,GCN,none,43,test,False,0.4639821091872852,0.004763501424607307,0.004808107109346329,0.09571083603062125,0.02074962854385376,0.0019333112815393772,0.20588235294117646,0.008782375707055671,0.004447124444109445,0.34911242603550297,-0.014889404981820634,0.4475012705404032,13267,59,13208,0.005693302789381485,169,29684,0.004156305718450983,0.004763501424607307,0.0,0.008782375707055671
1-200_subil_GCN_none_s44,1:200_subil,GCN,none,44,val,False,0.37719028862847603,0.01735840779931361,0.017389690738687385,0.013865553044395407,0.059180811047554016,2.3754564771171264e-38,0.058823529411764705,0.04778231889623392,0.024505528514756774,0.9529540481400438,0.008706687929574186,0.9394678372080421,35543,871,34672,0.024167107350608143,914,37820,0.0065305242783525,0.01735840779931361,0.0,0.04778231889623392
1-200_subil_GCN_none_s44,1:200_subil,GCN,none,44,test,False,0.4085959701565847,0.004318271095698474,0.004353661846159238,0.0028241582105978935,0.0042572785168886185,4.827287385050553e-07,0.058823529411764705,0.010976710597580791,0.005522051878224224,0.8994082840236687,-0.008128986462460288,0.9274606132475013,27526,152,27374,0.005693302789381485,169,29684,0.0022169332195811934,0.004318271095698474,0.0,0.010976710597580791
1-200_subil_GCN_class_weighting,1:200_subil,GCN,class_weighting,42,val,False,0.7983938673934288,0.18977276663809303,0.1906963054970435,0.47140081828327,0.3553134500980377,2.1458080418351456e-182,0.7549019607843137,0.2671118530884808,0.21592442645074225,0.350109409190372,0.25217119633591073,0.031485395328672845,1482,320,1162,0.024167107350608143,914,37820,0.4538652510962726,0.18977276663809303,0.0,0.2671118530884808
1-200_subil_GCN_class_weighting,1:200_subil,GCN,class_weighting,42,test,False,0.41737738408010366,0.004605376118118877,0.004753382849830966,0.04510894570707702,0.0020436164923012257,1.824949382707325e-08,0.7549019607843137,0.005095541401273885,0.003246753246753247,0.011834319526627219,-0.004733631778000438,0.020802981534812807,616,2,614,0.005693302789381485,169,29684,0.009695771988852426,0.004605376118118877,0.0,0.005095541401273885
1-200_subil_GCN_class_weighting_s43,1:200_subil,GCN,class_weighting,43,val,False,0.837184681503817,0.20734648851689294,0.20827325407748076,0.5620351235933125,0.4057256877422333,3.2748800332418346e-266,0.8039215686274509,0.28116710875331563,0.23590504451038577,0.3479212253829322,0.2650719494777325,0.027908741126104156,1348,318,1030,0.024167107350608143,914,37820,0.3254040493745337,0.20734648851689294,0.0,0.28116710875331563
1-200_subil_GCN_class_weighting_s43,1:200_subil,GCN,class_weighting,43,test,False,0.6009691191020111,0.007894955876623406,0.008018324941283685,0.1699196176450245,0.16936536133289337,0.0001038583523099497,0.8039215686274509,0.0035211267605633804,0.002506265664160401,0.005917159763313609,-0.004944343477254387,0.013484668812468237,399,1,398,0.005693302789381485,169,29684,0.025896699905210062,0.007894955876623406,0.0,0.0035211267605633804
1-200_subil_GCN_class_weighting_s44,1:200_subil,GCN,class_weighting,44,val,False,0.6588454481496014,0.04227851960396503,0.042489693463338515,0.25462796784212915,0.5427379012107849,1.8012322507170072e-51,0.7156862745098038,0.09543836945972177,0.055998481397114656,0.3227571115973742,0.08338527562386631,0.13474773749525823,5268,295,4973,0.024167107350608143,914,37820,0.10447367711213508,0.04227851960396503,0.0,0.09543836945972177
1-200_subil_GCN_class_weighting_s44,1:200_subil,GCN,class_weighting,44,test,False,0.5640607974883898,0.006212528420328819,0.0062892711925282615,0.14881892368437677,0.01912534236907959,0.0010330891159136657,0.7156862745098038,0.007593457943925234,0.0039938556067588326,0.07692307692307693,-0.00792684706742922,0.10984245299000509,3255,13,3242,0.005693302789381485,169,29684,0.01411643389754897,0.006212528420328819,0.0,0.007593457943925234
1-200_subil_GCN_focal_loss,1:200_subil,GCN,focal_loss,42,val,False,0.5701156204876046,0.031033804087747308,0.03124230788519465,0.13822087007728312,1.0985991671930151e-08,2.5049840128083145e-15,0.14705882352941177,0.059369202226345084,0.044918585064570464,0.087527352297593,0.030039628680650472,0.04609006665582832,1781,80,1701,0.024167107350608143,914,37820,0.073881534458905,0.031033804087747308,0.0,0.059369202226345084
1-200_subil_GCN_focal_loss,1:200_subil,GCN,focal_loss,42,test,False,0.5019413456401168,0.005103289718610345,0.005149241799861679,0.21269237284822584,3.5965017559647094e-06,3.786974465116358e-07,0.14705882352941177,0.0035650623885918,0.0019277108433734939,0.023668639053254437,-0.013720648715336157,0.0701677113332204,2075,4,2071,0.005693302789381485,169,29684,0.005269984156016054,0.005103289718610345,0.0,0.0035650623885918
1-200_subil_GCN_focal_loss_s43,1:200_subil,GCN,focal_loss,43,val,False,0.7044047738052592,0.08885266391104586,0.0893893751896071,0.27329150490672316,0.03142019361257553,2.329293781331438e-59,0.4901960784313726,0.18444666001994017,0.16941391941391942,0.2024070021881838,0.16308695584728838,0.024575949710074242,1092,185,907,0.024167107350608143,914,37820,0.35157750630753337,0.08885266391104586,0.0,0.18444666001994017
1-200_subil_GCN_focal_loss_s43,1:200_subil,GCN,focal_loss,43,test,False,0.4370777270007127,0.004531532758154012,0.004566768427539678,0.09362985624599673,1.24644802781404e-05,5.715023149225635e-09,0.4901960784313726,0.0,0.0,0.0,-0.009964819971637626,0.01714382517364052,506,0,506,0.005693302789381485,169,29684,0.0018128574564333028,0.004531532758154012,0.0,0.0
1-200_subil_GCN_focal_loss_s44,1:200_subil,GCN,focal_loss,44,val,False,0.7117749677132311,0.09169141791717451,0.09255054482957592,0.30318292815824843,0.026548312976956367,3.024227745548808e-73,0.6176470588235293,0.1326644370122631,0.13522727272727272,0.1301969365426696,0.11162234556866962,0.020619953395111905,880,119,761,0.024167107350608143,914,37820,0.2092710941724576,0.0916914179171745,1.3877787807814457e-17,0.1326644370122631
1-200_subil_GCN_focal_loss_s44,1:200_subil,GCN,focal_loss,44,test,False,0.6335139989996061,0.007944558672764546,0.00808649294291474,0.25706796363698337,0.0019123662495985627,2.807691593142013e-10,0.6176470588235293,0.009242144177449169,0.00547645125958379,0.029585798816568046,-0.0005134262597252738,0.030764018295781806,913,5,908,0.005693302789381485,169,29684,0.019517246447522788,0.007944558672764546,0.0,0.009242144177449169
1-200_subil_GraphSAGE_none,1:200_subil,GraphSAGE,none,42,val,False,0.5607182171134165,0.02646218112839068,0.026541165747573446,0.1573453333034508,2.3823375563947202e-11,9.361160953795177e-20,0.00980392156862745,0.04727312154396617,0.02623661090383921,0.23851203501094093,0.00715069955060815,0.219232645098358,8309,218,8091,0.024167107350608143,914,37820,0.04361776022402726,0.02646218112839068,0.0,0.04727312154396617
1-200_subil_GraphSAGE_none,1:200_subil,GraphSAGE,none,42,test,False,0.7055616089301698,0.009110603875661302,0.009189402247323092,0.42852485998995593,0.0018240164499729872,1.5715147239447105e-28,0.00980392156862745,0.021273537444300706,0.010901591043017089,0.4378698224852071,0.037691532672621715,0.2274775537862104,6788,74,6714,0.005693302789381485,169,29684,0.014134620529230783,0.009110603875661302,0.0,0.021273537444300706
1-200_subil_GraphSAGE_none_s43,1:200_subil,GraphSAGE,none,43,val,False,0.573189652320325,0.027429880796277648,0.027504387477693838,0.17819385247588027,5.276786785302079e-10,2.998452321608792e-25,0.00980392156862745,0.05498344979771975,0.03001405340293114,0.32713347921225383,0.022768128109215448,0.2618273451471306,9962,299,9663,0.024167107350608143,914,37820,0.03884178956160789,0.027429880796277648,0.0,0.05498344979771975
1-200_subil_GraphSAGE_none_s43,1:200_subil,GraphSAGE,none,43,test,False,0.6979564096883843,0.008764229702050126,0.008839568393038063,0.4018604520617838,0.0028447271324694157,5.245612049630476e-25,0.00980392156862745,0.021739130434782608,0.011098640728270357,0.5266272189349113,0.04370803557480644,0.26867694392681685,8019,89,7930,0.005693302789381485,169,29684,0.011156287684971091,0.008764229702050126,0.0,0.021739130434782608
1-200_subil_GraphSAGE_none_s44,1:200_subil,GraphSAGE,none,44,val,False,0.5534654633256575,0.026083679933911127,0.026165940920474307,0.14171196775153294,3.547125917643945e-12,4.306225122662921e-16,0.00980392156862745,0.04971634863331614,0.02744562122765061,0.2636761487964989,0.011739730422864515,0.23139868856012571,8781,241,8540,0.024167107350608143,914,37820,0.039794263495107944,0.026083679933911127,0.0,0.04971634863331614
1-200_subil_GraphSAGE_none_s44,1:200_subil,GraphSAGE,none,44,test,False,0.6607593972375895,0.007709603524001879,0.007772823952099519,0.3767403396327411,0.0010498015908524394,6.2716951975962225e-22,0.00980392156862745,0.014142761841227485,0.007234507234507234,0.3136094674556213,0.011725595576846014,0.2464170760630188,7326,53,7273,0.005693302789381485,169,29684,0.009394646147124028,0.007709603524001879,0.0,0.014142761841227485
1-200_subil_GraphSAGE_class_weighting,1:200_subil,GraphSAGE,class_weighting,42,val,True,0.9077718411942767,0.42833525428437375,0.4293413834155714,0.6928345725689524,0.04296885058283806,0.0,0.5686274509803921,0.47838086476540936,0.4126984126984127,0.5689277899343544,0.4696865611499783,0.020050940226521433,1260,520,740,0.024167107350608143,914,37820,0.6115351914639114,0.42833525428437375,0.0,0.47838086476540936
1-200_subil_GraphSAGE_class_weighting,1:200_subil,GraphSAGE,class_weighting,42,test,True,0.6269097951397695,0.0072791347114998795,0.007375392318543354,0.26865529211402894,9.269942529499531e-05,3.374441972596691e-11,0.5686274509803921,0.003992015968063872,0.0030120481927710845,0.005917159763313609,-0.0037900585869690188,0.01121463662544469,332,1,331,0.005693302789381485,169,29684,0.01646880916218037,0.0072791347114998795,0.0,0.003992015968063872
1-200_subil_GraphSAGE_class_weighting_s43,1:200_subil,GraphSAGE,class_weighting,43,val,True,0.9005980478407442,0.43045376427070825,0.43086672935089254,0.6767125327922223,0.03821109980344772,0.0,0.7745098039215685,0.46619021440351843,0.4685082872928177,0.4638949671772429,0.45304292764654575,0.013033111147238931,905,424,481,0.024167107350608143,914,37820,0.5027101536701319,0.43045376427070825,0.0,0.46619021440351843
1-200_subil_GraphSAGE_class_weighting_s43,1:200_subil,GraphSAGE,class_weighting,43,test,True,0.6192372347026434,0.007112816700999238,0.007224754484281001,0.2607403516615261,0.0003066372009925544,1.4500739929884193e-10,0.7745098039215685,0.005333333333333333,0.0048543689320388345,0.005917159763313609,-0.0009321160832165725,0.006945620870743689,206,1,205,0.005693302789381485,169,29684,0.012796676061196412,0.007112816700999238,0.0,0.005333333333333333
1-200_subil_GraphSAGE_class_weighting_s44,1:200_subil,GraphSAGE,class_weighting,44,val,False,0.8192035214901042,0.22387563618647485,0.2249673520538007,0.4999844658278451,0.36687299609184265,1.0178327862982147e-206,0.676470588235294,0.33896515311510034,0.32755102040816325,0.35120350109409193,0.32221496990723003,0.017856175147672466,980,321,659,0.024167107350608143,914,37820,0.40800341449951494,0.22387563618647485,0.0,0.33896515311510034
1-200_subil_GraphSAGE_class_weighting_s44,1:200_subil,GraphSAGE,class_weighting,44,test,False,0.5800364271702183,0.006335342018636439,0.006400336101338002,0.20311625720348792,0.10679148137569427,1.4892917459689795e-06,0.676470588235294,0.0,0.0,0.0,-0.008616885140287708,0.012874809418939523,380,0,380,0.005693302789381485,169,29684,0.009342195344783836,0.006335342018636439,0.0,0.0
1-200_subil_GraphSAGE_focal_loss,1:200_subil,GraphSAGE,focal_loss,42,val,False,0.5410395930473788,0.02472219554729023,0.024810688057643325,0.14057299276261737,0.11552540212869644,7.686254859549441e-16,0.11764705882352941,0.05502596804943791,0.028365189101260676,0.9157549234135668,0.05150720093124113,0.7768655503170216,29508,837,28671,0.024167107350608143,914,37820,0.02587620925986927,0.02472219554729023,0.0,0.05502596804943791
1-200_subil_GraphSAGE_focal_loss,1:200_subil,GraphSAGE,focal_loss,42,test,False,0.795730984245299,0.026120740025891893,0.026837823308700427,0.46620603103226016,0.41831693053245544,5.576732044915533e-34,0.11764705882352941,0.014061654948620876,0.007080610021786492,1.0,0.03735305633783865,0.8029476537353888,23868,169,23699,0.005693302789381485,169,29684,0.10038224103101805,0.026120740025891893,0.0,0.014061654948620876
1-200_subil_GraphSAGE_focal_loss_s43,1:200_subil,GraphSAGE,focal_loss,43,val,False,0.5241886478167196,0.02358577566712175,0.02377612421790519,0.1094400215533674,0.02018820494413376,9.269355315000205e-10,0.058823529411764705,0.05315527625032731,0.0273972602739726,0.888402625820569,0.040032962577880825,0.7810654094185228,29638,812,28826,0.024167107350608143,914,37820,0.02542083449422669,0.02358577566712175,0.0,0.05315527625032731
1-200_subil_GraphSAGE_focal_loss_s43,1:200_subil,GraphSAGE,focal_loss,43,test,False,0.7584804437017784,0.01212470931546458,0.012393471848643627,0.45308202528651065,0.37483763694763184,5.114299716862808e-32,0.058823529411764705,0.01388204369968786,0.00698953637453989,1.0,0.03610617248815786,0.8134846688124683,24179,169,24010,0.005693302789381485,169,29684,0.030776511152518636,0.01212470931546458,0.0,0.01388204369968786
1-200_subil_GraphSAGE_focal_loss_s44,1:200_subil,GraphSAGE,focal_loss,44,val,False,0.5269141538957391,0.023197959066645506,0.02324404736189705,0.14297136222001583,0.06628376245498657,2.256690111352168e-16,0.058823529411764705,0.054964596333538104,0.0283191737464601,0.9299781181619255,0.05302088198464603,0.7902509077114832,30015,850,29165,0.024167107350608143,914,37820,0.020080539316310493,0.023197959066645506,0.0,0.054964596333538104
1-200_subil_GraphSAGE_focal_loss_s44,1:200_subil,GraphSAGE,focal_loss,44,test,False,0.6882311371111068,0.008803428232029417,0.00895708589966296,0.37831089797886347,0.3412947654724121,4.089701826840791e-22,0.058823529411764705,0.014013848003648575,0.007056367432150313,1.0,0.037025253779644204,0.8057259020836862,23950,169,23781,0.005693302789381485,169,29684,0.026477693651321965,0.008803428232029417,0.0,0.014013848003648575
1-200_subil_GAT_none,1:200_subil,GAT,none,42,val,False,0.8110103722023222,0.11297262970143652,0.11366657280310481,0.49944557235182974,7.07792496541515e-05,3.0441914933894967e-206,0.4215686274509804,0.170767004341534,0.15271786022433131,0.1936542669584245,0.1488381032635516,0.02660813959789736,1159,177,982,0.024167107350608143,914,37820,0.1822402252989247,0.11297262970143652,0.0,0.170767004341534
1-200_subil_GAT_none,1:200_subil,GAT,none,42,test,False,0.43917494564492826,0.004522514325246002,0.004559893610609581,0.19014060647128583,1.1410035223740591e-23,6.037495677656045e-08,0.4215686274509804,0.0,0.0,0.0,-0.012397776307590976,0.026291716076571235,776,0,776,0.005693302789381485,169,29684,0.0006632719766076559,0.004522514325246002,0.0,0.0
1-200_subil_GAT_none_s43,1:200_subil,GAT,none,43,val,False,0.7605948390262518,0.11541945713872347,0.11583041725789207,0.3982614889729315,9.09114191927074e-07,3.794425047586763e-128,0.22549019607843138,0.15965874466788543,0.18019257221458046,0.14332603938730853,0.14223833135390662,0.016149135641901045,727,131,596,0.024167107350608143,914,37820,0.2092484830852901,0.11541945713872347,0.0,0.15965874466788543
1-200_subil_GAT_none_s43,1:200_subil,GAT,none,43,test,False,0.4268893462054697,0.004462830749296672,0.00451621878487286,0.1874563831248176,1.951047242477315e-21,2.4579056252232417e-12,0.22549019607843138,0.0024479804161566705,0.0015432098765432098,0.005917159763313609,-0.008240140291076928,0.02192105708961545,648,1,647,0.005693302789381485,169,29684,0.0009474827725810282,0.004462830749296672,0.0,0.0024479804161566705
1-200_subil_GAT_none_s44,1:200_subil,GAT,none,44,val,False,0.6124090494972086,0.04730744884485852,0.04782797573828891,0.18866447741562603,0.00016520872304681689,2.83557747958657e-28,0.16666666666666666,0.09308582189938122,0.06171958615768819,0.18927789934354486,0.06918479022071268,0.071262125399664,2803,173,2630,0.024167107350608143,914,37820,0.09958698233914201,0.04730744884485852,0.0,0.09308582189938122
1-200_subil_GAT_none_s44,1:200_subil,GAT,none,44,test,False,0.4281608890073947,0.004483565869488926,0.0045182794337173884,0.15437542038097163,1.6969206602386437e-17,1.4687068444715538e-12,0.16666666666666666,0.0014419610670511895,0.0007677543186180423,0.011834319526627219,-0.020304851924922374,0.08819244451973572,2605,2,2603,0.005693302789381485,169,29684,0.0020726149358788583,0.004483565869488927,8.673617379884035e-19,0.0014419610670511895
1-200_subil_GAT_class_weighting,1:200_subil,GAT,class_weighting,42,val,False,0.8917648402630565,0.3651832442669686,0.3659121034397982,0.652719351700891,0.44830650091171265,0.0,0.892156862745098,0.4240940254652302,0.38386524822695034,0.4737417943107221,0.4106832483681755,0.018831626293827564,1128,433,695,0.024167107350608143,914,37820,0.5740641706569364,0.3651832442669686,0.0,0.4240940254652302
1-200_subil_GAT_class_weighting,1:200_subil,GAT,class_weighting,42,test,False,0.6560639610588137,0.009135058079891742,0.009267070362253053,0.25278691909740003,0.007864322513341904,5.990001792888221e-10,0.892156862745098,0.004366812227074236,0.0034602076124567475,0.005917159763313609,-0.002942910804974111,0.009757750296459427,289,1,288,0.005693302789381485,169,29684,0.028955118672166665,0.009135058079891742,0.0,0.004366812227074236
1-200_subil_GAT_class_weighting_s43,1:200_subil,GAT,class_weighting,43,val,False,0.893417569457019,0.32488040980324423,0.3254103388997602,0.6299177957697484,0.5020711421966553,0.0,0.8431372549019608,0.3994413407821229,0.34764991896272285,0.46936542669584247,0.3868577147106133,0.0218121714626348,1234,429,805,0.024167107350608143,914,37820,0.4214533594575014,0.32488040980324423,0.0,0.3994413407821229
1-200_subil_GAT_class_weighting_s43,1:200_subil,GAT,class_weighting,43,test,False,0.5963769299934742,0.009404484004312144,0.010009083461497842,0.1978809290632484,0.004557804670184851,3.062868469221305e-06,0.8431372549019608,0.036055143160127257,0.021963824289405683,0.10059171597633136,0.03538389066684681,0.02564797560562426,774,17,757,0.005693302789381485,169,29684,0.04453693547613638,0.009404484004312144,0.0,0.036055143160127257
1-200_subil_GAT_class_weighting_s44,1:200_subil,GAT,class_weighting,44,val,False,0.8746306631988702,0.2710628749263465,0.27171331629523116,0.6014605560688158,0.5685635209083557,2.89457154202319e-309,0.8823529411764706,0.3338034790785143,0.29266281945589445,0.38840262582056895,0.31826261228862085,0.02324825231669647,1213,355,858,0.024167107350608143,914,37820,0.37317464686506585,0.2710628749263465,0.0,0.3338034790785143
1-200_subil_GAT_class_weighting_s44,1:200_subil,GAT,class_weighting,44,test,False,0.5543168802945448,0.008488042108252717,0.008793917149052267,0.11948773414781566,0.005438126623630524,0.015101900067607525,0.8823529411764706,0.03708609271523179,0.023890784982935155,0.08284023668639054,0.03432307728018283,0.01937997628324581,586,14,572,0.005693302789381485,169,29684,0.021204144941601374,0.008488042108252717,0.0,0.03708609271523179
1-200_subil_GAT_focal_loss,1:200_subil,GAT,focal_loss,42,val,True,0.8792206108581966,0.2633324663127351,0.2639304097123677,0.590401174146252,0.24363526701927185,9.621555675924688e-297,0.47058823529411764,0.3284072249589491,0.32858707557502737,0.3282275711159737,0.3117841910321854,0.01660976534980762,913,300,613,0.024167107350608143,914,37820,0.4088829335039308,0.2633324663127351,0.0,0.3284072249589491
1-200_subil_GAT_focal_loss,1:200_subil,GAT,focal_loss,42,test,True,0.5398921619435308,0.005750167019582704,0.005821632703836895,0.16405879269090928,0.0011893321061506867,0.00020278783428910837,0.47058823529411764,0.003003003003003003,0.002012072434607646,0.005917159763313609,-0.006384606513339665,0.016805014399457904,497,1,496,0.005693302789381485,169,29684,0.00951461234679713,0.005750167019582704,0.0,0.003003003003003003
1-200_subil_GAT_focal_loss_s43,1:200_subil,GAT,focal_loss,43,val,False,0.8517711802211805,0.20536395900395904,0.20635121328453757,0.527290279485845,0.007211648393422365,1.001537962349535e-231,0.5784313725490196,0.2894870492635856,0.27014218009478674,0.31181619256017507,0.2713313528955292,0.02086381618165068,1055,285,770,0.024167107350608143,914,37820,0.4164725450796918,0.205363960916519,1.9125599715064112e-09,0.2894870492635856
1-200_subil_GAT_focal_loss_s43,1:200_subil,GAT,focal_loss,43,test,False,0.5463764789140413,0.005607936379500253,0.005672477124051628,0.22630374486145344,2.7099355368589366e-16,4.8307066322839334e-08,0.5784313725490196,0.0036036036036036037,0.0025906735751295338,0.005917159763313609,-0.004733280252129183,0.013044214806030833,386,1,385,0.005693302789381485,169,29684,0.004678208376371434,0.005607936379500253,0.0,0.0036036036036036037
1-200_subil_GAT_focal_loss_s44,1:200_subil,GAT,focal_loss,44,val,False,0.7366629349079055,0.13990224356305517,0.14083462082651566,0.36142302977782215,0.30014434456825256,7.059911224558858e-105,0.5392156862745098,0.20710059171597633,0.22551546391752578,0.19146608315098468,0.1897666757977623,0.01628461496775592,776,175,601,0.024167107350608143,914,37820,0.33552427614396585,0.13990224356305517,0.0,0.20710059171597633
1-200_subil_GAT_focal_loss_s44,1:200_subil,GAT,focal_loss,44,test,False,0.47663378464665945,0.004851377341019542,0.00489485282045316,0.1519458063145106,0.0009343713754788041,0.00011736162924754352,0.5392156862745098,0.0,0.0,0.0,-0.011410778984838237,0.022361511096052854,660,0,660,0.005693302789381485,169,29684,0.0025327166867644213,0.004851377341019542,0.0,0.0
1-200_subil_TAGCN_none,1:200_subil,TAGCN,none,42,val,False,0.6694653819787713,0.050815525359781254,0.051375251220661125,0.2503165828710731,0.2523895502090454,9.852066538864539e-50,0.39215686274509803,0.09022000369754113,0.0542825361512792,0.26695842450765866,0.07202259385737161,0.11518452284181434,4495,244,4251,0.024167107350608143,914,37820,0.12768514468580716,0.050815525359781254,0.0,0.09022000369754113
1-200_subil_TAGCN_none,1:200_subil,TAGCN,none,42,test,False,0.6243498692370844,0.006817253839755603,0.0068690757411137785,0.4043478042956795,0.20277875661849976,2.526000174728286e-25,0.39215686274509803,0.0016492578339747114,0.0008648025367541078,0.01775147928994083,-0.02334517609420847,0.11743181433169575,3469,3,3466,0.005693302789381485,169,29684,0.005584801007125289,0.006817253839755603,0.0,0.0016492578339747114
1-200_subil_TAGCN_none_s43,1:200_subil,TAGCN,none,43,val,False,0.5662399186483705,0.02535058688568651,0.025406258553258343,0.20883388052751206,0.015003364533185959,1.3292396242149095e-34,0.029411764705882353,0.06058246379068681,0.031408962454582155,0.8512035010940919,0.06496919961663315,0.65008399718203,24770,778,23992,0.024167107350608143,914,37820,0.028304643529678854,0.02535058688568651,0.0,0.06058246379068681
1-200_subil_TAGCN_none_s43,1:200_subil,TAGCN,none,43,test,False,0.5624020280531311,0.005862980489901332,0.005907092342621388,0.34469746102423093,0.24404512345790863,2.4812617616592022e-18,0.029411764705882353,0.015340100124006797,0.007730049990742455,0.9881656804733728,0.044264565849398266,0.7263086566152803,21604,167,21437,0.005693302789381485,169,29684,0.0037900532441718145,0.005862980489901332,0.0,0.015340100124006797
1-200_subil_TAGCN_none_s44,1:200_subil,TAGCN,none,44,val,False,0.6198546463954021,0.030813201669950715,0.030900175597438448,0.2058317535317415,0.21221007406711578,1.2818952874383184e-33,0.24509803921568626,0.06896081771720614,0.03677058353317346,0.5536105032822757,0.06206924951209063,0.3591556928412724,13761,506,13255,0.024167107350608143,914,37820,0.051298770349195104,0.030813201669950715,0.0,0.06896081771720614
1-200_subil_TAGCN_none_s44,1:200_subil,TAGCN,none,44,test,False,0.6008049261883687,0.006403912123783353,0.006457886582780684,0.3731411267162319,0.1614048033952713,1.658029551932064e-21,0.24509803921568626,0.014267938614682705,0.007235402995120309,0.5088757396449705,0.01674952647700916,0.39979671353549046,11886,86,11800,0.005693302789381485,169,29684,0.004479750354296196,0.006403912123783353,0.0,0.014267938614682705
1-200_subil_TAGCN_class_weighting,1:200_subil,TAGCN,class_weighting,42,val,True,0.8663042431650532,0.3695261350755456,0.36994571396586057,0.5843973351898448,0.0017540917033329606,4.292734526875654e-290,0.676470588235294,0.43743199129488575,0.43506493506493504,0.43982494529540483,0.42342853900048405,0.014144041619248903,924,402,522,0.024167107350608143,914,37820,0.5145214372251653,0.3695261350755456,0.0,0.43743199129488575
1-200_subil_TAGCN_class_weighting,1:200_subil,TAGCN,class_weighting,42,test,True,0.6120845182521775,0.007189211429954632,0.007271080299811721,0.24151554670326097,1.3768622864063218e-07,4.130053244183464e-09,0.676470588235294,0.0,0.0,0.0,-0.007195420928576909,0.009012366593257666,266,0,266,0.005693302789381485,169,29684,0.014908271731421598,0.007189211429954632,0.0,0.0
1-200_subil_TAGCN_class_weighting_s43,1:200_subil,TAGCN,class_weighting,43,val,True,0.8599671754641663,0.3583388789987538,0.3590116595379976,0.572891079009527,0.0017599327256903052,1.2378535372941835e-277,0.5,0.42571127502634354,0.4105691056910569,0.4420131291028446,0.4112449886641226,0.01571560179916545,984,404,580,0.024167107350608143,914,37820,0.6618484705115387,0.3583388789987538,0.0,0.42571127502634354
1-200_subil_TAGCN_class_weighting_s43,1:200_subil,TAGCN,class_weighting,43,test,True,0.6385165701523745,0.008197425010322014,0.008300104601416452,0.30062820329047407,3.3088958844018634e-06,5.7987929013419e-14,0.5,0.0,0.0,0.0,-0.008035440842433638,0.01121463662544469,331,0,331,0.005693302789381485,169,29684,0.019109519656048117,0.008197425010322014,0.0,0.0
1-200_subil_TAGCN_class_weighting_s44,1:200_subil,TAGCN,class_weighting,44,val,False,0.7978007821870714,0.1209050163308938,0.12148909843390675,0.4869695569357648,0.5069738030433655,2.0509491003298985e-195,0.5392156862745098,0.24301933108315435,0.16886993603411513,0.43326039387308535,0.24226304986872435,0.0528098412182301,2345,396,1949,0.024167107350608143,914,37820,0.3025347172083084,0.1209050163308938,0.0,0.24301933108315435
1-200_subil_TAGCN_class_weighting_s44,1:200_subil,TAGCN,class_weighting,44,test,False,0.6131472613965219,0.006654009239765396,0.006727216999387909,0.3191511286508615,0.3629841208457947,1.0165701201026056e-15,0.5392156862745098,0.0054466230936819175,0.002999400119976005,0.029585798816568046,-0.008733665659232667,0.05631035066915128,1667,5,1662,0.005693302789381485,169,29684,0.008793158529217719,0.006654009239765396,0.0,0.0054466230936819175
1-200_subil_TAGCN_focal_loss,1:200_subil,TAGCN,focal_loss,42,val,False,0.6220269551089699,0.03314810219552016,0.033313299571579656,0.22204148430319337,0.3178430199623108,4.1403928952827314e-39,0.3235294117647059,0.07164706682074638,0.03819670942958614,0.5765864332603938,0.06923472998021594,0.35956213081883703,13797,527,13270,0.024167107350608143,914,37820,0.0597048284912676,0.03314810219552016,0.0,0.07164706682074638
1-200_subil_TAGCN_focal_loss,1:200_subil,TAGCN,focal_loss,42,test,False,0.7489086383716234,0.013644632699336336,0.014013338387650854,0.43652279905814617,0.26802605390548706,1.2202750788272735e-29,0.3235294117647059,0.02261117159366887,0.011467889908256881,0.7988165680473372,0.06222024272965039,0.39427409791631374,11772,135,11637,0.005693302789381485,169,29684,0.0382143323672023,0.013644632699336336,0.0,0.02261117159366887
1-200_subil_TAGCN_focal_loss_s43,1:200_subil,TAGCN,focal_loss,43,val,False,0.5103255701604443,0.022335631447894064,0.022390465352241054,0.14373081722433756,0.0643845945596695,1.5241417685398355e-16,0.06862745098039216,0.05507274680207011,0.028380690395518132,0.925601750547046,0.052927555152647375,0.7847775429469463,29809,846,28963,0.024167107350608143,914,37820,0.022938392792290412,0.022335631447894064,0.0,0.05507274680207011
1-200_subil_TAGCN_focal_loss_s43,1:200_subil,TAGCN,focal_loss,43,test,False,0.6287129099936147,0.007991196331093813,0.00813051828816759,0.2309029507611714,0.3428669273853302,2.337543058875643e-08,0.06862745098039216,0.013288243485180028,0.006689097172154129,0.9881656804733728,0.030445482683211785,0.8402168388954768,24966,167,24799,0.005693302789381485,169,29684,0.02175838676842755,0.007991196331093813,0.0,0.013288243485180028
1-200_subil_TAGCN_focal_loss_s44,1:200_subil,TAGCN,focal_loss,44,val,False,0.5367246802776846,0.02440031674862367,0.024483734611622978,0.17477378510026242,0.11339796334505081,2.6683991462960568e-24,0.1764705882352941,0.057472531510675044,0.029734970911441498,0.8555798687089715,0.05477886778026301,0.6914051915677668,26299,782,25517,0.024167107350608143,914,37820,0.048993535347145886,0.02440031674862367,0.0,0.057472531510675044
1-200_subil_TAGCN_focal_loss_s44,1:200_subil,TAGCN,focal_loss,44,test,False,0.6600184240888446,0.008396758846012141,0.008534970815894532,0.3129366574212089,0.31833064556121826,4.065785092117896e-15,0.1764705882352941,0.014608175298103578,0.0073588084050004434,0.9822485207100592,0.039385028614408055,0.7586650855497205,22558,166,22392,0.005693302789381485,169,29684,0.025127135300391616,0.008396758846012141,0.0,0.014608175298103578
