run_id,scenario,arch,balancing,seed,expl_a,expl_b,rho
1:100_subil_GAT_class_weighting,1:100_subil,GAT,class_weighting,42,GNNExplainer,ShapleyFeatures,0.6128293176595122
1:100_subil_GAT_class_weighting,1:100_subil,GAT,class_weighting,42,GNNExplainer,IntegratedGradients,0.8478289474939125
1:100_subil_GAT_class_weighting,1:100_subil,GAT,class_weighting,42,GNNExplainer,ExpectedGradients,0.4757120324052665
1:100_subil_GAT_class_weighting,1:100_subil,GAT,class_weighting,42,ShapleyFeatures,IntegratedGradients,0.473634749232287
1:100_subil_GAT_class_weighting,1:100_subil,GAT,class_weighting,42,ShapleyFeatures,ExpectedGradients,0.38800926258195495
1:100_subil_GAT_class_weighting,1:100_subil,GAT,class_weighting,42,IntegratedGradients,ExpectedGradients,0.5112415423782586
1:100_subil_GAT_class_weighting_s43,1:100_subil,GAT,class_weighting,43,GNNExplainer,ShapleyFeatures,0.6097879829486713
1:100_subil_GAT_class_weighting_s43,1:100_subil,GAT,class_weighting,43,GNNExplainer,IntegratedGradients,0.8501163101468128
1:100_subil_GAT_class_weighting_s43,1:100_subil,GAT,class_weighting,43,GNNExplainer,ExpectedGradients,0.5686636696158535
1:100_subil_GAT_class_weighting_s43,1:100_subil,GAT,class_weighting,43,ShapleyFeatures,IntegratedGradients,0.459203739357671
1:100_subil_GAT_class_weighting_s43,1:100_subil,GAT,class_weighting,43,ShapleyFeatures,ExpectedGradients,0.42263972901493535
1:100_subil_GAT_class_weighting_s43,1:100_subil,GAT,class_weighting,43,IntegratedGradients,ExpectedGradients,0.5903015862495169
1:100_subil_GAT_class_weighting_s44,1:100_subil,GAT,class_weighting,44,GNNExplainer,ShapleyFeatures,0.6180708584899092
1:100_subil_GAT_class_weighting_s44,1:100_subil,GAT,class_weighting,44,GNNExplainer,IntegratedGradients,0.8504709938517248
1:100_subil_GAT_class_weighting_s44,1:100_subil,GAT,class_weighting,44,GNNExplainer,ExpectedGradients,0.5172471566980567
1:100_subil_GAT_class_weighting_s44,1:100_subil,GAT,class_weighting,44,ShapleyFeatures,IntegratedGradients,0.4713683531394692
1:100_subil_GAT_class_weighting_s44,1:100_subil,GAT,class_weighting,44,ShapleyFeatures,ExpectedGradients,0.40039208106071345
1:100_subil_GAT_class_weighting_s44,1:100_subil,GAT,class_weighting,44,IntegratedGradients,ExpectedGradients,0.5307493545496896
1:100_subil_GAT_focal_loss,1:100_subil,GAT,focal_loss,42,GNNExplainer,ShapleyFeatures,0.6279484569851005
1:100_subil_GAT_focal_loss,1:100_subil,GAT,focal_loss,42,GNNExplainer,IntegratedGradients,0.8246720948994605
1:100_subil_GAT_focal_loss,1:100_subil,GAT,focal_loss,42,GNNExplainer,ExpectedGradients,0.5995603404481963
1:100_subil_GAT_focal_loss,1:100_subil,GAT,focal_loss,42,ShapleyFeatures,IntegratedGradients,0.5143585591299487
1:100_subil_GAT_focal_loss,1:100_subil,GAT,focal_loss,42,ShapleyFeatures,ExpectedGradients,0.5111016885923277
1:100_subil_GAT_focal_loss,1:100_subil,GAT,focal_loss,42,IntegratedGradients,ExpectedGradients,0.6300383836170848
1:100_subil_GAT_focal_loss_s43,1:100_subil,GAT,focal_loss,43,GNNExplainer,ShapleyFeatures,0.6291126940315585
1:100_subil_GAT_focal_loss_s43,1:100_subil,GAT,focal_loss,43,GNNExplainer,IntegratedGradients,0.8356992146431527
1:100_subil_GAT_focal_loss_s43,1:100_subil,GAT,focal_loss,43,GNNExplainer,ExpectedGradients,0.5350314188571469
1:100_subil_GAT_focal_loss_s43,1:100_subil,GAT,focal_loss,43,ShapleyFeatures,IntegratedGradients,0.47842561013826174
1:100_subil_GAT_focal_loss_s43,1:100_subil,GAT,focal_loss,43,ShapleyFeatures,ExpectedGradients,0.4591377011095205
1:100_subil_GAT_focal_loss_s43,1:100_subil,GAT,focal_loss,43,IntegratedGradients,ExpectedGradients,0.5294066846942017
1:100_subil_GAT_focal_loss_s44,1:100_subil,GAT,focal_loss,44,GNNExplainer,ShapleyFeatures,0.6500409425256183
1:100_subil_GAT_focal_loss_s44,1:100_subil,GAT,focal_loss,44,GNNExplainer,IntegratedGradients,0.7724242734268346
1:100_subil_GAT_focal_loss_s44,1:100_subil,GAT,focal_loss,44,GNNExplainer,ExpectedGradients,0.5747654819219298
1:100_subil_GAT_focal_loss_s44,1:100_subil,GAT,focal_loss,44,ShapleyFeatures,IntegratedGradients,0.48902368271726204
1:100_subil_GAT_focal_loss_s44,1:100_subil,GAT,focal_loss,44,ShapleyFeatures,ExpectedGradients,0.4508189924670215
1:100_subil_GAT_focal_loss_s44,1:100_subil,GAT,focal_loss,44,IntegratedGradients,ExpectedGradients,0.5724609383740052
1:100_subil_GAT_none,1:100_subil,GAT,none,42,GNNExplainer,ShapleyFeatures,0.5892421704611095
1:100_subil_GAT_none,1:100_subil,GAT,none,42,GNNExplainer,IntegratedGradients,0.8477945607741053
1:100_subil_GAT_none,1:100_subil,GAT,none,42,GNNExplainer,ExpectedGradients,0.5145275262881306
1:100_subil_GAT_none,1:100_subil,GAT,none,42,ShapleyFeatures,IntegratedGradients,0.4648021340154163
1:100_subil_GAT_none,1:100_subil,GAT,none,42,ShapleyFeatures,ExpectedGradients,0.4352665671537996
1:100_subil_GAT_none,1:100_subil,GAT,none,42,IntegratedGradients,ExpectedGradients,0.5432671507003862
1:100_subil_GAT_none_s43,1:100_subil,GAT,none,43,GNNExplainer,ShapleyFeatures,0.6123935384704775
1:100_subil_GAT_none_s43,1:100_subil,GAT,none,43,GNNExplainer,IntegratedGradients,0.8220638851000915
1:100_subil_GAT_none_s43,1:100_subil,GAT,none,43,GNNExplainer,ExpectedGradients,0.5124197134933538
1:100_subil_GAT_none_s43,1:100_subil,GAT,none,43,ShapleyFeatures,IntegratedGradients,0.4759122157883923
1:100_subil_GAT_none_s43,1:100_subil,GAT,none,43,ShapleyFeatures,ExpectedGradients,0.4408564872875192
1:100_subil_GAT_none_s43,1:100_subil,GAT,none,43,IntegratedGradients,ExpectedGradients,0.5145337881217772
1:100_subil_GAT_none_s44,1:100_subil,GAT,none,44,GNNExplainer,ShapleyFeatures,0.5888329294590501
1:100_subil_GAT_none_s44,1:100_subil,GAT,none,44,GNNExplainer,IntegratedGradients,0.7742702338060649
1:100_subil_GAT_none_s44,1:100_subil,GAT,none,44,GNNExplainer,ExpectedGradients,0.5080867820021527
1:100_subil_GAT_none_s44,1:100_subil,GAT,none,44,ShapleyFeatures,IntegratedGradients,0.44586435613398817
1:100_subil_GAT_none_s44,1:100_subil,GAT,none,44,ShapleyFeatures,ExpectedGradients,0.36899800134001265
1:100_subil_GAT_none_s44,1:100_subil,GAT,none,44,IntegratedGradients,ExpectedGradients,0.4967233709476983
1:100_subil_GCN_class_weighting,1:100_subil,GCN,class_weighting,42,GNNExplainer,ShapleyFeatures,0.6557962148858046
1:100_subil_GCN_class_weighting,1:100_subil,GCN,class_weighting,42,GNNExplainer,IntegratedGradients,0.7983437332870305
1:100_subil_GCN_class_weighting,1:100_subil,GCN,class_weighting,42,GNNExplainer,ExpectedGradients,0.45827414586748105
1:100_subil_GCN_class_weighting,1:100_subil,GCN,class_weighting,42,ShapleyFeatures,IntegratedGradients,0.4667732834794045
1:100_subil_GCN_class_weighting,1:100_subil,GCN,class_weighting,42,ShapleyFeatures,ExpectedGradients,0.4173183985547499
1:100_subil_GCN_class_weighting,1:100_subil,GCN,class_weighting,42,IntegratedGradients,ExpectedGradients,0.5081154680849297
1:100_subil_GCN_class_weighting_s43,1:100_subil,GCN,class_weighting,43,GNNExplainer,ShapleyFeatures,0.6335491582262324
1:100_subil_GCN_class_weighting_s43,1:100_subil,GCN,class_weighting,43,GNNExplainer,IntegratedGradients,0.7991499020405878
1:100_subil_GCN_class_weighting_s43,1:100_subil,GCN,class_weighting,43,GNNExplainer,ExpectedGradients,0.4606627825908467
1:100_subil_GCN_class_weighting_s43,1:100_subil,GCN,class_weighting,43,ShapleyFeatures,IntegratedGradients,0.45965514089876797
1:100_subil_GCN_class_weighting_s43,1:100_subil,GCN,class_weighting,43,ShapleyFeatures,ExpectedGradients,0.39030050446624603
1:100_subil_GCN_class_weighting_s43,1:100_subil,GCN,class_weighting,43,IntegratedGradients,ExpectedGradients,0.5171986906749102
1:100_subil_GCN_class_weighting_s44,1:100_subil,GCN,class_weighting,44,GNNExplainer,ShapleyFeatures,0.639158934085136
1:100_subil_GCN_class_weighting_s44,1:100_subil,GCN,class_weighting,44,GNNExplainer,IntegratedGradients,0.8035299687942797
1:100_subil_GCN_class_weighting_s44,1:100_subil,GCN,class_weighting,44,GNNExplainer,ExpectedGradients,0.4879847294492494
1:100_subil_GCN_class_weighting_s44,1:100_subil,GCN,class_weighting,44,ShapleyFeatures,IntegratedGradients,0.45785924235552244
1:100_subil_GCN_class_weighting_s44,1:100_subil,GCN,class_weighting,44,ShapleyFeatures,ExpectedGradients,0.40430565416510017
1:100_subil_GCN_class_weighting_s44,1:100_subil,GCN,class_weighting,44,IntegratedGradients,ExpectedGradients,0.5036204108005748
1:100_subil_GCN_focal_loss,1:100_subil,GCN,focal_loss,42,GNNExplainer,ShapleyFeatures,0.6512252880589456
1:100_subil_GCN_focal_loss,1:100_subil,GCN,focal_loss,42,GNNExplainer,IntegratedGradients,0.763025751168956
1:100_subil_GCN_focal_loss,1:100_subil,GCN,focal_loss,42,GNNExplainer,ExpectedGradients,0.5296474552887778
1:100_subil_GCN_focal_loss,1:100_subil,GCN,focal_loss,42,ShapleyFeatures,IntegratedGradients,0.48174371967209745
1:100_subil_GCN_focal_loss,1:100_subil,GCN,focal_loss,42,ShapleyFeatures,ExpectedGradients,0.39553361420943517
1:100_subil_GCN_focal_loss,1:100_subil,GCN,focal_loss,42,IntegratedGradients,ExpectedGradients,0.5201322102812174
1:100_subil_GCN_focal_loss_s43,1:100_subil,GCN,focal_loss,43,GNNExplainer,ShapleyFeatures,0.6198862176663915
1:100_subil_GCN_focal_loss_s43,1:100_subil,GCN,focal_loss,43,GNNExplainer,IntegratedGradients,0.7929628255966384
1:100_subil_GCN_focal_loss_s43,1:100_subil,GCN,focal_loss,43,GNNExplainer,ExpectedGradients,0.5127484531278087
1:100_subil_GCN_focal_loss_s43,1:100_subil,GCN,focal_loss,43,ShapleyFeatures,IntegratedGradients,0.47201101974582
1:100_subil_GCN_focal_loss_s43,1:100_subil,GCN,focal_loss,43,ShapleyFeatures,ExpectedGradients,0.3975537767388911
1:100_subil_GCN_focal_loss_s43,1:100_subil,GCN,focal_loss,43,IntegratedGradients,ExpectedGradients,0.5182183177011769
1:100_subil_GCN_focal_loss_s44,1:100_subil,GCN,focal_loss,44,GNNExplainer,ShapleyFeatures,0.6329578689649423
1:100_subil_GCN_focal_loss_s44,1:100_subil,GCN,focal_loss,44,GNNExplainer,IntegratedGradients,0.7993408169330329
1:100_subil_GCN_focal_loss_s44,1:100_subil,GCN,focal_loss,44,GNNExplainer,ExpectedGradients,0.5580664762641244
1:100_subil_GCN_focal_loss_s44,1:100_subil,GCN,focal_loss,44,ShapleyFeatures,IntegratedGradients,0.48154976849531944
1:100_subil_GCN_focal_loss_s44,1:100_subil,GCN,focal_loss,44,ShapleyFeatures,ExpectedGradients,0.4708997785447944
1:100_subil_GCN_focal_loss_s44,1:100_subil,GCN,focal_loss,44,IntegratedGradients,ExpectedGradients,0.5687569676947271
1:100_subil_GCN_none,1:100_subil,GCN,none,42,GNNExplainer,ShapleyFeatures,0.6469211135919692
1:100_subil_GCN_none,1:100_subil,GCN,none,42,GNNExplainer,IntegratedGradients,0.8057323615085418
1:100_subil_GCN_none,1:100_subil,GCN,none,42,GNNExplainer,ExpectedGradients,0.5346150225164529
1:100_subil_GCN_none,1:100_subil,GCN,none,42,ShapleyFeatures,IntegratedGradients,0.47526519929641686
1:100_subil_GCN_none,1:100_subil,GCN,none,42,ShapleyFeatures,ExpectedGradients,0.40961190530302916
1:100_subil_GCN_none,1:100_subil,GCN,none,42,IntegratedGradients,ExpectedGradients,0.5437143159856899
1:100_subil_GCN_none_s43,1:100_subil,GCN,none,43,GNNExplainer,ShapleyFeatures,0.6331139249311184
1:100_subil_GCN_none_s43,1:100_subil,GCN,none,43,GNNExplainer,IntegratedGradients,0.7945174643817192
1:100_subil_GCN_none_s43,1:100_subil,GCN,none,43,GNNExplainer,ExpectedGradients,0.5344136440233497
1:100_subil_GCN_none_s43,1:100_subil,GCN,none,43,ShapleyFeatures,IntegratedGradients,0.46265865123218747
1:100_subil_GCN_none_s43,1:100_subil,GCN,none,43,ShapleyFeatures,ExpectedGradients,0.4200602323463067
1:100_subil_GCN_none_s43,1:100_subil,GCN,none,43,IntegratedGradients,ExpectedGradients,0.5362524230165377
1:100_subil_GCN_none_s44,1:100_subil,GCN,none,44,GNNExplainer,ShapleyFeatures,0.6342412131926236
1:100_subil_GCN_none_s44,1:100_subil,GCN,none,44,GNNExplainer,IntegratedGradients,0.8070472494195299
1:100_subil_GCN_none_s44,1:100_subil,GCN,none,44,GNNExplainer,ExpectedGradients,0.5060874427027376
1:100_subil_GCN_none_s44,1:100_subil,GCN,none,44,ShapleyFeatures,IntegratedGradients,0.45804463342856405
1:100_subil_GCN_none_s44,1:100_subil,GCN,none,44,ShapleyFeatures,ExpectedGradients,0.3933815657575302
1:100_subil_GCN_none_s44,1:100_subil,GCN,none,44,IntegratedGradients,ExpectedGradients,0.5165631180530318
1:100_subil_GraphSAGE_class_weighting,1:100_subil,GraphSAGE,class_weighting,42,GNNExplainer,ShapleyFeatures,0.6294719969964419
1:100_subil_GraphSAGE_class_weighting,1:100_subil,GraphSAGE,class_weighting,42,GNNExplainer,IntegratedGradients,0.8587679515608849
1:100_subil_GraphSAGE_class_weighting,1:100_subil,GraphSAGE,class_weighting,42,GNNExplainer,ExpectedGradients,0.5235860128287514
1:100_subil_GraphSAGE_class_weighting,1:100_subil,GraphSAGE,class_weighting,42,ShapleyFeatures,IntegratedGradients,0.48249641797300447
1:100_subil_GraphSAGE_class_weighting,1:100_subil,GraphSAGE,class_weighting,42,ShapleyFeatures,ExpectedGradients,0.4066639512474797
1:100_subil_GraphSAGE_class_weighting,1:100_subil,GraphSAGE,class_weighting,42,IntegratedGradients,ExpectedGradients,0.5562558374741585
1:100_subil_GraphSAGE_class_weighting_s43,1:100_subil,GraphSAGE,class_weighting,43,GNNExplainer,ShapleyFeatures,0.6211638201902583
1:100_subil_GraphSAGE_class_weighting_s43,1:100_subil,GraphSAGE,class_weighting,43,GNNExplainer,IntegratedGradients,0.8592364026232354
1:100_subil_GraphSAGE_class_weighting_s43,1:100_subil,GraphSAGE,class_weighting,43,GNNExplainer,ExpectedGradients,0.5406420013242147
1:100_subil_GraphSAGE_class_weighting_s43,1:100_subil,GraphSAGE,class_weighting,43,ShapleyFeatures,IntegratedGradients,0.4744921719156596
1:100_subil_GraphSAGE_class_weighting_s43,1:100_subil,GraphSAGE,class_weighting,43,ShapleyFeatures,ExpectedGradients,0.4221618132258636
1:100_subil_GraphSAGE_class_weighting_s43,1:100_subil,GraphSAGE,class_weighting,43,IntegratedGradients,ExpectedGradients,0.5723353024723036
1:100_subil_GraphSAGE_class_weighting_s44,1:100_subil,GraphSAGE,class_weighting,44,GNNExplainer,ShapleyFeatures,0.6024317132437
1:100_subil_GraphSAGE_class_weighting_s44,1:100_subil,GraphSAGE,class_weighting,44,GNNExplainer,IntegratedGradients,0.8038848264371902
1:100_subil_GraphSAGE_class_weighting_s44,1:100_subil,GraphSAGE,class_weighting,44,GNNExplainer,ExpectedGradients,0.5227292450860939
1:100_subil_GraphSAGE_class_weighting_s44,1:100_subil,GraphSAGE,class_weighting,44,ShapleyFeatures,IntegratedGradients,0.4749321600331975
1:100_subil_GraphSAGE_class_weighting_s44,1:100_subil,GraphSAGE,class_weighting,44,ShapleyFeatures,ExpectedGradients,0.44920548593069065
1:100_subil_GraphSAGE_class_weighting_s44,1:100_subil,GraphSAGE,class_weighting,44,IntegratedGradients,ExpectedGradients,0.5496491866764878
1:100_subil_GraphSAGE_focal_loss,1:100_subil,GraphSAGE,focal_loss,42,GNNExplainer,ShapleyFeatures,0.6025607323273432
1:100_subil_GraphSAGE_focal_loss,1:100_subil,GraphSAGE,focal_loss,42,GNNExplainer,IntegratedGradients,0.8115894054803011
1:100_subil_GraphSAGE_focal_loss,1:100_subil,GraphSAGE,focal_loss,42,GNNExplainer,ExpectedGradients,0.5045366494780583
1:100_subil_GraphSAGE_focal_loss,1:100_subil,GraphSAGE,focal_loss,42,ShapleyFeatures,IntegratedGradients,0.4674274720639667
1:100_subil_GraphSAGE_focal_loss,1:100_subil,GraphSAGE,focal_loss,42,ShapleyFeatures,ExpectedGradients,0.42842783622032166
1:100_subil_GraphSAGE_focal_loss,1:100_subil,GraphSAGE,focal_loss,42,IntegratedGradients,ExpectedGradients,0.5015062620949546
1:100_subil_GraphSAGE_focal_loss_s43,1:100_subil,GraphSAGE,focal_loss,43,GNNExplainer,ShapleyFeatures,0.5972371986398332
1:100_subil_GraphSAGE_focal_loss_s43,1:100_subil,GraphSAGE,focal_loss,43,GNNExplainer,IntegratedGradients,0.8025486989969715
1:100_subil_GraphSAGE_focal_loss_s43,1:100_subil,GraphSAGE,focal_loss,43,GNNExplainer,ExpectedGradients,0.5191374426622966
1:100_subil_GraphSAGE_focal_loss_s43,1:100_subil,GraphSAGE,focal_loss,43,ShapleyFeatures,IntegratedGradients,0.44776332300484206
1:100_subil_GraphSAGE_focal_loss_s43,1:100_subil,GraphSAGE,focal_loss,43,ShapleyFeatures,ExpectedGradients,0.39647732942169406
1:100_subil_GraphSAGE_focal_loss_s43,1:100_subil,GraphSAGE,focal_loss,43,IntegratedGradients,ExpectedGradients,0.4984496156478192
1:100_subil_GraphSAGE_focal_loss_s44,1:100_subil,GraphSAGE,focal_loss,44,GNNExplainer,ShapleyFeatures,0.5993612196307315
1:100_subil_GraphSAGE_focal_loss_s44,1:100_subil,GraphSAGE,focal_loss,44,GNNExplainer,IntegratedGradients,0.7886599777671874
1:100_subil_GraphSAGE_focal_loss_s44,1:100_subil,GraphSAGE,focal_loss,44,GNNExplainer,ExpectedGradients,0.4982953537419249
1:100_subil_GraphSAGE_focal_loss_s44,1:100_subil,GraphSAGE,focal_loss,44,ShapleyFeatures,IntegratedGradients,0.4601962920978752
1:100_subil_GraphSAGE_focal_loss_s44,1:100_subil,GraphSAGE,focal_loss,44,ShapleyFeatures,ExpectedGradients,0.3810563725266225
1:100_subil_GraphSAGE_focal_loss_s44,1:100_subil,GraphSAGE,focal_loss,44,IntegratedGradients,ExpectedGradients,0.5044085335348039
1:100_subil_GraphSAGE_none,1:100_subil,GraphSAGE,none,42,GNNExplainer,ShapleyFeatures,0.6077816360757732
1:100_subil_GraphSAGE_none,1:100_subil,GraphSAGE,none,42,GNNExplainer,IntegratedGradients,0.8048111087500943
1:100_subil_GraphSAGE_none,1:100_subil,GraphSAGE,none,42,GNNExplainer,ExpectedGradients,0.5254982873753015
1:100_subil_GraphSAGE_none,1:100_subil,GraphSAGE,none,42,ShapleyFeatures,IntegratedGradients,0.44957871447759595
1:100_subil_GraphSAGE_none,1:100_subil,GraphSAGE,none,42,ShapleyFeatures,ExpectedGradients,0.39696411405782556
1:100_subil_GraphSAGE_none,1:100_subil,GraphSAGE,none,42,IntegratedGradients,ExpectedGradients,0.5197231829160255
1:100_subil_GraphSAGE_none_s43,1:100_subil,GraphSAGE,none,43,GNNExplainer,ShapleyFeatures,0.6265420896270247
1:100_subil_GraphSAGE_none_s43,1:100_subil,GraphSAGE,none,43,GNNExplainer,IntegratedGradients,0.7821818738911578
1:100_subil_GraphSAGE_none_s43,1:100_subil,GraphSAGE,none,43,GNNExplainer,ExpectedGradients,0.5018724755659357
1:100_subil_GraphSAGE_none_s43,1:100_subil,GraphSAGE,none,43,ShapleyFeatures,IntegratedGradients,0.45513770344303095
1:100_subil_GraphSAGE_none_s43,1:100_subil,GraphSAGE,none,43,ShapleyFeatures,ExpectedGradients,0.386472839623413
1:100_subil_GraphSAGE_none_s43,1:100_subil,GraphSAGE,none,43,IntegratedGradients,ExpectedGradients,0.5012888244916888
1:100_subil_GraphSAGE_none_s44,1:100_subil,GraphSAGE,none,44,GNNExplainer,ShapleyFeatures,0.5985631972717305
1:100_subil_GraphSAGE_none_s44,1:100_subil,GraphSAGE,none,44,GNNExplainer,IntegratedGradients,0.7959173703137504
1:100_subil_GraphSAGE_none_s44,1:100_subil,GraphSAGE,none,44,GNNExplainer,ExpectedGradients,0.5135850033314068
1:100_subil_GraphSAGE_none_s44,1:100_subil,GraphSAGE,none,44,ShapleyFeatures,IntegratedGradients,0.4550773141614076
1:100_subil_GraphSAGE_none_s44,1:100_subil,GraphSAGE,none,44,ShapleyFeatures,ExpectedGradients,0.396703546792684
1:100_subil_GraphSAGE_none_s44,1:100_subil,GraphSAGE,none,44,IntegratedGradients,ExpectedGradients,0.5196299966959038
1:100_subil_TAGCN_class_weighting,1:100_subil,TAGCN,class_weighting,42,GNNExplainer,ShapleyFeatures,0.4974749794254215
1:100_subil_TAGCN_class_weighting,1:100_subil,TAGCN,class_weighting,42,GNNExplainer,IntegratedGradients,0.8858818286480321
1:100_subil_TAGCN_class_weighting,1:100_subil,TAGCN,class_weighting,42,GNNExplainer,ExpectedGradients,0.45605802365752174
1:100_subil_TAGCN_class_weighting,1:100_subil,TAGCN,class_weighting,42,ShapleyFeatures,IntegratedGradients,0.4527387696793578
1:100_subil_TAGCN_class_weighting,1:100_subil,TAGCN,class_weighting,42,ShapleyFeatures,ExpectedGradients,0.35584815229876415
1:100_subil_TAGCN_class_weighting,1:100_subil,TAGCN,class_weighting,42,IntegratedGradients,ExpectedGradients,0.5081093418720972
1:100_subil_TAGCN_class_weighting_s43,1:100_subil,TAGCN,class_weighting,43,GNNExplainer,ShapleyFeatures,0.4908680307505217
1:100_subil_TAGCN_class_weighting_s43,1:100_subil,TAGCN,class_weighting,43,GNNExplainer,IntegratedGradients,0.892384091840429
1:100_subil_TAGCN_class_weighting_s43,1:100_subil,TAGCN,class_weighting,43,GNNExplainer,ExpectedGradients,0.49399372974685607
1:100_subil_TAGCN_class_weighting_s43,1:100_subil,TAGCN,class_weighting,43,ShapleyFeatures,IntegratedGradients,0.4487950876578915
1:100_subil_TAGCN_class_weighting_s43,1:100_subil,TAGCN,class_weighting,43,ShapleyFeatures,ExpectedGradients,0.3623497405186556
1:100_subil_TAGCN_class_weighting_s43,1:100_subil,TAGCN,class_weighting,43,IntegratedGradients,ExpectedGradients,0.5317568351690707
1:100_subil_TAGCN_class_weighting_s44,1:100_subil,TAGCN,class_weighting,44,GNNExplainer,ShapleyFeatures,0.49809084863044667
1:100_subil_TAGCN_class_weighting_s44,1:100_subil,TAGCN,class_weighting,44,GNNExplainer,IntegratedGradients,0.8318627103073889
1:100_subil_TAGCN_class_weighting_s44,1:100_subil,TAGCN,class_weighting,44,GNNExplainer,ExpectedGradients,0.49753752373535604
1:100_subil_TAGCN_class_weighting_s44,1:100_subil,TAGCN,class_weighting,44,ShapleyFeatures,IntegratedGradients,0.4464504780733272
1:100_subil_TAGCN_class_weighting_s44,1:100_subil,TAGCN,class_weighting,44,ShapleyFeatures,ExpectedGradients,0.4057344691017337
1:100_subil_TAGCN_class_weighting_s44,1:100_subil,TAGCN,class_weighting,44,IntegratedGradients,ExpectedGradients,0.49928842158062536
1:100_subil_TAGCN_focal_loss,1:100_subil,TAGCN,focal_loss,42,GNNExplainer,ShapleyFeatures,0.5027014094966213
1:100_subil_TAGCN_focal_loss,1:100_subil,TAGCN,focal_loss,42,GNNExplainer,IntegratedGradients,0.8770799755887688
1:100_subil_TAGCN_focal_loss,1:100_subil,TAGCN,focal_loss,42,GNNExplainer,ExpectedGradients,0.5620197130191597
1:100_subil_TAGCN_focal_loss,1:100_subil,TAGCN,focal_loss,42,ShapleyFeatures,IntegratedGradients,0.4731788095205346
1:100_subil_TAGCN_focal_loss,1:100_subil,TAGCN,focal_loss,42,ShapleyFeatures,ExpectedGradients,0.4506214578936723
1:100_subil_TAGCN_focal_loss,1:100_subil,TAGCN,focal_loss,42,IntegratedGradients,ExpectedGradients,0.5775837627789655
1:100_subil_TAGCN_focal_loss_s43,1:100_subil,TAGCN,focal_loss,43,GNNExplainer,ShapleyFeatures,0.46812267289416326
1:100_subil_TAGCN_focal_loss_s43,1:100_subil,TAGCN,focal_loss,43,GNNExplainer,IntegratedGradients,0.802750929635666
1:100_subil_TAGCN_focal_loss_s43,1:100_subil,TAGCN,focal_loss,43,GNNExplainer,ExpectedGradients,0.4041646074539354
1:100_subil_TAGCN_focal_loss_s43,1:100_subil,TAGCN,focal_loss,43,ShapleyFeatures,IntegratedGradients,0.4405038244756121
1:100_subil_TAGCN_focal_loss_s43,1:100_subil,TAGCN,focal_loss,43,ShapleyFeatures,ExpectedGradients,0.3428536509426821
1:100_subil_TAGCN_focal_loss_s43,1:100_subil,TAGCN,focal_loss,43,IntegratedGradients,ExpectedGradients,0.4111882245172754
1:100_subil_TAGCN_focal_loss_s44,1:100_subil,TAGCN,focal_loss,44,GNNExplainer,ShapleyFeatures,0.48652797403518444
1:100_subil_TAGCN_focal_loss_s44,1:100_subil,TAGCN,focal_loss,44,GNNExplainer,IntegratedGradients,0.8201346992715309
1:100_subil_TAGCN_focal_loss_s44,1:100_subil,TAGCN,focal_loss,44,GNNExplainer,ExpectedGradients,0.45567833669673685
1:100_subil_TAGCN_focal_loss_s44,1:100_subil,TAGCN,focal_loss,44,ShapleyFeatures,IntegratedGradients,0.4570654316465354
1:100_subil_TAGCN_focal_loss_s44,1:100_subil,TAGCN,focal_loss,44,ShapleyFeatures,ExpectedGradients,0.39821960377573895
1:100_subil_TAGCN_focal_loss_s44,1:100_subil,TAGCN,focal_loss,44,IntegratedGradients,ExpectedGradients,0.45973802471402375
1:100_subil_TAGCN_none,1:100_subil,TAGCN,none,42,GNNExplainer,ShapleyFeatures,0.49969317512801464
1:100_subil_TAGCN_none,1:100_subil,TAGCN,none,42,GNNExplainer,IntegratedGradients,0.8260147655594768
1:100_subil_TAGCN_none,1:100_subil,TAGCN,none,42,GNNExplainer,ExpectedGradients,0.510178439515395
1:100_subil_TAGCN_none,1:100_subil,TAGCN,none,42,ShapleyFeatures,IntegratedGradients,0.4486511214561872
1:100_subil_TAGCN_none,1:100_subil,TAGCN,none,42,ShapleyFeatures,ExpectedGradients,0.40898449403163717
1:100_subil_TAGCN_none,1:100_subil,TAGCN,none,42,IntegratedGradients,ExpectedGradients,0.499051254304057
1:100_subil_TAGCN_none_s43,1:100_subil,TAGCN,none,43,GNNExplainer,ShapleyFeatures,0.5017678181713483
1:100_subil_TAGCN_none_s43,1:100_subil,TAGCN,none,43,GNNExplainer,IntegratedGradients,0.8244817932090965
1:100_subil_TAGCN_none_s43,1:100_subil,TAGCN,none,43,GNNExplainer,ExpectedGradients,0.47555330448843625
1:100_subil_TAGCN_none_s43,1:100_subil,TAGCN,none,43,ShapleyFeatures,IntegratedGradients,0.44059407088301056
1:100_subil_TAGCN_none_s43,1:100_subil,TAGCN,none,43,ShapleyFeatures,ExpectedGradients,0.3880174281535918
1:100_subil_TAGCN_none_s43,1:100_subil,TAGCN,none,43,IntegratedGradients,ExpectedGradients,0.461178586633653
1:100_subil_TAGCN_none_s44,1:100_subil,TAGCN,none,44,GNNExplainer,ShapleyFeatures,0.49782925067807327
1:100_subil_TAGCN_none_s44,1:100_subil,TAGCN,none,44,GNNExplainer,IntegratedGradients,0.8285377789911461
1:100_subil_TAGCN_none_s44,1:100_subil,TAGCN,none,44,GNNExplainer,ExpectedGradients,0.46249279059689263
1:100_subil_TAGCN_none_s44,1:100_subil,TAGCN,none,44,ShapleyFeatures,IntegratedGradients,0.44330168990225405
1:100_subil_TAGCN_none_s44,1:100_subil,TAGCN,none,44,ShapleyFeatures,ExpectedGradients,0.38228447617082456
1:100_subil_TAGCN_none_s44,1:100_subil,TAGCN,none,44,IntegratedGradients,ExpectedGradients,0.4528580405934799
1:10_GAT_class_weighting,1:10,GAT,class_weighting,42,GNNExplainer,ShapleyFeatures,0.5991454550248134
1:10_GAT_class_weighting,1:10,GAT,class_weighting,42,GNNExplainer,IntegratedGradients,0.863576162938989
1:10_GAT_class_weighting,1:10,GAT,class_weighting,42,GNNExplainer,ExpectedGradients,0.4731253982596094
1:10_GAT_class_weighting,1:10,GAT,class_weighting,42,ShapleyFeatures,IntegratedGradients,0.4796907968936369
1:10_GAT_class_weighting,1:10,GAT,class_weighting,42,ShapleyFeatures,ExpectedGradients,0.3696929765001536
1:10_GAT_class_weighting,1:10,GAT,class_weighting,42,IntegratedGradients,ExpectedGradients,0.5161565781453932
1:10_GAT_class_weighting_s43,1:10,GAT,class_weighting,43,GNNExplainer,ShapleyFeatures,0.6086594628043926
1:10_GAT_class_weighting_s43,1:10,GAT,class_weighting,43,GNNExplainer,IntegratedGradients,0.8527135200997835
1:10_GAT_class_weighting_s43,1:10,GAT,class_weighting,43,GNNExplainer,ExpectedGradients,0.5689528856660077
1:10_GAT_class_weighting_s43,1:10,GAT,class_weighting,43,ShapleyFeatures,IntegratedGradients,0.45754898021661133
1:10_GAT_class_weighting_s43,1:10,GAT,class_weighting,43,ShapleyFeatures,ExpectedGradients,0.4217307707758837
1:10_GAT_class_weighting_s43,1:10,GAT,class_weighting,43,IntegratedGradients,ExpectedGradients,0.5926187355513682
1:10_GAT_class_weighting_s44,1:10,GAT,class_weighting,44,GNNExplainer,ShapleyFeatures,0.6312296933638328
1:10_GAT_class_weighting_s44,1:10,GAT,class_weighting,44,GNNExplainer,IntegratedGradients,0.8263164912354473
1:10_GAT_class_weighting_s44,1:10,GAT,class_weighting,44,GNNExplainer,ExpectedGradients,0.5287753796386278
1:10_GAT_class_weighting_s44,1:10,GAT,class_weighting,44,ShapleyFeatures,IntegratedGradients,0.46808843972052283
1:10_GAT_class_weighting_s44,1:10,GAT,class_weighting,44,ShapleyFeatures,ExpectedGradients,0.44449949298334307
1:10_GAT_class_weighting_s44,1:10,GAT,class_weighting,44,IntegratedGradients,ExpectedGradients,0.5514971063297363
1:10_GAT_focal_loss,1:10,GAT,focal_loss,42,GNNExplainer,ShapleyFeatures,0.6343114166653462
1:10_GAT_focal_loss,1:10,GAT,focal_loss,42,GNNExplainer,IntegratedGradients,0.8177443731819923
1:10_GAT_focal_loss,1:10,GAT,focal_loss,42,GNNExplainer,ExpectedGradients,0.5338165118992809
1:10_GAT_focal_loss,1:10,GAT,focal_loss,42,ShapleyFeatures,IntegratedGradients,0.4695626240387809
1:10_GAT_focal_loss,1:10,GAT,focal_loss,42,ShapleyFeatures,ExpectedGradients,0.4366721556504563
1:10_GAT_focal_loss,1:10,GAT,focal_loss,42,IntegratedGradients,ExpectedGradients,0.5467565307866382
1:10_GAT_focal_loss_s43,1:10,GAT,focal_loss,43,GNNExplainer,ShapleyFeatures,0.6285962107980075
1:10_GAT_focal_loss_s43,1:10,GAT,focal_loss,43,GNNExplainer,IntegratedGradients,0.8364248742881922
1:10_GAT_focal_loss_s43,1:10,GAT,focal_loss,43,GNNExplainer,ExpectedGradients,0.5420922794623664
1:10_GAT_focal_loss_s43,1:10,GAT,focal_loss,43,ShapleyFeatures,IntegratedGradients,0.4715854736184645
1:10_GAT_focal_loss_s43,1:10,GAT,focal_loss,43,ShapleyFeatures,ExpectedGradients,0.4051166496768793
1:10_GAT_focal_loss_s43,1:10,GAT,focal_loss,43,IntegratedGradients,ExpectedGradients,0.5641610592100116
1:10_GAT_focal_loss_s44,1:10,GAT,focal_loss,44,GNNExplainer,ShapleyFeatures,0.6324121071841544
1:10_GAT_focal_loss_s44,1:10,GAT,focal_loss,44,GNNExplainer,IntegratedGradients,0.8222227269771535
1:10_GAT_focal_loss_s44,1:10,GAT,focal_loss,44,GNNExplainer,ExpectedGradients,0.5512409086743061
1:10_GAT_focal_loss_s44,1:10,GAT,focal_loss,44,ShapleyFeatures,IntegratedGradients,0.4725312569510161
1:10_GAT_focal_loss_s44,1:10,GAT,focal_loss,44,ShapleyFeatures,ExpectedGradients,0.4316246581192946
1:10_GAT_focal_loss_s44,1:10,GAT,focal_loss,44,IntegratedGradients,ExpectedGradients,0.5794941391065455
1:10_GAT_none,1:10,GAT,none,42,GNNExplainer,ShapleyFeatures,0.6247264032223798
1:10_GAT_none,1:10,GAT,none,42,GNNExplainer,IntegratedGradients,0.8403809668675557
1:10_GAT_none,1:10,GAT,none,42,GNNExplainer,ExpectedGradients,0.5215856492595232
1:10_GAT_none,1:10,GAT,none,42,ShapleyFeatures,IntegratedGradients,0.4844998069406252
1:10_GAT_none,1:10,GAT,none,42,ShapleyFeatures,ExpectedGradients,0.41844865620344174
1:10_GAT_none,1:10,GAT,none,42,IntegratedGradients,ExpectedGradients,0.5516634799691978
1:10_GAT_none_s43,1:10,GAT,none,43,GNNExplainer,ShapleyFeatures,0.6129160623068356
1:10_GAT_none_s43,1:10,GAT,none,43,GNNExplainer,IntegratedGradients,0.8479386343208388
1:10_GAT_none_s43,1:10,GAT,none,43,GNNExplainer,ExpectedGradients,0.5459878131121337
1:10_GAT_none_s43,1:10,GAT,none,43,ShapleyFeatures,IntegratedGradients,0.47400172551083447
1:10_GAT_none_s43,1:10,GAT,none,43,ShapleyFeatures,ExpectedGradients,0.4176592355958892
1:10_GAT_none_s43,1:10,GAT,none,43,IntegratedGradients,ExpectedGradients,0.5678551823736704
1:10_GAT_none_s44,1:10,GAT,none,44,GNNExplainer,ShapleyFeatures,0.5995044019641178
1:10_GAT_none_s44,1:10,GAT,none,44,GNNExplainer,IntegratedGradients,0.8595311853368733
1:10_GAT_none_s44,1:10,GAT,none,44,GNNExplainer,ExpectedGradients,0.502175721014856
1:10_GAT_none_s44,1:10,GAT,none,44,ShapleyFeatures,IntegratedGradients,0.47170038626285204
1:10_GAT_none_s44,1:10,GAT,none,44,ShapleyFeatures,ExpectedGradients,0.3906570276304655
1:10_GAT_none_s44,1:10,GAT,none,44,IntegratedGradients,ExpectedGradients,0.5384964800874303
1:10_GCN_class_weighting,1:10,GCN,class_weighting,42,GNNExplainer,ShapleyFeatures,0.6483702530196609
1:10_GCN_class_weighting,1:10,GCN,class_weighting,42,GNNExplainer,IntegratedGradients,0.7986005419371485
1:10_GCN_class_weighting,1:10,GCN,class_weighting,42,GNNExplainer,ExpectedGradients,0.47133850464344695
1:10_GCN_class_weighting,1:10,GCN,class_weighting,42,ShapleyFeatures,IntegratedGradients,0.46788958832274946
1:10_GCN_class_weighting,1:10,GCN,class_weighting,42,ShapleyFeatures,ExpectedGradients,0.4136871970362546
1:10_GCN_class_weighting,1:10,GCN,class_weighting,42,IntegratedGradients,ExpectedGradients,0.5091103603150563
1:10_GCN_class_weighting_s43,1:10,GCN,class_weighting,43,GNNExplainer,ShapleyFeatures,0.6317587782955679
1:10_GCN_class_weighting_s43,1:10,GCN,class_weighting,43,GNNExplainer,IntegratedGradients,0.8062933338927283
1:10_GCN_class_weighting_s43,1:10,GCN,class_weighting,43,GNNExplainer,ExpectedGradients,0.4737576030037943
1:10_GCN_class_weighting_s43,1:10,GCN,class_weighting,43,ShapleyFeatures,IntegratedGradients,0.4655070321657033
1:10_GCN_class_weighting_s43,1:10,GCN,class_weighting,43,ShapleyFeatures,ExpectedGradients,0.40148338210301526
1:10_GCN_class_weighting_s43,1:10,GCN,class_weighting,43,IntegratedGradients,ExpectedGradients,0.5213206040917404
1:10_GCN_class_weighting_s44,1:10,GCN,class_weighting,44,GNNExplainer,ShapleyFeatures,0.6410376987977491
1:10_GCN_class_weighting_s44,1:10,GCN,class_weighting,44,GNNExplainer,IntegratedGradients,0.80212531629425
1:10_GCN_class_weighting_s44,1:10,GCN,class_weighting,44,GNNExplainer,ExpectedGradients,0.48790333395493396
1:10_GCN_class_weighting_s44,1:10,GCN,class_weighting,44,ShapleyFeatures,IntegratedGradients,0.45790548320010094
1:10_GCN_class_weighting_s44,1:10,GCN,class_weighting,44,ShapleyFeatures,ExpectedGradients,0.40151061824375134
1:10_GCN_class_weighting_s44,1:10,GCN,class_weighting,44,IntegratedGradients,ExpectedGradients,0.5024406678813954
1:10_GCN_focal_loss,1:10,GCN,focal_loss,42,GNNExplainer,ShapleyFeatures,0.6257416572501439
1:10_GCN_focal_loss,1:10,GCN,focal_loss,42,GNNExplainer,IntegratedGradients,0.7645093991900166
1:10_GCN_focal_loss,1:10,GCN,focal_loss,42,GNNExplainer,ExpectedGradients,0.5046387122132486
1:10_GCN_focal_loss,1:10,GCN,focal_loss,42,ShapleyFeatures,IntegratedGradients,0.458869452228575
1:10_GCN_focal_loss,1:10,GCN,focal_loss,42,ShapleyFeatures,ExpectedGradients,0.3942613094820019
1:10_GCN_focal_loss,1:10,GCN,focal_loss,42,IntegratedGradients,ExpectedGradients,0.512220663956562
1:10_GCN_focal_loss_s43,1:10,GCN,focal_loss,43,GNNExplainer,ShapleyFeatures,0.6099882060369294
1:10_GCN_focal_loss_s43,1:10,GCN,focal_loss,43,GNNExplainer,IntegratedGradients,0.7955397567708
1:10_GCN_focal_loss_s43,1:10,GCN,focal_loss,43,GNNExplainer,ExpectedGradients,0.547786783104036
1:10_GCN_focal_loss_s43,1:10,GCN,focal_loss,43,ShapleyFeatures,IntegratedGradients,0.4910554114676148
1:10_GCN_focal_loss_s43,1:10,GCN,focal_loss,43,ShapleyFeatures,ExpectedGradients,0.46556081576914793
1:10_GCN_focal_loss_s43,1:10,GCN,focal_loss,43,IntegratedGradients,ExpectedGradients,0.5617742818641198
1:10_GCN_focal_loss_s44,1:10,GCN,focal_loss,44,GNNExplainer,ShapleyFeatures,0.6250738810404818
1:10_GCN_focal_loss_s44,1:10,GCN,focal_loss,44,GNNExplainer,IntegratedGradients,0.7882991432776326
1:10_GCN_focal_loss_s44,1:10,GCN,focal_loss,44,GNNExplainer,ExpectedGradients,0.499622661571098
1:10_GCN_focal_loss_s44,1:10,GCN,focal_loss,44,ShapleyFeatures,IntegratedGradients,0.45829634516463974
1:10_GCN_focal_loss_s44,1:10,GCN,focal_loss,44,ShapleyFeatures,ExpectedGradients,0.421578361088473
1:10_GCN_focal_loss_s44,1:10,GCN,focal_loss,44,IntegratedGradients,ExpectedGradients,0.504288546457968
1:10_GCN_none,1:10,GCN,none,42,GNNExplainer,ShapleyFeatures,0.6184761261900397
1:10_GCN_none,1:10,GCN,none,42,GNNExplainer,IntegratedGradients,0.7606028613424003
1:10_GCN_none,1:10,GCN,none,42,GNNExplainer,ExpectedGradients,0.5267256342079751
1:10_GCN_none,1:10,GCN,none,42,ShapleyFeatures,IntegratedGradients,0.4654163889738111
1:10_GCN_none,1:10,GCN,none,42,ShapleyFeatures,ExpectedGradients,0.4112624351571882
1:10_GCN_none,1:10,GCN,none,42,IntegratedGradients,ExpectedGradients,0.5405898416336579
1:10_GCN_none_s43,1:10,GCN,none,43,GNNExplainer,ShapleyFeatures,0.6299887999889208
1:10_GCN_none_s43,1:10,GCN,none,43,GNNExplainer,IntegratedGradients,0.7698859959356398
1:10_GCN_none_s43,1:10,GCN,none,43,GNNExplainer,ExpectedGradients,0.5053584264829178
1:10_GCN_none_s43,1:10,GCN,none,43,ShapleyFeatures,IntegratedGradients,0.46350106471469343
1:10_GCN_none_s43,1:10,GCN,none,43,ShapleyFeatures,ExpectedGradients,0.39376374931893693
1:10_GCN_none_s43,1:10,GCN,none,43,IntegratedGradients,ExpectedGradients,0.5333705698213911
1:10_GCN_none_s44,1:10,GCN,none,44,GNNExplainer,ShapleyFeatures,0.6213886910679153
1:10_GCN_none_s44,1:10,GCN,none,44,GNNExplainer,IntegratedGradients,0.7884330528359809
1:10_GCN_none_s44,1:10,GCN,none,44,GNNExplainer,ExpectedGradients,0.48471554132159483
1:10_GCN_none_s44,1:10,GCN,none,44,ShapleyFeatures,IntegratedGradients,0.46449203004667755
1:10_GCN_none_s44,1:10,GCN,none,44,ShapleyFeatures,ExpectedGradients,0.4002468851987011
1:10_GCN_none_s44,1:10,GCN,none,44,IntegratedGradients,ExpectedGradients,0.507598300434286
1:10_GraphSAGE_class_weighting,1:10,GraphSAGE,class_weighting,42,GNNExplainer,ShapleyFeatures,0.6209121726294428
1:10_GraphSAGE_class_weighting,1:10,GraphSAGE,class_weighting,42,GNNExplainer,IntegratedGradients,0.8566657933291639
1:10_GraphSAGE_class_weighting,1:10,GraphSAGE,class_weighting,42,GNNExplainer,ExpectedGradients,0.47841384131059067
1:10_GraphSAGE_class_weighting,1:10,GraphSAGE,class_weighting,42,ShapleyFeatures,IntegratedGradients,0.4574602853350977
1:10_GraphSAGE_class_weighting,1:10,GraphSAGE,class_weighting,42,ShapleyFeatures,ExpectedGradients,0.3748013010185976
1:10_GraphSAGE_class_weighting,1:10,GraphSAGE,class_weighting,42,IntegratedGradients,ExpectedGradients,0.5220790096945233
1:10_GraphSAGE_class_weighting_s43,1:10,GraphSAGE,class_weighting,43,GNNExplainer,ShapleyFeatures,0.6398242355174157
1:10_GraphSAGE_class_weighting_s43,1:10,GraphSAGE,class_weighting,43,GNNExplainer,IntegratedGradients,0.8609531526235835
1:10_GraphSAGE_class_weighting_s43,1:10,GraphSAGE,class_weighting,43,GNNExplainer,ExpectedGradients,0.5071423329579163
1:10_GraphSAGE_class_weighting_s43,1:10,GraphSAGE,class_weighting,43,ShapleyFeatures,IntegratedGradients,0.4731346967736976
1:10_GraphSAGE_class_weighting_s43,1:10,GraphSAGE,class_weighting,43,ShapleyFeatures,ExpectedGradients,0.3886965251278565
1:10_GraphSAGE_class_weighting_s43,1:10,GraphSAGE,class_weighting,43,IntegratedGradients,ExpectedGradients,0.5371121820864923
1:10_GraphSAGE_class_weighting_s44,1:10,GraphSAGE,class_weighting,44,GNNExplainer,ShapleyFeatures,0.6278468473992963
1:10_GraphSAGE_class_weighting_s44,1:10,GraphSAGE,class_weighting,44,GNNExplainer,IntegratedGradients,0.8624895306515458
1:10_GraphSAGE_class_weighting_s44,1:10,GraphSAGE,class_weighting,44,GNNExplainer,ExpectedGradients,0.48063451367797555
1:10_GraphSAGE_class_weighting_s44,1:10,GraphSAGE,class_weighting,44,ShapleyFeatures,IntegratedGradients,0.46605999126101605
1:10_GraphSAGE_class_weighting_s44,1:10,GraphSAGE,class_weighting,44,ShapleyFeatures,ExpectedGradients,0.370068460272945
1:10_GraphSAGE_class_weighting_s44,1:10,GraphSAGE,class_weighting,44,IntegratedGradients,ExpectedGradients,0.530531004521291
1:10_GraphSAGE_focal_loss,1:10,GraphSAGE,focal_loss,42,GNNExplainer,ShapleyFeatures,0.6181547039420168
1:10_GraphSAGE_focal_loss,1:10,GraphSAGE,focal_loss,42,GNNExplainer,IntegratedGradients,0.8362710319705492
1:10_GraphSAGE_focal_loss,1:10,GraphSAGE,focal_loss,42,GNNExplainer,ExpectedGradients,0.4878945337351674
1:10_GraphSAGE_focal_loss,1:10,GraphSAGE,focal_loss,42,ShapleyFeatures,IntegratedGradients,0.46509983522528303
1:10_GraphSAGE_focal_loss,1:10,GraphSAGE,focal_loss,42,ShapleyFeatures,ExpectedGradients,0.405857898994834
1:10_GraphSAGE_focal_loss,1:10,GraphSAGE,focal_loss,42,IntegratedGradients,ExpectedGradients,0.521286478155345
1:10_GraphSAGE_focal_loss_s43,1:10,GraphSAGE,focal_loss,43,GNNExplainer,ShapleyFeatures,0.5978950755499132
1:10_GraphSAGE_focal_loss_s43,1:10,GraphSAGE,focal_loss,43,GNNExplainer,IntegratedGradients,0.8021210657154342
1:10_GraphSAGE_focal_loss_s43,1:10,GraphSAGE,focal_loss,43,GNNExplainer,ExpectedGradients,0.5421500067700417
1:10_GraphSAGE_focal_loss_s43,1:10,GraphSAGE,focal_loss,43,ShapleyFeatures,IntegratedGradients,0.4688296788728698
1:10_GraphSAGE_focal_loss_s43,1:10,GraphSAGE,focal_loss,43,ShapleyFeatures,ExpectedGradients,0.4192967969477921
1:10_GraphSAGE_focal_loss_s43,1:10,GraphSAGE,focal_loss,43,IntegratedGradients,ExpectedGradients,0.5371037517134721
1:10_GraphSAGE_focal_loss_s44,1:10,GraphSAGE,focal_loss,44,GNNExplainer,ShapleyFeatures,0.615591103346437
1:10_GraphSAGE_focal_loss_s44,1:10,GraphSAGE,focal_loss,44,GNNExplainer,IntegratedGradients,0.8272646708933399
1:10_GraphSAGE_focal_loss_s44,1:10,GraphSAGE,focal_loss,44,GNNExplainer,ExpectedGradients,0.5501258956242405
1:10_GraphSAGE_focal_loss_s44,1:10,GraphSAGE,focal_loss,44,ShapleyFeatures,IntegratedGradients,0.4703456428273287
1:10_GraphSAGE_focal_loss_s44,1:10,GraphSAGE,focal_loss,44,ShapleyFeatures,ExpectedGradients,0.43583124015573876
1:10_GraphSAGE_focal_loss_s44,1:10,GraphSAGE,focal_loss,44,IntegratedGradients,ExpectedGradients,0.5776955638330501
1:10_GraphSAGE_none,1:10,GraphSAGE,none,42,GNNExplainer,ShapleyFeatures,0.611662460161444
1:10_GraphSAGE_none,1:10,GraphSAGE,none,42,GNNExplainer,IntegratedGradients,0.8193461079293484
1:10_GraphSAGE_none,1:10,GraphSAGE,none,42,GNNExplainer,ExpectedGradients,0.4763799655155872
1:10_GraphSAGE_none,1:10,GraphSAGE,none,42,ShapleyFeatures,IntegratedGradients,0.46111804877669077
1:10_GraphSAGE_none,1:10,GraphSAGE,none,42,ShapleyFeatures,ExpectedGradients,0.43391768872510966
1:10_GraphSAGE_none,1:10,GraphSAGE,none,42,IntegratedGradients,ExpectedGradients,0.5056479825249739
1:10_GraphSAGE_none_s43,1:10,GraphSAGE,none,43,GNNExplainer,ShapleyFeatures,0.6200386678114665
1:10_GraphSAGE_none_s43,1:10,GraphSAGE,none,43,GNNExplainer,IntegratedGradients,0.8091664175436268
1:10_GraphSAGE_none_s43,1:10,GraphSAGE,none,43,GNNExplainer,ExpectedGradients,0.4576495085117736
1:10_GraphSAGE_none_s43,1:10,GraphSAGE,none,43,ShapleyFeatures,IntegratedGradients,0.4735189330988799
1:10_GraphSAGE_none_s43,1:10,GraphSAGE,none,43,ShapleyFeatures,ExpectedGradients,0.4221669815217855
1:10_GraphSAGE_none_s43,1:10,GraphSAGE,none,43,IntegratedGradients,ExpectedGradients,0.47863732136528736
1:10_GraphSAGE_none_s44,1:10,GraphSAGE,none,44,GNNExplainer,ShapleyFeatures,0.6187181163619032
1:10_GraphSAGE_none_s44,1:10,GraphSAGE,none,44,GNNExplainer,IntegratedGradients,0.8286870382642068
1:10_GraphSAGE_none_s44,1:10,GraphSAGE,none,44,GNNExplainer,ExpectedGradients,0.4764181607179614
1:10_GraphSAGE_none_s44,1:10,GraphSAGE,none,44,ShapleyFeatures,IntegratedGradients,0.47303245145848577
1:10_GraphSAGE_none_s44,1:10,GraphSAGE,none,44,ShapleyFeatures,ExpectedGradients,0.42458789689925847
1:10_GraphSAGE_none_s44,1:10,GraphSAGE,none,44,IntegratedGradients,ExpectedGradients,0.4926164462619666
1:10_TAGCN_class_weighting,1:10,TAGCN,class_weighting,42,GNNExplainer,ShapleyFeatures,0.510107206184835
1:10_TAGCN_class_weighting,1:10,TAGCN,class_weighting,42,GNNExplainer,IntegratedGradients,0.8876735968132002
1:10_TAGCN_class_weighting,1:10,TAGCN,class_weighting,42,GNNExplainer,ExpectedGradients,0.4670932357720226
1:10_TAGCN_class_weighting,1:10,TAGCN,class_weighting,42,ShapleyFeatures,IntegratedGradients,0.4575605358859749
1:10_TAGCN_class_weighting,1:10,TAGCN,class_weighting,42,ShapleyFeatures,ExpectedGradients,0.3792354364313429
1:10_TAGCN_class_weighting,1:10,TAGCN,class_weighting,42,IntegratedGradients,ExpectedGradients,0.5172997909286798
1:10_TAGCN_class_weighting_s43,1:10,TAGCN,class_weighting,43,GNNExplainer,ShapleyFeatures,0.5094899182288914
1:10_TAGCN_class_weighting_s43,1:10,TAGCN,class_weighting,43,GNNExplainer,IntegratedGradients,0.8915024445243589
1:10_TAGCN_class_weighting_s43,1:10,TAGCN,class_weighting,43,GNNExplainer,ExpectedGradients,0.5062152389956986
1:10_TAGCN_class_weighting_s43,1:10,TAGCN,class_weighting,43,ShapleyFeatures,IntegratedGradients,0.460452784222252
1:10_TAGCN_class_weighting_s43,1:10,TAGCN,class_weighting,43,ShapleyFeatures,ExpectedGradients,0.3871120151097665
1:10_TAGCN_class_weighting_s43,1:10,TAGCN,class_weighting,43,IntegratedGradients,ExpectedGradients,0.5469799282017571
1:10_TAGCN_class_weighting_s44,1:10,TAGCN,class_weighting,44,GNNExplainer,ShapleyFeatures,0.4917074053105476
1:10_TAGCN_class_weighting_s44,1:10,TAGCN,class_weighting,44,GNNExplainer,IntegratedGradients,0.8370819475161038
1:10_TAGCN_class_weighting_s44,1:10,TAGCN,class_weighting,44,GNNExplainer,ExpectedGradients,0.5025291660768717
1:10_TAGCN_class_weighting_s44,1:10,TAGCN,class_weighting,44,ShapleyFeatures,IntegratedGradients,0.44724242871536446
1:10_TAGCN_class_weighting_s44,1:10,TAGCN,class_weighting,44,ShapleyFeatures,ExpectedGradients,0.4038587419066324
1:10_TAGCN_class_weighting_s44,1:10,TAGCN,class_weighting,44,IntegratedGradients,ExpectedGradients,0.5029920502087966
1:10_TAGCN_focal_loss,1:10,TAGCN,focal_loss,42,GNNExplainer,ShapleyFeatures,0.4945584841454627
1:10_TAGCN_focal_loss,1:10,TAGCN,focal_loss,42,GNNExplainer,IntegratedGradients,0.8335150876434227
1:10_TAGCN_focal_loss,1:10,TAGCN,focal_loss,42,GNNExplainer,ExpectedGradients,0.48658879134091554
1:10_TAGCN_focal_loss,1:10,TAGCN,focal_loss,42,ShapleyFeatures,IntegratedGradients,0.47275252191241973
1:10_TAGCN_focal_loss,1:10,TAGCN,focal_loss,42,ShapleyFeatures,ExpectedGradients,0.43064195037189035
1:10_TAGCN_focal_loss,1:10,TAGCN,focal_loss,42,IntegratedGradients,ExpectedGradients,0.5171761024332383
1:10_TAGCN_focal_loss_s43,1:10,TAGCN,focal_loss,43,GNNExplainer,ShapleyFeatures,0.5108285954647936
1:10_TAGCN_focal_loss_s43,1:10,TAGCN,focal_loss,43,GNNExplainer,IntegratedGradients,0.8172552808280185
1:10_TAGCN_focal_loss_s43,1:10,TAGCN,focal_loss,43,GNNExplainer,ExpectedGradients,0.4417409906500123
1:10_TAGCN_focal_loss_s43,1:10,TAGCN,focal_loss,43,ShapleyFeatures,IntegratedGradients,0.47035244587212305
1:10_TAGCN_focal_loss_s43,1:10,TAGCN,focal_loss,43,ShapleyFeatures,ExpectedGradients,0.41952191532237576
1:10_TAGCN_focal_loss_s43,1:10,TAGCN,focal_loss,43,IntegratedGradients,ExpectedGradients,0.46021381731289757
1:10_TAGCN_focal_loss_s44,1:10,TAGCN,focal_loss,44,GNNExplainer,ShapleyFeatures,0.523543138980107
1:10_TAGCN_focal_loss_s44,1:10,TAGCN,focal_loss,44,GNNExplainer,IntegratedGradients,0.8166860443418104
1:10_TAGCN_focal_loss_s44,1:10,TAGCN,focal_loss,44,GNNExplainer,ExpectedGradients,0.4873342050086976
1:10_TAGCN_focal_loss_s44,1:10,TAGCN,focal_loss,44,ShapleyFeatures,IntegratedGradients,0.4906088759210405
1:10_TAGCN_focal_loss_s44,1:10,TAGCN,focal_loss,44,ShapleyFeatures,ExpectedGradients,0.47447033630367214
1:10_TAGCN_focal_loss_s44,1:10,TAGCN,focal_loss,44,IntegratedGradients,ExpectedGradients,0.505033526843566
1:10_TAGCN_none,1:10,TAGCN,none,42,GNNExplainer,ShapleyFeatures,0.5253841671592371
1:10_TAGCN_none,1:10,TAGCN,none,42,GNNExplainer,IntegratedGradients,0.8842748853096238
1:10_TAGCN_none,1:10,TAGCN,none,42,GNNExplainer,ExpectedGradients,0.5050341550472204
1:10_TAGCN_none,1:10,TAGCN,none,42,ShapleyFeatures,IntegratedGradients,0.47923048693244613
1:10_TAGCN_none,1:10,TAGCN,none,42,ShapleyFeatures,ExpectedGradients,0.4660239448700067
1:10_TAGCN_none,1:10,TAGCN,none,42,IntegratedGradients,ExpectedGradients,0.5189455708718952
1:10_TAGCN_none_s43,1:10,TAGCN,none,43,GNNExplainer,ShapleyFeatures,0.5000251719750379
1:10_TAGCN_none_s43,1:10,TAGCN,none,43,GNNExplainer,IntegratedGradients,0.8577150070514451
1:10_TAGCN_none_s43,1:10,TAGCN,none,43,GNNExplainer,ExpectedGradients,0.4763303001293737
1:10_TAGCN_none_s43,1:10,TAGCN,none,43,ShapleyFeatures,IntegratedGradients,0.46267986185520715
1:10_TAGCN_none_s43,1:10,TAGCN,none,43,ShapleyFeatures,ExpectedGradients,0.4150318961012647
1:10_TAGCN_none_s43,1:10,TAGCN,none,43,IntegratedGradients,ExpectedGradients,0.4755251805801851
1:10_TAGCN_none_s44,1:10,TAGCN,none,44,GNNExplainer,ShapleyFeatures,0.4963793317816429
1:10_TAGCN_none_s44,1:10,TAGCN,none,44,GNNExplainer,IntegratedGradients,0.8628141960533904
1:10_TAGCN_none_s44,1:10,TAGCN,none,44,GNNExplainer,ExpectedGradients,0.47811345787224563
1:10_TAGCN_none_s44,1:10,TAGCN,none,44,ShapleyFeatures,IntegratedGradients,0.4616149829256447
1:10_TAGCN_none_s44,1:10,TAGCN,none,44,ShapleyFeatures,ExpectedGradients,0.4473172983421683
1:10_TAGCN_none_s44,1:10,TAGCN,none,44,IntegratedGradients,ExpectedGradients,0.4821909903786796
1:10_os_GAT_class_weighting,1:10_os,GAT,class_weighting,42,GNNExplainer,ShapleyFeatures,0.5963088266090617
1:10_os_GAT_class_weighting,1:10_os,GAT,class_weighting,42,GNNExplainer,IntegratedGradients,0.8638551709182593
1:10_os_GAT_class_weighting,1:10_os,GAT,class_weighting,42,GNNExplainer,ExpectedGradients,0.472732264432326
1:10_os_GAT_class_weighting,1:10_os,GAT,class_weighting,42,ShapleyFeatures,IntegratedGradients,0.48078422952200556
1:10_os_GAT_class_weighting,1:10_os,GAT,class_weighting,42,ShapleyFeatures,ExpectedGradients,0.3752185147734482
1:10_os_GAT_class_weighting,1:10_os,GAT,class_weighting,42,IntegratedGradients,ExpectedGradients,0.5165719942826672
1:10_os_GAT_class_weighting_s43,1:10_os,GAT,class_weighting,43,GNNExplainer,ShapleyFeatures,0.6034198494521485
1:10_os_GAT_class_weighting_s43,1:10_os,GAT,class_weighting,43,GNNExplainer,IntegratedGradients,0.8511380446104548
1:10_os_GAT_class_weighting_s43,1:10_os,GAT,class_weighting,43,GNNExplainer,ExpectedGradients,0.5635763129363922
1:10_os_GAT_class_weighting_s43,1:10_os,GAT,class_weighting,43,ShapleyFeatures,IntegratedGradients,0.4558552179333531
1:10_os_GAT_class_weighting_s43,1:10_os,GAT,class_weighting,43,ShapleyFeatures,ExpectedGradients,0.41944049636731284
1:10_os_GAT_class_weighting_s43,1:10_os,GAT,class_weighting,43,IntegratedGradients,ExpectedGradients,0.5877767325522846
1:10_os_GAT_class_weighting_s44,1:10_os,GAT,class_weighting,44,GNNExplainer,ShapleyFeatures,0.6103614861947171
1:10_os_GAT_class_weighting_s44,1:10_os,GAT,class_weighting,44,GNNExplainer,IntegratedGradients,0.8476514317684164
1:10_os_GAT_class_weighting_s44,1:10_os,GAT,class_weighting,44,GNNExplainer,ExpectedGradients,0.5132264806695888
1:10_os_GAT_class_weighting_s44,1:10_os,GAT,class_weighting,44,ShapleyFeatures,IntegratedGradients,0.46385330673886105
1:10_os_GAT_class_weighting_s44,1:10_os,GAT,class_weighting,44,ShapleyFeatures,ExpectedGradients,0.4112452966365605
1:10_os_GAT_class_weighting_s44,1:10_os,GAT,class_weighting,44,IntegratedGradients,ExpectedGradients,0.5370414852817288
1:10_os_GAT_focal_loss,1:10_os,GAT,focal_loss,42,GNNExplainer,ShapleyFeatures,0.6139416376226168
1:10_os_GAT_focal_loss,1:10_os,GAT,focal_loss,42,GNNExplainer,IntegratedGradients,0.8169521412967596
1:10_os_GAT_focal_loss,1:10_os,GAT,focal_loss,42,GNNExplainer,ExpectedGradients,0.5877465095709952
1:10_os_GAT_focal_loss,1:10_os,GAT,focal_loss,42,ShapleyFeatures,IntegratedGradients,0.5007656746041578
1:10_os_GAT_focal_loss,1:10_os,GAT,focal_loss,42,ShapleyFeatures,ExpectedGradients,0.4848742820052658
1:10_os_GAT_focal_loss,1:10_os,GAT,focal_loss,42,IntegratedGradients,ExpectedGradients,0.6107105795120531
1:10_os_GAT_focal_loss_s43,1:10_os,GAT,focal_loss,43,GNNExplainer,ShapleyFeatures,0.5873296610123397
1:10_os_GAT_focal_loss_s43,1:10_os,GAT,focal_loss,43,GNNExplainer,IntegratedGradients,0.8555496894109044
1:10_os_GAT_focal_loss_s43,1:10_os,GAT,focal_loss,43,GNNExplainer,ExpectedGradients,0.4847281425724576
1:10_os_GAT_focal_loss_s43,1:10_os,GAT,focal_loss,43,ShapleyFeatures,IntegratedGradients,0.47876024255524524
1:10_os_GAT_focal_loss_s43,1:10_os,GAT,focal_loss,43,ShapleyFeatures,ExpectedGradients,0.4320502347408286
1:10_os_GAT_focal_loss_s43,1:10_os,GAT,focal_loss,43,IntegratedGradients,ExpectedGradients,0.51524633257507
1:10_os_GAT_focal_loss_s44,1:10_os,GAT,focal_loss,44,GNNExplainer,ShapleyFeatures,0.5901578350043145
1:10_os_GAT_focal_loss_s44,1:10_os,GAT,focal_loss,44,GNNExplainer,IntegratedGradients,0.7957137368446804
1:10_os_GAT_focal_loss_s44,1:10_os,GAT,focal_loss,44,GNNExplainer,ExpectedGradients,0.5535751157160913
1:10_os_GAT_focal_loss_s44,1:10_os,GAT,focal_loss,44,ShapleyFeatures,IntegratedGradients,0.47078704290496376
1:10_os_GAT_focal_loss_s44,1:10_os,GAT,focal_loss,44,ShapleyFeatures,ExpectedGradients,0.47116499612348767
1:10_os_GAT_focal_loss_s44,1:10_os,GAT,focal_loss,44,IntegratedGradients,ExpectedGradients,0.583163093342221
1:10_os_GAT_none,1:10_os,GAT,none,42,GNNExplainer,ShapleyFeatures,0.6200296355239459
1:10_os_GAT_none,1:10_os,GAT,none,42,GNNExplainer,IntegratedGradients,0.8432448162169675
1:10_os_GAT_none,1:10_os,GAT,none,42,GNNExplainer,ExpectedGradients,0.526960809411541
1:10_os_GAT_none,1:10_os,GAT,none,42,ShapleyFeatures,IntegratedGradients,0.486341398456917
1:10_os_GAT_none,1:10_os,GAT,none,42,ShapleyFeatures,ExpectedGradients,0.4261894084863037
1:10_os_GAT_none,1:10_os,GAT,none,42,IntegratedGradients,ExpectedGradients,0.5578750550825802
1:10_os_GAT_none_s43,1:10_os,GAT,none,43,GNNExplainer,ShapleyFeatures,0.6097125157592662
1:10_os_GAT_none_s43,1:10_os,GAT,none,43,GNNExplainer,IntegratedGradients,0.8540368749386044
1:10_os_GAT_none_s43,1:10_os,GAT,none,43,GNNExplainer,ExpectedGradients,0.550254522768229
1:10_os_GAT_none_s43,1:10_os,GAT,none,43,ShapleyFeatures,IntegratedGradients,0.47493261289951016
1:10_os_GAT_none_s43,1:10_os,GAT,none,43,ShapleyFeatures,ExpectedGradients,0.41491928743253004
1:10_os_GAT_none_s43,1:10_os,GAT,none,43,IntegratedGradients,ExpectedGradients,0.5629244987950659
1:10_os_GAT_none_s44,1:10_os,GAT,none,44,GNNExplainer,ShapleyFeatures,0.6053974464835642
1:10_os_GAT_none_s44,1:10_os,GAT,none,44,GNNExplainer,IntegratedGradients,0.8372082724814567
1:10_os_GAT_none_s44,1:10_os,GAT,none,44,GNNExplainer,ExpectedGradients,0.522024716800327
1:10_os_GAT_none_s44,1:10_os,GAT,none,44,ShapleyFeatures,IntegratedGradients,0.45716089123704956
1:10_os_GAT_none_s44,1:10_os,GAT,none,44,ShapleyFeatures,ExpectedGradients,0.43855236083432664
1:10_os_GAT_none_s44,1:10_os,GAT,none,44,IntegratedGradients,ExpectedGradients,0.532238441894022
1:10_os_GCN_class_weighting,1:10_os,GCN,class_weighting,42,GNNExplainer,ShapleyFeatures,0.6477666371607932
1:10_os_GCN_class_weighting,1:10_os,GCN,class_weighting,42,GNNExplainer,IntegratedGradients,0.8034874201941626
1:10_os_GCN_class_weighting,1:10_os,GCN,class_weighting,42,GNNExplainer,ExpectedGradients,0.47980795337294335
1:10_os_GCN_class_weighting,1:10_os,GCN,class_weighting,42,ShapleyFeatures,IntegratedGradients,0.4688214459699769
1:10_os_GCN_class_weighting,1:10_os,GCN,class_weighting,42,ShapleyFeatures,ExpectedGradients,0.41508802114349747
1:10_os_GCN_class_weighting,1:10_os,GCN,class_weighting,42,IntegratedGradients,ExpectedGradients,0.5193633674536401
1:10_os_GCN_class_weighting_s43,1:10_os,GCN,class_weighting,43,GNNExplainer,ShapleyFeatures,0.6360914539523832
1:10_os_GCN_class_weighting_s43,1:10_os,GCN,class_weighting,43,GNNExplainer,IntegratedGradients,0.8036211293168322
1:10_os_GCN_class_weighting_s43,1:10_os,GCN,class_weighting,43,GNNExplainer,ExpectedGradients,0.4771453217492713
1:10_os_GCN_class_weighting_s43,1:10_os,GCN,class_weighting,43,ShapleyFeatures,IntegratedGradients,0.4612970099385472
1:10_os_GCN_class_weighting_s43,1:10_os,GCN,class_weighting,43,ShapleyFeatures,ExpectedGradients,0.39687676425270413
1:10_os_GCN_class_weighting_s43,1:10_os,GCN,class_weighting,43,IntegratedGradients,ExpectedGradients,0.5224352773359445
1:10_os_GCN_class_weighting_s44,1:10_os,GCN,class_weighting,44,GNNExplainer,ShapleyFeatures,0.6413819187221058
1:10_os_GCN_class_weighting_s44,1:10_os,GCN,class_weighting,44,GNNExplainer,IntegratedGradients,0.8017154052357219
1:10_os_GCN_class_weighting_s44,1:10_os,GCN,class_weighting,44,GNNExplainer,ExpectedGradients,0.4886438261479987
1:10_os_GCN_class_weighting_s44,1:10_os,GCN,class_weighting,44,ShapleyFeatures,IntegratedGradients,0.4577444356342057
1:10_os_GCN_class_weighting_s44,1:10_os,GCN,class_weighting,44,ShapleyFeatures,ExpectedGradients,0.4018464560633602
1:10_os_GCN_class_weighting_s44,1:10_os,GCN,class_weighting,44,IntegratedGradients,ExpectedGradients,0.5030097943160606
1:10_os_GCN_focal_loss,1:10_os,GCN,focal_loss,42,GNNExplainer,ShapleyFeatures,0.6269515122144097
1:10_os_GCN_focal_loss,1:10_os,GCN,focal_loss,42,GNNExplainer,IntegratedGradients,0.7630914621601266
1:10_os_GCN_focal_loss,1:10_os,GCN,focal_loss,42,GNNExplainer,ExpectedGradients,0.5080631270836687
1:10_os_GCN_focal_loss,1:10_os,GCN,focal_loss,42,ShapleyFeatures,IntegratedGradients,0.46096946205511613
1:10_os_GCN_focal_loss,1:10_os,GCN,focal_loss,42,ShapleyFeatures,ExpectedGradients,0.39799093004111014
1:10_os_GCN_focal_loss,1:10_os,GCN,focal_loss,42,IntegratedGradients,ExpectedGradients,0.515043266042694
1:10_os_GCN_focal_loss_s43,1:10_os,GCN,focal_loss,43,GNNExplainer,ShapleyFeatures,0.6303658207461142
1:10_os_GCN_focal_loss_s43,1:10_os,GCN,focal_loss,43,GNNExplainer,IntegratedGradients,0.7827302772313651
1:10_os_GCN_focal_loss_s43,1:10_os,GCN,focal_loss,43,GNNExplainer,ExpectedGradients,0.5103373417331629
1:10_os_GCN_focal_loss_s43,1:10_os,GCN,focal_loss,43,ShapleyFeatures,IntegratedGradients,0.4647329898187351
1:10_os_GCN_focal_loss_s43,1:10_os,GCN,focal_loss,43,ShapleyFeatures,ExpectedGradients,0.41589131899230547
1:10_os_GCN_focal_loss_s43,1:10_os,GCN,focal_loss,43,IntegratedGradients,ExpectedGradients,0.5385119976595886
1:10_os_GCN_focal_loss_s44,1:10_os,GCN,focal_loss,44,GNNExplainer,ShapleyFeatures,0.6262234665666258
1:10_os_GCN_focal_loss_s44,1:10_os,GCN,focal_loss,44,GNNExplainer,IntegratedGradients,0.7883357887205811
1:10_os_GCN_focal_loss_s44,1:10_os,GCN,focal_loss,44,GNNExplainer,ExpectedGradients,0.5037072768952214
1:10_os_GCN_focal_loss_s44,1:10_os,GCN,focal_loss,44,ShapleyFeatures,IntegratedGradients,0.45968643390268465
1:10_os_GCN_focal_loss_s44,1:10_os,GCN,focal_loss,44,ShapleyFeatures,ExpectedGradients,0.4223340551574913
1:10_os_GCN_focal_loss_s44,1:10_os,GCN,focal_loss,44,IntegratedGradients,ExpectedGradients,0.5070697334887021
1:10_os_GCN_none,1:10_os,GCN,none,42,GNNExplainer,ShapleyFeatures,0.6198093788506486
1:10_os_GCN_none,1:10_os,GCN,none,42,GNNExplainer,IntegratedGradients,0.7590544717943156
1:10_os_GCN_none,1:10_os,GCN,none,42,GNNExplainer,ExpectedGradients,0.5230941654871917
1:10_os_GCN_none,1:10_os,GCN,none,42,ShapleyFeatures,IntegratedGradients,0.46336797934679774
1:10_os_GCN_none,1:10_os,GCN,none,42,ShapleyFeatures,ExpectedGradients,0.4080127229289377
1:10_os_GCN_none,1:10_os,GCN,none,42,IntegratedGradients,ExpectedGradients,0.5403322067774633
1:10_os_GCN_none_s43,1:10_os,GCN,none,43,GNNExplainer,ShapleyFeatures,0.6339129768058106
1:10_os_GCN_none_s43,1:10_os,GCN,none,43,GNNExplainer,IntegratedGradients,0.7702570858490204
1:10_os_GCN_none_s43,1:10_os,GCN,none,43,GNNExplainer,ExpectedGradients,0.5074443464271718
1:10_os_GCN_none_s43,1:10_os,GCN,none,43,ShapleyFeatures,IntegratedGradients,0.46379923823254476
1:10_os_GCN_none_s43,1:10_os,GCN,none,43,ShapleyFeatures,ExpectedGradients,0.392421292664523
1:10_os_GCN_none_s43,1:10_os,GCN,none,43,IntegratedGradients,ExpectedGradients,0.5341425175425693
1:10_os_GCN_none_s44,1:10_os,GCN,none,44,GNNExplainer,ShapleyFeatures,0.6241261861057138
1:10_os_GCN_none_s44,1:10_os,GCN,none,44,GNNExplainer,IntegratedGradients,0.7877447522290782
1:10_os_GCN_none_s44,1:10_os,GCN,none,44,GNNExplainer,ExpectedGradients,0.48403320556356416
1:10_os_GCN_none_s44,1:10_os,GCN,none,44,ShapleyFeatures,IntegratedGradients,0.4691783943565306
1:10_os_GCN_none_s44,1:10_os,GCN,none,44,ShapleyFeatures,ExpectedGradients,0.4021582368022485
1:10_os_GCN_none_s44,1:10_os,GCN,none,44,IntegratedGradients,ExpectedGradients,0.5090454326205234
1:10_os_GraphSAGE_class_weighting,1:10_os,GraphSAGE,class_weighting,42,GNNExplainer,ShapleyFeatures,0.6201825838867244
1:10_os_GraphSAGE_class_weighting,1:10_os,GraphSAGE,class_weighting,42,GNNExplainer,IntegratedGradients,0.8589476728894816
1:10_os_GraphSAGE_class_weighting,1:10_os,GraphSAGE,class_weighting,42,GNNExplainer,ExpectedGradients,0.5069331823067161
1:10_os_GraphSAGE_class_weighting,1:10_os,GraphSAGE,class_weighting,42,ShapleyFeatures,IntegratedGradients,0.4582768552951348
1:10_os_GraphSAGE_class_weighting,1:10_os,GraphSAGE,class_weighting,42,ShapleyFeatures,ExpectedGradients,0.3700589695004683
1:10_os_GraphSAGE_class_weighting,1:10_os,GraphSAGE,class_weighting,42,IntegratedGradients,ExpectedGradients,0.5530547592801034
1:10_os_GraphSAGE_class_weighting_s43,1:10_os,GraphSAGE,class_weighting,43,GNNExplainer,ShapleyFeatures,0.6355230184434123
1:10_os_GraphSAGE_class_weighting_s43,1:10_os,GraphSAGE,class_weighting,43,GNNExplainer,IntegratedGradients,0.8625667191223471
1:10_os_GraphSAGE_class_weighting_s43,1:10_os,GraphSAGE,class_weighting,43,GNNExplainer,ExpectedGradients,0.5212704654131735
1:10_os_GraphSAGE_class_weighting_s43,1:10_os,GraphSAGE,class_weighting,43,ShapleyFeatures,IntegratedGradients,0.4685405446531663
1:10_os_GraphSAGE_class_weighting_s43,1:10_os,GraphSAGE,class_weighting,43,ShapleyFeatures,ExpectedGradients,0.38658470969720965
1:10_os_GraphSAGE_class_weighting_s43,1:10_os,GraphSAGE,class_weighting,43,IntegratedGradients,ExpectedGradients,0.5514416414086518
1:10_os_GraphSAGE_class_weighting_s44,1:10_os,GraphSAGE,class_weighting,44,GNNExplainer,ShapleyFeatures,0.6288871508295633
1:10_os_GraphSAGE_class_weighting_s44,1:10_os,GraphSAGE,class_weighting,44,GNNExplainer,IntegratedGradients,0.861191516925343
1:10_os_GraphSAGE_class_weighting_s44,1:10_os,GraphSAGE,class_weighting,44,GNNExplainer,ExpectedGradients,0.49296996082395794
1:10_os_GraphSAGE_class_weighting_s44,1:10_os,GraphSAGE,class_weighting,44,ShapleyFeatures,IntegratedGradients,0.4674614510546153
1:10_os_GraphSAGE_class_weighting_s44,1:10_os,GraphSAGE,class_weighting,44,ShapleyFeatures,ExpectedGradients,0.364251953940509
1:10_os_GraphSAGE_class_weighting_s44,1:10_os,GraphSAGE,class_weighting,44,IntegratedGradients,ExpectedGradients,0.5363913999433964
1:10_os_GraphSAGE_focal_loss,1:10_os,GraphSAGE,focal_loss,42,GNNExplainer,ShapleyFeatures,0.6054468361053112
1:10_os_GraphSAGE_focal_loss,1:10_os,GraphSAGE,focal_loss,42,GNNExplainer,IntegratedGradients,0.827554598132631
1:10_os_GraphSAGE_focal_loss,1:10_os,GraphSAGE,focal_loss,42,GNNExplainer,ExpectedGradients,0.49321528799701314
1:10_os_GraphSAGE_focal_loss,1:10_os,GraphSAGE,focal_loss,42,ShapleyFeatures,IntegratedGradients,0.46501322154406616
1:10_os_GraphSAGE_focal_loss,1:10_os,GraphSAGE,focal_loss,42,ShapleyFeatures,ExpectedGradients,0.43033685298107466
1:10_os_GraphSAGE_focal_loss,1:10_os,GraphSAGE,focal_loss,42,IntegratedGradients,ExpectedGradients,0.5154146559759835
1:10_os_GraphSAGE_focal_loss_s43,1:10_os,GraphSAGE,focal_loss,43,GNNExplainer,ShapleyFeatures,0.6081882753803837
1:10_os_GraphSAGE_focal_loss_s43,1:10_os,GraphSAGE,focal_loss,43,GNNExplainer,IntegratedGradients,0.8314678568167221
1:10_os_GraphSAGE_focal_loss_s43,1:10_os,GraphSAGE,focal_loss,43,GNNExplainer,ExpectedGradients,0.5180715717069025
1:10_os_GraphSAGE_focal_loss_s43,1:10_os,GraphSAGE,focal_loss,43,ShapleyFeatures,IntegratedGradients,0.4705573410315991
1:10_os_GraphSAGE_focal_loss_s43,1:10_os,GraphSAGE,focal_loss,43,ShapleyFeatures,ExpectedGradients,0.39715678730016774
1:10_os_GraphSAGE_focal_loss_s43,1:10_os,GraphSAGE,focal_loss,43,IntegratedGradients,ExpectedGradients,0.5388128369903963
1:10_os_GraphSAGE_focal_loss_s44,1:10_os,GraphSAGE,focal_loss,44,GNNExplainer,ShapleyFeatures,0.6242468718489059
1:10_os_GraphSAGE_focal_loss_s44,1:10_os,GraphSAGE,focal_loss,44,GNNExplainer,IntegratedGradients,0.8345219942694636
1:10_os_GraphSAGE_focal_loss_s44,1:10_os,GraphSAGE,focal_loss,44,GNNExplainer,ExpectedGradients,0.5608811625288759
1:10_os_GraphSAGE_focal_loss_s44,1:10_os,GraphSAGE,focal_loss,44,ShapleyFeatures,IntegratedGradients,0.47044822876368825
1:10_os_GraphSAGE_focal_loss_s44,1:10_os,GraphSAGE,focal_loss,44,ShapleyFeatures,ExpectedGradients,0.43646012473786555
1:10_os_GraphSAGE_focal_loss_s44,1:10_os,GraphSAGE,focal_loss,44,IntegratedGradients,ExpectedGradients,0.5889407982801241
1:10_os_GraphSAGE_none,1:10_os,GraphSAGE,none,42,GNNExplainer,ShapleyFeatures,0.6285392145625786
1:10_os_GraphSAGE_none,1:10_os,GraphSAGE,none,42,GNNExplainer,IntegratedGradients,0.8129715552524388
1:10_os_GraphSAGE_none,1:10_os,GraphSAGE,none,42,GNNExplainer,ExpectedGradients,0.4333204633787526
1:10_os_GraphSAGE_none,1:10_os,GraphSAGE,none,42,ShapleyFeatures,IntegratedGradients,0.47387925968200934
1:10_os_GraphSAGE_none,1:10_os,GraphSAGE,none,42,ShapleyFeatures,ExpectedGradients,0.41769788581421224
1:10_os_GraphSAGE_none,1:10_os,GraphSAGE,none,42,IntegratedGradients,ExpectedGradients,0.4549320653588049
1:10_os_GraphSAGE_none_s43,1:10_os,GraphSAGE,none,43,GNNExplainer,ShapleyFeatures,0.6158814896557184
1:10_os_GraphSAGE_none_s43,1:10_os,GraphSAGE,none,43,GNNExplainer,IntegratedGradients,0.8136752550098477
1:10_os_GraphSAGE_none_s43,1:10_os,GraphSAGE,none,43,GNNExplainer,ExpectedGradients,0.459734302044745
1:10_os_GraphSAGE_none_s43,1:10_os,GraphSAGE,none,43,ShapleyFeatures,IntegratedGradients,0.4655315558497602
1:10_os_GraphSAGE_none_s43,1:10_os,GraphSAGE,none,43,ShapleyFeatures,ExpectedGradients,0.4116210853589444
1:10_os_GraphSAGE_none_s43,1:10_os,GraphSAGE,none,43,IntegratedGradients,ExpectedGradients,0.4716232883572928
1:10_os_GraphSAGE_none_s44,1:10_os,GraphSAGE,none,44,GNNExplainer,ShapleyFeatures,0.6138098117763349
1:10_os_GraphSAGE_none_s44,1:10_os,GraphSAGE,none,44,GNNExplainer,IntegratedGradients,0.8282682089705371
1:10_os_GraphSAGE_none_s44,1:10_os,GraphSAGE,none,44,GNNExplainer,ExpectedGradients,0.4599887992738211
1:10_os_GraphSAGE_none_s44,1:10_os,GraphSAGE,none,44,ShapleyFeatures,IntegratedGradients,0.4768411124269221
1:10_os_GraphSAGE_none_s44,1:10_os,GraphSAGE,none,44,ShapleyFeatures,ExpectedGradients,0.4200296585669155
1:10_os_GraphSAGE_none_s44,1:10_os,GraphSAGE,none,44,IntegratedGradients,ExpectedGradients,0.488270207712526
1:10_os_TAGCN_class_weighting,1:10_os,TAGCN,class_weighting,42,GNNExplainer,ShapleyFeatures,0.5049723825638791
1:10_os_TAGCN_class_weighting,1:10_os,TAGCN,class_weighting,42,GNNExplainer,IntegratedGradients,0.891613565497281
1:10_os_TAGCN_class_weighting,1:10_os,TAGCN,class_weighting,42,GNNExplainer,ExpectedGradients,0.5007724837745271
1:10_os_TAGCN_class_weighting,1:10_os,TAGCN,class_weighting,42,ShapleyFeatures,IntegratedGradients,0.46555996449426945
1:10_os_TAGCN_class_weighting,1:10_os,TAGCN,class_weighting,42,ShapleyFeatures,ExpectedGradients,0.3860199419660716
1:10_os_TAGCN_class_weighting,1:10_os,TAGCN,class_weighting,42,IntegratedGradients,ExpectedGradients,0.5519890630225678
1:10_os_TAGCN_class_weighting_s43,1:10_os,TAGCN,class_weighting,43,GNNExplainer,ShapleyFeatures,0.5044695939193986
1:10_os_TAGCN_class_weighting_s43,1:10_os,TAGCN,class_weighting,43,GNNExplainer,IntegratedGradients,0.8925426154183034
1:10_os_TAGCN_class_weighting_s43,1:10_os,TAGCN,class_weighting,43,GNNExplainer,ExpectedGradients,0.4938240579838276
1:10_os_TAGCN_class_weighting_s43,1:10_os,TAGCN,class_weighting,43,ShapleyFeatures,IntegratedGradients,0.4612512501822383
1:10_os_TAGCN_class_weighting_s43,1:10_os,TAGCN,class_weighting,43,ShapleyFeatures,ExpectedGradients,0.37624054840492493
1:10_os_TAGCN_class_weighting_s43,1:10_os,TAGCN,class_weighting,43,IntegratedGradients,ExpectedGradients,0.5445026693678496
1:10_os_TAGCN_class_weighting_s44,1:10_os,TAGCN,class_weighting,44,GNNExplainer,ShapleyFeatures,0.4967425559306988
1:10_os_TAGCN_class_weighting_s44,1:10_os,TAGCN,class_weighting,44,GNNExplainer,IntegratedGradients,0.8351027742463061
1:10_os_TAGCN_class_weighting_s44,1:10_os,TAGCN,class_weighting,44,GNNExplainer,ExpectedGradients,0.49933897700142305
1:10_os_TAGCN_class_weighting_s44,1:10_os,TAGCN,class_weighting,44,ShapleyFeatures,IntegratedGradients,0.44821594610075094
1:10_os_TAGCN_class_weighting_s44,1:10_os,TAGCN,class_weighting,44,ShapleyFeatures,ExpectedGradients,0.40680011967790075
1:10_os_TAGCN_class_weighting_s44,1:10_os,TAGCN,class_weighting,44,IntegratedGradients,ExpectedGradients,0.5005371142655203
1:10_os_TAGCN_focal_loss,1:10_os,TAGCN,focal_loss,42,GNNExplainer,ShapleyFeatures,0.5006654909953413
1:10_os_TAGCN_focal_loss,1:10_os,TAGCN,focal_loss,42,GNNExplainer,IntegratedGradients,0.8145301769022599
1:10_os_TAGCN_focal_loss,1:10_os,TAGCN,focal_loss,42,GNNExplainer,ExpectedGradients,0.45784497987696393
1:10_os_TAGCN_focal_loss,1:10_os,TAGCN,focal_loss,42,ShapleyFeatures,IntegratedGradients,0.4591978261153861
1:10_os_TAGCN_focal_loss,1:10_os,TAGCN,focal_loss,42,ShapleyFeatures,ExpectedGradients,0.43871653892247986
1:10_os_TAGCN_focal_loss,1:10_os,TAGCN,focal_loss,42,IntegratedGradients,ExpectedGradients,0.4803651524225525
1:10_os_TAGCN_focal_loss_s43,1:10_os,TAGCN,focal_loss,43,GNNExplainer,ShapleyFeatures,0.5100348438838989
1:10_os_TAGCN_focal_loss_s43,1:10_os,TAGCN,focal_loss,43,GNNExplainer,IntegratedGradients,0.8100239526856169
1:10_os_TAGCN_focal_loss_s43,1:10_os,TAGCN,focal_loss,43,GNNExplainer,ExpectedGradients,0.4548445486817237
1:10_os_TAGCN_focal_loss_s43,1:10_os,TAGCN,focal_loss,43,ShapleyFeatures,IntegratedGradients,0.4754373552091181
1:10_os_TAGCN_focal_loss_s43,1:10_os,TAGCN,focal_loss,43,ShapleyFeatures,ExpectedGradients,0.44365703152915714
1:10_os_TAGCN_focal_loss_s43,1:10_os,TAGCN,focal_loss,43,IntegratedGradients,ExpectedGradients,0.4769126729732112
1:10_os_TAGCN_focal_loss_s44,1:10_os,TAGCN,focal_loss,44,GNNExplainer,ShapleyFeatures,0.5177784678002461
1:10_os_TAGCN_focal_loss_s44,1:10_os,TAGCN,focal_loss,44,GNNExplainer,IntegratedGradients,0.810918003135095
1:10_os_TAGCN_focal_loss_s44,1:10_os,TAGCN,focal_loss,44,GNNExplainer,ExpectedGradients,0.4786456655575787
1:10_os_TAGCN_focal_loss_s44,1:10_os,TAGCN,focal_loss,44,ShapleyFeatures,IntegratedGradients,0.47426998387938285
1:10_os_TAGCN_focal_loss_s44,1:10_os,TAGCN,focal_loss,44,ShapleyFeatures,ExpectedGradients,0.4577247721439725
1:10_os_TAGCN_focal_loss_s44,1:10_os,TAGCN,focal_loss,44,IntegratedGradients,ExpectedGradients,0.4759677669050799
1:10_os_TAGCN_none,1:10_os,TAGCN,none,42,GNNExplainer,ShapleyFeatures,0.5234077790393793
1:10_os_TAGCN_none,1:10_os,TAGCN,none,42,GNNExplainer,IntegratedGradients,0.889614567146298
1:10_os_TAGCN_none,1:10_os,TAGCN,none,42,GNNExplainer,ExpectedGradients,0.543460089827588
1:10_os_TAGCN_none,1:10_os,TAGCN,none,42,ShapleyFeatures,IntegratedGradients,0.4685581940843826
1:10_os_TAGCN_none,1:10_os,TAGCN,none,42,ShapleyFeatures,ExpectedGradients,0.4568016561334908
1:10_os_TAGCN_none,1:10_os,TAGCN,none,42,IntegratedGradients,ExpectedGradients,0.5556224970854922
1:10_os_TAGCN_none_s43,1:10_os,TAGCN,none,43,GNNExplainer,ShapleyFeatures,0.5046368941044007
1:10_os_TAGCN_none_s43,1:10_os,TAGCN,none,43,GNNExplainer,IntegratedGradients,0.882181887559241
1:10_os_TAGCN_none_s43,1:10_os,TAGCN,none,43,GNNExplainer,ExpectedGradients,0.5026502633044051
1:10_os_TAGCN_none_s43,1:10_os,TAGCN,none,43,ShapleyFeatures,IntegratedGradients,0.45866625335645106
1:10_os_TAGCN_none_s43,1:10_os,TAGCN,none,43,ShapleyFeatures,ExpectedGradients,0.4373186040307537
1:10_os_TAGCN_none_s43,1:10_os,TAGCN,none,43,IntegratedGradients,ExpectedGradients,0.5234856050258068
1:10_os_TAGCN_none_s44,1:10_os,TAGCN,none,44,GNNExplainer,ShapleyFeatures,0.5018015293244629
1:10_os_TAGCN_none_s44,1:10_os,TAGCN,none,44,GNNExplainer,IntegratedGradients,0.8790486725507712
1:10_os_TAGCN_none_s44,1:10_os,TAGCN,none,44,GNNExplainer,ExpectedGradients,0.4726420811910988
1:10_os_TAGCN_none_s44,1:10_os,TAGCN,none,44,ShapleyFeatures,IntegratedGradients,0.464180851226226
1:10_os_TAGCN_none_s44,1:10_os,TAGCN,none,44,ShapleyFeatures,ExpectedGradients,0.44205032651988957
1:10_os_TAGCN_none_s44,1:10_os,TAGCN,none,44,IntegratedGradients,ExpectedGradients,0.485708817511859
1:200_subil_GAT_class_weighting,1:200_subil,GAT,class_weighting,42,GNNExplainer,ShapleyFeatures,0.6051987992796042
1:200_subil_GAT_class_weighting,1:200_subil,GAT,class_weighting,42,GNNExplainer,IntegratedGradients,0.8534810363299468
1:200_subil_GAT_class_weighting,1:200_subil,GAT,class_weighting,42,GNNExplainer,ExpectedGradients,0.46307463943679517
1:200_subil_GAT_class_weighting,1:200_subil,GAT,class_weighting,42,ShapleyFeatures,IntegratedGradients,0.46777766259869896
1:200_subil_GAT_class_weighting,1:200_subil,GAT,class_weighting,42,ShapleyFeatures,ExpectedGradients,0.3714607607002562
1:200_subil_GAT_class_weighting,1:200_subil,GAT,class_weighting,42,IntegratedGradients,ExpectedGradients,0.5057567858757722
1:200_subil_GAT_class_weighting_s43,1:200_subil,GAT,class_weighting,43,GNNExplainer,ShapleyFeatures,0.6126406448401986
1:200_subil_GAT_class_weighting_s43,1:200_subil,GAT,class_weighting,43,GNNExplainer,IntegratedGradients,0.849775988115232
1:200_subil_GAT_class_weighting_s43,1:200_subil,GAT,class_weighting,43,GNNExplainer,ExpectedGradients,0.5476796226321544
1:200_subil_GAT_class_weighting_s43,1:200_subil,GAT,class_weighting,43,ShapleyFeatures,IntegratedGradients,0.4577958202068712
1:200_subil_GAT_class_weighting_s43,1:200_subil,GAT,class_weighting,43,ShapleyFeatures,ExpectedGradients,0.41219911818662747
1:200_subil_GAT_class_weighting_s43,1:200_subil,GAT,class_weighting,43,IntegratedGradients,ExpectedGradients,0.5823691555293089
1:200_subil_GAT_class_weighting_s44,1:200_subil,GAT,class_weighting,44,GNNExplainer,ShapleyFeatures,0.6270608088135998
1:200_subil_GAT_class_weighting_s44,1:200_subil,GAT,class_weighting,44,GNNExplainer,IntegratedGradients,0.8387461017808939
1:200_subil_GAT_class_weighting_s44,1:200_subil,GAT,class_weighting,44,GNNExplainer,ExpectedGradients,0.5361734529459505
1:200_subil_GAT_class_weighting_s44,1:200_subil,GAT,class_weighting,44,ShapleyFeatures,IntegratedGradients,0.4645900205135597
1:200_subil_GAT_class_weighting_s44,1:200_subil,GAT,class_weighting,44,ShapleyFeatures,ExpectedGradients,0.4325776349597261
1:200_subil_GAT_class_weighting_s44,1:200_subil,GAT,class_weighting,44,IntegratedGradients,ExpectedGradients,0.5666071097516828
1:200_subil_GAT_focal_loss,1:200_subil,GAT,focal_loss,42,GNNExplainer,ShapleyFeatures,0.6257894351510415
1:200_subil_GAT_focal_loss,1:200_subil,GAT,focal_loss,42,GNNExplainer,IntegratedGradients,0.8231390472515974
1:200_subil_GAT_focal_loss,1:200_subil,GAT,focal_loss,42,GNNExplainer,ExpectedGradients,0.6038275003532922
1:200_subil_GAT_focal_loss,1:200_subil,GAT,focal_loss,42,ShapleyFeatures,IntegratedGradients,0.5005067999051266
1:200_subil_GAT_focal_loss,1:200_subil,GAT,focal_loss,42,ShapleyFeatures,ExpectedGradients,0.5247527939352096
1:200_subil_GAT_focal_loss,1:200_subil,GAT,focal_loss,42,IntegratedGradients,ExpectedGradients,0.6252795903519328
1:200_subil_GAT_focal_loss_s43,1:200_subil,GAT,focal_loss,43,GNNExplainer,ShapleyFeatures,0.624550076100779
1:200_subil_GAT_focal_loss_s43,1:200_subil,GAT,focal_loss,43,GNNExplainer,IntegratedGradients,0.8307008894149547
1:200_subil_GAT_focal_loss_s43,1:200_subil,GAT,focal_loss,43,GNNExplainer,ExpectedGradients,0.5145225090908939
1:200_subil_GAT_focal_loss_s43,1:200_subil,GAT,focal_loss,43,ShapleyFeatures,IntegratedGradients,0.47508894989131784
1:200_subil_GAT_focal_loss_s43,1:200_subil,GAT,focal_loss,43,ShapleyFeatures,ExpectedGradients,0.44873608021220057
1:200_subil_GAT_focal_loss_s43,1:200_subil,GAT,focal_loss,43,IntegratedGradients,ExpectedGradients,0.5142174530879866
1:200_subil_GAT_focal_loss_s44,1:200_subil,GAT,focal_loss,44,GNNExplainer,ShapleyFeatures,0.6606368855833897
1:200_subil_GAT_focal_loss_s44,1:200_subil,GAT,focal_loss,44,GNNExplainer,IntegratedGradients,0.7805727714963647
1:200_subil_GAT_focal_loss_s44,1:200_subil,GAT,focal_loss,44,GNNExplainer,ExpectedGradients,0.6134380964117307
1:200_subil_GAT_focal_loss_s44,1:200_subil,GAT,focal_loss,44,ShapleyFeatures,IntegratedGradients,0.4922278132854248
1:200_subil_GAT_focal_loss_s44,1:200_subil,GAT,focal_loss,44,ShapleyFeatures,ExpectedGradients,0.4648051134239926
1:200_subil_GAT_focal_loss_s44,1:200_subil,GAT,focal_loss,44,IntegratedGradients,ExpectedGradients,0.6126575781669767
1:200_subil_GAT_none,1:200_subil,GAT,none,42,GNNExplainer,ShapleyFeatures,0.5889623098072325
1:200_subil_GAT_none,1:200_subil,GAT,none,42,GNNExplainer,IntegratedGradients,0.8432562636080846
1:200_subil_GAT_none,1:200_subil,GAT,none,42,GNNExplainer,ExpectedGradients,0.5181379555504372
1:200_subil_GAT_none,1:200_subil,GAT,none,42,ShapleyFeatures,IntegratedGradients,0.4573367110537218
1:200_subil_GAT_none,1:200_subil,GAT,none,42,ShapleyFeatures,ExpectedGradients,0.4506907476404962
1:200_subil_GAT_none,1:200_subil,GAT,none,42,IntegratedGradients,ExpectedGradients,0.5381056861764161
1:200_subil_GAT_none_s43,1:200_subil,GAT,none,43,GNNExplainer,ShapleyFeatures,0.5948825929610664
1:200_subil_GAT_none_s43,1:200_subil,GAT,none,43,GNNExplainer,IntegratedGradients,0.8290272661129447
1:200_subil_GAT_none_s43,1:200_subil,GAT,none,43,GNNExplainer,ExpectedGradients,0.5381725342323654
1:200_subil_GAT_none_s43,1:200_subil,GAT,none,43,ShapleyFeatures,IntegratedGradients,0.4709552126163157
1:200_subil_GAT_none_s43,1:200_subil,GAT,none,43,ShapleyFeatures,ExpectedGradients,0.45328558525574975
1:200_subil_GAT_none_s43,1:200_subil,GAT,none,43,IntegratedGradients,ExpectedGradients,0.536812408458342
1:200_subil_GAT_none_s44,1:200_subil,GAT,none,44,GNNExplainer,ShapleyFeatures,0.5842904954371742
1:200_subil_GAT_none_s44,1:200_subil,GAT,none,44,GNNExplainer,IntegratedGradients,0.7765633081070863
1:200_subil_GAT_none_s44,1:200_subil,GAT,none,44,GNNExplainer,ExpectedGradients,0.4887840710486753
1:200_subil_GAT_none_s44,1:200_subil,GAT,none,44,ShapleyFeatures,IntegratedGradients,0.4440753363359155
1:200_subil_GAT_none_s44,1:200_subil,GAT,none,44,ShapleyFeatures,ExpectedGradients,0.3370780534300095
1:200_subil_GAT_none_s44,1:200_subil,GAT,none,44,IntegratedGradients,ExpectedGradients,0.49380780508284794
1:200_subil_GCN_class_weighting,1:200_subil,GCN,class_weighting,42,GNNExplainer,ShapleyFeatures,0.6391970581118189
1:200_subil_GCN_class_weighting,1:200_subil,GCN,class_weighting,42,GNNExplainer,IntegratedGradients,0.8037147868021103
1:200_subil_GCN_class_weighting,1:200_subil,GCN,class_weighting,42,GNNExplainer,ExpectedGradients,0.43357238681475346
1:200_subil_GCN_class_weighting,1:200_subil,GCN,class_weighting,42,ShapleyFeatures,IntegratedGradients,0.4674303736625218
1:200_subil_GCN_class_weighting,1:200_subil,GCN,class_weighting,42,ShapleyFeatures,ExpectedGradients,0.38331252252730946
1:200_subil_GCN_class_weighting,1:200_subil,GCN,class_weighting,42,IntegratedGradients,ExpectedGradients,0.4925588369232365
1:200_subil_GCN_class_weighting_s43,1:200_subil,GCN,class_weighting,43,GNNExplainer,ShapleyFeatures,0.642042822161959
1:200_subil_GCN_class_weighting_s43,1:200_subil,GCN,class_weighting,43,GNNExplainer,IntegratedGradients,0.7949320702936984
1:200_subil_GCN_class_weighting_s43,1:200_subil,GCN,class_weighting,43,GNNExplainer,ExpectedGradients,0.44359131122836787
1:200_subil_GCN_class_weighting_s43,1:200_subil,GCN,class_weighting,43,ShapleyFeatures,IntegratedGradients,0.4639289467734822
1:200_subil_GCN_class_weighting_s43,1:200_subil,GCN,class_weighting,43,ShapleyFeatures,ExpectedGradients,0.3718121300933028
1:200_subil_GCN_class_weighting_s43,1:200_subil,GCN,class_weighting,43,IntegratedGradients,ExpectedGradients,0.5005035585239116
1:200_subil_GCN_class_weighting_s44,1:200_subil,GCN,class_weighting,44,GNNExplainer,ShapleyFeatures,0.6386209386186353
1:200_subil_GCN_class_weighting_s44,1:200_subil,GCN,class_weighting,44,GNNExplainer,IntegratedGradients,0.8055333528990722
1:200_subil_GCN_class_weighting_s44,1:200_subil,GCN,class_weighting,44,GNNExplainer,ExpectedGradients,0.48812355906775556
1:200_subil_GCN_class_weighting_s44,1:200_subil,GCN,class_weighting,44,ShapleyFeatures,IntegratedGradients,0.45642401747897887
1:200_subil_GCN_class_weighting_s44,1:200_subil,GCN,class_weighting,44,ShapleyFeatures,ExpectedGradients,0.4015605299064871
1:200_subil_GCN_class_weighting_s44,1:200_subil,GCN,class_weighting,44,IntegratedGradients,ExpectedGradients,0.5016708409823418
1:200_subil_GCN_focal_loss,1:200_subil,GCN,focal_loss,42,GNNExplainer,ShapleyFeatures,0.5988259353052624
1:200_subil_GCN_focal_loss,1:200_subil,GCN,focal_loss,42,GNNExplainer,IntegratedGradients,0.8110585247539439
1:200_subil_GCN_focal_loss,1:200_subil,GCN,focal_loss,42,GNNExplainer,ExpectedGradients,0.49315509547253983
1:200_subil_GCN_focal_loss,1:200_subil,GCN,focal_loss,42,ShapleyFeatures,IntegratedGradients,0.46521313447071855
1:200_subil_GCN_focal_loss,1:200_subil,GCN,focal_loss,42,ShapleyFeatures,ExpectedGradients,0.3918415362934804
1:200_subil_GCN_focal_loss,1:200_subil,GCN,focal_loss,42,IntegratedGradients,ExpectedGradients,0.5114014746677015
1:200_subil_GCN_focal_loss_s43,1:200_subil,GCN,focal_loss,43,GNNExplainer,ShapleyFeatures,0.6413479942835383
1:200_subil_GCN_focal_loss_s43,1:200_subil,GCN,focal_loss,43,GNNExplainer,IntegratedGradients,0.7697733696783344
1:200_subil_GCN_focal_loss_s43,1:200_subil,GCN,focal_loss,43,GNNExplainer,ExpectedGradients,0.5337075711754159
1:200_subil_GCN_focal_loss_s43,1:200_subil,GCN,focal_loss,43,ShapleyFeatures,IntegratedGradients,0.4767759534771885
1:200_subil_GCN_focal_loss_s43,1:200_subil,GCN,focal_loss,43,ShapleyFeatures,ExpectedGradients,0.404971009510469
1:200_subil_GCN_focal_loss_s43,1:200_subil,GCN,focal_loss,43,IntegratedGradients,ExpectedGradients,0.5410310361680402
1:200_subil_GCN_focal_loss_s44,1:200_subil,GCN,focal_loss,44,GNNExplainer,ShapleyFeatures,0.6612774847344831
1:200_subil_GCN_focal_loss_s44,1:200_subil,GCN,focal_loss,44,GNNExplainer,IntegratedGradients,0.787193006878277
1:200_subil_GCN_focal_loss_s44,1:200_subil,GCN,focal_loss,44,GNNExplainer,ExpectedGradients,0.5843212954376387
1:200_subil_GCN_focal_loss_s44,1:200_subil,GCN,focal_loss,44,ShapleyFeatures,IntegratedGradients,0.5031183652709714
1:200_subil_GCN_focal_loss_s44,1:200_subil,GCN,focal_loss,44,ShapleyFeatures,ExpectedGradients,0.4895707063525182
1:200_subil_GCN_focal_loss_s44,1:200_subil,GCN,focal_loss,44,IntegratedGradients,ExpectedGradients,0.613562387883285
1:200_subil_GCN_none,1:200_subil,GCN,none,42,GNNExplainer,ShapleyFeatures,0.6334261743344756
1:200_subil_GCN_none,1:200_subil,GCN,none,42,GNNExplainer,IntegratedGradients,0.7720618075157726
1:200_subil_GCN_none,1:200_subil,GCN,none,42,GNNExplainer,ExpectedGradients,0.49979331139321115
1:200_subil_GCN_none,1:200_subil,GCN,none,42,ShapleyFeatures,IntegratedGradients,0.46278724936161847
1:200_subil_GCN_none,1:200_subil,GCN,none,42,ShapleyFeatures,ExpectedGradients,0.41463496687043744
1:200_subil_GCN_none,1:200_subil,GCN,none,42,IntegratedGradients,ExpectedGradients,0.5159556855918459
1:200_subil_GCN_none_s43,1:200_subil,GCN,none,43,GNNExplainer,ShapleyFeatures,0.626565786935465
1:200_subil_GCN_none_s43,1:200_subil,GCN,none,43,GNNExplainer,IntegratedGradients,0.7750137103325536
1:200_subil_GCN_none_s43,1:200_subil,GCN,none,43,GNNExplainer,ExpectedGradients,0.5102272816867147
1:200_subil_GCN_none_s43,1:200_subil,GCN,none,43,ShapleyFeatures,IntegratedGradients,0.46024249362632397
1:200_subil_GCN_none_s43,1:200_subil,GCN,none,43,ShapleyFeatures,ExpectedGradients,0.41199461245885044
1:200_subil_GCN_none_s43,1:200_subil,GCN,none,43,IntegratedGradients,ExpectedGradients,0.5240593934338549
1:200_subil_GCN_none_s44,1:200_subil,GCN,none,44,GNNExplainer,ShapleyFeatures,0.6292732151646783
1:200_subil_GCN_none_s44,1:200_subil,GCN,none,44,GNNExplainer,IntegratedGradients,0.776452273946834
1:200_subil_GCN_none_s44,1:200_subil,GCN,none,44,GNNExplainer,ExpectedGradients,0.4924865218319075
1:200_subil_GCN_none_s44,1:200_subil,GCN,none,44,ShapleyFeatures,IntegratedGradients,0.4648101589984935
1:200_subil_GCN_none_s44,1:200_subil,GCN,none,44,ShapleyFeatures,ExpectedGradients,0.4191795766279397
1:200_subil_GCN_none_s44,1:200_subil,GCN,none,44,IntegratedGradients,ExpectedGradients,0.5185927040816036
1:200_subil_GraphSAGE_class_weighting,1:200_subil,GraphSAGE,class_weighting,42,GNNExplainer,ShapleyFeatures,0.623116075554264
1:200_subil_GraphSAGE_class_weighting,1:200_subil,GraphSAGE,class_weighting,42,GNNExplainer,IntegratedGradients,0.851979086555163
1:200_subil_GraphSAGE_class_weighting,1:200_subil,GraphSAGE,class_weighting,42,GNNExplainer,ExpectedGradients,0.5026891905999579
1:200_subil_GraphSAGE_class_weighting,1:200_subil,GraphSAGE,class_weighting,42,ShapleyFeatures,IntegratedGradients,0.4784489821641769
1:200_subil_GraphSAGE_class_weighting,1:200_subil,GraphSAGE,class_weighting,42,ShapleyFeatures,ExpectedGradients,0.42546146082241265
1:200_subil_GraphSAGE_class_weighting,1:200_subil,GraphSAGE,class_weighting,42,IntegratedGradients,ExpectedGradients,0.5276018789520385
1:200_subil_GraphSAGE_class_weighting_s43,1:200_subil,GraphSAGE,class_weighting,43,GNNExplainer,ShapleyFeatures,0.6265917215433316
1:200_subil_GraphSAGE_class_weighting_s43,1:200_subil,GraphSAGE,class_weighting,43,GNNExplainer,IntegratedGradients,0.8521679465136235
1:200_subil_GraphSAGE_class_weighting_s43,1:200_subil,GraphSAGE,class_weighting,43,GNNExplainer,ExpectedGradients,0.519625890742297
1:200_subil_GraphSAGE_class_weighting_s43,1:200_subil,GraphSAGE,class_weighting,43,ShapleyFeatures,IntegratedGradients,0.48359560865258466
1:200_subil_GraphSAGE_class_weighting_s43,1:200_subil,GraphSAGE,class_weighting,43,ShapleyFeatures,ExpectedGradients,0.43751117772303066
1:200_subil_GraphSAGE_class_weighting_s43,1:200_subil,GraphSAGE,class_weighting,43,IntegratedGradients,ExpectedGradients,0.5418158452124769
1:200_subil_GraphSAGE_class_weighting_s44,1:200_subil,GraphSAGE,class_weighting,44,GNNExplainer,ShapleyFeatures,0.6100351939697316
1:200_subil_GraphSAGE_class_weighting_s44,1:200_subil,GraphSAGE,class_weighting,44,GNNExplainer,IntegratedGradients,0.8104013707535659
1:200_subil_GraphSAGE_class_weighting_s44,1:200_subil,GraphSAGE,class_weighting,44,GNNExplainer,ExpectedGradients,0.4872577158690022
1:200_subil_GraphSAGE_class_weighting_s44,1:200_subil,GraphSAGE,class_weighting,44,ShapleyFeatures,IntegratedGradients,0.48711889972289885
1:200_subil_GraphSAGE_class_weighting_s44,1:200_subil,GraphSAGE,class_weighting,44,ShapleyFeatures,ExpectedGradients,0.4376670282744933
1:200_subil_GraphSAGE_class_weighting_s44,1:200_subil,GraphSAGE,class_weighting,44,IntegratedGradients,ExpectedGradients,0.5279033994444365
1:200_subil_GraphSAGE_focal_loss,1:200_subil,GraphSAGE,focal_loss,42,GNNExplainer,ShapleyFeatures,0.606984009420671
1:200_subil_GraphSAGE_focal_loss,1:200_subil,GraphSAGE,focal_loss,42,GNNExplainer,IntegratedGradients,0.8043564154498968
1:200_subil_GraphSAGE_focal_loss,1:200_subil,GraphSAGE,focal_loss,42,GNNExplainer,ExpectedGradients,0.5245872879418686
1:200_subil_GraphSAGE_focal_loss,1:200_subil,GraphSAGE,focal_loss,42,ShapleyFeatures,IntegratedGradients,0.44911479252870556
1:200_subil_GraphSAGE_focal_loss,1:200_subil,GraphSAGE,focal_loss,42,ShapleyFeatures,ExpectedGradients,0.39443617309665135
1:200_subil_GraphSAGE_focal_loss,1:200_subil,GraphSAGE,focal_loss,42,IntegratedGradients,ExpectedGradients,0.5205798979360348
1:200_subil_GraphSAGE_focal_loss_s43,1:200_subil,GraphSAGE,focal_loss,43,GNNExplainer,ShapleyFeatures,0.6255285706822514
1:200_subil_GraphSAGE_focal_loss_s43,1:200_subil,GraphSAGE,focal_loss,43,GNNExplainer,IntegratedGradients,0.7826889996072193
1:200_subil_GraphSAGE_focal_loss_s43,1:200_subil,GraphSAGE,focal_loss,43,GNNExplainer,ExpectedGradients,0.500040786269866
1:200_subil_GraphSAGE_focal_loss_s43,1:200_subil,GraphSAGE,focal_loss,43,ShapleyFeatures,IntegratedGradients,0.45534458652897536
1:200_subil_GraphSAGE_focal_loss_s43,1:200_subil,GraphSAGE,focal_loss,43,ShapleyFeatures,ExpectedGradients,0.3863226641591189
1:200_subil_GraphSAGE_focal_loss_s43,1:200_subil,GraphSAGE,focal_loss,43,IntegratedGradients,ExpectedGradients,0.5015584580118031
1:200_subil_GraphSAGE_focal_loss_s44,1:200_subil,GraphSAGE,focal_loss,44,GNNExplainer,ShapleyFeatures,0.5986006139401561
1:200_subil_GraphSAGE_focal_loss_s44,1:200_subil,GraphSAGE,focal_loss,44,GNNExplainer,IntegratedGradients,0.7947178011944028
1:200_subil_GraphSAGE_focal_loss_s44,1:200_subil,GraphSAGE,focal_loss,44,GNNExplainer,ExpectedGradients,0.5133275367526564
1:200_subil_GraphSAGE_focal_loss_s44,1:200_subil,GraphSAGE,focal_loss,44,ShapleyFeatures,IntegratedGradients,0.45408648242078087
1:200_subil_GraphSAGE_focal_loss_s44,1:200_subil,GraphSAGE,focal_loss,44,ShapleyFeatures,ExpectedGradients,0.3962441465503201
1:200_subil_GraphSAGE_focal_loss_s44,1:200_subil,GraphSAGE,focal_loss,44,IntegratedGradients,ExpectedGradients,0.5191377223714952
1:200_subil_GraphSAGE_none,1:200_subil,GraphSAGE,none,42,GNNExplainer,ShapleyFeatures,0.5774310227655236
1:200_subil_GraphSAGE_none,1:200_subil,GraphSAGE,none,42,GNNExplainer,IntegratedGradients,0.8024045304046855
1:200_subil_GraphSAGE_none,1:200_subil,GraphSAGE,none,42,GNNExplainer,ExpectedGradients,0.5244775964456222
1:200_subil_GraphSAGE_none,1:200_subil,GraphSAGE,none,42,ShapleyFeatures,IntegratedGradients,0.46091749653964725
1:200_subil_GraphSAGE_none,1:200_subil,GraphSAGE,none,42,ShapleyFeatures,ExpectedGradients,0.39764763317007973
1:200_subil_GraphSAGE_none,1:200_subil,GraphSAGE,none,42,IntegratedGradients,ExpectedGradients,0.522115539702999
1:200_subil_GraphSAGE_none_s43,1:200_subil,GraphSAGE,none,43,GNNExplainer,ShapleyFeatures,0.5916651263533313
1:200_subil_GraphSAGE_none_s43,1:200_subil,GraphSAGE,none,43,GNNExplainer,IntegratedGradients,0.8101365026465639
1:200_subil_GraphSAGE_none_s43,1:200_subil,GraphSAGE,none,43,GNNExplainer,ExpectedGradients,0.5170711426711747
1:200_subil_GraphSAGE_none_s43,1:200_subil,GraphSAGE,none,43,ShapleyFeatures,IntegratedGradients,0.4714051679843588
1:200_subil_GraphSAGE_none_s43,1:200_subil,GraphSAGE,none,43,ShapleyFeatures,ExpectedGradients,0.4134817678932317
1:200_subil_GraphSAGE_none_s43,1:200_subil,GraphSAGE,none,43,IntegratedGradients,ExpectedGradients,0.5064142130476192
1:200_subil_GraphSAGE_none_s44,1:200_subil,GraphSAGE,none,44,GNNExplainer,ShapleyFeatures,0.5805733753496495
1:200_subil_GraphSAGE_none_s44,1:200_subil,GraphSAGE,none,44,GNNExplainer,IntegratedGradients,0.8205108793471424
1:200_subil_GraphSAGE_none_s44,1:200_subil,GraphSAGE,none,44,GNNExplainer,ExpectedGradients,0.5161526513720353
1:200_subil_GraphSAGE_none_s44,1:200_subil,GraphSAGE,none,44,ShapleyFeatures,IntegratedGradients,0.47219250800105184
1:200_subil_GraphSAGE_none_s44,1:200_subil,GraphSAGE,none,44,ShapleyFeatures,ExpectedGradients,0.4021688131723557
1:200_subil_GraphSAGE_none_s44,1:200_subil,GraphSAGE,none,44,IntegratedGradients,ExpectedGradients,0.5231803692473823
1:200_subil_TAGCN_class_weighting,1:200_subil,TAGCN,class_weighting,42,GNNExplainer,ShapleyFeatures,0.48251570475702166
1:200_subil_TAGCN_class_weighting,1:200_subil,TAGCN,class_weighting,42,GNNExplainer,IntegratedGradients,0.8862193465758919
1:200_subil_TAGCN_class_weighting,1:200_subil,TAGCN,class_weighting,42,GNNExplainer,ExpectedGradients,0.4546444303992626
1:200_subil_TAGCN_class_weighting,1:200_subil,TAGCN,class_weighting,42,ShapleyFeatures,IntegratedGradients,0.44925933170677934
1:200_subil_TAGCN_class_weighting,1:200_subil,TAGCN,class_weighting,42,ShapleyFeatures,ExpectedGradients,0.3687969556280013
1:200_subil_TAGCN_class_weighting,1:200_subil,TAGCN,class_weighting,42,IntegratedGradients,ExpectedGradients,0.4986329015630301
1:200_subil_TAGCN_class_weighting_s43,1:200_subil,TAGCN,class_weighting,43,GNNExplainer,ShapleyFeatures,0.48341994679653433
1:200_subil_TAGCN_class_weighting_s43,1:200_subil,TAGCN,class_weighting,43,GNNExplainer,IntegratedGradients,0.8827778212006921
1:200_subil_TAGCN_class_weighting_s43,1:200_subil,TAGCN,class_weighting,43,GNNExplainer,ExpectedGradients,0.43360697423136313
1:200_subil_TAGCN_class_weighting_s43,1:200_subil,TAGCN,class_weighting,43,ShapleyFeatures,IntegratedGradients,0.45471676371376374
1:200_subil_TAGCN_class_weighting_s43,1:200_subil,TAGCN,class_weighting,43,ShapleyFeatures,ExpectedGradients,0.35829661140386576
1:200_subil_TAGCN_class_weighting_s43,1:200_subil,TAGCN,class_weighting,43,IntegratedGradients,ExpectedGradients,0.4835489050965511
1:200_subil_TAGCN_class_weighting_s44,1:200_subil,TAGCN,class_weighting,44,GNNExplainer,ShapleyFeatures,0.4936818934842008
1:200_subil_TAGCN_class_weighting_s44,1:200_subil,TAGCN,class_weighting,44,GNNExplainer,IntegratedGradients,0.8356001998376373
1:200_subil_TAGCN_class_weighting_s44,1:200_subil,TAGCN,class_weighting,44,GNNExplainer,ExpectedGradients,0.4993939164685468
1:200_subil_TAGCN_class_weighting_s44,1:200_subil,TAGCN,class_weighting,44,ShapleyFeatures,IntegratedGradients,0.4481600483300517
1:200_subil_TAGCN_class_weighting_s44,1:200_subil,TAGCN,class_weighting,44,ShapleyFeatures,ExpectedGradients,0.4081862097706488
1:200_subil_TAGCN_class_weighting_s44,1:200_subil,TAGCN,class_weighting,44,IntegratedGradients,ExpectedGradients,0.49842892261292476
1:200_subil_TAGCN_focal_loss,1:200_subil,TAGCN,focal_loss,42,GNNExplainer,ShapleyFeatures,0.499979629906771
1:200_subil_TAGCN_focal_loss,1:200_subil,TAGCN,focal_loss,42,GNNExplainer,IntegratedGradients,0.83303845744008
1:200_subil_TAGCN_focal_loss,1:200_subil,TAGCN,focal_loss,42,GNNExplainer,ExpectedGradients,0.5234805535127858
1:200_subil_TAGCN_focal_loss,1:200_subil,TAGCN,focal_loss,42,ShapleyFeatures,IntegratedGradients,0.46135625995275054
1:200_subil_TAGCN_focal_loss,1:200_subil,TAGCN,focal_loss,42,ShapleyFeatures,ExpectedGradients,0.44914310664534896
1:200_subil_TAGCN_focal_loss,1:200_subil,TAGCN,focal_loss,42,IntegratedGradients,ExpectedGradients,0.5261789941341901
1:200_subil_TAGCN_focal_loss_s43,1:200_subil,TAGCN,focal_loss,43,GNNExplainer,ShapleyFeatures,0.5024495883559031
1:200_subil_TAGCN_focal_loss_s43,1:200_subil,TAGCN,focal_loss,43,GNNExplainer,IntegratedGradients,0.851999816430611
1:200_subil_TAGCN_focal_loss_s43,1:200_subil,TAGCN,focal_loss,43,GNNExplainer,ExpectedGradients,0.5185319252525942
1:200_subil_TAGCN_focal_loss_s43,1:200_subil,TAGCN,focal_loss,43,ShapleyFeatures,IntegratedGradients,0.44149501475678604
1:200_subil_TAGCN_focal_loss_s43,1:200_subil,TAGCN,focal_loss,43,ShapleyFeatures,ExpectedGradients,0.4198133252683307
1:200_subil_TAGCN_focal_loss_s43,1:200_subil,TAGCN,focal_loss,43,IntegratedGradients,ExpectedGradients,0.527229651535447
1:200_subil_TAGCN_focal_loss_s44,1:200_subil,TAGCN,focal_loss,44,GNNExplainer,ShapleyFeatures,0.48680469007450866
1:200_subil_TAGCN_focal_loss_s44,1:200_subil,TAGCN,focal_loss,44,GNNExplainer,IntegratedGradients,0.834396296621327
1:200_subil_TAGCN_focal_loss_s44,1:200_subil,TAGCN,focal_loss,44,GNNExplainer,ExpectedGradients,0.4762696141339896
1:200_subil_TAGCN_focal_loss_s44,1:200_subil,TAGCN,focal_loss,44,ShapleyFeatures,IntegratedGradients,0.43331142302477155
1:200_subil_TAGCN_focal_loss_s44,1:200_subil,TAGCN,focal_loss,44,ShapleyFeatures,ExpectedGradients,0.3925862012711831
1:200_subil_TAGCN_focal_loss_s44,1:200_subil,TAGCN,focal_loss,44,IntegratedGradients,ExpectedGradients,0.4832831715487754
1:200_subil_TAGCN_none,1:200_subil,TAGCN,none,42,GNNExplainer,ShapleyFeatures,0.4991779357126177
1:200_subil_TAGCN_none,1:200_subil,TAGCN,none,42,GNNExplainer,IntegratedGradients,0.8255507537916518
1:200_subil_TAGCN_none,1:200_subil,TAGCN,none,42,GNNExplainer,ExpectedGradients,0.5106692207796939
1:200_subil_TAGCN_none,1:200_subil,TAGCN,none,42,ShapleyFeatures,IntegratedGradients,0.44899647087767147
1:200_subil_TAGCN_none,1:200_subil,TAGCN,none,42,ShapleyFeatures,ExpectedGradients,0.4094667414762399
1:200_subil_TAGCN_none,1:200_subil,TAGCN,none,42,IntegratedGradients,ExpectedGradients,0.4998336184915069
1:200_subil_TAGCN_none_s43,1:200_subil,TAGCN,none,43,GNNExplainer,ShapleyFeatures,0.5015856530201956
1:200_subil_TAGCN_none_s43,1:200_subil,TAGCN,none,43,GNNExplainer,IntegratedGradients,0.8247336660935881
1:200_subil_TAGCN_none_s43,1:200_subil,TAGCN,none,43,GNNExplainer,ExpectedGradients,0.47567470402708223
1:200_subil_TAGCN_none_s43,1:200_subil,TAGCN,none,43,ShapleyFeatures,IntegratedGradients,0.44069029055711467
1:200_subil_TAGCN_none_s43,1:200_subil,TAGCN,none,43,ShapleyFeatures,ExpectedGradients,0.38802716073203075
1:200_subil_TAGCN_none_s43,1:200_subil,TAGCN,none,43,IntegratedGradients,ExpectedGradients,0.46161852864977404
1:200_subil_TAGCN_none_s44,1:200_subil,TAGCN,none,44,GNNExplainer,ShapleyFeatures,0.4985302872214627
1:200_subil_TAGCN_none_s44,1:200_subil,TAGCN,none,44,GNNExplainer,IntegratedGradients,0.8284901011422562
1:200_subil_TAGCN_none_s44,1:200_subil,TAGCN,none,44,GNNExplainer,ExpectedGradients,0.46233860109109115
1:200_subil_TAGCN_none_s44,1:200_subil,TAGCN,none,44,ShapleyFeatures,IntegratedGradients,0.44355185646679446
1:200_subil_TAGCN_none_s44,1:200_subil,TAGCN,none,44,ShapleyFeatures,ExpectedGradients,0.3822652414015729
1:200_subil_TAGCN_none_s44,1:200_subil,TAGCN,none,44,IntegratedGradients,ExpectedGradients,0.4527967608917595
1:20_GAT_class_weighting,1:20,GAT,class_weighting,42,GNNExplainer,ShapleyFeatures,0.6054493012140681
1:20_GAT_class_weighting,1:20,GAT,class_weighting,42,GNNExplainer,IntegratedGradients,0.8607349902493043
1:20_GAT_class_weighting,1:20,GAT,class_weighting,42,GNNExplainer,ExpectedGradients,0.47474988945264907
1:20_GAT_class_weighting,1:20,GAT,class_weighting,42,ShapleyFeatures,IntegratedGradients,0.48452995564260587
1:20_GAT_class_weighting,1:20,GAT,class_weighting,42,ShapleyFeatures,ExpectedGradients,0.3729614996913536
1:20_GAT_class_weighting,1:20,GAT,class_weighting,42,IntegratedGradients,ExpectedGradients,0.5268466380114885
1:20_GAT_class_weighting_s43,1:20,GAT,class_weighting,43,GNNExplainer,ShapleyFeatures,0.6096278210802538
1:20_GAT_class_weighting_s43,1:20,GAT,class_weighting,43,GNNExplainer,IntegratedGradients,0.8526484634778689
1:20_GAT_class_weighting_s43,1:20,GAT,class_weighting,43,GNNExplainer,ExpectedGradients,0.5718336617686759
1:20_GAT_class_weighting_s43,1:20,GAT,class_weighting,43,ShapleyFeatures,IntegratedGradients,0.45796358475625987
1:20_GAT_class_weighting_s43,1:20,GAT,class_weighting,43,ShapleyFeatures,ExpectedGradients,0.42290428527620144
1:20_GAT_class_weighting_s43,1:20,GAT,class_weighting,43,IntegratedGradients,ExpectedGradients,0.5925568776119934
1:20_GAT_class_weighting_s44,1:20,GAT,class_weighting,44,GNNExplainer,ShapleyFeatures,0.6288227409744181
1:20_GAT_class_weighting_s44,1:20,GAT,class_weighting,44,GNNExplainer,IntegratedGradients,0.8268898059193411
1:20_GAT_class_weighting_s44,1:20,GAT,class_weighting,44,GNNExplainer,ExpectedGradients,0.532849378363047
1:20_GAT_class_weighting_s44,1:20,GAT,class_weighting,44,ShapleyFeatures,IntegratedGradients,0.47013395885205006
1:20_GAT_class_weighting_s44,1:20,GAT,class_weighting,44,ShapleyFeatures,ExpectedGradients,0.444862185013687
1:20_GAT_class_weighting_s44,1:20,GAT,class_weighting,44,IntegratedGradients,ExpectedGradients,0.556335751932706
1:20_GAT_focal_loss,1:20,GAT,focal_loss,42,GNNExplainer,ShapleyFeatures,0.6157683154448124
1:20_GAT_focal_loss,1:20,GAT,focal_loss,42,GNNExplainer,IntegratedGradients,0.8288013459479574
1:20_GAT_focal_loss,1:20,GAT,focal_loss,42,GNNExplainer,ExpectedGradients,0.5150595020220871
1:20_GAT_focal_loss,1:20,GAT,focal_loss,42,ShapleyFeatures,IntegratedGradients,0.4667460336823297
1:20_GAT_focal_loss,1:20,GAT,focal_loss,42,ShapleyFeatures,ExpectedGradients,0.40594332270788347
1:20_GAT_focal_loss,1:20,GAT,focal_loss,42,IntegratedGradients,ExpectedGradients,0.5619375999574932
1:20_GAT_focal_loss_s43,1:20,GAT,focal_loss,43,GNNExplainer,ShapleyFeatures,0.6178298314150732
1:20_GAT_focal_loss_s43,1:20,GAT,focal_loss,43,GNNExplainer,IntegratedGradients,0.8412605003288751
1:20_GAT_focal_loss_s43,1:20,GAT,focal_loss,43,GNNExplainer,ExpectedGradients,0.5402514169759862
1:20_GAT_focal_loss_s43,1:20,GAT,focal_loss,43,ShapleyFeatures,IntegratedGradients,0.46709114209159597
1:20_GAT_focal_loss_s43,1:20,GAT,focal_loss,43,ShapleyFeatures,ExpectedGradients,0.40816251198856685
1:20_GAT_focal_loss_s43,1:20,GAT,focal_loss,43,IntegratedGradients,ExpectedGradients,0.5576184829752997
1:20_GAT_focal_loss_s44,1:20,GAT,focal_loss,44,GNNExplainer,ShapleyFeatures,0.6005456631356773
1:20_GAT_focal_loss_s44,1:20,GAT,focal_loss,44,GNNExplainer,IntegratedGradients,0.8148754434722961
1:20_GAT_focal_loss_s44,1:20,GAT,focal_loss,44,GNNExplainer,ExpectedGradients,0.5046255203271639
1:20_GAT_focal_loss_s44,1:20,GAT,focal_loss,44,ShapleyFeatures,IntegratedGradients,0.4502806224837503
1:20_GAT_focal_loss_s44,1:20,GAT,focal_loss,44,ShapleyFeatures,ExpectedGradients,0.42236218938410636
1:20_GAT_focal_loss_s44,1:20,GAT,focal_loss,44,IntegratedGradients,ExpectedGradients,0.5206663578871967
1:20_GAT_none,1:20,GAT,none,42,GNNExplainer,ShapleyFeatures,0.6209903250415919
1:20_GAT_none,1:20,GAT,none,42,GNNExplainer,IntegratedGradients,0.8420838665597218
1:20_GAT_none,1:20,GAT,none,42,GNNExplainer,ExpectedGradients,0.5529833340371684
1:20_GAT_none,1:20,GAT,none,42,ShapleyFeatures,IntegratedGradients,0.4840379117969756
1:20_GAT_none,1:20,GAT,none,42,ShapleyFeatures,ExpectedGradients,0.4343385733750215
1:20_GAT_none,1:20,GAT,none,42,IntegratedGradients,ExpectedGradients,0.5785165922852512
1:20_GAT_none_s43,1:20,GAT,none,43,GNNExplainer,ShapleyFeatures,0.6030481748052663
1:20_GAT_none_s43,1:20,GAT,none,43,GNNExplainer,IntegratedGradients,0.8543628193279499
1:20_GAT_none_s43,1:20,GAT,none,43,GNNExplainer,ExpectedGradients,0.5456098382743025
1:20_GAT_none_s43,1:20,GAT,none,43,ShapleyFeatures,IntegratedGradients,0.4696683644252491
1:20_GAT_none_s43,1:20,GAT,none,43,ShapleyFeatures,ExpectedGradients,0.42222611378012637
1:20_GAT_none_s43,1:20,GAT,none,43,IntegratedGradients,ExpectedGradients,0.5635193645645468
1:20_GAT_none_s44,1:20,GAT,none,44,GNNExplainer,ShapleyFeatures,0.6097696181622774
1:20_GAT_none_s44,1:20,GAT,none,44,GNNExplainer,IntegratedGradients,0.8338794252143971
1:20_GAT_none_s44,1:20,GAT,none,44,GNNExplainer,ExpectedGradients,0.5354123024901128
1:20_GAT_none_s44,1:20,GAT,none,44,ShapleyFeatures,IntegratedGradients,0.453182071155317
1:20_GAT_none_s44,1:20,GAT,none,44,ShapleyFeatures,ExpectedGradients,0.4432040869976474
1:20_GAT_none_s44,1:20,GAT,none,44,IntegratedGradients,ExpectedGradients,0.5492740598711798
1:20_GCN_class_weighting,1:20,GCN,class_weighting,42,GNNExplainer,ShapleyFeatures,0.6524099828583059
1:20_GCN_class_weighting,1:20,GCN,class_weighting,42,GNNExplainer,IntegratedGradients,0.7999065133544753
1:20_GCN_class_weighting,1:20,GCN,class_weighting,42,GNNExplainer,ExpectedGradients,0.4771402278558421
1:20_GCN_class_weighting,1:20,GCN,class_weighting,42,ShapleyFeatures,IntegratedGradients,0.47076406227678746
1:20_GCN_class_weighting,1:20,GCN,class_weighting,42,ShapleyFeatures,ExpectedGradients,0.4231399038446624
1:20_GCN_class_weighting,1:20,GCN,class_weighting,42,IntegratedGradients,ExpectedGradients,0.5145521203029411
1:20_GCN_class_weighting_s43,1:20,GCN,class_weighting,43,GNNExplainer,ShapleyFeatures,0.6354974636948484
1:20_GCN_class_weighting_s43,1:20,GCN,class_weighting,43,GNNExplainer,IntegratedGradients,0.807318005069362
1:20_GCN_class_weighting_s43,1:20,GCN,class_weighting,43,GNNExplainer,ExpectedGradients,0.46998188646321126
1:20_GCN_class_weighting_s43,1:20,GCN,class_weighting,43,ShapleyFeatures,IntegratedGradients,0.4651229364630226
1:20_GCN_class_weighting_s43,1:20,GCN,class_weighting,43,ShapleyFeatures,ExpectedGradients,0.40144193365159986
1:20_GCN_class_weighting_s43,1:20,GCN,class_weighting,43,IntegratedGradients,ExpectedGradients,0.5247007068974351
1:20_GCN_class_weighting_s44,1:20,GCN,class_weighting,44,GNNExplainer,ShapleyFeatures,0.640853405065866
1:20_GCN_class_weighting_s44,1:20,GCN,class_weighting,44,GNNExplainer,IntegratedGradients,0.8020248514161818
1:20_GCN_class_weighting_s44,1:20,GCN,class_weighting,44,GNNExplainer,ExpectedGradients,0.48764058120764914
1:20_GCN_class_weighting_s44,1:20,GCN,class_weighting,44,ShapleyFeatures,IntegratedGradients,0.4583414868932077
1:20_GCN_class_weighting_s44,1:20,GCN,class_weighting,44,ShapleyFeatures,ExpectedGradients,0.40104615228405727
1:20_GCN_class_weighting_s44,1:20,GCN,class_weighting,44,IntegratedGradients,ExpectedGradients,0.502811952859835
1:20_GCN_focal_loss,1:20,GCN,focal_loss,42,GNNExplainer,ShapleyFeatures,0.6288856912333002
1:20_GCN_focal_loss,1:20,GCN,focal_loss,42,GNNExplainer,IntegratedGradients,0.7860245204655626
1:20_GCN_focal_loss,1:20,GCN,focal_loss,42,GNNExplainer,ExpectedGradients,0.49183648427586635
1:20_GCN_focal_loss,1:20,GCN,focal_loss,42,ShapleyFeatures,IntegratedGradients,0.46352809878734375
1:20_GCN_focal_loss,1:20,GCN,focal_loss,42,ShapleyFeatures,ExpectedGradients,0.3989452910498767
1:20_GCN_focal_loss,1:20,GCN,focal_loss,42,IntegratedGradients,ExpectedGradients,0.498461165369516
1:20_GCN_focal_loss_s43,1:20,GCN,focal_loss,43,GNNExplainer,ShapleyFeatures,0.6129930364336578
1:20_GCN_focal_loss_s43,1:20,GCN,focal_loss,43,GNNExplainer,IntegratedGradients,0.775043553904796
1:20_GCN_focal_loss_s43,1:20,GCN,focal_loss,43,GNNExplainer,ExpectedGradients,0.5505114286315725
1:20_GCN_focal_loss_s43,1:20,GCN,focal_loss,43,ShapleyFeatures,IntegratedGradients,0.46897289703398903
1:20_GCN_focal_loss_s43,1:20,GCN,focal_loss,43,ShapleyFeatures,ExpectedGradients,0.4226758593888481
1:20_GCN_focal_loss_s43,1:20,GCN,focal_loss,43,IntegratedGradients,ExpectedGradients,0.5503109518862125
1:20_GCN_focal_loss_s44,1:20,GCN,focal_loss,44,GNNExplainer,ShapleyFeatures,0.6272511507170208
1:20_GCN_focal_loss_s44,1:20,GCN,focal_loss,44,GNNExplainer,IntegratedGradients,0.7908511732181467
1:20_GCN_focal_loss_s44,1:20,GCN,focal_loss,44,GNNExplainer,ExpectedGradients,0.51493934249615
1:20_GCN_focal_loss_s44,1:20,GCN,focal_loss,44,ShapleyFeatures,IntegratedGradients,0.4686610283662587
1:20_GCN_focal_loss_s44,1:20,GCN,focal_loss,44,ShapleyFeatures,ExpectedGradients,0.4307283394859116
1:20_GCN_focal_loss_s44,1:20,GCN,focal_loss,44,IntegratedGradients,ExpectedGradients,0.522898044454794
1:20_GCN_none,1:20,GCN,none,42,GNNExplainer,ShapleyFeatures,0.6466223988550134
1:20_GCN_none,1:20,GCN,none,42,GNNExplainer,IntegratedGradients,0.7531582253321344
1:20_GCN_none,1:20,GCN,none,42,GNNExplainer,ExpectedGradients,0.4967466674480475
1:20_GCN_none,1:20,GCN,none,42,ShapleyFeatures,IntegratedGradients,0.46453539392921783
1:20_GCN_none,1:20,GCN,none,42,ShapleyFeatures,ExpectedGradients,0.38520456271138703
1:20_GCN_none,1:20,GCN,none,42,IntegratedGradients,ExpectedGradients,0.5217629036048498
1:20_GCN_none_s43,1:20,GCN,none,43,GNNExplainer,ShapleyFeatures,0.6293170664921783
1:20_GCN_none_s43,1:20,GCN,none,43,GNNExplainer,IntegratedGradients,0.7690636971977176
1:20_GCN_none_s43,1:20,GCN,none,43,GNNExplainer,ExpectedGradients,0.5093117699612612
1:20_GCN_none_s43,1:20,GCN,none,43,ShapleyFeatures,IntegratedGradients,0.46089567000351533
1:20_GCN_none_s43,1:20,GCN,none,43,ShapleyFeatures,ExpectedGradients,0.3796613982543774
1:20_GCN_none_s43,1:20,GCN,none,43,IntegratedGradients,ExpectedGradients,0.5296254745221526
1:20_GCN_none_s44,1:20,GCN,none,44,GNNExplainer,ShapleyFeatures,0.6456709830044701
1:20_GCN_none_s44,1:20,GCN,none,44,GNNExplainer,IntegratedGradients,0.7837914944451688
1:20_GCN_none_s44,1:20,GCN,none,44,GNNExplainer,ExpectedGradients,0.5455265391314621
1:20_GCN_none_s44,1:20,GCN,none,44,ShapleyFeatures,IntegratedGradients,0.48618780119746047
1:20_GCN_none_s44,1:20,GCN,none,44,ShapleyFeatures,ExpectedGradients,0.4591195735147668
1:20_GCN_none_s44,1:20,GCN,none,44,IntegratedGradients,ExpectedGradients,0.5827816165819034
1:20_GraphSAGE_class_weighting,1:20,GraphSAGE,class_weighting,42,GNNExplainer,ShapleyFeatures,0.6258773394851922
1:20_GraphSAGE_class_weighting,1:20,GraphSAGE,class_weighting,42,GNNExplainer,IntegratedGradients,0.8595269852296592
1:20_GraphSAGE_class_weighting,1:20,GraphSAGE,class_weighting,42,GNNExplainer,ExpectedGradients,0.4830525381874203
1:20_GraphSAGE_class_weighting,1:20,GraphSAGE,class_weighting,42,ShapleyFeatures,IntegratedGradients,0.46768515606785366
1:20_GraphSAGE_class_weighting,1:20,GraphSAGE,class_weighting,42,ShapleyFeatures,ExpectedGradients,0.37744444866819954
1:20_GraphSAGE_class_weighting,1:20,GraphSAGE,class_weighting,42,IntegratedGradients,ExpectedGradients,0.5279205152644398
1:20_GraphSAGE_class_weighting_s43,1:20,GraphSAGE,class_weighting,43,GNNExplainer,ShapleyFeatures,0.6378296238807012
1:20_GraphSAGE_class_weighting_s43,1:20,GraphSAGE,class_weighting,43,GNNExplainer,IntegratedGradients,0.8610082203597523
1:20_GraphSAGE_class_weighting_s43,1:20,GraphSAGE,class_weighting,43,GNNExplainer,ExpectedGradients,0.5196334692617008
1:20_GraphSAGE_class_weighting_s43,1:20,GraphSAGE,class_weighting,43,ShapleyFeatures,IntegratedGradients,0.47480510184888103
1:20_GraphSAGE_class_weighting_s43,1:20,GraphSAGE,class_weighting,43,ShapleyFeatures,ExpectedGradients,0.39147012157962524
1:20_GraphSAGE_class_weighting_s43,1:20,GraphSAGE,class_weighting,43,IntegratedGradients,ExpectedGradients,0.5564916301000075
1:20_GraphSAGE_class_weighting_s44,1:20,GraphSAGE,class_weighting,44,GNNExplainer,ShapleyFeatures,0.6361442090848988
1:20_GraphSAGE_class_weighting_s44,1:20,GraphSAGE,class_weighting,44,GNNExplainer,IntegratedGradients,0.8579919641449123
1:20_GraphSAGE_class_weighting_s44,1:20,GraphSAGE,class_weighting,44,GNNExplainer,ExpectedGradients,0.49165311211399065
1:20_GraphSAGE_class_weighting_s44,1:20,GraphSAGE,class_weighting,44,ShapleyFeatures,IntegratedGradients,0.47382943158985236
1:20_GraphSAGE_class_weighting_s44,1:20,GraphSAGE,class_weighting,44,ShapleyFeatures,ExpectedGradients,0.37161068972079353
1:20_GraphSAGE_class_weighting_s44,1:20,GraphSAGE,class_weighting,44,IntegratedGradients,ExpectedGradients,0.5389559978637402
1:20_GraphSAGE_focal_loss,1:20,GraphSAGE,focal_loss,42,GNNExplainer,ShapleyFeatures,0.6219321959713974
1:20_GraphSAGE_focal_loss,1:20,GraphSAGE,focal_loss,42,GNNExplainer,IntegratedGradients,0.8191128872009625
1:20_GraphSAGE_focal_loss,1:20,GraphSAGE,focal_loss,42,GNNExplainer,ExpectedGradients,0.5296402254104581
1:20_GraphSAGE_focal_loss,1:20,GraphSAGE,focal_loss,42,ShapleyFeatures,IntegratedGradients,0.4927360855468205
1:20_GraphSAGE_focal_loss,1:20,GraphSAGE,focal_loss,42,ShapleyFeatures,ExpectedGradients,0.4753385466778288
1:20_GraphSAGE_focal_loss,1:20,GraphSAGE,focal_loss,42,IntegratedGradients,ExpectedGradients,0.5483549907833396
1:20_GraphSAGE_focal_loss_s43,1:20,GraphSAGE,focal_loss,43,GNNExplainer,ShapleyFeatures,0.6168730126935005
1:20_GraphSAGE_focal_loss_s43,1:20,GraphSAGE,focal_loss,43,GNNExplainer,IntegratedGradients,0.8223005716117798
1:20_GraphSAGE_focal_loss_s43,1:20,GraphSAGE,focal_loss,43,GNNExplainer,ExpectedGradients,0.5404030878919209
1:20_GraphSAGE_focal_loss_s43,1:20,GraphSAGE,focal_loss,43,ShapleyFeatures,IntegratedGradients,0.4820590451741993
1:20_GraphSAGE_focal_loss_s43,1:20,GraphSAGE,focal_loss,43,ShapleyFeatures,ExpectedGradients,0.4658941755438323
1:20_GraphSAGE_focal_loss_s43,1:20,GraphSAGE,focal_loss,43,IntegratedGradients,ExpectedGradients,0.5597072759744566
1:20_GraphSAGE_focal_loss_s44,1:20,GraphSAGE,focal_loss,44,GNNExplainer,ShapleyFeatures,0.6249825459826936
1:20_GraphSAGE_focal_loss_s44,1:20,GraphSAGE,focal_loss,44,GNNExplainer,IntegratedGradients,0.8204917376581938
1:20_GraphSAGE_focal_loss_s44,1:20,GraphSAGE,focal_loss,44,GNNExplainer,ExpectedGradients,0.5280023227188188
1:20_GraphSAGE_focal_loss_s44,1:20,GraphSAGE,focal_loss,44,ShapleyFeatures,IntegratedGradients,0.477802980368583
1:20_GraphSAGE_focal_loss_s44,1:20,GraphSAGE,focal_loss,44,ShapleyFeatures,ExpectedGradients,0.43418325723444867
1:20_GraphSAGE_focal_loss_s44,1:20,GraphSAGE,focal_loss,44,IntegratedGradients,ExpectedGradients,0.5312611703546819
1:20_GraphSAGE_none,1:20,GraphSAGE,none,42,GNNExplainer,ShapleyFeatures,0.6119467460814967
1:20_GraphSAGE_none,1:20,GraphSAGE,none,42,GNNExplainer,IntegratedGradients,0.8153509475513231
1:20_GraphSAGE_none,1:20,GraphSAGE,none,42,GNNExplainer,ExpectedGradients,0.4954998096562774
1:20_GraphSAGE_none,1:20,GraphSAGE,none,42,ShapleyFeatures,IntegratedGradients,0.4630001349363129
1:20_GraphSAGE_none,1:20,GraphSAGE,none,42,ShapleyFeatures,ExpectedGradients,0.43602489722293114
1:20_GraphSAGE_none,1:20,GraphSAGE,none,42,IntegratedGradients,ExpectedGradients,0.5022057069034397
1:20_GraphSAGE_none_s43,1:20,GraphSAGE,none,43,GNNExplainer,ShapleyFeatures,0.6062812541485764
1:20_GraphSAGE_none_s43,1:20,GraphSAGE,none,43,GNNExplainer,IntegratedGradients,0.8068014657572697
1:20_GraphSAGE_none_s43,1:20,GraphSAGE,none,43,GNNExplainer,ExpectedGradients,0.46143638798653386
1:20_GraphSAGE_none_s43,1:20,GraphSAGE,none,43,ShapleyFeatures,IntegratedGradients,0.4550021559947763
1:20_GraphSAGE_none_s43,1:20,GraphSAGE,none,43,ShapleyFeatures,ExpectedGradients,0.3989962860133047
1:20_GraphSAGE_none_s43,1:20,GraphSAGE,none,43,IntegratedGradients,ExpectedGradients,0.4528759834271497
1:20_GraphSAGE_none_s44,1:20,GraphSAGE,none,44,GNNExplainer,ShapleyFeatures,0.6116209724291615
1:20_GraphSAGE_none_s44,1:20,GraphSAGE,none,44,GNNExplainer,IntegratedGradients,0.8130737743988838
1:20_GraphSAGE_none_s44,1:20,GraphSAGE,none,44,GNNExplainer,ExpectedGradients,0.44839718699245407
1:20_GraphSAGE_none_s44,1:20,GraphSAGE,none,44,ShapleyFeatures,IntegratedGradients,0.46132322059001996
1:20_GraphSAGE_none_s44,1:20,GraphSAGE,none,44,ShapleyFeatures,ExpectedGradients,0.38884037146391714
1:20_GraphSAGE_none_s44,1:20,GraphSAGE,none,44,IntegratedGradients,ExpectedGradients,0.4411394904724783
1:20_TAGCN_class_weighting,1:20,TAGCN,class_weighting,42,GNNExplainer,ShapleyFeatures,0.516001082809984
1:20_TAGCN_class_weighting,1:20,TAGCN,class_weighting,42,GNNExplainer,IntegratedGradients,0.8909707136347392
1:20_TAGCN_class_weighting,1:20,TAGCN,class_weighting,42,GNNExplainer,ExpectedGradients,0.46335757301171704
1:20_TAGCN_class_weighting,1:20,TAGCN,class_weighting,42,ShapleyFeatures,IntegratedGradients,0.4713027286432177
1:20_TAGCN_class_weighting,1:20,TAGCN,class_weighting,42,ShapleyFeatures,ExpectedGradients,0.3821601236300949
1:20_TAGCN_class_weighting,1:20,TAGCN,class_weighting,42,IntegratedGradients,ExpectedGradients,0.5231978800220827
1:20_TAGCN_class_weighting_s43,1:20,TAGCN,class_weighting,43,GNNExplainer,ShapleyFeatures,0.5091785986055659
1:20_TAGCN_class_weighting_s43,1:20,TAGCN,class_weighting,43,GNNExplainer,IntegratedGradients,0.8923188204550865
1:20_TAGCN_class_weighting_s43,1:20,TAGCN,class_weighting,43,GNNExplainer,ExpectedGradients,0.4900748293130741
1:20_TAGCN_class_weighting_s43,1:20,TAGCN,class_weighting,43,ShapleyFeatures,IntegratedGradients,0.46006649666378235
1:20_TAGCN_class_weighting_s43,1:20,TAGCN,class_weighting,43,ShapleyFeatures,ExpectedGradients,0.3746330124092538
1:20_TAGCN_class_weighting_s43,1:20,TAGCN,class_weighting,43,IntegratedGradients,ExpectedGradients,0.5297733919383101
1:20_TAGCN_class_weighting_s44,1:20,TAGCN,class_weighting,44,GNNExplainer,ShapleyFeatures,0.4936047347842649
1:20_TAGCN_class_weighting_s44,1:20,TAGCN,class_weighting,44,GNNExplainer,IntegratedGradients,0.8373855619766837
1:20_TAGCN_class_weighting_s44,1:20,TAGCN,class_weighting,44,GNNExplainer,ExpectedGradients,0.5032929054601082
1:20_TAGCN_class_weighting_s44,1:20,TAGCN,class_weighting,44,ShapleyFeatures,IntegratedGradients,0.44882048692098203
1:20_TAGCN_class_weighting_s44,1:20,TAGCN,class_weighting,44,ShapleyFeatures,ExpectedGradients,0.4065887455900065
1:20_TAGCN_class_weighting_s44,1:20,TAGCN,class_weighting,44,IntegratedGradients,ExpectedGradients,0.5028887429347279
1:20_TAGCN_focal_loss,1:20,TAGCN,focal_loss,42,GNNExplainer,ShapleyFeatures,0.5138032430151276
1:20_TAGCN_focal_loss,1:20,TAGCN,focal_loss,42,GNNExplainer,IntegratedGradients,0.8462291735272357
1:20_TAGCN_focal_loss,1:20,TAGCN,focal_loss,42,GNNExplainer,ExpectedGradients,0.5416112942486658
1:20_TAGCN_focal_loss,1:20,TAGCN,focal_loss,42,ShapleyFeatures,IntegratedGradients,0.480103964033066
1:20_TAGCN_focal_loss,1:20,TAGCN,focal_loss,42,ShapleyFeatures,ExpectedGradients,0.48394810225403445
1:20_TAGCN_focal_loss,1:20,TAGCN,focal_loss,42,IntegratedGradients,ExpectedGradients,0.5430868140691409
1:20_TAGCN_focal_loss_s43,1:20,TAGCN,focal_loss,43,GNNExplainer,ShapleyFeatures,0.5263039508385288
1:20_TAGCN_focal_loss_s43,1:20,TAGCN,focal_loss,43,GNNExplainer,IntegratedGradients,0.8457105698028172
1:20_TAGCN_focal_loss_s43,1:20,TAGCN,focal_loss,43,GNNExplainer,ExpectedGradients,0.5280013840119825
1:20_TAGCN_focal_loss_s43,1:20,TAGCN,focal_loss,43,ShapleyFeatures,IntegratedGradients,0.48828745967528
1:20_TAGCN_focal_loss_s43,1:20,TAGCN,focal_loss,43,ShapleyFeatures,ExpectedGradients,0.45819998169768267
1:20_TAGCN_focal_loss_s43,1:20,TAGCN,focal_loss,43,IntegratedGradients,ExpectedGradients,0.5237922419914014
1:20_TAGCN_focal_loss_s44,1:20,TAGCN,focal_loss,44,GNNExplainer,ShapleyFeatures,0.5115457389611534
1:20_TAGCN_focal_loss_s44,1:20,TAGCN,focal_loss,44,GNNExplainer,IntegratedGradients,0.823655718888485
1:20_TAGCN_focal_loss_s44,1:20,TAGCN,focal_loss,44,GNNExplainer,ExpectedGradients,0.4732575088831105
1:20_TAGCN_focal_loss_s44,1:20,TAGCN,focal_loss,44,ShapleyFeatures,IntegratedGradients,0.47861866997852165
1:20_TAGCN_focal_loss_s44,1:20,TAGCN,focal_loss,44,ShapleyFeatures,ExpectedGradients,0.44805571261925153
1:20_TAGCN_focal_loss_s44,1:20,TAGCN,focal_loss,44,IntegratedGradients,ExpectedGradients,0.49478322897514426
1:20_TAGCN_none,1:20,TAGCN,none,42,GNNExplainer,ShapleyFeatures,0.51531909120746
1:20_TAGCN_none,1:20,TAGCN,none,42,GNNExplainer,IntegratedGradients,0.8828054091491156
1:20_TAGCN_none,1:20,TAGCN,none,42,GNNExplainer,ExpectedGradients,0.5119922544943516
1:20_TAGCN_none,1:20,TAGCN,none,42,ShapleyFeatures,IntegratedGradients,0.47365186464726616
1:20_TAGCN_none,1:20,TAGCN,none,42,ShapleyFeatures,ExpectedGradients,0.44663644217512233
1:20_TAGCN_none,1:20,TAGCN,none,42,IntegratedGradients,ExpectedGradients,0.5234037544743436
1:20_TAGCN_none_s43,1:20,TAGCN,none,43,GNNExplainer,ShapleyFeatures,0.5109637800353981
1:20_TAGCN_none_s43,1:20,TAGCN,none,43,GNNExplainer,IntegratedGradients,0.8879383096706542
1:20_TAGCN_none_s43,1:20,TAGCN,none,43,GNNExplainer,ExpectedGradients,0.4801370680727088
1:20_TAGCN_none_s43,1:20,TAGCN,none,43,ShapleyFeatures,IntegratedGradients,0.46627149368771825
1:20_TAGCN_none_s43,1:20,TAGCN,none,43,ShapleyFeatures,ExpectedGradients,0.41500786576524906
1:20_TAGCN_none_s43,1:20,TAGCN,none,43,IntegratedGradients,ExpectedGradients,0.5007133929839501
1:20_TAGCN_none_s44,1:20,TAGCN,none,44,GNNExplainer,ShapleyFeatures,0.4963885586214649
1:20_TAGCN_none_s44,1:20,TAGCN,none,44,GNNExplainer,IntegratedGradients,0.880304326285373
1:20_TAGCN_none_s44,1:20,TAGCN,none,44,GNNExplainer,ExpectedGradients,0.48997001106931265
1:20_TAGCN_none_s44,1:20,TAGCN,none,44,ShapleyFeatures,IntegratedGradients,0.4598115687350529
1:20_TAGCN_none_s44,1:20,TAGCN,none,44,ShapleyFeatures,ExpectedGradients,0.4347123640267971
1:20_TAGCN_none_s44,1:20,TAGCN,none,44,IntegratedGradients,ExpectedGradients,0.5027733509224244
native_GAT_class_weighting,native,GAT,class_weighting,42,GNNExplainer,ShapleyFeatures,0.606448085407608
native_GAT_class_weighting,native,GAT,class_weighting,42,GNNExplainer,IntegratedGradients,0.8623473479057246
native_GAT_class_weighting,native,GAT,class_weighting,42,GNNExplainer,ExpectedGradients,0.4763720739753048
native_GAT_class_weighting,native,GAT,class_weighting,42,ShapleyFeatures,IntegratedGradients,0.4816984912242035
native_GAT_class_weighting,native,GAT,class_weighting,42,ShapleyFeatures,ExpectedGradients,0.3738245182293059
native_GAT_class_weighting,native,GAT,class_weighting,42,IntegratedGradients,ExpectedGradients,0.5225542032392696
native_GAT_class_weighting_s43,native,GAT,class_weighting,43,GNNExplainer,ShapleyFeatures,0.6106871056281195
native_GAT_class_weighting_s43,native,GAT,class_weighting,43,GNNExplainer,IntegratedGradients,0.8522385104620204
native_GAT_class_weighting_s43,native,GAT,class_weighting,43,GNNExplainer,ExpectedGradients,0.5735191208264115
native_GAT_class_weighting_s43,native,GAT,class_weighting,43,ShapleyFeatures,IntegratedGradients,0.4575020294946583
native_GAT_class_weighting_s43,native,GAT,class_weighting,43,ShapleyFeatures,ExpectedGradients,0.42302175167117767
native_GAT_class_weighting_s43,native,GAT,class_weighting,43,IntegratedGradients,ExpectedGradients,0.5942658227857688
native_GAT_class_weighting_s44,native,GAT,class_weighting,44,GNNExplainer,ShapleyFeatures,0.6289248539408477
native_GAT_class_weighting_s44,native,GAT,class_weighting,44,GNNExplainer,IntegratedGradients,0.8266665953557725
native_GAT_class_weighting_s44,native,GAT,class_weighting,44,GNNExplainer,ExpectedGradients,0.5335038664325288
native_GAT_class_weighting_s44,native,GAT,class_weighting,44,ShapleyFeatures,IntegratedGradients,0.47069072534480544
native_GAT_class_weighting_s44,native,GAT,class_weighting,44,ShapleyFeatures,ExpectedGradients,0.44417000600480655
native_GAT_class_weighting_s44,native,GAT,class_weighting,44,IntegratedGradients,ExpectedGradients,0.5565181056945153
native_GAT_focal_loss,native,GAT,focal_loss,42,GNNExplainer,ShapleyFeatures,0.6161849225522155
native_GAT_focal_loss,native,GAT,focal_loss,42,GNNExplainer,IntegratedGradients,0.8193314302286369
native_GAT_focal_loss,native,GAT,focal_loss,42,GNNExplainer,ExpectedGradients,0.5229874113548018
native_GAT_focal_loss,native,GAT,focal_loss,42,ShapleyFeatures,IntegratedGradients,0.4674823275227928
native_GAT_focal_loss,native,GAT,focal_loss,42,ShapleyFeatures,ExpectedGradients,0.41208173800261
native_GAT_focal_loss,native,GAT,focal_loss,42,IntegratedGradients,ExpectedGradients,0.5690299752451125
native_GAT_focal_loss_s43,native,GAT,focal_loss,43,GNNExplainer,ShapleyFeatures,0.6020570453542865
native_GAT_focal_loss_s43,native,GAT,focal_loss,43,GNNExplainer,IntegratedGradients,0.8445509687230158
native_GAT_focal_loss_s43,native,GAT,focal_loss,43,GNNExplainer,ExpectedGradients,0.5281999900391725
native_GAT_focal_loss_s43,native,GAT,focal_loss,43,ShapleyFeatures,IntegratedGradients,0.4609208697817158
native_GAT_focal_loss_s43,native,GAT,focal_loss,43,ShapleyFeatures,ExpectedGradients,0.39995597346873085
native_GAT_focal_loss_s43,native,GAT,focal_loss,43,IntegratedGradients,ExpectedGradients,0.5448310017313948
native_GAT_focal_loss_s44,native,GAT,focal_loss,44,GNNExplainer,ShapleyFeatures,0.5939530776949373
native_GAT_focal_loss_s44,native,GAT,focal_loss,44,GNNExplainer,IntegratedGradients,0.8188029497175856
native_GAT_focal_loss_s44,native,GAT,focal_loss,44,GNNExplainer,ExpectedGradients,0.48879099023679
native_GAT_focal_loss_s44,native,GAT,focal_loss,44,ShapleyFeatures,IntegratedGradients,0.45040163631137486
native_GAT_focal_loss_s44,native,GAT,focal_loss,44,ShapleyFeatures,ExpectedGradients,0.41526901126866245
native_GAT_focal_loss_s44,native,GAT,focal_loss,44,IntegratedGradients,ExpectedGradients,0.5139342949502422
native_GAT_none,native,GAT,none,42,GNNExplainer,ShapleyFeatures,0.592738864905954
native_GAT_none,native,GAT,none,42,GNNExplainer,IntegratedGradients,0.8551963646610514
native_GAT_none,native,GAT,none,42,GNNExplainer,ExpectedGradients,0.5370305088503208
native_GAT_none,native,GAT,none,42,ShapleyFeatures,IntegratedGradients,0.4668155661772444
native_GAT_none,native,GAT,none,42,ShapleyFeatures,ExpectedGradients,0.46663526740986894
native_GAT_none,native,GAT,none,42,IntegratedGradients,ExpectedGradients,0.5485674865249651
native_GAT_none_s43,native,GAT,none,43,GNNExplainer,ShapleyFeatures,0.6326536841676493
native_GAT_none_s43,native,GAT,none,43,GNNExplainer,IntegratedGradients,0.8355051674456373
native_GAT_none_s43,native,GAT,none,43,GNNExplainer,ExpectedGradients,0.5261135712491066
native_GAT_none_s43,native,GAT,none,43,ShapleyFeatures,IntegratedGradients,0.48613168158222814
native_GAT_none_s43,native,GAT,none,43,ShapleyFeatures,ExpectedGradients,0.4543653832084906
native_GAT_none_s43,native,GAT,none,43,IntegratedGradients,ExpectedGradients,0.5216653896781902
native_GAT_none_s44,native,GAT,none,44,GNNExplainer,ShapleyFeatures,0.6139218864528352
native_GAT_none_s44,native,GAT,none,44,GNNExplainer,IntegratedGradients,0.7642950130491504
native_GAT_none_s44,native,GAT,none,44,GNNExplainer,ExpectedGradients,0.4955920529143256
native_GAT_none_s44,native,GAT,none,44,ShapleyFeatures,IntegratedGradients,0.4520300778610273
native_GAT_none_s44,native,GAT,none,44,ShapleyFeatures,ExpectedGradients,0.38904292545911173
native_GAT_none_s44,native,GAT,none,44,IntegratedGradients,ExpectedGradients,0.49037239546716166
native_GCN_class_weighting,native,GCN,class_weighting,42,GNNExplainer,ShapleyFeatures,0.632056822851189
native_GCN_class_weighting,native,GCN,class_weighting,42,GNNExplainer,IntegratedGradients,0.7814920588743568
native_GCN_class_weighting,native,GCN,class_weighting,42,GNNExplainer,ExpectedGradients,0.4527618477140539
native_GCN_class_weighting,native,GCN,class_weighting,42,ShapleyFeatures,IntegratedGradients,0.46141451440818515
native_GCN_class_weighting,native,GCN,class_weighting,42,ShapleyFeatures,ExpectedGradients,0.3807612975456441
native_GCN_class_weighting,native,GCN,class_weighting,42,IntegratedGradients,ExpectedGradients,0.49243140536032365
native_GCN_class_weighting_s43,native,GCN,class_weighting,43,GNNExplainer,ShapleyFeatures,0.6298126653634838
native_GCN_class_weighting_s43,native,GCN,class_weighting,43,GNNExplainer,IntegratedGradients,0.7881649263529077
native_GCN_class_weighting_s43,native,GCN,class_weighting,43,GNNExplainer,ExpectedGradients,0.49338139374862544
native_GCN_class_weighting_s43,native,GCN,class_weighting,43,ShapleyFeatures,IntegratedGradients,0.4538344039350959
native_GCN_class_weighting_s43,native,GCN,class_weighting,43,ShapleyFeatures,ExpectedGradients,0.37770848493602344
native_GCN_class_weighting_s43,native,GCN,class_weighting,43,IntegratedGradients,ExpectedGradients,0.50807959862896
native_GCN_class_weighting_s44,native,GCN,class_weighting,44,GNNExplainer,ShapleyFeatures,0.6312688513079557
native_GCN_class_weighting_s44,native,GCN,class_weighting,44,GNNExplainer,IntegratedGradients,0.7831183836220931
native_GCN_class_weighting_s44,native,GCN,class_weighting,44,GNNExplainer,ExpectedGradients,0.5048904627761153
native_GCN_class_weighting_s44,native,GCN,class_weighting,44,ShapleyFeatures,IntegratedGradients,0.45605644901559517
native_GCN_class_weighting_s44,native,GCN,class_weighting,44,ShapleyFeatures,ExpectedGradients,0.4116796892833021
native_GCN_class_weighting_s44,native,GCN,class_weighting,44,IntegratedGradients,ExpectedGradients,0.5143453761408064
native_GCN_focal_loss,native,GCN,focal_loss,42,GNNExplainer,ShapleyFeatures,0.6298905559082536
native_GCN_focal_loss,native,GCN,focal_loss,42,GNNExplainer,IntegratedGradients,0.7671336940076416
native_GCN_focal_loss,native,GCN,focal_loss,42,GNNExplainer,ExpectedGradients,0.531435986021155
native_GCN_focal_loss,native,GCN,focal_loss,42,ShapleyFeatures,IntegratedGradients,0.48095795921975254
native_GCN_focal_loss,native,GCN,focal_loss,42,ShapleyFeatures,ExpectedGradients,0.4229215219181783
native_GCN_focal_loss,native,GCN,focal_loss,42,IntegratedGradients,ExpectedGradients,0.5599099660131561
native_GCN_focal_loss_s43,native,GCN,focal_loss,43,GNNExplainer,ShapleyFeatures,0.6284111227542776
native_GCN_focal_loss_s43,native,GCN,focal_loss,43,GNNExplainer,IntegratedGradients,0.7698924872865404
native_GCN_focal_loss_s43,native,GCN,focal_loss,43,GNNExplainer,ExpectedGradients,0.5241070489897942
native_GCN_focal_loss_s43,native,GCN,focal_loss,43,ShapleyFeatures,IntegratedGradients,0.4676291595164046
native_GCN_focal_loss_s43,native,GCN,focal_loss,43,ShapleyFeatures,ExpectedGradients,0.4127563397039535
native_GCN_focal_loss_s43,native,GCN,focal_loss,43,IntegratedGradients,ExpectedGradients,0.5460614744650567
native_GCN_focal_loss_s44,native,GCN,focal_loss,44,GNNExplainer,ShapleyFeatures,0.6321961458421237
native_GCN_focal_loss_s44,native,GCN,focal_loss,44,GNNExplainer,IntegratedGradients,0.7898915188430827
native_GCN_focal_loss_s44,native,GCN,focal_loss,44,GNNExplainer,ExpectedGradients,0.5214897342890343
native_GCN_focal_loss_s44,native,GCN,focal_loss,44,ShapleyFeatures,IntegratedGradients,0.4782481251279704
native_GCN_focal_loss_s44,native,GCN,focal_loss,44,ShapleyFeatures,ExpectedGradients,0.4382204257121956
native_GCN_focal_loss_s44,native,GCN,focal_loss,44,IntegratedGradients,ExpectedGradients,0.5205955654330582
native_GCN_none,native,GCN,none,42,GNNExplainer,ShapleyFeatures,0.5986028675530181
native_GCN_none,native,GCN,none,42,GNNExplainer,IntegratedGradients,0.8112952785078402
native_GCN_none,native,GCN,none,42,GNNExplainer,ExpectedGradients,0.49392940773328325
native_GCN_none,native,GCN,none,42,ShapleyFeatures,IntegratedGradients,0.4653076994994067
native_GCN_none,native,GCN,none,42,ShapleyFeatures,ExpectedGradients,0.391816506440668
native_GCN_none,native,GCN,none,42,IntegratedGradients,ExpectedGradients,0.5117912810224848
native_GCN_none_s43,native,GCN,none,43,GNNExplainer,ShapleyFeatures,0.6329700558546678
native_GCN_none_s43,native,GCN,none,43,GNNExplainer,IntegratedGradients,0.7794356144732016
native_GCN_none_s43,native,GCN,none,43,GNNExplainer,ExpectedGradients,0.498964918804877
native_GCN_none_s43,native,GCN,none,43,ShapleyFeatures,IntegratedGradients,0.46663002183387803
native_GCN_none_s43,native,GCN,none,43,ShapleyFeatures,ExpectedGradients,0.3716541728486817
native_GCN_none_s43,native,GCN,none,43,IntegratedGradients,ExpectedGradients,0.509987078615856
native_GCN_none_s44,native,GCN,none,44,GNNExplainer,ShapleyFeatures,0.6512828892180871
native_GCN_none_s44,native,GCN,none,44,GNNExplainer,IntegratedGradients,0.7860665206112742
native_GCN_none_s44,native,GCN,none,44,GNNExplainer,ExpectedGradients,0.5796783872346795
native_GCN_none_s44,native,GCN,none,44,ShapleyFeatures,IntegratedGradients,0.4928726806158863
native_GCN_none_s44,native,GCN,none,44,ShapleyFeatures,ExpectedGradients,0.49013356539542374
native_GCN_none_s44,native,GCN,none,44,IntegratedGradients,ExpectedGradients,0.6073330753818722
native_GraphSAGE_class_weighting,native,GraphSAGE,class_weighting,42,GNNExplainer,ShapleyFeatures,0.6222303863496819
native_GraphSAGE_class_weighting,native,GraphSAGE,class_weighting,42,GNNExplainer,IntegratedGradients,0.855897636456749
native_GraphSAGE_class_weighting,native,GraphSAGE,class_weighting,42,GNNExplainer,ExpectedGradients,0.4812261876906148
native_GraphSAGE_class_weighting,native,GraphSAGE,class_weighting,42,ShapleyFeatures,IntegratedGradients,0.4668098646003377
native_GraphSAGE_class_weighting,native,GraphSAGE,class_weighting,42,ShapleyFeatures,ExpectedGradients,0.3767577194327083
native_GraphSAGE_class_weighting,native,GraphSAGE,class_weighting,42,IntegratedGradients,ExpectedGradients,0.5272148336215227
native_GraphSAGE_class_weighting_s43,native,GraphSAGE,class_weighting,43,GNNExplainer,ShapleyFeatures,0.636423323483325
native_GraphSAGE_class_weighting_s43,native,GraphSAGE,class_weighting,43,GNNExplainer,IntegratedGradients,0.8594154506871161
native_GraphSAGE_class_weighting_s43,native,GraphSAGE,class_weighting,43,GNNExplainer,ExpectedGradients,0.5076223804350544
native_GraphSAGE_class_weighting_s43,native,GraphSAGE,class_weighting,43,ShapleyFeatures,IntegratedGradients,0.4681597799992265
native_GraphSAGE_class_weighting_s43,native,GraphSAGE,class_weighting,43,ShapleyFeatures,ExpectedGradients,0.3766345588813594
native_GraphSAGE_class_weighting_s43,native,GraphSAGE,class_weighting,43,IntegratedGradients,ExpectedGradients,0.5425632344991383
native_GraphSAGE_class_weighting_s44,native,GraphSAGE,class_weighting,44,GNNExplainer,ShapleyFeatures,0.6339880953210342
native_GraphSAGE_class_weighting_s44,native,GraphSAGE,class_weighting,44,GNNExplainer,IntegratedGradients,0.8619113162383666
native_GraphSAGE_class_weighting_s44,native,GraphSAGE,class_weighting,44,GNNExplainer,ExpectedGradients,0.4877277619666222
native_GraphSAGE_class_weighting_s44,native,GraphSAGE,class_weighting,44,ShapleyFeatures,IntegratedGradients,0.4734297736745837
native_GraphSAGE_class_weighting_s44,native,GraphSAGE,class_weighting,44,ShapleyFeatures,ExpectedGradients,0.37392797477070655
native_GraphSAGE_class_weighting_s44,native,GraphSAGE,class_weighting,44,IntegratedGradients,ExpectedGradients,0.5330324262051134
native_GraphSAGE_focal_loss,native,GraphSAGE,focal_loss,42,GNNExplainer,ShapleyFeatures,0.6134013665754624
native_GraphSAGE_focal_loss,native,GraphSAGE,focal_loss,42,GNNExplainer,IntegratedGradients,0.8101557217387868
native_GraphSAGE_focal_loss,native,GraphSAGE,focal_loss,42,GNNExplainer,ExpectedGradients,0.49704800853355285
native_GraphSAGE_focal_loss,native,GraphSAGE,focal_loss,42,ShapleyFeatures,IntegratedGradients,0.4777984708145695
native_GraphSAGE_focal_loss,native,GraphSAGE,focal_loss,42,ShapleyFeatures,ExpectedGradients,0.4281036965331437
native_GraphSAGE_focal_loss,native,GraphSAGE,focal_loss,42,IntegratedGradients,ExpectedGradients,0.5153362317333722
native_GraphSAGE_focal_loss_s43,native,GraphSAGE,focal_loss,43,GNNExplainer,ShapleyFeatures,0.6159456974551405
native_GraphSAGE_focal_loss_s43,native,GraphSAGE,focal_loss,43,GNNExplainer,IntegratedGradients,0.8154164822828445
native_GraphSAGE_focal_loss_s43,native,GraphSAGE,focal_loss,43,GNNExplainer,ExpectedGradients,0.5082399555728788
native_GraphSAGE_focal_loss_s43,native,GraphSAGE,focal_loss,43,ShapleyFeatures,IntegratedGradients,0.4806193429217305
native_GraphSAGE_focal_loss_s43,native,GraphSAGE,focal_loss,43,ShapleyFeatures,ExpectedGradients,0.44187699379841044
native_GraphSAGE_focal_loss_s43,native,GraphSAGE,focal_loss,43,IntegratedGradients,ExpectedGradients,0.5264953878792559
native_GraphSAGE_focal_loss_s44,native,GraphSAGE,focal_loss,44,GNNExplainer,ShapleyFeatures,0.6188310980328998
native_GraphSAGE_focal_loss_s44,native,GraphSAGE,focal_loss,44,GNNExplainer,IntegratedGradients,0.8205890954843297
native_GraphSAGE_focal_loss_s44,native,GraphSAGE,focal_loss,44,GNNExplainer,ExpectedGradients,0.5391065624438035
native_GraphSAGE_focal_loss_s44,native,GraphSAGE,focal_loss,44,ShapleyFeatures,IntegratedGradients,0.47975128164701203
native_GraphSAGE_focal_loss_s44,native,GraphSAGE,focal_loss,44,ShapleyFeatures,ExpectedGradients,0.43941556631822604
native_GraphSAGE_focal_loss_s44,native,GraphSAGE,focal_loss,44,IntegratedGradients,ExpectedGradients,0.5409342097033879
native_GraphSAGE_none,native,GraphSAGE,none,42,GNNExplainer,ShapleyFeatures,0.6137456346126114
native_GraphSAGE_none,native,GraphSAGE,none,42,GNNExplainer,IntegratedGradients,0.8167098318798517
native_GraphSAGE_none,native,GraphSAGE,none,42,GNNExplainer,ExpectedGradients,0.488621915219344
native_GraphSAGE_none,native,GraphSAGE,none,42,ShapleyFeatures,IntegratedGradients,0.4647945372718898
native_GraphSAGE_none,native,GraphSAGE,none,42,ShapleyFeatures,ExpectedGradients,0.4360657690070567
native_GraphSAGE_none,native,GraphSAGE,none,42,IntegratedGradients,ExpectedGradients,0.49309456333293594
native_GraphSAGE_none_s43,native,GraphSAGE,none,43,GNNExplainer,ShapleyFeatures,0.5939613418395397
native_GraphSAGE_none_s43,native,GraphSAGE,none,43,GNNExplainer,IntegratedGradients,0.8162513854540238
native_GraphSAGE_none_s43,native,GraphSAGE,none,43,GNNExplainer,ExpectedGradients,0.4397863461119549
native_GraphSAGE_none_s43,native,GraphSAGE,none,43,ShapleyFeatures,IntegratedGradients,0.4589599452252341
native_GraphSAGE_none_s43,native,GraphSAGE,none,43,ShapleyFeatures,ExpectedGradients,0.38675386528596695
native_GraphSAGE_none_s43,native,GraphSAGE,none,43,IntegratedGradients,ExpectedGradients,0.44877611708465903
native_GraphSAGE_none_s44,native,GraphSAGE,none,44,GNNExplainer,ShapleyFeatures,0.5912912728405334
native_GraphSAGE_none_s44,native,GraphSAGE,none,44,GNNExplainer,IntegratedGradients,0.8131196043545773
native_GraphSAGE_none_s44,native,GraphSAGE,none,44,GNNExplainer,ExpectedGradients,0.4434046972394092
native_GraphSAGE_none_s44,native,GraphSAGE,none,44,ShapleyFeatures,IntegratedGradients,0.4563146073977616
native_GraphSAGE_none_s44,native,GraphSAGE,none,44,ShapleyFeatures,ExpectedGradients,0.39582170099568875
native_GraphSAGE_none_s44,native,GraphSAGE,none,44,IntegratedGradients,ExpectedGradients,0.4587893769558008
native_TAGCN_class_weighting,native,TAGCN,class_weighting,42,GNNExplainer,ShapleyFeatures,0.5090977324601156
native_TAGCN_class_weighting,native,TAGCN,class_weighting,42,GNNExplainer,IntegratedGradients,0.890077595416454
native_TAGCN_class_weighting,native,TAGCN,class_weighting,42,GNNExplainer,ExpectedGradients,0.45925592429633105
native_TAGCN_class_weighting,native,TAGCN,class_weighting,42,ShapleyFeatures,IntegratedGradients,0.4651752851306111
native_TAGCN_class_weighting,native,TAGCN,class_weighting,42,ShapleyFeatures,ExpectedGradients,0.37311904335100154
native_TAGCN_class_weighting,native,TAGCN,class_weighting,42,IntegratedGradients,ExpectedGradients,0.5173112560919941
native_TAGCN_class_weighting_s43,native,TAGCN,class_weighting,43,GNNExplainer,ShapleyFeatures,0.5086948615909623
native_TAGCN_class_weighting_s43,native,TAGCN,class_weighting,43,GNNExplainer,IntegratedGradients,0.892005776213202
native_TAGCN_class_weighting_s43,native,TAGCN,class_weighting,43,GNNExplainer,ExpectedGradients,0.4867192209371044
native_TAGCN_class_weighting_s43,native,TAGCN,class_weighting,43,ShapleyFeatures,IntegratedGradients,0.45983440274993875
native_TAGCN_class_weighting_s43,native,TAGCN,class_weighting,43,ShapleyFeatures,ExpectedGradients,0.3763472972825315
native_TAGCN_class_weighting_s43,native,TAGCN,class_weighting,43,IntegratedGradients,ExpectedGradients,0.5327454694833592
native_TAGCN_class_weighting_s44,native,TAGCN,class_weighting,44,GNNExplainer,ShapleyFeatures,0.49305460234445325
native_TAGCN_class_weighting_s44,native,TAGCN,class_weighting,44,GNNExplainer,IntegratedGradients,0.8375953578703689
native_TAGCN_class_weighting_s44,native,TAGCN,class_weighting,44,GNNExplainer,ExpectedGradients,0.5026796372667864
native_TAGCN_class_weighting_s44,native,TAGCN,class_weighting,44,ShapleyFeatures,IntegratedGradients,0.4489910552037187
native_TAGCN_class_weighting_s44,native,TAGCN,class_weighting,44,ShapleyFeatures,ExpectedGradients,0.40698944865286346
native_TAGCN_class_weighting_s44,native,TAGCN,class_weighting,44,IntegratedGradients,ExpectedGradients,0.5027238555738515
native_TAGCN_focal_loss,native,TAGCN,focal_loss,42,GNNExplainer,ShapleyFeatures,0.5068489091794603
native_TAGCN_focal_loss,native,TAGCN,focal_loss,42,GNNExplainer,IntegratedGradients,0.8730614706202843
native_TAGCN_focal_loss,native,TAGCN,focal_loss,42,GNNExplainer,ExpectedGradients,0.5325791115964681
native_TAGCN_focal_loss,native,TAGCN,focal_loss,42,ShapleyFeatures,IntegratedGradients,0.4817896179502821
native_TAGCN_focal_loss,native,TAGCN,focal_loss,42,ShapleyFeatures,ExpectedGradients,0.4719745874664437
native_TAGCN_focal_loss,native,TAGCN,focal_loss,42,IntegratedGradients,ExpectedGradients,0.5535263343917425
native_TAGCN_focal_loss_s43,native,TAGCN,focal_loss,43,GNNExplainer,ShapleyFeatures,0.4825014511535517
native_TAGCN_focal_loss_s43,native,TAGCN,focal_loss,43,GNNExplainer,IntegratedGradients,0.8097133931973346
native_TAGCN_focal_loss_s43,native,TAGCN,focal_loss,43,GNNExplainer,ExpectedGradients,0.4009927720800598
native_TAGCN_focal_loss_s43,native,TAGCN,focal_loss,43,ShapleyFeatures,IntegratedGradients,0.44459015966583376
native_TAGCN_focal_loss_s43,native,TAGCN,focal_loss,43,ShapleyFeatures,ExpectedGradients,0.34628291425068625
native_TAGCN_focal_loss_s43,native,TAGCN,focal_loss,43,IntegratedGradients,ExpectedGradients,0.3980666281831126
native_TAGCN_focal_loss_s44,native,TAGCN,focal_loss,44,GNNExplainer,ShapleyFeatures,0.4782778361789095
native_TAGCN_focal_loss_s44,native,TAGCN,focal_loss,44,GNNExplainer,IntegratedGradients,0.8367851516908735
native_TAGCN_focal_loss_s44,native,TAGCN,focal_loss,44,GNNExplainer,ExpectedGradients,0.4742608811472333
native_TAGCN_focal_loss_s44,native,TAGCN,focal_loss,44,ShapleyFeatures,IntegratedGradients,0.45378969671909886
native_TAGCN_focal_loss_s44,native,TAGCN,focal_loss,44,ShapleyFeatures,ExpectedGradients,0.4530722034420623
native_TAGCN_focal_loss_s44,native,TAGCN,focal_loss,44,IntegratedGradients,ExpectedGradients,0.47621297863614376
native_TAGCN_none,native,TAGCN,none,42,GNNExplainer,ShapleyFeatures,0.47850043271412473
native_TAGCN_none,native,TAGCN,none,42,GNNExplainer,IntegratedGradients,0.8352289004182761
native_TAGCN_none,native,TAGCN,none,42,GNNExplainer,ExpectedGradients,0.405318360614441
native_TAGCN_none,native,TAGCN,none,42,ShapleyFeatures,IntegratedGradients,0.44953781453653435
native_TAGCN_none,native,TAGCN,none,42,ShapleyFeatures,ExpectedGradients,0.3693096810026432
native_TAGCN_none,native,TAGCN,none,42,IntegratedGradients,ExpectedGradients,0.4107230235068419
native_TAGCN_none_s43,native,TAGCN,none,43,GNNExplainer,ShapleyFeatures,0.4843349635373355
native_TAGCN_none_s43,native,TAGCN,none,43,GNNExplainer,IntegratedGradients,0.8301202433607807
native_TAGCN_none_s43,native,TAGCN,none,43,GNNExplainer,ExpectedGradients,0.39680770610636873
native_TAGCN_none_s43,native,TAGCN,none,43,ShapleyFeatures,IntegratedGradients,0.45527570979076054
native_TAGCN_none_s43,native,TAGCN,none,43,ShapleyFeatures,ExpectedGradients,0.3367490076245283
native_TAGCN_none_s43,native,TAGCN,none,43,IntegratedGradients,ExpectedGradients,0.39232459683306925
native_TAGCN_none_s44,native,TAGCN,none,44,GNNExplainer,ShapleyFeatures,0.48430949052154804
native_TAGCN_none_s44,native,TAGCN,none,44,GNNExplainer,IntegratedGradients,0.8369826863638359
native_TAGCN_none_s44,native,TAGCN,none,44,GNNExplainer,ExpectedGradients,0.440158566360883
native_TAGCN_none_s44,native,TAGCN,none,44,ShapleyFeatures,IntegratedGradients,0.4630200583575365
native_TAGCN_none_s44,native,TAGCN,none,44,ShapleyFeatures,ExpectedGradients,0.3834865173147342
native_TAGCN_none_s44,native,TAGCN,none,44,IntegratedGradients,ExpectedGradients,0.4256224227286763
