run_id,scenario,arch,balancing,seed,explainer,sp_all,sp_nz,jac10
1:100_subil_GAT_class_weighting,1:100_subil,GAT,class_weighting,42,GNNExplainer,0.9477400518638069,0.755521139219789,0.6586786252962723
1:100_subil_GAT_class_weighting,1:100_subil,GAT,class_weighting,42,ShapleyFeatures,0.9936996562709502,0.9879848444491371,0.8310453435453435
1:100_subil_GAT_class_weighting,1:100_subil,GAT,class_weighting,42,IntegratedGradients,1.0,1.0,1.0
1:100_subil_GAT_class_weighting,1:100_subil,GAT,class_weighting,42,ExpectedGradients,0.9347799535169506,0.9641843335236716,0.7689244089244089
1:100_subil_GAT_class_weighting_s43,1:100_subil,GAT,class_weighting,43,GNNExplainer,0.93928303865193,0.753415656050332,0.5752666734710079
1:100_subil_GAT_class_weighting_s43,1:100_subil,GAT,class_weighting,43,ShapleyFeatures,0.9953445764054482,0.9914581190075277,0.8875091575091575
1:100_subil_GAT_class_weighting_s43,1:100_subil,GAT,class_weighting,43,IntegratedGradients,1.0,1.0,1.0
1:100_subil_GAT_class_weighting_s43,1:100_subil,GAT,class_weighting,43,ExpectedGradients,0.9332785955351343,0.959871765041341,0.7670818070818073
1:100_subil_GAT_class_weighting_s44,1:100_subil,GAT,class_weighting,44,GNNExplainer,0.9459315832130649,0.7566885110306639,0.6018965769352768
1:100_subil_GAT_class_weighting_s44,1:100_subil,GAT,class_weighting,44,ShapleyFeatures,0.9958341391285388,0.9918558385895166,0.857357087357087
1:100_subil_GAT_class_weighting_s44,1:100_subil,GAT,class_weighting,44,IntegratedGradients,1.0,1.0,1.0
1:100_subil_GAT_class_weighting_s44,1:100_subil,GAT,class_weighting,44,ExpectedGradients,0.9293464946259541,0.9559419473005298,0.7470462870462871
1:100_subil_GAT_focal_loss,1:100_subil,GAT,focal_loss,42,GNNExplainer,0.9193874720215148,0.5862604784047072,0.6574025212260506
1:100_subil_GAT_focal_loss,1:100_subil,GAT,focal_loss,42,ShapleyFeatures,0.9978010101695356,0.9964060398076279,0.8859029859029859
1:100_subil_GAT_focal_loss,1:100_subil,GAT,focal_loss,42,IntegratedGradients,1.0,1.0,1.0
1:100_subil_GAT_focal_loss,1:100_subil,GAT,focal_loss,42,ExpectedGradients,0.9586344223902262,0.9689847760573571,0.7170862470862471
1:100_subil_GAT_focal_loss_s43,1:100_subil,GAT,focal_loss,43,GNNExplainer,0.9264374149143237,0.6550147918116206,0.49930705316928226
1:100_subil_GAT_focal_loss_s43,1:100_subil,GAT,focal_loss,43,ShapleyFeatures,0.9873160789572077,0.9714710329149184,0.6856746126250769
1:100_subil_GAT_focal_loss_s43,1:100_subil,GAT,focal_loss,43,IntegratedGradients,1.0,1.0,1.0
1:100_subil_GAT_focal_loss_s43,1:100_subil,GAT,focal_loss,43,ExpectedGradients,0.9412200731974463,0.9381720582705466,0.8329914529914527
1:100_subil_GAT_focal_loss_s44,1:100_subil,GAT,focal_loss,44,GNNExplainer,0.913751336854651,0.6105071423018278,0.6567618315064137
1:100_subil_GAT_focal_loss_s44,1:100_subil,GAT,focal_loss,44,ShapleyFeatures,0.9958358103020677,0.9899443472364005,0.8629936729936729
1:100_subil_GAT_focal_loss_s44,1:100_subil,GAT,focal_loss,44,IntegratedGradients,1.0,1.0,1.0
1:100_subil_GAT_focal_loss_s44,1:100_subil,GAT,focal_loss,44,ExpectedGradients,0.8653465747691432,0.8539141106303728,0.6805410602469426
1:100_subil_GAT_none,1:100_subil,GAT,none,42,GNNExplainer,0.9396017001982181,0.7116512679029209,0.587890996459108
1:100_subil_GAT_none,1:100_subil,GAT,none,42,ShapleyFeatures,0.9850744592242818,0.9678440878899489,0.6535404124026415
1:100_subil_GAT_none,1:100_subil,GAT,none,42,IntegratedGradients,1.0,1.0,1.0
1:100_subil_GAT_none,1:100_subil,GAT,none,42,ExpectedGradients,0.9383453548117082,0.9527783137114341,0.8141958041958045
1:100_subil_GAT_none_s43,1:100_subil,GAT,none,43,GNNExplainer,0.9249950458512111,0.6334026189318831,0.46929172736448277
1:100_subil_GAT_none_s43,1:100_subil,GAT,none,43,ShapleyFeatures,0.9742827563054438,0.942061272840125,0.6102288423650655
1:100_subil_GAT_none_s43,1:100_subil,GAT,none,43,IntegratedGradients,1.0,1.0,1.0
1:100_subil_GAT_none_s43,1:100_subil,GAT,none,43,ExpectedGradients,0.9282694770211666,0.9272802727258019,0.7806415806415804
1:100_subil_GAT_none_s44,1:100_subil,GAT,none,44,GNNExplainer,0.8881886342665285,0.4894553990498772,0.4046258786506464
1:100_subil_GAT_none_s44,1:100_subil,GAT,none,44,ShapleyFeatures,0.9593518109047635,0.9348859334929557,0.7210732731320967
1:100_subil_GAT_none_s44,1:100_subil,GAT,none,44,IntegratedGradients,1.0,1.0,1.0
1:100_subil_GAT_none_s44,1:100_subil,GAT,none,44,ExpectedGradients,0.7611510699115753,0.7699224085563733,0.5474428197648014
1:100_subil_GCN_class_weighting,1:100_subil,GCN,class_weighting,42,GNNExplainer,0.9414365782927636,0.743241711514733,0.648511211011211
1:100_subil_GCN_class_weighting,1:100_subil,GCN,class_weighting,42,ShapleyFeatures,0.996932570852429,0.9944058069478097,0.959191919191919
1:100_subil_GCN_class_weighting,1:100_subil,GCN,class_weighting,42,IntegratedGradients,1.0,1.0,1.0
1:100_subil_GCN_class_weighting,1:100_subil,GCN,class_weighting,42,ExpectedGradients,0.9177555543682492,0.955563689850224,0.771682761682762
1:100_subil_GCN_class_weighting_s43,1:100_subil,GCN,class_weighting,43,GNNExplainer,0.945806823115367,0.7735213568511331,0.6900219225219227
1:100_subil_GCN_class_weighting_s43,1:100_subil,GCN,class_weighting,43,ShapleyFeatures,0.996613996858292,0.9937482313898014,0.9437373737373735
1:100_subil_GCN_class_weighting_s43,1:100_subil,GCN,class_weighting,43,IntegratedGradients,1.0,1.0,1.0
1:100_subil_GCN_class_weighting_s43,1:100_subil,GCN,class_weighting,43,ExpectedGradients,0.9287225442791124,0.9598027967858407,0.7083261183261185
1:100_subil_GCN_class_weighting_s44,1:100_subil,GCN,class_weighting,44,GNNExplainer,0.9411172717997209,0.7202254956819287,0.6944749041807866
1:100_subil_GCN_class_weighting_s44,1:100_subil,GCN,class_weighting,44,ShapleyFeatures,0.9963181781635938,0.9911039562661276,0.9319191919191919
1:100_subil_GCN_class_weighting_s44,1:100_subil,GCN,class_weighting,44,IntegratedGradients,1.0,1.0,1.0
1:100_subil_GCN_class_weighting_s44,1:100_subil,GCN,class_weighting,44,ExpectedGradients,0.9357433369843009,0.9684222338691065,0.7692196692196691
1:100_subil_GCN_focal_loss,1:100_subil,GCN,focal_loss,42,GNNExplainer,0.9046214860690199,0.533173399840525,0.582275033761102
1:100_subil_GCN_focal_loss,1:100_subil,GCN,focal_loss,42,ShapleyFeatures,0.9976051802544773,0.9947360672202961,0.8902949827949825
1:100_subil_GCN_focal_loss,1:100_subil,GCN,focal_loss,42,IntegratedGradients,1.0,1.0,1.0
1:100_subil_GCN_focal_loss,1:100_subil,GCN,focal_loss,42,ExpectedGradients,0.9659932234481163,0.9823701583333828,0.7776789876789877
1:100_subil_GCN_focal_loss_s43,1:100_subil,GCN,focal_loss,43,GNNExplainer,0.9027100385812816,0.5293434302426605,0.6185574470249393
1:100_subil_GCN_focal_loss_s43,1:100_subil,GCN,focal_loss,43,ShapleyFeatures,0.9972714008706046,0.9939811455462049,0.9024852924852922
1:100_subil_GCN_focal_loss_s43,1:100_subil,GCN,focal_loss,43,IntegratedGradients,1.0,1.0,1.0
1:100_subil_GCN_focal_loss_s43,1:100_subil,GCN,focal_loss,43,ExpectedGradients,0.9617794726578154,0.9819368752846386,0.8119713619713621
1:100_subil_GCN_focal_loss_s44,1:100_subil,GCN,focal_loss,44,GNNExplainer,0.9225540474264258,0.6322013637295474,0.6379588886632229
1:100_subil_GCN_focal_loss_s44,1:100_subil,GCN,focal_loss,44,ShapleyFeatures,0.9974691161621031,0.9951062381429588,0.9298978798978798
1:100_subil_GCN_focal_loss_s44,1:100_subil,GCN,focal_loss,44,IntegratedGradients,1.0,1.0,1.0
1:100_subil_GCN_focal_loss_s44,1:100_subil,GCN,focal_loss,44,ExpectedGradients,0.9573404255716039,0.9794993686233334,0.8074980574980578
1:100_subil_GCN_none,1:100_subil,GCN,none,42,GNNExplainer,0.9409071723800971,0.7100268964997934,0.7116244866244866
1:100_subil_GCN_none,1:100_subil,GCN,none,42,ShapleyFeatures,0.9970734767717515,0.9931885046640951,0.9292929292929293
1:100_subil_GCN_none,1:100_subil,GCN,none,42,IntegratedGradients,1.0,1.0,1.0
1:100_subil_GCN_none,1:100_subil,GCN,none,42,ExpectedGradients,0.9348081283003412,0.9748606093802936,0.7714441114441116
1:100_subil_GCN_none_s43,1:100_subil,GCN,none,43,GNNExplainer,0.9185588148628611,0.6139346056070181,0.6125130370718607
1:100_subil_GCN_none_s43,1:100_subil,GCN,none,43,ShapleyFeatures,0.9968895439192222,0.9928677031190151,0.9290675990675991
1:100_subil_GCN_none_s43,1:100_subil,GCN,none,43,IntegratedGradients,1.0,1.0,1.0
1:100_subil_GCN_none_s43,1:100_subil,GCN,none,43,ExpectedGradients,0.9361433049270255,0.9691147830665129,0.807045177045177
1:100_subil_GCN_none_s44,1:100_subil,GCN,none,44,GNNExplainer,0.9365616944661477,0.6991279381222685,0.6470251792697613
1:100_subil_GCN_none_s44,1:100_subil,GCN,none,44,ShapleyFeatures,0.9971097001793306,0.9933160349599178,0.9006060606060604
1:100_subil_GCN_none_s44,1:100_subil,GCN,none,44,IntegratedGradients,1.0,1.0,1.0
1:100_subil_GCN_none_s44,1:100_subil,GCN,none,44,ExpectedGradients,0.9398099983080884,0.9704437758762301,0.7474311799311801
1:100_subil_GraphSAGE_class_weighting,1:100_subil,GraphSAGE,class_weighting,42,GNNExplainer,0.9645708687352385,0.8406721498878987,0.6072985347985349
1:100_subil_GraphSAGE_class_weighting,1:100_subil,GraphSAGE,class_weighting,42,ShapleyFeatures,0.9930005303545728,0.9859092481965107,0.7890128662187486
1:100_subil_GraphSAGE_class_weighting,1:100_subil,GraphSAGE,class_weighting,42,IntegratedGradients,1.0,1.0,1.0
1:100_subil_GraphSAGE_class_weighting,1:100_subil,GraphSAGE,class_weighting,42,ExpectedGradients,0.9365228541661103,0.9551663484331125,0.7422932622932625
1:100_subil_GraphSAGE_class_weighting_s43,1:100_subil,GraphSAGE,class_weighting,43,GNNExplainer,0.959387376090797,0.8224068600313295,0.5748343867461514
1:100_subil_GraphSAGE_class_weighting_s43,1:100_subil,GraphSAGE,class_weighting,43,ShapleyFeatures,0.9932947677622159,0.9849890635160575,0.8033108558108554
1:100_subil_GraphSAGE_class_weighting_s43,1:100_subil,GraphSAGE,class_weighting,43,IntegratedGradients,1.0,1.0,1.0
1:100_subil_GraphSAGE_class_weighting_s43,1:100_subil,GraphSAGE,class_weighting,43,ExpectedGradients,0.9418037827585287,0.958047496906632,0.7327006327006328
1:100_subil_GraphSAGE_class_weighting_s44,1:100_subil,GraphSAGE,class_weighting,44,GNNExplainer,0.9093152766138528,0.5851437883082303,0.5636289418642362
1:100_subil_GraphSAGE_class_weighting_s44,1:100_subil,GraphSAGE,class_weighting,44,ShapleyFeatures,0.9973536468508138,0.9951523617646235,0.9579797979797978
1:100_subil_GraphSAGE_class_weighting_s44,1:100_subil,GraphSAGE,class_weighting,44,IntegratedGradients,1.0,1.0,1.0
1:100_subil_GraphSAGE_class_weighting_s44,1:100_subil,GraphSAGE,class_weighting,44,ExpectedGradients,0.9163235914834507,0.9558913232071293,0.8048174048174048
1:100_subil_GraphSAGE_focal_loss,1:100_subil,GraphSAGE,focal_loss,42,GNNExplainer,0.9083446717487167,0.5781791373250985,0.5295340074442242
1:100_subil_GraphSAGE_focal_loss,1:100_subil,GraphSAGE,focal_loss,42,ShapleyFeatures,0.9946708557544404,0.9893484878477038,0.9324242424242424
1:100_subil_GraphSAGE_focal_loss,1:100_subil,GraphSAGE,focal_loss,42,IntegratedGradients,1.0,1.0,1.0
1:100_subil_GraphSAGE_focal_loss,1:100_subil,GraphSAGE,focal_loss,42,ExpectedGradients,0.9362845884647235,0.9620146005511144,0.7236807636807636
1:100_subil_GraphSAGE_focal_loss_s43,1:100_subil,GraphSAGE,focal_loss,43,GNNExplainer,0.9121912896866788,0.5830150400041968,0.5250228584052113
1:100_subil_GraphSAGE_focal_loss_s43,1:100_subil,GraphSAGE,focal_loss,43,ShapleyFeatures,0.9955342400342275,0.9890285249334682,0.9137373737373736
1:100_subil_GraphSAGE_focal_loss_s43,1:100_subil,GraphSAGE,focal_loss,43,IntegratedGradients,1.0,1.0,1.0
1:100_subil_GraphSAGE_focal_loss_s43,1:100_subil,GraphSAGE,focal_loss,43,ExpectedGradients,0.9268211827353763,0.9571468398317081,0.7571761571761573
1:100_subil_GraphSAGE_focal_loss_s44,1:100_subil,GraphSAGE,focal_loss,44,GNNExplainer,0.9055611033868584,0.5474326696065732,0.4602038756450522
1:100_subil_GraphSAGE_focal_loss_s44,1:100_subil,GraphSAGE,focal_loss,44,ShapleyFeatures,0.9938782140471216,0.9882459163744938,0.9126262626262627
1:100_subil_GraphSAGE_focal_loss_s44,1:100_subil,GraphSAGE,focal_loss,44,IntegratedGradients,1.0,1.0,1.0
1:100_subil_GraphSAGE_focal_loss_s44,1:100_subil,GraphSAGE,focal_loss,44,ExpectedGradients,0.9190413271712127,0.9549060755523003,0.737937617937618
1:100_subil_GraphSAGE_none,1:100_subil,GraphSAGE,none,42,GNNExplainer,0.9049177745038727,0.5504944170286233,0.47472326692914935
1:100_subil_GraphSAGE_none,1:100_subil,GraphSAGE,none,42,ShapleyFeatures,0.9954539054809681,0.990206437243552,0.9018259518259518
1:100_subil_GraphSAGE_none,1:100_subil,GraphSAGE,none,42,IntegratedGradients,1.0,1.0,1.0
1:100_subil_GraphSAGE_none,1:100_subil,GraphSAGE,none,42,ExpectedGradients,0.9236623567440495,0.9665891995258448,0.7324220224220227
1:100_subil_GraphSAGE_none_s43,1:100_subil,GraphSAGE,none,43,GNNExplainer,0.9049495429859985,0.5543198696607694,0.48362976348270476
1:100_subil_GraphSAGE_none_s43,1:100_subil,GraphSAGE,none,43,ShapleyFeatures,0.9949816975736995,0.9887534414262164,0.9061383061383058
1:100_subil_GraphSAGE_none_s43,1:100_subil,GraphSAGE,none,43,IntegratedGradients,1.0,1.0,1.0
1:100_subil_GraphSAGE_none_s43,1:100_subil,GraphSAGE,none,43,ExpectedGradients,0.9234053197268006,0.9576276092611753,0.794079254079254
1:100_subil_GraphSAGE_none_s44,1:100_subil,GraphSAGE,none,44,GNNExplainer,0.9097594398098986,0.5675746708921425,0.49078001375989
1:100_subil_GraphSAGE_none_s44,1:100_subil,GraphSAGE,none,44,ShapleyFeatures,0.9952301724509485,0.9889623362761936,0.9151515151515149
1:100_subil_GraphSAGE_none_s44,1:100_subil,GraphSAGE,none,44,IntegratedGradients,1.0,1.0,1.0
1:100_subil_GraphSAGE_none_s44,1:100_subil,GraphSAGE,none,44,ExpectedGradients,0.9261425480191277,0.9581295773493463,0.7530602730602729
1:100_subil_TAGCN_class_weighting,1:100_subil,TAGCN,class_weighting,42,GNNExplainer,0.9470075461423136,0.7426073902347593,0.6275242063864355
1:100_subil_TAGCN_class_weighting,1:100_subil,TAGCN,class_weighting,42,ShapleyFeatures,0.9772122392121946,0.9579299074561378,0.6852182784535725
1:100_subil_TAGCN_class_weighting,1:100_subil,TAGCN,class_weighting,42,IntegratedGradients,1.0,1.0,1.0
1:100_subil_TAGCN_class_weighting,1:100_subil,TAGCN,class_weighting,42,ExpectedGradients,0.909600245772447,0.9369644761800229,0.7712898212898213
1:100_subil_TAGCN_class_weighting_s43,1:100_subil,TAGCN,class_weighting,43,GNNExplainer,0.9476206529941701,0.7403155823685817,0.6932463818144933
1:100_subil_TAGCN_class_weighting_s43,1:100_subil,TAGCN,class_weighting,43,ShapleyFeatures,0.9783229194008313,0.9545380182231189,0.6728650108061872
1:100_subil_TAGCN_class_weighting_s43,1:100_subil,TAGCN,class_weighting,43,IntegratedGradients,1.0,1.0,1.0
1:100_subil_TAGCN_class_weighting_s43,1:100_subil,TAGCN,class_weighting,43,ExpectedGradients,0.9236235229164996,0.9536128415953922,0.8354933954933955
1:100_subil_TAGCN_class_weighting_s44,1:100_subil,TAGCN,class_weighting,44,GNNExplainer,0.9014075171299354,0.45745058096830543,0.5719673137320195
1:100_subil_TAGCN_class_weighting_s44,1:100_subil,TAGCN,class_weighting,44,ShapleyFeatures,0.9926523322560095,0.9853868450636489,0.8879875679875676
1:100_subil_TAGCN_class_weighting_s44,1:100_subil,TAGCN,class_weighting,44,IntegratedGradients,1.0,1.0,1.0
1:100_subil_TAGCN_class_weighting_s44,1:100_subil,TAGCN,class_weighting,44,ExpectedGradients,0.9159980676586612,0.9475709574203588,0.7505760905760905
1:100_subil_TAGCN_focal_loss,1:100_subil,TAGCN,focal_loss,42,GNNExplainer,0.9269508493827594,0.6166584328075049,0.6842844084020556
1:100_subil_TAGCN_focal_loss,1:100_subil,TAGCN,focal_loss,42,ShapleyFeatures,0.9950314676152834,0.9901613587096487,0.8984848484848484
1:100_subil_TAGCN_focal_loss,1:100_subil,TAGCN,focal_loss,42,IntegratedGradients,1.0,1.0,1.0
1:100_subil_TAGCN_focal_loss,1:100_subil,TAGCN,focal_loss,42,ExpectedGradients,0.9275913320688522,0.9394094761237428,0.8216983016983018
1:100_subil_TAGCN_focal_loss_s43,1:100_subil,TAGCN,focal_loss,43,GNNExplainer,0.8847360412868023,0.3726729176279614,0.4805315708256884
1:100_subil_TAGCN_focal_loss_s43,1:100_subil,TAGCN,focal_loss,43,ShapleyFeatures,0.9927748653940767,0.9835730703298344,0.8668453768453769
1:100_subil_TAGCN_focal_loss_s43,1:100_subil,TAGCN,focal_loss,43,IntegratedGradients,1.0,1.0,1.0
1:100_subil_TAGCN_focal_loss_s43,1:100_subil,TAGCN,focal_loss,43,ExpectedGradients,0.9219349593495936,0.9462249503993786,0.7711688311688311
1:100_subil_TAGCN_focal_loss_s44,1:100_subil,TAGCN,focal_loss,44,GNNExplainer,0.8906146464752454,0.4153941380675489,0.5350950734851664
1:100_subil_TAGCN_focal_loss_s44,1:100_subil,TAGCN,focal_loss,44,ShapleyFeatures,0.9938540767507559,0.989075620327822,0.9356565656565654
1:100_subil_TAGCN_focal_loss_s44,1:100_subil,TAGCN,focal_loss,44,IntegratedGradients,1.0,1.0,1.0
1:100_subil_TAGCN_focal_loss_s44,1:100_subil,TAGCN,focal_loss,44,ExpectedGradients,0.9281607138086715,0.9509863602811869,0.748851148851149
1:100_subil_TAGCN_none,1:100_subil,TAGCN,none,42,GNNExplainer,0.9082693832493773,0.49429479537345283,0.6332299236711002
1:100_subil_TAGCN_none,1:100_subil,TAGCN,none,42,ShapleyFeatures,0.9946763538185336,0.9898114550890817,0.9083605283605284
1:100_subil_TAGCN_none,1:100_subil,TAGCN,none,42,IntegratedGradients,1.0,1.0,1.0
1:100_subil_TAGCN_none,1:100_subil,TAGCN,none,42,ExpectedGradients,0.9237590628589749,0.961551777376951,0.7907459207459208
1:100_subil_TAGCN_none_s43,1:100_subil,TAGCN,none,43,GNNExplainer,0.8971139639782579,0.4287804552525948,0.5344511207746502
1:100_subil_TAGCN_none_s43,1:100_subil,TAGCN,none,43,ShapleyFeatures,0.9933400559337064,0.9876775612166591,0.8965656565656563
1:100_subil_TAGCN_none_s43,1:100_subil,TAGCN,none,43,IntegratedGradients,1.0,1.0,1.0
1:100_subil_TAGCN_none_s43,1:100_subil,TAGCN,none,43,ExpectedGradients,0.9176986705135397,0.9534081733844756,0.7614418914418917
1:100_subil_TAGCN_none_s44,1:100_subil,TAGCN,none,44,GNNExplainer,0.9028527221617798,0.45619402008465776,0.5589853936912761
1:100_subil_TAGCN_none_s44,1:100_subil,TAGCN,none,44,ShapleyFeatures,0.9924730521455717,0.9866029594358096,0.9092773892773892
1:100_subil_TAGCN_none_s44,1:100_subil,TAGCN,none,44,IntegratedGradients,1.0,1.0,1.0
1:100_subil_TAGCN_none_s44,1:100_subil,TAGCN,none,44,ExpectedGradients,0.9154414554003153,0.946087184350987,0.7815584415584415
1:10_GAT_class_weighting,1:10,GAT,class_weighting,42,GNNExplainer,0.945595075600145,0.7407430992141388,0.6902706443882916
1:10_GAT_class_weighting,1:10,GAT,class_weighting,42,ShapleyFeatures,0.9955889975276363,0.991397610609049,0.8484670884670883
1:10_GAT_class_weighting,1:10,GAT,class_weighting,42,IntegratedGradients,1.0,1.0,1.0
1:10_GAT_class_weighting,1:10,GAT,class_weighting,42,ExpectedGradients,0.9317584751422544,0.96607309336151,0.7414019314019314
1:10_GAT_class_weighting_s43,1:10,GAT,class_weighting,43,GNNExplainer,0.9388397638932545,0.7502942519792454,0.5593849734716608
1:10_GAT_class_weighting_s43,1:10,GAT,class_weighting,43,ShapleyFeatures,0.9952250141575768,0.9916487055376648,0.8762248862248864
1:10_GAT_class_weighting_s43,1:10,GAT,class_weighting,43,IntegratedGradients,1.0,1.0,1.0
1:10_GAT_class_weighting_s43,1:10,GAT,class_weighting,43,ExpectedGradients,0.9311750327251357,0.9615242290832389,0.7678543678543679
1:10_GAT_class_weighting_s44,1:10,GAT,class_weighting,44,GNNExplainer,0.9315101068699304,0.703829257639137,0.6257052751170399
1:10_GAT_class_weighting_s44,1:10,GAT,class_weighting,44,ShapleyFeatures,0.9978410174906002,0.9954226242255761,0.8884371184371181
1:10_GAT_class_weighting_s44,1:10,GAT,class_weighting,44,IntegratedGradients,1.0,1.0,1.0
1:10_GAT_class_weighting_s44,1:10,GAT,class_weighting,44,ExpectedGradients,0.9295615188024828,0.9644410508182665,0.7481307581307581
1:10_GAT_focal_loss,1:10,GAT,focal_loss,42,GNNExplainer,0.9337599519555954,0.7079063902446238,0.6580411255411255
1:10_GAT_focal_loss,1:10,GAT,focal_loss,42,ShapleyFeatures,0.9959850467682806,0.9908813901380844,0.9017993117993117
1:10_GAT_focal_loss,1:10,GAT,focal_loss,42,IntegratedGradients,1.0,1.0,1.0
1:10_GAT_focal_loss,1:10,GAT,focal_loss,42,ExpectedGradients,0.9321466887505679,0.9623693307600398,0.7725030525030527
1:10_GAT_focal_loss_s43,1:10,GAT,focal_loss,43,GNNExplainer,0.9373398764300639,0.7267831785438231,0.5912506175741471
1:10_GAT_focal_loss_s43,1:10,GAT,focal_loss,43,ShapleyFeatures,0.9942508721812425,0.9900881112916873,0.8421331446331448
1:10_GAT_focal_loss_s43,1:10,GAT,focal_loss,43,IntegratedGradients,1.0,1.0,1.0
1:10_GAT_focal_loss_s43,1:10,GAT,focal_loss,43,ExpectedGradients,0.9314767718323405,0.9617788596156844,0.7242746142746143
1:10_GAT_focal_loss_s44,1:10,GAT,focal_loss,44,GNNExplainer,0.9349626758905966,0.7122949012042855,0.617269054474937
1:10_GAT_focal_loss_s44,1:10,GAT,focal_loss,44,ShapleyFeatures,0.996894024463926,0.9945633749020273,0.9099766899766898
1:10_GAT_focal_loss_s44,1:10,GAT,focal_loss,44,IntegratedGradients,1.0,1.0,1.0
1:10_GAT_focal_loss_s44,1:10,GAT,focal_loss,44,ExpectedGradients,0.9429205513851416,0.9704946931114048,0.7932900432900433
1:10_GAT_none,1:10,GAT,none,42,GNNExplainer,0.9435724625167343,0.7636407148717659,0.6608313799490271
1:10_GAT_none,1:10,GAT,none,42,ShapleyFeatures,0.9961133868967712,0.9912483479426448,0.8508796758796756
1:10_GAT_none,1:10,GAT,none,42,IntegratedGradients,1.0,1.0,1.0
1:10_GAT_none,1:10,GAT,none,42,ExpectedGradients,0.9416294446076994,0.9667466899808296,0.7790809190809191
1:10_GAT_none_s43,1:10,GAT,none,43,GNNExplainer,0.9376867455541611,0.7288542164496039,0.572401756596803
1:10_GAT_none_s43,1:10,GAT,none,43,ShapleyFeatures,0.994206455884239,0.9885415277657308,0.8254495504495504
1:10_GAT_none_s43,1:10,GAT,none,43,IntegratedGradients,1.0,1.0,1.0
1:10_GAT_none_s43,1:10,GAT,none,43,ExpectedGradients,0.9321806427483772,0.9590427601054814,0.7597258297258296
1:10_GAT_none_s44,1:10,GAT,none,44,GNNExplainer,0.9423444881444458,0.759916412558431,0.5825783639018932
1:10_GAT_none_s44,1:10,GAT,none,44,ShapleyFeatures,0.9964695101102039,0.9926567485597295,0.8455833055833056
1:10_GAT_none_s44,1:10,GAT,none,44,IntegratedGradients,1.0,1.0,1.0
1:10_GAT_none_s44,1:10,GAT,none,44,ExpectedGradients,0.9302827273617751,0.9655919417958624,0.8344122544122545
1:10_GCN_class_weighting,1:10,GCN,class_weighting,42,GNNExplainer,0.9355967952858625,0.7147829492908104,0.6422854052265817
1:10_GCN_class_weighting,1:10,GCN,class_weighting,42,ShapleyFeatures,0.9973771887979039,0.9949219531354347,0.9427272727272727
1:10_GCN_class_weighting,1:10,GCN,class_weighting,42,IntegratedGradients,1.0,1.0,1.0
1:10_GCN_class_weighting,1:10,GCN,class_weighting,42,ExpectedGradients,0.9249440511491643,0.9533365761360286,0.7908991008991008
1:10_GCN_class_weighting_s43,1:10,GCN,class_weighting,43,GNNExplainer,0.9482170226784805,0.7742187965355674,0.6739857364857366
1:10_GCN_class_weighting_s43,1:10,GCN,class_weighting,43,ShapleyFeatures,0.9965724468976802,0.9926826563652207,0.9140404040404042
1:10_GCN_class_weighting_s43,1:10,GCN,class_weighting,43,IntegratedGradients,1.0,1.0,1.0
1:10_GCN_class_weighting_s43,1:10,GCN,class_weighting,43,ExpectedGradients,0.9337552516050901,0.9579374326524392,0.7422444222444224
1:10_GCN_class_weighting_s44,1:10,GCN,class_weighting,44,GNNExplainer,0.9412343891954514,0.7208324079563192,0.6898971943089588
1:10_GCN_class_weighting_s44,1:10,GCN,class_weighting,44,ShapleyFeatures,0.9966442379419109,0.9920960747684149,0.9267676767676766
1:10_GCN_class_weighting_s44,1:10,GCN,class_weighting,44,IntegratedGradients,1.0,1.0,1.0
1:10_GCN_class_weighting_s44,1:10,GCN,class_weighting,44,ExpectedGradients,0.9357595437181097,0.9680216369676227,0.7565279165279166
1:10_GCN_focal_loss,1:10,GCN,focal_loss,42,GNNExplainer,0.9074888292936106,0.5591955204868481,0.5815688450982569
1:10_GCN_focal_loss,1:10,GCN,focal_loss,42,ShapleyFeatures,0.996690038765331,0.9933672806830713,0.9444444444444443
1:10_GCN_focal_loss,1:10,GCN,focal_loss,42,IntegratedGradients,1.0,1.0,1.0
1:10_GCN_focal_loss,1:10,GCN,focal_loss,42,ExpectedGradients,0.9312132610263671,0.9539890260691894,0.7623154623154622
1:10_GCN_focal_loss_s43,1:10,GCN,focal_loss,43,GNNExplainer,0.9116592930289297,0.5849973428451388,0.731525304760599
1:10_GCN_focal_loss_s43,1:10,GCN,focal_loss,43,ShapleyFeatures,0.9969648241685971,0.9927427962419585,0.9434343434343433
1:10_GCN_focal_loss_s43,1:10,GCN,focal_loss,43,IntegratedGradients,1.0,1.0,1.0
1:10_GCN_focal_loss_s43,1:10,GCN,focal_loss,43,ExpectedGradients,0.9529595722134663,0.9615573829844186,0.73997113997114
1:10_GCN_focal_loss_s44,1:10,GCN,focal_loss,44,GNNExplainer,0.9128445444394354,0.5877078922429512,0.6012149231344278
1:10_GCN_focal_loss_s44,1:10,GCN,focal_loss,44,ShapleyFeatures,0.9964624388039787,0.9918446063913228,0.9074514374514372
1:10_GCN_focal_loss_s44,1:10,GCN,focal_loss,44,IntegratedGradients,1.0,1.0,1.0
1:10_GCN_focal_loss_s44,1:10,GCN,focal_loss,44,ExpectedGradients,0.9366989554671015,0.9687317172973816,0.7972027972027972
1:10_GCN_none,1:10,GCN,none,42,GNNExplainer,0.901467794032646,0.5267706398057249,0.5879510562250502
1:10_GCN_none,1:10,GCN,none,42,ShapleyFeatures,0.9967327950501018,0.9937822366641272,0.9195726495726493
1:10_GCN_none,1:10,GCN,none,42,IntegratedGradients,1.0,1.0,1.0
1:10_GCN_none,1:10,GCN,none,42,ExpectedGradients,0.9216339682454875,0.955259447793567,0.7645565545565545
1:10_GCN_none_s43,1:10,GCN,none,43,GNNExplainer,0.9189212644873551,0.6162915911477157,0.6183722649899119
1:10_GCN_none_s43,1:10,GCN,none,43,ShapleyFeatures,0.9971646560214756,0.9937337275083313,0.9303030303030302
1:10_GCN_none_s43,1:10,GCN,none,43,IntegratedGradients,1.0,1.0,1.0
1:10_GCN_none_s43,1:10,GCN,none,43,ExpectedGradients,0.9317578339967411,0.9586789520829001,0.7707192807192808
1:10_GCN_none_s44,1:10,GCN,none,44,GNNExplainer,0.92314629581339,0.6330770588300402,0.6482730232730234
1:10_GCN_none_s44,1:10,GCN,none,44,ShapleyFeatures,0.9977204061479177,0.994779012345632,0.9294250194250192
1:10_GCN_none_s44,1:10,GCN,none,44,IntegratedGradients,1.0,1.0,1.0
1:10_GCN_none_s44,1:10,GCN,none,44,ExpectedGradients,0.9486223920070528,0.9729231668126423,0.7803474303474304
1:10_GraphSAGE_class_weighting,1:10,GraphSAGE,class_weighting,42,GNNExplainer,0.9630140175877154,0.8343319828788699,0.6357854658241655
1:10_GraphSAGE_class_weighting,1:10,GraphSAGE,class_weighting,42,ShapleyFeatures,0.9940499891249167,0.9882469451737017,0.8312900987900987
1:10_GraphSAGE_class_weighting,1:10,GraphSAGE,class_weighting,42,IntegratedGradients,1.0,1.0,1.0
1:10_GraphSAGE_class_weighting,1:10,GraphSAGE,class_weighting,42,ExpectedGradients,0.9241751573923189,0.9563775511037786,0.7659185259185258
1:10_GraphSAGE_class_weighting_s43,1:10,GraphSAGE,class_weighting,43,GNNExplainer,0.9625985021855623,0.8365158730165038,0.6100178797237622
1:10_GraphSAGE_class_weighting_s43,1:10,GraphSAGE,class_weighting,43,ShapleyFeatures,0.9945470008610718,0.9906126668038472,0.8264466089466092
1:10_GraphSAGE_class_weighting_s43,1:10,GraphSAGE,class_weighting,43,IntegratedGradients,1.0,1.0,1.0
1:10_GraphSAGE_class_weighting_s43,1:10,GraphSAGE,class_weighting,43,ExpectedGradients,0.9266459184854721,0.9665181140131831,0.781470473970474
1:10_GraphSAGE_class_weighting_s44,1:10,GraphSAGE,class_weighting,44,GNNExplainer,0.9669731978447754,0.8604119880882004,0.6169105894105894
1:10_GraphSAGE_class_weighting_s44,1:10,GraphSAGE,class_weighting,44,ShapleyFeatures,0.9925048872155819,0.9848434408158236,0.7868152925505867
1:10_GraphSAGE_class_weighting_s44,1:10,GraphSAGE,class_weighting,44,IntegratedGradients,1.0,1.0,1.0
1:10_GraphSAGE_class_weighting_s44,1:10,GraphSAGE,class_weighting,44,ExpectedGradients,0.9358465079831522,0.9665776381972171,0.7884582084582086
1:10_GraphSAGE_focal_loss,1:10,GraphSAGE,focal_loss,42,GNNExplainer,0.9394478050607039,0.7362058190133073,0.5897355476767242
1:10_GraphSAGE_focal_loss,1:10,GraphSAGE,focal_loss,42,ShapleyFeatures,0.9974821815741106,0.9955847541606531,0.9316161616161616
1:10_GraphSAGE_focal_loss,1:10,GraphSAGE,focal_loss,42,IntegratedGradients,1.0,1.0,1.0
1:10_GraphSAGE_focal_loss,1:10,GraphSAGE,focal_loss,42,ExpectedGradients,0.9386983588455821,0.9642032719603201,0.7854745254745255
1:10_GraphSAGE_focal_loss_s43,1:10,GraphSAGE,focal_loss,43,GNNExplainer,0.898145329813797,0.5591869688809419,0.5574959557699496
1:10_GraphSAGE_focal_loss_s43,1:10,GraphSAGE,focal_loss,43,ShapleyFeatures,0.9961650668056685,0.9933100562909964,0.9199511599511597
1:10_GraphSAGE_focal_loss_s43,1:10,GraphSAGE,focal_loss,43,IntegratedGradients,1.0,1.0,1.0
1:10_GraphSAGE_focal_loss_s43,1:10,GraphSAGE,focal_loss,43,ExpectedGradients,0.9279302342164074,0.9569219311915966,0.7467354867354867
1:10_GraphSAGE_focal_loss_s44,1:10,GraphSAGE,focal_loss,44,GNNExplainer,0.9279145445837838,0.6874643092284015,0.5820681605975724
1:10_GraphSAGE_focal_loss_s44,1:10,GraphSAGE,focal_loss,44,ShapleyFeatures,0.9970348227452026,0.9948398023513141,0.9137373737373735
1:10_GraphSAGE_focal_loss_s44,1:10,GraphSAGE,focal_loss,44,IntegratedGradients,1.0,1.0,1.0
1:10_GraphSAGE_focal_loss_s44,1:10,GraphSAGE,focal_loss,44,ExpectedGradients,0.9283584448659383,0.963447720838255,0.7882328782328785
1:10_GraphSAGE_none,1:10,GraphSAGE,none,42,GNNExplainer,0.9274188120656446,0.6865434027774723,0.5367576269046859
1:10_GraphSAGE_none,1:10,GraphSAGE,none,42,ShapleyFeatures,0.9971399137462895,0.9942544525441414,0.909254079254079
1:10_GraphSAGE_none,1:10,GraphSAGE,none,42,IntegratedGradients,1.0,1.0,1.0
1:10_GraphSAGE_none,1:10,GraphSAGE,none,42,ExpectedGradients,0.9453997186083583,0.9714678600727797,0.7445598845598848
1:10_GraphSAGE_none_s43,1:10,GraphSAGE,none,43,GNNExplainer,0.91486747522568,0.632601523112023,0.5503070267079555
1:10_GraphSAGE_none_s43,1:10,GraphSAGE,none,43,ShapleyFeatures,0.997019201202007,0.9948705768989942,0.9148484848484848
1:10_GraphSAGE_none_s43,1:10,GraphSAGE,none,43,IntegratedGradients,1.0,1.0,1.0
1:10_GraphSAGE_none_s43,1:10,GraphSAGE,none,43,ExpectedGradients,0.9400587894816519,0.9677298056590778,0.7577533577533576
1:10_GraphSAGE_none_s44,1:10,GraphSAGE,none,44,GNNExplainer,0.9167327054045065,0.629010690304636,0.4923291153863909
1:10_GraphSAGE_none_s44,1:10,GraphSAGE,none,44,ShapleyFeatures,0.9966393427584519,0.993609669961622,0.920909090909091
1:10_GraphSAGE_none_s44,1:10,GraphSAGE,none,44,IntegratedGradients,1.0,1.0,1.0
1:10_GraphSAGE_none_s44,1:10,GraphSAGE,none,44,ExpectedGradients,0.9420095459443092,0.9667803878429827,0.7857187257187258
1:10_TAGCN_class_weighting,1:10,TAGCN,class_weighting,42,GNNExplainer,0.9544580792678315,0.7910069578455812,0.6408622913034676
1:10_TAGCN_class_weighting,1:10,TAGCN,class_weighting,42,ShapleyFeatures,0.9861622155132082,0.9711446927544392,0.7411378980496627
1:10_TAGCN_class_weighting,1:10,TAGCN,class_weighting,42,IntegratedGradients,1.0,1.0,1.0
1:10_TAGCN_class_weighting,1:10,TAGCN,class_weighting,42,ExpectedGradients,0.9155656150099286,0.9426885868037593,0.7994083694083692
1:10_TAGCN_class_weighting_s43,1:10,TAGCN,class_weighting,43,GNNExplainer,0.9501925263479131,0.7605606099656103,0.6723003467121113
1:10_TAGCN_class_weighting_s43,1:10,TAGCN,class_weighting,43,ShapleyFeatures,0.9848625569239942,0.9673379526995617,0.7346274150685914
1:10_TAGCN_class_weighting_s43,1:10,TAGCN,class_weighting,43,IntegratedGradients,1.0,1.0,1.0
1:10_TAGCN_class_weighting_s43,1:10,TAGCN,class_weighting,43,ExpectedGradients,0.9244308497849493,0.9535674004056173,0.794995004995005
1:10_TAGCN_class_weighting_s44,1:10,TAGCN,class_weighting,44,GNNExplainer,0.9023764450338587,0.46234644214183995,0.5532784209254797
1:10_TAGCN_class_weighting_s44,1:10,TAGCN,class_weighting,44,ShapleyFeatures,0.9930361461948232,0.9855713513316565,0.8689399489399486
1:10_TAGCN_class_weighting_s44,1:10,TAGCN,class_weighting,44,IntegratedGradients,1.0,1.0,1.0
1:10_TAGCN_class_weighting_s44,1:10,TAGCN,class_weighting,44,ExpectedGradients,0.9149221720585223,0.9483806997882299,0.7503363303363304
1:10_TAGCN_focal_loss,1:10,TAGCN,focal_loss,42,GNNExplainer,0.8813108078500171,0.38858013252386286,0.503823137360289
1:10_TAGCN_focal_loss,1:10,TAGCN,focal_loss,42,ShapleyFeatures,0.9947756858720983,0.9899264376021104,0.9106682206682206
1:10_TAGCN_focal_loss,1:10,TAGCN,focal_loss,42,IntegratedGradients,1.0,1.0,1.0
1:10_TAGCN_focal_loss,1:10,TAGCN,focal_loss,42,ExpectedGradients,0.9108347424446226,0.9298053691548557,0.7214544820504574
1:10_TAGCN_focal_loss_s43,1:10,TAGCN,focal_loss,43,GNNExplainer,0.8795363277067237,0.3529469283687654,0.45005545652604473
1:10_TAGCN_focal_loss_s43,1:10,TAGCN,focal_loss,43,ShapleyFeatures,0.9943142966555996,0.9882775985636557,0.886924186924187
1:10_TAGCN_focal_loss_s43,1:10,TAGCN,focal_loss,43,IntegratedGradients,1.0,1.0,1.0
1:10_TAGCN_focal_loss_s43,1:10,TAGCN,focal_loss,43,ExpectedGradients,0.9133613153320795,0.939281950088575,0.747952047952048
1:10_TAGCN_focal_loss_s44,1:10,TAGCN,focal_loss,44,GNNExplainer,0.8886202390668797,0.4061614770643985,0.5599602031954973
1:10_TAGCN_focal_loss_s44,1:10,TAGCN,focal_loss,44,ShapleyFeatures,0.9957072706907644,0.9917209784553366,0.90019203019203
1:10_TAGCN_focal_loss_s44,1:10,TAGCN,focal_loss,44,IntegratedGradients,1.0,1.0,1.0
1:10_TAGCN_focal_loss_s44,1:10,TAGCN,focal_loss,44,ExpectedGradients,0.9308535515867438,0.9497385547517484,0.8081118881118882
1:10_TAGCN_none,1:10,TAGCN,none,42,GNNExplainer,0.9436807590273191,0.7121714137610857,0.6599511966075435
1:10_TAGCN_none,1:10,TAGCN,none,42,ShapleyFeatures,0.9964221941493341,0.9939494589704091,0.8921756021756019
1:10_TAGCN_none,1:10,TAGCN,none,42,IntegratedGradients,1.0,1.0,1.0
1:10_TAGCN_none,1:10,TAGCN,none,42,ExpectedGradients,0.9428406664351422,0.9626188697869603,0.7742501942501943
1:10_TAGCN_none_s43,1:10,TAGCN,none,43,GNNExplainer,0.9189267339945799,0.5646277665790647,0.6074539240715712
1:10_TAGCN_none_s43,1:10,TAGCN,none,43,ShapleyFeatures,0.9970967198176184,0.9934644399281511,0.9038350538350539
1:10_TAGCN_none_s43,1:10,TAGCN,none,43,IntegratedGradients,1.0,1.0,1.0
1:10_TAGCN_none_s43,1:10,TAGCN,none,43,ExpectedGradients,0.9343002787202028,0.9609541924717869,0.7206227106227109
1:10_TAGCN_none_s44,1:10,TAGCN,none,44,GNNExplainer,0.9212023657720054,0.5826649372353463,0.646765073018943
1:10_TAGCN_none_s44,1:10,TAGCN,none,44,ShapleyFeatures,0.9973204029439414,0.9944301398638508,0.935967365967366
1:10_TAGCN_none_s44,1:10,TAGCN,none,44,IntegratedGradients,1.0,1.0,1.0
1:10_TAGCN_none_s44,1:10,TAGCN,none,44,ExpectedGradients,0.9385710736515911,0.9611802936432402,0.7938872238872239
1:10_os_GAT_class_weighting,1:10_os,GAT,class_weighting,42,GNNExplainer,0.9452199700387657,0.7284578733124858,0.6969192735369207
1:10_os_GAT_class_weighting,1:10_os,GAT,class_weighting,42,ShapleyFeatures,0.995727972125585,0.9919451685784714,0.8472238872238872
1:10_os_GAT_class_weighting,1:10_os,GAT,class_weighting,42,IntegratedGradients,1.0,1.0,1.0
1:10_os_GAT_class_weighting,1:10_os,GAT,class_weighting,42,ExpectedGradients,0.9204038326254018,0.9627613772383247,0.7472838272838273
1:10_os_GAT_class_weighting_s43,1:10_os,GAT,class_weighting,43,GNNExplainer,0.9376049527304406,0.7446108056175603,0.5809198003006054
1:10_os_GAT_class_weighting_s43,1:10_os,GAT,class_weighting,43,ShapleyFeatures,0.9941517299405438,0.9897318149141007,0.8518226218226218
1:10_os_GAT_class_weighting_s43,1:10_os,GAT,class_weighting,43,IntegratedGradients,1.0,1.0,1.0
1:10_os_GAT_class_weighting_s43,1:10_os,GAT,class_weighting,43,ExpectedGradients,0.9303520994385387,0.9606307953748316,0.7731590631590634
1:10_os_GAT_class_weighting_s44,1:10_os,GAT,class_weighting,44,GNNExplainer,0.9398896176694783,0.7282385194897233,0.6453483335836279
1:10_os_GAT_class_weighting_s44,1:10_os,GAT,class_weighting,44,ShapleyFeatures,0.996127778382671,0.9924739057254944,0.8539416139416139
1:10_os_GAT_class_weighting_s44,1:10_os,GAT,class_weighting,44,IntegratedGradients,1.0,1.0,1.0
1:10_os_GAT_class_weighting_s44,1:10_os,GAT,class_weighting,44,ExpectedGradients,0.9314215353654085,0.9664115362845649,0.7782262182262183
1:10_os_GAT_focal_loss,1:10_os,GAT,focal_loss,42,GNNExplainer,0.9226605438277053,0.6169340701513193,0.5841241750452276
1:10_os_GAT_focal_loss,1:10_os,GAT,focal_loss,42,ShapleyFeatures,0.998211873144802,0.9971505770823866,0.9225252525252523
1:10_os_GAT_focal_loss,1:10_os,GAT,focal_loss,42,IntegratedGradients,1.0,1.0,1.0
1:10_os_GAT_focal_loss,1:10_os,GAT,focal_loss,42,ExpectedGradients,0.9666049029822171,0.9666055169948524,0.8392618492618492
1:10_os_GAT_focal_loss_s43,1:10_os,GAT,focal_loss,43,GNNExplainer,0.934282994959871,0.671710549944848,0.5994657125926476
1:10_os_GAT_focal_loss_s43,1:10_os,GAT,focal_loss,43,ShapleyFeatures,0.99374370754733,0.9865128948002111,0.7801925198984023
1:10_os_GAT_focal_loss_s43,1:10_os,GAT,focal_loss,43,IntegratedGradients,1.0,1.0,1.0
1:10_os_GAT_focal_loss_s43,1:10_os,GAT,focal_loss,43,ExpectedGradients,0.9338044239040417,0.955527784682238,0.8012809412809413
1:10_os_GAT_focal_loss_s44,1:10_os,GAT,focal_loss,44,GNNExplainer,0.8979123885676997,0.5144800969438591,0.6360011379516024
1:10_os_GAT_focal_loss_s44,1:10_os,GAT,focal_loss,44,ShapleyFeatures,0.9962774810416489,0.9929936422972466,0.9030069930069929
1:10_os_GAT_focal_loss_s44,1:10_os,GAT,focal_loss,44,IntegratedGradients,1.0,1.0,1.0
1:10_os_GAT_focal_loss_s44,1:10_os,GAT,focal_loss,44,ExpectedGradients,0.93219785572445,0.947178743134486,0.7830436230436231
1:10_os_GAT_none,1:10_os,GAT,none,42,GNNExplainer,0.9440437779221295,0.7681546269768325,0.629520017020017
1:10_os_GAT_none,1:10_os,GAT,none,42,ShapleyFeatures,0.9959443643145943,0.9920606867116468,0.8383055833055835
1:10_os_GAT_none,1:10_os,GAT,none,42,IntegratedGradients,1.0,1.0,1.0
1:10_os_GAT_none,1:10_os,GAT,none,42,ExpectedGradients,0.9419817451624682,0.9665377814285596,0.7925951825951825
1:10_os_GAT_none_s43,1:10_os,GAT,none,43,GNNExplainer,0.9374956961363874,0.7271856665384518,0.5675498180296941
1:10_os_GAT_none_s43,1:10_os,GAT,none,43,ShapleyFeatures,0.9938424752672326,0.9875517180800975,0.8220168720168719
1:10_os_GAT_none_s43,1:10_os,GAT,none,43,IntegratedGradients,1.0,1.0,1.0
1:10_os_GAT_none_s43,1:10_os,GAT,none,43,ExpectedGradients,0.933648269352354,0.9588993468344035,0.7687024087024088
1:10_os_GAT_none_s44,1:10_os,GAT,none,44,GNNExplainer,0.9310974572185755,0.6949811437756549,0.5525693326854317
1:10_os_GAT_none_s44,1:10_os,GAT,none,44,ShapleyFeatures,0.9948107584075159,0.9900486178853084,0.8723121323121323
1:10_os_GAT_none_s44,1:10_os,GAT,none,44,IntegratedGradients,1.0,1.0,1.0
1:10_os_GAT_none_s44,1:10_os,GAT,none,44,ExpectedGradients,0.9338871583896563,0.9586090605325154,0.7296470196470197
1:10_os_GCN_class_weighting,1:10_os,GCN,class_weighting,42,GNNExplainer,0.9407438286373259,0.7322783303956154,0.6655717974835623
1:10_os_GCN_class_weighting,1:10_os,GCN,class_weighting,42,ShapleyFeatures,0.9977925210354234,0.9945341757663299,0.9466666666666664
1:10_os_GCN_class_weighting,1:10_os,GCN,class_weighting,42,IntegratedGradients,1.0,1.0,1.0
1:10_os_GCN_class_weighting,1:10_os,GCN,class_weighting,42,ExpectedGradients,0.9282396192308034,0.9555799293139688,0.785513375513376
1:10_os_GCN_class_weighting_s43,1:10_os,GCN,class_weighting,43,GNNExplainer,0.9463968928699459,0.7641269616172726,0.7028189947307595
1:10_os_GCN_class_weighting_s43,1:10_os,GCN,class_weighting,43,ShapleyFeatures,0.9965730695701427,0.9928646054168773,0.9283838383838384
1:10_os_GCN_class_weighting_s43,1:10_os,GCN,class_weighting,43,IntegratedGradients,1.0,1.0,1.0
1:10_os_GCN_class_weighting_s43,1:10_os,GCN,class_weighting,43,ExpectedGradients,0.9273667441384164,0.9562725962093239,0.7159493284493283
1:10_os_GCN_class_weighting_s44,1:10_os,GCN,class_weighting,44,GNNExplainer,0.9412014397501107,0.7211082147385383,0.6907821426939075
1:10_os_GCN_class_weighting_s44,1:10_os,GCN,class_weighting,44,ShapleyFeatures,0.9968267107141564,0.9928862080853939,0.9328282828282828
1:10_os_GCN_class_weighting_s44,1:10_os,GCN,class_weighting,44,IntegratedGradients,1.0,1.0,1.0
1:10_os_GCN_class_weighting_s44,1:10_os,GCN,class_weighting,44,ExpectedGradients,0.9353968334535481,0.9677464761131844,0.7635886335886336
1:10_os_GCN_focal_loss,1:10_os,GCN,focal_loss,42,GNNExplainer,0.9105886966643694,0.5705128597042808,0.596389563595446
1:10_os_GCN_focal_loss,1:10_os,GCN,focal_loss,42,ShapleyFeatures,0.9967960454879305,0.9935418205812914,0.943815073815074
1:10_os_GCN_focal_loss,1:10_os,GCN,focal_loss,42,IntegratedGradients,1.0,1.0,1.0
1:10_os_GCN_focal_loss,1:10_os,GCN,focal_loss,42,ExpectedGradients,0.9321578820826544,0.9552473727087161,0.7687024087024085
1:10_os_GCN_focal_loss_s43,1:10_os,GCN,focal_loss,43,GNNExplainer,0.9271096346734213,0.6615231703273043,0.6205686905686907
1:10_os_GCN_focal_loss_s43,1:10_os,GCN,focal_loss,43,ShapleyFeatures,0.9964060121790245,0.9929116502667568,0.9465656565656565
1:10_os_GCN_focal_loss_s43,1:10_os,GCN,focal_loss,43,IntegratedGradients,1.0,1.0,1.0
1:10_os_GCN_focal_loss_s43,1:10_os,GCN,focal_loss,43,ExpectedGradients,0.9377067293564505,0.9650920213487858,0.7606937506937507
1:10_os_GCN_focal_loss_s44,1:10_os,GCN,focal_loss,44,GNNExplainer,0.9132849303360714,0.5902024381096797,0.605719519844907
1:10_os_GCN_focal_loss_s44,1:10_os,GCN,focal_loss,44,ShapleyFeatures,0.996707851573749,0.9922971329044606,0.8987645687645686
1:10_os_GCN_focal_loss_s44,1:10_os,GCN,focal_loss,44,IntegratedGradients,1.0,1.0,1.0
1:10_os_GCN_focal_loss_s44,1:10_os,GCN,focal_loss,44,ExpectedGradients,0.938067293564502,0.9692793903532733,0.796938616938617
1:10_os_GCN_none,1:10_os,GCN,none,42,GNNExplainer,0.9015281374093734,0.5318821092255961,0.598320964094958
1:10_os_GCN_none,1:10_os,GCN,none,42,ShapleyFeatures,0.9967955874024473,0.9931653809492412,0.9290909090909091
1:10_os_GCN_none,1:10_os,GCN,none,42,IntegratedGradients,1.0,1.0,1.0
1:10_os_GCN_none,1:10_os,GCN,none,42,ExpectedGradients,0.9221638661074453,0.955899871184089,0.7626695526695527
1:10_os_GCN_none_s43,1:10_os,GCN,none,43,GNNExplainer,0.9168534496777816,0.6104214044766724,0.61418113333748
1:10_os_GCN_none_s43,1:10_os,GCN,none,43,ShapleyFeatures,0.9970308756887578,0.9937484841118766,0.9354545454545451
1:10_os_GCN_none_s43,1:10_os,GCN,none,43,IntegratedGradients,1.0,1.0,1.0
1:10_os_GCN_none_s43,1:10_os,GCN,none,43,ExpectedGradients,0.931472960578456,0.9580419204177993,0.7688899988899991
1:10_os_GCN_none_s44,1:10_os,GCN,none,44,GNNExplainer,0.9218853122644183,0.6316473481764243,0.655194451517981
1:10_os_GCN_none_s44,1:10_os,GCN,none,44,ShapleyFeatures,0.9981792987108066,0.9961191638486759,0.9493939393939392
1:10_os_GCN_none_s44,1:10_os,GCN,none,44,IntegratedGradients,1.0,1.0,1.0
1:10_os_GCN_none_s44,1:10_os,GCN,none,44,ExpectedGradients,0.9500387536843607,0.9735014345790912,0.7703474303474304
1:10_os_GraphSAGE_class_weighting,1:10_os,GraphSAGE,class_weighting,42,GNNExplainer,0.9641392579260093,0.8394507548346153,0.668129093129093
1:10_os_GraphSAGE_class_weighting,1:10_os,GraphSAGE,class_weighting,42,ShapleyFeatures,0.9933541746882333,0.9872162669497143,0.8031667678726503
1:10_os_GraphSAGE_class_weighting,1:10_os,GraphSAGE,class_weighting,42,IntegratedGradients,1.0,1.0,1.0
1:10_os_GraphSAGE_class_weighting,1:10_os,GraphSAGE,class_weighting,42,ExpectedGradients,0.925062043340032,0.957065571817129,0.7805905205905204
1:10_os_GraphSAGE_class_weighting_s43,1:10_os,GraphSAGE,class_weighting,43,GNNExplainer,0.9635645381050953,0.8423638870375166,0.6567034817034817
1:10_os_GraphSAGE_class_weighting_s43,1:10_os,GraphSAGE,class_weighting,43,ShapleyFeatures,0.9938285649616145,0.9890043796311465,0.767985402397167
1:10_os_GraphSAGE_class_weighting_s43,1:10_os,GraphSAGE,class_weighting,43,IntegratedGradients,1.0,1.0,1.0
1:10_os_GraphSAGE_class_weighting_s43,1:10_os,GraphSAGE,class_weighting,43,ExpectedGradients,0.9219634012769483,0.9652830282607663,0.7869619269619269
1:10_os_GraphSAGE_class_weighting_s44,1:10_os,GraphSAGE,class_weighting,44,GNNExplainer,0.9669571091658898,0.8582682113041018,0.6585486735486736
1:10_os_GraphSAGE_class_weighting_s44,1:10_os,GraphSAGE,class_weighting,44,ShapleyFeatures,0.991855146000613,0.9838448263497638,0.7806305622482094
1:10_os_GraphSAGE_class_weighting_s44,1:10_os,GraphSAGE,class_weighting,44,IntegratedGradients,1.0,1.0,1.0
1:10_os_GraphSAGE_class_weighting_s44,1:10_os,GraphSAGE,class_weighting,44,ExpectedGradients,0.9339051458463044,0.9657243044610865,0.7894383394383394
1:10_os_GraphSAGE_focal_loss,1:10_os,GraphSAGE,focal_loss,42,GNNExplainer,0.9301355531216544,0.6915968771730239,0.5928077641312935
1:10_os_GraphSAGE_focal_loss,1:10_os,GraphSAGE,focal_loss,42,ShapleyFeatures,0.9980863360459984,0.9959391267206432,0.9147241647241647
1:10_os_GraphSAGE_focal_loss,1:10_os,GraphSAGE,focal_loss,42,IntegratedGradients,1.0,1.0,1.0
1:10_os_GraphSAGE_focal_loss,1:10_os,GraphSAGE,focal_loss,42,ExpectedGradients,0.9399270251738664,0.9664373645291277,0.7552691752691754
1:10_os_GraphSAGE_focal_loss_s43,1:10_os,GraphSAGE,focal_loss,43,GNNExplainer,0.928911547824201,0.6904295013592849,0.5730850413203353
1:10_os_GraphSAGE_focal_loss_s43,1:10_os,GraphSAGE,focal_loss,43,ShapleyFeatures,0.9970970605034609,0.994544839147502,0.916091686091686
1:10_os_GraphSAGE_focal_loss_s43,1:10_os,GraphSAGE,focal_loss,43,IntegratedGradients,1.0,1.0,1.0
1:10_os_GraphSAGE_focal_loss_s43,1:10_os,GraphSAGE,focal_loss,43,ExpectedGradients,0.9294906633184625,0.9576900625461049,0.7547741147741149
1:10_os_GraphSAGE_focal_loss_s44,1:10_os,GraphSAGE,focal_loss,44,GNNExplainer,0.9353988950379821,0.7198236795363165,0.6271094428447371
1:10_os_GraphSAGE_focal_loss_s44,1:10_os,GraphSAGE,focal_loss,44,ShapleyFeatures,0.9970108181908822,0.9949759502459115,0.8903807303807302
1:10_os_GraphSAGE_focal_loss_s44,1:10_os,GraphSAGE,focal_loss,44,IntegratedGradients,1.0,1.0,1.0
1:10_os_GraphSAGE_focal_loss_s44,1:10_os,GraphSAGE,focal_loss,44,ExpectedGradients,0.9319304535214028,0.9642662321976192,0.8002519702519704
1:10_os_GraphSAGE_none,1:10_os,GraphSAGE,none,42,GNNExplainer,0.9139099641897184,0.6330874937065669,0.49956108562919704
1:10_os_GraphSAGE_none,1:10_os,GraphSAGE,none,42,ShapleyFeatures,0.997511443116717,0.9957099108156297,0.9232545232545231
1:10_os_GraphSAGE_none,1:10_os,GraphSAGE,none,42,IntegratedGradients,1.0,1.0,1.0
1:10_os_GraphSAGE_none,1:10_os,GraphSAGE,none,42,ExpectedGradients,0.9462044987043522,0.9697973185074897,0.7493062493062496
1:10_os_GraphSAGE_none_s43,1:10_os,GraphSAGE,none,43,GNNExplainer,0.9162595109443008,0.6244142083796971,0.5225025774019583
1:10_os_GraphSAGE_none_s43,1:10_os,GraphSAGE,none,43,ShapleyFeatures,0.9966989576037286,0.9941185371068305,0.9064957264957262
1:10_os_GraphSAGE_none_s43,1:10_os,GraphSAGE,none,43,IntegratedGradients,1.0,1.0,1.0
1:10_os_GraphSAGE_none_s43,1:10_os,GraphSAGE,none,43,ExpectedGradients,0.9367288844958549,0.9670886794341473,0.744073704073704
1:10_os_GraphSAGE_none_s44,1:10_os,GraphSAGE,none,44,GNNExplainer,0.9193286254134302,0.6432370145314121,0.4734853963259536
1:10_os_GraphSAGE_none_s44,1:10_os,GraphSAGE,none,44,ShapleyFeatures,0.9970037770591361,0.993855838385803,0.943232323232323
1:10_os_GraphSAGE_none_s44,1:10_os,GraphSAGE,none,44,IntegratedGradients,1.0,1.0,1.0
1:10_os_GraphSAGE_none_s44,1:10_os,GraphSAGE,none,44,ExpectedGradients,0.9425244214106984,0.9681206387230815,0.778275058275058
1:10_os_TAGCN_class_weighting,1:10_os,TAGCN,class_weighting,42,GNNExplainer,0.9552703582048555,0.794086468457793,0.6205838605838605
1:10_os_TAGCN_class_weighting,1:10_os,TAGCN,class_weighting,42,ShapleyFeatures,0.9835567383806294,0.9672701984168135,0.7086095277271747
1:10_os_TAGCN_class_weighting,1:10_os,TAGCN,class_weighting,42,IntegratedGradients,1.0,1.0,1.0
1:10_os_TAGCN_class_weighting,1:10_os,TAGCN,class_weighting,42,ExpectedGradients,0.9104999243092101,0.9326911922056167,0.7814663114663116
1:10_os_TAGCN_class_weighting_s43,1:10_os,TAGCN,class_weighting,43,GNNExplainer,0.9537703616227987,0.7835322018209737,0.7037645034703858
1:10_os_TAGCN_class_weighting_s43,1:10_os,TAGCN,class_weighting,43,ShapleyFeatures,0.9833822410492304,0.9649127941563852,0.7138353476588771
1:10_os_TAGCN_class_weighting_s43,1:10_os,TAGCN,class_weighting,43,IntegratedGradients,1.0,1.0,1.0
1:10_os_TAGCN_class_weighting_s43,1:10_os,TAGCN,class_weighting,43,ExpectedGradients,0.9146421606603801,0.9481895260032202,0.8255167055167055
1:10_os_TAGCN_class_weighting_s44,1:10_os,TAGCN,class_weighting,44,GNNExplainer,0.900969949849179,0.45674665360518835,0.5403034982446747
1:10_os_TAGCN_class_weighting_s44,1:10_os,TAGCN,class_weighting,44,ShapleyFeatures,0.9926834422739437,0.9853808487779716,0.865423187923188
1:10_os_TAGCN_class_weighting_s44,1:10_os,TAGCN,class_weighting,44,IntegratedGradients,1.0,1.0,1.0
1:10_os_TAGCN_class_weighting_s44,1:10_os,TAGCN,class_weighting,44,ExpectedGradients,0.9134335746533809,0.9472454954756253,0.747160617160617
1:10_os_TAGCN_focal_loss,1:10_os,TAGCN,focal_loss,42,GNNExplainer,0.8811415906893517,0.4014230919631542,0.5135012043912972
1:10_os_TAGCN_focal_loss,1:10_os,TAGCN,focal_loss,42,ShapleyFeatures,0.9947280909726497,0.9879133635617154,0.8825618825618825
1:10_os_TAGCN_focal_loss,1:10_os,TAGCN,focal_loss,42,IntegratedGradients,1.0,1.0,1.0
1:10_os_TAGCN_focal_loss,1:10_os,TAGCN,focal_loss,42,ExpectedGradients,0.9076958490285406,0.9286986584086556,0.7721234321234323
1:10_os_TAGCN_focal_loss_s43,1:10_os,TAGCN,focal_loss,43,GNNExplainer,0.8759534155430189,0.3640868111851262,0.4969512737004997
1:10_os_TAGCN_focal_loss_s43,1:10_os,TAGCN,focal_loss,43,ShapleyFeatures,0.9743816192584593,0.9652036791546067,0.8445128564246211
1:10_os_TAGCN_focal_loss_s43,1:10_os,TAGCN,focal_loss,43,IntegratedGradients,1.0,1.0,1.0
1:10_os_TAGCN_focal_loss_s43,1:10_os,TAGCN,focal_loss,43,ExpectedGradients,0.912679762328608,0.9402402349212252,0.7330402930402931
1:10_os_TAGCN_focal_loss_s44,1:10_os,TAGCN,focal_loss,44,GNNExplainer,0.879002200760798,0.4013942354967046,0.521953958780584
1:10_os_TAGCN_focal_loss_s44,1:10_os,TAGCN,focal_loss,44,ShapleyFeatures,0.9933241341594381,0.9869868206676229,0.8779476079476081
1:10_os_TAGCN_focal_loss_s44,1:10_os,TAGCN,focal_loss,44,IntegratedGradients,1.0,1.0,1.0
1:10_os_TAGCN_focal_loss_s44,1:10_os,TAGCN,focal_loss,44,ExpectedGradients,0.9255276596038887,0.9498555669420732,0.7605772005772006
1:10_os_TAGCN_none,1:10_os,TAGCN,none,42,GNNExplainer,0.9435409058734862,0.7066811738849795,0.6861341490753256
1:10_os_TAGCN_none,1:10_os,TAGCN,none,42,ShapleyFeatures,0.995010067075196,0.9884912174930959,0.8754234654234652
1:10_os_TAGCN_none,1:10_os,TAGCN,none,42,IntegratedGradients,1.0,1.0,1.0
1:10_os_TAGCN_none,1:10_os,TAGCN,none,42,ExpectedGradients,0.931506798813881,0.9463063466531699,0.7696914196914196
1:10_os_TAGCN_none_s43,1:10_os,TAGCN,none,43,GNNExplainer,0.947122495270936,0.7219902428512316,0.7188848460907283
1:10_os_TAGCN_none_s43,1:10_os,TAGCN,none,43,ShapleyFeatures,0.9947757052808228,0.9892658519873734,0.8431590631590634
1:10_os_TAGCN_none_s43,1:10_os,TAGCN,none,43,IntegratedGradients,1.0,1.0,1.0
1:10_os_TAGCN_none_s43,1:10_os,TAGCN,none,43,ExpectedGradients,0.9364454269405783,0.956119485062534,0.803799533799534
1:10_os_TAGCN_none_s44,1:10_os,TAGCN,none,44,GNNExplainer,0.9393667577081587,0.6753431860598612,0.7318804234980706
1:10_os_TAGCN_none_s44,1:10_os,TAGCN,none,44,ShapleyFeatures,0.9952808471815224,0.9910163181763808,0.8976301476301475
1:10_os_TAGCN_none_s44,1:10_os,TAGCN,none,44,IntegratedGradients,1.0,1.0,1.0
1:10_os_TAGCN_none_s44,1:10_os,TAGCN,none,44,ExpectedGradients,0.9311726818582533,0.9497519811589903,0.8034632034632038
1:200_subil_GAT_class_weighting,1:200_subil,GAT,class_weighting,42,GNNExplainer,0.9465560628357952,0.7379152932534421,0.7164879564879566
1:200_subil_GAT_class_weighting,1:200_subil,GAT,class_weighting,42,ShapleyFeatures,0.9946254066049753,0.98947278895265,0.8353379953379954
1:200_subil_GAT_class_weighting,1:200_subil,GAT,class_weighting,42,IntegratedGradients,1.0,1.0,1.0
1:200_subil_GAT_class_weighting,1:200_subil,GAT,class_weighting,42,ExpectedGradients,0.9107527315470308,0.9488155888237235,0.7321034521034521
1:200_subil_GAT_class_weighting_s43,1:200_subil,GAT,class_weighting,43,GNNExplainer,0.9418595827823921,0.7638020352704982,0.5774719409703929
1:200_subil_GAT_class_weighting_s43,1:200_subil,GAT,class_weighting,43,ShapleyFeatures,0.994649452021243,0.9900866581674841,0.8655167055167053
1:200_subil_GAT_class_weighting_s43,1:200_subil,GAT,class_weighting,43,IntegratedGradients,1.0,1.0,1.0
1:200_subil_GAT_class_weighting_s43,1:200_subil,GAT,class_weighting,43,ExpectedGradients,0.928469429116534,0.9600003080636192,0.7744100344100343
1:200_subil_GAT_class_weighting_s44,1:200_subil,GAT,class_weighting,44,GNNExplainer,0.9387035412860232,0.7352097528145026,0.6190808537867362
1:200_subil_GAT_class_weighting_s44,1:200_subil,GAT,class_weighting,44,ShapleyFeatures,0.9978628675580739,0.9960331783628839,0.8995682095682096
1:200_subil_GAT_class_weighting_s44,1:200_subil,GAT,class_weighting,44,IntegratedGradients,1.0,1.0,1.0
1:200_subil_GAT_class_weighting_s44,1:200_subil,GAT,class_weighting,44,ExpectedGradients,0.9347566941824951,0.9662944739134846,0.7384815184815186
1:200_subil_GAT_focal_loss,1:200_subil,GAT,focal_loss,42,GNNExplainer,0.9272514720254732,0.6242685558253274,0.6388381117792882
1:200_subil_GAT_focal_loss,1:200_subil,GAT,focal_loss,42,ShapleyFeatures,0.9967413069541885,0.9934272188035044,0.8682559107559107
1:200_subil_GAT_focal_loss,1:200_subil,GAT,focal_loss,42,IntegratedGradients,1.0,1.0,1.0
1:200_subil_GAT_focal_loss,1:200_subil,GAT,focal_loss,42,ExpectedGradients,0.95969778003366,0.9593151500902591,0.7719991119991119
1:200_subil_GAT_focal_loss_s43,1:200_subil,GAT,focal_loss,43,GNNExplainer,0.9291126575817035,0.6653574291721253,0.5270577785361069
1:200_subil_GAT_focal_loss_s43,1:200_subil,GAT,focal_loss,43,ShapleyFeatures,0.9802978848814381,0.9600783049863075,0.6807789240916177
1:200_subil_GAT_focal_loss_s43,1:200_subil,GAT,focal_loss,43,IntegratedGradients,1.0,1.0,1.0
1:200_subil_GAT_focal_loss_s43,1:200_subil,GAT,focal_loss,43,ExpectedGradients,0.934497368631956,0.9317479747401566,0.7699777999778
1:200_subil_GAT_focal_loss_s44,1:200_subil,GAT,focal_loss,44,GNNExplainer,0.917857520987018,0.6246863725629924,0.6220196361372835
1:200_subil_GAT_focal_loss_s44,1:200_subil,GAT,focal_loss,44,ShapleyFeatures,0.9932207165372489,0.9872775598318422,0.8669430569430572
1:200_subil_GAT_focal_loss_s44,1:200_subil,GAT,focal_loss,44,IntegratedGradients,1.0,1.0,1.0
1:200_subil_GAT_focal_loss_s44,1:200_subil,GAT,focal_loss,44,ExpectedGradients,0.9115814032181944,0.8974105267075977,0.7076140689375983
1:200_subil_GAT_none,1:200_subil,GAT,none,42,GNNExplainer,0.9342515298679099,0.684315468945669,0.5438555765413351
1:200_subil_GAT_none,1:200_subil,GAT,none,42,ShapleyFeatures,0.975893625637574,0.9469041855489466,0.6129582328576137
1:200_subil_GAT_none,1:200_subil,GAT,none,42,IntegratedGradients,1.0,1.0,1.0
1:200_subil_GAT_none,1:200_subil,GAT,none,42,ExpectedGradients,0.9406842358346919,0.9445103602322396,0.7821334221334221
1:200_subil_GAT_none_s43,1:200_subil,GAT,none,43,GNNExplainer,0.9098762121502951,0.5323390847770731,0.4974264942144199
1:200_subil_GAT_none_s43,1:200_subil,GAT,none,43,ShapleyFeatures,0.9741172245677366,0.9450868337895357,0.61233138980043
1:200_subil_GAT_none_s43,1:200_subil,GAT,none,43,IntegratedGradients,1.0,1.0,1.0
1:200_subil_GAT_none_s43,1:200_subil,GAT,none,43,ExpectedGradients,0.9434713220954775,0.9486428391522613,0.8691919191919192
1:200_subil_GAT_none_s44,1:200_subil,GAT,none,44,GNNExplainer,0.8869310188006991,0.48617925746081603,0.3890551336062173
1:200_subil_GAT_none_s44,1:200_subil,GAT,none,44,ShapleyFeatures,0.936983198449868,0.9151290380552818,0.704757580167797
1:200_subil_GAT_none_s44,1:200_subil,GAT,none,44,IntegratedGradients,1.0,1.0,1.0
1:200_subil_GAT_none_s44,1:200_subil,GAT,none,44,ExpectedGradients,0.7614825866659544,0.7601466193273121,0.5543768154217071
1:200_subil_GCN_class_weighting,1:200_subil,GCN,class_weighting,42,GNNExplainer,0.9440509283951156,0.7616990636566234,0.636896436896437
1:200_subil_GCN_class_weighting,1:200_subil,GCN,class_weighting,42,ShapleyFeatures,0.9965440583591042,0.9932449592685514,0.9145454545454546
1:200_subil_GCN_class_weighting,1:200_subil,GCN,class_weighting,42,IntegratedGradients,1.0,1.0,1.0
1:200_subil_GCN_class_weighting,1:200_subil,GCN,class_weighting,42,ExpectedGradients,0.9159227063464506,0.9487453296789826,0.7347030747030748
1:200_subil_GCN_class_weighting_s43,1:200_subil,GCN,class_weighting,43,GNNExplainer,0.9482411253630009,0.7714905360970067,0.6430823424941072
1:200_subil_GCN_class_weighting_s43,1:200_subil,GCN,class_weighting,43,ShapleyFeatures,0.996756860782133,0.993984779390389,0.9423232323232322
1:200_subil_GCN_class_weighting_s43,1:200_subil,GCN,class_weighting,43,IntegratedGradients,1.0,1.0,1.0
1:200_subil_GCN_class_weighting_s43,1:200_subil,GCN,class_weighting,43,ExpectedGradients,0.9160084150348625,0.9444422240515945,0.7200654900654901
1:200_subil_GCN_class_weighting_s44,1:200_subil,GCN,class_weighting,44,GNNExplainer,0.9411401720219967,0.7179294956605013,0.6817218239277063
1:200_subil_GCN_class_weighting_s44,1:200_subil,GCN,class_weighting,44,ShapleyFeatures,0.9964938554466678,0.9914349801408181,0.9345454545454545
1:200_subil_GCN_class_weighting_s44,1:200_subil,GCN,class_weighting,44,IntegratedGradients,1.0,1.0,1.0
1:200_subil_GCN_class_weighting_s44,1:200_subil,GCN,class_weighting,44,ExpectedGradients,0.9352259147454568,0.967719764872737,0.752847152847153
1:200_subil_GCN_focal_loss,1:200_subil,GCN,focal_loss,42,GNNExplainer,0.9117294129604406,0.5649263798803127,0.6118159953221872
1:200_subil_GCN_focal_loss,1:200_subil,GCN,focal_loss,42,ShapleyFeatures,0.9976832997545663,0.9944667682172855,0.9262470862470861
1:200_subil_GCN_focal_loss,1:200_subil,GCN,focal_loss,42,IntegratedGradients,1.0,1.0,1.0
1:200_subil_GCN_focal_loss,1:200_subil,GCN,focal_loss,42,ExpectedGradients,0.9473329860461807,0.9750590857588443,0.7694227994227995
1:200_subil_GCN_focal_loss_s43,1:200_subil,GCN,focal_loss,43,GNNExplainer,0.9109155382265219,0.5489109333066925,0.6515511503746798
1:200_subil_GCN_focal_loss_s43,1:200_subil,GCN,focal_loss,43,ShapleyFeatures,0.9969688645526951,0.9918016960729835,0.9060139860139859
1:200_subil_GCN_focal_loss_s43,1:200_subil,GCN,focal_loss,43,IntegratedGradients,1.0,1.0,1.0
1:200_subil_GCN_focal_loss_s43,1:200_subil,GCN,focal_loss,43,ExpectedGradients,0.9499751645161584,0.9732357596157686,0.8485625485625486
1:200_subil_GCN_focal_loss_s44,1:200_subil,GCN,focal_loss,44,GNNExplainer,0.921601049948891,0.6214350079871276,0.6223200274670864
1:200_subil_GCN_focal_loss_s44,1:200_subil,GCN,focal_loss,44,ShapleyFeatures,0.9978909902923152,0.9962498057219299,0.9313131313131311
1:200_subil_GCN_focal_loss_s44,1:200_subil,GCN,focal_loss,44,IntegratedGradients,1.0,1.0,1.0
1:200_subil_GCN_focal_loss_s44,1:200_subil,GCN,focal_loss,44,ExpectedGradients,0.950909010765902,0.97892592805394,0.7781651681651683
1:200_subil_GCN_none,1:200_subil,GCN,none,42,GNNExplainer,0.9253072747405194,0.6320647988838414,0.6204939327385149
1:200_subil_GCN_none,1:200_subil,GCN,none,42,ShapleyFeatures,0.995575322030001,0.9903135383028756,0.931266511266511
1:200_subil_GCN_none,1:200_subil,GCN,none,42,IntegratedGradients,1.0,1.0,1.0
1:200_subil_GCN_none,1:200_subil,GCN,none,42,ExpectedGradients,0.9215276750642939,0.9566719474699769,0.7995793095793097
1:200_subil_GCN_none_s43,1:200_subil,GCN,none,43,GNNExplainer,0.924766532562045,0.6330151423872498,0.6356487575605224
1:200_subil_GCN_none_s43,1:200_subil,GCN,none,43,ShapleyFeatures,0.9962893275951338,0.9910993138576857,0.9219191919191918
1:200_subil_GCN_none_s43,1:200_subil,GCN,none,43,IntegratedGradients,1.0,1.0,1.0
1:200_subil_GCN_none_s43,1:200_subil,GCN,none,43,ExpectedGradients,0.9159051371784257,0.9533418046631129,0.7658741258741261
1:200_subil_GCN_none_s44,1:200_subil,GCN,none,44,GNNExplainer,0.9262664098711688,0.6656445395525072,0.5979462571026039
1:200_subil_GCN_none_s44,1:200_subil,GCN,none,44,ShapleyFeatures,0.9962703204925427,0.9925534062382603,0.9224242424242424
1:200_subil_GCN_none_s44,1:200_subil,GCN,none,44,IntegratedGradients,1.0,1.0,1.0
1:200_subil_GCN_none_s44,1:200_subil,GCN,none,44,ExpectedGradients,0.926358765438695,0.9587516467831194,0.7961227661227663
1:200_subil_GraphSAGE_class_weighting,1:200_subil,GraphSAGE,class_weighting,42,GNNExplainer,0.9533549056869085,0.785953288819621,0.592873041990689
1:200_subil_GraphSAGE_class_weighting,1:200_subil,GraphSAGE,class_weighting,42,ShapleyFeatures,0.9935563533465335,0.9863453935423587,0.8215517815517815
1:200_subil_GraphSAGE_class_weighting,1:200_subil,GraphSAGE,class_weighting,42,IntegratedGradients,1.0,1.0,1.0
1:200_subil_GraphSAGE_class_weighting,1:200_subil,GraphSAGE,class_weighting,42,ExpectedGradients,0.9273938681555493,0.9540813302977078,0.7414951714951716
1:200_subil_GraphSAGE_class_weighting_s43,1:200_subil,GraphSAGE,class_weighting,43,GNNExplainer,0.9531108838363969,0.7839116252349064,0.6078572897690544
1:200_subil_GraphSAGE_class_weighting_s43,1:200_subil,GraphSAGE,class_weighting,43,ShapleyFeatures,0.9945401917713323,0.9897482963132579,0.8413619713619711
1:200_subil_GraphSAGE_class_weighting_s43,1:200_subil,GraphSAGE,class_weighting,43,IntegratedGradients,1.0,1.0,1.0
1:200_subil_GraphSAGE_class_weighting_s43,1:200_subil,GraphSAGE,class_weighting,43,ExpectedGradients,0.9413264766382603,0.9641142423788568,0.783735153735154
1:200_subil_GraphSAGE_class_weighting_s44,1:200_subil,GraphSAGE,class_weighting,44,GNNExplainer,0.9146915137226557,0.6115289443561476,0.5602116456528221
1:200_subil_GraphSAGE_class_weighting_s44,1:200_subil,GraphSAGE,class_weighting,44,ShapleyFeatures,0.9972738432139605,0.9944506008786692,0.9453535353535353
1:200_subil_GraphSAGE_class_weighting_s44,1:200_subil,GraphSAGE,class_weighting,44,IntegratedGradients,1.0,1.0,1.0
1:200_subil_GraphSAGE_class_weighting_s44,1:200_subil,GraphSAGE,class_weighting,44,ExpectedGradients,0.921587102289424,0.9510145696427533,0.7856465756465759
1:200_subil_GraphSAGE_focal_loss,1:200_subil,GraphSAGE,focal_loss,42,GNNExplainer,0.9050222433332703,0.5498655003439897,0.46622342798813393
1:200_subil_GraphSAGE_focal_loss,1:200_subil,GraphSAGE,focal_loss,42,ShapleyFeatures,0.9955291207375622,0.9899440070192738,0.9019269619269618
1:200_subil_GraphSAGE_focal_loss,1:200_subil,GraphSAGE,focal_loss,42,IntegratedGradients,1.0,1.0,1.0
1:200_subil_GraphSAGE_focal_loss,1:200_subil,GraphSAGE,focal_loss,42,ExpectedGradients,0.9233700923427636,0.9665236424717976,0.7291930291930291
1:200_subil_GraphSAGE_focal_loss_s43,1:200_subil,GraphSAGE,focal_loss,43,GNNExplainer,0.904724578132075,0.5537622199999019,0.48320106364224
1:200_subil_GraphSAGE_focal_loss_s43,1:200_subil,GraphSAGE,focal_loss,43,ShapleyFeatures,0.9946385226694454,0.9886590223316308,0.9088422688422687
1:200_subil_GraphSAGE_focal_loss_s43,1:200_subil,GraphSAGE,focal_loss,43,IntegratedGradients,1.0,1.0,1.0
1:200_subil_GraphSAGE_focal_loss_s43,1:200_subil,GraphSAGE,focal_loss,43,ExpectedGradients,0.9236707895885096,0.9574553211688173,0.7847230547230549
1:200_subil_GraphSAGE_focal_loss_s44,1:200_subil,GraphSAGE,focal_loss,44,GNNExplainer,0.9096729590088662,0.5678909226052233,0.4900714358454297
1:200_subil_GraphSAGE_focal_loss_s44,1:200_subil,GraphSAGE,focal_loss,44,ShapleyFeatures,0.9952418056349496,0.9896881740770783,0.9110101010101008
1:200_subil_GraphSAGE_focal_loss_s44,1:200_subil,GraphSAGE,focal_loss,44,IntegratedGradients,1.0,1.0,1.0
1:200_subil_GraphSAGE_focal_loss_s44,1:200_subil,GraphSAGE,focal_loss,44,ExpectedGradients,0.9253016767736136,0.9581179149780532,0.748918858918859
1:200_subil_GraphSAGE_none,1:200_subil,GraphSAGE,none,42,GNNExplainer,0.886761000216521,0.4121585199202481,0.45165938292873276
1:200_subil_GraphSAGE_none,1:200_subil,GraphSAGE,none,42,ShapleyFeatures,0.9979196146684265,0.9960264745099501,0.878216228216228
1:200_subil_GraphSAGE_none,1:200_subil,GraphSAGE,none,42,IntegratedGradients,1.0,1.0,1.0
1:200_subil_GraphSAGE_none,1:200_subil,GraphSAGE,none,42,ExpectedGradients,0.9607723933427723,0.9832144326987461,0.8047474747474748
1:200_subil_GraphSAGE_none_s43,1:200_subil,GraphSAGE,none,43,GNNExplainer,0.8920789453842976,0.44417905664546026,0.4759688290725443
1:200_subil_GraphSAGE_none_s43,1:200_subil,GraphSAGE,none,43,ShapleyFeatures,0.9972230818880222,0.9941352394286199,0.8642421467421466
1:200_subil_GraphSAGE_none_s43,1:200_subil,GraphSAGE,none,43,IntegratedGradients,1.0,1.0,1.0
1:200_subil_GraphSAGE_none_s43,1:200_subil,GraphSAGE,none,43,ExpectedGradients,0.9594172966811816,0.982694364072857,0.7635841935841936
1:200_subil_GraphSAGE_none_s44,1:200_subil,GraphSAGE,none,44,GNNExplainer,0.8900312479829726,0.41182861561710205,0.45965101834296884
1:200_subil_GraphSAGE_none_s44,1:200_subil,GraphSAGE,none,44,ShapleyFeatures,0.9971130618655115,0.9942217418008832,0.8847685647685647
1:200_subil_GraphSAGE_none_s44,1:200_subil,GraphSAGE,none,44,IntegratedGradients,1.0,1.0,1.0
1:200_subil_GraphSAGE_none_s44,1:200_subil,GraphSAGE,none,44,ExpectedGradients,0.9617936758118952,0.9824544977036285,0.8037062937062938
1:200_subil_TAGCN_class_weighting,1:200_subil,TAGCN,class_weighting,42,GNNExplainer,0.948937989938169,0.7532468384933959,0.6538920977543268
1:200_subil_TAGCN_class_weighting,1:200_subil,TAGCN,class_weighting,42,ShapleyFeatures,0.9798881910356647,0.956476628393897,0.6744378170848759
1:200_subil_TAGCN_class_weighting,1:200_subil,TAGCN,class_weighting,42,IntegratedGradients,1.0,1.0,1.0
1:200_subil_TAGCN_class_weighting,1:200_subil,TAGCN,class_weighting,42,ExpectedGradients,0.9065471946515612,0.9401467729234487,0.7890576090576092
1:200_subil_TAGCN_class_weighting_s43,1:200_subil,TAGCN,class_weighting,43,GNNExplainer,0.9453815609447538,0.7363712523749114,0.6698940043444688
1:200_subil_TAGCN_class_weighting_s43,1:200_subil,TAGCN,class_weighting,43,ShapleyFeatures,0.9803393062499397,0.9598767343682804,0.6784314200877669
1:200_subil_TAGCN_class_weighting_s43,1:200_subil,TAGCN,class_weighting,43,IntegratedGradients,1.0,1.0,1.0
1:200_subil_TAGCN_class_weighting_s43,1:200_subil,TAGCN,class_weighting,43,ExpectedGradients,0.9081390217188043,0.9451381050216454,0.7221267621267623
1:200_subil_TAGCN_class_weighting_s44,1:200_subil,TAGCN,class_weighting,44,GNNExplainer,0.9017706294386526,0.45984777172166497,0.5500097125097125
1:200_subil_TAGCN_class_weighting_s44,1:200_subil,TAGCN,class_weighting,44,ShapleyFeatures,0.9923965549975355,0.9855684772806311,0.8752425352425353
1:200_subil_TAGCN_class_weighting_s44,1:200_subil,TAGCN,class_weighting,44,IntegratedGradients,1.0,1.0,1.0
1:200_subil_TAGCN_class_weighting_s44,1:200_subil,TAGCN,class_weighting,44,ExpectedGradients,0.9146924994879743,0.9476187918794992,0.7663147963147965
1:200_subil_TAGCN_focal_loss,1:200_subil,TAGCN,focal_loss,42,GNNExplainer,0.9123494227877659,0.5250499798932736,0.648885548003195
1:200_subil_TAGCN_focal_loss,1:200_subil,TAGCN,focal_loss,42,ShapleyFeatures,0.9957661376218566,0.9925325661729245,0.9218725718725718
1:200_subil_TAGCN_focal_loss,1:200_subil,TAGCN,focal_loss,42,IntegratedGradients,1.0,1.0,1.0
1:200_subil_TAGCN_focal_loss,1:200_subil,TAGCN,focal_loss,42,ExpectedGradients,0.9274248123313655,0.960435787197383,0.7917615717615718
1:200_subil_TAGCN_focal_loss_s43,1:200_subil,TAGCN,focal_loss,43,GNNExplainer,0.9195790553156515,0.5516638699647703,0.6637049497343616
1:200_subil_TAGCN_focal_loss_s43,1:200_subil,TAGCN,focal_loss,43,ShapleyFeatures,0.9966053484817502,0.9919784715309492,0.9225019425019425
1:200_subil_TAGCN_focal_loss_s43,1:200_subil,TAGCN,focal_loss,43,IntegratedGradients,1.0,1.0,1.0
1:200_subil_TAGCN_focal_loss_s43,1:200_subil,TAGCN,focal_loss,43,ExpectedGradients,0.9387213866552687,0.9752946156934712,0.7737640137640137
1:200_subil_TAGCN_focal_loss_s44,1:200_subil,TAGCN,focal_loss,44,GNNExplainer,0.9078615637642061,0.508134514154753,0.5942511736629384
1:200_subil_TAGCN_focal_loss_s44,1:200_subil,TAGCN,focal_loss,44,ShapleyFeatures,0.9949481959779587,0.9899159766441181,0.927171717171717
1:200_subil_TAGCN_focal_loss_s44,1:200_subil,TAGCN,focal_loss,44,IntegratedGradients,1.0,1.0,1.0
1:200_subil_TAGCN_focal_loss_s44,1:200_subil,TAGCN,focal_loss,44,ExpectedGradients,0.9315483307954661,0.9628691912547206,0.7775002775002773
1:200_subil_TAGCN_none,1:200_subil,TAGCN,none,42,GNNExplainer,0.9081997168019327,0.4944301152586066,0.6333862216215158
1:200_subil_TAGCN_none,1:200_subil,TAGCN,none,42,ShapleyFeatures,0.9946246529556049,0.9889670017776905,0.9112898212898213
1:200_subil_TAGCN_none,1:200_subil,TAGCN,none,42,IntegratedGradients,1.0,1.0,1.0
1:200_subil_TAGCN_none,1:200_subil,TAGCN,none,42,ExpectedGradients,0.9244173271122418,0.9615443615628544,0.788780108780109
1:200_subil_TAGCN_none_s43,1:200_subil,TAGCN,none,43,GNNExplainer,0.8971034004264618,0.42917185917680484,0.5334445619739738
1:200_subil_TAGCN_none_s43,1:200_subil,TAGCN,none,43,ShapleyFeatures,0.9932980760931356,0.987773932508567,0.9029292929292929
1:200_subil_TAGCN_none_s43,1:200_subil,TAGCN,none,43,IntegratedGradients,1.0,1.0,1.0
1:200_subil_TAGCN_none_s43,1:200_subil,TAGCN,none,43,ExpectedGradients,0.9179743274650712,0.9537320497506726,0.7613897213897212
1:200_subil_TAGCN_none_s44,1:200_subil,TAGCN,none,44,GNNExplainer,0.9028203128116812,0.4556249251555763,0.5603026875085698
1:200_subil_TAGCN_none_s44,1:200_subil,TAGCN,none,44,ShapleyFeatures,0.9923815950175194,0.9866124893156898,0.9116006216006216
1:200_subil_TAGCN_none_s44,1:200_subil,TAGCN,none,44,IntegratedGradients,1.0,1.0,1.0
1:200_subil_TAGCN_none_s44,1:200_subil,TAGCN,none,44,ExpectedGradients,0.9157605410555753,0.9463123278787481,0.7870906870906871
1:20_GAT_class_weighting,1:20,GAT,class_weighting,42,GNNExplainer,0.9457807724955731,0.7431937694486959,0.6813874360933186
1:20_GAT_class_weighting,1:20,GAT,class_weighting,42,ShapleyFeatures,0.9959263359489081,0.9925498774146393,0.8317482517482516
1:20_GAT_class_weighting,1:20,GAT,class_weighting,42,IntegratedGradients,1.0,1.0,1.0
1:20_GAT_class_weighting,1:20,GAT,class_weighting,42,ExpectedGradients,0.9302946776017599,0.9656087303864586,0.7376412476412476
1:20_GAT_class_weighting_s43,1:20,GAT,class_weighting,43,GNNExplainer,0.9387776488631854,0.7505030836137155,0.5537805125730823
1:20_GAT_class_weighting_s43,1:20,GAT,class_weighting,43,ShapleyFeatures,0.9954366978291745,0.992218767494709,0.8615773115773118
1:20_GAT_class_weighting_s43,1:20,GAT,class_weighting,43,IntegratedGradients,1.0,1.0,1.0
1:20_GAT_class_weighting_s43,1:20,GAT,class_weighting,43,ExpectedGradients,0.9317074150259577,0.9610188961717335,0.768989898989899
1:20_GAT_class_weighting_s44,1:20,GAT,class_weighting,44,GNNExplainer,0.9323830078295783,0.7095507333032393,0.6133211777329425
1:20_GAT_class_weighting_s44,1:20,GAT,class_weighting,44,ShapleyFeatures,0.997381298167134,0.994829226338463,0.8817238317238318
1:20_GAT_class_weighting_s44,1:20,GAT,class_weighting,44,IntegratedGradients,1.0,1.0,1.0
1:20_GAT_class_weighting_s44,1:20,GAT,class_weighting,44,ExpectedGradients,0.9310048531153441,0.965040558208263,0.7526784326784327
1:20_GAT_focal_loss,1:20,GAT,focal_loss,42,GNNExplainer,0.9286489798065264,0.6986055385111632,0.5886714102890575
1:20_GAT_focal_loss,1:20,GAT,focal_loss,42,ShapleyFeatures,0.9970803556401466,0.9936192957025495,0.8902153402153402
1:20_GAT_focal_loss,1:20,GAT,focal_loss,42,IntegratedGradients,1.0,1.0,1.0
1:20_GAT_focal_loss,1:20,GAT,focal_loss,42,ExpectedGradients,0.9376350457261416,0.9621923008255799,0.7742957042957044
1:20_GAT_focal_loss_s43,1:20,GAT,focal_loss,43,GNNExplainer,0.9339128960545566,0.7092418086974296,0.590437181211175
1:20_GAT_focal_loss_s43,1:20,GAT,focal_loss,43,ShapleyFeatures,0.9933038330909701,0.987160175304663,0.8382167832167832
1:20_GAT_focal_loss_s43,1:20,GAT,focal_loss,43,IntegratedGradients,1.0,1.0,1.0
1:20_GAT_focal_loss_s43,1:20,GAT,focal_loss,43,ExpectedGradients,0.9371887104960867,0.9635127263502528,0.7685847485847488
1:20_GAT_focal_loss_s44,1:20,GAT,focal_loss,44,GNNExplainer,0.9290284309857065,0.6816439276760808,0.6174241390417863
1:20_GAT_focal_loss_s44,1:20,GAT,focal_loss,44,ShapleyFeatures,0.9959389502633622,0.9917188296294825,0.893276723276723
1:20_GAT_focal_loss_s44,1:20,GAT,focal_loss,44,IntegratedGradients,1.0,1.0,1.0
1:20_GAT_focal_loss_s44,1:20,GAT,focal_loss,44,ExpectedGradients,0.9223957648776927,0.9546601413587642,0.7929659229659232
1:20_GAT_none,1:20,GAT,none,42,GNNExplainer,0.938685087297033,0.7375284512024766,0.6815656565656566
1:20_GAT_none,1:20,GAT,none,42,ShapleyFeatures,0.9958645868947593,0.9917385727275968,0.8198532023532024
1:20_GAT_none,1:20,GAT,none,42,IntegratedGradients,1.0,1.0,1.0
1:20_GAT_none,1:20,GAT,none,42,ExpectedGradients,0.9456445738608535,0.9671086596216273,0.8221012321012323
1:20_GAT_none_s43,1:20,GAT,none,43,GNNExplainer,0.9400434743295146,0.733581239950949,0.5554741500329736
1:20_GAT_none_s43,1:20,GAT,none,43,ShapleyFeatures,0.9922487217207637,0.9838574730408396,0.7787961929138397
1:20_GAT_none_s43,1:20,GAT,none,43,IntegratedGradients,1.0,1.0,1.0
1:20_GAT_none_s43,1:20,GAT,none,43,ExpectedGradients,0.9367217873712145,0.9620332597275342,0.7605461205461204
1:20_GAT_none_s44,1:20,GAT,none,44,GNNExplainer,0.9274270770571058,0.6781478905009147,0.5823562439738909
1:20_GAT_none_s44,1:20,GAT,none,44,ShapleyFeatures,0.9936932834832447,0.988360024477847,0.8522288822288822
1:20_GAT_none_s44,1:20,GAT,none,44,IntegratedGradients,1.0,1.0,1.0
1:20_GAT_none_s44,1:20,GAT,none,44,ExpectedGradients,0.933852153625589,0.9596936154565666,0.7866278166278168
1:20_GCN_class_weighting,1:20,GCN,class_weighting,42,GNNExplainer,0.9380893025568258,0.7179159812240997,0.617236113559643
1:20_GCN_class_weighting,1:20,GCN,class_weighting,42,ShapleyFeatures,0.9977246746121644,0.9956230457867259,0.9476767676767676
1:20_GCN_class_weighting,1:20,GCN,class_weighting,42,IntegratedGradients,1.0,1.0,1.0
1:20_GCN_class_weighting,1:20,GCN,class_weighting,42,ExpectedGradients,0.9269142200731976,0.9549711553253165,0.7882539682539681
1:20_GCN_class_weighting_s43,1:20,GCN,class_weighting,43,GNNExplainer,0.9477819588545883,0.7760330197180881,0.6914987789987791
1:20_GCN_class_weighting_s43,1:20,GCN,class_weighting,43,ShapleyFeatures,0.9968217462952116,0.9930841293525527,0.9215928515928515
1:20_GCN_class_weighting_s43,1:20,GCN,class_weighting,43,IntegratedGradients,1.0,1.0,1.0
1:20_GCN_class_weighting_s43,1:20,GCN,class_weighting,43,ExpectedGradients,0.9330505169235703,0.958947091832061,0.7432944832944833
1:20_GCN_class_weighting_s44,1:20,GCN,class_weighting,44,GNNExplainer,0.9410097314479821,0.720521598546666,0.6917406286523934
1:20_GCN_class_weighting_s44,1:20,GCN,class_weighting,44,ShapleyFeatures,0.9967163863564013,0.9926655472307303,0.9345454545454543
1:20_GCN_class_weighting_s44,1:20,GCN,class_weighting,44,IntegratedGradients,1.0,1.0,1.0
1:20_GCN_class_weighting_s44,1:20,GCN,class_weighting,44,ExpectedGradients,0.9356887861868763,0.9678316535527284,0.7601731601731603
1:20_GCN_focal_loss,1:20,GCN,focal_loss,42,GNNExplainer,0.9043608982953761,0.5498208153161456,0.5825807995467438
1:20_GCN_focal_loss,1:20,GCN,focal_loss,42,ShapleyFeatures,0.9976657072780539,0.994700803427933,0.8911938061938061
1:20_GCN_focal_loss,1:20,GCN,focal_loss,42,IntegratedGradients,1.0,1.0,1.0
1:20_GCN_focal_loss,1:20,GCN,focal_loss,42,ExpectedGradients,0.9654333431286122,0.9814948382126304,0.7284604284604284
1:20_GCN_focal_loss_s43,1:20,GCN,focal_loss,43,GNNExplainer,0.8972730958178456,0.5193111452385929,0.5643062859626329
1:20_GCN_focal_loss_s43,1:20,GCN,focal_loss,43,ShapleyFeatures,0.9965284865479055,0.9915825854407679,0.9260372960372959
1:20_GCN_focal_loss_s43,1:20,GCN,focal_loss,43,IntegratedGradients,1.0,1.0,1.0
1:20_GCN_focal_loss_s43,1:20,GCN,focal_loss,43,ExpectedGradients,0.9319407207544147,0.9527972913489787,0.7539049839049842
1:20_GCN_focal_loss_s44,1:20,GCN,focal_loss,44,GNNExplainer,0.9082824566968358,0.5700469565853183,0.5846009394229209
1:20_GCN_focal_loss_s44,1:20,GCN,focal_loss,44,ShapleyFeatures,0.9966691903446386,0.993543038597127,0.8910256410256409
1:20_GCN_focal_loss_s44,1:20,GCN,focal_loss,44,IntegratedGradients,1.0,1.0,1.0
1:20_GCN_focal_loss_s44,1:20,GCN,focal_loss,44,ExpectedGradients,0.9469370786917071,0.975397992006872,0.7937373737373736
1:20_GCN_none,1:20,GCN,none,42,GNNExplainer,0.9068553100092452,0.5527276880102201,0.5770989903342845
1:20_GCN_none,1:20,GCN,none,42,ShapleyFeatures,0.9971545859036782,0.9936375369054395,0.9257575757575756
1:20_GCN_none,1:20,GCN,none,42,IntegratedGradients,1.0,1.0,1.0
1:20_GCN_none,1:20,GCN,none,42,ExpectedGradients,0.9415223465925792,0.9714101794800369,0.80002664002664
1:20_GCN_none_s43,1:20,GCN,none,43,GNNExplainer,0.91423427778867,0.5899342231351116,0.6285343850049733
1:20_GCN_none_s43,1:20,GCN,none,43,ShapleyFeatures,0.9952273794692471,0.9892906298579178,0.9220279720279717
1:20_GCN_none_s43,1:20,GCN,none,43,IntegratedGradients,1.0,1.0,1.0
1:20_GCN_none_s43,1:20,GCN,none,43,ExpectedGradients,0.9178652525846179,0.9510321293498571,0.8006371406371406
1:20_GCN_none_s44,1:20,GCN,none,44,GNNExplainer,0.9238946611879916,0.6395797681706966,0.6480610674728322
1:20_GCN_none_s44,1:20,GCN,none,44,ShapleyFeatures,0.9978934378846775,0.9958893995329454,0.936138306138306
1:20_GCN_none_s44,1:20,GCN,none,44,IntegratedGradients,1.0,1.0,1.0
1:20_GCN_none_s44,1:20,GCN,none,44,ExpectedGradients,0.9488892064933796,0.9756226432942647,0.7733699633699636
1:20_GraphSAGE_class_weighting,1:20,GraphSAGE,class_weighting,42,GNNExplainer,0.962222210546667,0.8288031891431381,0.639816349228114
1:20_GraphSAGE_class_weighting,1:20,GraphSAGE,class_weighting,42,ShapleyFeatures,0.9942301085598857,0.9899471856528329,0.8207079032079032
1:20_GraphSAGE_class_weighting,1:20,GraphSAGE,class_weighting,42,IntegratedGradients,1.0,1.0,1.0
1:20_GraphSAGE_class_weighting,1:20,GraphSAGE,class_weighting,42,ExpectedGradients,0.9248683603593978,0.9540193764764037,0.7679753579753581
1:20_GraphSAGE_class_weighting_s43,1:20,GraphSAGE,class_weighting,43,GNNExplainer,0.9626147228255292,0.8344807028395524,0.6286953406071054
1:20_GraphSAGE_class_weighting_s43,1:20,GraphSAGE,class_weighting,43,ShapleyFeatures,0.9942179188653955,0.9899708748948998,0.8055862002920826
1:20_GraphSAGE_class_weighting_s43,1:20,GraphSAGE,class_weighting,43,IntegratedGradients,1.0,1.0,1.0
1:20_GraphSAGE_class_weighting_s43,1:20,GraphSAGE,class_weighting,43,ExpectedGradients,0.9248189832500735,0.9648520352702294,0.768463415669298
1:20_GraphSAGE_class_weighting_s44,1:20,GraphSAGE,class_weighting,44,GNNExplainer,0.9660802213899563,0.8584304956405859,0.6260744810744812
1:20_GraphSAGE_class_weighting_s44,1:20,GraphSAGE,class_weighting,44,ShapleyFeatures,0.9925103313894023,0.9852039249453419,0.788773633773634
1:20_GraphSAGE_class_weighting_s44,1:20,GraphSAGE,class_weighting,44,IntegratedGradients,1.0,1.0,1.0
1:20_GraphSAGE_class_weighting_s44,1:20,GraphSAGE,class_weighting,44,ExpectedGradients,0.9291454509835353,0.9628359579576007,0.7754023754023753
1:20_GraphSAGE_focal_loss,1:20,GraphSAGE,focal_loss,42,GNNExplainer,0.924362501563483,0.6634571998988946,0.5161043843783782
1:20_GraphSAGE_focal_loss,1:20,GraphSAGE,focal_loss,42,ShapleyFeatures,0.9971843947170946,0.9955630232504608,0.933939393939394
1:20_GraphSAGE_focal_loss,1:20,GraphSAGE,focal_loss,42,IntegratedGradients,1.0,1.0,1.0
1:20_GraphSAGE_focal_loss,1:20,GraphSAGE,focal_loss,42,ExpectedGradients,0.9569630272753986,0.9714023094006443,0.7605439005439006
1:20_GraphSAGE_focal_loss_s43,1:20,GraphSAGE,focal_loss,43,GNNExplainer,0.9216798413562496,0.6494953813908623,0.5206008969244263
1:20_GraphSAGE_focal_loss_s43,1:20,GraphSAGE,focal_loss,43,ShapleyFeatures,0.996874464606907,0.994683005357095,0.9342424242424239
1:20_GraphSAGE_focal_loss_s43,1:20,GraphSAGE,focal_loss,43,IntegratedGradients,1.0,1.0,1.0
1:20_GraphSAGE_focal_loss_s43,1:20,GraphSAGE,focal_loss,43,ExpectedGradients,0.9545111799748885,0.9694002499062938,0.7741613941613944
1:20_GraphSAGE_focal_loss_s44,1:20,GraphSAGE,focal_loss,44,GNNExplainer,0.9175778222496029,0.6278417101468228,0.5426252832135184
1:20_GraphSAGE_focal_loss_s44,1:20,GraphSAGE,focal_loss,44,ShapleyFeatures,0.9966856895926858,0.9940422660826108,0.9472494172494172
1:20_GraphSAGE_focal_loss_s44,1:20,GraphSAGE,focal_loss,44,IntegratedGradients,1.0,1.0,1.0
1:20_GraphSAGE_focal_loss_s44,1:20,GraphSAGE,focal_loss,44,ExpectedGradients,0.9454829606675038,0.9703741234315267,0.7445942945942944
1:20_GraphSAGE_none,1:20,GraphSAGE,none,42,GNNExplainer,0.9126161452364205,0.61277610356597,0.5318787461821519
1:20_GraphSAGE_none,1:20,GraphSAGE,none,42,ShapleyFeatures,0.9980004441711933,0.9963783900351889,0.947171717171717
1:20_GraphSAGE_none,1:20,GraphSAGE,none,42,IntegratedGradients,1.0,1.0,1.0
1:20_GraphSAGE_none,1:20,GraphSAGE,none,42,ExpectedGradients,0.9510063045975475,0.972482780394405,0.7275946275946279
1:20_GraphSAGE_none_s43,1:20,GraphSAGE,none,43,GNNExplainer,0.9040268336863077,0.5687244191643023,0.4980279976874405
1:20_GraphSAGE_none_s43,1:20,GraphSAGE,none,43,ShapleyFeatures,0.9961977792632247,0.9917212811513183,0.9375757575757573
1:20_GraphSAGE_none_s43,1:20,GraphSAGE,none,43,IntegratedGradients,1.0,1.0,1.0
1:20_GraphSAGE_none_s43,1:20,GraphSAGE,none,43,ExpectedGradients,0.9353164765492124,0.9662762606495986,0.6874433899433899
1:20_GraphSAGE_none_s44,1:20,GraphSAGE,none,44,GNNExplainer,0.9127202663718628,0.595304610210547,0.5369986045373042
1:20_GraphSAGE_none_s44,1:20,GraphSAGE,none,44,ShapleyFeatures,0.9971374620399631,0.9939785236259691,0.9244755244755243
1:20_GraphSAGE_none_s44,1:20,GraphSAGE,none,44,IntegratedGradients,1.0,1.0,1.0
1:20_GraphSAGE_none_s44,1:20,GraphSAGE,none,44,ExpectedGradients,0.9432975271373745,0.9671130350203788,0.8255633255633257
1:20_TAGCN_class_weighting,1:20,TAGCN,class_weighting,42,GNNExplainer,0.9558222402439952,0.7966556771345066,0.6489996278231573
1:20_TAGCN_class_weighting,1:20,TAGCN,class_weighting,42,ShapleyFeatures,0.98485203814274,0.9695030768419074,0.7383366143660262
1:20_TAGCN_class_weighting,1:20,TAGCN,class_weighting,42,IntegratedGradients,1.0,1.0,1.0
1:20_TAGCN_class_weighting,1:20,TAGCN,class_weighting,42,ExpectedGradients,0.9167247526692133,0.9406464562903943,0.7731690531690532
1:20_TAGCN_class_weighting_s43,1:20,TAGCN,class_weighting,43,GNNExplainer,0.9525349004258922,0.7713421258376286,0.6699575424575425
1:20_TAGCN_class_weighting_s43,1:20,TAGCN,class_weighting,43,ShapleyFeatures,0.9838379966214951,0.966295203328327,0.7164562724856842
1:20_TAGCN_class_weighting_s43,1:20,TAGCN,class_weighting,43,IntegratedGradients,1.0,1.0,1.0
1:20_TAGCN_class_weighting_s43,1:20,TAGCN,class_weighting,43,ExpectedGradients,0.9212016046447433,0.9519544498371396,0.7835275835275834
1:20_TAGCN_class_weighting_s44,1:20,TAGCN,class_weighting,44,GNNExplainer,0.9021942542943757,0.46366340776596165,0.5631197397373866
1:20_TAGCN_class_weighting_s44,1:20,TAGCN,class_weighting,44,ShapleyFeatures,0.9930498726216767,0.9859443118692246,0.8745676545676546
1:20_TAGCN_class_weighting_s44,1:20,TAGCN,class_weighting,44,IntegratedGradients,1.0,1.0,1.0
1:20_TAGCN_class_weighting_s44,1:20,TAGCN,class_weighting,44,ExpectedGradients,0.9139179244694967,0.9477214326479095,0.7531568431568433
1:20_TAGCN_focal_loss,1:20,TAGCN,focal_loss,42,GNNExplainer,0.9075962769333106,0.5043024571637932,0.659781990741743
1:20_TAGCN_focal_loss,1:20,TAGCN,focal_loss,42,ShapleyFeatures,0.9923416216214869,0.9850881933210162,0.8482861582861579
1:20_TAGCN_focal_loss,1:20,TAGCN,focal_loss,42,IntegratedGradients,1.0,1.0,1.0
1:20_TAGCN_focal_loss,1:20,TAGCN,focal_loss,42,ExpectedGradients,0.9362582213554888,0.9495573187355005,0.7363433788433787
1:20_TAGCN_focal_loss_s43,1:20,TAGCN,focal_loss,43,GNNExplainer,0.8997423315394367,0.4736665677241687,0.6551651942828411
1:20_TAGCN_focal_loss_s43,1:20,TAGCN,focal_loss,43,ShapleyFeatures,0.9937581369879408,0.9878076784579964,0.8885902985902988
1:20_TAGCN_focal_loss_s43,1:20,TAGCN,focal_loss,43,IntegratedGradients,1.0,1.0,1.0
1:20_TAGCN_focal_loss_s43,1:20,TAGCN,focal_loss,43,ExpectedGradients,0.9451512925315454,0.9581303412035777,0.7587789987789987
1:20_TAGCN_focal_loss_s44,1:20,TAGCN,focal_loss,44,GNNExplainer,0.88676185941798,0.39561512781977837,0.5430910755910756
1:20_TAGCN_focal_loss_s44,1:20,TAGCN,focal_loss,44,ShapleyFeatures,0.9937386206773594,0.9881626167815242,0.8692942515001341
1:20_TAGCN_focal_loss_s44,1:20,TAGCN,focal_loss,44,IntegratedGradients,1.0,1.0,1.0
1:20_TAGCN_focal_loss_s44,1:20,TAGCN,focal_loss,44,ExpectedGradients,0.9317863382576873,0.9509714864012699,0.787045177045177
1:20_TAGCN_none,1:20,TAGCN,none,42,GNNExplainer,0.9407496721869341,0.6950288215029594,0.6868827087944734
1:20_TAGCN_none,1:20,TAGCN,none,42,ShapleyFeatures,0.9958210978431306,0.9934256730157948,0.8665967365967365
1:20_TAGCN_none,1:20,TAGCN,none,42,IntegratedGradients,1.0,1.0,1.0
1:20_TAGCN_none,1:20,TAGCN,none,42,ExpectedGradients,0.9448909963579375,0.9600518829962346,0.8034809634809635
1:20_TAGCN_none_s43,1:20,TAGCN,none,43,GNNExplainer,0.9398407950149643,0.6878941217376598,0.7525574425574426
1:20_TAGCN_none_s43,1:20,TAGCN,none,43,ShapleyFeatures,0.9945484578292485,0.9901694584056395,0.8521678321678322
1:20_TAGCN_none_s43,1:20,TAGCN,none,43,IntegratedGradients,1.0,1.0,1.0
1:20_TAGCN_none_s43,1:20,TAGCN,none,43,ExpectedGradients,0.9270174534056405,0.9526324434907267,0.7801420801420801
1:20_TAGCN_none_s44,1:20,TAGCN,none,44,GNNExplainer,0.9332966557126152,0.652788454298865,0.7261251642520992
1:20_TAGCN_none_s44,1:20,TAGCN,none,44,ShapleyFeatures,0.9961838901031363,0.9933280500307068,0.8984459984459984
1:20_TAGCN_none_s44,1:20,TAGCN,none,44,IntegratedGradients,1.0,1.0,1.0
1:20_TAGCN_none_s44,1:20,TAGCN,none,44,ExpectedGradients,0.9399906405075156,0.9582791990230963,0.7958441558441558
native_GAT_class_weighting,native,GAT,class_weighting,42,GNNExplainer,0.9455972311197348,0.7416376453817338,0.6595279067337892
native_GAT_class_weighting,native,GAT,class_weighting,42,ShapleyFeatures,0.9959036720915407,0.9923890240699516,0.8405439005439004
native_GAT_class_weighting,native,GAT,class_weighting,42,IntegratedGradients,1.0,1.0,1.0
native_GAT_class_weighting,native,GAT,class_weighting,42,ExpectedGradients,0.9307694191399746,0.9662517979000638,0.7453779553779555
native_GAT_class_weighting_s43,native,GAT,class_weighting,43,GNNExplainer,0.9393805939182446,0.7532718559128618,0.5505030220897095
native_GAT_class_weighting_s43,native,GAT,class_weighting,43,ShapleyFeatures,0.9954794773858365,0.9923090302837116,0.864989454989455
native_GAT_class_weighting_s43,native,GAT,class_weighting,43,IntegratedGradients,1.0,1.0,1.0
native_GAT_class_weighting_s43,native,GAT,class_weighting,43,ExpectedGradients,0.9321024408053502,0.9613300094677755,0.7685414585414587
native_GAT_class_weighting_s44,native,GAT,class_weighting,44,GNNExplainer,0.9329421827593932,0.7104312499142714,0.6137891357009003
native_GAT_class_weighting_s44,native,GAT,class_weighting,44,ShapleyFeatures,0.9975441394054276,0.995683513820355,0.8880697080697081
native_GAT_class_weighting_s44,native,GAT,class_weighting,44,IntegratedGradients,1.0,1.0,1.0
native_GAT_class_weighting_s44,native,GAT,class_weighting,44,ExpectedGradients,0.9293449184765671,0.9644544601644933,0.7592285492285494
native_GAT_focal_loss,native,GAT,focal_loss,42,GNNExplainer,0.9256431662805362,0.6837936385073814,0.6403711647829298
native_GAT_focal_loss,native,GAT,focal_loss,42,ShapleyFeatures,0.9968814596750094,0.9936529310558643,0.8873803973803974
native_GAT_focal_loss,native,GAT,focal_loss,42,IntegratedGradients,1.0,1.0,1.0
native_GAT_focal_loss,native,GAT,focal_loss,42,ExpectedGradients,0.9347339068023761,0.9612294090237097,0.786937506937507
native_GAT_focal_loss_s43,native,GAT,focal_loss,43,GNNExplainer,0.9366569281344872,0.7174841384336245,0.5964881509386154
native_GAT_focal_loss_s43,native,GAT,focal_loss,43,ShapleyFeatures,0.9935945038517922,0.9868820637009468,0.810719824837472
native_GAT_focal_loss_s43,native,GAT,focal_loss,43,IntegratedGradients,1.0,1.0,1.0
native_GAT_focal_loss_s43,native,GAT,focal_loss,43,ExpectedGradients,0.9322201978646294,0.9577917634265813,0.7482850482850484
native_GAT_focal_loss_s44,native,GAT,focal_loss,44,GNNExplainer,0.9289378673249481,0.6728368877051598,0.5923906471352293
native_GAT_focal_loss_s44,native,GAT,focal_loss,44,ShapleyFeatures,0.9957975208885824,0.9909651365639421,0.8922843822843821
native_GAT_focal_loss_s44,native,GAT,focal_loss,44,IntegratedGradients,1.0,1.0,1.0
native_GAT_focal_loss_s44,native,GAT,focal_loss,44,ExpectedGradients,0.9239433209556631,0.9549210205560504,0.7796991896991898
native_GAT_none,native,GAT,none,42,GNNExplainer,0.9434271112885823,0.7424349395784687,0.5559161263573029
native_GAT_none,native,GAT,none,42,ShapleyFeatures,0.992496612901302,0.9839975158060918,0.7568551056786348
native_GAT_none,native,GAT,none,42,IntegratedGradients,1.0,1.0,1.0
native_GAT_none,native,GAT,none,42,ExpectedGradients,0.9359813355417237,0.9493923693491056,0.7585814185814186
native_GAT_none_s43,native,GAT,none,43,GNNExplainer,0.9277795186891944,0.6604843059387026,0.5211820707099345
native_GAT_none_s43,native,GAT,none,43,ShapleyFeatures,0.9881646554238288,0.973304218423137,0.7379143989825107
native_GAT_none_s43,native,GAT,none,43,IntegratedGradients,1.0,1.0,1.0
native_GAT_none_s43,native,GAT,none,43,ExpectedGradients,0.9391881940177562,0.9389136523012958,0.8093983793983794
native_GAT_none_s44,native,GAT,none,44,GNNExplainer,0.8889276529713172,0.4946807155662685,0.4352853894185163
native_GAT_none_s44,native,GAT,none,44,ShapleyFeatures,0.9520879203744976,0.9346645350447468,0.752859161249254
native_GAT_none_s44,native,GAT,none,44,IntegratedGradients,1.0,1.0,1.0
native_GAT_none_s44,native,GAT,none,44,ExpectedGradients,0.7949590468303371,0.7927074109634361,0.5450326490961167
native_GCN_class_weighting,native,GCN,class_weighting,42,GNNExplainer,0.9253819953224449,0.654963298816997,0.6149252908540835
native_GCN_class_weighting,native,GCN,class_weighting,42,ShapleyFeatures,0.9979770993604788,0.9956263174415592,0.9128904428904427
native_GCN_class_weighting,native,GCN,class_weighting,42,IntegratedGradients,1.0,1.0,1.0
native_GCN_class_weighting,native,GCN,class_weighting,42,ExpectedGradients,0.9475649916740131,0.9727895718306815,0.7779686979686979
native_GCN_class_weighting_s43,native,GCN,class_weighting,43,GNNExplainer,0.9285505014843505,0.6595369604836439,0.6614474904180787
native_GCN_class_weighting_s43,native,GCN,class_weighting,43,ShapleyFeatures,0.9965669921341955,0.9925708287076428,0.9071095571095569
native_GCN_class_weighting_s43,native,GCN,class_weighting,43,IntegratedGradients,1.0,1.0,1.0
native_GCN_class_weighting_s43,native,GCN,class_weighting,43,ExpectedGradients,0.951672303404305,0.979215329753298,0.8314296814296812
native_GCN_class_weighting_s44,native,GCN,class_weighting,44,GNNExplainer,0.9235794012385807,0.6392887008537943,0.6344812758048052
native_GCN_class_weighting_s44,native,GCN,class_weighting,44,ShapleyFeatures,0.9969673842837415,0.9940634955773604,0.9233411033411033
native_GCN_class_weighting_s44,native,GCN,class_weighting,44,IntegratedGradients,1.0,1.0,1.0
native_GCN_class_weighting_s44,native,GCN,class_weighting,44,ExpectedGradients,0.9376542088531509,0.9701180482748147,0.7782695082695084
native_GCN_focal_loss,native,GCN,focal_loss,42,GNNExplainer,0.9070061768256974,0.5559451729888454,0.5954498442733739
native_GCN_focal_loss,native,GCN,focal_loss,42,ShapleyFeatures,0.9973115027452638,0.9943286345217737,0.944242424242424
native_GCN_focal_loss,native,GCN,focal_loss,42,IntegratedGradients,1.0,1.0,1.0
native_GCN_focal_loss,native,GCN,focal_loss,42,ExpectedGradients,0.9295683042591655,0.9594685049332415,0.7606726606726606
native_GCN_focal_loss_s43,native,GCN,focal_loss,43,GNNExplainer,0.9148717655936232,0.5902980173929652,0.6229292058703825
native_GCN_focal_loss_s43,native,GCN,focal_loss,43,ShapleyFeatures,0.9973882250597332,0.994266295648263,0.9457575757575757
native_GCN_focal_loss_s43,native,GCN,focal_loss,43,IntegratedGradients,1.0,1.0,1.0
native_GCN_focal_loss_s43,native,GCN,focal_loss,43,ExpectedGradients,0.9369542115245905,0.9592361354575597,0.7881840381840381
native_GCN_focal_loss_s44,native,GCN,focal_loss,44,GNNExplainer,0.901613331411262,0.5346393857821994,0.5763263287566696
native_GCN_focal_loss_s44,native,GCN,focal_loss,44,ShapleyFeatures,0.9973394184752096,0.994884286576564,0.8744733044733046
native_GCN_focal_loss_s44,native,GCN,focal_loss,44,IntegratedGradients,1.0,1.0,1.0
native_GCN_focal_loss_s44,native,GCN,focal_loss,44,ExpectedGradients,0.9585369237482081,0.9817250063109014,0.7745732045732044
native_GCN_none,native,GCN,none,42,GNNExplainer,0.911880377803922,0.5656051193656713,0.614022204146043
native_GCN_none,native,GCN,none,42,ShapleyFeatures,0.9976749464114575,0.9947687943164847,0.9264257964257964
native_GCN_none,native,GCN,none,42,IntegratedGradients,1.0,1.0,1.0
native_GCN_none,native,GCN,none,42,ExpectedGradients,0.9472053090410422,0.9750958856996464,0.763364135864136
native_GCN_none_s43,native,GCN,none,43,GNNExplainer,0.9090591247531769,0.556682620642608,0.6138895295164646
native_GCN_none_s43,native,GCN,none,43,ShapleyFeatures,0.9965353771323746,0.9923473644105513,0.9214685314685315
native_GCN_none_s43,native,GCN,none,43,IntegratedGradients,1.0,1.0,1.0
native_GCN_none_s43,native,GCN,none,43,ExpectedGradients,0.9474894433610274,0.9753526803553336,0.8312276612276612
native_GCN_none_s44,native,GCN,none,44,GNNExplainer,0.9219460217983814,0.6289082497822682,0.6518075606310899
native_GCN_none_s44,native,GCN,none,44,ShapleyFeatures,0.9973037116472874,0.994919332571613,0.9317948717948715
native_GCN_none_s44,native,GCN,none,44,IntegratedGradients,1.0,1.0,1.0
native_GCN_none_s44,native,GCN,none,44,ExpectedGradients,0.952747005761405,0.9771012455289382,0.7991064491064491
native_GraphSAGE_class_weighting,native,GraphSAGE,class_weighting,42,GNNExplainer,0.962606878847326,0.8351198901548587,0.6290902235019882
native_GraphSAGE_class_weighting,native,GraphSAGE,class_weighting,42,ShapleyFeatures,0.9933034534702662,0.9873627727532606,0.8234101356160177
native_GraphSAGE_class_weighting,native,GraphSAGE,class_weighting,42,IntegratedGradients,1.0,1.0,1.0
native_GraphSAGE_class_weighting,native,GraphSAGE,class_weighting,42,ExpectedGradients,0.9220363404838868,0.95345264457641,0.7325752025752027
native_GraphSAGE_class_weighting_s43,native,GraphSAGE,class_weighting,43,GNNExplainer,0.9619505279892522,0.8321064312065253,0.6270194892253717
native_GraphSAGE_class_weighting_s43,native,GraphSAGE,class_weighting,43,ShapleyFeatures,0.9945148650467547,0.9906944963755273,0.8117296592296591
native_GraphSAGE_class_weighting_s43,native,GraphSAGE,class_weighting,43,IntegratedGradients,1.0,1.0,1.0
native_GraphSAGE_class_weighting_s43,native,GraphSAGE,class_weighting,43,ExpectedGradients,0.9228971756948077,0.9653677531716587,0.7998032523032523
native_GraphSAGE_class_weighting_s44,native,GraphSAGE,class_weighting,44,GNNExplainer,0.9662817327757325,0.8621204823937606,0.6177563449622274
native_GraphSAGE_class_weighting_s44,native,GraphSAGE,class_weighting,44,ShapleyFeatures,0.9922032303184125,0.9855887497156639,0.7785312073547366
native_GraphSAGE_class_weighting_s44,native,GraphSAGE,class_weighting,44,IntegratedGradients,1.0,1.0,1.0
native_GraphSAGE_class_weighting_s44,native,GraphSAGE,class_weighting,44,ExpectedGradients,0.9298911121203216,0.9628101708849217,0.7722410922410924
native_GraphSAGE_focal_loss,native,GraphSAGE,focal_loss,42,GNNExplainer,0.9218207869542625,0.643856561059175,0.544838298955946
native_GraphSAGE_focal_loss,native,GraphSAGE,focal_loss,42,ShapleyFeatures,0.9964652424541575,0.9938639308786129,0.9269463869463868
native_GraphSAGE_focal_loss,native,GraphSAGE,focal_loss,42,IntegratedGradients,1.0,1.0,1.0
native_GraphSAGE_focal_loss,native,GraphSAGE,focal_loss,42,ExpectedGradients,0.9438565793105907,0.9723583034872427,0.7938272838272841
native_GraphSAGE_focal_loss_s43,native,GraphSAGE,focal_loss,43,GNNExplainer,0.9189531844389129,0.6436264363891362,0.4788703290173879
native_GraphSAGE_focal_loss_s43,native,GraphSAGE,focal_loss,43,ShapleyFeatures,0.9964843453549679,0.9935973065723469,0.9227272727272727
native_GraphSAGE_focal_loss_s43,native,GraphSAGE,focal_loss,43,IntegratedGradients,1.0,1.0,1.0
native_GraphSAGE_focal_loss_s43,native,GraphSAGE,focal_loss,43,ExpectedGradients,0.9417434883658804,0.9682285154393224,0.7605028305028309
native_GraphSAGE_focal_loss_s44,native,GraphSAGE,focal_loss,44,GNNExplainer,0.9164393779954156,0.6190728177118596,0.5475567921930152
native_GraphSAGE_focal_loss_s44,native,GraphSAGE,focal_loss,44,ShapleyFeatures,0.9970991834571186,0.9946771637163172,0.9293939393939394
native_GraphSAGE_focal_loss_s44,native,GraphSAGE,focal_loss,44,IntegratedGradients,1.0,1.0,1.0
native_GraphSAGE_focal_loss_s44,native,GraphSAGE,focal_loss,44,ExpectedGradients,0.9471029038548876,0.971072460353214,0.7572138972138973
native_GraphSAGE_none,native,GraphSAGE,none,42,GNNExplainer,0.9245816324169991,0.6701583791882196,0.5359619749016034
native_GraphSAGE_none,native,GraphSAGE,none,42,ShapleyFeatures,0.9977190003768042,0.9957656499220092,0.9158119658119658
native_GraphSAGE_none,native,GraphSAGE,none,42,IntegratedGradients,1.0,1.0,1.0
native_GraphSAGE_none,native,GraphSAGE,none,42,ExpectedGradients,0.9488533112494325,0.9738606874902331,0.7246409146409147
native_GraphSAGE_none_s43,native,GraphSAGE,none,43,GNNExplainer,0.9079502149563634,0.5892636848653865,0.5132605492203014
native_GraphSAGE_none_s43,native,GraphSAGE,none,43,ShapleyFeatures,0.9959893588194567,0.9918728303389813,0.8977311577311577
native_GraphSAGE_none_s43,native,GraphSAGE,none,43,IntegratedGradients,1.0,1.0,1.0
native_GraphSAGE_none_s43,native,GraphSAGE,none,43,ExpectedGradients,0.9329342825848853,0.9665000006098531,0.6797236097236097
native_GraphSAGE_none_s44,native,GraphSAGE,none,44,GNNExplainer,0.9135627439921306,0.6162992091803635,0.4960923387471374
native_GraphSAGE_none_s44,native,GraphSAGE,none,44,ShapleyFeatures,0.9978071599114775,0.9948858747848142,0.911243201243201
native_GraphSAGE_none_s44,native,GraphSAGE,none,44,IntegratedGradients,1.0,1.0,1.0
native_GraphSAGE_none_s44,native,GraphSAGE,none,44,ExpectedGradients,0.9482853988014145,0.9739803189389596,0.847024087024087
native_TAGCN_class_weighting,native,TAGCN,class_weighting,42,GNNExplainer,0.9556239150076017,0.7977799347173511,0.6392793644264233
native_TAGCN_class_weighting,native,TAGCN,class_weighting,42,ShapleyFeatures,0.9845661708872407,0.9683768288682925,0.7242356336473983
native_TAGCN_class_weighting,native,TAGCN,class_weighting,42,IntegratedGradients,1.0,1.0,1.0
native_TAGCN_class_weighting,native,TAGCN,class_weighting,42,ExpectedGradients,0.9096834611171961,0.9345159414995076,0.7761283161283162
native_TAGCN_class_weighting_s43,native,TAGCN,class_weighting,43,GNNExplainer,0.9531314912312884,0.7757553476970855,0.6845878467937292
native_TAGCN_class_weighting_s43,native,TAGCN,class_weighting,43,ShapleyFeatures,0.9846106400655155,0.9657121288424788,0.7015518250812368
native_TAGCN_class_weighting_s43,native,TAGCN,class_weighting,43,IntegratedGradients,1.0,1.0,1.0
native_TAGCN_class_weighting_s43,native,TAGCN,class_weighting,43,ExpectedGradients,0.919367189378356,0.9507128418027261,0.8050804750804751
native_TAGCN_class_weighting_s44,native,TAGCN,class_weighting,44,GNNExplainer,0.902159234006162,0.4657243374080469,0.5563306954483426
native_TAGCN_class_weighting_s44,native,TAGCN,class_weighting,44,ShapleyFeatures,0.9935076871971853,0.9865002110123574,0.8746936396936394
native_TAGCN_class_weighting_s44,native,TAGCN,class_weighting,44,IntegratedGradients,1.0,1.0,1.0
native_TAGCN_class_weighting_s44,native,TAGCN,class_weighting,44,ExpectedGradients,0.9141665731662793,0.9479077597860743,0.7469341769341772
native_TAGCN_focal_loss,native,TAGCN,focal_loss,42,GNNExplainer,0.9288196619294532,0.6236470600816326,0.7000384459594987
native_TAGCN_focal_loss,native,TAGCN,focal_loss,42,ShapleyFeatures,0.9954032073706054,0.9916557026739447,0.9084149184149183
native_TAGCN_focal_loss,native,TAGCN,focal_loss,42,IntegratedGradients,1.0,1.0,1.0
native_TAGCN_focal_loss,native,TAGCN,focal_loss,42,ExpectedGradients,0.9353371623968157,0.9515104924762722,0.7999222999223002
native_TAGCN_focal_loss_s43,native,TAGCN,focal_loss,43,GNNExplainer,0.8863605553953088,0.37476819473092904,0.43502118796236444
native_TAGCN_focal_loss_s43,native,TAGCN,focal_loss,43,ShapleyFeatures,0.9919336923306453,0.9826749417364462,0.8862537462537461
native_TAGCN_focal_loss_s43,native,TAGCN,focal_loss,43,IntegratedGradients,1.0,1.0,1.0
native_TAGCN_focal_loss_s43,native,TAGCN,focal_loss,43,ExpectedGradients,0.9145712153855207,0.9409563530944092,0.757959817959818
native_TAGCN_focal_loss_s44,native,TAGCN,focal_loss,44,GNNExplainer,0.9024158616055008,0.4824344743021912,0.6206997345619636
native_TAGCN_focal_loss_s44,native,TAGCN,focal_loss,44,ShapleyFeatures,0.9962257706723746,0.9927058956634013,0.9112432012432011
native_TAGCN_focal_loss_s44,native,TAGCN,focal_loss,44,IntegratedGradients,1.0,1.0,1.0
native_TAGCN_focal_loss_s44,native,TAGCN,focal_loss,44,ExpectedGradients,0.9340072574110191,0.9549947574393204,0.7497335997335999
native_TAGCN_none,native,TAGCN,none,42,GNNExplainer,0.9020268925663986,0.48371548044547,0.6113234761454576
native_TAGCN_none,native,TAGCN,none,42,ShapleyFeatures,0.995884016077032,0.9910154974779943,0.9054911754911754
native_TAGCN_none,native,TAGCN,none,42,IntegratedGradients,1.0,1.0,1.0
native_TAGCN_none,native,TAGCN,none,42,ExpectedGradients,0.9381002769392428,0.9613901869909729,0.7690886890886893
native_TAGCN_none_s43,native,TAGCN,none,43,GNNExplainer,0.8935354029527531,0.4456558379049659,0.6528154278928274
native_TAGCN_none_s43,native,TAGCN,none,43,ShapleyFeatures,0.9953634811087769,0.9911512182346663,0.9275757575757576
native_TAGCN_none_s43,native,TAGCN,none,43,IntegratedGradients,1.0,1.0,1.0
native_TAGCN_none_s43,native,TAGCN,none,43,ExpectedGradients,0.9414733382076281,0.9609951287076817,0.7895149295149295
native_TAGCN_none_s44,native,TAGCN,none,44,GNNExplainer,0.9020176649346244,0.4921062906715495,0.5963387698759217
native_TAGCN_none_s44,native,TAGCN,none,44,ShapleyFeatures,0.9952852760766354,0.9905202487236013,0.9159118659118656
native_TAGCN_none_s44,native,TAGCN,none,44,IntegratedGradients,1.0,1.0,1.0
native_TAGCN_none_s44,native,TAGCN,none,44,ExpectedGradients,0.9393191568936504,0.9606124372529055,0.7640115440115441
