explainer,scenario,arch,balancing,tipo,sp_all,sp_nz,jac10
GNNExplainer,1:10,GCN,none,"mismo escenario, otra semilla",0.9076388772388082,0.6400293323545491,0.26889389133971175
GNNExplainer,1:10,GCN,none,"mismo escenario, otra semilla",0.9034497660881412,0.6307338025356367,0.24043278129965437
GNNExplainer,1:10,GCN,none,"mismo escenario, otra semilla",0.9193732161699916,0.720614265863672,0.2831055769136265
GNNExplainer,1:10,GCN,none,"otro escenario, misma semilla",0.9046247532132667,0.6261959671607258,0.21925549797066815
GNNExplainer,1:10,GCN,none,"otro escenario, otra semilla",0.8989401411428682,0.6465406046730544,0.1983185086900257
GNNExplainer,1:10,GCN,none,"otro escenario, otra semilla",0.9156512836133816,0.691176313807274,0.210577915376677
GNNExplainer,1:10,GCN,none,"otro escenario, otra semilla",0.9142957075822202,0.6569063281800692,0.31225320087549185
GNNExplainer,1:10,GCN,none,"otro escenario, misma semilla",0.9380373845866854,0.7731019484937639,0.4192297754991252
GNNExplainer,1:10,GCN,none,"otro escenario, otra semilla",0.9165995634866589,0.6843075902067768,0.235225160689557
GNNExplainer,1:10,GCN,none,"otro escenario, otra semilla",0.9057113137849975,0.6335245319564429,0.23423550706832438
GNNExplainer,1:10,GCN,none,"otro escenario, otra semilla",0.913512978472512,0.6873888719054797,0.2822016075886045
GNNExplainer,1:10,GCN,none,"otro escenario, misma semilla",0.9341737779087196,0.7623824140397489,0.3846603688708952
GNNExplainer,1:10,GCN,class_weighting,"mismo escenario, otra semilla",0.9347556715140314,0.8002149313302886,0.4660220756195988
GNNExplainer,1:10,GCN,class_weighting,"mismo escenario, otra semilla",0.8913875198225029,0.6230914669959091,0.16941987321244284
GNNExplainer,1:10,GCN,class_weighting,"mismo escenario, otra semilla",0.8997797707477174,0.662381605068943,0.15939399151473452
GNNExplainer,1:10,GCN,class_weighting,"otro escenario, misma semilla",0.8903694433358545,0.6054202968676096,0.2291115861549298
GNNExplainer,1:10,GCN,class_weighting,"otro escenario, otra semilla",0.8967304268137116,0.6353443952067118,0.19020754500630663
GNNExplainer,1:10,GCN,class_weighting,"otro escenario, otra semilla",0.9046320718901808,0.6749385451609486,0.2198097367602011
GNNExplainer,1:10,GCN,class_weighting,"otro escenario, otra semilla",0.8791409493363012,0.578170798770452,0.16188797156289414
GNNExplainer,1:10,GCN,class_weighting,"otro escenario, misma semilla",0.8919966731172592,0.6178195951329517,0.1694399397185775
GNNExplainer,1:10,GCN,class_weighting,"otro escenario, otra semilla",0.9086458819077723,0.7025474580519643,0.22086056644880173
GNNExplainer,1:10,GCN,class_weighting,"otro escenario, otra semilla",0.8834769801402332,0.5931966646932045,0.18039911871181216
GNNExplainer,1:10,GCN,class_weighting,"otro escenario, otra semilla",0.8948795383419241,0.622293257116597,0.17865399421126973
GNNExplainer,1:10,GCN,class_weighting,"otro escenario, misma semilla",0.9134174717090379,0.7262887545099496,0.20797500286664375
GNNExplainer,1:10,GCN,focal_loss,"mismo escenario, otra semilla",0.9043127805788607,0.6446134604995553,0.19100856716955777
GNNExplainer,1:10,GCN,focal_loss,"mismo escenario, otra semilla",0.9114590251988103,0.6910549155559792,0.25554786917016015
GNNExplainer,1:10,GCN,focal_loss,"mismo escenario, otra semilla",0.9017832724491612,0.619988249573168,0.18537561223319737
GNNExplainer,1:10,GCN,focal_loss,"otro escenario, misma semilla",0.9575778781526122,0.8137170377115586,0.49130180678168295
GNNExplainer,1:10,GCN,focal_loss,"otro escenario, otra semilla",0.9068269495419343,0.6299835380846253,0.20329090700607724
GNNExplainer,1:10,GCN,focal_loss,"otro escenario, otra semilla",0.9155409457592739,0.6923574347220414,0.23575917546505779
GNNExplainer,1:10,GCN,focal_loss,"otro escenario, otra semilla",0.9095435355992205,0.6602288025461953,0.25298606622136033
GNNExplainer,1:10,GCN,focal_loss,"otro escenario, misma semilla",0.9062919027206777,0.6473116717687221,0.19753304830704205
GNNExplainer,1:10,GCN,focal_loss,"otro escenario, otra semilla",0.9092861112739694,0.6637133723616092,0.26094182162293617
GNNExplainer,1:10,GCN,focal_loss,"otro escenario, otra semilla",0.9090532188723076,0.675884245802865,0.25139287383869424
GNNExplainer,1:10,GCN,focal_loss,"otro escenario, otra semilla",0.9088009212817778,0.6406120408352344,0.17127622979016166
GNNExplainer,1:10,GCN,focal_loss,"otro escenario, misma semilla",0.969133816099409,0.8657931909262189,0.5717957967957966
GNNExplainer,1:10,GraphSAGE,none,"mismo escenario, otra semilla",0.9400183503192591,0.7719010822357719,0.41474259601194585
GNNExplainer,1:10,GraphSAGE,none,"mismo escenario, otra semilla",0.9360804062454396,0.7681207253486781,0.38651420532225483
GNNExplainer,1:10,GraphSAGE,none,"mismo escenario, otra semilla",0.9401877175178732,0.7717956553212325,0.3693165480317183
GNNExplainer,1:10,GraphSAGE,none,"otro escenario, misma semilla",0.9213078495086013,0.7023174037807018,0.31880471036817787
GNNExplainer,1:10,GraphSAGE,none,"otro escenario, otra semilla",0.9200520022928153,0.6878602407735948,0.27866309816774215
GNNExplainer,1:10,GraphSAGE,none,"otro escenario, otra semilla",0.9303777743476905,0.7360008406757982,0.256981348544816
GNNExplainer,1:10,GraphSAGE,none,"otro escenario, otra semilla",0.9033184299466984,0.612704417103852,0.2830904246538921
GNNExplainer,1:10,GraphSAGE,none,"otro escenario, misma semilla",0.9126696577356715,0.6479070649194215,0.29451604753462335
GNNExplainer,1:10,GraphSAGE,none,"otro escenario, otra semilla",0.9122319002660948,0.6367996149859959,0.24313555381666832
GNNExplainer,1:10,GraphSAGE,none,"otro escenario, otra semilla",0.9096185334060392,0.633219715478648,0.25922791518766747
GNNExplainer,1:10,GraphSAGE,none,"otro escenario, otra semilla",0.9164980754780506,0.651575783004633,0.2466810250865978
GNNExplainer,1:10,GraphSAGE,none,"otro escenario, misma semilla",0.935062000598354,0.711259163343751,0.3197421973737763
GNNExplainer,1:10,GraphSAGE,class_weighting,"mismo escenario, otra semilla",0.960117142891285,0.8304704901972639,0.5116968801179327
GNNExplainer,1:10,GraphSAGE,class_weighting,"mismo escenario, otra semilla",0.9675675815934501,0.860419139691092,0.5597892847892846
GNNExplainer,1:10,GraphSAGE,class_weighting,"mismo escenario, otra semilla",0.9599962468392326,0.8230398859608876,0.5108211476632529
GNNExplainer,1:10,GraphSAGE,class_weighting,"otro escenario, misma semilla",0.982809321578188,0.9274807244678696,0.7166574166574166
GNNExplainer,1:10,GraphSAGE,class_weighting,"otro escenario, otra semilla",0.9560192501810911,0.8118565920415156,0.5150052676368465
GNNExplainer,1:10,GraphSAGE,class_weighting,"otro escenario, otra semilla",0.9697044811667462,0.8721021049378191,0.5517654859760122
GNNExplainer,1:10,GraphSAGE,class_weighting,"otro escenario, otra semilla",0.956930147469961,0.8170030051832956,0.48446108415148653
GNNExplainer,1:10,GraphSAGE,class_weighting,"otro escenario, misma semilla",0.9875393125268477,0.9560256369059308,0.7302592144697405
GNNExplainer,1:10,GraphSAGE,class_weighting,"otro escenario, otra semilla",0.9551432549172779,0.8046670374017809,0.4830551514762041
GNNExplainer,1:10,GraphSAGE,class_weighting,"otro escenario, otra semilla",0.9645205857640182,0.8498079840604956,0.5282266065547799
GNNExplainer,1:10,GraphSAGE,class_weighting,"otro escenario, otra semilla",0.9553962354339093,0.8113985456983632,0.5113095481516533
GNNExplainer,1:10,GraphSAGE,class_weighting,"otro escenario, misma semilla",0.9797598699809703,0.9159686103468918,0.6517044359149621
GNNExplainer,1:10,GraphSAGE,focal_loss,"mismo escenario, otra semilla",0.9085171158862958,0.6468257166632034,0.3010867099876388
GNNExplainer,1:10,GraphSAGE,focal_loss,"mismo escenario, otra semilla",0.9336965491750832,0.7401611214371624,0.40978724005039785
GNNExplainer,1:10,GraphSAGE,focal_loss,"mismo escenario, otra semilla",0.9170859062576517,0.6750518838897694,0.3061292308196333
GNNExplainer,1:10,GraphSAGE,focal_loss,"otro escenario, misma semilla",0.8992082959261704,0.6038034642534614,0.19482406997886872
GNNExplainer,1:10,GraphSAGE,focal_loss,"otro escenario, otra semilla",0.9151859923146236,0.6687470453794548,0.248690605346952
GNNExplainer,1:10,GraphSAGE,focal_loss,"otro escenario, otra semilla",0.9102790164119603,0.6529115457113643,0.2202491522924959
GNNExplainer,1:10,GraphSAGE,focal_loss,"otro escenario, otra semilla",0.9007079673121214,0.6161926120412153,0.2511338048489751
GNNExplainer,1:10,GraphSAGE,focal_loss,"otro escenario, misma semilla",0.9131870621832031,0.6573262473306917,0.24731149769849456
GNNExplainer,1:10,GraphSAGE,focal_loss,"otro escenario, otra semilla",0.9052219656019564,0.6324496589124884,0.25249725621242647
GNNExplainer,1:10,GraphSAGE,focal_loss,"otro escenario, otra semilla",0.8990537222277972,0.6026948893341346,0.23222583230323163
GNNExplainer,1:10,GraphSAGE,focal_loss,"otro escenario, otra semilla",0.914391057402807,0.6796491660997923,0.27941415882592346
GNNExplainer,1:10,GraphSAGE,focal_loss,"otro escenario, misma semilla",0.9083814797661955,0.6347591311349848,0.22931798450374302
GNNExplainer,1:10,GAT,none,"mismo escenario, otra semilla",0.9268999512867935,0.6964565210443566,0.28663980211967827
GNNExplainer,1:10,GAT,none,"mismo escenario, otra semilla",0.9457679008621684,0.7806868738790581,0.5160179002284265
GNNExplainer,1:10,GAT,none,"mismo escenario, otra semilla",0.9284452908505226,0.6999084124721386,0.27826387865087554
GNNExplainer,1:10,GAT,none,"otro escenario, misma semilla",0.9327420527605657,0.7199511108137711,0.4296319263811524
GNNExplainer,1:10,GAT,none,"otro escenario, otra semilla",0.9400856793772489,0.7553746344322576,0.29158975412845384
GNNExplainer,1:10,GAT,none,"otro escenario, otra semilla",0.9283493971435842,0.6913542908962144,0.3314275965978752
GNNExplainer,1:10,GAT,none,"otro escenario, otra semilla",0.9164889423467393,0.6383994919319729,0.26676381753781137
GNNExplainer,1:10,GAT,none,"otro escenario, misma semilla",0.9295131785415922,0.6752263428292663,0.2824903825677819
GNNExplainer,1:10,GAT,none,"otro escenario, otra semilla",0.9123784643498828,0.6010426486053534,0.25326494970457814
GNNExplainer,1:10,GAT,none,"otro escenario, otra semilla",0.8882267694750573,0.5175264354523667,0.17435116196726103
GNNExplainer,1:10,GAT,none,"otro escenario, otra semilla",0.9043045466097032,0.557410884696941,0.20712836641629198
GNNExplainer,1:10,GAT,none,"otro escenario, misma semilla",0.8821918808210898,0.48404690291372343,0.14730437834153004
GNNExplainer,1:10,GAT,class_weighting,"mismo escenario, otra semilla",0.9347774360666291,0.7494383069912895,0.3273559086252585
GNNExplainer,1:10,GAT,class_weighting,"mismo escenario, otra semilla",0.9274008652381487,0.7283505471615948,0.3335709497474203
GNNExplainer,1:10,GAT,class_weighting,"mismo escenario, otra semilla",0.9368772965900046,0.7574681880542465,0.3409610942892677
GNNExplainer,1:10,GAT,class_weighting,"otro escenario, misma semilla",0.9964975414662385,0.985902637247925,0.8929292929292928
GNNExplainer,1:10,GAT,class_weighting,"otro escenario, otra semilla",0.9343241476464041,0.7461534487413116,0.3396574959268458
GNNExplainer,1:10,GAT,class_weighting,"otro escenario, otra semilla",0.9289561576765739,0.7331612645490772,0.3404085565850271
GNNExplainer,1:10,GAT,class_weighting,"otro escenario, otra semilla",0.9353899813651687,0.754080943002453,0.32369290496225483
GNNExplainer,1:10,GAT,class_weighting,"otro escenario, misma semilla",0.9988447861586477,0.9956748607065115,0.937140637140637
GNNExplainer,1:10,GAT,class_weighting,"otro escenario, otra semilla",0.9369258720990391,0.7584757147735525,0.336331464659638
GNNExplainer,1:10,GAT,class_weighting,"otro escenario, otra semilla",0.9276372470326197,0.7277340950550205,0.3402978285331226
GNNExplainer,1:10,GAT,class_weighting,"otro escenario, otra semilla",0.9385195653658676,0.7652844946607844,0.36224601851536836
GNNExplainer,1:10,GAT,class_weighting,"otro escenario, misma semilla",0.9978026940300434,0.9904976542228133,0.916161616161616
GNNExplainer,1:10,GAT,focal_loss,"mismo escenario, otra semilla",0.917602128249673,0.660475974924497,0.2695552670010874
GNNExplainer,1:10,GAT,focal_loss,"mismo escenario, otra semilla",0.9127752788366893,0.6675485345628898,0.28659721198420873
GNNExplainer,1:10,GAT,focal_loss,"mismo escenario, otra semilla",0.9116103559626101,0.6779702013268633,0.32452924039611347
GNNExplainer,1:10,GAT,focal_loss,"otro escenario, misma semilla",0.9163772418815477,0.6636360970340381,0.2544544493460902
GNNExplainer,1:10,GAT,focal_loss,"otro escenario, otra semilla",0.9242384591037732,0.7134265183379124,0.3088291996960727
GNNExplainer,1:10,GAT,focal_loss,"otro escenario, otra semilla",0.9068049555493055,0.655047876678756,0.255866161129319
GNNExplainer,1:10,GAT,focal_loss,"otro escenario, otra semilla",0.9168929259181081,0.6517918800828216,0.2391223155929038
GNNExplainer,1:10,GAT,focal_loss,"otro escenario, misma semilla",0.9228918206894839,0.6776724011316642,0.28413445000132304
GNNExplainer,1:10,GAT,focal_loss,"otro escenario, otra semilla",0.9076479068184441,0.6378484538699042,0.2524291182959913
GNNExplainer,1:10,GAT,focal_loss,"otro escenario, otra semilla",0.9054001808275083,0.6481394742206829,0.2815167947520889
GNNExplainer,1:10,GAT,focal_loss,"otro escenario, otra semilla",0.9162939816399809,0.6767343254548344,0.2851985418548886
GNNExplainer,1:10,GAT,focal_loss,"otro escenario, misma semilla",0.9040618236832056,0.6675594062760186,0.27085943239194005
GNNExplainer,1:10,TAGCN,none,"mismo escenario, otra semilla",0.9347780324233543,0.6963854740574953,0.3765078861054093
GNNExplainer,1:10,TAGCN,none,"mismo escenario, otra semilla",0.9399489816080746,0.7165130089853906,0.3911140315939077
GNNExplainer,1:10,TAGCN,none,"mismo escenario, otra semilla",0.9539177339502006,0.7995334342406966,0.40452808285625613
GNNExplainer,1:10,TAGCN,none,"otro escenario, misma semilla",0.9094958735819263,0.552306723594851,0.3145792775049741
GNNExplainer,1:10,TAGCN,none,"otro escenario, otra semilla",0.9374707509930928,0.6924600703883572,0.3216261951556069
GNNExplainer,1:10,TAGCN,none,"otro escenario, otra semilla",0.9372320406976697,0.6998526603069432,0.34701604152068544
GNNExplainer,1:10,TAGCN,none,"otro escenario, otra semilla",0.9069140522292269,0.5389147592018192,0.2937659004222472
GNNExplainer,1:10,TAGCN,none,"otro escenario, misma semilla",0.9390271869764458,0.7048358327113402,0.318518613023257
GNNExplainer,1:10,TAGCN,none,"otro escenario, otra semilla",0.9313038792439963,0.6697165220948373,0.30433773599408276
GNNExplainer,1:10,TAGCN,none,"otro escenario, otra semilla",0.9126628817814056,0.5558784087433729,0.29129485352395573
GNNExplainer,1:10,TAGCN,none,"otro escenario, otra semilla",0.9372687228174449,0.6961442864863129,0.3198456485608189
GNNExplainer,1:10,TAGCN,none,"otro escenario, misma semilla",0.938909472248523,0.7043673687289272,0.34912104292909246
GNNExplainer,1:10,TAGCN,class_weighting,"mismo escenario, otra semilla",0.9694986024404866,0.8382435246536527,0.48050122392227657
GNNExplainer,1:10,TAGCN,class_weighting,"mismo escenario, otra semilla",0.9038070726380154,0.5193996889321956,0.20327723532057895
GNNExplainer,1:10,TAGCN,class_weighting,"mismo escenario, otra semilla",0.9093868475323139,0.5505428690122698,0.23147190500131673
GNNExplainer,1:10,TAGCN,class_weighting,"otro escenario, misma semilla",0.9856661892868727,0.9304744427370905,0.6754257724845958
GNNExplainer,1:10,TAGCN,class_weighting,"otro escenario, otra semilla",0.9672282275108495,0.8266771499071927,0.4494830877183818
GNNExplainer,1:10,TAGCN,class_weighting,"otro escenario, otra semilla",0.9032953575143576,0.5166399796880258,0.22141858542787335
GNNExplainer,1:10,TAGCN,class_weighting,"otro escenario, otra semilla",0.9648494740191939,0.8106181301608691,0.43282568251608494
GNNExplainer,1:10,TAGCN,class_weighting,"otro escenario, misma semilla",0.982149213001969,0.9088322425743978,0.6291843233019703
GNNExplainer,1:10,TAGCN,class_weighting,"otro escenario, otra semilla",0.907081341837144,0.5417374773586349,0.2086212262682851
GNNExplainer,1:10,TAGCN,class_weighting,"otro escenario, otra semilla",0.9037441512632697,0.520645144293376,0.19837527453626522
GNNExplainer,1:10,TAGCN,class_weighting,"otro escenario, otra semilla",0.9093731729675067,0.5518343045176718,0.22862409921233448
GNNExplainer,1:10,TAGCN,class_weighting,"otro escenario, misma semilla",0.9986552123551939,0.9935535044772922,0.8989898989898987
GNNExplainer,1:10,TAGCN,focal_loss,"mismo escenario, otra semilla",0.9563524792523882,0.7896186783852646,0.541756010873658
GNNExplainer,1:10,TAGCN,focal_loss,"mismo escenario, otra semilla",0.9448054555756177,0.7288495741837084,0.4438365412823616
GNNExplainer,1:10,TAGCN,focal_loss,"mismo escenario, otra semilla",0.9587774464621435,0.7998804854470971,0.5151832372420607
GNNExplainer,1:10,TAGCN,focal_loss,"otro escenario, misma semilla",0.9140473142682072,0.5646834863620508,0.26052195138882445
GNNExplainer,1:10,TAGCN,focal_loss,"otro escenario, otra semilla",0.9139811197639137,0.5549687531247146,0.24851531337599442
GNNExplainer,1:10,TAGCN,focal_loss,"otro escenario, otra semilla",0.9180185558418555,0.5837587946170044,0.2636204324284819
GNNExplainer,1:10,TAGCN,focal_loss,"otro escenario, otra semilla",0.9273548666254301,0.6165806969117916,0.3082011527057967
GNNExplainer,1:10,TAGCN,focal_loss,"otro escenario, misma semilla",0.9301462255137442,0.639655463814766,0.319691826348173
GNNExplainer,1:10,TAGCN,focal_loss,"otro escenario, otra semilla",0.9219730888930513,0.5990030583912248,0.28165455115919513
GNNExplainer,1:10,TAGCN,focal_loss,"otro escenario, otra semilla",0.9185785001361167,0.5784962840856729,0.2515124538344352
GNNExplainer,1:10,TAGCN,focal_loss,"otro escenario, otra semilla",0.916657721371423,0.5655645200885796,0.22168600233615712
GNNExplainer,1:10,TAGCN,focal_loss,"otro escenario, misma semilla",0.9094613762895187,0.5332631671602778,0.20758006756458766
GNNExplainer,1:10_os,GCN,none,"mismo escenario, otra semilla",0.908356789594206,0.6481448794630883,0.25954453756311335
GNNExplainer,1:10_os,GCN,none,"mismo escenario, otra semilla",0.9003635447621462,0.6236445446307488,0.23771725064294721
GNNExplainer,1:10_os,GCN,none,"mismo escenario, otra semilla",0.9173662941713456,0.7118049312518615,0.28948959250816836
GNNExplainer,1:10_os,GCN,none,"otro escenario, misma semilla",0.9035312339493016,0.620572626293422,0.23439711017110393
GNNExplainer,1:10_os,GCN,none,"otro escenario, otra semilla",0.9006531870679529,0.6555219199683656,0.1934091765361115
GNNExplainer,1:10_os,GCN,none,"otro escenario, otra semilla",0.9153644773756454,0.6896644352644502,0.209624551575016
GNNExplainer,1:10_os,GCN,none,"otro escenario, otra semilla",0.9130599842014749,0.6572595010529991,0.2963993379628054
GNNExplainer,1:10_os,GCN,none,"otro escenario, misma semilla",0.9360859337185998,0.766416216526995,0.41831991537873875
GNNExplainer,1:10_os,GCN,none,"otro escenario, otra semilla",0.9168144095617154,0.6869138137016614,0.2373219058203578
GNNExplainer,1:10_os,GCN,none,"otro escenario, otra semilla",0.9042085467326727,0.6331227505094874,0.23638671843006204
GNNExplainer,1:10_os,GCN,none,"otro escenario, otra semilla",0.9163645604441163,0.6982756834036512,0.3081682335552304
GNNExplainer,1:10_os,GCN,none,"otro escenario, misma semilla",0.9331384425865811,0.7632793459817592,0.38392776813829443
GNNExplainer,1:10_os,GCN,class_weighting,"mismo escenario, otra semilla",0.9332003615776671,0.7927244041545284,0.4421608605819131
GNNExplainer,1:10_os,GCN,class_weighting,"mismo escenario, otra semilla",0.8920181766142626,0.6303759090938917,0.1768066470852848
GNNExplainer,1:10_os,GCN,class_weighting,"mismo escenario, otra semilla",0.8987077230388212,0.6630320441130582,0.172011319147542
GNNExplainer,1:10_os,GCN,class_weighting,"otro escenario, misma semilla",0.8897699502348463,0.6060482139470031,0.23050477500941893
GNNExplainer,1:10_os,GCN,class_weighting,"otro escenario, otra semilla",0.895295777917224,0.641849341391201,0.2261863809851426
GNNExplainer,1:10_os,GCN,class_weighting,"otro escenario, otra semilla",0.9047378501562364,0.6749861662978552,0.2198097367602011
GNNExplainer,1:10_os,GCN,class_weighting,"otro escenario, otra semilla",0.87741766680839,0.5770676978464223,0.15625501662653363
GNNExplainer,1:10_os,GCN,class_weighting,"otro escenario, misma semilla",0.8857889673794757,0.6086785394772567,0.17860173309089716
GNNExplainer,1:10_os,GCN,class_weighting,"otro escenario, otra semilla",0.9088093841017636,0.703162695762172,0.22343604108309992
GNNExplainer,1:10_os,GCN,class_weighting,"otro escenario, otra semilla",0.8810768212342696,0.5841808549854196,0.17434927187249163
GNNExplainer,1:10_os,GCN,class_weighting,"otro escenario, otra semilla",0.8941076683011443,0.6396200459743635,0.19587678976223863
GNNExplainer,1:10_os,GCN,class_weighting,"otro escenario, misma semilla",0.9135777240812367,0.7265135880169102,0.2055940504856914
GNNExplainer,1:10_os,GCN,focal_loss,"mismo escenario, otra semilla",0.906386587530084,0.6661048130726965,0.2437108356613
GNNExplainer,1:10_os,GCN,focal_loss,"mismo escenario, otra semilla",0.9108888977873806,0.6861273977236435,0.2297244808854716
GNNExplainer,1:10_os,GCN,focal_loss,"mismo escenario, otra semilla",0.9073722065017888,0.6620883104655813,0.2708683473389355
GNNExplainer,1:10_os,GCN,focal_loss,"otro escenario, misma semilla",0.9641131584934683,0.8446278370700523,0.5148788832999359
GNNExplainer,1:10_os,GCN,focal_loss,"otro escenario, otra semilla",0.9083922922560004,0.6610492780602645,0.2673551651879826
GNNExplainer,1:10_os,GCN,focal_loss,"otro escenario, otra semilla",0.9147735187988582,0.6889528597198573,0.2375816993464052
GNNExplainer,1:10_os,GCN,focal_loss,"otro escenario, otra semilla",0.909268063698755,0.6642043346795744,0.24184562713974475
GNNExplainer,1:10_os,GCN,focal_loss,"otro escenario, misma semilla",0.9394538767508106,0.7751580351989074,0.4392134954828453
GNNExplainer,1:10_os,GCN,focal_loss,"otro escenario, otra semilla",0.9081396900697606,0.6603143781885967,0.27016038084149535
GNNExplainer,1:10_os,GCN,focal_loss,"otro escenario, otra semilla",0.9097139468037397,0.6754715749119294,0.2490151031172703
GNNExplainer,1:10_os,GCN,focal_loss,"otro escenario, otra semilla",0.9045541579270865,0.664143509815867,0.23624159065335532
GNNExplainer,1:10_os,GCN,focal_loss,"otro escenario, misma semilla",0.9691120626740456,0.8635036980428583,0.5809533059533059
GNNExplainer,1:10_os,GraphSAGE,none,"mismo escenario, otra semilla",0.9381150596900872,0.7614540183771666,0.3930922677826702
GNNExplainer,1:10_os,GraphSAGE,none,"mismo escenario, otra semilla",0.9383834789936699,0.774391336257797,0.3922622985316485
GNNExplainer,1:10_os,GraphSAGE,none,"mismo escenario, otra semilla",0.9372816545516138,0.7637230367301975,0.39679157844792523
GNNExplainer,1:10_os,GraphSAGE,none,"otro escenario, misma semilla",0.9265143291395489,0.7195107314127065,0.3646546121004325
GNNExplainer,1:10_os,GraphSAGE,none,"otro escenario, otra semilla",0.9170010785707831,0.6746910027927695,0.2781321075438722
GNNExplainer,1:10_os,GraphSAGE,none,"otro escenario, otra semilla",0.9303185151796819,0.7312344254729568,0.27762414457460893
GNNExplainer,1:10_os,GraphSAGE,none,"otro escenario, otra semilla",0.8972925340618754,0.5958984049569209,0.2635264632168656
GNNExplainer,1:10_os,GraphSAGE,none,"otro escenario, misma semilla",0.9146918381848024,0.6434609604457481,0.2922815459967163
GNNExplainer,1:10_os,GraphSAGE,none,"otro escenario, otra semilla",0.9125430186420244,0.6376787772114605,0.28217227961810004
GNNExplainer,1:10_os,GraphSAGE,none,"otro escenario, otra semilla",0.9119671974823466,0.6443511184380888,0.24865875725008843
GNNExplainer,1:10_os,GraphSAGE,none,"otro escenario, otra semilla",0.9140894876858178,0.6367289239422489,0.234797715757468
GNNExplainer,1:10_os,GraphSAGE,none,"otro escenario, misma semilla",0.9308247807301437,0.6940433752927418,0.32562694443499396
GNNExplainer,1:10_os,GraphSAGE,class_weighting,"mismo escenario, otra semilla",0.9552596416248907,0.8218057372201195,0.4594882213303265
GNNExplainer,1:10_os,GraphSAGE,class_weighting,"mismo escenario, otra semilla",0.9705077234426674,0.87664208622313,0.5554636396741659
GNNExplainer,1:10_os,GraphSAGE,class_weighting,"mismo escenario, otra semilla",0.9613476851789585,0.8480804846833263,0.5702759229075018
GNNExplainer,1:10_os,GraphSAGE,class_weighting,"otro escenario, misma semilla",0.9716836563962762,0.8723380445216945,0.51801395485606
GNNExplainer,1:10_os,GraphSAGE,class_weighting,"otro escenario, otra semilla",0.9586073048178786,0.8357911749956858,0.48489340037327644
GNNExplainer,1:10_os,GraphSAGE,class_weighting,"otro escenario, otra semilla",0.9707448254399936,0.8803602036560784,0.5057814992025518
GNNExplainer,1:10_os,GraphSAGE,class_weighting,"otro escenario, otra semilla",0.9495641952021205,0.787384771103183,0.42138770528863395
GNNExplainer,1:10_os,GraphSAGE,class_weighting,"otro escenario, misma semilla",0.9842373242280483,0.9260979470440814,0.7538720538720536
GNNExplainer,1:10_os,GraphSAGE,class_weighting,"otro escenario, otra semilla",0.9561642822124113,0.8162130616628168,0.5111831638147427
GNNExplainer,1:10_os,GraphSAGE,class_weighting,"otro escenario, otra semilla",0.9643120434690392,0.8496115973214604,0.4852091378407167
GNNExplainer,1:10_os,GraphSAGE,class_weighting,"otro escenario, otra semilla",0.9629853241412746,0.8504162955858574,0.5803596987807514
GNNExplainer,1:10_os,GraphSAGE,class_weighting,"otro escenario, misma semilla",0.9822636250460797,0.934194449480857,0.6459546301651564
GNNExplainer,1:10_os,GraphSAGE,focal_loss,"mismo escenario, otra semilla",0.9496435717621416,0.8107039690690137,0.4173773107983634
GNNExplainer,1:10_os,GraphSAGE,focal_loss,"mismo escenario, otra semilla",0.947093490699612,0.797636916870421,0.4512857512857512
GNNExplainer,1:10_os,GraphSAGE,focal_loss,"mismo escenario, otra semilla",0.9563198850469203,0.8225292435037093,0.5722727564832826
GNNExplainer,1:10_os,GraphSAGE,focal_loss,"otro escenario, misma semilla",0.9028296510776506,0.6249023493148821,0.22257563844251152
GNNExplainer,1:10_os,GraphSAGE,focal_loss,"otro escenario, otra semilla",0.9126606931391558,0.6606215104176348,0.2182572444182351
GNNExplainer,1:10_os,GraphSAGE,focal_loss,"otro escenario, otra semilla",0.9088077836272636,0.6474194702157418,0.21214155927778217
GNNExplainer,1:10_os,GraphSAGE,focal_loss,"otro escenario, otra semilla",0.9032267889735058,0.6325366169182924,0.2646161973561354
GNNExplainer,1:10_os,GraphSAGE,focal_loss,"otro escenario, misma semilla",0.9076424289819379,0.6446264611204306,0.2574830111981814
GNNExplainer,1:10_os,GraphSAGE,focal_loss,"otro escenario, otra semilla",0.9032081557236212,0.6357213355299757,0.263851874532989
GNNExplainer,1:10_os,GraphSAGE,focal_loss,"otro escenario, otra semilla",0.9012229020397466,0.6243943574492885,0.24425738806543756
GNNExplainer,1:10_os,GraphSAGE,focal_loss,"otro escenario, otra semilla",0.9106310599713652,0.647688791523797,0.2136024765281731
GNNExplainer,1:10_os,GraphSAGE,focal_loss,"otro escenario, misma semilla",0.9051212300529631,0.6329422694288056,0.20783642741847075
GNNExplainer,1:10_os,GAT,none,"mismo escenario, otra semilla",0.9307219600360865,0.706425375079575,0.28785182539052495
GNNExplainer,1:10_os,GAT,none,"mismo escenario, otra semilla",0.9358153550463536,0.7614901059878534,0.4549869520457755
GNNExplainer,1:10_os,GAT,none,"mismo escenario, otra semilla",0.9366787572151243,0.7638391361283574,0.363963813963814
GNNExplainer,1:10_os,GAT,none,"otro escenario, misma semilla",0.9320784863574073,0.7129291222825441,0.4174036575739362
GNNExplainer,1:10_os,GAT,none,"otro escenario, otra semilla",0.940467660572045,0.7430098176280421,0.27085736760659357
GNNExplainer,1:10_os,GAT,none,"otro escenario, otra semilla",0.9323213714892076,0.7448905391010769,0.3630710907026696
GNNExplainer,1:10_os,GAT,none,"otro escenario, otra semilla",0.9141192352229809,0.6210745935996163,0.2588680096420034
GNNExplainer,1:10_os,GAT,none,"otro escenario, misma semilla",0.9313559209965055,0.6756936405037136,0.27561207568947504
GNNExplainer,1:10_os,GAT,none,"otro escenario, otra semilla",0.9151327141902574,0.6559361936757342,0.3128894382764351
GNNExplainer,1:10_os,GAT,none,"otro escenario, otra semilla",0.8889954880165604,0.5149363964566949,0.18426922807727764
GNNExplainer,1:10_os,GAT,none,"otro escenario, otra semilla",0.9047400155485181,0.5502477240584255,0.20451808253665832
GNNExplainer,1:10_os,GAT,none,"otro escenario, misma semilla",0.8866201533940788,0.5357723794483324,0.23467051237949071
GNNExplainer,1:10_os,GAT,class_weighting,"mismo escenario, otra semilla",0.9340127535266836,0.7419184593288232,0.31931456343221054
GNNExplainer,1:10_os,GAT,class_weighting,"mismo escenario, otra semilla",0.9621260870004693,0.8426811002333329,0.5309357309357309
GNNExplainer,1:10_os,GAT,class_weighting,"mismo escenario, otra semilla",0.9317785368008605,0.736202835682066,0.306934663204013
GNNExplainer,1:10_os,GAT,class_weighting,"otro escenario, misma semilla",0.9861270988184392,0.9418978090381966,0.7770784770784772
GNNExplainer,1:10_os,GAT,class_weighting,"otro escenario, otra semilla",0.93435271360162,0.743438958806588,0.3543674734851206
GNNExplainer,1:10_os,GAT,class_weighting,"otro escenario, otra semilla",0.9601258612782807,0.8367752965327291,0.5281280123385386
GNNExplainer,1:10_os,GAT,class_weighting,"otro escenario, otra semilla",0.9344925534598071,0.7472803750051485,0.30115765154464846
GNNExplainer,1:10_os,GAT,class_weighting,"otro escenario, misma semilla",0.9901038051495351,0.9683853944677399,0.8571644042232276
GNNExplainer,1:10_os,GAT,class_weighting,"otro escenario, otra semilla",0.9325714144553662,0.7418022673488472,0.3006418131805128
GNNExplainer,1:10_os,GAT,class_weighting,"otro escenario, otra semilla",0.9274984717453048,0.7280674590950329,0.3241034965493169
GNNExplainer,1:10_os,GAT,class_weighting,"otro escenario, otra semilla",0.9359780449125702,0.7530090395692073,0.36195992117044745
GNNExplainer,1:10_os,GAT,class_weighting,"otro escenario, misma semilla",0.9383966269586579,0.7598400499985465,0.3935791590590352
GNNExplainer,1:10_os,GAT,focal_loss,"mismo escenario, otra semilla",0.910887814333012,0.5825454707787834,0.24597992593348625
GNNExplainer,1:10_os,GAT,focal_loss,"mismo escenario, otra semilla",0.9159446058688003,0.6174556373843508,0.32042512011552254
GNNExplainer,1:10_os,GAT,focal_loss,"mismo escenario, otra semilla",0.903200194882131,0.5368803920299048,0.26023993493033737
GNNExplainer,1:10_os,GAT,focal_loss,"otro escenario, misma semilla",0.9094650618385823,0.6293309210320215,0.2997741336750624
GNNExplainer,1:10_os,GAT,focal_loss,"otro escenario, otra semilla",0.9045423036139888,0.6247049013362179,0.2290256813476627
GNNExplainer,1:10_os,GAT,focal_loss,"otro escenario, otra semilla",0.899777662374202,0.5816819687011061,0.34023158071145687
GNNExplainer,1:10_os,GAT,focal_loss,"otro escenario, otra semilla",0.9222719904956764,0.6542337579046557,0.2575374774291183
GNNExplainer,1:10_os,GAT,focal_loss,"otro escenario, misma semilla",0.9238901448365451,0.6558949605240845,0.22273683202475766
GNNExplainer,1:10_os,GAT,focal_loss,"otro escenario, otra semilla",0.9028638435305505,0.5518449569310442,0.22848690983365902
GNNExplainer,1:10_os,GAT,focal_loss,"otro escenario, otra semilla",0.9101924088679831,0.6706461041637801,0.34482640109575086
GNNExplainer,1:10_os,GAT,focal_loss,"otro escenario, otra semilla",0.9103362663106692,0.6451210425085346,0.22197250920161124
GNNExplainer,1:10_os,GAT,focal_loss,"otro escenario, misma semilla",0.9059950230670919,0.6222629948245814,0.3179932926836951
GNNExplainer,1:10_os,TAGCN,none,"mismo escenario, otra semilla",0.9659414725859619,0.8392569257837027,0.5415962978656476
GNNExplainer,1:10_os,TAGCN,none,"mismo escenario, otra semilla",0.9649411034138035,0.8344574069523517,0.5376635347223581
GNNExplainer,1:10_os,TAGCN,none,"mismo escenario, otra semilla",0.9651261974262546,0.8323098848653753,0.5594451844451844
GNNExplainer,1:10_os,TAGCN,none,"otro escenario, misma semilla",0.9053955041503973,0.5101296763809247,0.22940587391051784
GNNExplainer,1:10_os,TAGCN,none,"otro escenario, otra semilla",0.9082501356894682,0.5342114494197621,0.23941030303259403
GNNExplainer,1:10_os,TAGCN,none,"otro escenario, otra semilla",0.911016216600014,0.5373373896520071,0.22620194276541017
GNNExplainer,1:10_os,TAGCN,none,"otro escenario, otra semilla",0.9022946223586739,0.5019429809177368,0.23574499975428764
GNNExplainer,1:10_os,TAGCN,none,"otro escenario, misma semilla",0.9051993564130603,0.51921683372247,0.21116926302684816
GNNExplainer,1:10_os,TAGCN,none,"otro escenario, otra semilla",0.9086286233262513,0.5329355256603143,0.23596925949867123
GNNExplainer,1:10_os,TAGCN,none,"otro escenario, otra semilla",0.908251253588809,0.5326165469376615,0.24472235137869808
GNNExplainer,1:10_os,TAGCN,none,"otro escenario, otra semilla",0.9102045883418786,0.5486710038302878,0.22717792470114445
GNNExplainer,1:10_os,TAGCN,none,"otro escenario, misma semilla",0.9123579990791056,0.5517809238811336,0.24081234383091968
GNNExplainer,1:10_os,TAGCN,class_weighting,"mismo escenario, otra semilla",0.9667976859284628,0.8257401381629125,0.46752565173617805
GNNExplainer,1:10_os,TAGCN,class_weighting,"mismo escenario, otra semilla",0.9048316832950811,0.5221311847837504,0.22853691715920812
GNNExplainer,1:10_os,TAGCN,class_weighting,"mismo escenario, otra semilla",0.9104605758066067,0.5432054615825498,0.20765967205595684
GNNExplainer,1:10_os,TAGCN,class_weighting,"otro escenario, misma semilla",0.9809444562241875,0.8980365468590327,0.5743372898171659
GNNExplainer,1:10_os,TAGCN,class_weighting,"otro escenario, otra semilla",0.965886576494194,0.8206715118907493,0.435563169773696
GNNExplainer,1:10_os,TAGCN,class_weighting,"otro escenario, otra semilla",0.9050344523050874,0.5186924724061063,0.2317149081854964
GNNExplainer,1:10_os,TAGCN,class_weighting,"otro escenario, otra semilla",0.9671985997211422,0.8303838085949721,0.4846634846634846
GNNExplainer,1:10_os,TAGCN,class_weighting,"otro escenario, misma semilla",0.9777288225899992,0.8918280366914895,0.6096797938903201
GNNExplainer,1:10_os,TAGCN,class_weighting,"otro escenario, otra semilla",0.9096646806012251,0.5446197739143163,0.22259390935861526
GNNExplainer,1:10_os,TAGCN,class_weighting,"otro escenario, otra semilla",0.9031487081672114,0.520714467686417,0.21663513358559802
GNNExplainer,1:10_os,TAGCN,class_weighting,"otro escenario, otra semilla",0.9078093696441653,0.5431315809798666,0.19893140342056748
GNNExplainer,1:10_os,TAGCN,class_weighting,"otro escenario, misma semilla",0.9848160457706009,0.9556617537868818,0.7952020202020198
GNNExplainer,1:10_os,TAGCN,focal_loss,"mismo escenario, otra semilla",0.953893526363269,0.7729457292326718,0.5265794519664488
GNNExplainer,1:10_os,TAGCN,focal_loss,"mismo escenario, otra semilla",0.9392281716518249,0.7331635507218822,0.45998740967781215
GNNExplainer,1:10_os,TAGCN,focal_loss,"mismo escenario, otra semilla",0.9461247875754851,0.7822360508969372,0.4989737644536406
GNNExplainer,1:10_os,TAGCN,focal_loss,"otro escenario, misma semilla",0.9114308283875926,0.5433356218031323,0.2534560841062389
GNNExplainer,1:10_os,TAGCN,focal_loss,"otro escenario, otra semilla",0.9107546840107009,0.5517523441290012,0.2502701088614401
GNNExplainer,1:10_os,TAGCN,focal_loss,"otro escenario, otra semilla",0.9118598496681128,0.6042361471523484,0.3033563501055761
GNNExplainer,1:10_os,TAGCN,focal_loss,"otro escenario, otra semilla",0.9230464598602429,0.60300804628545,0.29720316376663114
GNNExplainer,1:10_os,TAGCN,focal_loss,"otro escenario, misma semilla",0.9271794744290218,0.6442001976768021,0.3335591681566914
GNNExplainer,1:10_os,TAGCN,focal_loss,"otro escenario, otra semilla",0.9097473936555901,0.5971741346351129,0.2668260646588819
GNNExplainer,1:10_os,TAGCN,focal_loss,"otro escenario, otra semilla",0.9076538340129027,0.5194254810865832,0.23231551730003738
GNNExplainer,1:10_os,TAGCN,focal_loss,"otro escenario, otra semilla",0.9111507262427335,0.5539885077935502,0.23230175110980064
GNNExplainer,1:10_os,TAGCN,focal_loss,"otro escenario, misma semilla",0.9010167554027243,0.5463061419573095,0.2297286705955436
GNNExplainer,1:20,GCN,none,"mismo escenario, otra semilla",0.9153701743288271,0.6654293153399572,0.2943769050580195
GNNExplainer,1:20,GCN,none,"mismo escenario, otra semilla",0.9115521870093414,0.6752349132362866,0.28950965901430287
GNNExplainer,1:20,GCN,none,"mismo escenario, otra semilla",0.9072795506774985,0.6675346436769859,0.2822011980680711
GNNExplainer,1:20,GCN,none,"otro escenario, misma semilla",0.9118432420560139,0.662766134983761,0.27529945401462436
GNNExplainer,1:20,GCN,none,"otro escenario, otra semilla",0.902058830512045,0.6537345609803594,0.173214080954019
GNNExplainer,1:20,GCN,none,"otro escenario, otra semilla",0.9145087054685882,0.6643606076902813,0.22035849427490295
GNNExplainer,1:20,GCN,none,"otro escenario, otra semilla",0.924185831107395,0.7072599194919745,0.32132530925100583
GNNExplainer,1:20,GCN,none,"otro escenario, misma semilla",0.9396136562585689,0.769259776117225,0.4796027358720857
GNNExplainer,1:20,GCN,none,"otro escenario, otra semilla",0.9264608273259217,0.7285033689136913,0.3429806433676402
GNNExplainer,1:20,GCN,none,"otro escenario, otra semilla",0.9080309812063272,0.6524877582008233,0.28862452763381546
GNNExplainer,1:20,GCN,none,"otro escenario, otra semilla",0.9120212811787565,0.6792713682007773,0.29844760216277244
GNNExplainer,1:20,GCN,none,"otro escenario, misma semilla",0.9653724200638529,0.8703763478094175,0.6311250153355417
GNNExplainer,1:20,GCN,class_weighting,"mismo escenario, otra semilla",0.9268707530467911,0.770084644331933,0.45411053801146684
GNNExplainer,1:20,GCN,class_weighting,"mismo escenario, otra semilla",0.8888383290087496,0.6044110617626931,0.1693584451324389
GNNExplainer,1:20,GCN,class_weighting,"mismo escenario, otra semilla",0.8994022596564829,0.6587430805049872,0.17597138270512888
GNNExplainer,1:20,GCN,class_weighting,"otro escenario, misma semilla",0.8865585491514012,0.5929394950942146,0.22745466607695708
GNNExplainer,1:20,GCN,class_weighting,"otro escenario, otra semilla",0.8942474183620738,0.62740681403473,0.19838894622176356
GNNExplainer,1:20,GCN,class_weighting,"otro escenario, otra semilla",0.9051368071822502,0.676615894518354,0.2198097367602011
GNNExplainer,1:20,GCN,class_weighting,"otro escenario, otra semilla",0.8750246432092197,0.5646978119984115,0.17274681802545577
GNNExplainer,1:20,GCN,class_weighting,"otro escenario, misma semilla",0.8871496251523798,0.6044776531646971,0.17717644412690847
GNNExplainer,1:20,GCN,class_weighting,"otro escenario, otra semilla",0.9088699049018484,0.7039312015023849,0.22086056644880173
GNNExplainer,1:20,GCN,class_weighting,"otro escenario, otra semilla",0.8809949177541306,0.5715669873991259,0.17174635936245838
GNNExplainer,1:20,GCN,class_weighting,"otro escenario, otra semilla",0.8941391794169692,0.6228794003021979,0.1934281089853845
GNNExplainer,1:20,GCN,class_weighting,"otro escenario, misma semilla",0.9136129963559605,0.7264799605109835,0.20837182826346917
GNNExplainer,1:20,GCN,focal_loss,"mismo escenario, otra semilla",0.9111901405018987,0.6486159730921447,0.2622997917115564
GNNExplainer,1:20,GCN,focal_loss,"mismo escenario, otra semilla",0.942426612964948,0.7739786944419993,0.35720349768337384
GNNExplainer,1:20,GCN,focal_loss,"mismo escenario, otra semilla",0.9162664926292506,0.6513583560033813,0.2548375085526788
GNNExplainer,1:20,GCN,focal_loss,"otro escenario, misma semilla",0.9252873227251094,0.722434194263613,0.3512236788552578
GNNExplainer,1:20,GCN,focal_loss,"otro escenario, otra semilla",0.9128926761205736,0.6654388252216032,0.27585599241945996
GNNExplainer,1:20,GCN,focal_loss,"otro escenario, otra semilla",0.9143544988114517,0.6810339161589282,0.2264587121398267
GNNExplainer,1:20,GCN,focal_loss,"otro escenario, otra semilla",0.9090709618535321,0.669123272289996,0.2524821039526922
GNNExplainer,1:20,GCN,focal_loss,"otro escenario, misma semilla",0.9369296625514473,0.7544682659728809,0.4044521640496873
GNNExplainer,1:20,GCN,focal_loss,"otro escenario, otra semilla",0.909393218770744,0.6638557258163222,0.2567805259755724
GNNExplainer,1:20,GCN,focal_loss,"otro escenario, otra semilla",0.9510449370559795,0.8068614921437072,0.3875812096400332
GNNExplainer,1:20,GCN,focal_loss,"otro escenario, otra semilla",0.9165445340232007,0.658185265145097,0.24855603059937428
GNNExplainer,1:20,GCN,focal_loss,"otro escenario, misma semilla",0.9781009074042469,0.90322906935908,0.6689211373421899
GNNExplainer,1:20,GraphSAGE,none,"mismo escenario, otra semilla",0.9221191570096833,0.6934894810450182,0.3730495797059265
GNNExplainer,1:20,GraphSAGE,none,"mismo escenario, otra semilla",0.9347070018687831,0.7406814097406201,0.37010821422586127
GNNExplainer,1:20,GraphSAGE,none,"mismo escenario, otra semilla",0.922022548648814,0.6941564743147173,0.32569268823138786
GNNExplainer,1:20,GraphSAGE,none,"otro escenario, misma semilla",0.9601914786841459,0.8212782488870732,0.5405695067459774
GNNExplainer,1:20,GraphSAGE,none,"otro escenario, otra semilla",0.9198233329375761,0.693029994747339,0.31537762203396874
GNNExplainer,1:20,GraphSAGE,none,"otro escenario, otra semilla",0.9410683374130493,0.7825855430025886,0.3499912253782222
GNNExplainer,1:20,GraphSAGE,none,"otro escenario, otra semilla",0.9166639591061199,0.6583222550217767,0.3684470872551368
GNNExplainer,1:20,GraphSAGE,none,"otro escenario, misma semilla",0.9554520652616414,0.8129299950383518,0.5233755208213411
GNNExplainer,1:20,GraphSAGE,none,"otro escenario, otra semilla",0.9183805653430771,0.6742305764776214,0.291902470308043
GNNExplainer,1:20,GraphSAGE,none,"otro escenario, otra semilla",0.9252610527422696,0.6780570309871689,0.3126729594221855
GNNExplainer,1:20,GraphSAGE,none,"otro escenario, otra semilla",0.9205723127114968,0.6792499801154357,0.2932203245670737
GNNExplainer,1:20,GraphSAGE,none,"otro escenario, misma semilla",0.9533750984416449,0.790907634090905,0.47735046457956665
GNNExplainer,1:20,GraphSAGE,class_weighting,"mismo escenario, otra semilla",0.9617882902102551,0.8395866611266902,0.5122771964877227
GNNExplainer,1:20,GraphSAGE,class_weighting,"mismo escenario, otra semilla",0.9692935884355138,0.8671604449178124,0.5243749714337949
GNNExplainer,1:20,GraphSAGE,class_weighting,"mismo escenario, otra semilla",0.9599450159036351,0.8348115673706776,0.574903974594377
GNNExplainer,1:20,GraphSAGE,class_weighting,"otro escenario, misma semilla",0.9863815265802817,0.9353722499079601,0.676963776963777
GNNExplainer,1:20,GraphSAGE,class_weighting,"otro escenario, otra semilla",0.9583258130716367,0.8246447564111128,0.4808061334377122
GNNExplainer,1:20,GraphSAGE,class_weighting,"otro escenario, otra semilla",0.972354370442954,0.885332116613433,0.5396797646797646
GNNExplainer,1:20,GraphSAGE,class_weighting,"otro escenario, otra semilla",0.9577538428360857,0.8190295325322562,0.4938776622987148
GNNExplainer,1:20,GraphSAGE,class_weighting,"otro escenario, misma semilla",0.9850975448242679,0.9360454377517431,0.7728690412900938
GNNExplainer,1:20,GraphSAGE,class_weighting,"otro escenario, otra semilla",0.9563780126940454,0.817524283192408,0.5541050853744351
GNNExplainer,1:20,GraphSAGE,class_weighting,"otro escenario, otra semilla",0.9672666563509262,0.8582402864927003,0.5140269860858095
GNNExplainer,1:20,GraphSAGE,class_weighting,"otro escenario, otra semilla",0.9573343025513787,0.8213024275270153,0.52845724393712
GNNExplainer,1:20,GraphSAGE,class_weighting,"otro escenario, misma semilla",0.9880409706206471,0.9551975821514233,0.7094017094017092
GNNExplainer,1:20,GraphSAGE,focal_loss,"mismo escenario, otra semilla",0.9400760173880987,0.7764980430713883,0.36968634507334197
GNNExplainer,1:20,GraphSAGE,focal_loss,"mismo escenario, otra semilla",0.9240764099429393,0.7135700711652805,0.270298546769135
GNNExplainer,1:20,GraphSAGE,focal_loss,"mismo escenario, otra semilla",0.9249808328041217,0.7147754513789882,0.27491639480803565
GNNExplainer,1:20,GraphSAGE,focal_loss,"otro escenario, misma semilla",0.9390120909221614,0.7648258623327339,0.3468046372845135
GNNExplainer,1:20,GraphSAGE,focal_loss,"otro escenario, otra semilla",0.9242256932738419,0.7053645186321563,0.21195062820449817
GNNExplainer,1:20,GraphSAGE,focal_loss,"otro escenario, otra semilla",0.9236090619319322,0.7162493069793474,0.25706063802039025
GNNExplainer,1:20,GraphSAGE,focal_loss,"otro escenario, otra semilla",0.9154227670774773,0.6767023609486136,0.23324922411609716
GNNExplainer,1:20,GraphSAGE,focal_loss,"otro escenario, misma semilla",0.9445750558796946,0.7801429151150299,0.3863681639997429
GNNExplainer,1:20,GraphSAGE,focal_loss,"otro escenario, otra semilla",0.925614805648089,0.7421072394448267,0.28880518919218606
GNNExplainer,1:20,GraphSAGE,focal_loss,"otro escenario, otra semilla",0.9186510697140247,0.6855033989617231,0.24081634453151474
GNNExplainer,1:20,GraphSAGE,focal_loss,"otro escenario, otra semilla",0.9265630066955265,0.7147244182864337,0.2565668507618971
GNNExplainer,1:20,GraphSAGE,focal_loss,"otro escenario, misma semilla",0.9730008206465105,0.9170939901582142,0.7179122333921094
GNNExplainer,1:20,GAT,none,"mismo escenario, otra semilla",0.9326719476779484,0.7202442629407184,0.24382443035693807
GNNExplainer,1:20,GAT,none,"mismo escenario, otra semilla",0.9453187658154438,0.8000174068186072,0.4695714416302651
GNNExplainer,1:20,GAT,none,"mismo escenario, otra semilla",0.9309449190289435,0.7155850717646851,0.29448312838405716
GNNExplainer,1:20,GAT,none,"otro escenario, misma semilla",0.939182726489044,0.757075953846878,0.41129836795471475
GNNExplainer,1:20,GAT,none,"otro escenario, otra semilla",0.9411808389650447,0.7457439429708755,0.2846251501050262
GNNExplainer,1:20,GAT,none,"otro escenario, otra semilla",0.9370694143044901,0.7490131753221216,0.4230218697710958
GNNExplainer,1:20,GAT,none,"otro escenario, otra semilla",0.9227152919483951,0.6731840817318038,0.2409486196637899
GNNExplainer,1:20,GAT,none,"otro escenario, misma semilla",0.932607077809175,0.6814122313402033,0.3026877777651772
GNNExplainer,1:20,GAT,none,"otro escenario, otra semilla",0.921149784522195,0.661422364535078,0.27745107489689524
GNNExplainer,1:20,GAT,none,"otro escenario, otra semilla",0.901370308327509,0.5740114342563607,0.1826500955757922
GNNExplainer,1:20,GAT,none,"otro escenario, otra semilla",0.9056070447207349,0.5486457918229315,0.21370690426417976
GNNExplainer,1:20,GAT,none,"otro escenario, misma semilla",0.9004740154135699,0.5732666624924984,0.22112807786182395
GNNExplainer,1:20,GAT,class_weighting,"mismo escenario, otra semilla",0.9351105455351711,0.7531456939270595,0.3332167144860643
GNNExplainer,1:20,GAT,class_weighting,"mismo escenario, otra semilla",0.930651194665957,0.7394505596754498,0.3284122195886902
GNNExplainer,1:20,GAT,class_weighting,"mismo escenario, otra semilla",0.9391229021275151,0.7705688562738918,0.35701726034543374
GNNExplainer,1:20,GAT,class_weighting,"otro escenario, misma semilla",0.9981905804544667,0.9921925162953255,0.8989898989898989
GNNExplainer,1:20,GAT,class_weighting,"otro escenario, otra semilla",0.9346647403302826,0.7498751480260426,0.3423436986130485
GNNExplainer,1:20,GAT,class_weighting,"otro escenario, otra semilla",0.9290703447269126,0.733564848479842,0.3300210682563624
GNNExplainer,1:20,GAT,class_weighting,"otro escenario, otra semilla",0.9354899773500439,0.7541456046891771,0.32091512718447707
GNNExplainer,1:20,GAT,class_weighting,"otro escenario, misma semilla",0.9991732182985842,0.9972164701832751,0.9300699300699299
GNNExplainer,1:20,GAT,class_weighting,"otro escenario, otra semilla",0.9393796725503445,0.7706974182956826,0.3529981313263047
GNNExplainer,1:20,GAT,class_weighting,"otro escenario, otra semilla",0.9305674991953249,0.7371230640315731,0.33980942804472214
GNNExplainer,1:20,GAT,class_weighting,"otro escenario, otra semilla",0.9383746617838362,0.7663742220537451,0.3603534666228164
GNNExplainer,1:20,GAT,class_weighting,"otro escenario, misma semilla",0.9991188194990657,0.9958516485530029,0.9404040404040401
GNNExplainer,1:20,GAT,focal_loss,"mismo escenario, otra semilla",0.9148052121138405,0.647561137238135,0.20124412338034628
GNNExplainer,1:20,GAT,focal_loss,"mismo escenario, otra semilla",0.915268579425071,0.6883127335023851,0.29574174249096846
GNNExplainer,1:20,GAT,focal_loss,"mismo escenario, otra semilla",0.911395257015771,0.6501298749202372,0.24632890043106762
GNNExplainer,1:20,GAT,focal_loss,"otro escenario, misma semilla",0.9722741706958369,0.9087414337079965,0.7459657301762564
GNNExplainer,1:20,GAT,focal_loss,"otro escenario, otra semilla",0.9200310100785486,0.6787508778128443,0.21663062885973097
GNNExplainer,1:20,GAT,focal_loss,"otro escenario, otra semilla",0.9211978680887233,0.7137230368448674,0.35302766262518587
GNNExplainer,1:20,GAT,focal_loss,"otro escenario, otra semilla",0.9103117004977764,0.6329242809846549,0.1955137025570462
GNNExplainer,1:20,GAT,focal_loss,"otro escenario, misma semilla",0.9708418436190401,0.865396866795429,0.6358442726863779
GNNExplainer,1:20,GAT,focal_loss,"otro escenario, otra semilla",0.9179097470515283,0.6743172258969675,0.26789793740258133
GNNExplainer,1:20,GAT,focal_loss,"otro escenario, otra semilla",0.9112116172706075,0.6765976765028313,0.2843097247896009
GNNExplainer,1:20,GAT,focal_loss,"otro escenario, otra semilla",0.9137143828637335,0.6693903083171022,0.23461226595901513
GNNExplainer,1:20,GAT,focal_loss,"otro escenario, misma semilla",0.9589314499480392,0.8626328979077492,0.6165308375834692
GNNExplainer,1:20,TAGCN,none,"mismo escenario, otra semilla",0.9637007946702018,0.8290882611627456,0.4573404665509928
GNNExplainer,1:20,TAGCN,none,"mismo escenario, otra semilla",0.9650178319995778,0.8457341964142275,0.5337486587486587
GNNExplainer,1:20,TAGCN,none,"mismo escenario, otra semilla",0.9606870795055227,0.8205654028188377,0.547474025802199
GNNExplainer,1:20,TAGCN,none,"otro escenario, misma semilla",0.9226126026749777,0.6079499874778734,0.3500019845995078
GNNExplainer,1:20,TAGCN,none,"otro escenario, otra semilla",0.9140662106175816,0.5581380709690895,0.2811822164763341
GNNExplainer,1:20,TAGCN,none,"otro escenario, otra semilla",0.9269912445204127,0.6291740206233697,0.30255452608393785
GNNExplainer,1:20,TAGCN,none,"otro escenario, otra semilla",0.9137897037732484,0.562672116382229,0.30668816334451005
GNNExplainer,1:20,TAGCN,none,"otro escenario, misma semilla",0.9103457620003482,0.5379772613370369,0.23946656485356171
GNNExplainer,1:20,TAGCN,none,"otro escenario, otra semilla",0.9212708128405339,0.6002457081535356,0.26161885356931797
GNNExplainer,1:20,TAGCN,none,"otro escenario, otra semilla",0.9200274254744342,0.5884515374738206,0.31884140970828284
GNNExplainer,1:20,TAGCN,none,"otro escenario, otra semilla",0.9152851488451496,0.5610229671363222,0.2544989295763289
GNNExplainer,1:20,TAGCN,none,"otro escenario, misma semilla",0.9284396391939389,0.6361775887330362,0.32297177080458805
GNNExplainer,1:20,TAGCN,class_weighting,"mismo escenario, otra semilla",0.9647028501062035,0.8149653181289841,0.4515572920371681
GNNExplainer,1:20,TAGCN,class_weighting,"mismo escenario, otra semilla",0.902052367909157,0.5143410570895335,0.20512908717243086
GNNExplainer,1:20,TAGCN,class_weighting,"mismo escenario, otra semilla",0.90735092348404,0.5431312614371202,0.215250135141776
GNNExplainer,1:20,TAGCN,class_weighting,"otro escenario, misma semilla",0.9932179080096639,0.9663039655031939,0.7702408702408702
GNNExplainer,1:20,TAGCN,class_weighting,"otro escenario, otra semilla",0.9664198108610674,0.8207244238519172,0.4490092552786051
GNNExplainer,1:20,TAGCN,class_weighting,"otro escenario, otra semilla",0.9025605146877156,0.5150255660920351,0.22391256547603292
GNNExplainer,1:20,TAGCN,class_weighting,"otro escenario, otra semilla",0.9628113825313448,0.8052373856421212,0.4015847012751037
GNNExplainer,1:20,TAGCN,class_weighting,"otro escenario, misma semilla",0.9859502597921719,0.929393799213282,0.6951239793345058
GNNExplainer,1:20,TAGCN,class_weighting,"otro escenario, otra semilla",0.9065180953094364,0.5374881068023136,0.21480293871934739
GNNExplainer,1:20,TAGCN,class_weighting,"otro escenario, otra semilla",0.9026874201219096,0.5168487945342517,0.19962799784781213
GNNExplainer,1:20,TAGCN,class_weighting,"otro escenario, otra semilla",0.9081382022681966,0.5493104993206228,0.20616574115026126
GNNExplainer,1:20,TAGCN,class_weighting,"otro escenario, misma semilla",0.9952703055623382,0.9862283907183416,0.8962121212121209
GNNExplainer,1:20,TAGCN,focal_loss,"mismo escenario, otra semilla",0.963127036461607,0.8249560089589498,0.5278831591525089
GNNExplainer,1:20,TAGCN,focal_loss,"mismo escenario, otra semilla",0.9458185551116657,0.740941021505087,0.3322773202030167
GNNExplainer,1:20,TAGCN,focal_loss,"mismo escenario, otra semilla",0.945541169136621,0.7476910626413554,0.4011542636929633
GNNExplainer,1:20,TAGCN,focal_loss,"otro escenario, misma semilla",0.9443101973636459,0.7349635680251213,0.35429405762223093
GNNExplainer,1:20,TAGCN,focal_loss,"otro escenario, otra semilla",0.9409549391493728,0.7194510925216508,0.3393811640715665
GNNExplainer,1:20,TAGCN,focal_loss,"otro escenario, otra semilla",0.9274801886125147,0.6370698250277672,0.27158058086850645
GNNExplainer,1:20,TAGCN,focal_loss,"otro escenario, otra semilla",0.9246928755646627,0.6151118818489988,0.2692363450103388
GNNExplainer,1:20,TAGCN,focal_loss,"otro escenario, misma semilla",0.9248586220262195,0.6210860944655132,0.27815274107843774
GNNExplainer,1:20,TAGCN,focal_loss,"otro escenario, otra semilla",0.9303557788046948,0.6583927872248175,0.30802269625799034
GNNExplainer,1:20,TAGCN,focal_loss,"otro escenario, otra semilla",0.928035450844581,0.6449331785861846,0.27707497753937377
GNNExplainer,1:20,TAGCN,focal_loss,"otro escenario, otra semilla",0.9235251067030616,0.6299595591681899,0.27841839389826994
GNNExplainer,1:20,TAGCN,focal_loss,"otro escenario, misma semilla",0.9229176200988967,0.6078591714044861,0.25547144633831936
GNNExplainer,native,GCN,none,"mismo escenario, otra semilla",0.9139287675396628,0.6749278949537781,0.18138401559454193
GNNExplainer,native,GCN,none,"mismo escenario, otra semilla",0.9088162194943745,0.6552676704002369,0.19479417497993345
GNNExplainer,native,GCN,none,"mismo escenario, otra semilla",0.9172302617889254,0.6913982342456333,0.3243895938942379
GNNExplainer,native,GCN,class_weighting,"mismo escenario, otra semilla",0.9232796912294348,0.736449172967943,0.2927386339151045
GNNExplainer,native,GCN,class_weighting,"mismo escenario, otra semilla",0.9149868869004004,0.7242645147016361,0.27309188632718034
GNNExplainer,native,GCN,class_weighting,"mismo escenario, otra semilla",0.928872212668203,0.7828156211639598,0.3642258612846848
GNNExplainer,native,GCN,focal_loss,"mismo escenario, otra semilla",0.9189405242891131,0.6930499278155818,0.2890481923763657
GNNExplainer,native,GCN,focal_loss,"mismo escenario, otra semilla",0.9156753980965339,0.6845461520236479,0.25813701548995666
GNNExplainer,native,GCN,focal_loss,"mismo escenario, otra semilla",0.9093954328717068,0.6714502536009813,0.23868627072961432
GNNExplainer,native,GraphSAGE,none,"mismo escenario, otra semilla",0.9252959344928511,0.7086619334190053,0.3581450798943059
GNNExplainer,native,GraphSAGE,none,"mismo escenario, otra semilla",0.9336202822226981,0.7429905187743665,0.3540352893294069
GNNExplainer,native,GraphSAGE,none,"mismo escenario, otra semilla",0.9333702146101281,0.7433923112540782,0.35270445641962667
GNNExplainer,native,GraphSAGE,class_weighting,"mismo escenario, otra semilla",0.9538176213213235,0.7997884057603623,0.4774675616780879
GNNExplainer,native,GraphSAGE,class_weighting,"mismo escenario, otra semilla",0.9700572197283507,0.872387842330178,0.5369608461713724
GNNExplainer,native,GraphSAGE,class_weighting,"mismo escenario, otra semilla",0.9584118279225609,0.8203438689031347,0.5418410823209584
GNNExplainer,native,GraphSAGE,focal_loss,"mismo escenario, otra semilla",0.9293330845050505,0.7435354853044202,0.26739627474921596
GNNExplainer,native,GraphSAGE,focal_loss,"mismo escenario, otra semilla",0.9283283372392126,0.7317474933747631,0.2690898941672935
GNNExplainer,native,GraphSAGE,focal_loss,"mismo escenario, otra semilla",0.9344856991074557,0.7658363278957928,0.30564133435650465
GNNExplainer,native,GAT,none,"mismo escenario, otra semilla",0.937828558451418,0.7054891782737,0.35148633902503873
GNNExplainer,native,GAT,none,"mismo escenario, otra semilla",0.9079561742699267,0.5740182064657928,0.2932951551372603
GNNExplainer,native,GAT,none,"mismo escenario, otra semilla",0.925357128729051,0.663300241584846,0.2927048957234716
GNNExplainer,native,GAT,class_weighting,"mismo escenario, otra semilla",0.9350796733512576,0.7510574205093953,0.332819889089239
GNNExplainer,native,GAT,class_weighting,"mismo escenario, otra semilla",0.9291196174680727,0.7320790671693774,0.34386925710455124
GNNExplainer,native,GAT,class_weighting,"mismo escenario, otra semilla",0.9386782858721066,0.7667620006220796,0.35721956348891326
GNNExplainer,native,GAT,focal_loss,"mismo escenario, otra semilla",0.9146882008225607,0.6536789577879171,0.20644544367454581
GNNExplainer,native,GAT,focal_loss,"mismo escenario, otra semilla",0.9170737318832612,0.7060212374005711,0.35151079856962203
GNNExplainer,native,GAT,focal_loss,"mismo escenario, otra semilla",0.9188998784186141,0.6882197614408538,0.2676000584669315
GNNExplainer,native,TAGCN,none,"mismo escenario, otra semilla",0.9521955232557752,0.7661126839530185,0.44079890697537755
GNNExplainer,native,TAGCN,none,"mismo escenario, otra semilla",0.9533742624454135,0.7779571371369476,0.474207165383636
GNNExplainer,native,TAGCN,none,"mismo escenario, otra semilla",0.9521054552295152,0.7742412860660522,0.4660471881060116
GNNExplainer,native,TAGCN,class_weighting,"mismo escenario, otra semilla",0.9640004074526983,0.8093110875698134,0.44171497004314336
GNNExplainer,native,TAGCN,class_weighting,"mismo escenario, otra semilla",0.9033801189302008,0.5180615820683792,0.21185996665872825
GNNExplainer,native,TAGCN,class_weighting,"mismo escenario, otra semilla",0.9069161521873171,0.5426585727785432,0.20048978655789804
GNNExplainer,native,TAGCN,focal_loss,"mismo escenario, otra semilla",0.9099132341943987,0.5474285284248901,0.21834692941504083
GNNExplainer,native,TAGCN,focal_loss,"mismo escenario, otra semilla",0.9306906405453638,0.6761285663999611,0.3383466206995619
GNNExplainer,native,TAGCN,focal_loss,"mismo escenario, otra semilla",0.9336279827872576,0.6623295465658164,0.2848017164580631
GNNExplainer,1:100_subil,GCN,none,"mismo escenario, otra semilla",0.9160326743429466,0.7168871076342083,0.2717261353484263
GNNExplainer,1:100_subil,GCN,none,"mismo escenario, otra semilla",0.9130368221420682,0.7054670067345596,0.1775394368273625
GNNExplainer,1:100_subil,GCN,none,"mismo escenario, otra semilla",0.918839221810215,0.7059463199423922,0.16673259947253757
GNNExplainer,1:100_subil,GCN,none,"otro escenario, misma semilla",0.9114872164272055,0.6893769496935694,0.2551505397480629
GNNExplainer,1:100_subil,GCN,none,"otro escenario, otra semilla",0.921955548185967,0.7210562453381354,0.22827575474634293
GNNExplainer,1:100_subil,GCN,none,"otro escenario, otra semilla",0.9162362490626426,0.694950362425778,0.2873991476932653
GNNExplainer,1:100_subil,GCN,none,"otro escenario, otra semilla",0.9003005411564212,0.6565334652611807,0.1793413271741445
GNNExplainer,1:100_subil,GCN,none,"otro escenario, misma semilla",0.9170019706841669,0.6954178704316293,0.21617057979287077
GNNExplainer,1:100_subil,GCN,none,"otro escenario, otra semilla",0.9073611723651813,0.6654243889150474,0.16105214015430733
GNNExplainer,1:100_subil,GCN,none,"otro escenario, otra semilla",0.901353115113075,0.6490466542777981,0.1597093223254214
GNNExplainer,1:100_subil,GCN,none,"otro escenario, otra semilla",0.905424910678553,0.6545155862112014,0.1787335987026389
GNNExplainer,1:100_subil,GCN,none,"otro escenario, misma semilla",0.9043339442163923,0.6641863870426098,0.1810727799891886
GNNExplainer,1:100_subil,GCN,class_weighting,"mismo escenario, otra semilla",0.930363597880556,0.8059647624356605,0.464334329814206
GNNExplainer,1:100_subil,GCN,class_weighting,"mismo escenario, otra semilla",0.8880818515556756,0.6267639342411201,0.15092879256965944
GNNExplainer,1:100_subil,GCN,class_weighting,"mismo escenario, otra semilla",0.8957883556862922,0.6541500097962416,0.17282421740626075
GNNExplainer,1:100_subil,GCN,class_weighting,"otro escenario, misma semilla",0.890129155664014,0.6155130320152044,0.21062050551214637
GNNExplainer,1:100_subil,GCN,class_weighting,"otro escenario, otra semilla",0.8890454616349711,0.6227644491796871,0.19983619178665618
GNNExplainer,1:100_subil,GCN,class_weighting,"otro escenario, otra semilla",0.9059915507584967,0.6756073588327994,0.23049658459875172
GNNExplainer,1:100_subil,GCN,class_weighting,"otro escenario, otra semilla",0.8781984588478516,0.586487783131339,0.17125739184562716
GNNExplainer,1:100_subil,GCN,class_weighting,"otro escenario, misma semilla",0.8830482011444765,0.6058513592675546,0.1900826412436319
GNNExplainer,1:100_subil,GCN,class_weighting,"otro escenario, otra semilla",0.9094896352767724,0.7029110142702636,0.22211328976034855
GNNExplainer,1:100_subil,GCN,class_weighting,"otro escenario, otra semilla",0.879758539340872,0.5951372693215241,0.1705206644061133
GNNExplainer,1:100_subil,GCN,class_weighting,"otro escenario, otra semilla",0.8880693142798559,0.6160725137078659,0.20981507312776657
GNNExplainer,1:100_subil,GCN,class_weighting,"otro escenario, misma semilla",0.9140117283304681,0.7229939389572224,0.20029526430455225
GNNExplainer,1:100_subil,GCN,focal_loss,"mismo escenario, otra semilla",0.9360259255251063,0.7154051012254456,0.35662413495230827
GNNExplainer,1:100_subil,GCN,focal_loss,"mismo escenario, otra semilla",0.9149014762869723,0.666988530341025,0.31143250454395965
GNNExplainer,1:100_subil,GCN,focal_loss,"mismo escenario, otra semilla",0.9222201828480348,0.6927697689703743,0.29059627449720327
GNNExplainer,1:100_subil,GCN,focal_loss,"otro escenario, misma semilla",0.9337368583408437,0.7329137865241484,0.386255545853069
GNNExplainer,1:100_subil,GCN,focal_loss,"otro escenario, otra semilla",0.9199857100233245,0.6804782529289862,0.2895719061353736
GNNExplainer,1:100_subil,GCN,focal_loss,"otro escenario, otra semilla",0.9170039389745172,0.6907381122438108,0.2540341867741248
GNNExplainer,1:100_subil,GCN,focal_loss,"otro escenario, otra semilla",0.9098331103795387,0.6497027908548815,0.24998591879396828
GNNExplainer,1:100_subil,GCN,focal_loss,"otro escenario, misma semilla",0.916960598202366,0.6685018356174619,0.310710379518429
GNNExplainer,1:100_subil,GCN,focal_loss,"otro escenario, otra semilla",0.9122691344299423,0.6850154166610772,0.27873671735900835
GNNExplainer,1:100_subil,GCN,focal_loss,"otro escenario, otra semilla",0.9396629652749126,0.7552625157677569,0.3784415475591947
GNNExplainer,1:100_subil,GCN,focal_loss,"otro escenario, otra semilla",0.9453328511830977,0.7720585420388325,0.372753716871364
GNNExplainer,1:100_subil,GCN,focal_loss,"otro escenario, misma semilla",0.9475775350953559,0.8014622516503779,0.4247975708502024
GNNExplainer,1:100_subil,GraphSAGE,none,"mismo escenario, otra semilla",0.9336150572552029,0.7665091133468788,0.2940865234982882
GNNExplainer,1:100_subil,GraphSAGE,none,"mismo escenario, otra semilla",0.9324063089099821,0.7575263224627079,0.3042058703823409
GNNExplainer,1:100_subil,GraphSAGE,none,"mismo escenario, otra semilla",0.9303754065315768,0.7419562256826185,0.2804018278476483
GNNExplainer,1:100_subil,GraphSAGE,none,"otro escenario, misma semilla",0.9149777121755635,0.6906013505216658,0.2709054561995739
GNNExplainer,1:100_subil,GraphSAGE,none,"otro escenario, otra semilla",0.917395652214799,0.7114418147492452,0.2707731810672987
GNNExplainer,1:100_subil,GraphSAGE,none,"otro escenario, otra semilla",0.9127400914322656,0.6907377205532155,0.27371026233255336
GNNExplainer,1:100_subil,GraphSAGE,none,"otro escenario, otra semilla",0.9176886410807187,0.6774960830540393,0.26474299121357947
GNNExplainer,1:100_subil,GraphSAGE,none,"otro escenario, misma semilla",0.9149095440214093,0.7000187398682667,0.29713663243075017
GNNExplainer,1:100_subil,GraphSAGE,none,"otro escenario, otra semilla",0.9101411335765522,0.6691125196225719,0.27327462698979715
GNNExplainer,1:100_subil,GraphSAGE,none,"otro escenario, otra semilla",0.9147256283089785,0.6614211306441621,0.20924968277909453
GNNExplainer,1:100_subil,GraphSAGE,none,"otro escenario, otra semilla",0.9160080538486232,0.6773941065344762,0.24030690098801555
GNNExplainer,1:100_subil,GraphSAGE,none,"otro escenario, misma semilla",0.9096705732803816,0.6461688052803207,0.21052492971997608
GNNExplainer,1:100_subil,GraphSAGE,class_weighting,"mismo escenario, otra semilla",0.9721424639267734,0.8779252871036056,0.5183674025779288
GNNExplainer,1:100_subil,GraphSAGE,class_weighting,"mismo escenario, otra semilla",0.9051310351175448,0.599780886426191,0.19573566268612705
GNNExplainer,1:100_subil,GraphSAGE,class_weighting,"mismo escenario, otra semilla",0.905235592014066,0.6151848622829934,0.2317374318148312
GNNExplainer,1:100_subil,GraphSAGE,class_weighting,"otro escenario, misma semilla",0.953312578141283,0.8038886234511463,0.42630140757075735
GNNExplainer,1:100_subil,GraphSAGE,class_weighting,"otro escenario, otra semilla",0.9566371185595864,0.8097365871154188,0.39641250562303193
GNNExplainer,1:100_subil,GraphSAGE,class_weighting,"otro escenario, otra semilla",0.8984090112773794,0.5873002950063303,0.24435296385760777
GNNExplainer,1:100_subil,GraphSAGE,class_weighting,"otro escenario, otra semilla",0.9564632819987423,0.815814311017061,0.4667929822728584
GNNExplainer,1:100_subil,GraphSAGE,class_weighting,"otro escenario, misma semilla",0.9562166962635102,0.8130130039236725,0.42889542231647493
GNNExplainer,1:100_subil,GraphSAGE,class_weighting,"otro escenario, otra semilla",0.900410755791662,0.5939647758200851,0.2511122577686044
GNNExplainer,1:100_subil,GraphSAGE,class_weighting,"otro escenario, otra semilla",0.9636111506444216,0.8500418254130813,0.48792007213059835
GNNExplainer,1:100_subil,GraphSAGE,class_weighting,"otro escenario, otra semilla",0.9607095069283598,0.8282099841746162,0.45882313421013105
GNNExplainer,1:100_subil,GraphSAGE,class_weighting,"otro escenario, misma semilla",0.8967422264037821,0.5652569295687869,0.24693580986150646
GNNExplainer,1:100_subil,GraphSAGE,focal_loss,"mismo escenario, otra semilla",0.9326032325601459,0.7408046657557984,0.2463274198568316
GNNExplainer,1:100_subil,GraphSAGE,focal_loss,"mismo escenario, otra semilla",0.9331413124644843,0.7370217554016046,0.28594412123823887
GNNExplainer,1:100_subil,GraphSAGE,focal_loss,"mismo escenario, otra semilla",0.935754120318727,0.7696506901749771,0.2889943246754392
GNNExplainer,1:100_subil,GraphSAGE,focal_loss,"otro escenario, misma semilla",0.9277725050607388,0.7189030406052846,0.2890368203061701
GNNExplainer,1:100_subil,GraphSAGE,focal_loss,"otro escenario, otra semilla",0.920540773215293,0.7098651352453531,0.26029370812652547
GNNExplainer,1:100_subil,GraphSAGE,focal_loss,"otro escenario, otra semilla",0.9237423777664555,0.7161501725864011,0.23409775066121816
GNNExplainer,1:100_subil,GraphSAGE,focal_loss,"otro escenario, otra semilla",0.9292944654856528,0.7298187066843753,0.26947745809974905
GNNExplainer,1:100_subil,GraphSAGE,focal_loss,"otro escenario, misma semilla",0.9203088559955219,0.7036541768291966,0.24515250544662306
GNNExplainer,1:100_subil,GraphSAGE,focal_loss,"otro escenario, otra semilla",0.9207637112321689,0.6984452842871549,0.24674758792405843
GNNExplainer,1:100_subil,GraphSAGE,focal_loss,"otro escenario, otra semilla",0.9332989288967346,0.7421969940662302,0.2904685040907951
GNNExplainer,1:100_subil,GraphSAGE,focal_loss,"otro escenario, otra semilla",0.9219812370943319,0.7225059961750291,0.24916892532991602
GNNExplainer,1:100_subil,GraphSAGE,focal_loss,"otro escenario, misma semilla",0.9282657485851574,0.7299748355437019,0.2757369794521497
GNNExplainer,1:100_subil,GAT,none,"mismo escenario, otra semilla",0.9434038087628299,0.7314685164980758,0.34416461591384184
GNNExplainer,1:100_subil,GAT,none,"mismo escenario, otra semilla",0.9252405104811591,0.6519683857715959,0.31889878840343233
GNNExplainer,1:100_subil,GAT,none,"mismo escenario, otra semilla",0.9407455669491042,0.715940388495438,0.32483260060659436
GNNExplainer,1:100_subil,GAT,none,"otro escenario, misma semilla",0.9522376407394614,0.7890517329375829,0.4375204717309981
GNNExplainer,1:100_subil,GAT,none,"otro escenario, otra semilla",0.9252335221755577,0.6296438342409355,0.31113105161092774
GNNExplainer,1:100_subil,GAT,none,"otro escenario, otra semilla",0.9141352711460399,0.5909061915503986,0.2667686200967934
GNNExplainer,1:100_subil,GAT,none,"otro escenario, otra semilla",0.9519431057042387,0.778041474647383,0.34192433240420855
GNNExplainer,1:100_subil,GAT,none,"otro escenario, misma semilla",0.9679933550037011,0.8318189825885564,0.45992204676415194
GNNExplainer,1:100_subil,GAT,none,"otro escenario, otra semilla",0.932150269054255,0.6762074060651994,0.30118677332299626
GNNExplainer,1:100_subil,GAT,none,"otro escenario, otra semilla",0.9100328558285157,0.5959538976537788,0.28312175154280417
GNNExplainer,1:100_subil,GAT,none,"otro escenario, otra semilla",0.931234392232725,0.6879837045253467,0.3237085612472609
GNNExplainer,1:100_subil,GAT,none,"otro escenario, misma semilla",0.9753583129915339,0.9029299485894361,0.5781884781884781
GNNExplainer,1:100_subil,GAT,class_weighting,"mismo escenario, otra semilla",0.9359736510705464,0.7602986249557164,0.31581864414681754
GNNExplainer,1:100_subil,GAT,class_weighting,"mismo escenario, otra semilla",0.9660413933908554,0.8652949748799038,0.5815486657591921
GNNExplainer,1:100_subil,GAT,class_weighting,"mismo escenario, otra semilla",0.9330450086603944,0.7446865424002634,0.2936257498950997
GNNExplainer,1:100_subil,GAT,class_weighting,"otro escenario, misma semilla",0.9652366856276705,0.862502700767875,0.5805391489602015
GNNExplainer,1:100_subil,GAT,class_weighting,"otro escenario, otra semilla",0.9344458779521744,0.7499550751654065,0.3337751429856693
GNNExplainer,1:100_subil,GAT,class_weighting,"otro escenario, otra semilla",0.9556767377312794,0.8200565929354079,0.4575942575942576
GNNExplainer,1:100_subil,GAT,class_weighting,"otro escenario, otra semilla",0.9336506994376748,0.7543749850975467,0.3173029985723484
GNNExplainer,1:100_subil,GAT,class_weighting,"otro escenario, misma semilla",0.9919012745280461,0.9792669872277349,0.8371406371406369
GNNExplainer,1:100_subil,GAT,class_weighting,"otro escenario, otra semilla",0.9335651698609829,0.7453392865813643,0.3001910255780224
GNNExplainer,1:100_subil,GAT,class_weighting,"otro escenario, otra semilla",0.9315125590790634,0.751228523487122,0.3592443905137403
GNNExplainer,1:100_subil,GAT,class_weighting,"otro escenario, otra semilla",0.9387349959984926,0.7746698713640591,0.37436445563380544
GNNExplainer,1:100_subil,GAT,class_weighting,"otro escenario, misma semilla",0.9398958802472042,0.770161421322364,0.3922857357067883
GNNExplainer,1:100_subil,GAT,focal_loss,"mismo escenario, otra semilla",0.9289803723690523,0.6453758912810362,0.29587801832383875
GNNExplainer,1:100_subil,GAT,focal_loss,"mismo escenario, otra semilla",0.9110079344628008,0.625306790380327,0.28894133901873836
GNNExplainer,1:100_subil,GAT,focal_loss,"mismo escenario, otra semilla",0.9121597927494943,0.6233388554421765,0.24059488842770577
GNNExplainer,1:100_subil,GAT,focal_loss,"otro escenario, misma semilla",0.9123852145397068,0.6309428227575576,0.3412737159641185
GNNExplainer,1:100_subil,GAT,focal_loss,"otro escenario, otra semilla",0.908032684508868,0.6223042437553621,0.2223871014892686
GNNExplainer,1:100_subil,GAT,focal_loss,"otro escenario, otra semilla",0.9091467797037155,0.6462376225570249,0.28686563694303635
GNNExplainer,1:100_subil,GAT,focal_loss,"otro escenario, otra semilla",0.9266863311234096,0.6545411859628458,0.25857980169125677
GNNExplainer,1:100_subil,GAT,focal_loss,"otro escenario, misma semilla",0.9316423498629611,0.6958036659201149,0.28421036880789197
GNNExplainer,1:100_subil,GAT,focal_loss,"otro escenario, otra semilla",0.908225324826215,0.5964926810152067,0.23614412476641575
GNNExplainer,1:100_subil,GAT,focal_loss,"otro escenario, otra semilla",0.9106831201795512,0.6518900630955718,0.29999568428360995
GNNExplainer,1:100_subil,GAT,focal_loss,"otro escenario, otra semilla",0.9135987727135879,0.6646264622076232,0.3135214859673064
GNNExplainer,1:100_subil,GAT,focal_loss,"otro escenario, misma semilla",0.9036570591284129,0.6394940823696609,0.27393600265117285
GNNExplainer,1:100_subil,TAGCN,none,"mismo escenario, otra semilla",0.9430577894220777,0.7270109970824128,0.3573206205559146
GNNExplainer,1:100_subil,TAGCN,none,"mismo escenario, otra semilla",0.9424573107184295,0.7419199988436753,0.3362379994732937
GNNExplainer,1:100_subil,TAGCN,none,"mismo escenario, otra semilla",0.9461378165616569,0.7312404468890676,0.3611757523522231
GNNExplainer,1:100_subil,TAGCN,none,"otro escenario, misma semilla",0.9507376837251779,0.765206821033567,0.39488436400201105
GNNExplainer,1:100_subil,TAGCN,none,"otro escenario, otra semilla",0.9336260662099111,0.6799124874287091,0.2832208096913979
GNNExplainer,1:100_subil,TAGCN,none,"otro escenario, otra semilla",0.9376956607584542,0.6943169542799515,0.27685783715195467
GNNExplainer,1:100_subil,TAGCN,none,"otro escenario, otra semilla",0.9372699605855191,0.7108616832531962,0.3281907634848811
GNNExplainer,1:100_subil,TAGCN,none,"otro escenario, misma semilla",0.9469641406884768,0.7475598109398451,0.3962310565251742
GNNExplainer,1:100_subil,TAGCN,none,"otro escenario, otra semilla",0.9405240502480585,0.7021271357468547,0.3053400847518494
GNNExplainer,1:100_subil,TAGCN,none,"otro escenario, otra semilla",0.9366327312097951,0.6990008346610262,0.3485258205846442
GNNExplainer,1:100_subil,TAGCN,none,"otro escenario, otra semilla",0.9332514686024264,0.6785700994947306,0.30040470079169773
GNNExplainer,1:100_subil,TAGCN,none,"otro escenario, misma semilla",0.9415174893819577,0.7079489845314118,0.3010182083711495
GNNExplainer,1:100_subil,TAGCN,class_weighting,"mismo escenario, otra semilla",0.9760426233420997,0.8686457879301396,0.46085515791398135
GNNExplainer,1:100_subil,TAGCN,class_weighting,"mismo escenario, otra semilla",0.9150619891684262,0.5735510938505726,0.2298974560584468
GNNExplainer,1:100_subil,TAGCN,class_weighting,"mismo escenario, otra semilla",0.9152453231931801,0.5711500398451229,0.2319094304388422
GNNExplainer,1:100_subil,TAGCN,class_weighting,"otro escenario, misma semilla",0.9717159190516381,0.8451835722821806,0.5113358863358862
GNNExplainer,1:100_subil,TAGCN,class_weighting,"otro escenario, otra semilla",0.9660899988190818,0.8174213971800441,0.4117325742712739
GNNExplainer,1:100_subil,TAGCN,class_weighting,"otro escenario, otra semilla",0.9045578514910366,0.5157708786032862,0.22949325929202088
GNNExplainer,1:100_subil,TAGCN,class_weighting,"otro escenario, otra semilla",0.9680200146033388,0.8348397376785057,0.4425962925962926
GNNExplainer,1:100_subil,TAGCN,class_weighting,"otro escenario, misma semilla",0.9725793500229009,0.8649632798829318,0.5651570651570651
GNNExplainer,1:100_subil,TAGCN,class_weighting,"otro escenario, otra semilla",0.9088168632707385,0.5422508327344376,0.2144628791687615
GNNExplainer,1:100_subil,TAGCN,class_weighting,"otro escenario, otra semilla",0.913246412309424,0.5719114221070497,0.2137137086053495
GNNExplainer,1:100_subil,TAGCN,class_weighting,"otro escenario, otra semilla",0.9131364955525576,0.5700278397124238,0.22632054621218703
GNNExplainer,1:100_subil,TAGCN,class_weighting,"otro escenario, misma semilla",0.978225659046786,0.9233816167829385,0.7069861511037981
GNNExplainer,1:100_subil,TAGCN,focal_loss,"mismo escenario, otra semilla",0.9124511229110163,0.5276117645845271,0.19557005888275236
GNNExplainer,1:100_subil,TAGCN,focal_loss,"mismo escenario, otra semilla",0.9241735753928496,0.6080924011457138,0.23345521294437702
GNNExplainer,1:100_subil,TAGCN,focal_loss,"mismo escenario, otra semilla",0.9355684159043807,0.6747815761214438,0.3363780554957026
GNNExplainer,1:100_subil,TAGCN,focal_loss,"otro escenario, misma semilla",0.9606609121703236,0.825764873038299,0.48922209255026583
GNNExplainer,1:100_subil,TAGCN,focal_loss,"otro escenario, otra semilla",0.904696757171252,0.5164814257047294,0.19115640408210063
GNNExplainer,1:100_subil,TAGCN,focal_loss,"otro escenario, otra semilla",0.9166828100999206,0.5860563394984667,0.2379392107720281
GNNExplainer,1:100_subil,TAGCN,focal_loss,"otro escenario, otra semilla",0.9194064537873886,0.5768965665777842,0.18523105148492147
GNNExplainer,1:100_subil,TAGCN,focal_loss,"otro escenario, misma semilla",0.9602590960581966,0.8043237768330908,0.5351298483651424
GNNExplainer,1:100_subil,TAGCN,focal_loss,"otro escenario, otra semilla",0.9385179010740152,0.7023458645609697,0.312325528501999
GNNExplainer,1:100_subil,TAGCN,focal_loss,"otro escenario, otra semilla",0.9357121781152774,0.6807350428300276,0.3382784827831267
GNNExplainer,1:100_subil,TAGCN,focal_loss,"otro escenario, otra semilla",0.9311976200320401,0.6471379875053812,0.2910131664001632
GNNExplainer,1:100_subil,TAGCN,focal_loss,"otro escenario, misma semilla",0.9567426830555713,0.780261221064685,0.41837726543608894
GNNExplainer,1:200_subil,GCN,none,"mismo escenario, otra semilla",0.912432686887408,0.7138106004109204,0.263287964758553
GNNExplainer,1:200_subil,GCN,none,"mismo escenario, otra semilla",0.9072486423809037,0.6869235232850497,0.2046681245597654
GNNExplainer,1:200_subil,GCN,none,"mismo escenario, otra semilla",0.9081323487905218,0.6884468616066061,0.1927899814896719
GNNExplainer,1:200_subil,GCN,none,"otro escenario, misma semilla",0.9183098711565507,0.7059440161348456,0.26366324307500777
GNNExplainer,1:200_subil,GCN,none,"otro escenario, otra semilla",0.9082218126527507,0.6895786507980163,0.25162620603797076
GNNExplainer,1:200_subil,GCN,none,"otro escenario, otra semilla",0.9012883797853891,0.6447621187421165,0.17617819057447542
GNNExplainer,1:200_subil,GCN,none,"otro escenario, otra semilla",0.9083532484507051,0.6835492407602424,0.2021352400609366
GNNExplainer,1:200_subil,GCN,none,"otro escenario, misma semilla",0.8999074513675022,0.6713744425508532,0.21012621422838137
GNNExplainer,1:200_subil,GCN,none,"otro escenario, otra semilla",0.8962423545776443,0.6559437089206567,0.21451873146919587
GNNExplainer,1:200_subil,GCN,none,"otro escenario, otra semilla",0.9064813784192812,0.6625903987048688,0.1999840286991989
GNNExplainer,1:200_subil,GCN,none,"otro escenario, otra semilla",0.8964926374249447,0.6732862309407097,0.25625583566760035
GNNExplainer,1:200_subil,GCN,none,"otro escenario, misma semilla",0.8959320013949684,0.6368215589677032,0.19418317034416105
GNNExplainer,1:200_subil,GCN,class_weighting,"mismo escenario, otra semilla",0.928275429200056,0.7735506936026082,0.3760179878600931
GNNExplainer,1:200_subil,GCN,class_weighting,"mismo escenario, otra semilla",0.8954126003964816,0.6479428056008186,0.171843825249398
GNNExplainer,1:200_subil,GCN,class_weighting,"mismo escenario, otra semilla",0.898751085918165,0.6625448823561153,0.16949031074418072
GNNExplainer,1:200_subil,GCN,class_weighting,"otro escenario, misma semilla",0.8948577223255065,0.6142810262046904,0.20314536970883712
GNNExplainer,1:200_subil,GCN,class_weighting,"otro escenario, otra semilla",0.8953371687093354,0.6458726297583848,0.19065474142873523
GNNExplainer,1:200_subil,GCN,class_weighting,"otro escenario, otra semilla",0.906545941147317,0.6804453377636694,0.23489688272970002
GNNExplainer,1:200_subil,GCN,class_weighting,"otro escenario, otra semilla",0.8830282550408742,0.5841508648665555,0.18535554572706273
GNNExplainer,1:200_subil,GCN,class_weighting,"otro escenario, misma semilla",0.8850591224317033,0.6082753676462983,0.18651940308287057
GNNExplainer,1:200_subil,GCN,class_weighting,"otro escenario, otra semilla",0.9105915621445391,0.708370696889513,0.22026143790849673
GNNExplainer,1:200_subil,GCN,class_weighting,"otro escenario, otra semilla",0.8888912654490717,0.607262610652333,0.18960391174013458
GNNExplainer,1:200_subil,GCN,class_weighting,"otro escenario, otra semilla",0.8923182171997281,0.6319779855186376,0.19964126001277702
GNNExplainer,1:200_subil,GCN,class_weighting,"otro escenario, misma semilla",0.9133904042703934,0.7227593537194325,0.2016454535030387
GNNExplainer,1:200_subil,GCN,focal_loss,"mismo escenario, otra semilla",0.9060998902227724,0.6339380834581422,0.1850762527233115
GNNExplainer,1:200_subil,GCN,focal_loss,"mismo escenario, otra semilla",0.9198003692851905,0.6827581920201506,0.21150384130260286
GNNExplainer,1:200_subil,GCN,focal_loss,"mismo escenario, otra semilla",0.9193975543662396,0.6798923951456005,0.3019441342970755
GNNExplainer,1:200_subil,GCN,focal_loss,"otro escenario, misma semilla",0.9200279637369722,0.6976652190022381,0.28976592436344756
GNNExplainer,1:200_subil,GCN,focal_loss,"otro escenario, otra semilla",0.9205181014320566,0.6784982966335921,0.2825745862897565
GNNExplainer,1:200_subil,GCN,focal_loss,"otro escenario, otra semilla",0.911366569655949,0.6529249673204343,0.2274483657610592
GNNExplainer,1:200_subil,GCN,focal_loss,"otro escenario, otra semilla",0.9041852492587047,0.6507347744920685,0.19593796582960665
GNNExplainer,1:200_subil,GCN,focal_loss,"otro escenario, misma semilla",0.9312096415829808,0.7218425887209883,0.42440608067543045
GNNExplainer,1:200_subil,GCN,focal_loss,"otro escenario, otra semilla",0.9143462267717386,0.6870334563772299,0.25147386439956093
GNNExplainer,1:200_subil,GCN,focal_loss,"otro escenario, otra semilla",0.9356211310187093,0.74476209053805,0.26551509492685965
GNNExplainer,1:200_subil,GCN,focal_loss,"otro escenario, otra semilla",0.9140227815632733,0.6620464438601241,0.31712035241447
GNNExplainer,1:200_subil,GCN,focal_loss,"otro escenario, misma semilla",0.9387383266761031,0.7497013498861276,0.3875919688613187
GNNExplainer,1:200_subil,GraphSAGE,none,"mismo escenario, otra semilla",0.9576815360898059,0.7996546048249715,0.4487700208288444
GNNExplainer,1:200_subil,GraphSAGE,none,"mismo escenario, otra semilla",0.9679533702913424,0.8683474753951697,0.49656944362826716
GNNExplainer,1:200_subil,GraphSAGE,none,"mismo escenario, otra semilla",0.9604554759711216,0.8257165958519291,0.43464590964590966
GNNExplainer,1:200_subil,GraphSAGE,none,"otro escenario, misma semilla",0.911357037773841,0.6621452971943907,0.2907252734652115
GNNExplainer,1:200_subil,GraphSAGE,none,"otro escenario, otra semilla",0.9092295715670701,0.6448792062662978,0.2933863378909818
GNNExplainer,1:200_subil,GraphSAGE,none,"otro escenario, otra semilla",0.9094831266854831,0.639499246714745,0.2374375481186627
GNNExplainer,1:200_subil,GraphSAGE,none,"otro escenario, otra semilla",0.9173618907710743,0.6693681815579549,0.3174663027604204
GNNExplainer,1:200_subil,GraphSAGE,none,"otro escenario, misma semilla",0.9145995025577359,0.664705826761982,0.32384672717490054
GNNExplainer,1:200_subil,GraphSAGE,none,"otro escenario, otra semilla",0.9188142075035367,0.680965290367792,0.31217529746941514
GNNExplainer,1:200_subil,GraphSAGE,none,"otro escenario, otra semilla",0.9164809467287459,0.6796458648861553,0.2772953625894802
GNNExplainer,1:200_subil,GraphSAGE,none,"otro escenario, otra semilla",0.9147655748508691,0.6748176666344488,0.27844513873925636
GNNExplainer,1:200_subil,GraphSAGE,none,"otro escenario, misma semilla",0.9146836891334117,0.6742192691901273,0.2416781332416007
GNNExplainer,1:200_subil,GraphSAGE,class_weighting,"mismo escenario, otra semilla",0.9719372600137286,0.8748793845640896,0.5337359807948042
GNNExplainer,1:200_subil,GraphSAGE,class_weighting,"mismo escenario, otra semilla",0.9165840168554947,0.6598124389556633,0.2897700195687811
GNNExplainer,1:200_subil,GraphSAGE,class_weighting,"mismo escenario, otra semilla",0.9109480372923524,0.6438925394200623,0.25104273378267183
GNNExplainer,1:200_subil,GraphSAGE,class_weighting,"otro escenario, misma semilla",0.95166543364804,0.7938846475772763,0.36429828341593057
GNNExplainer,1:200_subil,GraphSAGE,class_weighting,"otro escenario, otra semilla",0.944711214048015,0.7602575028259939,0.3770688175486937
GNNExplainer,1:200_subil,GraphSAGE,class_weighting,"otro escenario, otra semilla",0.8998001115615472,0.5877764567241727,0.2270578406801317
GNNExplainer,1:200_subil,GraphSAGE,class_weighting,"otro escenario, otra semilla",0.9460660899251597,0.7726881063015506,0.36226496528354113
GNNExplainer,1:200_subil,GraphSAGE,class_weighting,"otro escenario, misma semilla",0.9435737667742675,0.7616425330071498,0.38133791160106945
GNNExplainer,1:200_subil,GraphSAGE,class_weighting,"otro escenario, otra semilla",0.9052044112263796,0.5988971721942314,0.2496068602879748
GNNExplainer,1:200_subil,GraphSAGE,class_weighting,"otro escenario, otra semilla",0.9509831668029726,0.7869555010885649,0.3718379659556131
GNNExplainer,1:200_subil,GraphSAGE,class_weighting,"otro escenario, otra semilla",0.9427102522094933,0.7494884369058565,0.3607637575129835
GNNExplainer,1:200_subil,GraphSAGE,class_weighting,"otro escenario, misma semilla",0.8997858581453908,0.5675486610488351,0.23909487771716875
GNNExplainer,1:200_subil,GraphSAGE,focal_loss,"mismo escenario, otra semilla",0.9332718409202262,0.7651115552553629,0.29475568004979763
GNNExplainer,1:200_subil,GraphSAGE,focal_loss,"mismo escenario, otra semilla",0.9314059250256402,0.7531005124293861,0.3047756709521415
GNNExplainer,1:200_subil,GraphSAGE,focal_loss,"mismo escenario, otra semilla",0.9302722125645163,0.741824113307248,0.2757428702475142
GNNExplainer,1:200_subil,GraphSAGE,focal_loss,"otro escenario, misma semilla",0.9197654650095273,0.7100835369405875,0.27059790627902086
GNNExplainer,1:200_subil,GraphSAGE,focal_loss,"otro escenario, otra semilla",0.9193147860198276,0.704860485452675,0.23970777244771047
GNNExplainer,1:200_subil,GraphSAGE,focal_loss,"otro escenario, otra semilla",0.9216176732401787,0.706804751320368,0.2866672399954134
GNNExplainer,1:200_subil,GraphSAGE,focal_loss,"otro escenario, otra semilla",0.9139687692897926,0.6924834415253798,0.2551353874883286
GNNExplainer,1:200_subil,GraphSAGE,focal_loss,"otro escenario, misma semilla",0.9219612501037542,0.7162360080785479,0.25120194276541025
GNNExplainer,1:200_subil,GraphSAGE,focal_loss,"otro escenario, otra semilla",0.9131257309790501,0.6730163606370373,0.243006869864455
GNNExplainer,1:200_subil,GraphSAGE,focal_loss,"otro escenario, otra semilla",0.9233900911112553,0.7219948894605657,0.2934054908513113
GNNExplainer,1:200_subil,GraphSAGE,focal_loss,"otro escenario, otra semilla",0.9243170858066934,0.7242585533013839,0.2550462065167947
GNNExplainer,1:200_subil,GraphSAGE,focal_loss,"otro escenario, misma semilla",0.9246905586253428,0.7120756994112292,0.2492452536570183
GNNExplainer,1:200_subil,GAT,none,"mismo escenario, otra semilla",0.942971366237041,0.7196520647721015,0.3934116937986907
GNNExplainer,1:200_subil,GAT,none,"mismo escenario, otra semilla",0.9303083118390114,0.6708335474649807,0.3552415306285275
GNNExplainer,1:200_subil,GAT,none,"mismo escenario, otra semilla",0.9531850920241671,0.7783291579126347,0.41489422743292703
GNNExplainer,1:200_subil,GAT,none,"otro escenario, misma semilla",0.946812429299814,0.7527561655662434,0.4171836047223044
GNNExplainer,1:200_subil,GAT,none,"otro escenario, otra semilla",0.924878863324663,0.6364159262022198,0.33900897290990173
GNNExplainer,1:200_subil,GAT,none,"otro escenario, otra semilla",0.9135918326620512,0.5849254571479341,0.2787415199179905
GNNExplainer,1:200_subil,GAT,none,"otro escenario, otra semilla",0.9552903021967911,0.7866981837576392,0.3317171906181194
GNNExplainer,1:200_subil,GAT,none,"otro escenario, misma semilla",0.9417663270942318,0.7147543773137678,0.3167867506876795
GNNExplainer,1:200_subil,GAT,none,"otro escenario, otra semilla",0.9311101507498488,0.6620094086797134,0.30245556244008254
GNNExplainer,1:200_subil,GAT,none,"otro escenario, otra semilla",0.9170670640873191,0.6324201289015584,0.29530482990235307
GNNExplainer,1:200_subil,GAT,none,"otro escenario, otra semilla",0.9406361221984992,0.7404366952236006,0.3473323345614367
GNNExplainer,1:200_subil,GAT,none,"otro escenario, misma semilla",0.9666940101401732,0.8714678934060077,0.5343545343545343
GNNExplainer,1:200_subil,GAT,class_weighting,"mismo escenario, otra semilla",0.9343753682596557,0.7368332785408376,0.36334302951950015
GNNExplainer,1:200_subil,GAT,class_weighting,"mismo escenario, otra semilla",0.937420664652525,0.7474546178904193,0.36535607495359823
GNNExplainer,1:200_subil,GAT,class_weighting,"mismo escenario, otra semilla",0.9407605647868068,0.7703324026054282,0.3770373961550433
GNNExplainer,1:200_subil,GAT,class_weighting,"otro escenario, misma semilla",0.9587618812197759,0.8298278817606796,0.5764981607086869
GNNExplainer,1:200_subil,GAT,class_weighting,"otro escenario, otra semilla",0.9386875080900868,0.7643870960874506,0.3620496061672533
GNNExplainer,1:200_subil,GAT,class_weighting,"otro escenario, otra semilla",0.9309561674850497,0.7344725509850915,0.3063067107184754
GNNExplainer,1:200_subil,GAT,class_weighting,"otro escenario, otra semilla",0.9301261099906347,0.7199977383153282,0.3318184538772774
GNNExplainer,1:200_subil,GAT,class_weighting,"otro escenario, misma semilla",0.9798353145219114,0.9259668375440875,0.7229519792213289
GNNExplainer,1:200_subil,GAT,class_weighting,"otro escenario, otra semilla",0.9361686881385147,0.7512188797675505,0.34436902966314736
GNNExplainer,1:200_subil,GAT,class_weighting,"otro escenario, otra semilla",0.9320670628958416,0.7335882653714176,0.40185205518022854
GNNExplainer,1:200_subil,GAT,class_weighting,"otro escenario, otra semilla",0.9387306664890197,0.7732698523336838,0.37916157916157917
GNNExplainer,1:200_subil,GAT,class_weighting,"otro escenario, misma semilla",0.9820585631099307,0.9381189335817101,0.7170940170940173
GNNExplainer,1:200_subil,GAT,focal_loss,"mismo escenario, otra semilla",0.9261633638400324,0.6456561928815919,0.283231961250537
GNNExplainer,1:200_subil,GAT,focal_loss,"mismo escenario, otra semilla",0.9184619359895155,0.6922652859115233,0.42269188786216644
GNNExplainer,1:200_subil,GAT,focal_loss,"mismo escenario, otra semilla",0.9068977663113809,0.6202928691999322,0.28735016273715963
GNNExplainer,1:200_subil,GAT,focal_loss,"otro escenario, misma semilla",0.912695054981176,0.6421771282268007,0.35098335330533464
GNNExplainer,1:200_subil,GAT,focal_loss,"otro escenario, otra semilla",0.908289704379414,0.616662003531523,0.2794970394815596
GNNExplainer,1:200_subil,GAT,focal_loss,"otro escenario, otra semilla",0.914646437845404,0.6767715221747014,0.34526351701274294
GNNExplainer,1:200_subil,GAT,focal_loss,"otro escenario, otra semilla",0.9271919855097369,0.6711164627857324,0.2541354328506031
GNNExplainer,1:200_subil,GAT,focal_loss,"otro escenario, misma semilla",0.9273154030692422,0.6678657953186161,0.28466755123101867
GNNExplainer,1:200_subil,GAT,focal_loss,"otro escenario, otra semilla",0.9072373125100177,0.6199189642587589,0.23959105909570297
GNNExplainer,1:200_subil,GAT,focal_loss,"otro escenario, otra semilla",0.9145056706098901,0.6695264782588819,0.31764664930299596
GNNExplainer,1:200_subil,GAT,focal_loss,"otro escenario, otra semilla",0.911214885663078,0.6371526523942224,0.3067313663288895
GNNExplainer,1:200_subil,GAT,focal_loss,"otro escenario, misma semilla",0.908925766925949,0.6567976727481052,0.3183965129011568
GNNExplainer,1:200_subil,TAGCN,none,"mismo escenario, otra semilla",0.9432850148775759,0.7293739526780743,0.34436902966314725
GNNExplainer,1:200_subil,TAGCN,none,"mismo escenario, otra semilla",0.9422545534318999,0.7423603303584871,0.33990100313629734
GNNExplainer,1:200_subil,TAGCN,none,"mismo escenario, otra semilla",0.9462820997300148,0.7321536031011424,0.3530991883933062
GNNExplainer,1:200_subil,TAGCN,none,"otro escenario, misma semilla",0.9506574053181521,0.7653287596099204,0.4022103713280183
GNNExplainer,1:200_subil,TAGCN,none,"otro escenario, otra semilla",0.9338463669139602,0.6813936335722857,0.2827324092029974
GNNExplainer,1:200_subil,TAGCN,none,"otro escenario, otra semilla",0.937656025549053,0.6937155953980486,0.27685783715195467
GNNExplainer,1:200_subil,TAGCN,none,"otro escenario, otra semilla",0.9369446824784092,0.7101448135743872,0.3337463190404366
GNNExplainer,1:200_subil,TAGCN,none,"otro escenario, misma semilla",0.9470439701143732,0.7484576399125049,0.40258026287438053
GNNExplainer,1:200_subil,TAGCN,none,"otro escenario, otra semilla",0.9405068810843754,0.7016384912128371,0.3053400847518494
GNNExplainer,1:200_subil,TAGCN,none,"otro escenario, otra semilla",0.9362604361366558,0.6981017187399051,0.35576025281907636
GNNExplainer,1:200_subil,TAGCN,none,"otro escenario, otra semilla",0.9336565105145195,0.6810154590501364,0.3035793039663009
GNNExplainer,1:200_subil,TAGCN,none,"otro escenario, misma semilla",0.9413395326726067,0.7068974930895632,0.30468121203415316
GNNExplainer,1:200_subil,TAGCN,class_weighting,"mismo escenario, otra semilla",0.9700660542369941,0.8412015757256976,0.4421074825873587
GNNExplainer,1:200_subil,TAGCN,class_weighting,"mismo escenario, otra semilla",0.9114277240742771,0.5674180342431833,0.2251726601571803
GNNExplainer,1:200_subil,TAGCN,class_weighting,"mismo escenario, otra semilla",0.9143735738336033,0.5804038074014158,0.24434329287270462
GNNExplainer,1:200_subil,TAGCN,class_weighting,"otro escenario, misma semilla",0.9599795840672272,0.7899062061346195,0.39303748653593845
GNNExplainer,1:200_subil,TAGCN,class_weighting,"otro escenario, otra semilla",0.9602796714237002,0.7938052051107392,0.3871336838829098
GNNExplainer,1:200_subil,TAGCN,class_weighting,"otro escenario, otra semilla",0.9033444914118457,0.5200826032679704,0.22546464829746557
GNNExplainer,1:200_subil,TAGCN,class_weighting,"otro escenario, otra semilla",0.9610715402113209,0.8037032739827127,0.38422243391283634
GNNExplainer,1:200_subil,TAGCN,class_weighting,"otro escenario, misma semilla",0.9649883694669603,0.8273969799350473,0.44765776019645986
GNNExplainer,1:200_subil,TAGCN,class_weighting,"otro escenario, otra semilla",0.9077331931091502,0.5473889224464267,0.21868150769079564
GNNExplainer,1:200_subil,TAGCN,class_weighting,"otro escenario, otra semilla",0.9108617267785564,0.5602220032948649,0.22156642234041615
GNNExplainer,1:200_subil,TAGCN,class_weighting,"otro escenario, otra semilla",0.914442345471673,0.5785811043466488,0.2608173273807949
GNNExplainer,1:200_subil,TAGCN,class_weighting,"otro escenario, misma semilla",0.9922567631869353,0.9599884292682405,0.7794612794612792
GNNExplainer,1:200_subil,TAGCN,focal_loss,"mismo escenario, otra semilla",0.9360152500747351,0.7116600379630583,0.2752920826450238
GNNExplainer,1:200_subil,TAGCN,focal_loss,"mismo escenario, otra semilla",0.9300314352242581,0.6812305244118894,0.2933922286863464
GNNExplainer,1:200_subil,TAGCN,focal_loss,"mismo escenario, otra semilla",0.9367118556527253,0.7362029228540427,0.2861871244224185
GNNExplainer,1:200_subil,TAGCN,focal_loss,"otro escenario, misma semilla",0.9196453515195542,0.6470993999080744,0.23786959228135693
GNNExplainer,1:200_subil,TAGCN,focal_loss,"otro escenario, otra semilla",0.929791635675285,0.6838178687631513,0.27198140696592704
GNNExplainer,1:200_subil,TAGCN,focal_loss,"otro escenario, otra semilla",0.9232855452552047,0.6707211226108185,0.23844128294592687
GNNExplainer,1:200_subil,TAGCN,focal_loss,"otro escenario, otra semilla",0.9179060673970901,0.6171488263527688,0.2593759726112667
GNNExplainer,1:200_subil,TAGCN,focal_loss,"otro escenario, misma semilla",0.925943530051844,0.6576159810890677,0.263978668390433
GNNExplainer,1:200_subil,TAGCN,focal_loss,"otro escenario, otra semilla",0.9233031055263086,0.6562278397638385,0.2760192966075319
GNNExplainer,1:200_subil,TAGCN,focal_loss,"otro escenario, otra semilla",0.9253395792007503,0.6630565996402249,0.2756380329909741
GNNExplainer,1:200_subil,TAGCN,focal_loss,"otro escenario, otra semilla",0.9285354609143351,0.6742215880444553,0.23016241584353028
GNNExplainer,1:200_subil,TAGCN,focal_loss,"otro escenario, misma semilla",0.9248102388774893,0.6664124567521991,0.23953070206940166
ShapleyFeatures,1:10,GCN,none,"mismo escenario, otra semilla",0.92831529809483,0.8519796918285004,0.4347466660160159
ShapleyFeatures,1:10,GCN,none,"mismo escenario, otra semilla",0.926472657240358,0.8426811638133378,0.37901134812899523
ShapleyFeatures,1:10,GCN,none,"mismo escenario, otra semilla",0.9329699130062603,0.8647333256079778,0.442141014586835
ShapleyFeatures,1:10,GCN,none,"otro escenario, misma semilla",0.9298860505398542,0.8579142346090771,0.4444517356282062
ShapleyFeatures,1:10,GCN,none,"otro escenario, otra semilla",0.9244846651541172,0.8495598149398051,0.3989460831566094
ShapleyFeatures,1:10,GCN,none,"otro escenario, otra semilla",0.9289783248586819,0.8526463496535944,0.3948729919318154
ShapleyFeatures,1:10,GCN,none,"otro escenario, otra semilla",0.9313812332168643,0.8587730877487438,0.43127020038784747
ShapleyFeatures,1:10,GCN,none,"otro escenario, misma semilla",0.9514649610605949,0.8986712885311859,0.518192918192918
ShapleyFeatures,1:10,GCN,none,"otro escenario, otra semilla",0.9292318467921225,0.8475799206500478,0.4139026550791256
ShapleyFeatures,1:10,GCN,none,"otro escenario, otra semilla",0.9239283165129635,0.8405605345878894,0.4284190067471801
ShapleyFeatures,1:10,GCN,none,"otro escenario, otra semilla",0.9321357126953524,0.8659700249772376,0.4531137564419297
ShapleyFeatures,1:10,GCN,none,"otro escenario, misma semilla",0.9467625903274647,0.9033217729359608,0.6133977133977134
ShapleyFeatures,1:10,GCN,class_weighting,"mismo escenario, otra semilla",0.9448038333310359,0.8998662938809935,0.5609097329685565
ShapleyFeatures,1:10,GCN,class_weighting,"mismo escenario, otra semilla",0.9152907255167056,0.8240442186778971,0.3752023976482181
ShapleyFeatures,1:10,GCN,class_weighting,"mismo escenario, otra semilla",0.915635798053038,0.8282531094478401,0.3851523605393574
ShapleyFeatures,1:10,GCN,class_weighting,"otro escenario, misma semilla",0.9269323450198965,0.8486164827762496,0.3941979445849416
ShapleyFeatures,1:10,GCN,class_weighting,"otro escenario, otra semilla",0.9226630182756089,0.836835018180876,0.3991387153151859
ShapleyFeatures,1:10,GCN,class_weighting,"otro escenario, otra semilla",0.9326495985994525,0.8532659734024933,0.3970438602791545
ShapleyFeatures,1:10,GCN,class_weighting,"otro escenario, otra semilla",0.918426065495474,0.8315220522541436,0.3697575701445671
ShapleyFeatures,1:10,GCN,class_weighting,"otro escenario, misma semilla",0.9196954438046172,0.8294512820600076,0.3876362600820805
ShapleyFeatures,1:10,GCN,class_weighting,"otro escenario, otra semilla",0.9286073889887922,0.8423359572075718,0.3808568996649492
ShapleyFeatures,1:10,GCN,class_weighting,"otro escenario, otra semilla",0.9204447269335733,0.8402348285762267,0.3905815317580023
ShapleyFeatures,1:10,GCN,class_weighting,"otro escenario, otra semilla",0.9207089051717661,0.8395571154520449,0.42079323039075356
ShapleyFeatures,1:10,GCN,class_weighting,"otro escenario, misma semilla",0.9237905738868427,0.8446110834838723,0.39889999634581674
ShapleyFeatures,1:10,GCN,focal_loss,"mismo escenario, otra semilla",0.9234535343886315,0.8460442963670204,0.4198892610657316
ShapleyFeatures,1:10,GCN,focal_loss,"mismo escenario, otra semilla",0.9256252258507568,0.8493706545647882,0.3973084105437046
ShapleyFeatures,1:10,GCN,focal_loss,"mismo escenario, otra semilla",0.9227863877543354,0.8441268624974091,0.38773372596902006
ShapleyFeatures,1:10,GCN,focal_loss,"otro escenario, misma semilla",0.9639497916233799,0.9279988756948556,0.6403596403596403
ShapleyFeatures,1:10,GCN,focal_loss,"otro escenario, otra semilla",0.9234340513604201,0.8404671253479442,0.3795619957384664
ShapleyFeatures,1:10,GCN,focal_loss,"otro escenario, otra semilla",0.9251154581323878,0.849957169931371,0.36154324977854385
ShapleyFeatures,1:10,GCN,focal_loss,"otro escenario, otra semilla",0.9293390659195501,0.8534743950897125,0.44407006249111514
ShapleyFeatures,1:10,GCN,focal_loss,"otro escenario, misma semilla",0.930922730394222,0.8671950910354703,0.42646879264526333
ShapleyFeatures,1:10,GCN,focal_loss,"otro escenario, otra semilla",0.9343750177947991,0.86766404572777,0.42413532746350074
ShapleyFeatures,1:10,GCN,focal_loss,"otro escenario, otra semilla",0.9262875784797765,0.8616123799068953,0.4204858866623572
ShapleyFeatures,1:10,GCN,focal_loss,"otro escenario, otra semilla",0.928341266839687,0.8524403992423163,0.4222168354521296
ShapleyFeatures,1:10,GCN,focal_loss,"otro escenario, misma semilla",0.969671384701479,0.9365993360319507,0.637784437784438
ShapleyFeatures,1:10,GraphSAGE,none,"mismo escenario, otra semilla",0.957327212321934,0.9165805636976996,0.5546548767137002
ShapleyFeatures,1:10,GraphSAGE,none,"mismo escenario, otra semilla",0.9592500499501512,0.9154331801547246,0.5987644708232942
ShapleyFeatures,1:10,GraphSAGE,none,"mismo escenario, otra semilla",0.9582374317383949,0.9157842057212195,0.5858559740912681
ShapleyFeatures,1:10,GraphSAGE,none,"otro escenario, misma semilla",0.9552761304943793,0.9179032830714173,0.5498307248307248
ShapleyFeatures,1:10,GraphSAGE,none,"otro escenario, otra semilla",0.9502823087832825,0.9060851087481961,0.5119975340563575
ShapleyFeatures,1:10,GraphSAGE,none,"otro escenario, otra semilla",0.9483538882895062,0.8986591182924547,0.47958484870249574
ShapleyFeatures,1:10,GraphSAGE,none,"otro escenario, otra semilla",0.9460273655438721,0.894751933109257,0.458429805488629
ShapleyFeatures,1:10,GraphSAGE,none,"otro escenario, misma semilla",0.9511955621953855,0.9028610610598641,0.5329392142085639
ShapleyFeatures,1:10,GraphSAGE,none,"otro escenario, otra semilla",0.9485208361376948,0.895420179431206,0.4711790932379167
ShapleyFeatures,1:10,GraphSAGE,none,"otro escenario, otra semilla",0.9493532820787753,0.8990174948148115,0.48571078903896237
ShapleyFeatures,1:10,GraphSAGE,none,"otro escenario, otra semilla",0.9474075000041422,0.8936270670628906,0.5361915174608674
ShapleyFeatures,1:10,GraphSAGE,none,"otro escenario, misma semilla",0.9613553724892947,0.9275934473606052,0.6061466311466313
ShapleyFeatures,1:10,GraphSAGE,class_weighting,"mismo escenario, otra semilla",0.9556786891827842,0.9195369327529657,0.5661449661449661
ShapleyFeatures,1:10,GraphSAGE,class_weighting,"mismo escenario, otra semilla",0.9636301591033578,0.9269612177236968,0.6374930624930624
ShapleyFeatures,1:10,GraphSAGE,class_weighting,"mismo escenario, otra semilla",0.9647289788901927,0.940441415912827,0.6142607392607392
ShapleyFeatures,1:10,GraphSAGE,class_weighting,"otro escenario, misma semilla",0.9855016816417774,0.9755094276765001,0.8308469308469311
ShapleyFeatures,1:10,GraphSAGE,class_weighting,"otro escenario, otra semilla",0.9556589650929561,0.9200791151513802,0.5769557240145475
ShapleyFeatures,1:10,GraphSAGE,class_weighting,"otro escenario, otra semilla",0.9609640568886354,0.9254573500949531,0.6461288711288711
ShapleyFeatures,1:10,GraphSAGE,class_weighting,"otro escenario, otra semilla",0.9568850956865662,0.9175055752585708,0.5726606726606727
ShapleyFeatures,1:10,GraphSAGE,class_weighting,"otro escenario, misma semilla",0.9892854307147966,0.9859518341668218,0.8313131313131309
ShapleyFeatures,1:10,GraphSAGE,class_weighting,"otro escenario, otra semilla",0.9664631663510719,0.9383606534775539,0.6389915639915641
ShapleyFeatures,1:10,GraphSAGE,class_weighting,"otro escenario, otra semilla",0.9611545533256034,0.9266122569415652,0.6172716172716171
ShapleyFeatures,1:10,GraphSAGE,class_weighting,"otro escenario, otra semilla",0.9642958625394249,0.9380560606345497,0.5988011988011989
ShapleyFeatures,1:10,GraphSAGE,class_weighting,"otro escenario, misma semilla",0.9860481554970847,0.9777726170317421,0.8257964257964256
ShapleyFeatures,1:10,GraphSAGE,focal_loss,"mismo escenario, otra semilla",0.9430581292696725,0.8913815700827001,0.4475107136871843
ShapleyFeatures,1:10,GraphSAGE,focal_loss,"mismo escenario, otra semilla",0.9486458073920639,0.898727359125238,0.4905800626388862
ShapleyFeatures,1:10,GraphSAGE,focal_loss,"mismo escenario, otra semilla",0.9496579504421894,0.904223982603508,0.5491199833305096
ShapleyFeatures,1:10,GraphSAGE,focal_loss,"otro escenario, misma semilla",0.9343305755470982,0.8726045255636072,0.40119246078998405
ShapleyFeatures,1:10,GraphSAGE,focal_loss,"otro escenario, otra semilla",0.9387338450743882,0.8909805421411883,0.5075328266504736
ShapleyFeatures,1:10,GraphSAGE,focal_loss,"otro escenario, otra semilla",0.9372135398919806,0.8814032502667758,0.4750115753985723
ShapleyFeatures,1:10,GraphSAGE,focal_loss,"otro escenario, otra semilla",0.9366920654285977,0.8726630446300147,0.43196449519978936
ShapleyFeatures,1:10,GraphSAGE,focal_loss,"otro escenario, misma semilla",0.9409340155647131,0.8893924837748105,0.47485874691757046
ShapleyFeatures,1:10,GraphSAGE,focal_loss,"otro escenario, otra semilla",0.9392899033627401,0.8821969419019836,0.46777813689578396
ShapleyFeatures,1:10,GraphSAGE,focal_loss,"otro escenario, otra semilla",0.9364365085218075,0.8824434905466347,0.4213824846177788
ShapleyFeatures,1:10,GraphSAGE,focal_loss,"otro escenario, otra semilla",0.9427536050224659,0.8945497347649755,0.5011407981996217
ShapleyFeatures,1:10,GraphSAGE,focal_loss,"otro escenario, misma semilla",0.9333366803619909,0.8736490659407653,0.47268249180013877
ShapleyFeatures,1:10,GAT,none,"mismo escenario, otra semilla",0.9391008874768694,0.8779475105614922,0.48273012390659437
ShapleyFeatures,1:10,GAT,none,"mismo escenario, otra semilla",0.9561071123829602,0.9185458967986349,0.5066503757680227
ShapleyFeatures,1:10,GAT,none,"mismo escenario, otra semilla",0.9428578894058531,0.8875578243760844,0.48626921753856744
ShapleyFeatures,1:10,GAT,none,"otro escenario, misma semilla",0.9451534022920035,0.8934472156358834,0.4934823346588052
ShapleyFeatures,1:10,GAT,none,"otro escenario, otra semilla",0.9450187861269642,0.897814663393386,0.5649911091087563
ShapleyFeatures,1:10,GAT,none,"otro escenario, otra semilla",0.9433267281619665,0.8886728979593551,0.45097330430147764
ShapleyFeatures,1:10,GAT,none,"otro escenario, otra semilla",0.9360285187401542,0.8738326139848454,0.45220629044158456
ShapleyFeatures,1:10,GAT,none,"otro escenario, misma semilla",0.9491515305466971,0.8988160439457396,0.546059496059496
ShapleyFeatures,1:10,GAT,none,"otro escenario, otra semilla",0.9386051167188958,0.8803996221494054,0.44321755242807886
ShapleyFeatures,1:10,GAT,none,"otro escenario, otra semilla",0.9365871125324237,0.8798131470635894,0.3995241686418157
ShapleyFeatures,1:10,GAT,none,"otro escenario, otra semilla",0.9451551021588132,0.8911096422215925,0.44435715356767985
ShapleyFeatures,1:10,GAT,none,"otro escenario, misma semilla",0.9404533564018335,0.8855039569099632,0.3542323947122709
ShapleyFeatures,1:10,GAT,class_weighting,"mismo escenario, otra semilla",0.9445164648718348,0.8904736153987883,0.4812588283176519
ShapleyFeatures,1:10,GAT,class_weighting,"mismo escenario, otra semilla",0.9445785693078759,0.8911626406870887,0.5088176529352999
ShapleyFeatures,1:10,GAT,class_weighting,"mismo escenario, otra semilla",0.9540068637909881,0.909691032214284,0.5711189681777918
ShapleyFeatures,1:10,GAT,class_weighting,"otro escenario, misma semilla",0.9944187958888234,0.9939902424754706,0.8979797979797978
ShapleyFeatures,1:10,GAT,class_weighting,"otro escenario, otra semilla",0.9450106620377893,0.8922163740410853,0.4731086451674687
ShapleyFeatures,1:10,GAT,class_weighting,"otro escenario, otra semilla",0.9450704103421183,0.8946697029529773,0.49615994027758725
ShapleyFeatures,1:10,GAT,class_weighting,"otro escenario, otra semilla",0.9442643521294608,0.8903046139427253,0.4807704278292514
ShapleyFeatures,1:10,GAT,class_weighting,"otro escenario, misma semilla",0.9982972863874565,0.9972428676220779,0.9515151515151512
ShapleyFeatures,1:10,GAT,class_weighting,"otro escenario, otra semilla",0.954162608692173,0.9095955353000159,0.5711189681777917
ShapleyFeatures,1:10,GAT,class_weighting,"otro escenario, otra semilla",0.9440181936326266,0.8921581858347222,0.5060398751575222
ShapleyFeatures,1:10,GAT,class_weighting,"otro escenario, otra semilla",0.9546276388134559,0.9118104839018538,0.5575304325304326
ShapleyFeatures,1:10,GAT,class_weighting,"otro escenario, misma semilla",0.997740056370209,0.9976352552659334,0.9232323232323232
ShapleyFeatures,1:10,GAT,focal_loss,"mismo escenario, otra semilla",0.932840072267489,0.8577394491756036,0.4039006200770906
ShapleyFeatures,1:10,GAT,focal_loss,"mismo escenario, otra semilla",0.9415819076586023,0.8739467572844866,0.4238066399831106
ShapleyFeatures,1:10,GAT,focal_loss,"mismo escenario, otra semilla",0.9402722849266772,0.8811238447200428,0.39524597063296757
ShapleyFeatures,1:10,GAT,focal_loss,"otro escenario, misma semilla",0.933628292305729,0.8473274738439868,0.3969763352116294
ShapleyFeatures,1:10,GAT,focal_loss,"otro escenario, otra semilla",0.9378744794623318,0.8720737896556018,0.4562193253369724
ShapleyFeatures,1:10,GAT,focal_loss,"otro escenario, otra semilla",0.9466626790088283,0.8901446034018177,0.44740437867372856
ShapleyFeatures,1:10,GAT,focal_loss,"otro escenario, otra semilla",0.9369022332703588,0.867332532581387,0.4623597535362241
ShapleyFeatures,1:10,GAT,focal_loss,"otro escenario, misma semilla",0.9426728937811517,0.8853892802652246,0.45298486916133973
ShapleyFeatures,1:10,GAT,focal_loss,"otro escenario, otra semilla",0.9406522078784576,0.885254307146569,0.4062619154724419
ShapleyFeatures,1:10,GAT,focal_loss,"otro escenario, otra semilla",0.9324570005160339,0.849173994944807,0.4689901601666308
ShapleyFeatures,1:10,GAT,focal_loss,"otro escenario, otra semilla",0.9373462857757292,0.8656435534359382,0.43995965907730616
ShapleyFeatures,1:10,GAT,focal_loss,"otro escenario, misma semilla",0.9388091723579327,0.8723904580385303,0.40780872034742016
ShapleyFeatures,1:10,TAGCN,none,"mismo escenario, otra semilla",0.9420426652991681,0.8965833808152254,0.5126943318119789
ShapleyFeatures,1:10,TAGCN,none,"mismo escenario, otra semilla",0.9446097040863123,0.8966071211852409,0.5360688331276566
ShapleyFeatures,1:10,TAGCN,none,"mismo escenario, otra semilla",0.9437550574121917,0.8921158132490418,0.5426712176712177
ShapleyFeatures,1:10,TAGCN,none,"otro escenario, misma semilla",0.9281848487078774,0.8713275920518138,0.4622112092700329
ShapleyFeatures,1:10,TAGCN,none,"otro escenario, otra semilla",0.9283941707681949,0.8655656596318073,0.43926895544542605
ShapleyFeatures,1:10,TAGCN,none,"otro escenario, otra semilla",0.9304468533349529,0.8605302307932801,0.49929912135794485
ShapleyFeatures,1:10,TAGCN,none,"otro escenario, otra semilla",0.9227626803022232,0.8578472653105593,0.4425024178894147
ShapleyFeatures,1:10,TAGCN,none,"otro escenario, misma semilla",0.9372331295149626,0.8780852773417417,0.49179016717716395
ShapleyFeatures,1:10,TAGCN,none,"otro escenario, otra semilla",0.9274599739806461,0.8596807687283039,0.4656068590279116
ShapleyFeatures,1:10,TAGCN,none,"otro escenario, otra semilla",0.9178362811093158,0.8535933466889176,0.4440003351768056
ShapleyFeatures,1:10,TAGCN,none,"otro escenario, otra semilla",0.9289605137478513,0.860839248336274,0.4473341473341474
ShapleyFeatures,1:10,TAGCN,none,"otro escenario, misma semilla",0.9343884207101605,0.8781877930240946,0.5403451124039358
ShapleyFeatures,1:10,TAGCN,class_weighting,"mismo escenario, otra semilla",0.9441229185268428,0.9020533887662144,0.5216242907419377
ShapleyFeatures,1:10,TAGCN,class_weighting,"mismo escenario, otra semilla",0.9145372116462553,0.8339640878981597,0.413700351935646
ShapleyFeatures,1:10,TAGCN,class_weighting,"mismo escenario, otra semilla",0.9147461237657176,0.8329555822368186,0.40012688836218246
ShapleyFeatures,1:10,TAGCN,class_weighting,"otro escenario, misma semilla",0.9773366271208543,0.9604099694029608,0.7439449439449437
ShapleyFeatures,1:10,TAGCN,class_weighting,"otro escenario, otra semilla",0.9415856999655985,0.8961993124057335,0.5051383801383801
ShapleyFeatures,1:10,TAGCN,class_weighting,"otro escenario, otra semilla",0.9154331640261362,0.8346364382564424,0.4081956714309655
ShapleyFeatures,1:10,TAGCN,class_weighting,"otro escenario, otra semilla",0.9442599169477117,0.8987417834967426,0.5003178194354664
ShapleyFeatures,1:10,TAGCN,class_weighting,"otro escenario, misma semilla",0.9802398571374004,0.9649748039419916,0.7283577533577534
ShapleyFeatures,1:10,TAGCN,class_weighting,"otro escenario, otra semilla",0.913067211207104,0.8267281552086847,0.39525375152310144
ShapleyFeatures,1:10,TAGCN,class_weighting,"otro escenario, otra semilla",0.9146798357918088,0.8335737266095541,0.39844801168330574
ShapleyFeatures,1:10,TAGCN,class_weighting,"otro escenario, otra semilla",0.914603731443912,0.8326337322291478,0.3868485000837942
ShapleyFeatures,1:10,TAGCN,class_weighting,"otro escenario, misma semilla",0.9983640665284385,0.9961017231361683,0.9575757575757575
ShapleyFeatures,1:10,TAGCN,focal_loss,"mismo escenario, otra semilla",0.948454435358763,0.9036396285745615,0.5514235076928575
ShapleyFeatures,1:10,TAGCN,focal_loss,"mismo escenario, otra semilla",0.9440341477310443,0.8942150148510428,0.6075340638034136
ShapleyFeatures,1:10,TAGCN,focal_loss,"mismo escenario, otra semilla",0.9532248053196406,0.9122683646671162,0.62410514322279
ShapleyFeatures,1:10,TAGCN,focal_loss,"otro escenario, misma semilla",0.933308174371661,0.8828824031182567,0.4782886217096743
ShapleyFeatures,1:10,TAGCN,focal_loss,"otro escenario, otra semilla",0.9370875769882664,0.8822883505918004,0.4812830816700785
ShapleyFeatures,1:10,TAGCN,focal_loss,"otro escenario, otra semilla",0.9353702699947917,0.8738669933848099,0.5108714270478976
ShapleyFeatures,1:10,TAGCN,focal_loss,"otro escenario, otra semilla",0.9210712070432148,0.8489231270995576,0.4288485479661949
ShapleyFeatures,1:10,TAGCN,focal_loss,"otro escenario, misma semilla",0.924975452026865,0.855533701930264,0.4539616701381407
ShapleyFeatures,1:10,TAGCN,focal_loss,"otro escenario, otra semilla",0.9195019314275685,0.8477419717827269,0.4415524419394388
ShapleyFeatures,1:10,TAGCN,focal_loss,"otro escenario, otra semilla",0.9273936611628326,0.8690494808621971,0.46030509451562085
ShapleyFeatures,1:10,TAGCN,focal_loss,"otro escenario, otra semilla",0.9299117992429918,0.8732249266769654,0.4921778112954583
ShapleyFeatures,1:10,TAGCN,focal_loss,"otro escenario, misma semilla",0.9239695290114257,0.8568900329259241,0.473182264358735
ShapleyFeatures,1:10_os,GCN,none,"mismo escenario, otra semilla",0.9303614789147062,0.85497234628326,0.44211865132917766
ShapleyFeatures,1:10_os,GCN,none,"mismo escenario, otra semilla",0.9312716292004074,0.8543994948866375,0.40332064449711513
ShapleyFeatures,1:10_os,GCN,none,"mismo escenario, otra semilla",0.9360690156857614,0.8747571184480718,0.4487089707677942
ShapleyFeatures,1:10_os,GCN,none,"otro escenario, misma semilla",0.929661062607323,0.8581161317208696,0.4350715733068674
ShapleyFeatures,1:10_os,GCN,none,"otro escenario, otra semilla",0.9255287677853098,0.8521779202653781,0.3973587815693079
ShapleyFeatures,1:10_os,GCN,none,"otro escenario, otra semilla",0.9332433489384513,0.8636208413382074,0.39602635926165336
ShapleyFeatures,1:10_os,GCN,none,"otro escenario, otra semilla",0.9318040900103819,0.8592007135760574,0.42394419306184017
ShapleyFeatures,1:10_os,GCN,none,"otro escenario, misma semilla",0.9518054651109195,0.8995989026062682,0.5341790562378798
ShapleyFeatures,1:10_os,GCN,none,"otro escenario, otra semilla",0.9326694372698616,0.8578583901469934,0.41918776957476644
ShapleyFeatures,1:10_os,GCN,none,"otro escenario, otra semilla",0.9226786384550656,0.8410324591641829,0.4305976559846529
ShapleyFeatures,1:10_os,GCN,none,"otro escenario, otra semilla",0.9332897816555742,0.8670475877345628,0.44378974711792035
ShapleyFeatures,1:10_os,GCN,none,"otro escenario, misma semilla",0.9510437302073069,0.9132228340639252,0.61983571983572
ShapleyFeatures,1:10_os,GCN,class_weighting,"mismo escenario, otra semilla",0.9470162088213783,0.896554060171937,0.5828775799364034
ShapleyFeatures,1:10_os,GCN,class_weighting,"mismo escenario, otra semilla",0.9184845677995599,0.82471297313334,0.3732511898146573
ShapleyFeatures,1:10_os,GCN,class_weighting,"mismo escenario, otra semilla",0.9095825443017035,0.8206562076678589,0.37836143904255354
ShapleyFeatures,1:10_os,GCN,class_weighting,"otro escenario, misma semilla",0.9281191405219501,0.843572391071429,0.3855084858954828
ShapleyFeatures,1:10_os,GCN,class_weighting,"otro escenario, otra semilla",0.9193881874883344,0.83311811531231,0.38855629521264196
ShapleyFeatures,1:10_os,GCN,class_weighting,"otro escenario, otra semilla",0.9329057357236252,0.8547825385265113,0.39900644018291087
ShapleyFeatures,1:10_os,GCN,class_weighting,"otro escenario, otra semilla",0.9198570503930632,0.8273643068390123,0.35508281135216113
ShapleyFeatures,1:10_os,GCN,class_weighting,"otro escenario, misma semilla",0.917732388642616,0.8197821432906027,0.39169608914190956
ShapleyFeatures,1:10_os,GCN,class_weighting,"otro escenario, otra semilla",0.9290735526374273,0.8438249967657496,0.38330788005710603
ShapleyFeatures,1:10_os,GCN,class_weighting,"otro escenario, otra semilla",0.9193197044399246,0.8319177263541419,0.38712322535851945
ShapleyFeatures,1:10_os,GCN,class_weighting,"otro escenario, otra semilla",0.9157169118687443,0.8239977026753559,0.4055399937752879
ShapleyFeatures,1:10_os,GCN,class_weighting,"otro escenario, misma semilla",0.9240310353996911,0.8458249007433863,0.39841159585741626
ShapleyFeatures,1:10_os,GCN,focal_loss,"mismo escenario, otra semilla",0.9231302246232646,0.8417834604522608,0.4137531170812904
ShapleyFeatures,1:10_os,GCN,focal_loss,"mismo escenario, otra semilla",0.9288169596936746,0.8548465009424514,0.3823242117359763
ShapleyFeatures,1:10_os,GCN,focal_loss,"mismo escenario, otra semilla",0.9249287306299144,0.8445717659704857,0.4100553041729513
ShapleyFeatures,1:10_os,GCN,focal_loss,"otro escenario, misma semilla",0.9657013418972525,0.9339944866003117,0.6546453546453544
ShapleyFeatures,1:10_os,GCN,focal_loss,"otro escenario, otra semilla",0.9216955965936208,0.8367438682907266,0.41566910614898234
ShapleyFeatures,1:10_os,GCN,focal_loss,"otro escenario, otra semilla",0.9265436941263419,0.8523066384062531,0.365044650338768
ShapleyFeatures,1:10_os,GCN,focal_loss,"otro escenario, otra semilla",0.9313245151307105,0.857404822484908,0.4373569498956496
ShapleyFeatures,1:10_os,GCN,focal_loss,"otro escenario, misma semilla",0.9488511531215329,0.8931319257734622,0.5577339327339327
ShapleyFeatures,1:10_os,GCN,focal_loss,"otro escenario, otra semilla",0.935879176423978,0.8692106956818166,0.4294592519050723
ShapleyFeatures,1:10_os,GCN,focal_loss,"otro escenario, otra semilla",0.9282692344510376,0.8645488612644828,0.40149033972563386
ShapleyFeatures,1:10_os,GCN,focal_loss,"otro escenario, otra semilla",0.9297937832165104,0.8570593720888654,0.42206540735952497
ShapleyFeatures,1:10_os,GCN,focal_loss,"otro escenario, misma semilla",0.9708131083188243,0.9385167218321486,0.6428349428349431
ShapleyFeatures,1:10_os,GraphSAGE,none,"mismo escenario, otra semilla",0.9599236825740405,0.9211763962465299,0.6269557240145477
ShapleyFeatures,1:10_os,GraphSAGE,none,"mismo escenario, otra semilla",0.9608005008564433,0.9186747748907266,0.635361207420031
ShapleyFeatures,1:10_os,GraphSAGE,none,"mismo escenario, otra semilla",0.9579818617702821,0.9174483616443758,0.583838927956575
ShapleyFeatures,1:10_os,GraphSAGE,none,"otro escenario, misma semilla",0.9592716553644162,0.9286139306121218,0.5750631721219955
ShapleyFeatures,1:10_os,GraphSAGE,none,"otro escenario, otra semilla",0.9513477696218684,0.9074226555425303,0.4989238430414899
ShapleyFeatures,1:10_os,GraphSAGE,none,"otro escenario, otra semilla",0.9497959862522775,0.902361207039886,0.4983571296264795
ShapleyFeatures,1:10_os,GraphSAGE,none,"otro escenario, otra semilla",0.9505606280143069,0.9028332592509022,0.51446728652611
ShapleyFeatures,1:10_os,GraphSAGE,none,"otro escenario, misma semilla",0.9516477892587146,0.9023923232585829,0.5308400749577219
ShapleyFeatures,1:10_os,GraphSAGE,none,"otro escenario, otra semilla",0.9487979519967366,0.8964956158533057,0.46939726939726933
ShapleyFeatures,1:10_os,GraphSAGE,none,"otro escenario, otra semilla",0.9515045680413708,0.9042163502036588,0.5376754910036644
ShapleyFeatures,1:10_os,GraphSAGE,none,"otro escenario, otra semilla",0.9472802507915078,0.8956086908975827,0.5206147739429472
ShapleyFeatures,1:10_os,GraphSAGE,none,"otro escenario, misma semilla",0.9638501891282769,0.9305207048372132,0.6067571317571318
ShapleyFeatures,1:10_os,GraphSAGE,class_weighting,"mismo escenario, otra semilla",0.95881245741868,0.9284879217337698,0.5661079661079662
ShapleyFeatures,1:10_os,GraphSAGE,class_weighting,"mismo escenario, otra semilla",0.9626234811263226,0.9316245811459466,0.6013403263403262
ShapleyFeatures,1:10_os,GraphSAGE,class_weighting,"mismo escenario, otra semilla",0.9658839465271564,0.9426136092790564,0.6067210567210566
ShapleyFeatures,1:10_os,GraphSAGE,class_weighting,"otro escenario, misma semilla",0.9754444701841254,0.9574566116219935,0.7390720390720389
ShapleyFeatures,1:10_os,GraphSAGE,class_weighting,"otro escenario, otra semilla",0.9539517023982315,0.9171023370769572,0.5626533597121833
ShapleyFeatures,1:10_os,GraphSAGE,class_weighting,"otro escenario, otra semilla",0.9605827119797774,0.9246154392068836,0.6038683538683537
ShapleyFeatures,1:10_os,GraphSAGE,class_weighting,"otro escenario, otra semilla",0.9593986971514497,0.9243772993731247,0.5736895457483692
ShapleyFeatures,1:10_os,GraphSAGE,class_weighting,"otro escenario, misma semilla",0.9844288744656902,0.9785163122537911,0.7887334887334885
ShapleyFeatures,1:10_os,GraphSAGE,class_weighting,"otro escenario, otra semilla",0.9640002576583742,0.9350646891051893,0.6125097125097123
ShapleyFeatures,1:10_os,GraphSAGE,class_weighting,"otro escenario, otra semilla",0.9601408683240055,0.9297069395668125,0.6014124764124765
ShapleyFeatures,1:10_os,GraphSAGE,class_weighting,"otro escenario, otra semilla",0.9649420509686266,0.9390068238349512,0.5954767454767453
ShapleyFeatures,1:10_os,GraphSAGE,class_weighting,"otro escenario, misma semilla",0.9840641927852792,0.9756229013022486,0.781030081030081
ShapleyFeatures,1:10_os,GraphSAGE,focal_loss,"mismo escenario, otra semilla",0.9518264927576766,0.9079130831402293,0.5827298518474986
ShapleyFeatures,1:10_os,GraphSAGE,focal_loss,"mismo escenario, otra semilla",0.9524213453880108,0.9029867820658046,0.5115662115662116
ShapleyFeatures,1:10_os,GraphSAGE,focal_loss,"mismo escenario, otra semilla",0.9578602577220395,0.9201306024482849,0.5822594072594072
ShapleyFeatures,1:10_os,GraphSAGE,focal_loss,"otro escenario, misma semilla",0.9428202244172477,0.8862835991293921,0.45969879793409196
ShapleyFeatures,1:10_os,GraphSAGE,focal_loss,"otro escenario, otra semilla",0.9367090907246144,0.8865244881375739,0.4664794355970826
ShapleyFeatures,1:10_os,GraphSAGE,focal_loss,"otro escenario, otra semilla",0.9338033599521735,0.8742908393071863,0.43941349901102217
ShapleyFeatures,1:10_os,GraphSAGE,focal_loss,"otro escenario, otra semilla",0.9422498840571096,0.8834419594412183,0.43171909789556856
ShapleyFeatures,1:10_os,GraphSAGE,focal_loss,"otro escenario, misma semilla",0.9369631283288277,0.8785207986376444,0.46652541358423716
ShapleyFeatures,1:10_os,GraphSAGE,focal_loss,"otro escenario, otra semilla",0.9353863940968465,0.8739706752217786,0.46370693576575933
ShapleyFeatures,1:10_os,GraphSAGE,focal_loss,"otro escenario, otra semilla",0.9384713862440635,0.8808721509877734,0.4741590653355359
ShapleyFeatures,1:10_os,GraphSAGE,focal_loss,"otro escenario, otra semilla",0.9367200477263238,0.8789378013743042,0.4874698687392185
ShapleyFeatures,1:10_os,GraphSAGE,focal_loss,"otro escenario, misma semilla",0.9365216176307293,0.8814501142305416,0.44807403925050976
ShapleyFeatures,1:10_os,GAT,none,"mismo escenario, otra semilla",0.9386009284324063,0.8776432929884216,0.4943589634766104
ShapleyFeatures,1:10_os,GAT,none,"mismo escenario, otra semilla",0.9500489612189795,0.9038982768272459,0.4939304159892395
ShapleyFeatures,1:10_os,GAT,none,"mismo escenario, otra semilla",0.9477802617697214,0.8980458988897171,0.5645486866075101
ShapleyFeatures,1:10_os,GAT,none,"otro escenario, misma semilla",0.9455722247005054,0.8956280012516287,0.4987110928287398
ShapleyFeatures,1:10_os,GAT,none,"otro escenario, otra semilla",0.945554476056347,0.8986383996658297,0.5567978317978318
ShapleyFeatures,1:10_os,GAT,none,"otro escenario, otra semilla",0.9553360964850722,0.9143682211654384,0.5698739169327406
ShapleyFeatures,1:10_os,GAT,none,"otro escenario, otra semilla",0.936390995947147,0.8746703186283017,0.45927422250951655
ShapleyFeatures,1:10_os,GAT,none,"otro escenario, misma semilla",0.9493857923578086,0.8980058839255739,0.5368575868575868
ShapleyFeatures,1:10_os,GAT,none,"otro escenario, otra semilla",0.9473890001594559,0.9032882732941004,0.5130480630480632
ShapleyFeatures,1:10_os,GAT,none,"otro escenario, otra semilla",0.9373855136376162,0.8807943510830706,0.4103084823673059
ShapleyFeatures,1:10_os,GAT,none,"otro escenario, otra semilla",0.9457509013410444,0.8913223630702287,0.44011845853951115
ShapleyFeatures,1:10_os,GAT,none,"otro escenario, misma semilla",0.9460153943148982,0.8997897145683025,0.43907043249148514
ShapleyFeatures,1:10_os,GAT,class_weighting,"mismo escenario, otra semilla",0.947863460143592,0.8940037331420798,0.48643143349025697
ShapleyFeatures,1:10_os,GAT,class_weighting,"mismo escenario, otra semilla",0.9620721209743333,0.9270542494346559,0.6010045510045511
ShapleyFeatures,1:10_os,GAT,class_weighting,"mismo escenario, otra semilla",0.9480024290922892,0.8858110282856451,0.4658371040723982
ShapleyFeatures,1:10_os,GAT,class_weighting,"otro escenario, misma semilla",0.9894671485703262,0.9862211367059578,0.8363636363636361
ShapleyFeatures,1:10_os,GAT,class_weighting,"otro escenario, otra semilla",0.9455236074516387,0.8937941880420236,0.47400774606656965
ShapleyFeatures,1:10_os,GAT,class_weighting,"otro escenario, otra semilla",0.9619391898672134,0.9297564653690531,0.6143134643134645
ShapleyFeatures,1:10_os,GAT,class_weighting,"otro escenario, otra semilla",0.9474296815749604,0.89404832704154,0.49309356221120926
ShapleyFeatures,1:10_os,GAT,class_weighting,"otro escenario, misma semilla",0.9912679615386372,0.9870995572832728,0.8472964943553175
ShapleyFeatures,1:10_os,GAT,class_weighting,"otro escenario, otra semilla",0.9487790737161338,0.888351651611161,0.4667463799816741
ShapleyFeatures,1:10_os,GAT,class_weighting,"otro escenario, otra semilla",0.9439939640639774,0.8941619617866764,0.521368337544808
ShapleyFeatures,1:10_os,GAT,class_weighting,"otro escenario, otra semilla",0.9526823983366524,0.9115919941030649,0.5649427370015604
ShapleyFeatures,1:10_os,GAT,class_weighting,"otro escenario, misma semilla",0.9507933614641197,0.8981695745159577,0.5446158416746651
ShapleyFeatures,1:10_os,GAT,focal_loss,"mismo escenario, otra semilla",0.9447537438866336,0.8930835031172777,0.509668272903567
ShapleyFeatures,1:10_os,GAT,focal_loss,"mismo escenario, otra semilla",0.9557290872743016,0.9176265967810684,0.4853540794717265
ShapleyFeatures,1:10_os,GAT,focal_loss,"mismo escenario, otra semilla",0.9409371743608831,0.8871320524019176,0.47927212965912663
ShapleyFeatures,1:10_os,GAT,focal_loss,"otro escenario, misma semilla",0.9486815435983649,0.8987915843341979,0.5227790727790728
ShapleyFeatures,1:10_os,GAT,focal_loss,"otro escenario, otra semilla",0.9409087380223023,0.8682119386238042,0.46811233428880483
ShapleyFeatures,1:10_os,GAT,focal_loss,"otro escenario, otra semilla",0.9454921659476727,0.8957788485440256,0.44599066510831226
ShapleyFeatures,1:10_os,GAT,focal_loss,"otro escenario, otra semilla",0.9425315186912139,0.8902847150494401,0.5021021462197932
ShapleyFeatures,1:10_os,GAT,focal_loss,"otro escenario, misma semilla",0.9515407335827135,0.8987294316377129,0.5375457875457876
ShapleyFeatures,1:10_os,GAT,focal_loss,"otro escenario, otra semilla",0.9397356116557474,0.8876464915869093,0.4924685050072047
ShapleyFeatures,1:10_os,GAT,focal_loss,"otro escenario, otra semilla",0.9455158455881509,0.8919865812461205,0.45616197527962227
ShapleyFeatures,1:10_os,GAT,focal_loss,"otro escenario, otra semilla",0.9485596214106456,0.8891044425069249,0.49360851566733926
ShapleyFeatures,1:10_os,GAT,focal_loss,"otro escenario, misma semilla",0.9452282868915973,0.8940017888891889,0.47710094915977275
ShapleyFeatures,1:10_os,TAGCN,none,"mismo escenario, otra semilla",0.94662615666454,0.8995893556922274,0.5202413857212619
ShapleyFeatures,1:10_os,TAGCN,none,"mismo escenario, otra semilla",0.9447234779609727,0.8980935997694411,0.5715348377113083
ShapleyFeatures,1:10_os,TAGCN,none,"mismo escenario, otra semilla",0.9421688061132629,0.897215762629134,0.5280916251504487
ShapleyFeatures,1:10_os,TAGCN,none,"otro escenario, misma semilla",0.9265207262375001,0.8602141704519606,0.42370358399770164
ShapleyFeatures,1:10_os,TAGCN,none,"otro escenario, otra semilla",0.9169841943120145,0.8493362494478746,0.3929194844829519
ShapleyFeatures,1:10_os,TAGCN,none,"otro escenario, otra semilla",0.9210138647718602,0.8653139106238357,0.41385058296823
ShapleyFeatures,1:10_os,TAGCN,none,"otro escenario, otra semilla",0.9192195560261298,0.8383651982670209,0.3991794153558859
ShapleyFeatures,1:10_os,TAGCN,none,"otro escenario, misma semilla",0.9156674488504177,0.8395212264767037,0.39582306238652987
ShapleyFeatures,1:10_os,TAGCN,none,"otro escenario, otra semilla",0.915674048176358,0.8400008946101132,0.4146383429665163
ShapleyFeatures,1:10_os,TAGCN,none,"otro escenario, otra semilla",0.9179890257890686,0.8380864675142311,0.4000646412411118
ShapleyFeatures,1:10_os,TAGCN,none,"otro escenario, otra semilla",0.9095967927963855,0.8318334365250557,0.3907701632159836
ShapleyFeatures,1:10_os,TAGCN,none,"otro escenario, misma semilla",0.9194842163518644,0.8407329975066047,0.4067484258660729
ShapleyFeatures,1:10_os,TAGCN,class_weighting,"mismo escenario, otra semilla",0.9445225618715936,0.8939686845521053,0.5113044363044362
ShapleyFeatures,1:10_os,TAGCN,class_weighting,"mismo escenario, otra semilla",0.9091618833122465,0.8196712477659963,0.4148226902096871
ShapleyFeatures,1:10_os,TAGCN,class_weighting,"mismo escenario, otra semilla",0.9148463678108543,0.8306123424321263,0.3951004333357275
ShapleyFeatures,1:10_os,TAGCN,class_weighting,"otro escenario, misma semilla",0.9609770286596245,0.9278086018323703,0.6021247271247272
ShapleyFeatures,1:10_os,TAGCN,class_weighting,"otro escenario, otra semilla",0.942909467505914,0.8901654468885222,0.48311068016950376
ShapleyFeatures,1:10_os,TAGCN,class_weighting,"otro escenario, otra semilla",0.9146510236591555,0.8338901773828344,0.4217170628935335
ShapleyFeatures,1:10_os,TAGCN,class_weighting,"otro escenario, otra semilla",0.9422133738570523,0.8933284355673811,0.5228872978872977
ShapleyFeatures,1:10_os,TAGCN,class_weighting,"otro escenario, misma semilla",0.9707858419811652,0.9482145588587534,0.7134088134088135
ShapleyFeatures,1:10_os,TAGCN,class_weighting,"otro escenario, otra semilla",0.9125587788770022,0.8245537343467054,0.38928810840575545
ShapleyFeatures,1:10_os,TAGCN,class_weighting,"otro escenario, otra semilla",0.9099929005920404,0.8198973220644105,0.39689551934133976
ShapleyFeatures,1:10_os,TAGCN,class_weighting,"otro escenario, otra semilla",0.916295018531864,0.833675972519307,0.3914374296727238
ShapleyFeatures,1:10_os,TAGCN,class_weighting,"otro escenario, misma semilla",0.9964125421234533,0.9930586306709165,0.8757575757575754
ShapleyFeatures,1:10_os,TAGCN,focal_loss,"mismo escenario, otra semilla",0.9223044862186676,0.8808715426013519,0.5776405368510632
ShapleyFeatures,1:10_os,TAGCN,focal_loss,"mismo escenario, otra semilla",0.9275548820806355,0.8854326877264379,0.6039118289118287
ShapleyFeatures,1:10_os,TAGCN,focal_loss,"mismo escenario, otra semilla",0.9540980931828422,0.9155627704513539,0.5862865204970465
ShapleyFeatures,1:10_os,TAGCN,focal_loss,"otro escenario, misma semilla",0.9116927465754459,0.8626568449049515,0.4975714916891387
ShapleyFeatures,1:10_os,TAGCN,focal_loss,"otro escenario, otra semilla",0.9332319256622809,0.8752944122860044,0.47041925795795764
ShapleyFeatures,1:10_os,TAGCN,focal_loss,"otro escenario, otra semilla",0.9361935922947657,0.878754458939403,0.5043312896254072
ShapleyFeatures,1:10_os,TAGCN,focal_loss,"otro escenario, otra semilla",0.8996712752609227,0.8272548262735233,0.4381371351959587
ShapleyFeatures,1:10_os,TAGCN,focal_loss,"otro escenario, misma semilla",0.9250484496291632,0.856382996506651,0.424409439889316
ShapleyFeatures,1:10_os,TAGCN,focal_loss,"otro escenario, otra semilla",0.9248297979702714,0.8584411554230793,0.45557829969594665
ShapleyFeatures,1:10_os,TAGCN,focal_loss,"otro escenario, otra semilla",0.9058548644807333,0.8550948098836519,0.4811320344602078
ShapleyFeatures,1:10_os,TAGCN,focal_loss,"otro escenario, otra semilla",0.9305553846252975,0.872257344719011,0.47820471868459485
ShapleyFeatures,1:10_os,TAGCN,focal_loss,"otro escenario, misma semilla",0.9273338935592733,0.8674739929306691,0.4696515358280064
ShapleyFeatures,1:20,GCN,none,"mismo escenario, otra semilla",0.931102512938229,0.8566729279015322,0.43637805549570247
ShapleyFeatures,1:20,GCN,none,"mismo escenario, otra semilla",0.9284375797429368,0.8516359352189193,0.4286517260975465
ShapleyFeatures,1:20,GCN,none,"mismo escenario, otra semilla",0.9358238935396592,0.8718945134060547,0.45420717626599977
ShapleyFeatures,1:20,GCN,none,"otro escenario, misma semilla",0.9306694859919483,0.858322991880144,0.423631161866456
ShapleyFeatures,1:20,GCN,none,"otro escenario, otra semilla",0.9233887998907171,0.8409880337885753,0.4117206179899678
ShapleyFeatures,1:20,GCN,none,"otro escenario, otra semilla",0.9281855061288468,0.8522727813484973,0.388723789110786
ShapleyFeatures,1:20,GCN,none,"otro escenario, otra semilla",0.9359673492189673,0.8654402484650929,0.45257259080788503
ShapleyFeatures,1:20,GCN,none,"otro escenario, misma semilla",0.9540167825079477,0.901890079574514,0.5506179006179006
ShapleyFeatures,1:20,GCN,none,"otro escenario, otra semilla",0.9331205157030149,0.864953030505551,0.4644953086129557
ShapleyFeatures,1:20,GCN,none,"otro escenario, otra semilla",0.9284534520402136,0.8492804218833923,0.45068531686178737
ShapleyFeatures,1:20,GCN,none,"otro escenario, otra semilla",0.9344070223114401,0.8669957570089722,0.4697128980410714
ShapleyFeatures,1:20,GCN,none,"otro escenario, misma semilla",0.9718384290236955,0.9496532827896333,0.7097874347874348
ShapleyFeatures,1:20,GCN,class_weighting,"mismo escenario, otra semilla",0.9502256662000552,0.9061109473972654,0.5816029286617521
ShapleyFeatures,1:20,GCN,class_weighting,"mismo escenario, otra semilla",0.9168538472366374,0.8240314926661284,0.37346127384827077
ShapleyFeatures,1:20,GCN,class_weighting,"mismo escenario, otra semilla",0.9208921949390736,0.8358277258387532,0.36349215799680196
ShapleyFeatures,1:20,GCN,class_weighting,"otro escenario, misma semilla",0.9302624096005244,0.8509549498564839,0.3867103341561547
ShapleyFeatures,1:20,GCN,class_weighting,"otro escenario, otra semilla",0.9253118643636222,0.8379795577796708,0.3992460555154054
ShapleyFeatures,1:20,GCN,class_weighting,"otro escenario, otra semilla",0.9331673332226031,0.8542913762414683,0.3958318370083077
ShapleyFeatures,1:20,GCN,class_weighting,"otro escenario, otra semilla",0.9206195481429075,0.8334922513780157,0.3767117958294429
ShapleyFeatures,1:20,GCN,class_weighting,"otro escenario, misma semilla",0.921765654209358,0.8284945961117267,0.369222578820102
ShapleyFeatures,1:20,GCN,class_weighting,"otro escenario, otra semilla",0.9292062174455918,0.8437565631615974,0.3796448763941024
ShapleyFeatures,1:20,GCN,class_weighting,"otro escenario, otra semilla",0.9198091597480259,0.8364060527120328,0.3917935550288491
ShapleyFeatures,1:20,GCN,class_weighting,"otro escenario, otra semilla",0.9205788498407679,0.838584465380201,0.4144199740174972
ShapleyFeatures,1:20,GCN,class_weighting,"otro escenario, misma semilla",0.9243079331809673,0.8459261961782318,0.39841159585741626
ShapleyFeatures,1:20,GCN,focal_loss,"mismo escenario, otra semilla",0.9341529943436833,0.8705518167250353,0.42170877797812784
ShapleyFeatures,1:20,GCN,focal_loss,"mismo escenario, otra semilla",0.9386348276838165,0.8764456403789732,0.39240405563934977
ShapleyFeatures,1:20,GCN,focal_loss,"mismo escenario, otra semilla",0.9316271837241814,0.8622125507035319,0.4469486940075175
ShapleyFeatures,1:20,GCN,focal_loss,"otro escenario, misma semilla",0.9500213549213691,0.9035036674735059,0.44980787186669535
ShapleyFeatures,1:20,GCN,focal_loss,"otro escenario, otra semilla",0.927675943024167,0.8520932008800345,0.41183712801359856
ShapleyFeatures,1:20,GCN,focal_loss,"otro escenario, otra semilla",0.9245694931995797,0.8540625876031376,0.3690751514280926
ShapleyFeatures,1:20,GCN,focal_loss,"otro escenario, otra semilla",0.9349332159575688,0.8683657359979807,0.4501796535078269
ShapleyFeatures,1:20,GCN,focal_loss,"otro escenario, misma semilla",0.946936255791745,0.8985288971727676,0.5506459227047462
ShapleyFeatures,1:20,GCN,focal_loss,"otro escenario, otra semilla",0.9355675537268309,0.8727518248153521,0.4345736908430407
ShapleyFeatures,1:20,GCN,focal_loss,"otro escenario, otra semilla",0.942905527747183,0.8868726834957833,0.41205570029099436
ShapleyFeatures,1:20,GCN,focal_loss,"otro escenario, otra semilla",0.9320311000373652,0.8646219593347567,0.4437740908329143
ShapleyFeatures,1:20,GCN,focal_loss,"otro escenario, misma semilla",0.9804077823827305,0.9607766646194931,0.7418692418692417
ShapleyFeatures,1:20,GraphSAGE,none,"mismo escenario, otra semilla",0.9561408769770489,0.9106755348477816,0.5779756191520895
ShapleyFeatures,1:20,GraphSAGE,none,"mismo escenario, otra semilla",0.9477356433847196,0.8925335461584442,0.5060310060310059
ShapleyFeatures,1:20,GraphSAGE,none,"mismo escenario, otra semilla",0.9508637081399549,0.89463632337103,0.5222308192896427
ShapleyFeatures,1:20,GraphSAGE,none,"otro escenario, misma semilla",0.9825897315191339,0.9659456479233123,0.7425213675213677
ShapleyFeatures,1:20,GraphSAGE,none,"otro escenario, otra semilla",0.9549677869208334,0.9104894347728053,0.5424984458266191
ShapleyFeatures,1:20,GraphSAGE,none,"otro escenario, otra semilla",0.9481988323190009,0.8963804308013081,0.49327393739158437
ShapleyFeatures,1:20,GraphSAGE,none,"otro escenario, otra semilla",0.9510515478369604,0.9007786150917838,0.5414819385407621
ShapleyFeatures,1:20,GraphSAGE,none,"otro escenario, misma semilla",0.9743329760872774,0.9437307657117844,0.7599622599622597
ShapleyFeatures,1:20,GraphSAGE,none,"otro escenario, otra semilla",0.9454789698493876,0.8869873788095695,0.502474036684563
ShapleyFeatures,1:20,GraphSAGE,none,"otro escenario, otra semilla",0.9510187841069062,0.8968046588121804,0.48934577061512036
ShapleyFeatures,1:20,GraphSAGE,none,"otro escenario, otra semilla",0.9541166262548368,0.8993534109323768,0.5097251189356452
ShapleyFeatures,1:20,GraphSAGE,none,"otro escenario, misma semilla",0.9758582888078877,0.9531381033596332,0.7732711732711729
ShapleyFeatures,1:20,GraphSAGE,class_weighting,"mismo escenario, otra semilla",0.9588942147451569,0.9276555324112473,0.5806721056721056
ShapleyFeatures,1:20,GraphSAGE,class_weighting,"mismo escenario, otra semilla",0.9622718821328736,0.9334551853738626,0.6184031654619889
ShapleyFeatures,1:20,GraphSAGE,class_weighting,"mismo escenario, otra semilla",0.9658446270397414,0.938309662738085,0.6002997002997005
ShapleyFeatures,1:20,GraphSAGE,class_weighting,"otro escenario, misma semilla",0.9892951421637689,0.982583567942666,0.8338772338772338
ShapleyFeatures,1:20,GraphSAGE,class_weighting,"otro escenario, otra semilla",0.9566036112941054,0.9196681615337043,0.582059607059607
ShapleyFeatures,1:20,GraphSAGE,class_weighting,"otro escenario, otra semilla",0.9592674977981781,0.9255201251251884,0.616078366078366
ShapleyFeatures,1:20,GraphSAGE,class_weighting,"otro escenario, otra semilla",0.9595189416674165,0.9263425486156857,0.5918747918747919
ShapleyFeatures,1:20,GraphSAGE,class_weighting,"otro escenario, misma semilla",0.9924502640112759,0.98987873444467,0.8595959595959592
ShapleyFeatures,1:20,GraphSAGE,class_weighting,"otro escenario, otra semilla",0.9658341534457391,0.9368421640732976,0.6274836274836275
ShapleyFeatures,1:20,GraphSAGE,class_weighting,"otro escenario, otra semilla",0.963302843154865,0.9346918966977787,0.6274031524031521
ShapleyFeatures,1:20,GraphSAGE,class_weighting,"otro escenario, otra semilla",0.9660048432227393,0.9385367226956363,0.5866855366855367
ShapleyFeatures,1:20,GraphSAGE,class_weighting,"otro escenario, misma semilla",0.9907233562325266,0.987557884196695,0.839072039072039
ShapleyFeatures,1:20,GraphSAGE,focal_loss,"mismo escenario, otra semilla",0.9541886590550555,0.9069941861791451,0.5032837532837533
ShapleyFeatures,1:20,GraphSAGE,focal_loss,"mismo escenario, otra semilla",0.9391438269765339,0.8855533300856678,0.4667378917378917
ShapleyFeatures,1:20,GraphSAGE,focal_loss,"mismo escenario, otra semilla",0.9387447576865289,0.8817766136165466,0.5156210347386818
ShapleyFeatures,1:20,GraphSAGE,focal_loss,"otro escenario, misma semilla",0.9608974238973829,0.9362249434737474,0.6334880805469041
ShapleyFeatures,1:20,GraphSAGE,focal_loss,"otro escenario, otra semilla",0.9393481451279165,0.8799140236354318,0.47825720031602376
ShapleyFeatures,1:20,GraphSAGE,focal_loss,"otro escenario, otra semilla",0.9422924499460946,0.8806601911350214,0.46688153894036244
ShapleyFeatures,1:20,GraphSAGE,focal_loss,"otro escenario, otra semilla",0.942369694612062,0.8905923164274111,0.47306876130405534
ShapleyFeatures,1:20,GraphSAGE,focal_loss,"otro escenario, misma semilla",0.9603221694559705,0.9259323834654247,0.613974913974914
ShapleyFeatures,1:20,GraphSAGE,focal_loss,"otro escenario, otra semilla",0.9429424025830171,0.8845216744277503,0.48968863380628075
ShapleyFeatures,1:20,GraphSAGE,focal_loss,"otro escenario, otra semilla",0.9371665480397715,0.8835561091780997,0.4558404558404559
ShapleyFeatures,1:20,GraphSAGE,focal_loss,"otro escenario, otra semilla",0.937864533015866,0.883661241653077,0.49204673322320386
ShapleyFeatures,1:20,GraphSAGE,focal_loss,"otro escenario, misma semilla",0.9922177064823384,0.9837391417399587,0.8747474747474744
ShapleyFeatures,1:20,GAT,none,"mismo escenario, otra semilla",0.9439448089579048,0.8911520390399957,0.4608646112516081
ShapleyFeatures,1:20,GAT,none,"mismo escenario, otra semilla",0.9504009498117401,0.9054477430582845,0.47908257320022013
ShapleyFeatures,1:20,GAT,none,"mismo escenario, otra semilla",0.9474957719011592,0.9027989962275753,0.5783321253909488
ShapleyFeatures,1:20,GAT,none,"otro escenario, misma semilla",0.9487850624858267,0.9037741995980381,0.49139313845196203
ShapleyFeatures,1:20,GAT,none,"otro escenario, otra semilla",0.9436096582132244,0.8991966981215845,0.5575075795664032
ShapleyFeatures,1:20,GAT,none,"otro escenario, otra semilla",0.953762075402336,0.9135633745107569,0.5751920594025859
ShapleyFeatures,1:20,GAT,none,"otro escenario, otra semilla",0.938773103850429,0.8806767897067482,0.45678014795661853
ShapleyFeatures,1:20,GAT,none,"otro escenario, misma semilla",0.9557251096844587,0.9148768207772201,0.5704628704628704
ShapleyFeatures,1:20,GAT,none,"otro escenario, otra semilla",0.9449609228717195,0.9010887188133627,0.5296980796980798
ShapleyFeatures,1:20,GAT,none,"otro escenario, otra semilla",0.9388483412927694,0.8838164570911685,0.38809174141991487
ShapleyFeatures,1:20,GAT,none,"otro escenario, otra semilla",0.9443488338380335,0.8923476202332418,0.46113355455460714
ShapleyFeatures,1:20,GAT,none,"otro escenario, misma semilla",0.9456453441573461,0.8992859168714112,0.44520167941220573
ShapleyFeatures,1:20,GAT,class_weighting,"mismo escenario, otra semilla",0.946274709839152,0.8938839104186469,0.4980906892671599
ShapleyFeatures,1:20,GAT,class_weighting,"mismo escenario, otra semilla",0.9446355481670883,0.895576204438389,0.5251688942865412
ShapleyFeatures,1:20,GAT,class_weighting,"mismo escenario, otra semilla",0.9541157226101,0.9087752142041261,0.5561429311429311
ShapleyFeatures,1:20,GAT,class_weighting,"otro escenario, misma semilla",0.9969883642123618,0.9963043226473677,0.9030303030303027
ShapleyFeatures,1:20,GAT,class_weighting,"otro escenario, otra semilla",0.9452721994898342,0.893129892140733,0.47810577222341927
ShapleyFeatures,1:20,GAT,class_weighting,"otro escenario, otra semilla",0.9442467744403444,0.8937926018804448,0.5043711734888204
ShapleyFeatures,1:20,GAT,class_weighting,"otro escenario, otra semilla",0.9455428855167343,0.8928073030395518,0.4968786659963131
ShapleyFeatures,1:20,GAT,class_weighting,"otro escenario, misma semilla",0.998844667562619,0.9982484725618278,0.9636363636363634
ShapleyFeatures,1:20,GAT,class_weighting,"otro escenario, otra semilla",0.9541314406240026,0.9090409203381753,0.5546585767174002
ShapleyFeatures,1:20,GAT,class_weighting,"otro escenario, otra semilla",0.944902799357103,0.8976858440065819,0.5172323863500333
ShapleyFeatures,1:20,GAT,class_weighting,"otro escenario, otra semilla",0.9543660151867981,0.9112513849477899,0.5611934361934362
ShapleyFeatures,1:20,GAT,class_weighting,"otro escenario, misma semilla",0.9983838129282137,0.998112407045594,0.9636363636363634
ShapleyFeatures,1:20,GAT,focal_loss,"mismo escenario, otra semilla",0.9362781427530125,0.8554259079146893,0.40946943779761125
ShapleyFeatures,1:20,GAT,focal_loss,"mismo escenario, otra semilla",0.9455814207358061,0.8917742471614103,0.43707115324762386
ShapleyFeatures,1:20,GAT,focal_loss,"mismo escenario, otra semilla",0.9373307403806179,0.8762351354194331,0.5006189888542829
ShapleyFeatures,1:20,GAT,focal_loss,"otro escenario, misma semilla",0.9918269351900063,0.9831221558374806,0.8575757575757572
ShapleyFeatures,1:20,GAT,focal_loss,"otro escenario, otra semilla",0.9363733610305665,0.8563349686238411,0.4163233137691343
ShapleyFeatures,1:20,GAT,focal_loss,"otro escenario, otra semilla",0.9462914854992308,0.8913719786328519,0.4295619957384664
ShapleyFeatures,1:20,GAT,focal_loss,"otro escenario, otra semilla",0.9390768870579203,0.8700036055207728,0.4258410291692025
ShapleyFeatures,1:20,GAT,focal_loss,"otro escenario, misma semilla",0.9810714743730358,0.9565603417286603,0.8251637251637249
ShapleyFeatures,1:20,GAT,focal_loss,"otro escenario, otra semilla",0.9404797025531425,0.8858082254313226,0.5178184560537502
ShapleyFeatures,1:20,GAT,focal_loss,"otro escenario, otra semilla",0.9417361758780928,0.8782388326354696,0.4348631760396467
ShapleyFeatures,1:20,GAT,focal_loss,"otro escenario, otra semilla",0.9412391668008796,0.8769299672793557,0.5014611205787677
ShapleyFeatures,1:20,GAT,focal_loss,"otro escenario, misma semilla",0.9785375811585192,0.9566169325551614,0.7854118104118105
ShapleyFeatures,1:20,TAGCN,none,"mismo escenario, otra semilla",0.9402296657993541,0.8986615835756031,0.5148221059985766
ShapleyFeatures,1:20,TAGCN,none,"mismo escenario, otra semilla",0.9448328767827817,0.9005683041503992,0.5379475100063335
ShapleyFeatures,1:20,TAGCN,none,"mismo escenario, otra semilla",0.9375294104857098,0.8859602649801375,0.5019023460199931
ShapleyFeatures,1:20,TAGCN,none,"otro escenario, misma semilla",0.927273648201358,0.8738628937433254,0.47255919461801815
ShapleyFeatures,1:20,TAGCN,none,"otro escenario, otra semilla",0.9158957607559557,0.8525459772612501,0.3683515286456463
ShapleyFeatures,1:20,TAGCN,none,"otro escenario, otra semilla",0.9211595296518846,0.8578927756988385,0.4425135866312337
ShapleyFeatures,1:20,TAGCN,none,"otro escenario, otra semilla",0.9170171570371421,0.8461027203339265,0.4413692917562886
ShapleyFeatures,1:20,TAGCN,none,"otro escenario, misma semilla",0.9159164057929834,0.8483497119895902,0.39606417547594014
ShapleyFeatures,1:20,TAGCN,none,"otro escenario, otra semilla",0.9151148453697696,0.8448998339208686,0.42271911095440495
ShapleyFeatures,1:20,TAGCN,none,"otro escenario, otra semilla",0.9133338007446018,0.8442081184660409,0.40001616031027787
ShapleyFeatures,1:20,TAGCN,none,"otro escenario, otra semilla",0.910680704420468,0.8393688511446281,0.3553185376714788
ShapleyFeatures,1:20,TAGCN,none,"otro escenario, misma semilla",0.9164473218488796,0.8551512545291368,0.47452416864181574
ShapleyFeatures,1:20,TAGCN,class_weighting,"mismo escenario, otra semilla",0.9441091673207697,0.8927673867025727,0.5243777464365699
ShapleyFeatures,1:20,TAGCN,class_weighting,"mismo escenario, otra semilla",0.9137289540678255,0.8341575606774134,0.4198843640020111
ShapleyFeatures,1:20,TAGCN,class_weighting,"mismo escenario, otra semilla",0.9148710272606618,0.8285388634230757,0.383152167749691
ShapleyFeatures,1:20,TAGCN,class_weighting,"otro escenario, misma semilla",0.9834620247753918,0.9715765190463523,0.7812631812631811
ShapleyFeatures,1:20,TAGCN,class_weighting,"otro escenario, otra semilla",0.9437194067491996,0.8909693221963984,0.5121094591682828
ShapleyFeatures,1:20,TAGCN,class_weighting,"otro escenario, otra semilla",0.9152033547754075,0.8345844207123998,0.40124733654145417
ShapleyFeatures,1:20,TAGCN,class_weighting,"otro escenario, otra semilla",0.9434226176565992,0.8958079443977677,0.5113956305132776
ShapleyFeatures,1:20,TAGCN,class_weighting,"otro escenario, misma semilla",0.9853620446978533,0.9726568639999772,0.8062049062049058
ShapleyFeatures,1:20,TAGCN,class_weighting,"otro escenario, otra semilla",0.9135823954592072,0.8278060786512592,0.38612676739611723
ShapleyFeatures,1:20,TAGCN,class_weighting,"otro escenario, otra semilla",0.9146032242100532,0.8349831321467819,0.4162213603390075
ShapleyFeatures,1:20,TAGCN,class_weighting,"otro escenario, otra semilla",0.9148404711532849,0.82822049917142,0.383152167749691
ShapleyFeatures,1:20,TAGCN,class_weighting,"otro escenario, misma semilla",0.9988777842021208,0.9979036817535887,0.9757575757575757
ShapleyFeatures,1:20,TAGCN,focal_loss,"mismo escenario, otra semilla",0.9504549261921205,0.9173458313020297,0.6407731157731157
ShapleyFeatures,1:20,TAGCN,focal_loss,"mismo escenario, otra semilla",0.9435473587029195,0.8934190018284819,0.5465502219372188
ShapleyFeatures,1:20,TAGCN,focal_loss,"mismo escenario, otra semilla",0.9368446233635546,0.8901985296055971,0.5327137860419594
ShapleyFeatures,1:20,TAGCN,focal_loss,"otro escenario, misma semilla",0.9466051916998056,0.9010854689329676,0.5558474749651221
ShapleyFeatures,1:20,TAGCN,focal_loss,"otro escenario, otra semilla",0.9393719506211085,0.8907191987375894,0.54838607671425
ShapleyFeatures,1:20,TAGCN,focal_loss,"otro escenario, otra semilla",0.9314320514153737,0.8706507438260886,0.4919674552027492
ShapleyFeatures,1:20,TAGCN,focal_loss,"otro escenario, otra semilla",0.9160494853634845,0.8403182774168917,0.4189882528891815
ShapleyFeatures,1:20,TAGCN,focal_loss,"otro escenario, misma semilla",0.9181743420970745,0.8525458898881149,0.44741286691751075
ShapleyFeatures,1:20,TAGCN,focal_loss,"otro escenario, otra semilla",0.9249029517737971,0.8551379752701557,0.4659262850439321
ShapleyFeatures,1:20,TAGCN,focal_loss,"otro escenario, otra semilla",0.9267020681361261,0.8597154092490905,0.4201884172472408
ShapleyFeatures,1:20,TAGCN,focal_loss,"otro escenario, otra semilla",0.9203986231232875,0.8509152512800503,0.4386404989346166
ShapleyFeatures,1:20,TAGCN,focal_loss,"otro escenario, misma semilla",0.9272289944430041,0.8668307272421552,0.47033086738969093
ShapleyFeatures,native,GCN,none,"mismo escenario, otra semilla",0.9252620011361942,0.841093480619505,0.40503244032655794
ShapleyFeatures,native,GCN,none,"mismo escenario, otra semilla",0.9265554064061713,0.8439262710325219,0.4196061420519625
ShapleyFeatures,native,GCN,none,"mismo escenario, otra semilla",0.9337069774231429,0.8658543869786404,0.4577408831278799
ShapleyFeatures,native,GCN,class_weighting,"mismo escenario, otra semilla",0.9325872629668688,0.8498745269173881,0.4415798798151738
ShapleyFeatures,native,GCN,class_weighting,"mismo escenario, otra semilla",0.9275573119739081,0.8494532599863649,0.4056550060420029
ShapleyFeatures,native,GCN,class_weighting,"mismo escenario, otra semilla",0.9268835533174234,0.8397567398812705,0.37921324175194143
ShapleyFeatures,native,GCN,focal_loss,"mismo escenario, otra semilla",0.9344637495484851,0.8668497019034661,0.43422523755341097
ShapleyFeatures,native,GCN,focal_loss,"mismo escenario, otra semilla",0.9282119126576129,0.8616563145834354,0.3959856592209533
ShapleyFeatures,native,GCN,focal_loss,"mismo escenario, otra semilla",0.9370915723379921,0.8737784846042101,0.4544824857518355
ShapleyFeatures,native,GraphSAGE,none,"mismo escenario, otra semilla",0.9480240027117135,0.8985131594446678,0.5036731786731787
ShapleyFeatures,native,GraphSAGE,none,"mismo escenario, otra semilla",0.9536369357397774,0.904929681700136,0.48406315906315905
ShapleyFeatures,native,GraphSAGE,none,"mismo escenario, otra semilla",0.9522324590993071,0.8986408403684711,0.4943962756656255
ShapleyFeatures,native,GraphSAGE,class_weighting,"mismo escenario, otra semilla",0.9575451679833122,0.918389960613451,0.5982212232212232
ShapleyFeatures,native,GraphSAGE,class_weighting,"mismo escenario, otra semilla",0.9615514904387475,0.9297003046348531,0.6239614960203194
ShapleyFeatures,native,GraphSAGE,class_weighting,"mismo escenario, otra semilla",0.9660796180285163,0.9384667073623022,0.6251193251193252
ShapleyFeatures,native,GraphSAGE,focal_loss,"mismo escenario, otra semilla",0.9433013674125428,0.88161304288639,0.4654948537301479
ShapleyFeatures,native,GraphSAGE,focal_loss,"mismo escenario, otra semilla",0.9426668670882622,0.8805791779555227,0.46236622854269904
ShapleyFeatures,native,GraphSAGE,focal_loss,"mismo escenario, otra semilla",0.9432524170577229,0.8877701105766534,0.48501491628426613
ShapleyFeatures,native,GAT,none,"mismo escenario, otra semilla",0.9453281027460139,0.9021253442374774,0.5723655973655973
ShapleyFeatures,native,GAT,none,"mismo escenario, otra semilla",0.9468781950201804,0.8990094092381242,0.4996573401372163
ShapleyFeatures,native,GAT,none,"mismo escenario, otra semilla",0.9542102327390101,0.9234626389766979,0.5106152418845917
ShapleyFeatures,native,GAT,class_weighting,"mismo escenario, otra semilla",0.9448922016146416,0.8921281935337281,0.47689374895257247
ShapleyFeatures,native,GAT,class_weighting,"mismo escenario, otra semilla",0.9444439339481719,0.8959484286214884,0.4970451661628132
ShapleyFeatures,native,GAT,class_weighting,"mismo escenario, otra semilla",0.9544682430194869,0.9116244065612479,0.5597090817679052
ShapleyFeatures,native,GAT,focal_loss,"mismo escenario, otra semilla",0.9386853571584908,0.8711471160514853,0.43416908455608144
ShapleyFeatures,native,GAT,focal_loss,"mismo escenario, otra semilla",0.9421148323104881,0.8786735269024428,0.4288928391869568
ShapleyFeatures,native,GAT,focal_loss,"mismo escenario, otra semilla",0.9438230340598858,0.8857879815102168,0.5061619752796224
ShapleyFeatures,native,TAGCN,none,"mismo escenario, otra semilla",0.9299711540456538,0.8641046540433684,0.49248066748066754
ShapleyFeatures,native,TAGCN,none,"mismo escenario, otra semilla",0.9259372804825083,0.8579097562456555,0.5325914825914827
ShapleyFeatures,native,TAGCN,none,"mismo escenario, otra semilla",0.924967979659988,0.8508197360843224,0.4509834793116527
ShapleyFeatures,native,TAGCN,class_weighting,"mismo escenario, otra semilla",0.9428835513093915,0.893722203145716,0.4996157437333908
ShapleyFeatures,native,TAGCN,class_weighting,"mismo escenario, otra semilla",0.9158068624640423,0.834902551167866,0.398072733366851
ShapleyFeatures,native,TAGCN,class_weighting,"mismo escenario, otra semilla",0.913337166594964,0.8274425278998508,0.38612676739611723
ShapleyFeatures,native,TAGCN,focal_loss,"mismo escenario, otra semilla",0.921514556197981,0.8516455474098895,0.4482685615038555
ShapleyFeatures,native,TAGCN,focal_loss,"mismo escenario, otra semilla",0.9269473131062832,0.8686157009132865,0.46603112230047217
ShapleyFeatures,native,TAGCN,focal_loss,"mismo escenario, otra semilla",0.923757810190196,0.8574549585989842,0.434261243858767
ShapleyFeatures,1:100_subil,GCN,none,"mismo escenario, otra semilla",0.9339042303634476,0.8631740077037848,0.43154851684263446
ShapleyFeatures,1:100_subil,GCN,none,"mismo escenario, otra semilla",0.9344162887255988,0.8635736316406413,0.38465847877612586
ShapleyFeatures,1:100_subil,GCN,none,"mismo escenario, otra semilla",0.9340162267490775,0.8632277634934538,0.434242500418971
ShapleyFeatures,1:100_subil,GCN,none,"otro escenario, misma semilla",0.9238721539094049,0.8404338882123101,0.3682266248829717
ShapleyFeatures,1:100_subil,GCN,none,"otro escenario, otra semilla",0.9285009186636073,0.850479726883026,0.42105568723215786
ShapleyFeatures,1:100_subil,GCN,none,"otro escenario, otra semilla",0.9295904150444694,0.8522771296591012,0.40353312265076974
ShapleyFeatures,1:100_subil,GCN,none,"otro escenario, otra semilla",0.927732243318641,0.8548832248652839,0.3942034258597726
ShapleyFeatures,1:100_subil,GCN,none,"otro escenario, misma semilla",0.9285157911814623,0.8466431959320952,0.3925949867126338
ShapleyFeatures,1:100_subil,GCN,none,"otro escenario, otra semilla",0.929496293890365,0.8518352249424294,0.37031250196884874
ShapleyFeatures,1:100_subil,GCN,none,"otro escenario, otra semilla",0.9290219955565244,0.8568914688372855,0.4021756565874213
ShapleyFeatures,1:100_subil,GCN,none,"otro escenario, otra semilla",0.9239800384481397,0.8456672721287494,0.41223395341042407
ShapleyFeatures,1:100_subil,GCN,none,"otro escenario, misma semilla",0.9273574879983962,0.850437574786394,0.4097112439217703
ShapleyFeatures,1:100_subil,GCN,class_weighting,"mismo escenario, otra semilla",0.9443237599609363,0.8902690320416506,0.5377553818730288
ShapleyFeatures,1:100_subil,GCN,class_weighting,"mismo escenario, otra semilla",0.9124504393734663,0.817044055400964,0.3572399135092633
ShapleyFeatures,1:100_subil,GCN,class_weighting,"mismo escenario, otra semilla",0.9203328575298896,0.8314393753358639,0.3754614666379373
ShapleyFeatures,1:100_subil,GCN,class_weighting,"otro escenario, misma semilla",0.923506242506533,0.8390057142787664,0.38575319016495485
ShapleyFeatures,1:100_subil,GCN,class_weighting,"otro escenario, otra semilla",0.9220428667263524,0.8320540685776544,0.38792235742700143
ShapleyFeatures,1:100_subil,GCN,class_weighting,"otro escenario, otra semilla",0.9328848059141139,0.853485515552945,0.3891073523426466
ShapleyFeatures,1:100_subil,GCN,class_weighting,"otro escenario, otra semilla",0.9173670560663502,0.8296514786808545,0.3653714477243888
ShapleyFeatures,1:100_subil,GCN,class_weighting,"otro escenario, misma semilla",0.9213506154748159,0.8261363610611945,0.38184609508138917
ShapleyFeatures,1:100_subil,GCN,class_weighting,"otro escenario, otra semilla",0.9284667829985915,0.8418746155956851,0.37719389600194553
ShapleyFeatures,1:100_subil,GCN,class_weighting,"otro escenario, otra semilla",0.9172259062467197,0.8322474623399067,0.3789354293224262
ShapleyFeatures,1:100_subil,GCN,class_weighting,"otro escenario, otra semilla",0.916817491758843,0.8270717283312231,0.38363319686849096
ShapleyFeatures,1:100_subil,GCN,class_weighting,"otro escenario, misma semilla",0.9232541042193049,0.844021004961858,0.39841159585741626
ShapleyFeatures,1:100_subil,GCN,focal_loss,"mismo escenario, otra semilla",0.9411709970377414,0.873386449760829,0.47803335009217374
ShapleyFeatures,1:100_subil,GCN,focal_loss,"mismo escenario, otra semilla",0.9328868208727675,0.8545565519353273,0.4416382636970872
ShapleyFeatures,1:100_subil,GCN,focal_loss,"mismo escenario, otra semilla",0.9363855179463577,0.8655130082435586,0.43260093592910925
ShapleyFeatures,1:100_subil,GCN,focal_loss,"otro escenario, misma semilla",0.953877725042656,0.9141557980437307,0.5297008547008547
ShapleyFeatures,1:100_subil,GCN,focal_loss,"otro escenario, otra semilla",0.9357894068621448,0.8643075024849574,0.44211865132917766
ShapleyFeatures,1:100_subil,GCN,focal_loss,"otro escenario, otra semilla",0.9227082592172592,0.8374167629374648,0.40091126050878373
ShapleyFeatures,1:100_subil,GCN,focal_loss,"otro escenario, otra semilla",0.9365790461480521,0.8695744646907342,0.4584757834757835
ShapleyFeatures,1:100_subil,GCN,focal_loss,"otro escenario, misma semilla",0.9438978273778402,0.8874103597621532,0.4537683449448156
ShapleyFeatures,1:100_subil,GCN,focal_loss,"otro escenario, otra semilla",0.9312574336935234,0.8612445141736488,0.46784737450372116
ShapleyFeatures,1:100_subil,GCN,focal_loss,"otro escenario, otra semilla",0.9418385424662632,0.879819942090861,0.46634126966944306
ShapleyFeatures,1:100_subil,GCN,focal_loss,"otro escenario, otra semilla",0.9384447005945374,0.8725398099531552,0.46131481464298807
ShapleyFeatures,1:100_subil,GCN,focal_loss,"otro escenario, misma semilla",0.9564283256463233,0.9170508932672697,0.5538739038739039
ShapleyFeatures,1:100_subil,GraphSAGE,none,"mismo escenario, otra semilla",0.9277980605627704,0.8489706977703028,0.3649388995364228
ShapleyFeatures,1:100_subil,GraphSAGE,none,"mismo escenario, otra semilla",0.9268417495113845,0.8539235384262904,0.3822305260385757
ShapleyFeatures,1:100_subil,GraphSAGE,none,"mismo escenario, otra semilla",0.9295007291841016,0.8506822291978041,0.37608762353344394
ShapleyFeatures,1:100_subil,GraphSAGE,none,"otro escenario, misma semilla",0.9156610109863976,0.852722532336294,0.4457158310099486
ShapleyFeatures,1:100_subil,GraphSAGE,none,"otro escenario, otra semilla",0.9155953363217021,0.8456420379923038,0.4003233007102976
ShapleyFeatures,1:100_subil,GraphSAGE,none,"otro escenario, otra semilla",0.9147262769728621,0.8526292644182895,0.3916283607460078
ShapleyFeatures,1:100_subil,GraphSAGE,none,"otro escenario, otra semilla",0.9099905679716224,0.8337925063488257,0.42508618832148237
ShapleyFeatures,1:100_subil,GraphSAGE,none,"otro escenario, misma semilla",0.9078868520942109,0.8267410267325782,0.4172897364073834
ShapleyFeatures,1:100_subil,GraphSAGE,none,"otro escenario, otra semilla",0.9122205093574998,0.8436538669501027,0.3737336050029549
ShapleyFeatures,1:100_subil,GraphSAGE,none,"otro escenario, otra semilla",0.9162015904754587,0.840976106918817,0.43314082431729495
ShapleyFeatures,1:100_subil,GraphSAGE,none,"otro escenario, otra semilla",0.9150782856553124,0.8438856315261128,0.4233743924920396
ShapleyFeatures,1:100_subil,GraphSAGE,none,"otro escenario, misma semilla",0.918928613076659,0.8547024343511966,0.42813040645857986
ShapleyFeatures,1:100_subil,GraphSAGE,class_weighting,"mismo escenario, otra semilla",0.9673204214302884,0.9270320837382278,0.5951576201576201
ShapleyFeatures,1:100_subil,GraphSAGE,class_weighting,"mismo escenario, otra semilla",0.9392815063824452,0.8850324516993732,0.4293502106195605
ShapleyFeatures,1:100_subil,GraphSAGE,class_weighting,"mismo escenario, otra semilla",0.9383807221584948,0.8784952159504269,0.4669539610716082
ShapleyFeatures,1:100_subil,GraphSAGE,class_weighting,"otro escenario, misma semilla",0.9476771486047881,0.9008914392045392,0.4799601270189506
ShapleyFeatures,1:100_subil,GraphSAGE,class_weighting,"otro escenario, otra semilla",0.948502182574778,0.8947558380411137,0.513358210417034
ShapleyFeatures,1:100_subil,GraphSAGE,class_weighting,"otro escenario, otra semilla",0.9364866916236502,0.8792250827909709,0.4550630741807212
ShapleyFeatures,1:100_subil,GraphSAGE,class_weighting,"otro escenario, otra semilla",0.953941894995456,0.9193608281078304,0.5104127354127354
ShapleyFeatures,1:100_subil,GraphSAGE,class_weighting,"otro escenario, misma semilla",0.9526580765133226,0.9112424995542696,0.5457708957708957
ShapleyFeatures,1:100_subil,GraphSAGE,class_weighting,"otro escenario, otra semilla",0.9388537858068957,0.8907404714861836,0.4590211531388002
ShapleyFeatures,1:100_subil,GraphSAGE,class_weighting,"otro escenario, otra semilla",0.9553751337151477,0.9232445221044755,0.5090581531758002
ShapleyFeatures,1:100_subil,GraphSAGE,class_weighting,"otro escenario, otra semilla",0.9577813490547269,0.9213362348784876,0.5311965811965812
ShapleyFeatures,1:100_subil,GraphSAGE,class_weighting,"otro escenario, misma semilla",0.937755297213318,0.8838030824487757,0.44408143456131083
ShapleyFeatures,1:100_subil,GraphSAGE,focal_loss,"mismo escenario, otra semilla",0.9329437594350691,0.8567113490361656,0.4368449089037325
ShapleyFeatures,1:100_subil,GraphSAGE,focal_loss,"mismo escenario, otra semilla",0.9324555344763,0.8596227964378362,0.41953252286069626
ShapleyFeatures,1:100_subil,GraphSAGE,focal_loss,"mismo escenario, otra semilla",0.9283019619657209,0.8546601881393523,0.3804311558181528
ShapleyFeatures,1:100_subil,GraphSAGE,focal_loss,"otro escenario, misma semilla",0.9213675128693183,0.8618836287490876,0.4610748986135984
ShapleyFeatures,1:100_subil,GraphSAGE,focal_loss,"otro escenario, otra semilla",0.9166441016913659,0.8527043874226848,0.4260690834220246
ShapleyFeatures,1:100_subil,GraphSAGE,focal_loss,"otro escenario, otra semilla",0.9153665433334472,0.8426118407385544,0.39848771799236193
ShapleyFeatures,1:100_subil,GraphSAGE,focal_loss,"otro escenario, otra semilla",0.9207703882119157,0.8590968991517306,0.43946536779354123
ShapleyFeatures,1:100_subil,GraphSAGE,focal_loss,"otro escenario, misma semilla",0.9145560280455562,0.8456313400260308,0.41183712801359856
ShapleyFeatures,1:100_subil,GraphSAGE,focal_loss,"otro escenario, otra semilla",0.9167470284947039,0.8461700376112168,0.3961820715690685
ShapleyFeatures,1:100_subil,GraphSAGE,focal_loss,"otro escenario, otra semilla",0.9216436810851077,0.8596856863628917,0.48786730698495406
ShapleyFeatures,1:100_subil,GraphSAGE,focal_loss,"otro escenario, otra semilla",0.9126788259168797,0.8442153621985854,0.4273971126912303
ShapleyFeatures,1:100_subil,GraphSAGE,focal_loss,"otro escenario, misma semilla",0.9118597199029274,0.8447705329445997,0.4043052263640499
ShapleyFeatures,1:100_subil,GAT,none,"mismo escenario, otra semilla",0.962559615325904,0.9252952978621843,0.6166789637377871
ShapleyFeatures,1:100_subil,GAT,none,"mismo escenario, otra semilla",0.9247539995799989,0.8803800207544821,0.4455419422911683
ShapleyFeatures,1:100_subil,GAT,none,"mismo escenario, otra semilla",0.9260157600437173,0.8811203799058039,0.4608852734239731
ShapleyFeatures,1:100_subil,GAT,none,"otro escenario, misma semilla",0.9652181057587496,0.9324758479912368,0.6492313242313243
ShapleyFeatures,1:100_subil,GAT,none,"otro escenario, otra semilla",0.945344845349362,0.9011328398198231,0.5509345229933466
ShapleyFeatures,1:100_subil,GAT,none,"otro escenario, otra semilla",0.9114062584576379,0.8616471387808096,0.45571575540615783
ShapleyFeatures,1:100_subil,GAT,none,"otro escenario, otra semilla",0.956476017826406,0.9253493919960646,0.5560605373298871
ShapleyFeatures,1:100_subil,GAT,none,"otro escenario, misma semilla",0.9828399718475297,0.9718071283552555,0.7358086358086356
ShapleyFeatures,1:100_subil,GAT,none,"otro escenario, otra semilla",0.9242856247130137,0.8845467153098054,0.457407922887799
ShapleyFeatures,1:100_subil,GAT,none,"otro escenario, otra semilla",0.9551570671876245,0.9192847309072469,0.48985082112017087
ShapleyFeatures,1:100_subil,GAT,none,"otro escenario, otra semilla",0.9578843957674957,0.9219873056343951,0.5113268797479323
ShapleyFeatures,1:100_subil,GAT,none,"otro escenario, misma semilla",0.9335198820904757,0.900610796166536,0.6275464588158087
ShapleyFeatures,1:100_subil,GAT,class_weighting,"mismo escenario, otra semilla",0.9464819314285301,0.8900534616227516,0.48634753046517754
ShapleyFeatures,1:100_subil,GAT,class_weighting,"mismo escenario, otra semilla",0.9630238769103171,0.9268616611283003,0.6039044289044287
ShapleyFeatures,1:100_subil,GAT,class_weighting,"mismo escenario, otra semilla",0.949053317982337,0.8878953798744504,0.4657151127739363
ShapleyFeatures,1:100_subil,GAT,class_weighting,"otro escenario, misma semilla",0.9708080752397764,0.9504966462856365,0.7332327802916035
ShapleyFeatures,1:100_subil,GAT,class_weighting,"otro escenario, otra semilla",0.946396587515662,0.8917263888004089,0.46869269075151426
ShapleyFeatures,1:100_subil,GAT,class_weighting,"otro escenario, otra semilla",0.9593906422381197,0.9256421630780289,0.5803162523750759
ShapleyFeatures,1:100_subil,GAT,class_weighting,"otro escenario, otra semilla",0.9462514651835988,0.8910000203075201,0.4856239076827312
ShapleyFeatures,1:100_subil,GAT,class_weighting,"otro escenario, misma semilla",0.9900708716454245,0.9876000172511691,0.8379176379176377
ShapleyFeatures,1:100_subil,GAT,class_weighting,"otro escenario, otra semilla",0.9468949936560614,0.8911344197667491,0.4803174494350965
ShapleyFeatures,1:100_subil,GAT,class_weighting,"otro escenario, otra semilla",0.9484040753999273,0.892030763025989,0.505716668951963
ShapleyFeatures,1:100_subil,GAT,class_weighting,"otro escenario, otra semilla",0.9561418597252208,0.9149885440713261,0.5479874700462936
ShapleyFeatures,1:100_subil,GAT,class_weighting,"otro escenario, misma semilla",0.9524005098732744,0.9006372390621978,0.5574286824286825
ShapleyFeatures,1:100_subil,GAT,focal_loss,"mismo escenario, otra semilla",0.946913206275038,0.906629428143962,0.5027988351517761
ShapleyFeatures,1:100_subil,GAT,focal_loss,"mismo escenario, otra semilla",0.9479899964293916,0.909808018243614,0.503793904180901
ShapleyFeatures,1:100_subil,GAT,focal_loss,"mismo escenario, otra semilla",0.9490860770064146,0.9013128804153373,0.4872814406096139
ShapleyFeatures,1:100_subil,GAT,focal_loss,"otro escenario, misma semilla",0.9424907189424654,0.8937401790686835,0.4891415773768716
ShapleyFeatures,1:100_subil,GAT,focal_loss,"otro escenario, otra semilla",0.9382561420669718,0.874870141668548,0.46899814438514126
ShapleyFeatures,1:100_subil,GAT,focal_loss,"otro escenario, otra semilla",0.9439650256662987,0.8933892890542241,0.5126968347556583
ShapleyFeatures,1:100_subil,GAT,focal_loss,"otro escenario, otra semilla",0.9388348226893852,0.8875811427888044,0.46219564748976505
ShapleyFeatures,1:100_subil,GAT,focal_loss,"otro escenario, misma semilla",0.9540224095751936,0.9095243171280072,0.5585275835275836
ShapleyFeatures,1:100_subil,GAT,focal_loss,"otro escenario, otra semilla",0.9433495491201848,0.8939358658165227,0.4961272244553979
ShapleyFeatures,1:100_subil,GAT,focal_loss,"otro escenario, otra semilla",0.9445427280929624,0.8974699817312628,0.4953394644571115
ShapleyFeatures,1:100_subil,GAT,focal_loss,"otro escenario, otra semilla",0.9463897498650896,0.8944096067513863,0.5115738836327073
ShapleyFeatures,1:100_subil,GAT,focal_loss,"otro escenario, misma semilla",0.9387718278909366,0.885333875204274,0.43130500963318297
ShapleyFeatures,1:100_subil,TAGCN,none,"mismo escenario, otra semilla",0.9167498000108089,0.8420501229223843,0.40626492244139295
ShapleyFeatures,1:100_subil,TAGCN,none,"mismo escenario, otra semilla",0.9153858770613283,0.8415243132955893,0.39610416816299165
ShapleyFeatures,1:100_subil,TAGCN,none,"mismo escenario, otra semilla",0.9154579003559852,0.8360168753765068,0.3843885417414829
ShapleyFeatures,1:100_subil,TAGCN,none,"otro escenario, misma semilla",0.9269533634962868,0.8581916369726165,0.4119953432646931
ShapleyFeatures,1:100_subil,TAGCN,none,"otro escenario, otra semilla",0.9248574584110131,0.8518837215250513,0.44540698952463653
ShapleyFeatures,1:100_subil,TAGCN,none,"otro escenario, otra semilla",0.9186449812928535,0.8410288858682222,0.39737843855490923
ShapleyFeatures,1:100_subil,TAGCN,none,"otro escenario, otra semilla",0.9194726686305339,0.8399852854928459,0.40166520499337827
ShapleyFeatures,1:100_subil,TAGCN,none,"otro escenario, misma semilla",0.9255975048494205,0.86021809649978,0.4699454140630611
ShapleyFeatures,1:100_subil,TAGCN,none,"otro escenario, otra semilla",0.9199961515384592,0.8425517887710918,0.4152703906573875
ShapleyFeatures,1:100_subil,TAGCN,none,"otro escenario, otra semilla",0.9202449956379453,0.8454056946371464,0.3908969570734276
ShapleyFeatures,1:100_subil,TAGCN,none,"otro escenario, otra semilla",0.9169503283525363,0.8441816745976046,0.4559849994060521
ShapleyFeatures,1:100_subil,TAGCN,none,"otro escenario, misma semilla",0.9220883568810397,0.8473502292728371,0.4249730661495367
ShapleyFeatures,1:100_subil,TAGCN,class_weighting,"mismo escenario, otra semilla",0.9436120855525213,0.8908411103072201,0.48959705871470577
ShapleyFeatures,1:100_subil,TAGCN,class_weighting,"mismo escenario, otra semilla",0.9159120066483598,0.8383344120267276,0.3997162967751203
ShapleyFeatures,1:100_subil,TAGCN,class_weighting,"mismo escenario, otra semilla",0.9158937727261858,0.8291271960835218,0.4099769912463412
ShapleyFeatures,1:100_subil,TAGCN,class_weighting,"otro escenario, misma semilla",0.9557428323637198,0.923414403186425,0.5543012543012543
ShapleyFeatures,1:100_subil,TAGCN,class_weighting,"otro escenario, otra semilla",0.9353517732746849,0.8744066327887354,0.46941103558750613
ShapleyFeatures,1:100_subil,TAGCN,class_weighting,"otro escenario, otra semilla",0.9153442963889752,0.8356698183528782,0.41029830735713085
ShapleyFeatures,1:100_subil,TAGCN,class_weighting,"otro escenario, otra semilla",0.9381602312011622,0.8863809664683084,0.48600767424296826
ShapleyFeatures,1:100_subil,TAGCN,class_weighting,"otro escenario, misma semilla",0.9537318162452836,0.9141520917185413,0.5983676454264689
ShapleyFeatures,1:100_subil,TAGCN,class_weighting,"otro escenario, otra semilla",0.9141103507558882,0.828718897546799,0.4027586248174483
ShapleyFeatures,1:100_subil,TAGCN,class_weighting,"otro escenario, otra semilla",0.9164473942223332,0.8389158336610825,0.37091323708970775
ShapleyFeatures,1:100_subil,TAGCN,class_weighting,"otro escenario, otra semilla",0.9151219438122938,0.8273331689161714,0.3854008449983682
ShapleyFeatures,1:100_subil,TAGCN,class_weighting,"otro escenario, misma semilla",0.9933764298247701,0.9881986648067149,0.8797979797979795
ShapleyFeatures,1:100_subil,TAGCN,focal_loss,"mismo escenario, otra semilla",0.9160230993427887,0.8386174554040439,0.37997258732552835
ShapleyFeatures,1:100_subil,TAGCN,focal_loss,"mismo escenario, otra semilla",0.9093517939328605,0.8339769302687189,0.3648830472359884
ShapleyFeatures,1:100_subil,TAGCN,focal_loss,"mismo escenario, otra semilla",0.918559554130944,0.8464733983691924,0.3768616173414935
ShapleyFeatures,1:100_subil,TAGCN,focal_loss,"otro escenario, misma semilla",0.9458441826998522,0.9063376851663213,0.5540061790061791
ShapleyFeatures,1:100_subil,TAGCN,focal_loss,"otro escenario, otra semilla",0.9215686255689045,0.859402509273153,0.3933918191658129
ShapleyFeatures,1:100_subil,TAGCN,focal_loss,"otro escenario, otra semilla",0.9155513411589685,0.8514010559850769,0.43032882150529217
ShapleyFeatures,1:100_subil,TAGCN,focal_loss,"otro escenario, otra semilla",0.9168586909604195,0.8394720935349832,0.4018118591648003
ShapleyFeatures,1:100_subil,TAGCN,focal_loss,"otro escenario, misma semilla",0.9544159072432714,0.9061101755595149,0.6118597089185323
ShapleyFeatures,1:100_subil,TAGCN,focal_loss,"otro escenario, otra semilla",0.9176949206839206,0.8407650375215293,0.397464231674758
ShapleyFeatures,1:100_subil,TAGCN,focal_loss,"otro escenario, otra semilla",0.9244839764737333,0.8549318580939391,0.38597704038880504
ShapleyFeatures,1:100_subil,TAGCN,focal_loss,"otro escenario, otra semilla",0.919390452918617,0.847156888226353,0.41432890295119396
ShapleyFeatures,1:100_subil,TAGCN,focal_loss,"otro escenario, misma semilla",0.932034473936758,0.8757360809667186,0.5284644005232241
ShapleyFeatures,1:200_subil,GCN,none,"mismo escenario, otra semilla",0.9289628671956338,0.8486234182542747,0.4280354435153197
ShapleyFeatures,1:200_subil,GCN,none,"mismo escenario, otra semilla",0.9264465661913063,0.8431410130689331,0.38793791920726906
ShapleyFeatures,1:200_subil,GCN,none,"mismo escenario, otra semilla",0.9242672798995081,0.8383327155272918,0.39626158155569924
ShapleyFeatures,1:200_subil,GCN,none,"otro escenario, misma semilla",0.9164819983317779,0.8305369101103841,0.41935776641659
ShapleyFeatures,1:200_subil,GCN,none,"otro escenario, otra semilla",0.9112372189718291,0.8317539116555076,0.40616255949073293
ShapleyFeatures,1:200_subil,GCN,none,"otro escenario, otra semilla",0.9115511535905401,0.8301772793446747,0.37293217331917017
ShapleyFeatures,1:200_subil,GCN,none,"otro escenario, otra semilla",0.9172169789759124,0.8348284404034757,0.4060984222748928
ShapleyFeatures,1:200_subil,GCN,none,"otro escenario, misma semilla",0.9171636514871537,0.8362167340131846,0.44840331094201064
ShapleyFeatures,1:200_subil,GCN,none,"otro escenario, otra semilla",0.9100633949746898,0.8302043527549556,0.35055663290957406
ShapleyFeatures,1:200_subil,GCN,none,"otro escenario, otra semilla",0.9176129113943122,0.8447624467105949,0.42491510324327664
ShapleyFeatures,1:200_subil,GCN,none,"otro escenario, otra semilla",0.9138686415852504,0.8376216343984696,0.3926494529435705
ShapleyFeatures,1:200_subil,GCN,none,"otro escenario, misma semilla",0.913315520773354,0.8376759081278271,0.396711172098169
ShapleyFeatures,1:200_subil,GCN,class_weighting,"mismo escenario, otra semilla",0.9483213227916463,0.8942863209076282,0.552446899505723
ShapleyFeatures,1:200_subil,GCN,class_weighting,"mismo escenario, otra semilla",0.9148665124227365,0.820994769518218,0.3685209126385597
ShapleyFeatures,1:200_subil,GCN,class_weighting,"mismo escenario, otra semilla",0.9238101254006017,0.8404168620486042,0.4045248868778281
ShapleyFeatures,1:200_subil,GCN,class_weighting,"otro escenario, misma semilla",0.9283400084441689,0.8473106344342279,0.36913689452389137
ShapleyFeatures,1:200_subil,GCN,class_weighting,"otro escenario, otra semilla",0.9271961192994445,0.8416717190877085,0.3975334578275756
ShapleyFeatures,1:200_subil,GCN,class_weighting,"otro escenario, otra semilla",0.932645224665737,0.8522082812143794,0.3887805549570257
ShapleyFeatures,1:200_subil,GCN,class_weighting,"otro escenario, otra semilla",0.9198137980526444,0.832079533175848,0.3482241614594555
ShapleyFeatures,1:200_subil,GCN,class_weighting,"otro escenario, misma semilla",0.9198485735971238,0.8268093561010592,0.3490526214984419
ShapleyFeatures,1:200_subil,GCN,class_weighting,"otro escenario, otra semilla",0.9285940571761984,0.8408373686175139,0.3735308923389419
ShapleyFeatures,1:200_subil,GCN,class_weighting,"otro escenario, otra semilla",0.9230776459446313,0.8417895992842149,0.39491917324734666
ShapleyFeatures,1:200_subil,GCN,class_weighting,"otro escenario, otra semilla",0.9257761891139239,0.8466640770335107,0.4235880677057148
ShapleyFeatures,1:200_subil,GCN,class_weighting,"otro escenario, misma semilla",0.9237369765122552,0.8429502003116113,0.39474859219441266
ShapleyFeatures,1:200_subil,GCN,focal_loss,"mismo escenario, otra semilla",0.9314456355123988,0.8544821995552491,0.42124682163381855
ShapleyFeatures,1:200_subil,GCN,focal_loss,"mismo escenario, otra semilla",0.9280040473014816,0.8494209788109038,0.410848954966602
ShapleyFeatures,1:200_subil,GCN,focal_loss,"mismo escenario, otra semilla",0.9391563288789572,0.8744705459478092,0.45002633532045283
ShapleyFeatures,1:200_subil,GCN,focal_loss,"otro escenario, misma semilla",0.9345104196635838,0.8646175820104389,0.4199681582034523
ShapleyFeatures,1:200_subil,GCN,focal_loss,"otro escenario, otra semilla",0.9388589440808803,0.8700947502934705,0.42092341209988265
ShapleyFeatures,1:200_subil,GCN,focal_loss,"otro escenario, otra semilla",0.9256908692747634,0.8487431298006343,0.3923766177636147
ShapleyFeatures,1:200_subil,GCN,focal_loss,"otro escenario, otra semilla",0.9241986283514927,0.8499226323329937,0.40367276915264527
ShapleyFeatures,1:200_subil,GCN,focal_loss,"otro escenario, misma semilla",0.9549048574539171,0.9069064759748723,0.5694555444555445
ShapleyFeatures,1:200_subil,GCN,focal_loss,"otro escenario, otra semilla",0.9319645955542206,0.8711121505743293,0.4571497388060854
ShapleyFeatures,1:200_subil,GCN,focal_loss,"otro escenario, otra semilla",0.9244229401385051,0.8472411242250969,0.3835650589520558
ShapleyFeatures,1:200_subil,GCN,focal_loss,"otro escenario, otra semilla",0.9369720895291255,0.8711536265941686,0.474369352697526
ShapleyFeatures,1:200_subil,GCN,focal_loss,"otro escenario, misma semilla",0.9523562640957574,0.9076655347275391,0.5420732861909332
ShapleyFeatures,1:200_subil,GraphSAGE,none,"mismo escenario, otra semilla",0.9436932827330182,0.8789362549627379,0.42651079856962215
ShapleyFeatures,1:200_subil,GraphSAGE,none,"mismo escenario, otra semilla",0.9404735485563753,0.8718330871933565,0.4878966349554586
ShapleyFeatures,1:200_subil,GraphSAGE,none,"mismo escenario, otra semilla",0.9375194939017513,0.8672455242122671,0.4268178301460035
ShapleyFeatures,1:200_subil,GraphSAGE,none,"otro escenario, misma semilla",0.942928150658517,0.8914296089905245,0.4762104453280924
ShapleyFeatures,1:200_subil,GraphSAGE,none,"otro escenario, otra semilla",0.9404668744448264,0.8815736248822027,0.4452913644090114
ShapleyFeatures,1:200_subil,GraphSAGE,none,"otro escenario, otra semilla",0.9375220098484923,0.8638596500984635,0.429648292883587
ShapleyFeatures,1:200_subil,GraphSAGE,none,"otro escenario, otra semilla",0.9429016863968345,0.8817413397844861,0.4732291387090148
ShapleyFeatures,1:200_subil,GraphSAGE,none,"otro escenario, misma semilla",0.9350386899167161,0.8599789000599918,0.3984171859558857
ShapleyFeatures,1:200_subil,GraphSAGE,none,"otro escenario, otra semilla",0.932081218790601,0.8580524455066318,0.42939091066026047
ShapleyFeatures,1:200_subil,GraphSAGE,none,"otro escenario, otra semilla",0.9501707812884318,0.8986383673881719,0.4988695801389299
ShapleyFeatures,1:200_subil,GraphSAGE,none,"otro escenario, otra semilla",0.9394288291059338,0.863986722539059,0.39325656570238615
ShapleyFeatures,1:200_subil,GraphSAGE,none,"otro escenario, misma semilla",0.9381091081338225,0.8761135918161181,0.4816670257846728
ShapleyFeatures,1:200_subil,GraphSAGE,class_weighting,"mismo escenario, otra semilla",0.9612720057955174,0.9231107300371094,0.6001624192800662
ShapleyFeatures,1:200_subil,GraphSAGE,class_weighting,"mismo escenario, otra semilla",0.9422040711765474,0.886391249944774,0.5091416753181459
ShapleyFeatures,1:200_subil,GraphSAGE,class_weighting,"mismo escenario, otra semilla",0.9437022528452486,0.8872385415235862,0.5032646003234238
ShapleyFeatures,1:200_subil,GraphSAGE,class_weighting,"otro escenario, misma semilla",0.9442602981138184,0.8872545344812154,0.46442778354543063
ShapleyFeatures,1:200_subil,GraphSAGE,class_weighting,"otro escenario, otra semilla",0.9463229460052003,0.8997161411509338,0.5298978798978798
ShapleyFeatures,1:200_subil,GraphSAGE,class_weighting,"otro escenario, otra semilla",0.9333222573264005,0.8690355045628695,0.4677003279944456
ShapleyFeatures,1:200_subil,GraphSAGE,class_weighting,"otro escenario, otra semilla",0.9483756261245477,0.9049572100169443,0.5175616866793337
ShapleyFeatures,1:200_subil,GraphSAGE,class_weighting,"otro escenario, misma semilla",0.9496932766327366,0.9141051912022136,0.5293089263677498
ShapleyFeatures,1:200_subil,GraphSAGE,class_weighting,"otro escenario, otra semilla",0.9379493307972504,0.8839514191053107,0.4821119512295982
ShapleyFeatures,1:200_subil,GraphSAGE,class_weighting,"otro escenario, otra semilla",0.9468158500656169,0.9003199368935557,0.47634330467147795
ShapleyFeatures,1:200_subil,GraphSAGE,class_weighting,"otro escenario, otra semilla",0.946096848399428,0.9064653263213969,0.491212382388853
ShapleyFeatures,1:200_subil,GraphSAGE,class_weighting,"otro escenario, misma semilla",0.9353708575677607,0.8710850595720729,0.48211620680660927
ShapleyFeatures,1:200_subil,GraphSAGE,focal_loss,"mismo escenario, otra semilla",0.9277342841401319,0.8496923854717289,0.38649974609726934
ShapleyFeatures,1:200_subil,GraphSAGE,focal_loss,"mismo escenario, otra semilla",0.9271957806997855,0.8539681424330718,0.385618804426854
ShapleyFeatures,1:200_subil,GraphSAGE,focal_loss,"mismo escenario, otra semilla",0.9289242780304966,0.8498334573721092,0.3722109446567651
ShapleyFeatures,1:200_subil,GraphSAGE,focal_loss,"otro escenario, misma semilla",0.9150393257591776,0.8418225283477292,0.428722366957661
ShapleyFeatures,1:200_subil,GraphSAGE,focal_loss,"otro escenario, otra semilla",0.9135359639967939,0.8487090521995349,0.3855550767315473
ShapleyFeatures,1:200_subil,GraphSAGE,focal_loss,"otro escenario, otra semilla",0.9189016508214684,0.8570461993262611,0.3904140378598584
ShapleyFeatures,1:200_subil,GraphSAGE,focal_loss,"otro escenario, otra semilla",0.9144706014843896,0.8416928618872848,0.4323906485671192
ShapleyFeatures,1:200_subil,GraphSAGE,focal_loss,"otro escenario, misma semilla",0.914920626171814,0.8366193047100277,0.40238334650099356
ShapleyFeatures,1:200_subil,GraphSAGE,focal_loss,"otro escenario, otra semilla",0.9199007655994804,0.8598035116262664,0.40722315466897513
ShapleyFeatures,1:200_subil,GraphSAGE,focal_loss,"otro escenario, otra semilla",0.9136711263613293,0.8434058913225554,0.4242435525717259
ShapleyFeatures,1:200_subil,GraphSAGE,focal_loss,"otro escenario, otra semilla",0.9158442590966781,0.8399116392254654,0.41511067764937726
ShapleyFeatures,1:200_subil,GraphSAGE,focal_loss,"otro escenario, misma semilla",0.9155890562897361,0.8547437429319851,0.4098681532892059
ShapleyFeatures,1:200_subil,GAT,none,"mismo escenario, otra semilla",0.9628614738842995,0.932339382750655,0.60881210292975
ShapleyFeatures,1:200_subil,GAT,none,"mismo escenario, otra semilla",0.9210878278587074,0.8887411188716676,0.44131972258907237
ShapleyFeatures,1:200_subil,GAT,none,"mismo escenario, otra semilla",0.9146012244813909,0.8796217799226786,0.407627351435401
ShapleyFeatures,1:200_subil,GAT,none,"otro escenario, misma semilla",0.9587021552596076,0.9150487690390768,0.6332528582528583
ShapleyFeatures,1:200_subil,GAT,none,"otro escenario, otra semilla",0.9526994986250296,0.910368359803505,0.5643870835047304
ShapleyFeatures,1:200_subil,GAT,none,"otro escenario, otra semilla",0.9068334492168381,0.8668364624097601,0.43339945514868106
ShapleyFeatures,1:200_subil,GAT,none,"otro escenario, otra semilla",0.9617721932268596,0.9285763975676268,0.5296172638277901
ShapleyFeatures,1:200_subil,GAT,none,"otro escenario, misma semilla",0.960641893811265,0.9365174564100556,0.545503842562666
ShapleyFeatures,1:200_subil,GAT,none,"otro escenario, otra semilla",0.91621026910755,0.8876742324578789,0.4467077842464839
ShapleyFeatures,1:200_subil,GAT,none,"otro escenario, otra semilla",0.9571477005019209,0.9169201983522406,0.49191634818569796
ShapleyFeatures,1:200_subil,GAT,none,"otro escenario, otra semilla",0.9541569372880431,0.910807012118591,0.4689182248779772
ShapleyFeatures,1:200_subil,GAT,none,"otro escenario, misma semilla",0.9197691878519331,0.8999281938760267,0.5974577566682829
ShapleyFeatures,1:200_subil,GAT,class_weighting,"mismo escenario, otra semilla",0.9472405983303078,0.8912080367576742,0.4787863008451244
ShapleyFeatures,1:200_subil,GAT,class_weighting,"mismo escenario, otra semilla",0.9537258664753507,0.9062411794622399,0.5087211807800043
ShapleyFeatures,1:200_subil,GAT,class_weighting,"mismo escenario, otra semilla",0.9556750127215624,0.9066195414915265,0.5453093203093202
ShapleyFeatures,1:200_subil,GAT,class_weighting,"otro escenario, misma semilla",0.9618999114247857,0.9337078766058998,0.6412448662448661
ShapleyFeatures,1:200_subil,GAT,class_weighting,"otro escenario, otra semilla",0.9444010172183485,0.8900240328472504,0.457449304508128
ShapleyFeatures,1:200_subil,GAT,class_weighting,"otro escenario, otra semilla",0.9452175600383511,0.8929978713548251,0.49615994027758725
ShapleyFeatures,1:200_subil,GAT,class_weighting,"otro escenario, otra semilla",0.9467636231800306,0.8932536472566204,0.4743996743996745
ShapleyFeatures,1:200_subil,GAT,class_weighting,"otro escenario, misma semilla",0.9817749033461524,0.9725657307466099,0.7572421043009279
ShapleyFeatures,1:200_subil,GAT,class_weighting,"otro escenario, otra semilla",0.9526278816200766,0.9024834243643263,0.5217655438243674
ShapleyFeatures,1:200_subil,GAT,class_weighting,"otro escenario, otra semilla",0.9504098254695731,0.9007247442512413,0.5023768714945186
ShapleyFeatures,1:200_subil,GAT,class_weighting,"otro escenario, otra semilla",0.9535859038923951,0.9097609933424664,0.5570448070448071
ShapleyFeatures,1:200_subil,GAT,class_weighting,"otro escenario, misma semilla",0.9850666517902039,0.9728706507955593,0.7857697857697856
ShapleyFeatures,1:200_subil,GAT,focal_loss,"mismo escenario, otra semilla",0.9501364619004768,0.9105915533088705,0.5515588986177221
ShapleyFeatures,1:200_subil,GAT,focal_loss,"mismo escenario, otra semilla",0.9505809301460381,0.9017730472604993,0.5154643286996228
ShapleyFeatures,1:200_subil,GAT,focal_loss,"mismo escenario, otra semilla",0.9493578767969547,0.8919654403041966,0.46442038353803056
ShapleyFeatures,1:200_subil,GAT,focal_loss,"otro escenario, misma semilla",0.9426242226946586,0.8954554357964921,0.49707781325428396
ShapleyFeatures,1:200_subil,GAT,focal_loss,"otro escenario, otra semilla",0.9376933883230999,0.8753780429677305,0.4427327431197401
ShapleyFeatures,1:200_subil,GAT,focal_loss,"otro escenario, otra semilla",0.9425756851183373,0.8825411461473102,0.49830864869564556
ShapleyFeatures,1:200_subil,GAT,focal_loss,"otro escenario, otra semilla",0.937612894222478,0.8918847333407925,0.47499591911356626
ShapleyFeatures,1:200_subil,GAT,focal_loss,"otro escenario, misma semilla",0.9529049532905456,0.9051966086228268,0.5316988566988567
ShapleyFeatures,1:200_subil,GAT,focal_loss,"otro escenario, otra semilla",0.9425284706324725,0.8834363575164402,0.44550503962268667
ShapleyFeatures,1:200_subil,GAT,focal_loss,"otro escenario, otra semilla",0.9410914779336478,0.8909094872239793,0.5448739169327406
ShapleyFeatures,1:200_subil,GAT,focal_loss,"otro escenario, otra semilla",0.9428523304527929,0.8874917731436589,0.490944240944241
ShapleyFeatures,1:200_subil,GAT,focal_loss,"otro escenario, misma semilla",0.9408242754752748,0.8837900775110649,0.4455265867030572
ShapleyFeatures,1:200_subil,TAGCN,none,"mismo escenario, otra semilla",0.9167769364982085,0.8413327578405251,0.4090427002191708
ShapleyFeatures,1:200_subil,TAGCN,none,"mismo escenario, otra semilla",0.9151947453015734,0.8401465466520862,0.3988819459407695
ShapleyFeatures,1:200_subil,TAGCN,none,"mismo escenario, otra semilla",0.9155339373927978,0.8361168238248499,0.38683952213363976
ShapleyFeatures,1:200_subil,TAGCN,none,"otro escenario, misma semilla",0.9266107692134148,0.8568827723478175,0.4119953432646931
ShapleyFeatures,1:200_subil,TAGCN,none,"otro escenario, otra semilla",0.924812988454731,0.8520478335861754,0.4481847673024143
ShapleyFeatures,1:200_subil,TAGCN,none,"otro escenario, otra semilla",0.9185899568886013,0.8406832849375717,0.39737843855490923
ShapleyFeatures,1:200_subil,TAGCN,none,"otro escenario, otra semilla",0.9195143086410714,0.8392743557299427,0.40166520499337827
ShapleyFeatures,1:200_subil,TAGCN,none,"otro escenario, misma semilla",0.9256704438242587,0.8603647129679444,0.47638619550384254
ShapleyFeatures,1:200_subil,TAGCN,none,"otro escenario, otra semilla",0.919897895555298,0.8424663960413157,0.4152703906573875
ShapleyFeatures,1:200_subil,TAGCN,none,"otro escenario, otra semilla",0.9201633121587245,0.8445010215278054,0.3964525126289831
ShapleyFeatures,1:200_subil,TAGCN,none,"otro escenario, otra semilla",0.9171309391525349,0.8443715976212983,0.4559849994060521
ShapleyFeatures,1:200_subil,TAGCN,none,"otro escenario, misma semilla",0.9220369121974585,0.8468980528870761,0.4249730661495367
ShapleyFeatures,1:200_subil,TAGCN,class_weighting,"mismo escenario, otra semilla",0.9433362716779456,0.8983606846764394,0.525547259757786
ShapleyFeatures,1:200_subil,TAGCN,class_weighting,"mismo escenario, otra semilla",0.9120398943603912,0.8303468932296444,0.3661921268732414
ShapleyFeatures,1:200_subil,TAGCN,class_weighting,"mismo escenario, otra semilla",0.9112158174401898,0.83473969266185,0.365098612544433
ShapleyFeatures,1:200_subil,TAGCN,class_weighting,"otro escenario, misma semilla",0.9402047085614821,0.8862132587901551,0.5123520814697284
ShapleyFeatures,1:200_subil,TAGCN,class_weighting,"otro escenario, otra semilla",0.928597230342747,0.8723624459820356,0.46342693254457956
ShapleyFeatures,1:200_subil,TAGCN,class_weighting,"otro escenario, otra semilla",0.9142061151457903,0.8329417879810441,0.4023481277351247
ShapleyFeatures,1:200_subil,TAGCN,class_weighting,"otro escenario, otra semilla",0.9335841183946266,0.8758089176499776,0.4630103413385146
ShapleyFeatures,1:200_subil,TAGCN,class_weighting,"otro escenario, misma semilla",0.9466805134454425,0.9067811155448988,0.5250492971081206
ShapleyFeatures,1:200_subil,TAGCN,class_weighting,"otro escenario, otra semilla",0.9133765573456553,0.8297190979628702,0.39688603736591355
ShapleyFeatures,1:200_subil,TAGCN,class_weighting,"otro escenario, otra semilla",0.9130356954657125,0.8304468180634618,0.37241094818494186
ShapleyFeatures,1:200_subil,TAGCN,class_weighting,"otro escenario, otra semilla",0.9099058118554177,0.8314883439189444,0.3580180025226465
ShapleyFeatures,1:200_subil,TAGCN,class_weighting,"otro escenario, misma semilla",0.9894769785589289,0.9801356755630218,0.8555555555555556
ShapleyFeatures,1:200_subil,TAGCN,focal_loss,"mismo escenario, otra semilla",0.9239184531466914,0.8469952814307599,0.3958157712027681
ShapleyFeatures,1:200_subil,TAGCN,focal_loss,"mismo escenario, otra semilla",0.9187582646730077,0.8434802819543827,0.3909798377290637
ShapleyFeatures,1:200_subil,TAGCN,focal_loss,"mismo escenario, otra semilla",0.9167683051256021,0.8393215719997129,0.4052562905504082
ShapleyFeatures,1:200_subil,TAGCN,focal_loss,"otro escenario, misma semilla",0.9104602311184216,0.8396598363451351,0.44330624369324056
ShapleyFeatures,1:200_subil,TAGCN,focal_loss,"otro escenario, otra semilla",0.911404806698902,0.8287687565178515,0.3964546060521293
ShapleyFeatures,1:200_subil,TAGCN,focal_loss,"otro escenario, otra semilla",0.9046382334036314,0.827024393624062,0.39949843185137296
ShapleyFeatures,1:200_subil,TAGCN,focal_loss,"otro escenario, otra semilla",0.9181835446795537,0.8442368646637379,0.3888853922135655
ShapleyFeatures,1:200_subil,TAGCN,focal_loss,"otro escenario, misma semilla",0.9136432628070983,0.8322552408080385,0.40205654911537264
ShapleyFeatures,1:200_subil,TAGCN,focal_loss,"otro escenario, otra semilla",0.9120060300020325,0.8246620629806451,0.41619083530848233
ShapleyFeatures,1:200_subil,TAGCN,focal_loss,"otro escenario, otra semilla",0.9194061301903017,0.8460180519902629,0.4189447663905867
ShapleyFeatures,1:200_subil,TAGCN,focal_loss,"otro escenario, otra semilla",0.9171013452470178,0.8359003753248734,0.3866696341154545
ShapleyFeatures,1:200_subil,TAGCN,focal_loss,"otro escenario, misma semilla",0.913820408758363,0.8334401746196365,0.4377164631034601
IntegratedGradients,1:10,GCN,none,"mismo escenario, otra semilla",0.9614303065944184,0.7780279542231476,0.4828803549391785
IntegratedGradients,1:10,GCN,none,"mismo escenario, otra semilla",0.9580709036205548,0.7598303595064504,0.4445804195804196
IntegratedGradients,1:10,GCN,none,"mismo escenario, otra semilla",0.9641275750266746,0.79500309396134,0.5025918525918526
IntegratedGradients,1:10,GCN,none,"otro escenario, misma semilla",0.9629915964324914,0.7907844901243263,0.46791819291819287
IntegratedGradients,1:10,GCN,none,"otro escenario, otra semilla",0.9610748418724095,0.7801538215198682,0.4477065418241889
IntegratedGradients,1:10,GCN,none,"otro escenario, otra semilla",0.9587064232012475,0.764641898192714,0.4352779573367809
IntegratedGradients,1:10,GCN,none,"otro escenario, otra semilla",0.9623856127782783,0.783150742092472,0.461935286935287
IntegratedGradients,1:10,GCN,none,"otro escenario, misma semilla",0.9731593719104789,0.8435586051307562,0.6425102675102675
IntegratedGradients,1:10,GCN,none,"otro escenario, otra semilla",0.9597458290197843,0.768226006733667,0.5023032523032522
IntegratedGradients,1:10,GCN,none,"otro escenario, otra semilla",0.9610286638809319,0.7763776005350187,0.44385549091431453
IntegratedGradients,1:10,GCN,none,"otro escenario, otra semilla",0.9662865385527385,0.8072229293117783,0.4967615717615718
IntegratedGradients,1:10,GCN,none,"otro escenario, misma semilla",0.9742585015927979,0.8557452138507567,0.5691530691530692
IntegratedGradients,1:10,GCN,class_weighting,"mismo escenario, otra semilla",0.9709404484117795,0.8427557382545607,0.5613053613053612
IntegratedGradients,1:10,GCN,class_weighting,"mismo escenario, otra semilla",0.951268646676901,0.7246434810582578,0.3645311115899352
IntegratedGradients,1:10,GCN,class_weighting,"mismo escenario, otra semilla",0.9526915801047325,0.7308054033160623,0.3994541406306112
IntegratedGradients,1:10,GCN,class_weighting,"otro escenario, misma semilla",0.9577103390171475,0.758627818151452,0.38659053364935725
IntegratedGradients,1:10,GCN,class_weighting,"otro escenario, otra semilla",0.9553175044138522,0.7403713973350649,0.4128379790144497
IntegratedGradients,1:10,GCN,class_weighting,"otro escenario, otra semilla",0.9565845867007697,0.7516918621631548,0.46729104229104235
IntegratedGradients,1:10,GCN,class_weighting,"otro escenario, otra semilla",0.9539534131472256,0.7451652056073702,0.4129641600229836
IntegratedGradients,1:10,GCN,class_weighting,"otro escenario, misma semilla",0.9541626213657762,0.7422604611997525,0.40155677655677663
IntegratedGradients,1:10,GCN,class_weighting,"otro escenario, otra semilla",0.9564540644729475,0.7514838079992244,0.45635410341292704
IntegratedGradients,1:10,GCN,class_weighting,"otro escenario, otra semilla",0.9546100302984921,0.7469635660312461,0.3940601881778353
IntegratedGradients,1:10,GCN,class_weighting,"otro escenario, otra semilla",0.9563699475234541,0.7531964297492988,0.4257298257298257
IntegratedGradients,1:10,GCN,class_weighting,"otro escenario, misma semilla",0.9563006945483696,0.7517999515299827,0.4501054501054501
IntegratedGradients,1:10,GCN,focal_loss,"mismo escenario, otra semilla",0.9589049586565339,0.7661074039706453,0.3937333907922145
IntegratedGradients,1:10,GCN,focal_loss,"mismo escenario, otra semilla",0.9542199767572124,0.7367844496052405,0.4641546362134597
IntegratedGradients,1:10,GCN,focal_loss,"mismo escenario, otra semilla",0.9533792081616268,0.7333830092623173,0.3813833225597932
IntegratedGradients,1:10,GCN,focal_loss,"otro escenario, misma semilla",0.978378518375246,0.8736074515073168,0.5995088245088245
IntegratedGradients,1:10,GCN,focal_loss,"otro escenario, otra semilla",0.9576278688372917,0.7575680984178332,0.360757379875027
IntegratedGradients,1:10,GCN,focal_loss,"otro escenario, otra semilla",0.9559811085218691,0.7439477830921174,0.46455146161028515
IntegratedGradients,1:10,GCN,focal_loss,"otro escenario, otra semilla",0.9597427734702804,0.7679829385830236,0.48067488067488084
IntegratedGradients,1:10,GCN,focal_loss,"otro escenario, misma semilla",0.9617375405486522,0.781703837743796,0.4278490028490029
IntegratedGradients,1:10,GCN,focal_loss,"otro escenario, otra semilla",0.9605917109725746,0.7729181924860884,0.46402486402486415
IntegratedGradients,1:10,GCN,focal_loss,"otro escenario, otra semilla",0.9565466061575338,0.7506178056121363,0.48167850667850665
IntegratedGradients,1:10,GCN,focal_loss,"otro escenario, otra semilla",0.9574649802980613,0.7549633889287899,0.4175429146017382
IntegratedGradients,1:10,GCN,focal_loss,"otro escenario, misma semilla",0.9773600081779421,0.8677773465479398,0.63025863025863
IntegratedGradients,1:10,GraphSAGE,none,"mismo escenario, otra semilla",0.9736492684438914,0.848228911745093,0.5285658785658787
IntegratedGradients,1:10,GraphSAGE,none,"mismo escenario, otra semilla",0.9737216074689246,0.8496571380384164,0.5706293706293706
IntegratedGradients,1:10,GraphSAGE,none,"mismo escenario, otra semilla",0.9743999610627274,0.8553613520846423,0.5537338478514949
IntegratedGradients,1:10,GraphSAGE,none,"otro escenario, misma semilla",0.9738895469335327,0.8499186988992128,0.5725246975246974
IntegratedGradients,1:10,GraphSAGE,none,"otro escenario, otra semilla",0.9708621339474063,0.8334263858170509,0.4965478965478967
IntegratedGradients,1:10,GraphSAGE,none,"otro escenario, otra semilla",0.9695147051553434,0.8262675966825412,0.5023337773337774
IntegratedGradients,1:10,GraphSAGE,none,"otro escenario, otra semilla",0.9678366250868458,0.8149853253035083,0.5207403707403707
IntegratedGradients,1:10,GraphSAGE,none,"otro escenario, misma semilla",0.9710827319243084,0.8342176035314146,0.4954628704628705
IntegratedGradients,1:10,GraphSAGE,none,"otro escenario, otra semilla",0.9665015216319589,0.8095928600650762,0.5037684537684537
IntegratedGradients,1:10,GraphSAGE,none,"otro escenario, otra semilla",0.9690931170708912,0.8232851208001104,0.5326118326118326
IntegratedGradients,1:10,GraphSAGE,none,"otro escenario, otra semilla",0.9686563892216473,0.8200318124071594,0.5001359751359752
IntegratedGradients,1:10,GraphSAGE,none,"otro escenario, misma semilla",0.9721249895217253,0.8409979728356719,0.547918747918748
IntegratedGradients,1:10,GraphSAGE,class_weighting,"mismo escenario, otra semilla",0.9782090976402319,0.881352187440782,0.6076331076331077
IntegratedGradients,1:10,GraphSAGE,class_weighting,"mismo escenario, otra semilla",0.9794959588045703,0.8852000308429364,0.6245976245976246
IntegratedGradients,1:10,GraphSAGE,class_weighting,"mismo escenario, otra semilla",0.9812202635949313,0.8978172744750256,0.6848373848373849
IntegratedGradients,1:10,GraphSAGE,class_weighting,"otro escenario, misma semilla",0.9905507222954468,0.9478344887381919,0.7578865578865577
IntegratedGradients,1:10,GraphSAGE,class_weighting,"otro escenario, otra semilla",0.9765119710977122,0.8687943529470544,0.6321116791705027
IntegratedGradients,1:10,GraphSAGE,class_weighting,"otro escenario, otra semilla",0.9783578670944538,0.8776181015490561,0.6476856476856476
IntegratedGradients,1:10,GraphSAGE,class_weighting,"otro escenario, otra semilla",0.9788191620945672,0.8832138515806213,0.610366757425581
IntegratedGradients,1:10,GraphSAGE,class_weighting,"otro escenario, misma semilla",0.9930027775590676,0.9640660967046614,0.8209790209790209
IntegratedGradients,1:10,GraphSAGE,class_weighting,"otro escenario, otra semilla",0.9806648001630286,0.8966267569247373,0.6520673770673773
IntegratedGradients,1:10,GraphSAGE,class_weighting,"otro escenario, otra semilla",0.9810307664952479,0.8937227946056076,0.6484626484626486
IntegratedGradients,1:10,GraphSAGE,class_weighting,"otro escenario, otra semilla",0.9814390487321364,0.8984222807284941,0.671217671217671
IntegratedGradients,1:10,GraphSAGE,class_weighting,"otro escenario, misma semilla",0.9921382600135412,0.956226346763432,0.7780885780885779
IntegratedGradients,1:10,GraphSAGE,focal_loss,"mismo escenario, otra semilla",0.9655491096877529,0.8044457676214738,0.4850427350427351
IntegratedGradients,1:10,GraphSAGE,focal_loss,"mismo escenario, otra semilla",0.9713632933241322,0.838630561699501,0.4554778554778555
IntegratedGradients,1:10,GraphSAGE,focal_loss,"mismo escenario, otra semilla",0.9717469953505634,0.8408573436782719,0.5275585525585526
IntegratedGradients,1:10,GraphSAGE,focal_loss,"otro escenario, misma semilla",0.9622981757547707,0.7892994326670021,0.45218234924117273
IntegratedGradients,1:10,GraphSAGE,focal_loss,"otro escenario, otra semilla",0.9643442934048808,0.7987355590576969,0.49245754245754253
IntegratedGradients,1:10,GraphSAGE,focal_loss,"otro escenario, otra semilla",0.964185962605694,0.7999279954625025,0.46712454212454213
IntegratedGradients,1:10,GraphSAGE,focal_loss,"otro escenario, otra semilla",0.9614501941477367,0.781061281301347,0.4666271636859873
IntegratedGradients,1:10,GraphSAGE,focal_loss,"otro escenario, misma semilla",0.9639691358832544,0.7951855055895097,0.4318286288874525
IntegratedGradients,1:10,GraphSAGE,focal_loss,"otro escenario, otra semilla",0.9634578308586172,0.7963320781027303,0.4286324786324787
IntegratedGradients,1:10,GraphSAGE,focal_loss,"otro escenario, otra semilla",0.9639569267889653,0.7972211965241839,0.4501041442217913
IntegratedGradients,1:10,GraphSAGE,focal_loss,"otro escenario, otra semilla",0.9659701271210415,0.8085850124673843,0.455316252375076
IntegratedGradients,1:10,GraphSAGE,focal_loss,"otro escenario, misma semilla",0.9633229126594968,0.790899003938824,0.41467356173238545
IntegratedGradients,1:10,GAT,none,"mismo escenario, otra semilla",0.971984878476231,0.8407864448694436,0.49080549080549074
IntegratedGradients,1:10,GAT,none,"mismo escenario, otra semilla",0.9777099446131762,0.87261238034154,0.5973803973803974
IntegratedGradients,1:10,GAT,none,"mismo escenario, otra semilla",0.9704992298871199,0.8323602091882617,0.4168510139098374
IntegratedGradients,1:10,GAT,none,"otro escenario, misma semilla",0.974897489602208,0.856069824538086,0.570127095127095
IntegratedGradients,1:10,GAT,none,"otro escenario, otra semilla",0.9754549360345767,0.8595018269021,0.47402319902319906
IntegratedGradients,1:10,GAT,none,"otro escenario, otra semilla",0.9758591467349406,0.8609998704411038,0.489010989010989
IntegratedGradients,1:10,GAT,none,"otro escenario, otra semilla",0.963971564217123,0.7944666230559445,0.47054334554334554
IntegratedGradients,1:10,GAT,none,"otro escenario, misma semilla",0.968907358693596,0.8230480490719331,0.5022893772893773
IntegratedGradients,1:10,GAT,none,"otro escenario, otra semilla",0.9644174487595694,0.800123999711878,0.37984450190332547
IntegratedGradients,1:10,GAT,none,"otro escenario, otra semilla",0.9670070943321678,0.8145172158956664,0.47892875098757454
IntegratedGradients,1:10,GAT,none,"otro escenario, otra semilla",0.9719885218459171,0.8409259815811817,0.4498383968972204
IntegratedGradients,1:10,GAT,none,"otro escenario, misma semilla",0.9676866385074913,0.8195081527482468,0.45880138380138386
IntegratedGradients,1:10,GAT,class_weighting,"mismo escenario, otra semilla",0.9704720696362775,0.839025656773964,0.47990555196437545
IntegratedGradients,1:10,GAT,class_weighting,"mismo escenario, otra semilla",0.9657232707474074,0.8076268632307063,0.5198764198764197
IntegratedGradients,1:10,GAT,class_weighting,"mismo escenario, otra semilla",0.9706630758301341,0.8335061002002377,0.5504717504717505
IntegratedGradients,1:10,GAT,class_weighting,"otro escenario, misma semilla",0.9967571901102047,0.9833979121746422,0.91010101010101
IntegratedGradients,1:10,GAT,class_weighting,"otro escenario, otra semilla",0.9694925848343681,0.8301950090976131,0.47768620268620265
IntegratedGradients,1:10,GAT,class_weighting,"otro escenario, otra semilla",0.9665114187469513,0.8092633282051231,0.5271783771783771
IntegratedGradients,1:10,GAT,class_weighting,"otro escenario, otra semilla",0.9711694762641697,0.8418106959848519,0.4786935286935287
IntegratedGradients,1:10,GAT,class_weighting,"otro escenario, misma semilla",0.9988675609695682,0.9941134284156177,0.9636363636363634
IntegratedGradients,1:10,GAT,class_weighting,"otro escenario, otra semilla",0.9710577464226923,0.8353214786680307,0.5382617382617383
IntegratedGradients,1:10,GAT,class_weighting,"otro escenario, otra semilla",0.9654669352363391,0.8072290709149004,0.5149073149073149
IntegratedGradients,1:10,GAT,class_weighting,"otro escenario, otra semilla",0.9705504728794596,0.8330669781603762,0.559018759018759
IntegratedGradients,1:10,GAT,class_weighting,"otro escenario, misma semilla",0.9984481680205163,0.9928832227814871,0.9474747474747474
IntegratedGradients,1:10,GAT,focal_loss,"mismo escenario, otra semilla",0.9581703433186815,0.7585006914950284,0.4370268620268621
IntegratedGradients,1:10,GAT,focal_loss,"mismo escenario, otra semilla",0.9612523228725764,0.7808954552471236,0.44279609279609283
IntegratedGradients,1:10,GAT,focal_loss,"mismo escenario, otra semilla",0.9639089776934705,0.7952239474722812,0.35571177188824243
IntegratedGradients,1:10,GAT,focal_loss,"otro escenario, misma semilla",0.9590338454975282,0.7642151836264598,0.48394105894105893
IntegratedGradients,1:10,GAT,focal_loss,"otro escenario, otra semilla",0.9652007554048457,0.8045326449943904,0.43223562929445297
IntegratedGradients,1:10,GAT,focal_loss,"otro escenario, otra semilla",0.9700966103442468,0.8336421038960979,0.4199938949938951
IntegratedGradients,1:10,GAT,focal_loss,"otro escenario, otra semilla",0.9641708734158175,0.7925610502881121,0.45013227513227516
IntegratedGradients,1:10,GAT,focal_loss,"otro escenario, misma semilla",0.9716677459675755,0.8367732723202029,0.5285714285714286
IntegratedGradients,1:10,GAT,focal_loss,"otro escenario, otra semilla",0.970138365270396,0.8298310467454688,0.4259157509157509
IntegratedGradients,1:10,GAT,focal_loss,"otro escenario, otra semilla",0.9582793975970634,0.7624507730508355,0.42508259714142077
IntegratedGradients,1:10,GAT,focal_loss,"otro escenario, otra semilla",0.9618761992764244,0.7824147397082127,0.4374542124542125
IntegratedGradients,1:10,GAT,focal_loss,"otro escenario, misma semilla",0.9632203395714967,0.792078459687562,0.4732600732600733
IntegratedGradients,1:10,TAGCN,none,"mismo escenario, otra semilla",0.9749269031470023,0.8584429652463446,0.5012425483013717
IntegratedGradients,1:10,TAGCN,none,"mismo escenario, otra semilla",0.9729236887112762,0.8465705619568984,0.5068376068376069
IntegratedGradients,1:10,TAGCN,none,"mismo escenario, otra semilla",0.9734305079062782,0.8494814024641818,0.5224303474303474
IntegratedGradients,1:10,TAGCN,none,"otro escenario, misma semilla",0.9685870483083199,0.8219887759936737,0.4555860805860806
IntegratedGradients,1:10,TAGCN,none,"otro escenario, otra semilla",0.9694596977407368,0.826289768680017,0.501998001998002
IntegratedGradients,1:10,TAGCN,none,"otro escenario, otra semilla",0.9662910685506055,0.8080605674385721,0.47851037851037853
IntegratedGradients,1:10,TAGCN,none,"otro escenario, otra semilla",0.9642279899503925,0.7961235555721806,0.4440053410641645
IntegratedGradients,1:10,TAGCN,none,"otro escenario, misma semilla",0.9699469703380512,0.829419105250863,0.5085303585303584
IntegratedGradients,1:10,TAGCN,none,"otro escenario, otra semilla",0.9634383611909474,0.7900492982699581,0.461973211973212
IntegratedGradients,1:10,TAGCN,none,"otro escenario, otra semilla",0.9639165122729626,0.7945204399309345,0.4538766788766789
IntegratedGradients,1:10,TAGCN,none,"otro escenario, otra semilla",0.966071365459406,0.8063006598870326,0.46926129426129426
IntegratedGradients,1:10,TAGCN,none,"otro escenario, misma semilla",0.9700948781027486,0.8272307264449894,0.4973443223443224
IntegratedGradients,1:10,TAGCN,class_weighting,"mismo escenario, otra semilla",0.9741043829639823,0.8584319209511012,0.5808413808413807
IntegratedGradients,1:10,TAGCN,class_weighting,"mismo escenario, otra semilla",0.9542050411774039,0.7372125638513595,0.3423436986130486
IntegratedGradients,1:10,TAGCN,class_weighting,"mismo escenario, otra semilla",0.9568466235661827,0.7511552562377276,0.33018027723910076
IntegratedGradients,1:10,TAGCN,class_weighting,"otro escenario, misma semilla",0.9866916936998561,0.9307261196216309,0.7153735153735153
IntegratedGradients,1:10,TAGCN,class_weighting,"otro escenario, otra semilla",0.973851983726527,0.8579196140439876,0.5818487068487068
IntegratedGradients,1:10,TAGCN,class_weighting,"otro escenario, otra semilla",0.9538625297937651,0.7370320373033175,0.35176267088031793
IntegratedGradients,1:10,TAGCN,class_weighting,"otro escenario, otra semilla",0.9731140503671177,0.8516864106303557,0.556548353607177
IntegratedGradients,1:10,TAGCN,class_weighting,"otro escenario, misma semilla",0.988666164454955,0.9353848341602095,0.7328560328560326
IntegratedGradients,1:10,TAGCN,class_weighting,"otro escenario, otra semilla",0.955602128491817,0.7438906374976503,0.32965117671000027
IntegratedGradients,1:10,TAGCN,class_weighting,"otro escenario, otra semilla",0.9550877904061673,0.741611617485649,0.33916909543844537
IntegratedGradients,1:10,TAGCN,class_weighting,"otro escenario, otra semilla",0.9570562070169113,0.7515019227361002,0.33979566185448534
IntegratedGradients,1:10,TAGCN,class_weighting,"otro escenario, misma semilla",0.9966922984653906,0.9817024240949123,0.9131313131313131
IntegratedGradients,1:10,TAGCN,focal_loss,"mismo escenario, otra semilla",0.9755756091555643,0.8577378586920045,0.5192541376751902
IntegratedGradients,1:10,TAGCN,focal_loss,"mismo escenario, otra semilla",0.9699766039736344,0.8209691914131757,0.48530509451562076
IntegratedGradients,1:10,TAGCN,focal_loss,"mismo escenario, otra semilla",0.9719296787295342,0.8436228826003767,0.5736818736818736
IntegratedGradients,1:10,TAGCN,focal_loss,"otro escenario, misma semilla",0.973991199707993,0.8461349323707579,0.48733111860046835
IntegratedGradients,1:10,TAGCN,focal_loss,"otro escenario, otra semilla",0.9714902034748769,0.8413955911773091,0.5337440337440338
IntegratedGradients,1:10,TAGCN,focal_loss,"otro escenario, otra semilla",0.9687920572192726,0.8254582825314096,0.5569735819735818
IntegratedGradients,1:10,TAGCN,focal_loss,"otro escenario, otra semilla",0.9631033977055191,0.780028171944722,0.44560278902384165
IntegratedGradients,1:10,TAGCN,focal_loss,"otro escenario, misma semilla",0.9608047120234996,0.7788942264461873,0.43588845794728154
IntegratedGradients,1:10,TAGCN,focal_loss,"otro escenario, otra semilla",0.9571616329282212,0.7585675755853406,0.4466027436615672
IntegratedGradients,1:10,TAGCN,focal_loss,"otro escenario, otra semilla",0.9674481179990816,0.8059289381181264,0.4760661852767116
IntegratedGradients,1:10,TAGCN,focal_loss,"otro escenario, otra semilla",0.96391917542238,0.7994136499237102,0.49025604025604025
IntegratedGradients,1:10,TAGCN,focal_loss,"otro escenario, misma semilla",0.9587073001965902,0.767362412974784,0.4662087912087912
IntegratedGradients,1:10_os,GCN,none,"mismo escenario, otra semilla",0.9603498270446631,0.7732237125729952,0.46293363499245854
IntegratedGradients,1:10_os,GCN,none,"mismo escenario, otra semilla",0.9606493861500733,0.772603473635589,0.46375781081663436
IntegratedGradients,1:10_os,GCN,none,"mismo escenario, otra semilla",0.9654972444857514,0.8036145895339494,0.4848124098124098
IntegratedGradients,1:10_os,GCN,none,"otro escenario, misma semilla",0.9620015240603976,0.785046764222122,0.4491883933060404
IntegratedGradients,1:10_os,GCN,none,"otro escenario, otra semilla",0.9606303341412031,0.7781559250145362,0.44283918695683405
IntegratedGradients,1:10_os,GCN,none,"otro escenario, otra semilla",0.9609347483530719,0.7771235045401684,0.4500825971414207
IntegratedGradients,1:10_os,GCN,none,"otro escenario, otra semilla",0.9616539556947404,0.7796707546537279,0.4714590964590965
IntegratedGradients,1:10_os,GCN,none,"otro escenario, misma semilla",0.9730123942886303,0.8448199024951378,0.617923742923743
IntegratedGradients,1:10_os,GCN,none,"otro escenario, otra semilla",0.9622280651947299,0.7818149890591027,0.5253191253191253
IntegratedGradients,1:10_os,GCN,none,"otro escenario, otra semilla",0.9601216691655918,0.7709850610135188,0.45206672412554777
IntegratedGradients,1:10_os,GCN,none,"otro escenario, otra semilla",0.9662069396073775,0.8084912018543083,0.4952658452658454
IntegratedGradients,1:10_os,GCN,none,"otro escenario, misma semilla",0.9767192354616908,0.8694313338577188,0.5794538794538795
IntegratedGradients,1:10_os,GCN,class_weighting,"mismo escenario, otra semilla",0.971357520262114,0.8396298476692027,0.5482621953210188
IntegratedGradients,1:10_os,GCN,class_weighting,"mismo escenario, otra semilla",0.9539410585310075,0.7340400442883062,0.3598937010701716
IntegratedGradients,1:10_os,GCN,class_weighting,"mismo escenario, otra semilla",0.9529032306206603,0.7308637604016993,0.40234264646029355
IntegratedGradients,1:10_os,GCN,class_weighting,"otro escenario, misma semilla",0.9588378880943554,0.7639003971403878,0.38947376153258517
IntegratedGradients,1:10_os,GCN,class_weighting,"otro escenario, otra semilla",0.9555909533998821,0.7420923619629941,0.38765482883129937
IntegratedGradients,1:10_os,GCN,class_weighting,"otro escenario, otra semilla",0.9570993681960239,0.7531610488343908,0.470954045954046
IntegratedGradients,1:10_os,GCN,class_weighting,"otro escenario, otra semilla",0.9560022611568343,0.7510112003916264,0.4059967809967811
IntegratedGradients,1:10_os,GCN,class_weighting,"otro escenario, misma semilla",0.9540802915251605,0.7375411912178451,0.4313097033685269
IntegratedGradients,1:10_os,GCN,class_weighting,"otro escenario, otra semilla",0.9569902754174412,0.7528521210657944,0.45179199885082244
IntegratedGradients,1:10_os,GCN,class_weighting,"otro escenario, otra semilla",0.9553434414137055,0.7465378014114916,0.3859238800415271
IntegratedGradients,1:10_os,GCN,class_weighting,"otro escenario, otra semilla",0.9524341383751204,0.7287200403223842,0.38794620412267466
IntegratedGradients,1:10_os,GCN,class_weighting,"otro escenario, misma semilla",0.9566525577065881,0.7529310483278252,0.4501054501054501
IntegratedGradients,1:10_os,GCN,focal_loss,"mismo escenario, otra semilla",0.9571007360724348,0.7583912625700354,0.4222347913524384
IntegratedGradients,1:10_os,GCN,focal_loss,"mismo escenario, otra semilla",0.9545394031066974,0.739117051872865,0.4547439488615959
IntegratedGradients,1:10_os,GCN,focal_loss,"mismo escenario, otra semilla",0.9535436747918433,0.7355416631049956,0.38698735904618264
IntegratedGradients,1:10_os,GCN,focal_loss,"otro escenario, misma semilla",0.9794994810546388,0.8802427665432011,0.5891213361801597
IntegratedGradients,1:10_os,GCN,focal_loss,"otro escenario, otra semilla",0.9549436038369657,0.7432328675384269,0.3834464555052791
IntegratedGradients,1:10_os,GCN,focal_loss,"otro escenario, otra semilla",0.9558921408756765,0.7431430071407414,0.461376858435682
IntegratedGradients,1:10_os,GCN,focal_loss,"otro escenario, otra semilla",0.9603166303744514,0.7716099414518084,0.46739926739926746
IntegratedGradients,1:10_os,GCN,focal_loss,"otro escenario, misma semilla",0.971530441462481,0.8378596658550425,0.5220834720834719
IntegratedGradients,1:10_os,GCN,focal_loss,"otro escenario, otra semilla",0.9604158481337096,0.7708891800975763,0.4483516483516484
IntegratedGradients,1:10_os,GCN,focal_loss,"otro escenario, otra semilla",0.9567835381753459,0.7534872039150261,0.4841115311703546
IntegratedGradients,1:10_os,GCN,focal_loss,"otro escenario, otra semilla",0.9556842120641957,0.7444294791837425,0.41214896214896213
IntegratedGradients,1:10_os,GCN,focal_loss,"otro escenario, misma semilla",0.9777589848070535,0.8694709817226798,0.6209346209346207
IntegratedGradients,1:10_os,GraphSAGE,none,"mismo escenario, otra semilla",0.9712773640575592,0.8377137519284417,0.5265845265845266
IntegratedGradients,1:10_os,GraphSAGE,none,"mismo escenario, otra semilla",0.9713808872912768,0.8391266973457621,0.5483183483183482
IntegratedGradients,1:10_os,GraphSAGE,none,"mismo escenario, otra semilla",0.9733471853042638,0.8503316789902373,0.5545417545417546
IntegratedGradients,1:10_os,GraphSAGE,none,"otro escenario, misma semilla",0.9750580283545016,0.8562758120259161,0.5872766122766124
IntegratedGradients,1:10_os,GraphSAGE,none,"otro escenario, otra semilla",0.9712577076894898,0.8357491229618962,0.49934232434232445
IntegratedGradients,1:10_os,GraphSAGE,none,"otro escenario, otra semilla",0.9689778369689586,0.824145453443974,0.5122377622377624
IntegratedGradients,1:10_os,GraphSAGE,none,"otro escenario, otra semilla",0.9669115951127345,0.8097066591372943,0.5376956376956378
IntegratedGradients,1:10_os,GraphSAGE,none,"otro escenario, misma semilla",0.9706336839768418,0.8331608405306182,0.4762182262182263
IntegratedGradients,1:10_os,GraphSAGE,none,"otro escenario, otra semilla",0.9672360922525817,0.814107431728415,0.5128392848981084
IntegratedGradients,1:10_os,GraphSAGE,none,"otro escenario, otra semilla",0.9676127001060872,0.8166014252807015,0.5247086247086247
IntegratedGradients,1:10_os,GraphSAGE,none,"otro escenario, otra semilla",0.9690848378963407,0.8248377222443843,0.50501998001998
IntegratedGradients,1:10_os,GraphSAGE,none,"otro escenario, misma semilla",0.9727164495317879,0.8462052121793712,0.5641885891885892
IntegratedGradients,1:10_os,GraphSAGE,class_weighting,"mismo escenario, otra semilla",0.9795958978196021,0.889981179962337,0.6527132997721234
IntegratedGradients,1:10_os,GraphSAGE,class_weighting,"mismo escenario, otra semilla",0.9835783898484162,0.9108474857389678,0.6982017982017984
IntegratedGradients,1:10_os,GraphSAGE,class_weighting,"mismo escenario, otra semilla",0.9826246457101726,0.9074963957144281,0.6979686979686978
IntegratedGradients,1:10_os,GraphSAGE,class_weighting,"otro escenario, misma semilla",0.9868771050645545,0.9286208509192212,0.7258519258519257
IntegratedGradients,1:10_os,GraphSAGE,class_weighting,"otro escenario, otra semilla",0.9758411037825475,0.8655107749718917,0.636696636696637
IntegratedGradients,1:10_os,GraphSAGE,class_weighting,"otro escenario, otra semilla",0.979488523412198,0.8870631334220198,0.6602730602730601
IntegratedGradients,1:10_os,GraphSAGE,class_weighting,"otro escenario, otra semilla",0.9805031055186372,0.8960416099485563,0.6554297554297553
IntegratedGradients,1:10_os,GraphSAGE,class_weighting,"otro escenario, misma semilla",0.9913689630437702,0.9564403556781755,0.7778332778332776
IntegratedGradients,1:10_os,GraphSAGE,class_weighting,"otro escenario, otra semilla",0.9817804407029119,0.9042248484194224,0.6395826395826395
IntegratedGradients,1:10_os,GraphSAGE,class_weighting,"otro escenario, otra semilla",0.9829047463221521,0.9045009328251442,0.6760572760572763
IntegratedGradients,1:10_os,GraphSAGE,class_weighting,"otro escenario, otra semilla",0.9825948374798819,0.9043954280851201,0.6981129981129983
IntegratedGradients,1:10_os,GraphSAGE,class_weighting,"otro escenario, misma semilla",0.9924567824363907,0.9597249354928129,0.8161616161616156
IntegratedGradients,1:10_os,GraphSAGE,focal_loss,"mismo escenario, otra semilla",0.9745032214638057,0.8556986621837711,0.5021388741976976
IntegratedGradients,1:10_os,GraphSAGE,focal_loss,"mismo escenario, otra semilla",0.9714378703712925,0.841084809880975,0.4377566877566879
IntegratedGradients,1:10_os,GraphSAGE,focal_loss,"mismo escenario, otra semilla",0.9795523402986911,0.88765692121279,0.5615828615828616
IntegratedGradients,1:10_os,GraphSAGE,focal_loss,"otro escenario, misma semilla",0.9634487588525077,0.7940847853996983,0.5184648684648685
IntegratedGradients,1:10_os,GraphSAGE,focal_loss,"otro escenario, otra semilla",0.9655789183128015,0.8068417018742043,0.49399766899766906
IntegratedGradients,1:10_os,GraphSAGE,focal_loss,"otro escenario, otra semilla",0.9642856144292763,0.8016924764832997,0.44768009768009775
IntegratedGradients,1:10_os,GraphSAGE,focal_loss,"otro escenario, otra semilla",0.9623794308021324,0.7859709190899078,0.49931669637551995
IntegratedGradients,1:10_os,GraphSAGE,focal_loss,"otro escenario, misma semilla",0.9637318900742601,0.7951432683793537,0.41797516209280927
IntegratedGradients,1:10_os,GraphSAGE,focal_loss,"otro escenario, otra semilla",0.9634201296004097,0.7969885129875145,0.40888278388278393
IntegratedGradients,1:10_os,GraphSAGE,focal_loss,"otro escenario, otra semilla",0.9624144637444244,0.7877267297711422,0.48821456321456325
IntegratedGradients,1:10_os,GraphSAGE,focal_loss,"otro escenario, otra semilla",0.9650660159622765,0.8016127237807964,0.4588661338661339
IntegratedGradients,1:10_os,GraphSAGE,focal_loss,"otro escenario, misma semilla",0.9662222914669661,0.809618227636682,0.39445701357466073
IntegratedGradients,1:10_os,GAT,none,"mismo escenario, otra semilla",0.9703381755477164,0.8341128273484688,0.4895443737549
IntegratedGradients,1:10_os,GAT,none,"mismo escenario, otra semilla",0.9718411588767742,0.8441644721207456,0.5222881693469927
IntegratedGradients,1:10_os,GAT,none,"mismo escenario, otra semilla",0.9726266762572352,0.8426669982162095,0.5480269730269729
IntegratedGradients,1:10_os,GAT,none,"otro escenario, misma semilla",0.9745501127113464,0.8563933644744908,0.5814518814518814
IntegratedGradients,1:10_os,GAT,none,"otro escenario, otra semilla",0.9754296350417172,0.8605806507198343,0.46669719169719176
IntegratedGradients,1:10_os,GAT,none,"otro escenario, otra semilla",0.9751861515206447,0.8587546989662517,0.5858918858918859
IntegratedGradients,1:10_os,GAT,none,"otro escenario, otra semilla",0.9621521150196244,0.7860200729010318,0.46199633699633696
IntegratedGradients,1:10_os,GAT,none,"otro escenario, misma semilla",0.9680878952898098,0.8194846717510411,0.4926039646627883
IntegratedGradients,1:10_os,GAT,none,"otro escenario, otra semilla",0.9703242532609208,0.8342451726215441,0.517016317016317
IntegratedGradients,1:10_os,GAT,none,"otro escenario, otra semilla",0.9668217458331989,0.8145234353262645,0.46900811606693965
IntegratedGradients,1:10_os,GAT,none,"otro escenario, otra semilla",0.9719552094976965,0.8419417146326953,0.45894383394383387
IntegratedGradients,1:10_os,GAT,none,"otro escenario, misma semilla",0.9707585627926962,0.8362359800917173,0.558039183039183
IntegratedGradients,1:10_os,GAT,class_weighting,"mismo escenario, otra semilla",0.9689015307610995,0.8229761100462848,0.4659035409035409
IntegratedGradients,1:10_os,GAT,class_weighting,"mismo escenario, otra semilla",0.9789979097868635,0.8820911237867125,0.6527361527361527
IntegratedGradients,1:10_os,GAT,class_weighting,"mismo escenario, otra semilla",0.9675256256023724,0.8159001253963559,0.43644688644688656
IntegratedGradients,1:10_os,GAT,class_weighting,"otro escenario, misma semilla",0.9926251375650754,0.9597581478490036,0.8535353535353533
IntegratedGradients,1:10_os,GAT,class_weighting,"otro escenario, otra semilla",0.9696257029058596,0.8302369174104053,0.46868131868131874
IntegratedGradients,1:10_os,GAT,class_weighting,"otro escenario, otra semilla",0.9806129997751155,0.8898891587075803,0.6506271506271505
IntegratedGradients,1:10_os,GAT,class_weighting,"otro escenario, otra semilla",0.9688869807920117,0.8246017659096682,0.48107448107448114
IntegratedGradients,1:10_os,GAT,class_weighting,"otro escenario, misma semilla",0.9963133565934502,0.9828843778552397,0.912121212121212
IntegratedGradients,1:10_os,GAT,class_weighting,"otro escenario, otra semilla",0.9679902838347669,0.8178224561053774,0.4476495726495727
IntegratedGradients,1:10_os,GAT,class_weighting,"otro escenario, otra semilla",0.9654079188977706,0.80319824523036,0.5273004773004772
IntegratedGradients,1:10_os,GAT,class_weighting,"otro escenario, otra semilla",0.9712242146485651,0.8368025593509817,0.535042735042735
IntegratedGradients,1:10_os,GAT,class_weighting,"otro escenario, misma semilla",0.9660747732847843,0.8085257824101648,0.5786879786879786
IntegratedGradients,1:10_os,GAT,focal_loss,"mismo escenario, otra semilla",0.9633317762549276,0.7959903590739471,0.5426878676878677
IntegratedGradients,1:10_os,GAT,focal_loss,"mismo escenario, otra semilla",0.970845521521222,0.836246294799549,0.6307470307470309
IntegratedGradients,1:10_os,GAT,focal_loss,"mismo escenario, otra semilla",0.9631014543544492,0.7890442310445341,0.5882006882006882
IntegratedGradients,1:10_os,GAT,focal_loss,"otro escenario, misma semilla",0.9712780822724034,0.8380424240891102,0.5621933621933621
IntegratedGradients,1:10_os,GAT,focal_loss,"otro escenario, otra semilla",0.9619539873114761,0.7842178074584257,0.4565983036571272
IntegratedGradients,1:10_os,GAT,focal_loss,"otro escenario, otra semilla",0.9669355109585636,0.8121332940209494,0.461975986975987
IntegratedGradients,1:10_os,GAT,focal_loss,"otro escenario, otra semilla",0.970283733413641,0.8351895831238603,0.4994301994301994
IntegratedGradients,1:10_os,GAT,focal_loss,"otro escenario, misma semilla",0.9686432694912919,0.8199919546038367,0.49379444085326435
IntegratedGradients,1:10_os,GAT,focal_loss,"otro escenario, otra semilla",0.9660678293192025,0.8028634313897881,0.4865218115218115
IntegratedGradients,1:10_os,GAT,focal_loss,"otro escenario, otra semilla",0.9676702181250868,0.8217975293767401,0.536451783510607
IntegratedGradients,1:10_os,GAT,focal_loss,"otro escenario, otra semilla",0.9684329193666442,0.8190480692950516,0.5576284826284825
IntegratedGradients,1:10_os,GAT,focal_loss,"otro escenario, misma semilla",0.9674450665612365,0.8155512961294786,0.6261960261960263
IntegratedGradients,1:10_os,TAGCN,none,"mismo escenario, otra semilla",0.9769509996775053,0.8700823365777304,0.56953536659419
IntegratedGradients,1:10_os,TAGCN,none,"mismo escenario, otra semilla",0.9766029505118081,0.8690186904678215,0.5631951381951381
IntegratedGradients,1:10_os,TAGCN,none,"mismo escenario, otra semilla",0.9764623381872951,0.869249882409654,0.5522658713835183
IntegratedGradients,1:10_os,TAGCN,none,"otro escenario, misma semilla",0.9639496374735683,0.7921495409027342,0.37659747659747655
IntegratedGradients,1:10_os,TAGCN,none,"otro escenario, otra semilla",0.962135251748334,0.783260426994074,0.3504590725178961
IntegratedGradients,1:10_os,TAGCN,none,"otro escenario, otra semilla",0.9649057722125106,0.8006812958141002,0.4268555518555519
IntegratedGradients,1:10_os,TAGCN,none,"otro escenario, otra semilla",0.9613040727786046,0.7779665835254244,0.3943812035917299
IntegratedGradients,1:10_os,TAGCN,none,"otro escenario, misma semilla",0.9605509760035811,0.7759027830237203,0.3924513395101631
IntegratedGradients,1:10_os,TAGCN,none,"otro escenario, otra semilla",0.9615136464924113,0.7787667744446835,0.42597114214761267
IntegratedGradients,1:10_os,TAGCN,none,"otro escenario, otra semilla",0.9607508069469752,0.7760930263677344,0.37246761952644303
IntegratedGradients,1:10_os,TAGCN,none,"otro escenario, otra semilla",0.9593008607074649,0.7657721839987882,0.38147250353132706
IntegratedGradients,1:10_os,TAGCN,none,"otro escenario, misma semilla",0.9610222287517907,0.7766214838664367,0.41835571835571833
IntegratedGradients,1:10_os,TAGCN,class_weighting,"mismo escenario, otra semilla",0.9747828780883373,0.8628887572878081,0.556906981906982
IntegratedGradients,1:10_os,TAGCN,class_weighting,"mismo escenario, otra semilla",0.9549751689627654,0.7399846230570551,0.3402433623021858
IntegratedGradients,1:10_os,TAGCN,class_weighting,"mismo escenario, otra semilla",0.9543217248826288,0.7358882251171255,0.33799827623357037
IntegratedGradients,1:10_os,TAGCN,class_weighting,"otro escenario, misma semilla",0.9841202368186254,0.9151282928180567,0.6515789765789766
IntegratedGradients,1:10_os,TAGCN,class_weighting,"otro escenario, otra semilla",0.9715641193867677,0.8469538119685913,0.555418927477751
IntegratedGradients,1:10_os,TAGCN,class_weighting,"otro escenario, otra semilla",0.9531268209438069,0.7309471278329743,0.36702518614283325
IntegratedGradients,1:10_os,TAGCN,class_weighting,"otro escenario, otra semilla",0.9755748801182301,0.863230477934509,0.5347208347208348
IntegratedGradients,1:10_os,TAGCN,class_weighting,"otro escenario, misma semilla",0.9847710130463988,0.9170198042796157,0.7263403263403263
IntegratedGradients,1:10_os,TAGCN,class_weighting,"otro escenario, otra semilla",0.9542374433380564,0.7347404063679975,0.3375469846058081
IntegratedGradients,1:10_os,TAGCN,class_weighting,"otro escenario, otra semilla",0.9565409055131879,0.7492983674366921,0.3225514137278844
IntegratedGradients,1:10_os,TAGCN,class_weighting,"otro escenario, otra semilla",0.955850419184096,0.7457751075473561,0.32653103976633396
IntegratedGradients,1:10_os,TAGCN,class_weighting,"otro escenario, misma semilla",0.9938356481543271,0.9667825377252196,0.8595959595959594
IntegratedGradients,1:10_os,TAGCN,focal_loss,"mismo escenario, otra semilla",0.9759845350624293,0.8683901253090234,0.5890664890664892
IntegratedGradients,1:10_os,TAGCN,focal_loss,"mismo escenario, otra semilla",0.9725500044995433,0.8505575118031824,0.5574847666952931
IntegratedGradients,1:10_os,TAGCN,focal_loss,"mismo escenario, otra semilla",0.9749005753838978,0.8667153034758978,0.6260412102517366
IntegratedGradients,1:10_os,TAGCN,focal_loss,"otro escenario, misma semilla",0.9712735518832507,0.8371306787777901,0.5508010508010507
IntegratedGradients,1:10_os,TAGCN,focal_loss,"otro escenario, otra semilla",0.9699027603395585,0.8319132826722329,0.5369019869019869
IntegratedGradients,1:10_os,TAGCN,focal_loss,"otro escenario, otra semilla",0.9679665018606385,0.823461744722929,0.5271811521811521
IntegratedGradients,1:10_os,TAGCN,focal_loss,"otro escenario, otra semilla",0.9601531583521107,0.7744556593389214,0.4634004884004885
IntegratedGradients,1:10_os,TAGCN,focal_loss,"otro escenario, misma semilla",0.9582724651464134,0.7656309117305413,0.4459006679594915
IntegratedGradients,1:10_os,TAGCN,focal_loss,"otro escenario, otra semilla",0.9589026224106809,0.7708754605454464,0.44422429422429427
IntegratedGradients,1:10_os,TAGCN,focal_loss,"otro escenario, otra semilla",0.9652226233447793,0.8005589182211895,0.4813325563325563
IntegratedGradients,1:10_os,TAGCN,focal_loss,"otro escenario, otra semilla",0.9618259697904079,0.7862694325493816,0.45702565408447765
IntegratedGradients,1:10_os,TAGCN,focal_loss,"otro escenario, misma semilla",0.959480448746464,0.774933513968398,0.43913798619680977
IntegratedGradients,1:20,GCN,none,"mismo escenario, otra semilla",0.9633282136633099,0.7884407813808091,0.472968697968698
IntegratedGradients,1:20,GCN,none,"mismo escenario, otra semilla",0.9610720190220777,0.7741975002526522,0.4100032320620557
IntegratedGradients,1:20,GCN,none,"mismo escenario, otra semilla",0.9651120417400519,0.8015194719612747,0.48363858363858375
IntegratedGradients,1:20,GCN,none,"otro escenario, misma semilla",0.9637648994727103,0.7947331040275942,0.45761330173094883
IntegratedGradients,1:20,GCN,none,"otro escenario, otra semilla",0.9583026618973622,0.7649071800210315,0.4351558572146807
IntegratedGradients,1:20,GCN,none,"otro escenario, otra semilla",0.9597187881931094,0.7702653601387152,0.4562881562881563
IntegratedGradients,1:20,GCN,none,"otro escenario, otra semilla",0.964774558528976,0.7957174679093644,0.49458041958041954
IntegratedGradients,1:20,GCN,none,"otro escenario, misma semilla",0.9763282026086179,0.8632970009686252,0.6198468198468196
IntegratedGradients,1:20,GCN,none,"otro escenario, otra semilla",0.9651481324680355,0.8001535182418693,0.47658730158730156
IntegratedGradients,1:20,GCN,none,"otro escenario, otra semilla",0.9617691937271997,0.7781044157275834,0.42970085470085473
IntegratedGradients,1:20,GCN,none,"otro escenario, otra semilla",0.9661459938217616,0.8081892892036747,0.4857142857142858
IntegratedGradients,1:20,GCN,none,"otro escenario, misma semilla",0.9871544679151308,0.928423678768468,0.7015429015429017
IntegratedGradients,1:20,GCN,class_weighting,"mismo escenario, otra semilla",0.9732506416944908,0.8518886358541609,0.5848235098235098
IntegratedGradients,1:20,GCN,class_weighting,"mismo escenario, otra semilla",0.9509620343163939,0.7207117662904038,0.3646442337618808
IntegratedGradients,1:20,GCN,class_weighting,"mismo escenario, otra semilla",0.9545213655253085,0.738957350956256,0.39972647178529525
IntegratedGradients,1:20,GCN,class_weighting,"otro escenario, misma semilla",0.9585021987164881,0.7603445593675431,0.3914094075858783
IntegratedGradients,1:20,GCN,class_weighting,"otro escenario, otra semilla",0.9560053104792632,0.7444095809409206,0.40817292729057436
IntegratedGradients,1:20,GCN,class_weighting,"otro escenario, otra semilla",0.9566395365741145,0.7507824497083201,0.46729104229104235
IntegratedGradients,1:20,GCN,class_weighting,"otro escenario, otra semilla",0.9548974704592136,0.745357626277556,0.4249743720331957
IntegratedGradients,1:20,GCN,class_weighting,"otro escenario, misma semilla",0.9546943462754922,0.7416201880767747,0.41999748617395677
IntegratedGradients,1:20,GCN,class_weighting,"otro escenario, otra semilla",0.9564189704301237,0.7503181127562342,0.4535763256351492
IntegratedGradients,1:20,GCN,class_weighting,"otro escenario, otra semilla",0.9540174786290438,0.7398603154145523,0.40497149908914626
IntegratedGradients,1:20,GCN,class_weighting,"otro escenario, otra semilla",0.9552983840909594,0.7457606458950699,0.40436350142232497
IntegratedGradients,1:20,GCN,class_weighting,"otro escenario, misma semilla",0.9564338260034818,0.751588711653511,0.44693084693084695
IntegratedGradients,1:20,GCN,focal_loss,"mismo escenario, otra semilla",0.960989260783674,0.7786025818161612,0.4184065934065934
IntegratedGradients,1:20,GCN,focal_loss,"mismo escenario, otra semilla",0.9610148816113832,0.7755887052748146,0.4442002442002442
IntegratedGradients,1:20,GCN,focal_loss,"mismo escenario, otra semilla",0.9598618067381661,0.7698596423264893,0.4559829059829061
IntegratedGradients,1:20,GCN,focal_loss,"otro escenario, misma semilla",0.9705071431997845,0.8303644911725737,0.4771950271950272
IntegratedGradients,1:20,GCN,focal_loss,"otro escenario, otra semilla",0.9588843874722904,0.7637583198327568,0.4475413475413476
IntegratedGradients,1:20,GCN,focal_loss,"otro escenario, otra semilla",0.9569619964038012,0.7488955280796911,0.4645271395271396
IntegratedGradients,1:20,GCN,focal_loss,"otro escenario, otra semilla",0.9602981668122934,0.7740079372202071,0.4435897435897437
IntegratedGradients,1:20,GCN,focal_loss,"otro escenario, misma semilla",0.971588779498824,0.8447129776830314,0.5791319791319792
IntegratedGradients,1:20,GCN,focal_loss,"otro escenario, otra semilla",0.963218454051,0.7849792221078743,0.47719780219780217
IntegratedGradients,1:20,GCN,focal_loss,"otro escenario, otra semilla",0.9629062670065587,0.7867433741256094,0.45024420024420025
IntegratedGradients,1:20,GCN,focal_loss,"otro escenario, otra semilla",0.9587169096060675,0.7636864505776083,0.462942612942613
IntegratedGradients,1:20,GCN,focal_loss,"otro escenario, misma semilla",0.9865236319309612,0.9234969869951134,0.7212898212898211
IntegratedGradients,1:20,GraphSAGE,none,"mismo escenario, otra semilla",0.9649691056998795,0.8004687984483333,0.5143301143301143
IntegratedGradients,1:20,GraphSAGE,none,"mismo escenario, otra semilla",0.9660516833561305,0.8033933738337466,0.4842796092796093
IntegratedGradients,1:20,GraphSAGE,none,"mismo escenario, otra semilla",0.9639735344603763,0.7924939970251247,0.5004294724882962
IntegratedGradients,1:20,GraphSAGE,none,"otro escenario, misma semilla",0.9848096439152402,0.912997641269702,0.6676989676989676
IntegratedGradients,1:20,GraphSAGE,none,"otro escenario, otra semilla",0.9658746540283414,0.8050062559861906,0.4837440337440338
IntegratedGradients,1:20,GraphSAGE,none,"otro escenario, otra semilla",0.9682266190082374,0.815814982762076,0.4712592962592963
IntegratedGradients,1:20,GraphSAGE,none,"otro escenario, otra semilla",0.9692433691602863,0.8233428861113965,0.501021201021201
IntegratedGradients,1:20,GraphSAGE,none,"otro escenario, misma semilla",0.9780895941601678,0.878573907333729,0.5826257076257075
IntegratedGradients,1:20,GraphSAGE,none,"otro escenario, otra semilla",0.9660991742617853,0.804528635326372,0.49148074148074156
IntegratedGradients,1:20,GraphSAGE,none,"otro escenario, otra semilla",0.9678119291564002,0.8156165712150222,0.4900932400932401
IntegratedGradients,1:20,GraphSAGE,none,"otro escenario, otra semilla",0.9641837889193732,0.7950285389329054,0.4775002775002776
IntegratedGradients,1:20,GraphSAGE,none,"otro escenario, misma semilla",0.9834133196290066,0.9017481882054101,0.6492174492174494
IntegratedGradients,1:20,GraphSAGE,class_weighting,"mismo escenario, otra semilla",0.9775997060831353,0.8762517158800264,0.6189692660280895
IntegratedGradients,1:20,GraphSAGE,class_weighting,"mismo escenario, otra semilla",0.9805115695232088,0.8897717650681954,0.6043290043290043
IntegratedGradients,1:20,GraphSAGE,class_weighting,"mismo escenario, otra semilla",0.9829201357985079,0.9051207940598653,0.6742479742479742
IntegratedGradients,1:20,GraphSAGE,class_weighting,"otro escenario, misma semilla",0.9932133074581359,0.9611051093976183,0.7768453768453768
IntegratedGradients,1:20,GraphSAGE,class_weighting,"otro escenario, otra semilla",0.9765723547106812,0.8697594216768909,0.6541008011596248
IntegratedGradients,1:20,GraphSAGE,class_weighting,"otro escenario, otra semilla",0.9794947101741159,0.8838136601622593,0.656843156843157
IntegratedGradients,1:20,GraphSAGE,class_weighting,"otro escenario, otra semilla",0.9786221280314289,0.8789899715114525,0.618425365484189
IntegratedGradients,1:20,GraphSAGE,class_weighting,"otro escenario, misma semilla",0.9950896420049478,0.976763833965677,0.8999999999999999
IntegratedGradients,1:20,GraphSAGE,class_weighting,"otro escenario, otra semilla",0.981594411338516,0.8976288799290165,0.6665445665445665
IntegratedGradients,1:20,GraphSAGE,class_weighting,"otro escenario, otra semilla",0.9814094461770083,0.8960692609804094,0.6405261405261405
IntegratedGradients,1:20,GraphSAGE,class_weighting,"otro escenario, otra semilla",0.983035403781345,0.9067478426303256,0.6769674769674769
IntegratedGradients,1:20,GraphSAGE,class_weighting,"otro escenario, misma semilla",0.9949599553623033,0.9717984990030235,0.8492618492618489
IntegratedGradients,1:20,GraphSAGE,focal_loss,"mismo escenario, otra semilla",0.9733577099311673,0.8467320162942773,0.5436862157450392
IntegratedGradients,1:20,GraphSAGE,focal_loss,"mismo escenario, otra semilla",0.9643198477270101,0.7938458801791092,0.46148998060762775
IntegratedGradients,1:20,GraphSAGE,focal_loss,"mismo escenario, otra semilla",0.9667459960630366,0.8104982913801128,0.4807692307692308
IntegratedGradients,1:20,GraphSAGE,focal_loss,"otro escenario, misma semilla",0.975942677699929,0.865251426353315,0.5437368187368187
IntegratedGradients,1:20,GraphSAGE,focal_loss,"otro escenario, otra semilla",0.968296534842213,0.8214968696418093,0.5014957264957265
IntegratedGradients,1:20,GraphSAGE,focal_loss,"otro escenario, otra semilla",0.9623554652298171,0.7856103442499458,0.451923076923077
IntegratedGradients,1:20,GraphSAGE,focal_loss,"otro escenario, otra semilla",0.9633968916466489,0.7927602019303264,0.4937028657616892
IntegratedGradients,1:20,GraphSAGE,focal_loss,"otro escenario, misma semilla",0.9773087246240806,0.8736087940194487,0.5818487068487068
IntegratedGradients,1:20,GraphSAGE,focal_loss,"otro escenario, otra semilla",0.9641549816005752,0.7969742266856589,0.4568286288874524
IntegratedGradients,1:20,GraphSAGE,focal_loss,"otro escenario, otra semilla",0.9628856258822739,0.7869070982187619,0.4483947425123897
IntegratedGradients,1:20,GraphSAGE,focal_loss,"otro escenario, otra semilla",0.9670679319810779,0.8134161012221685,0.4768315018315018
IntegratedGradients,1:20,GraphSAGE,focal_loss,"otro escenario, misma semilla",0.9934151654946027,0.9620183394031276,0.8484848484848483
IntegratedGradients,1:20,GAT,none,"mismo escenario, otra semilla",0.9756213471957949,0.8663673477063953,0.5528131998720233
IntegratedGradients,1:20,GAT,none,"mismo escenario, otra semilla",0.9741585400108943,0.8578225418338244,0.5515678765678766
IntegratedGradients,1:20,GAT,none,"mismo escenario, otra semilla",0.9739174534673566,0.8528902214161188,0.5613460613460612
IntegratedGradients,1:20,GAT,none,"otro escenario, misma semilla",0.9794644958894281,0.884734567649566,0.5893883893883894
IntegratedGradients,1:20,GAT,none,"otro escenario, otra semilla",0.9760764024237863,0.8654756749015948,0.48852258852258856
IntegratedGradients,1:20,GAT,none,"otro escenario, otra semilla",0.9757996023808849,0.8624187549775826,0.5504717504717505
IntegratedGradients,1:20,GAT,none,"otro escenario, otra semilla",0.968684920533902,0.8249506423940992,0.49294871794871803
IntegratedGradients,1:20,GAT,none,"otro escenario, misma semilla",0.9716764378825843,0.8415326676649764,0.5388278388278388
IntegratedGradients,1:20,GAT,none,"otro escenario, otra semilla",0.9709484565157691,0.8375199280155122,0.5173826173826174
IntegratedGradients,1:20,GAT,none,"otro escenario, otra semilla",0.9697423775704378,0.8317942543362358,0.4827138547726783
IntegratedGradients,1:20,GAT,none,"otro escenario, otra semilla",0.9735581140334302,0.8509411150379893,0.507065157065157
IntegratedGradients,1:20,GAT,none,"otro escenario, misma semilla",0.9703146205330024,0.8325994592776557,0.5242202242202242
IntegratedGradients,1:20,GAT,class_weighting,"mismo escenario, otra semilla",0.9695823048919396,0.8304781732783273,0.48501221001221
IntegratedGradients,1:20,GAT,class_weighting,"mismo escenario, otra semilla",0.9664600333090565,0.810602756088413,0.5164807414807415
IntegratedGradients,1:20,GAT,class_weighting,"mismo escenario, otra semilla",0.970890401395921,0.8365224244645544,0.5457098457098457
IntegratedGradients,1:20,GAT,class_weighting,"otro escenario, misma semilla",0.9976625105298712,0.9860012215929809,0.9300699300699298
IntegratedGradients,1:20,GAT,class_weighting,"otro escenario, otra semilla",0.9698889965878174,0.8328383720866487,0.47451159951159955
IntegratedGradients,1:20,GAT,class_weighting,"otro escenario, otra semilla",0.9660448508437697,0.8088192911471178,0.5173659673659673
IntegratedGradients,1:20,GAT,class_weighting,"otro escenario, otra semilla",0.9698961710187227,0.8306013823990283,0.4877899877899878
IntegratedGradients,1:20,GAT,class_weighting,"otro escenario, misma semilla",0.9992846951989595,0.9964801082486736,0.9636363636363635
IntegratedGradients,1:20,GAT,class_weighting,"otro escenario, otra semilla",0.9712816651295578,0.8383185018258501,0.5425352425352425
IntegratedGradients,1:20,GAT,class_weighting,"otro escenario, otra semilla",0.9665089372509882,0.809793797735171,0.517868242868243
IntegratedGradients,1:20,GAT,class_weighting,"otro escenario, otra semilla",0.9706430106845165,0.8335928517124601,0.54998334998335
IntegratedGradients,1:20,GAT,class_weighting,"otro escenario, misma semilla",0.99903399997924,0.9945417743971139,0.9878787878787878
IntegratedGradients,1:20,GAT,focal_loss,"mismo escenario, otra semilla",0.9641079783494966,0.7993027381207553,0.47628205128205126
IntegratedGradients,1:20,GAT,focal_loss,"mismo escenario, otra semilla",0.9655048500217193,0.8060968468780487,0.43568865774748133
IntegratedGradients,1:20,GAT,focal_loss,"mismo escenario, otra semilla",0.9633609176555278,0.793281135685532,0.478005328005328
IntegratedGradients,1:20,GAT,focal_loss,"otro escenario, misma semilla",0.9947946196468096,0.9697423119552107,0.8502719502719503
IntegratedGradients,1:20,GAT,focal_loss,"otro escenario, otra semilla",0.9655058470261566,0.8071387216284255,0.4684916934916935
IntegratedGradients,1:20,GAT,focal_loss,"otro escenario, otra semilla",0.9680324400467012,0.8199581851223882,0.44231258937141293
IntegratedGradients,1:20,GAT,focal_loss,"otro escenario, otra semilla",0.9675059215432943,0.816099727171046,0.4876068376068376
IntegratedGradients,1:20,GAT,focal_loss,"otro escenario, misma semilla",0.9928798702074295,0.9634624189614223,0.8389277389277388
IntegratedGradients,1:20,GAT,focal_loss,"otro escenario, otra semilla",0.9656991513882974,0.8042946881546362,0.49454711954711955
IntegratedGradients,1:20,GAT,focal_loss,"otro escenario, otra semilla",0.9640123799241441,0.7974306375230064,0.4169324139912376
IntegratedGradients,1:20,GAT,focal_loss,"otro escenario, otra semilla",0.9644300598148604,0.8003948980386472,0.4915750915750916
IntegratedGradients,1:20,GAT,focal_loss,"otro escenario, misma semilla",0.9834375792604095,0.9136343101077866,0.7165279165279165
IntegratedGradients,1:20,TAGCN,none,"mismo escenario, otra semilla",0.9776624355361873,0.874935986783905,0.5062715062715063
IntegratedGradients,1:20,TAGCN,none,"mismo escenario, otra semilla",0.9765581871419149,0.8671804264125249,0.5526806526806528
IntegratedGradients,1:20,TAGCN,none,"mismo escenario, otra semilla",0.9753835852578263,0.8638759160325833,0.5811487532075766
IntegratedGradients,1:20,TAGCN,none,"otro escenario, misma semilla",0.9697465353195741,0.8268418235233507,0.48098013098013104
IntegratedGradients,1:20,TAGCN,none,"otro escenario, otra semilla",0.9644617964382364,0.7995285227664365,0.3973803286496785
IntegratedGradients,1:20,TAGCN,none,"otro escenario, otra semilla",0.9641597801742091,0.796804038836244,0.41762311762311766
IntegratedGradients,1:20,TAGCN,none,"otro escenario, otra semilla",0.9650282602185826,0.7987575962292137,0.46326173826173833
IntegratedGradients,1:20,TAGCN,none,"otro escenario, misma semilla",0.9645390629559966,0.8023016478346255,0.3985013896778603
IntegratedGradients,1:20,TAGCN,none,"otro escenario, otra semilla",0.9613899118301924,0.7784792373351068,0.42452667158549506
IntegratedGradients,1:20,TAGCN,none,"otro escenario, otra semilla",0.9636600082821455,0.7925556182806351,0.46028693528693526
IntegratedGradients,1:20,TAGCN,none,"otro escenario, otra semilla",0.9625810729509705,0.7879251541208092,0.382322510650684
IntegratedGradients,1:20,TAGCN,none,"otro escenario, misma semilla",0.9634038470609013,0.7920494876940096,0.43084045584045594
IntegratedGradients,1:20,TAGCN,class_weighting,"mismo escenario, otra semilla",0.9721064754451751,0.846289563549274,0.5666216136804371
IntegratedGradients,1:20,TAGCN,class_weighting,"mismo escenario, otra semilla",0.9536271560499271,0.7357280241239422,0.3602576073164308
IntegratedGradients,1:20,TAGCN,class_weighting,"mismo escenario, otra semilla",0.9549111338535006,0.7400509257066548,0.32942732648615003
IntegratedGradients,1:20,TAGCN,class_weighting,"otro escenario, misma semilla",0.9908484129992026,0.950132957733372,0.8048174048174046
IntegratedGradients,1:20,TAGCN,class_weighting,"otro escenario, otra semilla",0.9726122128012734,0.8510150340617206,0.5578588078588077
IntegratedGradients,1:20,TAGCN,class_weighting,"otro escenario, otra semilla",0.9542928666243051,0.7409649295825945,0.3594855036031507
IntegratedGradients,1:20,TAGCN,class_weighting,"otro escenario, otra semilla",0.9728076974595222,0.8486128292339333,0.5529325249913485
IntegratedGradients,1:20,TAGCN,class_weighting,"otro escenario, misma semilla",0.9923945161855038,0.9575521405399016,0.8237762237762237
IntegratedGradients,1:20,TAGCN,class_weighting,"otro escenario, otra semilla",0.9556192101252895,0.7446824733043057,0.3215823936412171
IntegratedGradients,1:20,TAGCN,class_weighting,"otro escenario, otra semilla",0.9533007615261632,0.7321234085182661,0.3553125523713759
IntegratedGradients,1:20,TAGCN,class_weighting,"otro escenario, otra semilla",0.9548848495173304,0.7386872579405586,0.33348715554597913
IntegratedGradients,1:20,TAGCN,class_weighting,"otro escenario, misma semilla",0.9972612609444991,0.9850721077822615,0.9363636363636362
IntegratedGradients,1:20,TAGCN,focal_loss,"mismo escenario, otra semilla",0.9796928473914832,0.8922667501710024,0.6642585484690746
IntegratedGradients,1:20,TAGCN,focal_loss,"mismo escenario, otra semilla",0.968131074319127,0.8207957862176127,0.5295996487172958
IntegratedGradients,1:20,TAGCN,focal_loss,"mismo escenario, otra semilla",0.9690755769818651,0.8300447923590492,0.5217282717282717
IntegratedGradients,1:20,TAGCN,focal_loss,"otro escenario, misma semilla",0.9770635667710921,0.8746100184459183,0.5763986013986013
IntegratedGradients,1:20,TAGCN,focal_loss,"otro escenario, otra semilla",0.9724491866518157,0.8495708562475499,0.5183973433973434
IntegratedGradients,1:20,TAGCN,focal_loss,"otro escenario, otra semilla",0.9648755750870482,0.8009190129965723,0.48380377792142504
IntegratedGradients,1:20,TAGCN,focal_loss,"otro escenario, otra semilla",0.959608528578593,0.7736081882932928,0.44253582674635317
IntegratedGradients,1:20,TAGCN,focal_loss,"otro escenario, misma semilla",0.9578592181473442,0.7688820326990331,0.4231675044368543
IntegratedGradients,1:20,TAGCN,focal_loss,"otro escenario, otra semilla",0.9554245355833628,0.7476820334366916,0.43199023199023207
IntegratedGradients,1:20,TAGCN,focal_loss,"otro escenario, otra semilla",0.9610799231730788,0.7819156246543915,0.4486617957206193
IntegratedGradients,1:20,TAGCN,focal_loss,"otro escenario, otra semilla",0.9579249049985963,0.7671064989841935,0.38891533303298015
IntegratedGradients,1:20,TAGCN,focal_loss,"otro escenario, misma semilla",0.9606753342805324,0.77658533081013,0.45372405372405383
IntegratedGradients,native,GCN,none,"mismo escenario, otra semilla",0.9581794603560387,0.7613003256651837,0.43754578754578766
IntegratedGradients,native,GCN,none,"mismo escenario, otra semilla",0.9583386902856329,0.762474215901406,0.43521690727573087
IntegratedGradients,native,GCN,none,"mismo escenario, otra semilla",0.9673450218753363,0.8125902561980708,0.49406149406149413
IntegratedGradients,native,GCN,class_weighting,"mismo escenario, otra semilla",0.9584365258107215,0.7601145604087833,0.44403864109746466
IntegratedGradients,native,GCN,class_weighting,"mismo escenario, otra semilla",0.9559485483558703,0.7480874451052754,0.4297147297147296
IntegratedGradients,native,GCN,class_weighting,"mismo escenario, otra semilla",0.9569062474795333,0.7588762673542944,0.46628371628371634
IntegratedGradients,native,GCN,focal_loss,"mismo escenario, otra semilla",0.9610715931929703,0.7739664747850914,0.45976800976800986
IntegratedGradients,native,GCN,focal_loss,"mismo escenario, otra semilla",0.9575435649641659,0.7524660512712575,0.4657176157176159
IntegratedGradients,native,GCN,focal_loss,"mismo escenario, otra semilla",0.9615612341807993,0.7759025214847957,0.47741147741147744
IntegratedGradients,native,GraphSAGE,none,"mismo escenario, otra semilla",0.9700466458359719,0.8284243274441543,0.4897484868073103
IntegratedGradients,native,GraphSAGE,none,"mismo escenario, otra semilla",0.9697872287242331,0.8264124983621376,0.4693667443667444
IntegratedGradients,native,GraphSAGE,none,"mismo escenario, otra semilla",0.9673783166539077,0.8127341061568408,0.4724802974802976
IntegratedGradients,native,GraphSAGE,class_weighting,"mismo escenario, otra semilla",0.9770573611254477,0.8713099313930263,0.6548778019366253
IntegratedGradients,native,GraphSAGE,class_weighting,"mismo escenario, otra semilla",0.980855120955517,0.8926814389451134,0.7048063048063048
IntegratedGradients,native,GraphSAGE,class_weighting,"mismo escenario, otra semilla",0.9823053920390353,0.9034436144893443,0.6686535686535687
IntegratedGradients,native,GraphSAGE,focal_loss,"mismo escenario, otra semilla",0.9625499050472129,0.7898018921055276,0.4946935417523653
IntegratedGradients,native,GraphSAGE,focal_loss,"mismo escenario, otra semilla",0.9639417942740711,0.7966108614266404,0.4394383394383396
IntegratedGradients,native,GraphSAGE,focal_loss,"mismo escenario, otra semilla",0.9645221111109569,0.8006661071763853,0.44340659340659344
IntegratedGradients,native,GAT,none,"mismo escenario, otra semilla",0.9731695353774832,0.8494785367736388,0.4848124098124098
IntegratedGradients,native,GAT,none,"mismo escenario, otra semilla",0.9697071771882584,0.8287484308954003,0.5255633255633255
IntegratedGradients,native,GAT,none,"mismo escenario, otra semilla",0.97453136905159,0.8584411088652707,0.5381840381840381
IntegratedGradients,native,GAT,class_weighting,"mismo escenario, otra semilla",0.9702238130725737,0.8331128529312639,0.4772893772893773
IntegratedGradients,native,GAT,class_weighting,"mismo escenario, otra semilla",0.966263362184868,0.8088999270743025,0.5187534687534687
IntegratedGradients,native,GAT,class_weighting,"mismo escenario, otra semilla",0.971074606525669,0.8354002081109156,0.5468087468087468
IntegratedGradients,native,GAT,focal_loss,"mismo escenario, otra semilla",0.9692299450053041,0.8262286464418973,0.4815120065120065
IntegratedGradients,native,GAT,focal_loss,"mismo escenario, otra semilla",0.966660601123932,0.8124680307083263,0.42415547415547417
IntegratedGradients,native,GAT,focal_loss,"mismo escenario, otra semilla",0.9679932413705923,0.8169235937676863,0.5031746031746032
IntegratedGradients,native,TAGCN,none,"mismo escenario, otra semilla",0.965522589411792,0.8012545069581354,0.5043789543789544
IntegratedGradients,native,TAGCN,none,"mismo escenario, otra semilla",0.9662890591657846,0.8051650402169555,0.530932955932956
IntegratedGradients,native,TAGCN,none,"mismo escenario, otra semilla",0.9619072735373478,0.7802095878933724,0.52011322011322
IntegratedGradients,native,TAGCN,class_weighting,"mismo escenario, otra semilla",0.9729618193387655,0.8524037955886421,0.5519980019980019
IntegratedGradients,native,TAGCN,class_weighting,"mismo escenario, otra semilla",0.954127380219639,0.738541226009648,0.36087050204697263
IntegratedGradients,native,TAGCN,class_weighting,"mismo escenario, otra semilla",0.955776475904893,0.7441419796657586,0.3247569968158203
IntegratedGradients,native,TAGCN,focal_loss,"mismo escenario, otra semilla",0.9642313428617257,0.7970310613854,0.46454008954008963
IntegratedGradients,native,TAGCN,focal_loss,"mismo escenario, otra semilla",0.9658403535411691,0.8067986531715772,0.46933251933251935
IntegratedGradients,native,TAGCN,focal_loss,"mismo escenario, otra semilla",0.960933385707629,0.778459315440792,0.4477550227550228
IntegratedGradients,1:100_subil,GCN,none,"mismo escenario, otra semilla",0.954729047272619,0.7420675812966188,0.4222347913524384
IntegratedGradients,1:100_subil,GCN,none,"mismo escenario, otra semilla",0.9560136518015729,0.749833496583652,0.44541226747109103
IntegratedGradients,1:100_subil,GCN,none,"mismo escenario, otra semilla",0.9594928207837394,0.7705954646976492,0.4702380952380952
IntegratedGradients,1:100_subil,GCN,none,"otro escenario, misma semilla",0.9522421149750362,0.7286876310909531,0.44023199023199033
IntegratedGradients,1:100_subil,GCN,none,"otro escenario, otra semilla",0.9575124021210583,0.759901527247938,0.4919857919857921
IntegratedGradients,1:100_subil,GCN,none,"otro escenario, otra semilla",0.957681339284834,0.7593440770676664,0.432889332889333
IntegratedGradients,1:100_subil,GCN,none,"otro escenario, otra semilla",0.9584133847614519,0.7632418272516842,0.43509480715363075
IntegratedGradients,1:100_subil,GCN,none,"otro escenario, misma semilla",0.9573580796167719,0.7566580078054692,0.4236784457372693
IntegratedGradients,1:100_subil,GCN,none,"otro escenario, otra semilla",0.9604432495252806,0.7719849290644321,0.45018804724687084
IntegratedGradients,1:100_subil,GCN,none,"otro escenario, otra semilla",0.9596734791830052,0.7730119051338519,0.47038174244056596
IntegratedGradients,1:100_subil,GCN,none,"otro escenario, otra semilla",0.9581297242648176,0.7640000391104868,0.3774635495223731
IntegratedGradients,1:100_subil,GCN,none,"otro escenario, misma semilla",0.9593304895589249,0.7686692678677837,0.43355957767722486
IntegratedGradients,1:100_subil,GCN,class_weighting,"mismo escenario, otra semilla",0.9717638632897876,0.838797339127378,0.5354395604395604
IntegratedGradients,1:100_subil,GCN,class_weighting,"mismo escenario, otra semilla",0.950040822196204,0.7119399910231771,0.3583979745744451
IntegratedGradients,1:100_subil,GCN,class_weighting,"mismo escenario, otra semilla",0.9536148407853889,0.7332992644428863,0.38988723694606053
IntegratedGradients,1:100_subil,GCN,class_weighting,"otro escenario, misma semilla",0.9571811518207565,0.7490267982430378,0.40931503137385494
IntegratedGradients,1:100_subil,GCN,class_weighting,"otro escenario, otra semilla",0.9560998304078876,0.74388090911226,0.42499102204984573
IntegratedGradients,1:100_subil,GCN,class_weighting,"otro escenario, otra semilla",0.9571594179330963,0.7539221983886201,0.47095404595404594
IntegratedGradients,1:100_subil,GCN,class_weighting,"otro escenario, otra semilla",0.9548442928690885,0.7412671545603615,0.4144522144522144
IntegratedGradients,1:100_subil,GCN,class_weighting,"otro escenario, misma semilla",0.955025884813659,0.7428591840130171,0.42734144940027297
IntegratedGradients,1:100_subil,GCN,class_weighting,"otro escenario, otra semilla",0.9562455693864856,0.7494331809067654,0.44703009408891764
IntegratedGradients,1:100_subil,GCN,class_weighting,"otro escenario, otra semilla",0.9543205393316101,0.7382787748700876,0.4020805991394226
IntegratedGradients,1:100_subil,GCN,class_weighting,"otro escenario, otra semilla",0.9541682293705017,0.7358919749557046,0.3894688644688645
IntegratedGradients,1:100_subil,GCN,class_weighting,"otro escenario, misma semilla",0.9556135019002928,0.7473281104625632,0.44447986653869004
IntegratedGradients,1:100_subil,GCN,focal_loss,"mismo escenario, otra semilla",0.9635937162234928,0.7875584976211738,0.4474664224664225
IntegratedGradients,1:100_subil,GCN,focal_loss,"mismo escenario, otra semilla",0.9575317327702227,0.754136855907234,0.3685909406497642
IntegratedGradients,1:100_subil,GCN,focal_loss,"mismo escenario, otra semilla",0.9608122204349123,0.7717400333261043,0.450915750915751
IntegratedGradients,1:100_subil,GCN,focal_loss,"otro escenario, misma semilla",0.9761298396128921,0.8641703072238218,0.5614135864135863
IntegratedGradients,1:100_subil,GCN,focal_loss,"otro escenario, otra semilla",0.9603748513816381,0.7679100255887561,0.46361416361416363
IntegratedGradients,1:100_subil,GCN,focal_loss,"otro escenario, otra semilla",0.9540481468495073,0.7330509628461683,0.4278388278388279
IntegratedGradients,1:100_subil,GCN,focal_loss,"otro escenario, otra semilla",0.9611136349514757,0.776258277437309,0.4340964590964591
IntegratedGradients,1:100_subil,GCN,focal_loss,"otro escenario, misma semilla",0.966448205136209,0.8039811832656387,0.4952686202686202
IntegratedGradients,1:100_subil,GCN,focal_loss,"otro escenario, otra semilla",0.9606549811961007,0.7717460606322503,0.4741758241758242
IntegratedGradients,1:100_subil,GCN,focal_loss,"otro escenario, otra semilla",0.962523736082371,0.7807404170489962,0.44157590775237837
IntegratedGradients,1:100_subil,GCN,focal_loss,"otro escenario, otra semilla",0.9620134281407197,0.7771588598232265,0.5006105006105006
IntegratedGradients,1:100_subil,GCN,focal_loss,"otro escenario, misma semilla",0.9758242328469703,0.8617655017160065,0.5492063492063491
IntegratedGradients,1:100_subil,GraphSAGE,none,"mismo escenario, otra semilla",0.9505697026154712,0.7214481018240338,0.4127109818286289
IntegratedGradients,1:100_subil,GraphSAGE,none,"mismo escenario, otra semilla",0.9567321105589197,0.7555656551778466,0.466910866910867
IntegratedGradients,1:100_subil,GraphSAGE,none,"mismo escenario, otra semilla",0.9551561322662476,0.7470396570668287,0.3904887596064067
IntegratedGradients,1:100_subil,GraphSAGE,none,"otro escenario, misma semilla",0.9605758346040586,0.7735760087496628,0.450929625929626
IntegratedGradients,1:100_subil,GraphSAGE,none,"otro escenario, otra semilla",0.9583703770805944,0.7645517672542642,0.41247575953458315
IntegratedGradients,1:100_subil,GraphSAGE,none,"otro escenario, otra semilla",0.9624568464641216,0.7869618274838266,0.36946599152481513
IntegratedGradients,1:100_subil,GraphSAGE,none,"otro escenario, otra semilla",0.9577906914883577,0.7598379420869377,0.42892107892107895
IntegratedGradients,1:100_subil,GraphSAGE,none,"otro escenario, misma semilla",0.9538505245412057,0.7415580611712994,0.40328772534654894
IntegratedGradients,1:100_subil,GraphSAGE,none,"otro escenario, otra semilla",0.9595442357301172,0.7713755163867471,0.38750628456510816
IntegratedGradients,1:100_subil,GraphSAGE,none,"otro escenario, otra semilla",0.9604913715059086,0.7773358992582418,0.4341013561601797
IntegratedGradients,1:100_subil,GraphSAGE,none,"otro escenario, otra semilla",0.9579733709797271,0.7632842860866041,0.4001526251526251
IntegratedGradients,1:100_subil,GraphSAGE,none,"otro escenario, misma semilla",0.9618797096241599,0.785859231316182,0.40270894682659386
IntegratedGradients,1:100_subil,GraphSAGE,class_weighting,"mismo escenario, otra semilla",0.9800722573428207,0.8883269895820717,0.6158480408480408
IntegratedGradients,1:100_subil,GraphSAGE,class_weighting,"mismo escenario, otra semilla",0.9661983799061894,0.8089082771835253,0.3989058871411813
IntegratedGradients,1:100_subil,GraphSAGE,class_weighting,"mismo escenario, otra semilla",0.9685235171319604,0.8226528972645822,0.3917553579318286
IntegratedGradients,1:100_subil,GraphSAGE,class_weighting,"otro escenario, misma semilla",0.9721080421014107,0.8429513480837615,0.5829476079476078
IntegratedGradients,1:100_subil,GraphSAGE,class_weighting,"otro escenario, otra semilla",0.9720307307502645,0.841989010813229,0.5658890129478364
IntegratedGradients,1:100_subil,GraphSAGE,class_weighting,"otro escenario, otra semilla",0.9630418300181155,0.7898150270180602,0.3907043249148513
IntegratedGradients,1:100_subil,GraphSAGE,class_weighting,"otro escenario, otra semilla",0.9766726822180261,0.871450588196239,0.5405788655788656
IntegratedGradients,1:100_subil,GraphSAGE,class_weighting,"otro escenario, misma semilla",0.9746618375974937,0.8594779594903428,0.5573537573537574
IntegratedGradients,1:100_subil,GraphSAGE,class_weighting,"otro escenario, otra semilla",0.9662978177506548,0.8092565600952623,0.3871550562727034
IntegratedGradients,1:100_subil,GraphSAGE,class_weighting,"otro escenario, otra semilla",0.9780290945209448,0.8766733099754906,0.5956154956154956
IntegratedGradients,1:100_subil,GraphSAGE,class_weighting,"otro escenario, otra semilla",0.9765343144167004,0.8687649749779375,0.6246531246531247
IntegratedGradients,1:100_subil,GraphSAGE,class_weighting,"otro escenario, misma semilla",0.9629164357101127,0.7897644070509494,0.3559571691924634
IntegratedGradients,1:100_subil,GraphSAGE,focal_loss,"mismo escenario, otra semilla",0.960865112153701,0.779600216640953,0.4226100696688933
IntegratedGradients,1:100_subil,GraphSAGE,focal_loss,"mismo escenario, otra semilla",0.9597924459959076,0.7687888336029735,0.4336906557494793
IntegratedGradients,1:100_subil,GraphSAGE,focal_loss,"mismo escenario, otra semilla",0.9559294562603867,0.7478793104734203,0.40121322033086737
IntegratedGradients,1:100_subil,GraphSAGE,focal_loss,"otro escenario, misma semilla",0.9627597245935889,0.7876124859080846,0.43316405816405823
IntegratedGradients,1:100_subil,GraphSAGE,focal_loss,"otro escenario, otra semilla",0.960227369541188,0.7758476085641344,0.4377504848093084
IntegratedGradients,1:100_subil,GraphSAGE,focal_loss,"otro escenario, otra semilla",0.9568896624222207,0.7524986697673391,0.43460640666523026
IntegratedGradients,1:100_subil,GraphSAGE,focal_loss,"otro escenario, otra semilla",0.9622581970731482,0.7850420599795593,0.4230219671396142
IntegratedGradients,1:100_subil,GraphSAGE,focal_loss,"otro escenario, misma semilla",0.9566937895822271,0.7551369034157627,0.4490191181367652
IntegratedGradients,1:100_subil,GraphSAGE,focal_loss,"otro escenario, otra semilla",0.9574258166419066,0.7547525157309797,0.44115263821146183
IntegratedGradients,1:100_subil,GraphSAGE,focal_loss,"otro escenario, otra semilla",0.9637843206642441,0.7947566145617214,0.47145909645909645
IntegratedGradients,1:100_subil,GraphSAGE,focal_loss,"otro escenario, otra semilla",0.9600765723675401,0.7728146845568218,0.4170378640966877
IntegratedGradients,1:100_subil,GraphSAGE,focal_loss,"otro escenario, misma semilla",0.9593607646300533,0.7669191292593617,0.43986688692571047
IntegratedGradients,1:100_subil,GAT,none,"mismo escenario, otra semilla",0.9758441871637576,0.8645117656067227,0.5790875790875791
IntegratedGradients,1:100_subil,GAT,none,"mismo escenario, otra semilla",0.9793746160856435,0.8822529287214432,0.533011433011433
IntegratedGradients,1:100_subil,GAT,none,"mismo escenario, otra semilla",0.9750696924664694,0.8580441972095787,0.5130314130314131
IntegratedGradients,1:100_subil,GAT,none,"otro escenario, misma semilla",0.9776863890842197,0.871270883310015,0.5503801753801753
IntegratedGradients,1:100_subil,GAT,none,"otro escenario, otra semilla",0.9711527044388292,0.8370025087234173,0.44178876678876683
IntegratedGradients,1:100_subil,GAT,none,"otro escenario, otra semilla",0.9744770836838884,0.8522301955603505,0.45836385836385846
IntegratedGradients,1:100_subil,GAT,none,"otro escenario, otra semilla",0.9762935706027412,0.8675917143122731,0.5736818736818736
IntegratedGradients,1:100_subil,GAT,none,"otro escenario, misma semilla",0.9904776915583907,0.9499747467972374,0.7437451437451436
IntegratedGradients,1:100_subil,GAT,none,"otro escenario, otra semilla",0.9730743205421746,0.8490208648083774,0.5006993006993008
IntegratedGradients,1:100_subil,GAT,none,"otro escenario, otra semilla",0.9754453673251222,0.8623562684572245,0.6026973026973027
IntegratedGradients,1:100_subil,GAT,none,"otro escenario, otra semilla",0.9744759396594799,0.8590778880146809,0.5599178599178599
IntegratedGradients,1:100_subil,GAT,none,"otro escenario, misma semilla",0.9848050357634714,0.9153203117162021,0.6051504051504052
IntegratedGradients,1:100_subil,GAT,class_weighting,"mismo escenario, otra semilla",0.9688851785080009,0.8281351259306847,0.4549971270559506
IntegratedGradients,1:100_subil,GAT,class_weighting,"mismo escenario, otra semilla",0.9792792560362074,0.8877233259523324,0.6370962370962371
IntegratedGradients,1:100_subil,GAT,class_weighting,"mismo escenario, otra semilla",0.968929817121437,0.8263902149700055,0.45391977303742004
IntegratedGradients,1:100_subil,GAT,class_weighting,"otro escenario, misma semilla",0.9858186804840997,0.9245571509955167,0.7515706515706516
IntegratedGradients,1:100_subil,GAT,class_weighting,"otro escenario, otra semilla",0.9694713447135687,0.8279269010149908,0.46340048840048836
IntegratedGradients,1:100_subil,GAT,class_weighting,"otro escenario, otra semilla",0.9785115961028253,0.8793716267387371,0.6267621267621268
IntegratedGradients,1:100_subil,GAT,class_weighting,"otro escenario, otra semilla",0.9704825799799046,0.8335654537018566,0.47332112332112336
IntegratedGradients,1:100_subil,GAT,class_weighting,"otro escenario, misma semilla",0.9951562579487037,0.9764239861556164,0.9101010101010101
IntegratedGradients,1:100_subil,GAT,class_weighting,"otro escenario, otra semilla",0.9699006277743673,0.831578859348389,0.47670042375924726
IntegratedGradients,1:100_subil,GAT,class_weighting,"otro escenario, otra semilla",0.9666293830425642,0.8103649084550548,0.5210530210530211
IntegratedGradients,1:100_subil,GAT,class_weighting,"otro escenario, otra semilla",0.9715983235228626,0.8388233666799448,0.540947940947941
IntegratedGradients,1:100_subil,GAT,class_weighting,"otro escenario, misma semilla",0.9666176390368802,0.8114138282950625,0.5501942501942502
IntegratedGradients,1:100_subil,GAT,focal_loss,"mismo escenario, otra semilla",0.9667638521753668,0.8171183493746157,0.46956376956376966
IntegratedGradients,1:100_subil,GAT,focal_loss,"mismo escenario, otra semilla",0.9725069069558311,0.8498299685196851,0.5657786657786658
IntegratedGradients,1:100_subil,GAT,focal_loss,"mismo escenario, otra semilla",0.9724769449506813,0.8497512377094734,0.4804945054945055
IntegratedGradients,1:100_subil,GAT,focal_loss,"otro escenario, misma semilla",0.96601366482181,0.8063669285651186,0.548928848928849
IntegratedGradients,1:100_subil,GAT,focal_loss,"otro escenario, otra semilla",0.9653922327080632,0.8102063928022661,0.3904887596064067
IntegratedGradients,1:100_subil,GAT,focal_loss,"otro escenario, otra semilla",0.9748207088150068,0.8615492900252176,0.5411754911754911
IntegratedGradients,1:100_subil,GAT,focal_loss,"otro escenario, otra semilla",0.9647134215073738,0.8021273127592797,0.42331214537096895
IntegratedGradients,1:100_subil,GAT,focal_loss,"otro escenario, misma semilla",0.9721082972995201,0.8479775193364139,0.4814713064713064
IntegratedGradients,1:100_subil,GAT,focal_loss,"otro escenario, otra semilla",0.9728861955659116,0.8488529496935194,0.49049773755656106
IntegratedGradients,1:100_subil,GAT,focal_loss,"otro escenario, otra semilla",0.9658273387760317,0.8093678721329506,0.5271034521034521
IntegratedGradients,1:100_subil,GAT,focal_loss,"otro escenario, otra semilla",0.9692179298414295,0.8324237930645458,0.5023199023199023
IntegratedGradients,1:100_subil,GAT,focal_loss,"otro escenario, misma semilla",0.9691930360321116,0.8322501777892559,0.5367826617826618
IntegratedGradients,1:100_subil,TAGCN,none,"mismo escenario, otra semilla",0.9561517935061822,0.7445900963839738,0.42071751777634137
IntegratedGradients,1:100_subil,TAGCN,none,"mismo escenario, otra semilla",0.9594366365258827,0.7625375371765808,0.42315184815184825
IntegratedGradients,1:100_subil,TAGCN,none,"mismo escenario, otra semilla",0.9565976657991982,0.7467680716188438,0.4031656252244488
IntegratedGradients,1:100_subil,TAGCN,none,"otro escenario, misma semilla",0.9617721724986483,0.7808172306816864,0.468939393939394
IntegratedGradients,1:100_subil,TAGCN,none,"otro escenario, otra semilla",0.9586283471006829,0.7608843480706836,0.4341790562378798
IntegratedGradients,1:100_subil,TAGCN,none,"otro escenario, otra semilla",0.9625695917529333,0.784365889803386,0.49689662189662187
IntegratedGradients,1:100_subil,TAGCN,none,"otro escenario, otra semilla",0.9573351825613904,0.7550260557737171,0.43505661005661006
IntegratedGradients,1:100_subil,TAGCN,none,"otro escenario, misma semilla",0.9602633689757147,0.7712105397969987,0.4460622710622711
IntegratedGradients,1:100_subil,TAGCN,none,"otro escenario, otra semilla",0.9585559557151636,0.760061703549404,0.43834433540315904
IntegratedGradients,1:100_subil,TAGCN,none,"otro escenario, otra semilla",0.9592494646715755,0.7644713826517827,0.44892884892884893
IntegratedGradients,1:100_subil,TAGCN,none,"otro escenario, otra semilla",0.9596369874767421,0.7656037352679994,0.4754461225049461
IntegratedGradients,1:100_subil,TAGCN,none,"otro escenario, misma semilla",0.9615419605266882,0.7775410876689178,0.44648064353946715
IntegratedGradients,1:100_subil,TAGCN,class_weighting,"mismo escenario, otra semilla",0.9762142887562747,0.8656877866093197,0.6155733155733156
IntegratedGradients,1:100_subil,TAGCN,class_weighting,"mismo escenario, otra semilla",0.9566845672363898,0.7475020453108523,0.37998814910579615
IntegratedGradients,1:100_subil,TAGCN,class_weighting,"mismo escenario, otra semilla",0.9574907423112059,0.7540278807108616,0.36091898297780656
IntegratedGradients,1:100_subil,TAGCN,class_weighting,"otro escenario, misma semilla",0.9795540612185879,0.8873377047153146,0.6681512931512931
IntegratedGradients,1:100_subil,TAGCN,class_weighting,"otro escenario, otra semilla",0.9721012485816055,0.8469151731292377,0.556077187346537
IntegratedGradients,1:100_subil,TAGCN,class_weighting,"otro escenario, otra semilla",0.9541151883533749,0.7375008658203065,0.36105125811008165
IntegratedGradients,1:100_subil,TAGCN,class_weighting,"otro escenario, otra semilla",0.9748480728049597,0.8578678875620059,0.5605825547002018
IntegratedGradients,1:100_subil,TAGCN,class_weighting,"otro escenario, misma semilla",0.9811079028097748,0.8956975309327275,0.7051448551448551
IntegratedGradients,1:100_subil,TAGCN,class_weighting,"otro escenario, otra semilla",0.9554559825478519,0.7436131894444987,0.3386106669388403
IntegratedGradients,1:100_subil,TAGCN,class_weighting,"otro escenario, otra semilla",0.9572178309388067,0.7495909053771784,0.36577246283128634
IntegratedGradients,1:100_subil,TAGCN,class_weighting,"otro escenario, otra semilla",0.9581598325367701,0.7578197728127977,0.37013754219636574
IntegratedGradients,1:100_subil,TAGCN,class_weighting,"otro escenario, misma semilla",0.9924646792882272,0.9588126203533176,0.8525252525252522
IntegratedGradients,1:100_subil,TAGCN,focal_loss,"mismo escenario, otra semilla",0.9629316318125363,0.7910971529992152,0.38372118078000433
IntegratedGradients,1:100_subil,TAGCN,focal_loss,"mismo escenario, otra semilla",0.9594712221845784,0.7685453436189221,0.4128612128612129
IntegratedGradients,1:100_subil,TAGCN,focal_loss,"mismo escenario, otra semilla",0.9592470486885927,0.7633570479346397,0.47264679764679773
IntegratedGradients,1:100_subil,TAGCN,focal_loss,"otro escenario, misma semilla",0.9786836424909476,0.8808643830768721,0.5467171717171717
IntegratedGradients,1:100_subil,TAGCN,focal_loss,"otro escenario, otra semilla",0.9654651732151877,0.8051451897640703,0.421351455561982
IntegratedGradients,1:100_subil,TAGCN,focal_loss,"otro escenario, otra semilla",0.9619885014490623,0.7836446352508812,0.46596240017292645
IntegratedGradients,1:100_subil,TAGCN,focal_loss,"otro escenario, otra semilla",0.963006501257312,0.7914499697607361,0.4090133722486664
IntegratedGradients,1:100_subil,TAGCN,focal_loss,"otro escenario, misma semilla",0.9741938275279955,0.853644902791707,0.5655788655788656
IntegratedGradients,1:100_subil,TAGCN,focal_loss,"otro escenario, otra semilla",0.9588410914712993,0.7600273224092257,0.42924297924297933
IntegratedGradients,1:100_subil,TAGCN,focal_loss,"otro escenario, otra semilla",0.9655266643118992,0.8064162667625404,0.40662393162393173
IntegratedGradients,1:100_subil,TAGCN,focal_loss,"otro escenario, otra semilla",0.9616310204033526,0.7797949965016356,0.4562715062715063
IntegratedGradients,1:100_subil,TAGCN,focal_loss,"otro escenario, misma semilla",0.9663518768797636,0.8020233715656572,0.4878531599119835
IntegratedGradients,1:200_subil,GCN,none,"mismo escenario, otra semilla",0.95870917955381,0.7624859219552609,0.4123280314456785
IntegratedGradients,1:200_subil,GCN,none,"mismo escenario, otra semilla",0.9549236312379272,0.7451758590196658,0.42224866636631353
IntegratedGradients,1:200_subil,GCN,none,"mismo escenario, otra semilla",0.9552837526159094,0.7488618068402279,0.43485958485958487
IntegratedGradients,1:200_subil,GCN,none,"otro escenario, misma semilla",0.9580069696368535,0.7592014800166569,0.445180636357107
IntegratedGradients,1:200_subil,GCN,none,"otro escenario, otra semilla",0.9589875374984909,0.7655267117138204,0.4615294835883071
IntegratedGradients,1:200_subil,GCN,none,"otro escenario, otra semilla",0.9586219597203,0.7671913442388819,0.49062604062604065
IntegratedGradients,1:200_subil,GCN,none,"otro escenario, otra semilla",0.9584835828012337,0.7576775542369517,0.39607484019248734
IntegratedGradients,1:200_subil,GCN,none,"otro escenario, misma semilla",0.9603042315962708,0.7721544051168953,0.41681929181929184
IntegratedGradients,1:200_subil,GCN,none,"otro escenario, otra semilla",0.958216119900573,0.7642139670432205,0.4400398620986856
IntegratedGradients,1:200_subil,GCN,none,"otro escenario, otra semilla",0.9611013009563121,0.7760707312483033,0.4229902450490686
IntegratedGradients,1:200_subil,GCN,none,"otro escenario, otra semilla",0.9604822885523464,0.7738715669252421,0.42280709486591844
IntegratedGradients,1:200_subil,GCN,none,"otro escenario, misma semilla",0.9614046365190041,0.781810724662518,0.41147741147741157
IntegratedGradients,1:200_subil,GCN,class_weighting,"mismo escenario, otra semilla",0.970561926039188,0.8338448554867678,0.5349178599178598
IntegratedGradients,1:200_subil,GCN,class_weighting,"mismo escenario, otra semilla",0.9521338563673569,0.7240950260304224,0.3830011491776198
IntegratedGradients,1:200_subil,GCN,class_weighting,"mismo escenario, otra semilla",0.9538427468581201,0.7363646342620701,0.4165355885944122
IntegratedGradients,1:200_subil,GCN,class_weighting,"otro escenario, misma semilla",0.9603380716524873,0.7688543591198052,0.3993830243830245
IntegratedGradients,1:200_subil,GCN,class_weighting,"otro escenario, otra semilla",0.956014863012994,0.7438969911472618,0.4177045177045178
IntegratedGradients,1:200_subil,GCN,class_weighting,"otro escenario, otra semilla",0.9571844161466881,0.7543005426736674,0.46411643911643913
IntegratedGradients,1:200_subil,GCN,class_weighting,"otro escenario, otra semilla",0.9573652608588382,0.7562650836241502,0.3963329154505625
IntegratedGradients,1:200_subil,GCN,class_weighting,"otro escenario, misma semilla",0.9538562185857934,0.7370302355687264,0.38969510881275593
IntegratedGradients,1:200_subil,GCN,class_weighting,"otro escenario, otra semilla",0.9566847207182684,0.7520338779861018,0.4531795002383239
IntegratedGradients,1:200_subil,GCN,class_weighting,"otro escenario, otra semilla",0.9574319875244337,0.7571318633241441,0.4650370870959106
IntegratedGradients,1:200_subil,GCN,class_weighting,"otro escenario, otra semilla",0.9570033116659118,0.7544374014866487,0.43137973137973146
IntegratedGradients,1:200_subil,GCN,class_weighting,"otro escenario, misma semilla",0.9565170863218228,0.7520897598664409,0.44447986653869004
IntegratedGradients,1:200_subil,GCN,focal_loss,"mismo escenario, otra semilla",0.9587560753053358,0.7670758973540737,0.4340874811463047
IntegratedGradients,1:200_subil,GCN,focal_loss,"mismo escenario, otra semilla",0.9587469073446635,0.7647995919189431,0.4434281404869641
IntegratedGradients,1:200_subil,GCN,focal_loss,"mismo escenario, otra semilla",0.9663238377553414,0.8069397150459797,0.4964590964590964
IntegratedGradients,1:200_subil,GCN,focal_loss,"otro escenario, misma semilla",0.9628858081879517,0.7890970560256577,0.48145465645465646
IntegratedGradients,1:200_subil,GCN,focal_loss,"otro escenario, otra semilla",0.9618302803976311,0.7787446087561769,0.4663142413142413
IntegratedGradients,1:200_subil,GCN,focal_loss,"otro escenario, otra semilla",0.9593133756527222,0.7656758794834713,0.4024850966027436
IntegratedGradients,1:200_subil,GCN,focal_loss,"otro escenario, otra semilla",0.9587753403155208,0.7659888541471351,0.46338253250017947
IntegratedGradients,1:200_subil,GCN,focal_loss,"otro escenario, misma semilla",0.9718170871379985,0.8366963535641736,0.5934620934620934
IntegratedGradients,1:200_subil,GCN,focal_loss,"otro escenario, otra semilla",0.9649386954773947,0.8005556703325639,0.48464590964590976
IntegratedGradients,1:200_subil,GCN,focal_loss,"otro escenario, otra semilla",0.954488187762145,0.737976328570652,0.4075001795590031
IntegratedGradients,1:200_subil,GCN,focal_loss,"otro escenario, otra semilla",0.9619955883890882,0.7812154078695052,0.5332084582084582
IntegratedGradients,1:200_subil,GCN,focal_loss,"otro escenario, misma semilla",0.974139622184792,0.8525180930140532,0.5442418692418692
IntegratedGradients,1:200_subil,GraphSAGE,none,"mismo escenario, otra semilla",0.9647846844843776,0.7962150717494657,0.42130647130647136
IntegratedGradients,1:200_subil,GraphSAGE,none,"mismo escenario, otra semilla",0.9647085125237119,0.7986919203741834,0.39421411921411925
IntegratedGradients,1:200_subil,GraphSAGE,none,"mismo escenario, otra semilla",0.9639994384879991,0.7924982472510441,0.3917277167277168
IntegratedGradients,1:200_subil,GraphSAGE,none,"otro escenario, misma semilla",0.9677061909595748,0.8150831187825031,0.39085636585636596
IntegratedGradients,1:200_subil,GraphSAGE,none,"otro escenario, otra semilla",0.9661914513693702,0.8053972279482102,0.44865689865689873
IntegratedGradients,1:200_subil,GraphSAGE,none,"otro escenario, otra semilla",0.9617692861120902,0.7786183051457523,0.3706474897651369
IntegratedGradients,1:200_subil,GraphSAGE,none,"otro escenario, otra semilla",0.9640583866524645,0.7931921984426139,0.40463980463980465
IntegratedGradients,1:200_subil,GraphSAGE,none,"otro escenario, misma semilla",0.9610678408687462,0.7753552590168865,0.40729548229548224
IntegratedGradients,1:200_subil,GraphSAGE,none,"otro escenario, otra semilla",0.9616805083416688,0.7797139143640569,0.3590455840455841
IntegratedGradients,1:200_subil,GraphSAGE,none,"otro escenario, otra semilla",0.9680840987071958,0.8191231381993236,0.43805573511455864
IntegratedGradients,1:200_subil,GraphSAGE,none,"otro escenario, otra semilla",0.9622535897966471,0.7849724050094015,0.39600122100122104
IntegratedGradients,1:200_subil,GraphSAGE,none,"otro escenario, misma semilla",0.9628417560980975,0.787030441343298,0.3605221575809811
IntegratedGradients,1:200_subil,GraphSAGE,class_weighting,"mismo escenario, otra semilla",0.9775961678790651,0.871852924136452,0.6312326562326561
IntegratedGradients,1:200_subil,GraphSAGE,class_weighting,"mismo escenario, otra semilla",0.965278490186732,0.8027957617597601,0.4892295612883848
IntegratedGradients,1:200_subil,GraphSAGE,class_weighting,"mismo escenario, otra semilla",0.9631435261422667,0.7909075790362451,0.4848290598290598
IntegratedGradients,1:200_subil,GraphSAGE,class_weighting,"otro escenario, misma semilla",0.9681759793800596,0.8222299496633175,0.5015678765678765
IntegratedGradients,1:200_subil,GraphSAGE,class_weighting,"otro escenario, otra semilla",0.9685746935156053,0.8234590434636456,0.4764790764790765
IntegratedGradients,1:200_subil,GraphSAGE,class_weighting,"otro escenario, otra semilla",0.9596710654156776,0.7717758783037971,0.3675327395915632
IntegratedGradients,1:200_subil,GraphSAGE,class_weighting,"otro escenario, otra semilla",0.9717693468768657,0.8438400060756235,0.49986614692497044
IntegratedGradients,1:200_subil,GraphSAGE,class_weighting,"otro escenario, misma semilla",0.9692194335687679,0.8271018458440544,0.44859704565586916
IntegratedGradients,1:200_subil,GraphSAGE,class_weighting,"otro escenario, otra semilla",0.9618648148625331,0.7834274812948013,0.38716272833919896
IntegratedGradients,1:200_subil,GraphSAGE,class_weighting,"otro escenario, otra semilla",0.9717289940349383,0.8448818781184461,0.4732788453376689
IntegratedGradients,1:200_subil,GraphSAGE,class_weighting,"otro escenario, otra semilla",0.9690720061235498,0.827882128769789,0.44295889295889296
IntegratedGradients,1:200_subil,GraphSAGE,class_weighting,"otro escenario, misma semilla",0.9594375085521992,0.7693875234110635,0.3552742464507171
IntegratedGradients,1:200_subil,GraphSAGE,focal_loss,"mismo escenario, otra semilla",0.9510985619306336,0.7226439858956173,0.4042860734037205
IntegratedGradients,1:200_subil,GraphSAGE,focal_loss,"mismo escenario, otra semilla",0.9563363465450175,0.7522408054788473,0.4520146520146521
IntegratedGradients,1:200_subil,GraphSAGE,focal_loss,"mismo escenario, otra semilla",0.9542741122592215,0.7408293284983573,0.3908119658119658
IntegratedGradients,1:200_subil,GraphSAGE,focal_loss,"otro escenario, misma semilla",0.956452153035524,0.7511735798366916,0.443306040364864
IntegratedGradients,1:200_subil,GraphSAGE,focal_loss,"otro escenario, otra semilla",0.956790963411899,0.7537728430594627,0.4248473748473749
IntegratedGradients,1:200_subil,GraphSAGE,focal_loss,"otro escenario, otra semilla",0.9623788937358585,0.786939435663242,0.47492229992229995
IntegratedGradients,1:200_subil,GraphSAGE,focal_loss,"otro escenario, otra semilla",0.9551015147520158,0.7428262015486252,0.42854090354090363
IntegratedGradients,1:200_subil,GraphSAGE,focal_loss,"otro escenario, misma semilla",0.9541216809394253,0.7390715333740011,0.43288933288933296
IntegratedGradients,1:200_subil,GraphSAGE,focal_loss,"otro escenario, otra semilla",0.9588998840175349,0.7698855073742196,0.411299158357982
IntegratedGradients,1:200_subil,GraphSAGE,focal_loss,"otro escenario, otra semilla",0.959775033075717,0.7690987038052669,0.5037851037851038
IntegratedGradients,1:200_subil,GraphSAGE,focal_loss,"otro escenario, otra semilla",0.9572349569315857,0.7557351935937494,0.4330191050779286
IntegratedGradients,1:200_subil,GraphSAGE,focal_loss,"otro escenario, misma semilla",0.9602945781471867,0.7745515695469263,0.45821613027495384
IntegratedGradients,1:200_subil,GAT,none,"mismo escenario, otra semilla",0.9786873050989213,0.8797891913285507,0.5645909645909646
IntegratedGradients,1:200_subil,GAT,none,"mismo escenario, otra semilla",0.9818954822614071,0.897892187711858,0.5273948273948273
IntegratedGradients,1:200_subil,GAT,none,"mismo escenario, otra semilla",0.9777001588470472,0.8734284295931155,0.5441669441669442
IntegratedGradients,1:200_subil,GAT,none,"otro escenario, misma semilla",0.977820268072685,0.8728177602530364,0.5519813519813519
IntegratedGradients,1:200_subil,GAT,none,"otro escenario, otra semilla",0.9744915963228338,0.8534783318409151,0.5740814740814741
IntegratedGradients,1:200_subil,GAT,none,"otro escenario, otra semilla",0.9740342755786675,0.8501067667676941,0.45805860805860815
IntegratedGradients,1:200_subil,GAT,none,"otro escenario, otra semilla",0.9782288403624423,0.8795800345099466,0.5624042624042623
IntegratedGradients,1:200_subil,GAT,none,"otro escenario, misma semilla",0.9744669196721685,0.858572180060353,0.566144966144966
IntegratedGradients,1:200_subil,GAT,none,"otro escenario, otra semilla",0.9728144842201696,0.8502118230038263,0.5124209124209125
IntegratedGradients,1:200_subil,GAT,none,"otro escenario, otra semilla",0.9764507971176282,0.867695328370705,0.6086330336330337
IntegratedGradients,1:200_subil,GAT,none,"otro escenario, otra semilla",0.9744221535545712,0.8559069286972817,0.5599178599178599
IntegratedGradients,1:200_subil,GAT,none,"otro escenario, misma semilla",0.9812295332306005,0.8971912534717135,0.5926517926517927
IntegratedGradients,1:200_subil,GAT,class_weighting,"mismo escenario, otra semilla",0.9699524960019061,0.8286954027308081,0.44633699633699636
IntegratedGradients,1:200_subil,GAT,class_weighting,"mismo escenario, otra semilla",0.9724060450324161,0.8429962109421797,0.5026862026862026
IntegratedGradients,1:200_subil,GAT,class_weighting,"mismo escenario, otra semilla",0.971989770537656,0.8424094622692968,0.5600171070759306
IntegratedGradients,1:200_subil,GAT,class_weighting,"otro escenario, misma semilla",0.9776548085244307,0.8756603044348238,0.6319562790151027
IntegratedGradients,1:200_subil,GAT,class_weighting,"otro escenario, otra semilla",0.9683470948574038,0.8246682413287502,0.475357322416146
IntegratedGradients,1:200_subil,GAT,class_weighting,"otro escenario, otra semilla",0.9663230191433019,0.8094707868695098,0.5443500943500942
IntegratedGradients,1:200_subil,GAT,class_weighting,"otro escenario, otra semilla",0.9701434780666804,0.8299654407478683,0.4353695324283561
IntegratedGradients,1:200_subil,GAT,class_weighting,"otro escenario, misma semilla",0.9930133254683292,0.9625166525769466,0.8595959595959592
IntegratedGradients,1:200_subil,GAT,class_weighting,"otro escenario, otra semilla",0.971761497201641,0.8402271521100493,0.5261599511599512
IntegratedGradients,1:200_subil,GAT,class_weighting,"otro escenario, otra semilla",0.9687778013904507,0.8220385930814887,0.5063936063936064
IntegratedGradients,1:200_subil,GAT,class_weighting,"otro escenario, otra semilla",0.9703385691269263,0.832075322341071,0.5697496947496946
IntegratedGradients,1:200_subil,GAT,class_weighting,"otro escenario, misma semilla",0.9901611233321878,0.9434724989801244,0.8159285159285158
IntegratedGradients,1:200_subil,GAT,focal_loss,"mismo escenario, otra semilla",0.971069481981695,0.8403750671992168,0.5573093573093574
IntegratedGradients,1:200_subil,GAT,focal_loss,"mismo escenario, otra semilla",0.9767143683855506,0.8688030282078991,0.6861582861582861
IntegratedGradients,1:200_subil,GAT,focal_loss,"mismo escenario, otra semilla",0.9672629069497669,0.8178137001707557,0.4906732156732157
IntegratedGradients,1:200_subil,GAT,focal_loss,"otro escenario, misma semilla",0.9703871503065632,0.8318791837211857,0.5589077589077588
IntegratedGradients,1:200_subil,GAT,focal_loss,"otro escenario, otra semilla",0.9614097748421688,0.7813404679404854,0.4307297277885514
IntegratedGradients,1:200_subil,GAT,focal_loss,"otro escenario, otra semilla",0.9707096122676392,0.8351127224514915,0.5305909776498011
IntegratedGradients,1:200_subil,GAT,focal_loss,"otro escenario, otra semilla",0.9688645253086038,0.8250698556274845,0.5147179617767853
IntegratedGradients,1:200_subil,GAT,focal_loss,"otro escenario, misma semilla",0.9668452218257849,0.8142935029083426,0.4853313353313354
IntegratedGradients,1:200_subil,GAT,focal_loss,"otro escenario, otra semilla",0.9691105435269947,0.8247329441790394,0.49714452214452215
IntegratedGradients,1:200_subil,GAT,focal_loss,"otro escenario, otra semilla",0.9652796102891453,0.8025551857548902,0.5654761904761902
IntegratedGradients,1:200_subil,GAT,focal_loss,"otro escenario, otra semilla",0.9634902817408325,0.7988962334118075,0.49645909645909647
IntegratedGradients,1:200_subil,GAT,focal_loss,"otro escenario, misma semilla",0.9660554611290937,0.8113892762828592,0.5189560439560439
IntegratedGradients,1:200_subil,TAGCN,none,"mismo escenario, otra semilla",0.9561180553042192,0.744526188505066,0.42574647574647584
IntegratedGradients,1:200_subil,TAGCN,none,"mismo escenario, otra semilla",0.9594787853946911,0.7633068783964698,0.4124375624375625
IntegratedGradients,1:200_subil,TAGCN,none,"mismo escenario, otra semilla",0.9564390228008363,0.7461154479788912,0.4074391294979531
IntegratedGradients,1:200_subil,TAGCN,none,"otro escenario, misma semilla",0.9617669587243028,0.7809967071445847,0.46784049284049284
IntegratedGradients,1:200_subil,TAGCN,none,"otro escenario, otra semilla",0.9584439558147121,0.7599140944826233,0.4427260647848883
IntegratedGradients,1:200_subil,TAGCN,none,"otro escenario, otra semilla",0.9626068767414121,0.7848055342770262,0.49689662189662187
IntegratedGradients,1:200_subil,TAGCN,none,"otro escenario, otra semilla",0.957319531640454,0.755180295397198,0.43922188922188926
IntegratedGradients,1:200_subil,TAGCN,none,"otro escenario, misma semilla",0.9601690726383599,0.7706758025365933,0.44728327228327236
IntegratedGradients,1:200_subil,TAGCN,none,"otro escenario, otra semilla",0.9585942854353661,0.7606337544297574,0.43834433540315904
IntegratedGradients,1:200_subil,TAGCN,none,"otro escenario, otra semilla",0.9591132455268075,0.7640094632517748,0.44160561660561665
IntegratedGradients,1:200_subil,TAGCN,none,"otro escenario, otra semilla",0.9595153179495828,0.7649438583537944,0.47405862111744473
IntegratedGradients,1:200_subil,TAGCN,none,"otro escenario, misma semilla",0.9616235756473098,0.778358728395309,0.44648064353946715
IntegratedGradients,1:200_subil,TAGCN,class_weighting,"mismo escenario, otra semilla",0.975049033926016,0.8553551007718625,0.5104673104673104
IntegratedGradients,1:200_subil,TAGCN,class_weighting,"mismo escenario, otra semilla",0.956881513224698,0.7489359058972147,0.35008379420144126
IntegratedGradients,1:200_subil,TAGCN,class_weighting,"mismo escenario, otra semilla",0.9574598107076567,0.7525304111228278,0.3710634681222917
IntegratedGradients,1:200_subil,TAGCN,class_weighting,"otro escenario, misma semilla",0.9701137621688916,0.8336361383446722,0.5237533708121943
IntegratedGradients,1:200_subil,TAGCN,class_weighting,"otro escenario, otra semilla",0.9689332652606012,0.8301085866691048,0.4783962626067889
IntegratedGradients,1:200_subil,TAGCN,class_weighting,"otro escenario, otra semilla",0.953606203695423,0.7359197750930184,0.361185927362398
IntegratedGradients,1:200_subil,TAGCN,class_weighting,"otro escenario, otra semilla",0.9689844066889953,0.8212824778202997,0.4157317627905863
IntegratedGradients,1:200_subil,TAGCN,class_weighting,"otro escenario, misma semilla",0.9747404053848605,0.8578749868765565,0.48460363166245524
IntegratedGradients,1:200_subil,TAGCN,class_weighting,"otro escenario, otra semilla",0.9552908682633957,0.7408852259710194,0.34956675877728505
IntegratedGradients,1:200_subil,TAGCN,class_weighting,"otro escenario, otra semilla",0.9574151028628204,0.7525651885926294,0.33159460365342713
IntegratedGradients,1:200_subil,TAGCN,class_weighting,"otro escenario, otra semilla",0.9575480040107568,0.7546684473776177,0.3539999760587996
IntegratedGradients,1:200_subil,TAGCN,class_weighting,"otro escenario, misma semilla",0.9894861760781876,0.9418606823114607,0.8027972027972026
IntegratedGradients,1:200_subil,TAGCN,focal_loss,"mismo escenario, otra semilla",0.9556992067910727,0.7433569519794254,0.43885836385836396
IntegratedGradients,1:200_subil,TAGCN,focal_loss,"mismo escenario, otra semilla",0.9577716697768822,0.7605226370957539,0.42557589469354173
IntegratedGradients,1:200_subil,TAGCN,focal_loss,"mismo escenario, otra semilla",0.9552657071851961,0.7422800951123246,0.4511294261294262
IntegratedGradients,1:200_subil,TAGCN,focal_loss,"otro escenario, misma semilla",0.9631991939530047,0.7944876957776449,0.4746743996743996
IntegratedGradients,1:200_subil,TAGCN,focal_loss,"otro escenario, otra semilla",0.9564729243763088,0.7494696259987135,0.4375559625559626
IntegratedGradients,1:200_subil,TAGCN,focal_loss,"otro escenario, otra semilla",0.9606337053769298,0.7747296554711675,0.4063617754794226
IntegratedGradients,1:200_subil,TAGCN,focal_loss,"otro escenario, otra semilla",0.958217059971152,0.7645354652203503,0.45555555555555555
IntegratedGradients,1:200_subil,TAGCN,focal_loss,"otro escenario, misma semilla",0.9536161795189171,0.7327779069391543,0.39938052143934505
IntegratedGradients,1:200_subil,TAGCN,focal_loss,"otro escenario, otra semilla",0.9561593646057261,0.7474537451338091,0.42735042735042744
IntegratedGradients,1:200_subil,TAGCN,focal_loss,"otro escenario, otra semilla",0.9585128522094798,0.7624854030044127,0.40662393162393173
IntegratedGradients,1:200_subil,TAGCN,focal_loss,"otro escenario, otra semilla",0.9550419257929516,0.7390976656835146,0.3806381526969762
IntegratedGradients,1:200_subil,TAGCN,focal_loss,"otro escenario, misma semilla",0.9584362107568446,0.7616857088679007,0.40913955325720036
ExpectedGradients,1:10,GCN,none,"mismo escenario, otra semilla",0.7322313137610084,0.4941457603383264,0.29073894515070986
ExpectedGradients,1:10,GCN,none,"mismo escenario, otra semilla",0.7236490864278774,0.4912305209812926,0.2859147932677344
ExpectedGradients,1:10,GCN,none,"mismo escenario, otra semilla",0.7786827725637278,0.5635329762239184,0.2924800689506572
ExpectedGradients,1:10,GCN,none,"otro escenario, misma semilla",0.7339895242060165,0.49243195406715856,0.18841942084976138
ExpectedGradients,1:10,GCN,none,"otro escenario, otra semilla",0.7218047000886346,0.44529190755372644,0.24442110177404294
ExpectedGradients,1:10,GCN,none,"otro escenario, otra semilla",0.7505142115449778,0.5133449987418488,0.19180999885334246
ExpectedGradients,1:10,GCN,none,"otro escenario, otra semilla",0.7574123437935416,0.5847245098792475,0.28572805190452244
ExpectedGradients,1:10,GCN,none,"otro escenario, misma semilla",0.8540114917331387,0.7208329026990457,0.42438052143934507
ExpectedGradients,1:10,GCN,none,"otro escenario, otra semilla",0.7827152426335136,0.5716560525563433,0.2643695084871555
ExpectedGradients,1:10,GCN,none,"otro escenario, otra semilla",0.7444439971991353,0.5012455220553753,0.25379118358994524
ExpectedGradients,1:10,GCN,none,"otro escenario, otra semilla",0.7797763937602327,0.5587481168064408,0.2692458269857651
ExpectedGradients,1:10,GCN,none,"otro escenario, misma semilla",0.8268003415251725,0.7082626082251156,0.49653402153402154
ExpectedGradients,1:10,GCN,class_weighting,"mismo escenario, otra semilla",0.8106709138540481,0.6528185527563974,0.44657221863104213
ExpectedGradients,1:10,GCN,class_weighting,"mismo escenario, otra semilla",0.6599131335298937,0.3909397719950422,0.23489688272970002
ExpectedGradients,1:10,GCN,class_weighting,"mismo escenario, otra semilla",0.669709414422647,0.4244303747084671,0.199890658017593
ExpectedGradients,1:10,GCN,class_weighting,"otro escenario, misma semilla",0.693298938450664,0.4346534728570346,0.2503465488759606
ExpectedGradients,1:10,GCN,class_weighting,"otro escenario, otra semilla",0.6836741045083605,0.4449236335488972,0.1988201713433911
ExpectedGradients,1:10,GCN,class_weighting,"otro escenario, otra semilla",0.7217292207392408,0.49016134705196424,0.20940448154070437
ExpectedGradients,1:10,GCN,class_weighting,"otro escenario, otra semilla",0.7018888995474921,0.4295511643072313,0.24681771044000142
ExpectedGradients,1:10,GCN,class_weighting,"otro escenario, misma semilla",0.692627030888231,0.4067589615268317,0.2163509263354464
ExpectedGradients,1:10,GCN,class_weighting,"otro escenario, otra semilla",0.7297220645399513,0.5226206121622409,0.16953740560551706
ExpectedGradients,1:10,GCN,class_weighting,"otro escenario, otra semilla",0.6863591504357028,0.398050447296096,0.19922109194555018
ExpectedGradients,1:10,GCN,class_weighting,"otro escenario, otra semilla",0.6935118065155395,0.41059864391079176,0.18200607728471502
ExpectedGradients,1:10,GCN,class_weighting,"otro escenario, misma semilla",0.7482740716841185,0.5640245086738467,0.19301235113928614
ExpectedGradients,1:10,GCN,focal_loss,"mismo escenario, otra semilla",0.7232348313505536,0.42580415580132736,0.23600595883877615
ExpectedGradients,1:10,GCN,focal_loss,"mismo escenario, otra semilla",0.705735769856081,0.42874997908411144,0.18848305404032953
ExpectedGradients,1:10,GCN,focal_loss,"mismo escenario, otra semilla",0.7308825505602327,0.4485294312739295,0.1636779858142087
ExpectedGradients,1:10,GCN,focal_loss,"otro escenario, misma semilla",0.8993937238761399,0.832190692488739,0.5995088245088245
ExpectedGradients,1:10,GCN,focal_loss,"otro escenario, otra semilla",0.7294810318222232,0.4260173874377357,0.21868150769079564
ExpectedGradients,1:10,GCN,focal_loss,"otro escenario, otra semilla",0.7148512105167025,0.4503445736547256,0.17795550968925586
ExpectedGradients,1:10,GCN,focal_loss,"otro escenario, otra semilla",0.7433810395720652,0.49953653742664916,0.2815012329718211
ExpectedGradients,1:10,GCN,focal_loss,"otro escenario, misma semilla",0.7729499022390763,0.5157969648819241,0.26647034882328996
ExpectedGradients,1:10,GCN,focal_loss,"otro escenario, otra semilla",0.7664188234092825,0.5682553161347594,0.20109628646780348
ExpectedGradients,1:10,GCN,focal_loss,"otro escenario, otra semilla",0.7333895015540608,0.48491158253734806,0.21468033457197544
ExpectedGradients,1:10,GCN,focal_loss,"otro escenario, otra semilla",0.7527313787109641,0.47353294820288644,0.18482644519796218
ExpectedGradients,1:10,GCN,focal_loss,"otro escenario, misma semilla",0.907348006542335,0.8400720986691496,0.66983016983017
ExpectedGradients,1:10,GraphSAGE,none,"mismo escenario, otra semilla",0.8237563677508686,0.7351032645792681,0.3475670700128905
ExpectedGradients,1:10,GraphSAGE,none,"mismo escenario, otra semilla",0.8162235050379576,0.7036298399541994,0.39379563791328503
ExpectedGradients,1:10,GraphSAGE,none,"mismo escenario, otra semilla",0.8244351408430842,0.6563298965670898,0.3623662285426991
ExpectedGradients,1:10,GraphSAGE,none,"otro escenario, misma semilla",0.8063446909173488,0.7521036677151779,0.483882783882784
ExpectedGradients,1:10,GraphSAGE,none,"otro escenario, otra semilla",0.7907677744825654,0.6565575111417146,0.3929433311786254
ExpectedGradients,1:10,GraphSAGE,none,"otro escenario, otra semilla",0.7807248475119452,0.5933701788147637,0.4395460748401924
ExpectedGradients,1:10,GraphSAGE,none,"otro escenario, otra semilla",0.737124058211035,0.6318709153138418,0.2821465428276574
ExpectedGradients,1:10,GraphSAGE,none,"otro escenario, misma semilla",0.8128826608208288,0.7048252461801209,0.35258026287438055
ExpectedGradients,1:10,GraphSAGE,none,"otro escenario, otra semilla",0.7528599442521247,0.5547635077397196,0.34480535804065215
ExpectedGradients,1:10,GraphSAGE,none,"otro escenario, otra semilla",0.7606731115039691,0.6374637285005169,0.2757296080825492
ExpectedGradients,1:10,GraphSAGE,none,"otro escenario, otra semilla",0.7753727969567878,0.5760561948220089,0.2957187148363618
ExpectedGradients,1:10,GraphSAGE,none,"otro escenario, misma semilla",0.8490877300628725,0.7614780847823234,0.5119963369963371
ExpectedGradients,1:10,GraphSAGE,class_weighting,"mismo escenario, otra semilla",0.8502520335048965,0.7533170612937742,0.40848595848595853
ExpectedGradients,1:10,GraphSAGE,class_weighting,"mismo escenario, otra semilla",0.8567015680411829,0.7717583591072397,0.4696414696414697
ExpectedGradients,1:10,GraphSAGE,class_weighting,"mismo escenario, otra semilla",0.8686952790534967,0.8181796353006511,0.5617160617160617
ExpectedGradients,1:10,GraphSAGE,class_weighting,"otro escenario, misma semilla",0.9453648731819492,0.9211841650557822,0.7804861804861802
ExpectedGradients,1:10,GraphSAGE,class_weighting,"otro escenario, otra semilla",0.8515041313518721,0.7455584077971946,0.41874726580608945
ExpectedGradients,1:10,GraphSAGE,class_weighting,"otro escenario, otra semilla",0.8563958549184363,0.7722445176010201,0.45150960150960157
ExpectedGradients,1:10,GraphSAGE,class_weighting,"otro escenario, otra semilla",0.8536856719598362,0.7602712232788235,0.3950459671047907
ExpectedGradients,1:10,GraphSAGE,class_weighting,"otro escenario, misma semilla",0.9714390386433143,0.9672255124645502,0.7822732822732823
ExpectedGradients,1:10,GraphSAGE,class_weighting,"otro escenario, otra semilla",0.870703630287308,0.823435352110844,0.5454656454656454
ExpectedGradients,1:10,GraphSAGE,class_weighting,"otro escenario, otra semilla",0.8537514422249894,0.7730383723875217,0.4737484737484738
ExpectedGradients,1:10,GraphSAGE,class_weighting,"otro escenario, otra semilla",0.8704912840976934,0.8127970168456581,0.5803973803973804
ExpectedGradients,1:10,GraphSAGE,class_weighting,"otro escenario, misma semilla",0.9658402332933461,0.9602882773582491,0.7273504273504273
ExpectedGradients,1:10,GraphSAGE,focal_loss,"mismo escenario, otra semilla",0.7455265975939028,0.537285873015155,0.26825217266393736
ExpectedGradients,1:10,GraphSAGE,focal_loss,"mismo escenario, otra semilla",0.782307082980947,0.5913093688039349,0.2927524001053412
ExpectedGradients,1:10,GraphSAGE,focal_loss,"mismo escenario, otra semilla",0.8015496802429583,0.6424978684426284,0.31916861661443696
ExpectedGradients,1:10,GraphSAGE,focal_loss,"otro escenario, misma semilla",0.7052246320758397,0.4470854010763494,0.2105798054714463
ExpectedGradients,1:10,GraphSAGE,focal_loss,"otro escenario, otra semilla",0.7482855591955875,0.5721018966948771,0.2979380641145346
ExpectedGradients,1:10,GraphSAGE,focal_loss,"otro escenario, otra semilla",0.7399489297087605,0.543925013661319,0.26494529435705905
ExpectedGradients,1:10,GraphSAGE,focal_loss,"otro escenario, otra semilla",0.702431343294401,0.4690465227628927,0.21801235113928613
ExpectedGradients,1:10,GraphSAGE,focal_loss,"otro escenario, misma semilla",0.7520989638016984,0.5777852870226232,0.26048863990040455
ExpectedGradients,1:10,GraphSAGE,focal_loss,"otro escenario, otra semilla",0.7333117098927228,0.5534962710004925,0.3065790418731595
ExpectedGradients,1:10,GraphSAGE,focal_loss,"otro escenario, otra semilla",0.7158994918103883,0.44401093043975914,0.24930898135232496
ExpectedGradients,1:10,GraphSAGE,focal_loss,"otro escenario, otra semilla",0.7520562570987318,0.5274259197309438,0.26581445443674545
ExpectedGradients,1:10,GraphSAGE,focal_loss,"otro escenario, misma semilla",0.7252239864265644,0.48363543676720844,0.2541473089460705
ExpectedGradients,1:10,GAT,none,"mismo escenario, otra semilla",0.7384754198013037,0.5003637630835374,0.2303162380561761
ExpectedGradients,1:10,GAT,none,"mismo escenario, otra semilla",0.8277524880449056,0.7169164805335629,0.4066556537144773
ExpectedGradients,1:10,GAT,none,"mismo escenario, otra semilla",0.7325359877989103,0.5127508450598506,0.24041762903992
ExpectedGradients,1:10,GAT,none,"otro escenario, misma semilla",0.7727655439446844,0.5655008630537222,0.34888553712083126
ExpectedGradients,1:10,GAT,none,"otro escenario, otra semilla",0.7897104699110609,0.577413888865743,0.40271144977027334
ExpectedGradients,1:10,GAT,none,"otro escenario, otra semilla",0.7417195106451946,0.5414766861614819,0.2725178960473078
ExpectedGradients,1:10,GAT,none,"otro escenario, otra semilla",0.7449049892599162,0.4644228943547643,0.2070142676953822
ExpectedGradients,1:10,GAT,none,"otro escenario, misma semilla",0.8112778897853962,0.5762750968356635,0.4310044530632766
ExpectedGradients,1:10,GAT,none,"otro escenario, otra semilla",0.7229747801555213,0.4627661240657466,0.23178493619670082
ExpectedGradients,1:10,GAT,none,"otro escenario, otra semilla",0.6989437696175594,0.4480883967443947,0.18872753779874524
ExpectedGradients,1:10,GAT,none,"otro escenario, otra semilla",0.7144880513940775,0.4576318705392141,0.24586434663834045
ExpectedGradients,1:10,GAT,none,"otro escenario, misma semilla",0.6683051321602849,0.4129107562387723,0.1876776216559498
ExpectedGradients,1:10,GAT,class_weighting,"mismo escenario, otra semilla",0.7266495586778227,0.549995853179517,0.33796775120304534
ExpectedGradients,1:10,GAT,class_weighting,"mismo escenario, otra semilla",0.7371110386741369,0.5671169450721979,0.39385260708790126
ExpectedGradients,1:10,GAT,class_weighting,"mismo escenario, otra semilla",0.8002570735793486,0.5972012011044163,0.43471952883717596
ExpectedGradients,1:10,GAT,class_weighting,"otro escenario, misma semilla",0.9851111904002983,0.9872027367881597,0.923232323232323
ExpectedGradients,1:10,GAT,class_weighting,"otro escenario, otra semilla",0.7264688216108985,0.5426112263365607,0.34326653738418444
ExpectedGradients,1:10,GAT,class_weighting,"otro escenario, otra semilla",0.7353684704320007,0.5679862080646385,0.41601258218905285
ExpectedGradients,1:10,GAT,class_weighting,"otro escenario, otra semilla",0.7293964919143001,0.5477976302078834,0.3400626062390769
ExpectedGradients,1:10,GAT,class_weighting,"otro escenario, misma semilla",0.9922913545472551,0.9913067762569692,0.9343434343434341
ExpectedGradients,1:10,GAT,class_weighting,"otro escenario, otra semilla",0.8011504600658722,0.5932046595018069,0.4339043309631546
ExpectedGradients,1:10,GAT,class_weighting,"otro escenario, otra semilla",0.7353924465787152,0.5666817009634271,0.39203008320655386
ExpectedGradients,1:10,GAT,class_weighting,"otro escenario, otra semilla",0.8029662997338856,0.6048126370109868,0.4389930331106803
ExpectedGradients,1:10,GAT,class_weighting,"otro escenario, misma semilla",0.990959062517518,0.990046589357023,0.9454545454545453
ExpectedGradients,1:10,GAT,focal_loss,"mismo escenario, otra semilla",0.7373469086213106,0.42032125765182937,0.2657760540113481
ExpectedGradients,1:10,GAT,focal_loss,"mismo escenario, otra semilla",0.7525574465244279,0.4780968451198569,0.303279944456415
ExpectedGradients,1:10,GAT,focal_loss,"mismo escenario, otra semilla",0.7368069061812199,0.4934961977225018,0.21436090855595497
ExpectedGradients,1:10,GAT,focal_loss,"otro escenario, misma semilla",0.7364720375100233,0.42243809715110775,0.3186591730709377
ExpectedGradients,1:10,GAT,focal_loss,"otro escenario, otra semilla",0.7511343168074767,0.49780048607119076,0.26438875595222344
ExpectedGradients,1:10,GAT,focal_loss,"otro escenario, otra semilla",0.783095752071798,0.5518223796117988,0.3319777573647543
ExpectedGradients,1:10,GAT,focal_loss,"otro escenario, otra semilla",0.7372927447149171,0.4726453567654275,0.30643120496061665
ExpectedGradients,1:10,GAT,focal_loss,"otro escenario, misma semilla",0.7643441516042905,0.5319193959553403,0.2587764345504283
ExpectedGradients,1:10,GAT,focal_loss,"otro escenario, otra semilla",0.7441826550603114,0.4971663323847595,0.2910250424956307
ExpectedGradients,1:10,GAT,focal_loss,"otro escenario, otra semilla",0.7216506682151248,0.43394358237074104,0.25936041083099903
ExpectedGradients,1:10,GAT,focal_loss,"otro escenario, otra semilla",0.7279055951210831,0.4294660379503864,0.2782212885154061
ExpectedGradients,1:10,GAT,focal_loss,"otro escenario, misma semilla",0.7254692514048725,0.4699382785740788,0.23816167492638085
ExpectedGradients,1:10,TAGCN,none,"mismo escenario, otra semilla",0.7929277666382276,0.6580080327201776,0.33360815311279696
ExpectedGradients,1:10,TAGCN,none,"mismo escenario, otra semilla",0.8129926453109741,0.6847562273213855,0.4243104934281405
ExpectedGradients,1:10,TAGCN,none,"mismo escenario, otra semilla",0.8104469338789028,0.6751009739384931,0.39142246642246653
ExpectedGradients,1:10,TAGCN,none,"otro escenario, misma semilla",0.7515076087388112,0.575353964965492,0.35225107136871847
ExpectedGradients,1:10,TAGCN,none,"otro escenario, otra semilla",0.7777544423247175,0.6142976722184418,0.31534092269386377
ExpectedGradients,1:10,TAGCN,none,"otro escenario, otra semilla",0.7487595234857741,0.5480045559029307,0.32338935574229694
ExpectedGradients,1:10,TAGCN,none,"otro escenario, otra semilla",0.6958445616305912,0.48566017843866327,0.27256278579807985
ExpectedGradients,1:10,TAGCN,none,"otro escenario, misma semilla",0.808732909373089,0.6709262993163051,0.34401948813713523
ExpectedGradients,1:10,TAGCN,none,"otro escenario, otra semilla",0.7175943227924148,0.5368584787221358,0.3073511455864397
ExpectedGradients,1:10,TAGCN,none,"otro escenario, otra semilla",0.7180706392023598,0.5341569122848552,0.29445641504465037
ExpectedGradients,1:10,TAGCN,none,"otro escenario, otra semilla",0.7509679341914759,0.5639171323877078,0.31216392539921944
ExpectedGradients,1:10,TAGCN,none,"otro escenario, misma semilla",0.7873103088184871,0.6866959849087695,0.44441881647764003
ExpectedGradients,1:10,TAGCN,class_weighting,"mismo escenario, otra semilla",0.790424521675309,0.6616602201990284,0.4460622710622711
ExpectedGradients,1:10,TAGCN,class_weighting,"mismo escenario, otra semilla",0.6530388028475411,0.3958849704368005,0.18705505594050484
ExpectedGradients,1:10,TAGCN,class_weighting,"mismo escenario, otra semilla",0.6522466330708786,0.3704342758470146,0.16175610595115242
ExpectedGradients,1:10,TAGCN,class_weighting,"otro escenario, misma semilla",0.9319783002119998,0.8983372322365433,0.6982794982794984
ExpectedGradients,1:10,TAGCN,class_weighting,"otro escenario, otra semilla",0.7724778208229094,0.6378697166922425,0.4423292393880629
ExpectedGradients,1:10,TAGCN,class_weighting,"otro escenario, otra semilla",0.6433107247917632,0.3880758789509293,0.18993070912575555
ExpectedGradients,1:10,TAGCN,class_weighting,"otro escenario, otra semilla",0.7920795566174245,0.6558402291355043,0.4284188034188034
ExpectedGradients,1:10,TAGCN,class_weighting,"otro escenario, misma semilla",0.9413149290089938,0.9125691302855059,0.6824952824952825
ExpectedGradients,1:10,TAGCN,class_weighting,"otro escenario, otra semilla",0.6538770680707346,0.3754482636572892,0.1623896342162596
ExpectedGradients,1:10,TAGCN,class_weighting,"otro escenario, otra semilla",0.6540981859311639,0.3988309187413961,0.1818262977705702
ExpectedGradients,1:10,TAGCN,class_weighting,"otro escenario, otra semilla",0.6522026418004445,0.372608158965957,0.15957745671367965
ExpectedGradients,1:10,TAGCN,class_weighting,"otro escenario, misma semilla",0.9952388448083683,0.9945195854888323,0.9404040404040401
ExpectedGradients,1:10,TAGCN,focal_loss,"mismo escenario, otra semilla",0.7769776091571916,0.6212284312625488,0.41574933780816126
ExpectedGradients,1:10,TAGCN,focal_loss,"mismo escenario, otra semilla",0.7851641406708183,0.6038593321965716,0.3868066029830735
ExpectedGradients,1:10,TAGCN,focal_loss,"mismo escenario, otra semilla",0.800687025017656,0.6747793257383192,0.4205820581207578
ExpectedGradients,1:10,TAGCN,focal_loss,"otro escenario, misma semilla",0.7480183919723422,0.5725785092281118,0.3182756098390774
ExpectedGradients,1:10,TAGCN,focal_loss,"otro escenario, otra semilla",0.7552174448042134,0.6139834408122069,0.35002583129518106
ExpectedGradients,1:10,TAGCN,focal_loss,"otro escenario, otra semilla",0.7851728677120756,0.6087431857802131,0.34197431109195814
ExpectedGradients,1:10,TAGCN,focal_loss,"otro escenario, otra semilla",0.7186649962713898,0.4752627226248955,0.314159424453542
ExpectedGradients,1:10,TAGCN,focal_loss,"otro escenario, misma semilla",0.7282033141008062,0.5076120742715992,0.3354360637642371
ExpectedGradients,1:10,TAGCN,focal_loss,"otro escenario, otra semilla",0.7206627982493309,0.49003111269999117,0.2461618160534569
ExpectedGradients,1:10,TAGCN,focal_loss,"otro escenario, otra semilla",0.7267185449588179,0.5269429889153229,0.3247463320992732
ExpectedGradients,1:10,TAGCN,focal_loss,"otro escenario, otra semilla",0.7617898380841014,0.5982729909249408,0.3559140750317221
ExpectedGradients,1:10,TAGCN,focal_loss,"otro escenario, misma semilla",0.7608342360173707,0.5589626601830203,0.29788958318370085
ExpectedGradients,1:10_os,GCN,none,"mismo escenario, otra semilla",0.7314158555819515,0.5023181548957188,0.29467427996839757
ExpectedGradients,1:10_os,GCN,none,"mismo escenario, otra semilla",0.7247552430525419,0.4964691951067967,0.27334865570159683
ExpectedGradients,1:10_os,GCN,none,"mismo escenario, otra semilla",0.7782190711840314,0.5561546604530158,0.2723527017644665
ExpectedGradients,1:10_os,GCN,none,"otro escenario, misma semilla",0.7332078027548868,0.4948326591695246,0.18841942084976143
ExpectedGradients,1:10_os,GCN,none,"otro escenario, otra semilla",0.7203217773587554,0.44415095854002434,0.2503034547152194
ExpectedGradients,1:10_os,GCN,none,"otro escenario, otra semilla",0.7504560440361668,0.5134404450229011,0.17837977296181626
ExpectedGradients,1:10_os,GCN,none,"otro escenario, otra semilla",0.7572150640573397,0.5857538247478133,0.284377862706036
ExpectedGradients,1:10_os,GCN,none,"otro escenario, misma semilla",0.8543087186861874,0.7265686326611381,0.4286755727932199
ExpectedGradients,1:10_os,GCN,none,"otro escenario, otra semilla",0.7828236168930753,0.5706685896207072,0.25659230403812444
ExpectedGradients,1:10_os,GCN,none,"otro escenario, otra semilla",0.7430766665024521,0.5032696536314812,0.24605697879691685
ExpectedGradients,1:10_os,GCN,none,"otro escenario, otra semilla",0.7805358869658057,0.5595990003208858,0.2636202434190051
ExpectedGradients,1:10_os,GCN,none,"otro escenario, misma semilla",0.8315257442791867,0.7173725946502848,0.47622100122100125
ExpectedGradients,1:10_os,GCN,class_weighting,"mismo escenario, otra semilla",0.8093643798844002,0.6626414263951351,0.4716434437022673
ExpectedGradients,1:10_os,GCN,class_weighting,"mismo escenario, otra semilla",0.6687267863698079,0.4088416110138443,0.21951037725031533
ExpectedGradients,1:10_os,GCN,class_weighting,"mismo escenario, otra semilla",0.6626142479947975,0.42276232223270177,0.2061157796451914
ExpectedGradients,1:10_os,GCN,class_weighting,"otro escenario, misma semilla",0.6893081671715262,0.4274081223073034,0.2285578513906687
ExpectedGradients,1:10_os,GCN,class_weighting,"otro escenario, otra semilla",0.6765930692101111,0.45108762544392894,0.2107276423839891
ExpectedGradients,1:10_os,GCN,class_weighting,"otro escenario, otra semilla",0.7232083717075443,0.4903074169104223,0.21503006510746445
ExpectedGradients,1:10_os,GCN,class_weighting,"otro escenario, otra semilla",0.7004821568525331,0.4264997501775078,0.2209731845954756
ExpectedGradients,1:10_os,GCN,class_weighting,"otro escenario, misma semilla",0.6863208902282575,0.4111589550884087,0.22699559355906102
ExpectedGradients,1:10_os,GCN,class_weighting,"otro escenario, otra semilla",0.7298935970139155,0.5209845679132421,0.16953740560551706
ExpectedGradients,1:10_os,GCN,class_weighting,"otro escenario, otra semilla",0.6835021417980419,0.38920491210533487,0.17792070044392025
ExpectedGradients,1:10_os,GCN,class_weighting,"otro escenario, otra semilla",0.6784904340991323,0.3919115213554805,0.19174595614224102
ExpectedGradients,1:10_os,GCN,class_weighting,"otro escenario, misma semilla",0.750252648982723,0.564961146469799,0.1932846822939702
ExpectedGradients,1:10_os,GCN,focal_loss,"mismo escenario, otra semilla",0.7033484059917974,0.42871787392046573,0.24467787114845935
ExpectedGradients,1:10_os,GCN,focal_loss,"mismo escenario, otra semilla",0.7076601791856274,0.43297754807006683,0.18330425737546474
ExpectedGradients,1:10_os,GCN,focal_loss,"mismo escenario, otra semilla",0.7405859816815148,0.5055316836420036,0.17844980097302074
ExpectedGradients,1:10_os,GCN,focal_loss,"otro escenario, misma semilla",0.9078693438642577,0.8486490296430875,0.616935841935842
ExpectedGradients,1:10_os,GCN,focal_loss,"otro escenario, otra semilla",0.7032756939986334,0.435023601737426,0.2238328664799253
ExpectedGradients,1:10_os,GCN,focal_loss,"otro escenario, otra semilla",0.7166200905910566,0.45299512584387686,0.17795550968925586
ExpectedGradients,1:10_os,GCN,focal_loss,"otro escenario, otra semilla",0.7448744077666994,0.5017012867768263,0.2867413632119514
ExpectedGradients,1:10_os,GCN,focal_loss,"otro escenario, misma semilla",0.8259504201381526,0.6693368720644864,0.4508457229045464
ExpectedGradients,1:10_os,GCN,focal_loss,"otro escenario, otra semilla",0.7673973180506145,0.5690641702509268,0.1985908398447098
ExpectedGradients,1:10_os,GCN,focal_loss,"otro escenario, otra semilla",0.7339469781174273,0.48673443411767453,0.20414869501556807
ExpectedGradients,1:10_os,GCN,focal_loss,"otro escenario, otra semilla",0.7617020568321634,0.5303359636396435,0.18896178354382684
ExpectedGradients,1:10_os,GCN,focal_loss,"otro escenario, misma semilla",0.9084279925769044,0.8422441513494088,0.6581085581085583
ExpectedGradients,1:10_os,GraphSAGE,none,"mismo escenario, otra semilla",0.8406086397230094,0.7396357013151588,0.4103300294476765
ExpectedGradients,1:10_os,GraphSAGE,none,"mismo escenario, otra semilla",0.8356294855351843,0.6961739407056485,0.47330316742081446
ExpectedGradients,1:10_os,GraphSAGE,none,"mismo escenario, otra semilla",0.8223113373984248,0.6701245594241649,0.38116725322607675
ExpectedGradients,1:10_os,GraphSAGE,none,"otro escenario, misma semilla",0.8540002920915061,0.7906241126984256,0.5963036963036962
ExpectedGradients,1:10_os,GraphSAGE,none,"otro escenario, otra semilla",0.7926452261932319,0.661583455138296,0.40007481625128694
ExpectedGradients,1:10_os,GraphSAGE,none,"otro escenario, otra semilla",0.7762329498957053,0.594148511573121,0.4269877181641887
ExpectedGradients,1:10_os,GraphSAGE,none,"otro escenario, otra semilla",0.7886728736577607,0.6530479363490876,0.38937728937728944
ExpectedGradients,1:10_os,GraphSAGE,none,"otro escenario, misma semilla",0.8046920012331428,0.6854625229512815,0.3507416731874936
ExpectedGradients,1:10_os,GraphSAGE,none,"otro escenario, otra semilla",0.7507598816172686,0.5582871634025355,0.36125595537360244
ExpectedGradients,1:10_os,GraphSAGE,none,"otro escenario, otra semilla",0.7959735663764712,0.6339893041323598,0.34017094017094013
ExpectedGradients,1:10_os,GraphSAGE,none,"otro escenario, otra semilla",0.7850414575596033,0.6009814539692264,0.30600684718331767
ExpectedGradients,1:10_os,GraphSAGE,none,"otro escenario, misma semilla",0.8499785581664664,0.7609840108399606,0.4991896991896993
ExpectedGradients,1:10_os,GraphSAGE,class_weighting,"mismo escenario, otra semilla",0.8632120458844516,0.7957381647327524,0.49933334639216986
ExpectedGradients,1:10_os,GraphSAGE,class_weighting,"mismo escenario, otra semilla",0.8672900391175304,0.8158222888869562,0.48871961371961364
ExpectedGradients,1:10_os,GraphSAGE,class_weighting,"mismo escenario, otra semilla",0.8718809098954732,0.8366252811822527,0.6048618048618047
ExpectedGradients,1:10_os,GraphSAGE,class_weighting,"otro escenario, misma semilla",0.9079011075100926,0.8684548237071099,0.6296481296481297
ExpectedGradients,1:10_os,GraphSAGE,class_weighting,"otro escenario, otra semilla",0.8367983984493514,0.7372487096297458,0.4173431144019379
ExpectedGradients,1:10_os,GraphSAGE,class_weighting,"otro escenario, otra semilla",0.8508776433242292,0.7698691164624313,0.39878389584271934
ExpectedGradients,1:10_os,GraphSAGE,class_weighting,"otro escenario, otra semilla",0.8617439255271677,0.785578440015899,0.4600566100566101
ExpectedGradients,1:10_os,GraphSAGE,class_weighting,"otro escenario, misma semilla",0.9531021820855621,0.9504378329751412,0.7791535262123495
ExpectedGradients,1:10_os,GraphSAGE,class_weighting,"otro escenario, otra semilla",0.8700731437032826,0.8204450828209556,0.5755883005883006
ExpectedGradients,1:10_os,GraphSAGE,class_weighting,"otro escenario, otra semilla",0.8636571589724067,0.8079506791618183,0.5041958041958041
ExpectedGradients,1:10_os,GraphSAGE,class_weighting,"otro escenario, otra semilla",0.8665294019097562,0.8251113146813474,0.5888999888999888
ExpectedGradients,1:10_os,GraphSAGE,class_weighting,"otro escenario, misma semilla",0.9518407456210115,0.9442987111000605,0.7164724164724164
ExpectedGradients,1:10_os,GraphSAGE,focal_loss,"mismo escenario, otra semilla",0.8314116423336605,0.6761746371490498,0.3901465092641564
ExpectedGradients,1:10_os,GraphSAGE,focal_loss,"mismo escenario, otra semilla",0.7901551441475209,0.5871346656990266,0.37770894682659395
ExpectedGradients,1:10_os,GraphSAGE,focal_loss,"mismo escenario, otra semilla",0.8278263694868918,0.7031324314502776,0.4471660692248927
ExpectedGradients,1:10_os,GraphSAGE,focal_loss,"otro escenario, misma semilla",0.7374618503410891,0.5310606835255276,0.23928539926991937
ExpectedGradients,1:10_os,GraphSAGE,focal_loss,"otro escenario, otra semilla",0.7214623005027815,0.5202402565257841,0.24905082590841104
ExpectedGradients,1:10_os,GraphSAGE,focal_loss,"otro escenario, otra semilla",0.7272892763555282,0.5078717674180256,0.24921791028602175
ExpectedGradients,1:10_os,GraphSAGE,focal_loss,"otro escenario, otra semilla",0.7262279732547263,0.5281514291825853,0.2546900811606694
ExpectedGradients,1:10_os,GraphSAGE,focal_loss,"otro escenario, misma semilla",0.7194831739851664,0.5210865438118112,0.23763985126214227
ExpectedGradients,1:10_os,GraphSAGE,focal_loss,"otro escenario, otra semilla",0.7201904134791431,0.5125195328565033,0.2611715626421509
ExpectedGradients,1:10_os,GraphSAGE,focal_loss,"otro escenario, otra semilla",0.7143386499201181,0.43812084684513314,0.27721355298754674
ExpectedGradients,1:10_os,GraphSAGE,focal_loss,"otro escenario, otra semilla",0.717768804196803,0.4791451020662253,0.2633364456893868
ExpectedGradients,1:10_os,GraphSAGE,focal_loss,"otro escenario, misma semilla",0.7290554918381719,0.4812618241277417,0.2606850522485197
ExpectedGradients,1:10_os,GAT,none,"mismo escenario, otra semilla",0.7419199281973803,0.5056489690554172,0.22615894310940748
ExpectedGradients,1:10_os,GAT,none,"mismo escenario, otra semilla",0.7995982189771559,0.6468430328776725,0.2843352725705666
ExpectedGradients,1:10_os,GAT,none,"mismo escenario, otra semilla",0.7893141087522271,0.5646917834726658,0.36788886494768847
ExpectedGradients,1:10_os,GAT,none,"otro escenario, misma semilla",0.77016967213016,0.5697541509866115,0.3410914793267734
ExpectedGradients,1:10_os,GAT,none,"otro escenario, otra semilla",0.7876248331954404,0.5727980213550866,0.40856636483571473
ExpectedGradients,1:10_os,GAT,none,"otro escenario, otra semilla",0.8300706324865845,0.6578360657567941,0.4336691086691087
ExpectedGradients,1:10_os,GAT,none,"otro escenario, otra semilla",0.7443805271329904,0.46032732276827976,0.20505168779162586
ExpectedGradients,1:10_os,GAT,none,"otro escenario, misma semilla",0.8094262134011433,0.574878574792858,0.4010300701477173
ExpectedGradients,1:10_os,GAT,none,"otro escenario, otra semilla",0.8059087468321718,0.5695972645926638,0.3551689051689052
ExpectedGradients,1:10_os,GAT,none,"otro escenario, otra semilla",0.697734889291376,0.44712221621234194,0.1801218733107278
ExpectedGradients,1:10_os,GAT,none,"otro escenario, otra semilla",0.7169178679994549,0.45944688994386707,0.23923502824431614
ExpectedGradients,1:10_os,GAT,none,"otro escenario, misma semilla",0.7139155875764214,0.44467234060642913,0.23998148967189206
ExpectedGradients,1:10_os,GAT,class_weighting,"mismo escenario, otra semilla",0.7149990447586315,0.5257594680375154,0.34590614923432267
ExpectedGradients,1:10_os,GAT,class_weighting,"mismo escenario, otra semilla",0.8269314109196384,0.7755077191248675,0.5648018648018647
ExpectedGradients,1:10_os,GAT,class_weighting,"mismo escenario, otra semilla",0.7328026799083386,0.49457830957907817,0.2984887117240059
ExpectedGradients,1:10_os,GAT,class_weighting,"otro escenario, misma semilla",0.9598260770544608,0.9618005021162254,0.8545454545454543
ExpectedGradients,1:10_os,GAT,class_weighting,"otro escenario, otra semilla",0.724109877212041,0.5376804419543115,0.32421113744643165
ExpectedGradients,1:10_os,GAT,class_weighting,"otro escenario, otra semilla",0.831705604566801,0.7831583664768392,0.5698523698523699
ExpectedGradients,1:10_os,GAT,class_weighting,"otro escenario, otra semilla",0.7206728110211045,0.5324580430115197,0.36195803107567814
ExpectedGradients,1:10_os,GAT,class_weighting,"otro escenario, misma semilla",0.9737475329752825,0.9647303248291856,0.8896658896658896
ExpectedGradients,1:10_os,GAT,class_weighting,"otro escenario, otra semilla",0.739341354428809,0.5032050953967372,0.32238981062510474
ExpectedGradients,1:10_os,GAT,class_weighting,"otro escenario, otra semilla",0.7236532736910831,0.5673501534804968,0.4292730145671323
ExpectedGradients,1:10_os,GAT,class_weighting,"otro escenario, otra semilla",0.7959773055239049,0.6004005975428799,0.41597716009480723
ExpectedGradients,1:10_os,GAT,class_weighting,"otro escenario, misma semilla",0.7718423859573312,0.5947830110948017,0.5146797646797646
ExpectedGradients,1:10_os,GAT,focal_loss,"mismo escenario, otra semilla",0.769154254525969,0.5151029867402415,0.3532338576456224
ExpectedGradients,1:10_os,GAT,focal_loss,"mismo escenario, otra semilla",0.8415108994976392,0.645170596860771,0.4655421376009611
ExpectedGradients,1:10_os,GAT,focal_loss,"mismo escenario, otra semilla",0.7633090151743677,0.5215409459121255,0.34682001005530416
ExpectedGradients,1:10_os,GAT,focal_loss,"otro escenario, misma semilla",0.8261047583463283,0.632174939213529,0.4969474969474969
ExpectedGradients,1:10_os,GAT,focal_loss,"otro escenario, otra semilla",0.7276641874853526,0.3976084604161344,0.2536411415668381
ExpectedGradients,1:10_os,GAT,focal_loss,"otro escenario, otra semilla",0.7931313112132622,0.5514683127692946,0.41854126265890973
ExpectedGradients,1:10_os,GAT,focal_loss,"otro escenario, otra semilla",0.7809460941869862,0.5619047542436391,0.312093897388015
ExpectedGradients,1:10_os,GAT,focal_loss,"otro escenario, misma semilla",0.7931278322784598,0.548019783006802,0.3994541406306113
ExpectedGradients,1:10_os,GAT,focal_loss,"otro escenario, otra semilla",0.7678927034172605,0.524297564178348,0.296915176326941
ExpectedGradients,1:10_os,GAT,focal_loss,"otro escenario, otra semilla",0.7869310390773919,0.5588933098205472,0.34485503603150663
ExpectedGradients,1:10_os,GAT,focal_loss,"otro escenario, otra semilla",0.7713132565892342,0.5375052741314791,0.4086996336996338
ExpectedGradients,1:10_os,GAT,focal_loss,"otro escenario, misma semilla",0.7777487034122033,0.5824003444357768,0.3155032188313921
ExpectedGradients,1:10_os,TAGCN,none,"mismo escenario, otra semilla",0.841388115837354,0.7216954015465457,0.47714164920047264
ExpectedGradients,1:10_os,TAGCN,none,"mismo escenario, otra semilla",0.8136340502619132,0.6879540240447463,0.4420486233179731
ExpectedGradients,1:10_os,TAGCN,none,"mismo escenario, otra semilla",0.8190027443599424,0.7036616424764911,0.47905574817339514
ExpectedGradients,1:10_os,TAGCN,none,"otro escenario, misma semilla",0.6841462381573696,0.43086807202652977,0.25188486550715655
ExpectedGradients,1:10_os,TAGCN,none,"otro escenario, otra semilla",0.6899568950550597,0.4612988283574735,0.20589530009034646
ExpectedGradients,1:10_os,TAGCN,none,"otro escenario, otra semilla",0.705375318850052,0.47955424584745676,0.33195432018961435
ExpectedGradients,1:10_os,TAGCN,none,"otro escenario, otra semilla",0.6427174347115392,0.3757730113966334,0.15642988189427817
ExpectedGradients,1:10_os,TAGCN,none,"otro escenario, misma semilla",0.6663180729595916,0.44129383111585224,0.17128728684456235
ExpectedGradients,1:10_os,TAGCN,none,"otro escenario, otra semilla",0.6545041345510592,0.4379392676483963,0.2196363520666926
ExpectedGradients,1:10_os,TAGCN,none,"otro escenario, otra semilla",0.6435688319604478,0.3703546069393592,0.22714163488157285
ExpectedGradients,1:10_os,TAGCN,none,"otro escenario, otra semilla",0.6604705856904329,0.41792505906275945,0.22352909674891094
ExpectedGradients,1:10_os,TAGCN,none,"otro escenario, misma semilla",0.6702447242227937,0.46620083657326605,0.2715342105434984
ExpectedGradients,1:10_os,TAGCN,class_weighting,"mismo escenario, otra semilla",0.787858700847242,0.6715219763707749,0.48117993117993124
ExpectedGradients,1:10_os,TAGCN,class_weighting,"mismo escenario, otra semilla",0.6229004760833214,0.34516520993687083,0.18429283994299472
ExpectedGradients,1:10_os,TAGCN,class_weighting,"mismo escenario, otra semilla",0.645323413916022,0.379478130082268,0.17925123265680531
ExpectedGradients,1:10_os,TAGCN,class_weighting,"otro escenario, misma semilla",0.871886696496834,0.8139992641456166,0.6264735264735266
ExpectedGradients,1:10_os,TAGCN,class_weighting,"otro escenario, otra semilla",0.7871746408433637,0.6629783981065214,0.4674399674399675
ExpectedGradients,1:10_os,TAGCN,class_weighting,"otro escenario, otra semilla",0.6387527565056943,0.38878655459420625,0.19016004062443687
ExpectedGradients,1:10_os,TAGCN,class_weighting,"otro escenario, otra semilla",0.7809765210190435,0.6464638693539578,0.43969641469641474
ExpectedGradients,1:10_os,TAGCN,class_weighting,"otro escenario, misma semilla",0.9097665447175584,0.8614481513034471,0.6552225552225553
ExpectedGradients,1:10_os,TAGCN,class_weighting,"otro escenario, otra semilla",0.6488497433315696,0.374312922655737,0.1668673317280128
ExpectedGradients,1:10_os,TAGCN,class_weighting,"otro escenario, otra semilla",0.6274462404421661,0.34819997039752965,0.1766204727505037
ExpectedGradients,1:10_os,TAGCN,class_weighting,"otro escenario, otra semilla",0.6495007887024832,0.38318391613794567,0.1694903107441807
ExpectedGradients,1:10_os,TAGCN,class_weighting,"otro escenario, misma semilla",0.9911280341334404,0.9901001713455659,0.923232323232323
ExpectedGradients,1:10_os,TAGCN,focal_loss,"mismo escenario, otra semilla",0.7864471311104272,0.6391415500331433,0.5067329729094433
ExpectedGradients,1:10_os,TAGCN,focal_loss,"mismo escenario, otra semilla",0.7999267854036739,0.6458833891137791,0.5628760128760129
ExpectedGradients,1:10_os,TAGCN,focal_loss,"mismo escenario, otra semilla",0.8381733381417195,0.7017684883334178,0.4693564605329311
ExpectedGradients,1:10_os,TAGCN,focal_loss,"otro escenario, misma semilla",0.7403853905341286,0.6036929066089035,0.37374428403840176
ExpectedGradients,1:10_os,TAGCN,focal_loss,"otro escenario, otra semilla",0.757298384250692,0.5857144777577422,0.338175535621356
ExpectedGradients,1:10_os,TAGCN,focal_loss,"otro escenario, otra semilla",0.7522955816467027,0.5493315431167757,0.3404703941855643
ExpectedGradients,1:10_os,TAGCN,focal_loss,"otro escenario, otra semilla",0.7198219216989069,0.4948849484797148,0.34393689099571456
ExpectedGradients,1:10_os,TAGCN,focal_loss,"otro escenario, misma semilla",0.733808876654822,0.5061462361760791,0.3378624099212334
ExpectedGradients,1:10_os,TAGCN,focal_loss,"otro escenario, otra semilla",0.741401715588389,0.5270521025931406,0.28288024611554013
ExpectedGradients,1:10_os,TAGCN,focal_loss,"otro escenario, otra semilla",0.7515431961205253,0.6098818551639584,0.3943487884664355
ExpectedGradients,1:10_os,TAGCN,focal_loss,"otro escenario, otra semilla",0.755537190773743,0.5725321422092796,0.3835345339215308
ExpectedGradients,1:10_os,TAGCN,focal_loss,"otro escenario, misma semilla",0.7561782087698069,0.5728664965407072,0.3381383322559793
ExpectedGradients,1:20,GCN,none,"mismo escenario, otra semilla",0.7615364532587751,0.5707547338500937,0.2819249922191098
ExpectedGradients,1:20,GCN,none,"mismo escenario, otra semilla",0.7593424042410667,0.5221906401872206,0.2543261749144102
ExpectedGradients,1:20,GCN,none,"mismo escenario, otra semilla",0.7781191849678885,0.5688655401946494,0.3262570075263574
ExpectedGradients,1:20,GCN,none,"otro escenario, misma semilla",0.7635522585965392,0.5556300455315549,0.1928260192966075
ExpectedGradients,1:20,GCN,none,"otro escenario, otra semilla",0.7117899612708857,0.4247851220961579,0.17677731911478037
ExpectedGradients,1:20,GCN,none,"otro escenario, otra semilla",0.7436567505433798,0.48355116598896947,0.16330818877258502
ExpectedGradients,1:20,GCN,none,"otro escenario, otra semilla",0.786755539683689,0.6301620615823683,0.28380617204146613
ExpectedGradients,1:20,GCN,none,"otro escenario, misma semilla",0.8689053277235625,0.7722460886622675,0.5471278721278722
ExpectedGradients,1:20,GCN,none,"otro escenario, otra semilla",0.8072902026789035,0.6228562197727727,0.3113193995546936
ExpectedGradients,1:20,GCN,none,"otro escenario, otra semilla",0.7627404256307195,0.5520196724901961,0.23510558069381596
ExpectedGradients,1:20,GCN,none,"otro escenario, otra semilla",0.7802836371445419,0.5887053930120725,0.3170870237433705
ExpectedGradients,1:20,GCN,none,"otro escenario, misma semilla",0.9324041274428388,0.9169474595442083,0.6980463980463981
ExpectedGradients,1:20,GCN,class_weighting,"mismo escenario, otra semilla",0.819280987597075,0.6729077327032594,0.4856747827336063
ExpectedGradients,1:20,GCN,class_weighting,"mismo escenario, otra semilla",0.6668892656518459,0.39289510732334904,0.22394507510606582
ExpectedGradients,1:20,GCN,class_weighting,"mismo escenario, otra semilla",0.6747485368890644,0.43036511346161904,0.20669893688469537
ExpectedGradients,1:20,GCN,class_weighting,"otro escenario, misma semilla",0.6944711382390112,0.42931324066464327,0.23588785941727114
ExpectedGradients,1:20,GCN,class_weighting,"otro escenario, otra semilla",0.6872753007732303,0.4451936562795008,0.2116434878044785
ExpectedGradients,1:20,GCN,class_weighting,"otro escenario, otra semilla",0.7225038360154566,0.4902579586915322,0.20940448154070437
ExpectedGradients,1:20,GCN,class_weighting,"otro escenario, otra semilla",0.7015256443515036,0.42626348665971253,0.24092568651392174
ExpectedGradients,1:20,GCN,class_weighting,"otro escenario, misma semilla",0.6949947226751599,0.4050185651910932,0.20371476075810438
ExpectedGradients,1:20,GCN,class_weighting,"otro escenario, otra semilla",0.7293945146535943,0.5206519196681408,0.16953740560551706
ExpectedGradients,1:20,GCN,class_weighting,"otro escenario, otra semilla",0.6844245978020564,0.38691990195176723,0.19463446197192322
ExpectedGradients,1:20,GCN,class_weighting,"otro escenario, otra semilla",0.6899456395754942,0.40378619305343555,0.18132504463773816
ExpectedGradients,1:20,GCN,class_weighting,"otro escenario, misma semilla",0.7489951144651186,0.564110839298371,0.195463331531443
ExpectedGradients,1:20,GCN,focal_loss,"mismo escenario, otra semilla",0.7615214232960319,0.5301543248339288,0.290412147765089
ExpectedGradients,1:20,GCN,focal_loss,"mismo escenario, otra semilla",0.7636869725064525,0.5466319696816747,0.16176946262085581
ExpectedGradients,1:20,GCN,focal_loss,"mismo escenario, otra semilla",0.768537415807481,0.5365584634839318,0.20560142185529176
ExpectedGradients,1:20,GCN,focal_loss,"otro escenario, misma semilla",0.8148659819471739,0.6779425490887825,0.2947149800090976
ExpectedGradients,1:20,GCN,focal_loss,"otro escenario, otra semilla",0.7384209691696266,0.47402110516551266,0.2229298737038675
ExpectedGradients,1:20,GCN,focal_loss,"otro escenario, otra semilla",0.7257776996888989,0.4661462291689791,0.18861205300833783
ExpectedGradients,1:20,GCN,focal_loss,"otro escenario, otra semilla",0.7667760721738477,0.5562424603929255,0.33664260576025284
ExpectedGradients,1:20,GCN,focal_loss,"otro escenario, misma semilla",0.8514413478037343,0.6836161763376969,0.4314928535516771
ExpectedGradients,1:20,GCN,focal_loss,"otro escenario, otra semilla",0.7702635263257804,0.566337111559837,0.20957008534407914
ExpectedGradients,1:20,GCN,focal_loss,"otro escenario, otra semilla",0.8049410818123346,0.6367841849716184,0.1673386898619097
ExpectedGradients,1:20,GCN,focal_loss,"otro escenario, otra semilla",0.7784991557959031,0.5510987511222337,0.20129121824168267
ExpectedGradients,1:20,GCN,focal_loss,"otro escenario, misma semilla",0.9477017236215204,0.9175943463920889,0.7256854256854254
ExpectedGradients,1:20,GraphSAGE,none,"mismo escenario, otra semilla",0.8021519510377059,0.6664785182040546,0.37070973688620756
ExpectedGradients,1:20,GraphSAGE,none,"mismo escenario, otra semilla",0.7886413692862458,0.5849900925522642,0.3452189422777659
ExpectedGradients,1:20,GraphSAGE,none,"mismo escenario, otra semilla",0.7914103099089312,0.6071559814002506,0.4026018099547511
ExpectedGradients,1:20,GraphSAGE,none,"otro escenario, misma semilla",0.932558804301174,0.887398514185885,0.6887889887889889
ExpectedGradients,1:20,GraphSAGE,none,"otro escenario, otra semilla",0.8016373005526369,0.6633301983090846,0.37314276137805547
ExpectedGradients,1:20,GraphSAGE,none,"otro escenario, otra semilla",0.7920597889290502,0.6114627897052322,0.3583165744930452
ExpectedGradients,1:20,GraphSAGE,none,"otro escenario, otra semilla",0.8058215276128756,0.6551430508150349,0.3578821362103097
ExpectedGradients,1:20,GraphSAGE,none,"otro escenario, misma semilla",0.9236518718178799,0.8928517321776627,0.611119436119436
ExpectedGradients,1:20,GraphSAGE,none,"otro escenario, otra semilla",0.7729591991844047,0.5593214497457419,0.38310289927936986
ExpectedGradients,1:20,GraphSAGE,none,"otro escenario, otra semilla",0.7960410146660524,0.5949092369486776,0.33453757571404635
ExpectedGradients,1:20,GraphSAGE,none,"otro escenario, otra semilla",0.7903370373652685,0.6090725140216152,0.3952722114486821
ExpectedGradients,1:20,GraphSAGE,none,"otro escenario, misma semilla",0.9333864394541022,0.8915635622641337,0.7917415917415915
ExpectedGradients,1:20,GraphSAGE,class_weighting,"mismo escenario, otra semilla",0.8629056070296232,0.7774153509920018,0.4490370740370741
ExpectedGradients,1:20,GraphSAGE,class_weighting,"mismo escenario, otra semilla",0.8622692410450179,0.7882686073205757,0.45363247863247863
ExpectedGradients,1:20,GraphSAGE,class_weighting,"mismo escenario, otra semilla",0.8646289759001922,0.808133475602527,0.5574425574425574
ExpectedGradients,1:20,GraphSAGE,class_weighting,"otro escenario, misma semilla",0.9659197097672532,0.953727986108773,0.809168609168609
ExpectedGradients,1:20,GraphSAGE,class_weighting,"otro escenario, otra semilla",0.8542324929407755,0.7580521168882316,0.4305999555999557
ExpectedGradients,1:20,GraphSAGE,class_weighting,"otro escenario, otra semilla",0.8527163773866395,0.7690352702755114,0.43192020397902753
ExpectedGradients,1:20,GraphSAGE,class_weighting,"otro escenario, otra semilla",0.8656349953065507,0.7788044749593854,0.4296447017035253
ExpectedGradients,1:20,GraphSAGE,class_weighting,"otro escenario, misma semilla",0.9793028110239995,0.9783543542802386,0.8613830613830612
ExpectedGradients,1:20,GraphSAGE,class_weighting,"otro escenario, otra semilla",0.8657704801975328,0.8065591577282041,0.5612159082747318
ExpectedGradients,1:20,GraphSAGE,class_weighting,"otro escenario, otra semilla",0.8703734642083617,0.8048185890854371,0.48163780663780664
ExpectedGradients,1:20,GraphSAGE,class_weighting,"otro escenario, otra semilla",0.8696063809712108,0.8200145331654275,0.5747363747363746
ExpectedGradients,1:20,GraphSAGE,class_weighting,"otro escenario, misma semilla",0.9760537214731287,0.9757293378790345,0.8060606060606058
ExpectedGradients,1:20,GraphSAGE,focal_loss,"mismo escenario, otra semilla",0.8225861435648189,0.6389088195504756,0.28876259905671664
ExpectedGradients,1:20,GraphSAGE,focal_loss,"mismo escenario, otra semilla",0.7660184596182217,0.5113700030515842,0.25963274198568315
ExpectedGradients,1:20,GraphSAGE,focal_loss,"mismo escenario, otra semilla",0.7680832461661835,0.5027809797834235,0.26998142036841716
ExpectedGradients,1:20,GraphSAGE,focal_loss,"otro escenario, misma semilla",0.8588013040528498,0.7703848216401535,0.44209401709401713
ExpectedGradients,1:20,GraphSAGE,focal_loss,"otro escenario, otra semilla",0.7739709455158599,0.5617834494830494,0.2562558356676004
ExpectedGradients,1:20,GraphSAGE,focal_loss,"otro escenario, otra semilla",0.774775627237511,0.5317441857469983,0.35652457564222273
ExpectedGradients,1:20,GraphSAGE,focal_loss,"otro escenario, otra semilla",0.7652375598435053,0.561357662299461,0.26188141923436037
ExpectedGradients,1:20,GraphSAGE,focal_loss,"otro escenario, misma semilla",0.8625998016910607,0.7817067246885548,0.47301587301587306
ExpectedGradients,1:20,GraphSAGE,focal_loss,"otro escenario, otra semilla",0.7651405857673198,0.5180340610355186,0.2555592412403558
ExpectedGradients,1:20,GraphSAGE,focal_loss,"otro escenario, otra semilla",0.7698480204249545,0.5033723552769078,0.2677230721348368
ExpectedGradients,1:20,GraphSAGE,focal_loss,"otro escenario, otra semilla",0.7730492851624319,0.49643340630936544,0.27556989507453905
ExpectedGradients,1:20,GraphSAGE,focal_loss,"otro escenario, misma semilla",0.9809974823143511,0.9731962049741193,0.8656565656565657
ExpectedGradients,1:20,GAT,none,"mismo escenario, otra semilla",0.7847519495695586,0.5709384276861991,0.2502142737436855
ExpectedGradients,1:20,GAT,none,"mismo escenario, otra semilla",0.8283814663156528,0.682742592917685,0.3546128707893414
ExpectedGradients,1:20,GAT,none,"mismo escenario, otra semilla",0.7957072790945302,0.5916967521878976,0.34975699681582045
ExpectedGradients,1:20,GAT,none,"otro escenario, misma semilla",0.7908949169087808,0.5823956399632823,0.34909801527448586
ExpectedGradients,1:20,GAT,none,"otro escenario, otra semilla",0.806466849774025,0.5987373196247486,0.41159732080784717
ExpectedGradients,1:20,GAT,none,"otro escenario, otra semilla",0.8244107655698567,0.6440776095900669,0.4028490028490028
ExpectedGradients,1:20,GAT,none,"otro escenario, otra semilla",0.767399377439425,0.48835422869280065,0.22681294740118269
ExpectedGradients,1:20,GAT,none,"otro escenario, misma semilla",0.842300277594086,0.6382028816860945,0.43757750963633313
ExpectedGradients,1:20,GAT,none,"otro escenario, otra semilla",0.7978821011561561,0.5709606453216077,0.32644724556489263
ExpectedGradients,1:20,GAT,none,"otro escenario, otra semilla",0.7109246198669449,0.4429268159867598,0.19057201828099662
ExpectedGradients,1:20,GAT,none,"otro escenario, otra semilla",0.7299649389130685,0.49682578204399624,0.2395073593990003
ExpectedGradients,1:20,GAT,none,"otro escenario, misma semilla",0.712056384609229,0.43450377011862373,0.2497081063644531
ExpectedGradients,1:20,GAT,class_weighting,"mismo escenario, otra semilla",0.7257235728608259,0.54084033558136,0.3415176326941033
ExpectedGradients,1:20,GAT,class_weighting,"mismo escenario, otra semilla",0.7339563374487803,0.5728792943132712,0.40746557364204433
ExpectedGradients,1:20,GAT,class_weighting,"mismo escenario, otra semilla",0.8046178408242213,0.6019249128656784,0.4191302161890398
ExpectedGradients,1:20,GAT,class_weighting,"otro escenario, misma semilla",0.9922387808998896,0.9937877886524799,0.9171717171717169
ExpectedGradients,1:20,GAT,class_weighting,"otro escenario, otra semilla",0.7291023972812806,0.5443543549060207,0.3411908353084824
ExpectedGradients,1:20,GAT,class_weighting,"otro escenario, otra semilla",0.7366334519635668,0.572839458956578,0.40062796680443746
ExpectedGradients,1:20,GAT,class_weighting,"otro escenario, otra semilla",0.7259071669601335,0.5374189277720298,0.3450190332543273
ExpectedGradients,1:20,GAT,class_weighting,"otro escenario, misma semilla",0.9934867968695718,0.992898160571036,0.9454545454545453
ExpectedGradients,1:20,GAT,class_weighting,"otro escenario, otra semilla",0.8053996824369142,0.6018261328301816,0.4206259426847663
ExpectedGradients,1:20,GAT,class_weighting,"otro escenario, otra semilla",0.7304299096335147,0.5669596786649939,0.4233385895150602
ExpectedGradients,1:20,GAT,class_weighting,"otro escenario, otra semilla",0.8034356891655701,0.599980188830209,0.4371705092293328
ExpectedGradients,1:20,GAT,class_weighting,"otro escenario, misma semilla",0.9941565152824523,0.9943669663441977,0.9333333333333333
ExpectedGradients,1:20,GAT,focal_loss,"mismo escenario, otra semilla",0.7261364593203029,0.4053793390794064,0.24887545661539467
ExpectedGradients,1:20,GAT,focal_loss,"mismo escenario, otra semilla",0.7727482363308842,0.5351619207956589,0.2717961633596308
ExpectedGradients,1:20,GAT,focal_loss,"mismo escenario, otra semilla",0.7605178453046515,0.49961268480676907,0.3427620710902445
ExpectedGradients,1:20,GAT,focal_loss,"otro escenario, misma semilla",0.9625563292153422,0.9439989005340801,0.7795648795648796
ExpectedGradients,1:20,GAT,focal_loss,"otro escenario, otra semilla",0.7323752194450043,0.410840630525603,0.2379959766182676
ExpectedGradients,1:20,GAT,focal_loss,"otro escenario, otra semilla",0.7801798960677161,0.5529972887696881,0.25805331579325386
ExpectedGradients,1:20,GAT,focal_loss,"otro escenario, otra semilla",0.748286117593004,0.45818607129541455,0.26356029591323704
ExpectedGradients,1:20,GAT,focal_loss,"otro escenario, misma semilla",0.9274324307546418,0.8509514006718529,0.7560994560994561
ExpectedGradients,1:20,GAT,focal_loss,"otro escenario, otra semilla",0.7781303959653064,0.5454215071923889,0.34665840695252453
ExpectedGradients,1:20,GAT,focal_loss,"otro escenario, otra semilla",0.7450346950218711,0.4825231039573684,0.22775632520214562
ExpectedGradients,1:20,GAT,focal_loss,"otro escenario, otra semilla",0.7584547501606084,0.4967624808999826,0.3324642677583854
ExpectedGradients,1:20,GAT,focal_loss,"otro escenario, misma semilla",0.9241025014322124,0.8564016331704049,0.6453962703962703
ExpectedGradients,1:20,TAGCN,none,"mismo escenario, otra semilla",0.789382029937077,0.6628572553752284,0.5061148002324471
ExpectedGradients,1:20,TAGCN,none,"mismo escenario, otra semilla",0.83500870787307,0.7043193348040774,0.4840492840492841
ExpectedGradients,1:20,TAGCN,none,"mismo escenario, otra semilla",0.7976931017431214,0.6804185256055639,0.41803131509013863
ExpectedGradients,1:20,TAGCN,none,"otro escenario, misma semilla",0.7508760017256988,0.5803761855401496,0.3202249275778687
ExpectedGradients,1:20,TAGCN,none,"otro escenario, otra semilla",0.6838638823195958,0.47779045764312433,0.23927802790031885
ExpectedGradients,1:20,TAGCN,none,"otro escenario, otra semilla",0.7159412883623201,0.5101154739569196,0.2666746365662774
ExpectedGradients,1:20,TAGCN,none,"otro escenario, otra semilla",0.6857362609824694,0.4795764116682587,0.22854137606459585
ExpectedGradients,1:20,TAGCN,none,"otro escenario, misma semilla",0.6521681120681532,0.45973661600666044,0.18176486969056624
ExpectedGradients,1:20,TAGCN,none,"otro escenario, otra semilla",0.672762923372892,0.4841519682379589,0.24782692654209676
ExpectedGradients,1:20,TAGCN,none,"otro escenario, otra semilla",0.7056700101343731,0.5046535508523247,0.25955682317911416
ExpectedGradients,1:20,TAGCN,none,"otro escenario, otra semilla",0.6421868859931809,0.42205368231816875,0.2068290069064062
ExpectedGradients,1:20,TAGCN,none,"otro escenario, misma semilla",0.722943728107816,0.5777673911688289,0.32669264286911354
ExpectedGradients,1:20,TAGCN,class_weighting,"mismo escenario, otra semilla",0.7814467847253527,0.6405321195551891,0.4883061383061384
ExpectedGradients,1:20,TAGCN,class_weighting,"mismo escenario, otra semilla",0.649918958041056,0.39495289678682155,0.17499836191786652
ExpectedGradients,1:20,TAGCN,class_weighting,"mismo escenario, otra semilla",0.6545368275833037,0.37905698948958083,0.17309654856094484
ExpectedGradients,1:20,TAGCN,class_weighting,"otro escenario, misma semilla",0.9557960926842595,0.9361510647595342,0.7550005550005549
ExpectedGradients,1:20,TAGCN,class_weighting,"otro escenario, otra semilla",0.777223897028508,0.6365750291059985,0.4921738392326628
ExpectedGradients,1:20,TAGCN,class_weighting,"otro escenario, otra semilla",0.6429101709431259,0.3891361630456525,0.18655380280767275
ExpectedGradients,1:20,TAGCN,class_weighting,"otro escenario, otra semilla",0.785789668987778,0.6461769207054644,0.4413052633640869
ExpectedGradients,1:20,TAGCN,class_weighting,"otro escenario, misma semilla",0.9618733713121822,0.9466061840142189,0.779331779331779
ExpectedGradients,1:20,TAGCN,class_weighting,"otro escenario, otra semilla",0.6521238698889299,0.37441599946718573,0.16651760119252376
ExpectedGradients,1:20,TAGCN,class_weighting,"otro escenario, otra semilla",0.6517313168710365,0.39775684170795195,0.17559749045817155
ExpectedGradients,1:20,TAGCN,class_weighting,"otro escenario, otra semilla",0.6556461866393811,0.3818493911029931,0.1684669189313152
ExpectedGradients,1:20,TAGCN,class_weighting,"otro escenario, misma semilla",0.9968106095362911,0.9966807478316925,0.9515151515151514
ExpectedGradients,1:20,TAGCN,focal_loss,"mismo escenario, otra semilla",0.8667454229777617,0.7372835197620093,0.44384651296416
ExpectedGradients,1:20,TAGCN,focal_loss,"mismo escenario, otra semilla",0.8174700594510819,0.6583329181953347,0.3917085637673873
ExpectedGradients,1:20,TAGCN,focal_loss,"mismo escenario, otra semilla",0.8293628974174101,0.6717398270696349,0.39993116904881615
ExpectedGradients,1:20,TAGCN,focal_loss,"otro escenario, misma semilla",0.8184394350351007,0.6743918068963998,0.48029470529470525
ExpectedGradients,1:20,TAGCN,focal_loss,"otro escenario, otra semilla",0.8229891787630252,0.6352595340085953,0.4080672051260287
ExpectedGradients,1:20,TAGCN,focal_loss,"otro escenario, otra semilla",0.7606219048150755,0.5557978311026042,0.36089204912734335
ExpectedGradients,1:20,TAGCN,focal_loss,"otro escenario, otra semilla",0.7048756023132566,0.4633128548694005,0.20807205923304992
ExpectedGradients,1:20,TAGCN,focal_loss,"otro escenario, misma semilla",0.7000515325935104,0.459341399560587,0.18155437613641945
ExpectedGradients,1:20,TAGCN,focal_loss,"otro escenario, otra semilla",0.7465877134490969,0.5277238000715255,0.2981948334889511
ExpectedGradients,1:20,TAGCN,focal_loss,"otro escenario, otra semilla",0.7524992984973354,0.5166138234038953,0.29936076994900523
ExpectedGradients,1:20,TAGCN,focal_loss,"otro escenario, otra semilla",0.7523213029773106,0.5061846417175008,0.26633218289565036
ExpectedGradients,1:20,TAGCN,focal_loss,"otro escenario, misma semilla",0.7704182031376087,0.5730227552287459,0.336059746353864
ExpectedGradients,native,GCN,none,"mismo escenario, otra semilla",0.7422872912304821,0.4916704517301016,0.20262036438507025
ExpectedGradients,native,GCN,none,"mismo escenario, otra semilla",0.7342660736658401,0.49007898736850297,0.16198543744983368
ExpectedGradients,native,GCN,none,"mismo escenario, otra semilla",0.7949185807782275,0.6446512543206802,0.3162213603390073
ExpectedGradients,native,GCN,class_weighting,"mismo escenario, otra semilla",0.7338866266869959,0.4840821612197698,0.22435018541829685
ExpectedGradients,native,GCN,class_weighting,"mismo escenario, otra semilla",0.7140338306031039,0.4180048733189975,0.19946680426556584
ExpectedGradients,native,GCN,class_weighting,"mismo escenario, otra semilla",0.7525757343078726,0.5411599956591274,0.18415728864645267
ExpectedGradients,native,GCN,focal_loss,"mismo escenario, otra semilla",0.756794924655932,0.5381068942545137,0.25760013407072235
ExpectedGradients,native,GCN,focal_loss,"mismo escenario, otra semilla",0.7452742137661627,0.5028654224923348,0.19498869723327925
ExpectedGradients,native,GCN,focal_loss,"mismo escenario, otra semilla",0.7803457684831411,0.5727125515123268,0.23424328795845822
ExpectedGradients,native,GraphSAGE,none,"mismo escenario, otra semilla",0.7958935365991082,0.6486706297609225,0.35887859417271184
ExpectedGradients,native,GraphSAGE,none,"mismo escenario, otra semilla",0.7910940327168338,0.6092533427991579,0.3476914697502933
ExpectedGradients,native,GraphSAGE,none,"mismo escenario, otra semilla",0.786089301790048,0.5848517936580656,0.3925644616821088
ExpectedGradients,native,GraphSAGE,class_weighting,"mismo escenario, otra semilla",0.8577815969804583,0.7604869024367888,0.41526741232623593
ExpectedGradients,native,GraphSAGE,class_weighting,"mismo escenario, otra semilla",0.86156296434555,0.7873068017909215,0.46112498612498615
ExpectedGradients,native,GraphSAGE,class_weighting,"mismo escenario, otra semilla",0.8736703523803004,0.8236507802511509,0.5813270063270062
ExpectedGradients,native,GraphSAGE,focal_loss,"mismo escenario, otra semilla",0.7698469044586003,0.5802877637059568,0.26593346740405566
ExpectedGradients,native,GraphSAGE,focal_loss,"mismo escenario, otra semilla",0.7805650242984469,0.5338604891122254,0.3820853982618688
ExpectedGradients,native,GraphSAGE,focal_loss,"mismo escenario, otra semilla",0.7724335228438546,0.518575042577513,0.27806157550739596
ExpectedGradients,native,GAT,none,"mismo escenario, otra semilla",0.824541504963,0.61353599255028,0.44900774606656957
ExpectedGradients,native,GAT,none,"mismo escenario, otra semilla",0.741680378636015,0.4965561223742726,0.25387047306551946
ExpectedGradients,native,GAT,none,"mismo escenario, otra semilla",0.7626651256718434,0.5773054612266801,0.26264133183637833
ExpectedGradients,native,GAT,class_weighting,"mismo escenario, otra semilla",0.7292023876419876,0.5410815544715388,0.34469223586870645
ExpectedGradients,native,GAT,class_weighting,"mismo escenario, otra semilla",0.7334958183666966,0.5673679908243384,0.4117390779155486
ExpectedGradients,native,GAT,class_weighting,"mismo escenario, otra semilla",0.8042260657337436,0.6001086408606496,0.43866623572505936
ExpectedGradients,native,GAT,focal_loss,"mismo escenario, otra semilla",0.7524551445811063,0.46148264555160723,0.2572517896047308
ExpectedGradients,native,GAT,focal_loss,"mismo escenario, otra semilla",0.7555975305959771,0.5099098363042324,0.21575409741044413
ExpectedGradients,native,GAT,focal_loss,"mismo escenario, otra semilla",0.7715097199437453,0.5240241221378147,0.3530878163231104
ExpectedGradients,native,TAGCN,none,"mismo escenario, otra semilla",0.7718867359359142,0.6102248518352145,0.3584161338031307
ExpectedGradients,native,TAGCN,none,"mismo escenario, otra semilla",0.7691921835675213,0.563597540281428,0.36295398501280857
ExpectedGradients,native,TAGCN,none,"mismo escenario, otra semilla",0.7772427125257498,0.5762060519875347,0.33220749838396907
ExpectedGradients,native,TAGCN,class_weighting,"mismo escenario, otra semilla",0.7823167777730754,0.6462705602433104,0.4348034318622555
ExpectedGradients,native,TAGCN,class_weighting,"mismo escenario, otra semilla",0.6438899754976533,0.391226584523522,0.1896039117401346
ExpectedGradients,native,TAGCN,class_weighting,"mismo escenario, otra semilla",0.6530610017912422,0.3765249069469182,0.16433895195505102
ExpectedGradients,native,TAGCN,focal_loss,"mismo escenario, otra semilla",0.6962845158106127,0.4838345994981271,0.22831245408644787
ExpectedGradients,native,TAGCN,focal_loss,"mismo escenario, otra semilla",0.7627524103581863,0.5618705318311515,0.35195599607364314
ExpectedGradients,native,TAGCN,focal_loss,"mismo escenario, otra semilla",0.7222331413213083,0.5358526330213805,0.29335152864564623
ExpectedGradients,1:100_subil,GCN,none,"mismo escenario, otra semilla",0.7531810464196634,0.5496676653552153,0.2418338455490158
ExpectedGradients,1:100_subil,GCN,none,"mismo escenario, otra semilla",0.7413093201059024,0.5424201803412021,0.21352696724213743
ExpectedGradients,1:100_subil,GCN,none,"mismo escenario, otra semilla",0.7595906889176866,0.5535076262450256,0.21964602305159575
ExpectedGradients,1:100_subil,GCN,none,"otro escenario, misma semilla",0.7275094322867975,0.4665258055570624,0.28044851318845126
ExpectedGradients,1:100_subil,GCN,none,"otro escenario, otra semilla",0.7336831145168128,0.46971596812825867,0.21775558176486967
ExpectedGradients,1:100_subil,GCN,none,"otro escenario, otra semilla",0.7325599631416646,0.5222478680817234,0.18624077161228864
ExpectedGradients,1:100_subil,GCN,none,"otro escenario, otra semilla",0.7337620530867678,0.4750185187789898,0.20509427792709517
ExpectedGradients,1:100_subil,GCN,none,"otro escenario, misma semilla",0.7395747270770294,0.49966114174867715,0.20869125427948956
ExpectedGradients,1:100_subil,GCN,none,"otro escenario, otra semilla",0.7449431160134605,0.5309061907507685,0.18584983701082772
ExpectedGradients,1:100_subil,GCN,none,"otro escenario, otra semilla",0.7540743595953248,0.5234221216460581,0.24726900206776367
ExpectedGradients,1:100_subil,GCN,none,"otro escenario, otra semilla",0.7487467484654586,0.48267457070387504,0.21922437441013293
ExpectedGradients,1:100_subil,GCN,none,"otro escenario, misma semilla",0.7479067715048525,0.534937121116274,0.1911898272579387
ExpectedGradients,1:100_subil,GCN,class_weighting,"mismo escenario, otra semilla",0.8015339148049189,0.6606706695364228,0.38824786324786326
ExpectedGradients,1:100_subil,GCN,class_weighting,"mismo escenario, otra semilla",0.6594380508965167,0.3819094031317486,0.23513260904901775
ExpectedGradients,1:100_subil,GCN,class_weighting,"mismo escenario, otra semilla",0.6670829989548724,0.43817879756004047,0.2163709928415811
ExpectedGradients,1:100_subil,GCN,class_weighting,"otro escenario, misma semilla",0.6790288459162743,0.4021609684666783,0.22135633830680265
ExpectedGradients,1:100_subil,GCN,class_weighting,"otro escenario, otra semilla",0.6730897441923794,0.44618290384601306,0.20404795296436168
ExpectedGradients,1:100_subil,GCN,class_weighting,"otro escenario, otra semilla",0.7233453112328269,0.4913476088137118,0.20907768415508346
ExpectedGradients,1:100_subil,GCN,class_weighting,"otro escenario, otra semilla",0.6868019364007072,0.41275438205771553,0.22888864947688475
ExpectedGradients,1:100_subil,GCN,class_weighting,"otro escenario, misma semilla",0.685288617340232,0.41859400867248336,0.2001359608170753
ExpectedGradients,1:100_subil,GCN,class_weighting,"otro escenario, otra semilla",0.7295464371903093,0.5213018434394264,0.16953740560551706
ExpectedGradients,1:100_subil,GCN,class_weighting,"otro escenario, otra semilla",0.6828054837117615,0.4148372953297536,0.18445664815633853
ExpectedGradients,1:100_subil,GCN,class_weighting,"otro escenario, otra semilla",0.6736308014056944,0.41068758050604515,0.2036373613772994
ExpectedGradients,1:100_subil,GCN,class_weighting,"otro escenario, misma semilla",0.7486971272645372,0.5637976368887593,0.19606246007174805
ExpectedGradients,1:100_subil,GCN,focal_loss,"mismo escenario, otra semilla",0.8102854296529789,0.6541965108227275,0.26299408652349826
ExpectedGradients,1:100_subil,GCN,focal_loss,"mismo escenario, otra semilla",0.8031616331677406,0.6201035816620448,0.15220158238734088
ExpectedGradients,1:100_subil,GCN,focal_loss,"mismo escenario, otra semilla",0.8047789445235699,0.6302125308326497,0.26988795518207276
ExpectedGradients,1:100_subil,GCN,focal_loss,"otro escenario, misma semilla",0.8412603874503194,0.7189660641879545,0.41209770621535324
ExpectedGradients,1:100_subil,GCN,focal_loss,"otro escenario, otra semilla",0.7701388094199887,0.5729028950509554,0.24769326534032415
ExpectedGradients,1:100_subil,GCN,focal_loss,"otro escenario, otra semilla",0.7463766304865759,0.4948580121588729,0.20788572739037126
ExpectedGradients,1:100_subil,GCN,focal_loss,"otro escenario, otra semilla",0.7823018251478475,0.5759431857831514,0.23581543728602547
ExpectedGradients,1:100_subil,GCN,focal_loss,"otro escenario, misma semilla",0.8262374808405618,0.6705317021573616,0.36656083567848274
ExpectedGradients,1:100_subil,GCN,focal_loss,"otro escenario, otra semilla",0.7919768187465199,0.5590798764914855,0.22143184759283827
ExpectedGradients,1:100_subil,GCN,focal_loss,"otro escenario, otra semilla",0.8242344357686766,0.6495908645671898,0.17084009042213377
ExpectedGradients,1:100_subil,GCN,focal_loss,"otro escenario, otra semilla",0.7866663511832264,0.5860911346870586,0.27151784690484376
ExpectedGradients,1:100_subil,GCN,focal_loss,"otro escenario, misma semilla",0.8680314457804444,0.7920081341028954,0.4715694436282672
ExpectedGradients,1:100_subil,GraphSAGE,none,"mismo escenario, otra semilla",0.738316755514432,0.4804677000541862,0.15295550968925578
ExpectedGradients,1:100_subil,GraphSAGE,none,"mismo escenario, otra semilla",0.74144899739597,0.5010623672013679,0.19659156060084856
ExpectedGradients,1:100_subil,GraphSAGE,none,"mismo escenario, otra semilla",0.7417441297216423,0.4821176038700808,0.19405130473241924
ExpectedGradients,1:100_subil,GraphSAGE,none,"otro escenario, misma semilla",0.7314289438677931,0.5449286479163908,0.24480425548537002
ExpectedGradients,1:100_subil,GraphSAGE,none,"otro escenario, otra semilla",0.7103790817784073,0.4527919930005661,0.1806714498664963
ExpectedGradients,1:100_subil,GraphSAGE,none,"otro escenario, otra semilla",0.6862379197465014,0.3917943739183224,0.19072476943993963
ExpectedGradients,1:100_subil,GraphSAGE,none,"otro escenario, otra semilla",0.7014263330670865,0.49255243566662543,0.17284428391239534
ExpectedGradients,1:100_subil,GraphSAGE,none,"otro escenario, misma semilla",0.7001928803253012,0.4405842073572673,0.1380088292626992
ExpectedGradients,1:100_subil,GraphSAGE,none,"otro escenario, otra semilla",0.6761745101051003,0.3352824205442359,0.19381378282307077
ExpectedGradients,1:100_subil,GraphSAGE,none,"otro escenario, otra semilla",0.7165284151746121,0.47193226614392425,0.19196193097121889
ExpectedGradients,1:100_subil,GraphSAGE,none,"otro escenario, otra semilla",0.7230123882541466,0.45751148275998904,0.18820785624191194
ExpectedGradients,1:100_subil,GraphSAGE,none,"otro escenario, misma semilla",0.695625156912779,0.39960389773749955,0.19293454223794776
ExpectedGradients,1:100_subil,GraphSAGE,class_weighting,"mismo escenario, otra semilla",0.866057331180109,0.7206823859724761,0.4234469234469234
ExpectedGradients,1:100_subil,GraphSAGE,class_weighting,"mismo escenario, otra semilla",0.7172838207680923,0.37316565033649324,0.24206717774829228
ExpectedGradients,1:100_subil,GraphSAGE,class_weighting,"mismo escenario, otra semilla",0.7404426724737904,0.46061240272019216,0.22357209640491374
ExpectedGradients,1:100_subil,GraphSAGE,class_weighting,"otro escenario, misma semilla",0.7658620904305189,0.5678321649986585,0.3411399602576074
ExpectedGradients,1:100_subil,GraphSAGE,class_weighting,"otro escenario, otra semilla",0.7803930317037875,0.6441308669063663,0.3413017666887636
ExpectedGradients,1:100_subil,GraphSAGE,class_weighting,"otro escenario, otra semilla",0.7231491711079597,0.49813262841454226,0.2359652587980761
ExpectedGradients,1:100_subil,GraphSAGE,class_weighting,"otro escenario, otra semilla",0.7861427760547979,0.6686980775887924,0.4161766882355119
ExpectedGradients,1:100_subil,GraphSAGE,class_weighting,"otro escenario, misma semilla",0.7816703189732395,0.6841444096697952,0.44447496947496945
ExpectedGradients,1:100_subil,GraphSAGE,class_weighting,"otro escenario, otra semilla",0.7221110611075992,0.47949320564082437,0.2484965871188781
ExpectedGradients,1:100_subil,GraphSAGE,class_weighting,"otro escenario, otra semilla",0.7769368877839671,0.6319239971008856,0.40855957767722473
ExpectedGradients,1:100_subil,GraphSAGE,class_weighting,"otro escenario, otra semilla",0.7920821387644621,0.6861902299715666,0.4337745587745587
ExpectedGradients,1:100_subil,GraphSAGE,class_weighting,"otro escenario, misma semilla",0.7219443023277208,0.48412606014937715,0.23470834577645722
ExpectedGradients,1:100_subil,GraphSAGE,focal_loss,"mismo escenario, otra semilla",0.7513510028701785,0.5182789747592287,0.22248267728143886
ExpectedGradients,1:100_subil,GraphSAGE,focal_loss,"mismo escenario, otra semilla",0.7285853399401708,0.45841476097692613,0.17782962937761698
ExpectedGradients,1:100_subil,GraphSAGE,focal_loss,"mismo escenario, otra semilla",0.7503395472602937,0.5289464547848471,0.21418604328821042
ExpectedGradients,1:100_subil,GraphSAGE,focal_loss,"otro escenario, misma semilla",0.7829010979074288,0.5923787141349731,0.26779269062550787
ExpectedGradients,1:100_subil,GraphSAGE,focal_loss,"otro escenario, otra semilla",0.7600030892235713,0.5480653216610938,0.2658570445722147
ExpectedGradients,1:100_subil,GraphSAGE,focal_loss,"otro escenario, otra semilla",0.7394843694179231,0.501078247389061,0.18545301161400227
ExpectedGradients,1:100_subil,GraphSAGE,focal_loss,"otro escenario, otra semilla",0.7692606634782171,0.5793046164971102,0.2325452583192521
ExpectedGradients,1:100_subil,GraphSAGE,focal_loss,"otro escenario, misma semilla",0.7255822155840636,0.46944829978560193,0.25128573696685147
ExpectedGradients,1:100_subil,GraphSAGE,focal_loss,"otro escenario, otra semilla",0.7384813222977858,0.47847305700790826,0.1952565236620964
ExpectedGradients,1:100_subil,GraphSAGE,focal_loss,"otro escenario, otra semilla",0.7784329159291288,0.5153335681817612,0.3238448370801313
ExpectedGradients,1:100_subil,GraphSAGE,focal_loss,"otro escenario, otra semilla",0.7534335532447468,0.47749723882382644,0.2583256469479379
ExpectedGradients,1:100_subil,GraphSAGE,focal_loss,"otro escenario, misma semilla",0.7499175177437668,0.49878310681669075,0.2284172913429879
ExpectedGradients,1:100_subil,GAT,none,"mismo escenario, otra semilla",0.8554593791222836,0.6785683860218249,0.5321706071706072
ExpectedGradients,1:100_subil,GAT,none,"mismo escenario, otra semilla",0.7533755974741492,0.5636119575415374,0.2387155987001188
ExpectedGradients,1:100_subil,GAT,none,"mismo escenario, otra semilla",0.7548721517110047,0.568394222950208,0.22918350426090361
ExpectedGradients,1:100_subil,GAT,none,"otro escenario, misma semilla",0.8896089366645896,0.7817172613171194,0.48091287797170146
ExpectedGradients,1:100_subil,GAT,none,"otro escenario, otra semilla",0.8051873837544599,0.5908590348247669,0.40056321673968737
ExpectedGradients,1:100_subil,GAT,none,"otro escenario, otra semilla",0.7191409152472606,0.4908219937219967,0.19415573246842593
ExpectedGradients,1:100_subil,GAT,none,"otro escenario, otra semilla",0.8564015931947156,0.690194957710635,0.5605117105117104
ExpectedGradients,1:100_subil,GAT,none,"otro escenario, misma semilla",0.9509023134228305,0.9244336848299625,0.7807192807192804
ExpectedGradients,1:100_subil,GAT,none,"otro escenario, otra semilla",0.7466180164615082,0.550982510598528,0.2091454125509853
ExpectedGradients,1:100_subil,GAT,none,"otro escenario, otra semilla",0.7548961227505607,0.5567243303839554,0.28541250058277917
ExpectedGradients,1:100_subil,GAT,none,"otro escenario, otra semilla",0.7663549780443955,0.6002971580798414,0.2522991427790189
ExpectedGradients,1:100_subil,GAT,none,"otro escenario, misma semilla",0.8366443128208408,0.7556304343178168,0.3934631530606763
ExpectedGradients,1:100_subil,GAT,class_weighting,"mismo escenario, otra semilla",0.743886885331542,0.5197375469314354,0.31040963393904575
ExpectedGradients,1:100_subil,GAT,class_weighting,"mismo escenario, otra semilla",0.8424162055083213,0.7337983806923157,0.5432511932511931
ExpectedGradients,1:100_subil,GAT,class_weighting,"mismo escenario, otra semilla",0.7415700095843377,0.504792114718718,0.24567341556505645
ExpectedGradients,1:100_subil,GAT,class_weighting,"otro escenario, misma semilla",0.8928308736111832,0.8669893073805053,0.6586302586302587
ExpectedGradients,1:100_subil,GAT,class_weighting,"otro escenario, otra semilla",0.7261182066250419,0.5269273059068323,0.321884651296416
ExpectedGradients,1:100_subil,GAT,class_weighting,"otro escenario, otra semilla",0.8192469162642396,0.7230370963737216,0.4865828615828615
ExpectedGradients,1:100_subil,GAT,class_weighting,"otro escenario, otra semilla",0.7508589725647365,0.535692373946629,0.32184155713567475
ExpectedGradients,1:100_subil,GAT,class_weighting,"otro escenario, misma semilla",0.9639570156322848,0.9573329499306742,0.8427350427350425
ExpectedGradients,1:100_subil,GAT,class_weighting,"otro escenario, otra semilla",0.7463258541437231,0.5200427982566063,0.26638614510131536
ExpectedGradients,1:100_subil,GAT,class_weighting,"otro escenario, otra semilla",0.7595644012626345,0.5677499696794726,0.3667769050121992
ExpectedGradients,1:100_subil,GAT,class_weighting,"otro escenario, otra semilla",0.8066061838802921,0.6092361095780648,0.4178697119873591
ExpectedGradients,1:100_subil,GAT,class_weighting,"otro escenario, misma semilla",0.785783118151396,0.6019033492616331,0.41647453853336214
ExpectedGradients,1:100_subil,GAT,focal_loss,"mismo escenario, otra semilla",0.8241835646608435,0.5956504039595482,0.29543860279154394
ExpectedGradients,1:100_subil,GAT,focal_loss,"mismo escenario, otra semilla",0.8009930465521212,0.5568835488578899,0.3020154395541392
ExpectedGradients,1:100_subil,GAT,focal_loss,"mismo escenario, otra semilla",0.7837825949438401,0.5397596786627822,0.1868806001932937
ExpectedGradients,1:100_subil,GAT,focal_loss,"otro escenario, misma semilla",0.7986086400563516,0.5772166183963352,0.3619071560248031
ExpectedGradients,1:100_subil,GAT,focal_loss,"otro escenario, otra semilla",0.7576530243173284,0.4367118999070428,0.20590078136517764
ExpectedGradients,1:100_subil,GAT,focal_loss,"otro escenario, otra semilla",0.7653491940556795,0.49255498468304365,0.22255289430212027
ExpectedGradients,1:100_subil,GAT,focal_loss,"otro escenario, otra semilla",0.7839929820104603,0.5347961159048888,0.3311224722989428
ExpectedGradients,1:100_subil,GAT,focal_loss,"otro escenario, misma semilla",0.8273872035206525,0.6123037932113886,0.3677537059890001
ExpectedGradients,1:100_subil,GAT,focal_loss,"otro escenario, otra semilla",0.7529834180470726,0.4726266604895838,0.22300818663047756
ExpectedGradients,1:100_subil,GAT,focal_loss,"otro escenario, otra semilla",0.7996399895973224,0.5806385143746688,0.34590186501951214
ExpectedGradients,1:100_subil,GAT,focal_loss,"otro escenario, otra semilla",0.8010633448555525,0.5555959778558238,0.41826653738418446
ExpectedGradients,1:100_subil,GAT,focal_loss,"otro escenario, misma semilla",0.7390653179477323,0.4487303191201269,0.23617172015004828
ExpectedGradients,1:100_subil,TAGCN,none,"mismo escenario, otra semilla",0.7402002542710192,0.5470018866759588,0.21990720264714075
ExpectedGradients,1:100_subil,TAGCN,none,"mismo escenario, otra semilla",0.7366399973603179,0.5094656216963876,0.2490777597588743
ExpectedGradients,1:100_subil,TAGCN,none,"mismo escenario, otra semilla",0.7293160932655643,0.5017150647633628,0.21711805279916735
ExpectedGradients,1:100_subil,TAGCN,none,"otro escenario, misma semilla",0.7474090572251093,0.5415027343353356,0.3224382915559386
ExpectedGradients,1:100_subil,TAGCN,none,"otro escenario, otra semilla",0.7211843754530425,0.4713361579600958,0.2503387679858268
ExpectedGradients,1:100_subil,TAGCN,none,"otro escenario, otra semilla",0.7027994048364066,0.4309847158765329,0.22082862384719967
ExpectedGradients,1:100_subil,TAGCN,none,"otro escenario, otra semilla",0.7219608543831348,0.521406864899837,0.21868380730609835
ExpectedGradients,1:100_subil,TAGCN,none,"otro escenario, misma semilla",0.7503176771030644,0.5346371897042795,0.26576049223108045
ExpectedGradients,1:100_subil,TAGCN,none,"otro escenario, otra semilla",0.730695259480396,0.4720967493933255,0.21319598014644453
ExpectedGradients,1:100_subil,TAGCN,none,"otro escenario, otra semilla",0.7101232700474527,0.4755532755996262,0.25702444270555724
ExpectedGradients,1:100_subil,TAGCN,none,"otro escenario, otra semilla",0.7252145141751567,0.49876629541518014,0.23136875164738946
ExpectedGradients,1:100_subil,TAGCN,none,"otro escenario, misma semilla",0.7486339725782548,0.524106557232105,0.2820925806219924
ExpectedGradients,1:100_subil,TAGCN,class_weighting,"mismo escenario, otra semilla",0.8029085670403533,0.701171062872936,0.4434065934065935
ExpectedGradients,1:100_subil,TAGCN,class_weighting,"mismo escenario, otra semilla",0.6375693716595432,0.3628110931929116,0.23149493265592327
ExpectedGradients,1:100_subil,TAGCN,class_weighting,"mismo escenario, otra semilla",0.6493412167890932,0.3472279274602892,0.1889911115143313
ExpectedGradients,1:100_subil,TAGCN,class_weighting,"otro escenario, misma semilla",0.8240968114307493,0.7480479603531747,0.5520146520146519
ExpectedGradients,1:100_subil,TAGCN,class_weighting,"otro escenario, otra semilla",0.7582708002039681,0.6175881985406595,0.41292465704230424
ExpectedGradients,1:100_subil,TAGCN,class_weighting,"otro escenario, otra semilla",0.6437982946133649,0.39128890696285124,0.1862814716529887
ExpectedGradients,1:100_subil,TAGCN,class_weighting,"otro escenario, otra semilla",0.7666236340704063,0.6386303948007961,0.391910866910867
ExpectedGradients,1:100_subil,TAGCN,class_weighting,"otro escenario, misma semilla",0.8376063707392054,0.7460989974207739,0.5570457320457322
ExpectedGradients,1:100_subil,TAGCN,class_weighting,"otro escenario, otra semilla",0.6560454510220427,0.38193291605682683,0.16216030271757823
ExpectedGradients,1:100_subil,TAGCN,class_weighting,"otro escenario, otra semilla",0.637800054926355,0.3630207448858858,0.22598007714106777
ExpectedGradients,1:100_subil,TAGCN,class_weighting,"otro escenario, otra semilla",0.6475769380203269,0.34456513956177764,0.19969802585901655
ExpectedGradients,1:100_subil,TAGCN,class_weighting,"otro escenario, misma semilla",0.9864210996460374,0.9826512459674954,0.9060606060606058
ExpectedGradients,1:100_subil,TAGCN,focal_loss,"mismo escenario, otra semilla",0.70589140233253,0.4704712540819186,0.1654712762297901
ExpectedGradients,1:100_subil,TAGCN,focal_loss,"mismo escenario, otra semilla",0.7004882301349004,0.4352732832082472,0.2211343781777218
ExpectedGradients,1:100_subil,TAGCN,focal_loss,"mismo escenario, otra semilla",0.7524132755675436,0.5430098829511626,0.28748054777466536
ExpectedGradients,1:100_subil,TAGCN,focal_loss,"otro escenario, misma semilla",0.8385463890611545,0.6807181356946383,0.44627594627594636
ExpectedGradients,1:100_subil,TAGCN,focal_loss,"otro escenario, otra semilla",0.7018674173355932,0.4745043956104602,0.23116025987543012
ExpectedGradients,1:100_subil,TAGCN,focal_loss,"otro escenario, otra semilla",0.7075055787148936,0.4768845258021724,0.2652607196724844
ExpectedGradients,1:100_subil,TAGCN,focal_loss,"otro escenario, otra semilla",0.6887010421477022,0.4493663737550414,0.17338034629056295
ExpectedGradients,1:100_subil,TAGCN,focal_loss,"otro escenario, misma semilla",0.9080028423610363,0.8278599589922753,0.5918602639190873
ExpectedGradients,1:100_subil,TAGCN,focal_loss,"otro escenario, otra semilla",0.7434527722981177,0.5316145055952713,0.2739688272970006
ExpectedGradients,1:100_subil,TAGCN,focal_loss,"otro escenario, otra semilla",0.721033638179976,0.4371656323855533,0.22856733336609494
ExpectedGradients,1:100_subil,TAGCN,focal_loss,"otro escenario, otra semilla",0.7361633474745085,0.5445317843723403,0.2689076575299485
ExpectedGradients,1:100_subil,TAGCN,focal_loss,"otro escenario, misma semilla",0.8110397163020125,0.6701492001561936,0.44363283775048484
ExpectedGradients,1:200_subil,GCN,none,"mismo escenario, otra semilla",0.755114633846185,0.5344788379921313,0.2482786276903924
ExpectedGradients,1:200_subil,GCN,none,"mismo escenario, otra semilla",0.7339575020105469,0.5029529083288221,0.21206186028167448
ExpectedGradients,1:200_subil,GCN,none,"mismo escenario, otra semilla",0.7323352426261737,0.47614865417055097,0.2104186118892001
ExpectedGradients,1:200_subil,GCN,none,"otro escenario, misma semilla",0.7422685017990915,0.5190456040785809,0.21909439889316049
ExpectedGradients,1:200_subil,GCN,none,"otro escenario, otra semilla",0.7263535737744091,0.4712715763664649,0.21920282732976226
ExpectedGradients,1:200_subil,GCN,none,"otro escenario, otra semilla",0.7281454055481834,0.4954255291452843,0.19282160907547893
ExpectedGradients,1:200_subil,GCN,none,"otro escenario, otra semilla",0.7494036165800629,0.532095048243753,0.2408503805562629
ExpectedGradients,1:200_subil,GCN,none,"otro escenario, misma semilla",0.7488991166370995,0.5274208334048868,0.22869182760823628
ExpectedGradients,1:200_subil,GCN,none,"otro escenario, otra semilla",0.7407741941518226,0.5089963702957705,0.22945633944085944
ExpectedGradients,1:200_subil,GCN,none,"otro escenario, otra semilla",0.7672885436971477,0.5405884008521973,0.3077905611187345
ExpectedGradients,1:200_subil,GCN,none,"otro escenario, otra semilla",0.7545916999928043,0.5134654459312783,0.20709617180205414
ExpectedGradients,1:200_subil,GCN,none,"otro escenario, misma semilla",0.752668254836162,0.5172663450317826,0.239172686618507
ExpectedGradients,1:200_subil,GCN,class_weighting,"mismo escenario, otra semilla",0.771242232211008,0.5935574284256909,0.4413308913308915
ExpectedGradients,1:200_subil,GCN,class_weighting,"mismo escenario, otra semilla",0.6399241513095573,0.385968316122868,0.2147641287734167
ExpectedGradients,1:200_subil,GCN,class_weighting,"mismo escenario, otra semilla",0.641177801911695,0.41123283954497425,0.19038200075351774
ExpectedGradients,1:200_subil,GCN,class_weighting,"otro escenario, misma semilla",0.6734084958590056,0.4442390808437696,0.2584657029703469
ExpectedGradients,1:200_subil,GCN,class_weighting,"otro escenario, otra semilla",0.6464879188178677,0.4108310644890077,0.2118480905632608
ExpectedGradients,1:200_subil,GCN,class_weighting,"otro escenario, otra semilla",0.7227468234700759,0.49031371642661825,0.21030296959089523
ExpectedGradients,1:200_subil,GCN,class_weighting,"otro escenario, otra semilla",0.6791546108618359,0.43957943190635507,0.22641253082429552
ExpectedGradients,1:200_subil,GCN,class_weighting,"otro escenario, misma semilla",0.6608559523647336,0.3979171160568046,0.18700550395596827
ExpectedGradients,1:200_subil,GCN,class_weighting,"otro escenario, otra semilla",0.7298145624626885,0.5222772961844393,0.16606533301579737
ExpectedGradients,1:200_subil,GCN,class_weighting,"otro escenario, otra semilla",0.6777550162901687,0.4277486593107236,0.20626279751666743
ExpectedGradients,1:200_subil,GCN,class_weighting,"otro escenario, otra semilla",0.6676803334071754,0.4232658754318904,0.21263166085147508
ExpectedGradients,1:200_subil,GCN,class_weighting,"otro escenario, misma semilla",0.7478077655578913,0.5609594173444855,0.1883827215096565
ExpectedGradients,1:200_subil,GCN,focal_loss,"mismo escenario, otra semilla",0.7427981213569499,0.4942800652986401,0.18812595213524
ExpectedGradients,1:200_subil,GCN,focal_loss,"mismo escenario, otra semilla",0.7507620965402074,0.48986916009425113,0.14501900175274782
ExpectedGradients,1:200_subil,GCN,focal_loss,"mismo escenario, otra semilla",0.8085012665096162,0.6366429841728516,0.29837020278196746
ExpectedGradients,1:200_subil,GCN,focal_loss,"otro escenario, misma semilla",0.758257031755362,0.535951733305137,0.204997221560689
ExpectedGradients,1:200_subil,GCN,focal_loss,"otro escenario, otra semilla",0.7836510788781788,0.5927457838136267,0.26263436998731116
ExpectedGradients,1:200_subil,GCN,focal_loss,"otro escenario, otra semilla",0.7444491017470993,0.4740231475902576,0.1782249742002064
ExpectedGradients,1:200_subil,GCN,focal_loss,"otro escenario, otra semilla",0.7236395132439922,0.4584830401573016,0.2421179582944288
ExpectedGradients,1:200_subil,GCN,focal_loss,"otro escenario, misma semilla",0.8594742635625409,0.7199935045206193,0.41268943474825837
ExpectedGradients,1:200_subil,GCN,focal_loss,"otro escenario, otra semilla",0.7815998472189511,0.5436195744477079,0.20745327370714367
ExpectedGradients,1:200_subil,GCN,focal_loss,"otro escenario, otra semilla",0.7368789896306599,0.4791017634058589,0.16609047127622978
ExpectedGradients,1:200_subil,GCN,focal_loss,"otro escenario, otra semilla",0.7807587575318695,0.5939931573802572,0.2599865677265058
ExpectedGradients,1:200_subil,GCN,focal_loss,"otro escenario, misma semilla",0.8425844510713224,0.7129953367543875,0.3730589671766143
ExpectedGradients,1:200_subil,GraphSAGE,none,"mismo escenario, otra semilla",0.7804822233481611,0.5455605796081725,0.2844597668127079
ExpectedGradients,1:200_subil,GraphSAGE,none,"mismo escenario, otra semilla",0.7754395794118363,0.5201576585822039,0.31070650482415185
ExpectedGradients,1:200_subil,GraphSAGE,none,"mismo escenario, otra semilla",0.761146664654737,0.48160561153579184,0.24947458515569967
ExpectedGradients,1:200_subil,GraphSAGE,none,"otro escenario, misma semilla",0.7355070143262039,0.545000568450203,0.22596442085606175
ExpectedGradients,1:200_subil,GraphSAGE,none,"otro escenario, otra semilla",0.7420533271886449,0.5557243992401434,0.22284469343292862
ExpectedGradients,1:200_subil,GraphSAGE,none,"otro escenario, otra semilla",0.7205896566000539,0.4267249129022942,0.18593174111749963
ExpectedGradients,1:200_subil,GraphSAGE,none,"otro escenario, otra semilla",0.7363370538498129,0.532546373815469,0.2154794666404574
ExpectedGradients,1:200_subil,GraphSAGE,none,"otro escenario, misma semilla",0.7062481364507793,0.43814444629747573,0.12946049764935216
ExpectedGradients,1:200_subil,GraphSAGE,none,"otro escenario, otra semilla",0.717423114189527,0.4518633970884454,0.17239708748996677
ExpectedGradients,1:200_subil,GraphSAGE,none,"otro escenario, otra semilla",0.7382645981672437,0.5293342251439794,0.2403750389044506
ExpectedGradients,1:200_subil,GraphSAGE,none,"otro escenario, otra semilla",0.7130239978555853,0.4644726975096354,0.13019149180139897
ExpectedGradients,1:200_subil,GraphSAGE,none,"otro escenario, misma semilla",0.7143026298339288,0.4320795103068111,0.22782266752854988
ExpectedGradients,1:200_subil,GraphSAGE,class_weighting,"mismo escenario, otra semilla",0.8838992275043075,0.8075290652775756,0.5197163947163947
ExpectedGradients,1:200_subil,GraphSAGE,class_weighting,"mismo escenario, otra semilla",0.741722420832495,0.4922268456697187,0.30638222000451093
ExpectedGradients,1:200_subil,GraphSAGE,class_weighting,"mismo escenario, otra semilla",0.7416797981722548,0.522864591822841,0.2708643466383404
ExpectedGradients,1:200_subil,GraphSAGE,class_weighting,"otro escenario, misma semilla",0.7649515002845532,0.5797673328206622,0.311263137733726
ExpectedGradients,1:200_subil,GraphSAGE,class_weighting,"otro escenario, otra semilla",0.748282647546456,0.604101463149557,0.31520036264618306
ExpectedGradients,1:200_subil,GraphSAGE,class_weighting,"otro escenario, otra semilla",0.6829944572968696,0.4315977442674187,0.27916476082110747
ExpectedGradients,1:200_subil,GraphSAGE,class_weighting,"otro escenario, otra semilla",0.7688390032378032,0.6136715294434985,0.3959527400703872
ExpectedGradients,1:200_subil,GraphSAGE,class_weighting,"otro escenario, misma semilla",0.7476018704668679,0.6147892346614463,0.3541244703009409
ExpectedGradients,1:200_subil,GraphSAGE,class_weighting,"otro escenario, otra semilla",0.6834713787247642,0.4338439286644712,0.2619922417910034
ExpectedGradients,1:200_subil,GraphSAGE,class_weighting,"otro escenario, otra semilla",0.7557276377820142,0.5811704758150396,0.35029986353515763
ExpectedGradients,1:200_subil,GraphSAGE,class_weighting,"otro escenario, otra semilla",0.740349516044919,0.583506576521676,0.2999437381790323
ExpectedGradients,1:200_subil,GraphSAGE,class_weighting,"otro escenario, misma semilla",0.6886044055573455,0.43570058140001133,0.25827477189706294
ExpectedGradients,1:200_subil,GraphSAGE,focal_loss,"mismo escenario, otra semilla",0.7372172854104132,0.47692534050244945,0.14387111569774108
ExpectedGradients,1:200_subil,GraphSAGE,focal_loss,"mismo escenario, otra semilla",0.7414125433420397,0.5006905478742218,0.18287753697970416
ExpectedGradients,1:200_subil,GraphSAGE,focal_loss,"mismo escenario, otra semilla",0.7405821806812914,0.4803540579020477,0.1937789735777352
ExpectedGradients,1:200_subil,GraphSAGE,focal_loss,"otro escenario, misma semilla",0.7463515574962268,0.47828167816400924,0.1940431143217521
ExpectedGradients,1:200_subil,GraphSAGE,focal_loss,"otro escenario, otra semilla",0.7481412638987478,0.5076968870914143,0.17064556816878798
ExpectedGradients,1:200_subil,GraphSAGE,focal_loss,"otro escenario, otra semilla",0.742268134988207,0.47988432363618766,0.23438154839083628
ExpectedGradients,1:200_subil,GraphSAGE,focal_loss,"otro escenario, otra semilla",0.7397991666424032,0.47972807999029804,0.1803016528248726
ExpectedGradients,1:200_subil,GraphSAGE,focal_loss,"otro escenario, misma semilla",0.7248281130453951,0.42224447897937506,0.16119137713564957
ExpectedGradients,1:200_subil,GraphSAGE,focal_loss,"otro escenario, otra semilla",0.7224086732026559,0.4344011097535491,0.17930569888774223
ExpectedGradients,1:200_subil,GraphSAGE,focal_loss,"otro escenario, otra semilla",0.7624404304067607,0.5110150103090964,0.2456056871691546
ExpectedGradients,1:200_subil,GraphSAGE,focal_loss,"otro escenario, otra semilla",0.7554070963054955,0.4938805348609194,0.18007191180565793
ExpectedGradients,1:200_subil,GraphSAGE,focal_loss,"otro escenario, misma semilla",0.7403206338879152,0.46398213244120706,0.22336790316666477
ExpectedGradients,1:200_subil,GAT,none,"mismo escenario, otra semilla",0.862289825514399,0.7121900383466195,0.5075230325230325
ExpectedGradients,1:200_subil,GAT,none,"mismo escenario, otra semilla",0.737340593795237,0.5589489840881818,0.2391604955072447
ExpectedGradients,1:200_subil,GAT,none,"mismo escenario, otra semilla",0.7314900579441475,0.5824990985087207,0.2231198912313463
ExpectedGradients,1:200_subil,GAT,none,"otro escenario, misma semilla",0.8770483486637128,0.7442540809710311,0.5206321456321457
ExpectedGradients,1:200_subil,GAT,none,"otro escenario, otra semilla",0.835024681309505,0.6518823777595195,0.5286463536463536
ExpectedGradients,1:200_subil,GAT,none,"otro escenario, otra semilla",0.6923167524266832,0.4739890698399597,0.17665471496740848
ExpectedGradients,1:200_subil,GAT,none,"otro escenario, otra semilla",0.8681114011165076,0.7105312517563728,0.5404006124594359
ExpectedGradients,1:200_subil,GAT,none,"otro escenario, misma semilla",0.8760605578840094,0.732705049605386,0.508443680502504
ExpectedGradients,1:200_subil,GAT,none,"otro escenario, otra semilla",0.7178961939700557,0.5245094576155981,0.2102059132244891
ExpectedGradients,1:200_subil,GAT,none,"otro escenario, otra semilla",0.7703797661619086,0.599904593772134,0.2735406578285835
ExpectedGradients,1:200_subil,GAT,none,"otro escenario, otra semilla",0.7721048160940751,0.6011457643929384,0.23463022185932395
ExpectedGradients,1:200_subil,GAT,none,"otro escenario, misma semilla",0.777903633910809,0.6923375440414229,0.34651664984482317
ExpectedGradients,1:200_subil,GAT,class_weighting,"mismo escenario, otra semilla",0.7178132842819611,0.5435279655305253,0.3602169072757308
ExpectedGradients,1:200_subil,GAT,class_weighting,"mismo escenario, otra semilla",0.7648522010331649,0.6297106110489545,0.3684802125978596
ExpectedGradients,1:200_subil,GAT,class_weighting,"mismo escenario, otra semilla",0.7967724739180176,0.5940226923369991,0.42596782302664665
ExpectedGradients,1:200_subil,GAT,class_weighting,"otro escenario, misma semilla",0.8343941918494017,0.7834812767321852,0.5590298590298589
ExpectedGradients,1:200_subil,GAT,class_weighting,"otro escenario, otra semilla",0.7125868297194018,0.5409310691898362,0.3459934401110872
ExpectedGradients,1:200_subil,GAT,class_weighting,"otro escenario, otra semilla",0.7427581596476842,0.5823132111701166,0.40033169444934164
ExpectedGradients,1:200_subil,GAT,class_weighting,"otro escenario, otra semilla",0.7092083955317326,0.5103880891707874,0.3466357716357717
ExpectedGradients,1:200_subil,GAT,class_weighting,"otro escenario, misma semilla",0.9344662347456615,0.9224699637371334,0.7793317793317792
ExpectedGradients,1:200_subil,GAT,class_weighting,"otro escenario, otra semilla",0.7971779669340944,0.5777848669061466,0.41550671550671564
ExpectedGradients,1:200_subil,GAT,class_weighting,"otro escenario, otra semilla",0.7345185789209512,0.5931493481773901,0.39465403877168587
ExpectedGradients,1:200_subil,GAT,class_weighting,"otro escenario, otra semilla",0.7877529232886897,0.6049091207055757,0.4351163542340013
ExpectedGradients,1:200_subil,GAT,class_weighting,"otro escenario, misma semilla",0.9319624262396746,0.9105591129061544,0.7620712620712621
ExpectedGradients,1:200_subil,GAT,focal_loss,"mismo escenario, otra semilla",0.8316425016394594,0.6110391589091821,0.35124374536139247
ExpectedGradients,1:200_subil,GAT,focal_loss,"mismo escenario, otra semilla",0.8365056763689002,0.6350621747952131,0.38671502789149836
ExpectedGradients,1:200_subil,GAT,focal_loss,"mismo escenario, otra semilla",0.7895121695218704,0.5286952045114488,0.19539068888914088
ExpectedGradients,1:200_subil,GAT,focal_loss,"otro escenario, misma semilla",0.798600339954717,0.5839985983983189,0.3726885859238801
ExpectedGradients,1:200_subil,GAT,focal_loss,"otro escenario, otra semilla",0.7588008798006165,0.45333989782778333,0.22268498042491858
ExpectedGradients,1:200_subil,GAT,focal_loss,"otro escenario, otra semilla",0.7727353420896074,0.5091093892523764,0.28657953959811533
ExpectedGradients,1:200_subil,GAT,focal_loss,"otro escenario, otra semilla",0.7785379831623988,0.5366206699535457,0.3709665062606239
ExpectedGradients,1:200_subil,GAT,focal_loss,"otro escenario, misma semilla",0.8221263945243238,0.5936244925640338,0.3735522647287353
ExpectedGradients,1:200_subil,GAT,focal_loss,"otro escenario, otra semilla",0.761619159459588,0.47931591780103033,0.24890897429597114
ExpectedGradients,1:200_subil,GAT,focal_loss,"otro escenario, otra semilla",0.8007899122654869,0.5770327634320355,0.37484857190739546
ExpectedGradients,1:200_subil,GAT,focal_loss,"otro escenario, otra semilla",0.783680731312829,0.5134225625085492,0.4371184371184372
ExpectedGradients,1:200_subil,GAT,focal_loss,"otro escenario, misma semilla",0.7527265150056285,0.46941605125579133,0.22092060845930814
ExpectedGradients,1:200_subil,TAGCN,none,"mismo escenario, otra semilla",0.740442281191941,0.5481296304596687,0.22513596081707538
ExpectedGradients,1:200_subil,TAGCN,none,"mismo escenario, otra semilla",0.737237999444228,0.5099075389600669,0.2490777597588743
ExpectedGradients,1:200_subil,TAGCN,none,"mismo escenario, otra semilla",0.7300325085475142,0.5026782294470461,0.2210510880015524
ExpectedGradients,1:200_subil,TAGCN,none,"otro escenario, misma semilla",0.7478395215658524,0.5423196636769819,0.3224382915559386
ExpectedGradients,1:200_subil,TAGCN,none,"otro escenario, otra semilla",0.7217467741576216,0.472436133783637,0.2525174172232996
ExpectedGradients,1:200_subil,TAGCN,none,"otro escenario, otra semilla",0.703052173493577,0.4315062599755725,0.2227779415859911
ExpectedGradients,1:200_subil,TAGCN,none,"otro escenario, otra semilla",0.7221113373453174,0.5224920848503068,0.21868380730609835
ExpectedGradients,1:200_subil,TAGCN,none,"otro escenario, misma semilla",0.7512942001547792,0.5360451085336748,0.26615731762790584
ExpectedGradients,1:200_subil,TAGCN,none,"otro escenario, otra semilla",0.7310618691802223,0.4729467321498126,0.21319598014644453
ExpectedGradients,1:200_subil,TAGCN,none,"otro escenario, otra semilla",0.710816464720566,0.4774302651178729,0.25702444270555724
ExpectedGradients,1:200_subil,TAGCN,none,"otro escenario, otra semilla",0.7260714357060547,0.4994562661017129,0.2307696231070845
ExpectedGradients,1:200_subil,TAGCN,none,"otro escenario, misma semilla",0.7486561471798575,0.5237356998853759,0.28454356101414924
ExpectedGradients,1:200_subil,TAGCN,class_weighting,"mismo escenario, otra semilla",0.7633545667345245,0.6323445155904996,0.4278844249432486
ExpectedGradients,1:200_subil,TAGCN,class_weighting,"mismo escenario, otra semilla",0.6166977117643015,0.3201466551957808,0.22567334626158153
ExpectedGradients,1:200_subil,TAGCN,class_weighting,"mismo escenario, otra semilla",0.6023042132707341,0.32220958878483547,0.18136763477320753
ExpectedGradients,1:200_subil,TAGCN,class_weighting,"otro escenario, misma semilla",0.7449509320480338,0.6088788292566149,0.42448597154479517
ExpectedGradients,1:200_subil,TAGCN,class_weighting,"otro escenario, otra semilla",0.7060314417166338,0.5391425015819512,0.35817840856540545
ExpectedGradients,1:200_subil,TAGCN,class_weighting,"otro escenario, otra semilla",0.6408744185771038,0.3831914558721676,0.18314945861385484
ExpectedGradients,1:200_subil,TAGCN,class_weighting,"otro escenario, otra semilla",0.710277766290645,0.5298049182057616,0.3606083459024635
ExpectedGradients,1:200_subil,TAGCN,class_weighting,"otro escenario, misma semilla",0.7596525557130617,0.6290178575659443,0.3676243146831382
ExpectedGradients,1:200_subil,TAGCN,class_weighting,"otro escenario, otra semilla",0.6520024496654495,0.3770092254184522,0.16433895195505102
ExpectedGradients,1:200_subil,TAGCN,class_weighting,"otro escenario, otra semilla",0.6142607528464196,0.31836239646131376,0.2193937584030463
ExpectedGradients,1:200_subil,TAGCN,class_weighting,"otro escenario, otra semilla",0.6007226459586706,0.32298992581450253,0.17696733664225922
ExpectedGradients,1:200_subil,TAGCN,class_weighting,"otro escenario, misma semilla",0.9771480419078207,0.9685767616005346,0.8169386169386167
ExpectedGradients,1:200_subil,TAGCN,focal_loss,"mismo escenario, otra semilla",0.7452376835234003,0.5144671049545779,0.24665610733722182
ExpectedGradients,1:200_subil,TAGCN,focal_loss,"mismo escenario, otra semilla",0.7376832227168844,0.5218232965105508,0.24111422346716468
ExpectedGradients,1:200_subil,TAGCN,focal_loss,"mismo escenario, otra semilla",0.7625555496931035,0.5401743766434727,0.20917515004202303
ExpectedGradients,1:200_subil,TAGCN,focal_loss,"otro escenario, misma semilla",0.7245676531045694,0.43948118749000514,0.2693726208432091
ExpectedGradients,1:200_subil,TAGCN,focal_loss,"otro escenario, otra semilla",0.7082970702976074,0.4029206672503648,0.241343554965846
ExpectedGradients,1:200_subil,TAGCN,focal_loss,"otro escenario, otra semilla",0.6915768509133469,0.39641206038380933,0.22671737160901242
ExpectedGradients,1:200_subil,TAGCN,focal_loss,"otro escenario, otra semilla",0.6914999619469882,0.4282772498312548,0.18124764525693315
ExpectedGradients,1:200_subil,TAGCN,focal_loss,"otro escenario, misma semilla",0.7139657344131402,0.49440112662280666,0.17242002063983491
ExpectedGradients,1:200_subil,TAGCN,focal_loss,"otro escenario, otra semilla",0.7222224442715177,0.48507419089476733,0.2104186118892001
ExpectedGradients,1:200_subil,TAGCN,focal_loss,"otro escenario, otra semilla",0.7325491856284281,0.4640893750672343,0.2160011957999574
ExpectedGradients,1:200_subil,TAGCN,focal_loss,"otro escenario, otra semilla",0.7170631549606752,0.452853407497871,0.17752837977296174
ExpectedGradients,1:200_subil,TAGCN,focal_loss,"otro escenario, misma semilla",0.7072913139627567,0.45524367277233996,0.244559362206421
