tipo,a,b,explainer,scenario,balancing,sp_all,sp_nz,jac10
arquitecturas,GCN,GraphSAGE,GNNExplainer,1:10,none,0.8788095222115719,0.5349401722843777,0.21387209854702116
arquitecturas,GCN,GAT,GNNExplainer,1:10,none,0.8772592648641677,0.4835814281644609,0.17609628646780345
arquitecturas,GCN,TAGCN,GNNExplainer,1:10,none,0.8058783812396939,0.3773289621025311,0.2026158596592033
arquitecturas,GraphSAGE,GAT,GNNExplainer,1:10,none,0.9108562412814091,0.6670728599442243,0.2950689947593972
arquitecturas,GraphSAGE,TAGCN,GNNExplainer,1:10,none,0.8664073041123374,0.6215531235252981,0.33671969012526287
arquitecturas,GAT,TAGCN,GNNExplainer,1:10,none,0.8623162538922229,0.565387923545322,0.24763240428875097
arquitecturas,GCN,GraphSAGE,ShapleyFeatures,1:10,none,0.9128486680224219,0.8461273434574068,0.4064732108849755
arquitecturas,GCN,GAT,ShapleyFeatures,1:10,none,0.9080184702396848,0.8296423054057122,0.4103487728874725
arquitecturas,GCN,TAGCN,ShapleyFeatures,1:10,none,0.8981444206936637,0.8251559379149263,0.37337798367210134
arquitecturas,GraphSAGE,GAT,ShapleyFeatures,1:10,none,0.9412216081551935,0.8867583365468442,0.43557813302395343
arquitecturas,GraphSAGE,TAGCN,ShapleyFeatures,1:10,none,0.9138072862043788,0.8679547827196342,0.5186870319223259
arquitecturas,GAT,TAGCN,ShapleyFeatures,1:10,none,0.9075266072085861,0.8600624093968603,0.46283787019081124
arquitecturas,GCN,GraphSAGE,IntegratedGradients,1:10,none,0.9638097914815216,0.7927802667335491,0.4243589743589744
arquitecturas,GCN,GAT,IntegratedGradients,1:10,none,0.9572492406015672,0.7562944899067378,0.3657826378414614
arquitecturas,GCN,TAGCN,IntegratedGradients,1:10,none,0.9632906192357709,0.7902014264703804,0.4137603137603138
arquitecturas,GraphSAGE,GAT,IntegratedGradients,1:10,none,0.966548733599772,0.8102526283561265,0.4624452345040581
arquitecturas,GraphSAGE,TAGCN,IntegratedGradients,1:10,none,0.9741970449768862,0.8538906622475481,0.5512931512931514
arquitecturas,GAT,TAGCN,IntegratedGradients,1:10,none,0.9713339993193103,0.8371340305065426,0.5173687423687423
arquitecturas,GCN,GraphSAGE,ExpectedGradients,1:10,none,0.6806078785885422,0.4438150776717992,0.2820669383362881
arquitecturas,GCN,GAT,ExpectedGradients,1:10,none,0.6954932608189269,0.4233845437985519,0.2133438170589873
arquitecturas,GCN,TAGCN,ExpectedGradients,1:10,none,0.6750227452882138,0.41316631652426283,0.25967533212115246
arquitecturas,GraphSAGE,GAT,ExpectedGradients,1:10,none,0.7300196390492425,0.4991194945145368,0.3030369412722354
arquitecturas,GraphSAGE,TAGCN,ExpectedGradients,1:10,none,0.8132500280605672,0.6976579606552702,0.4013646484234721
arquitecturas,GAT,TAGCN,ExpectedGradients,1:10,none,0.7646003530226236,0.5518852731035181,0.3754716416481123
explicadores,GNNExplainer,ShapleyFeatures,,1:10,none,0.6116624601614441,0.23926558501757597,0.12453847035890382
explicadores,GNNExplainer,IntegratedGradients,,1:10,none,0.8193461079293484,0.4851909478459637,0.25670603905898015
explicadores,GNNExplainer,ExpectedGradients,,1:10,none,0.4763799655155872,0.10280611051209829,0.1419647976149524
explicadores,ShapleyFeatures,IntegratedGradients,,1:10,none,0.46111804877669066,0.31468381158397907,0.23834340753845393
explicadores,ShapleyFeatures,ExpectedGradients,,1:10,none,0.4339176887251097,0.3166335272113094,0.23858921436320818
explicadores,IntegratedGradients,ExpectedGradients,,1:10,none,0.5056479825249739,0.2889485140559827,0.3686933981051628
explicadores,GNNExplainer,ShapleyFeatures,,1:10,none,0.6247264032223798,0.2805560982573469,0.11316362802430915
explicadores,GNNExplainer,IntegratedGradients,,1:10,none,0.8403809668675557,0.5343384529080433,0.23401584655454624
explicadores,GNNExplainer,ExpectedGradients,,1:10,none,0.5215856492595231,0.3032295307045026,0.17027577112716433
explicadores,ShapleyFeatures,IntegratedGradients,,1:10,none,0.48449980694062517,0.3671463151840355,0.27128180556973125
explicadores,ShapleyFeatures,ExpectedGradients,,1:10,none,0.41844865620344174,0.3091305338943259,0.22257614246778332
explicadores,IntegratedGradients,ExpectedGradients,,1:10,none,0.5516634799691978,0.4599567363200776,0.537024087024087
explicadores,GNNExplainer,ShapleyFeatures,,1:10,none,0.5253841671592371,0.2131997375647622,0.13177961242976727
explicadores,GNNExplainer,IntegratedGradients,,1:10,none,0.884274885309624,0.6101480026836174,0.30463161422913737
explicadores,GNNExplainer,ExpectedGradients,,1:10,none,0.5050341550472204,0.2062135832897273,0.16956771012498567
explicadores,ShapleyFeatures,IntegratedGradients,,1:10,none,0.4792304869324462,0.3245473320283335,0.2643501493346694
explicadores,ShapleyFeatures,ExpectedGradients,,1:10,none,0.46602394487000676,0.34201584679677055,0.24778392688609405
explicadores,IntegratedGradients,ExpectedGradients,,1:10,none,0.5189455708718952,0.2769586838474,0.4180158621335092
arquitecturas,GCN,GraphSAGE,GNNExplainer,1:10,none,0.892180290718316,0.6098493960728592,0.19826593255385827
arquitecturas,GCN,GAT,GNNExplainer,1:10,none,0.8947491422054056,0.5805332906059709,0.23914042900111
arquitecturas,GCN,TAGCN,GNNExplainer,1:10,none,0.8150863122804712,0.46485754379812305,0.1972288690554944
arquitecturas,GraphSAGE,GAT,GNNExplainer,1:10,none,0.906060496844549,0.6475484399550688,0.22573697945214966
arquitecturas,GraphSAGE,TAGCN,GNNExplainer,1:10,none,0.849871009262677,0.5423058237621156,0.2749771441721906
arquitecturas,GAT,TAGCN,GNNExplainer,1:10,none,0.8566242085639808,0.49099571076007115,0.2326444081088044
arquitecturas,GCN,GraphSAGE,ShapleyFeatures,1:10,none,0.9130679297432372,0.8503624921792903,0.4497045151843913
arquitecturas,GCN,GAT,ShapleyFeatures,1:10,none,0.9124265460165736,0.8503404024832398,0.46453539580474573
arquitecturas,GCN,TAGCN,ShapleyFeatures,1:10,none,0.906827931549592,0.8386649230406222,0.4392067083243553
arquitecturas,GraphSAGE,GAT,ShapleyFeatures,1:10,none,0.9448577596256175,0.8953728845963353,0.5003581385934327
arquitecturas,GraphSAGE,TAGCN,ShapleyFeatures,1:10,none,0.9189122360076442,0.8733633086484542,0.5194834577187517
arquitecturas,GAT,TAGCN,ShapleyFeatures,1:10,none,0.9048331483683024,0.8500991397199301,0.459701572936867
arquitecturas,GCN,GraphSAGE,IntegratedGradients,1:10,none,0.9662823141159261,0.808372702164009,0.49984329396094107
arquitecturas,GCN,GAT,IntegratedGradients,1:10,none,0.9692886170017158,0.8237219294813249,0.5046814296814298
arquitecturas,GCN,TAGCN,IntegratedGradients,1:10,none,0.9656500102601152,0.80772944500756,0.4855144855144856
arquitecturas,GraphSAGE,GAT,IntegratedGradients,1:10,none,0.9744684758896415,0.8510870645807768,0.5262182262182262
arquitecturas,GraphSAGE,TAGCN,IntegratedGradients,1:10,none,0.9747434457709209,0.8573432693201053,0.5637522608110844
arquitecturas,GAT,TAGCN,IntegratedGradients,1:10,none,0.9765785219771914,0.8649149519980817,0.5057359307359308
arquitecturas,GCN,GraphSAGE,ExpectedGradients,1:10,none,0.7454174093399591,0.5096295697124168,0.2990933215391419
arquitecturas,GCN,GAT,ExpectedGradients,1:10,none,0.7403472470118521,0.4903072731691186,0.3118078000430941
arquitecturas,GCN,TAGCN,ExpectedGradients,1:10,none,0.7322817505168968,0.46988721420176904,0.2971659604012544
arquitecturas,GraphSAGE,GAT,ExpectedGradients,1:10,none,0.7573893839667658,0.5887384369127092,0.3319860422801598
arquitecturas,GraphSAGE,TAGCN,ExpectedGradients,1:10,none,0.8123837600394304,0.6881608545184358,0.37671608004425344
arquitecturas,GAT,TAGCN,ExpectedGradients,1:10,none,0.7512837382363792,0.5809656531631432,0.31279786318486
explicadores,GNNExplainer,ShapleyFeatures,,1:10,none,0.6200386678114665,0.21842033272589856,0.1423530230805773
explicadores,GNNExplainer,IntegratedGradients,,1:10,none,0.809166417543627,0.43852394312802734,0.25353143588437704
explicadores,GNNExplainer,ExpectedGradients,,1:10,none,0.4576495085117736,0.11188731919911866,0.16016061395318357
explicadores,ShapleyFeatures,IntegratedGradients,,1:10,none,0.47351893309887993,0.29880230291415616,0.2234526739170701
explicadores,ShapleyFeatures,ExpectedGradients,,1:10,none,0.4221669815217855,0.3114987942563045,0.2623853815030285
explicadores,IntegratedGradients,ExpectedGradients,,1:10,none,0.4786373213652873,0.20877517278415905,0.37139875375169495
explicadores,GNNExplainer,ShapleyFeatures,,1:10,none,0.6129160623068356,0.25047056938950657,0.14954379412583743
explicadores,GNNExplainer,IntegratedGradients,,1:10,none,0.8479386343208388,0.5488582200818194,0.2234585647124346
explicadores,GNNExplainer,ExpectedGradients,,1:10,none,0.5459878131121338,0.29984909181776,0.14510090585941976
explicadores,ShapleyFeatures,IntegratedGradients,,1:10,none,0.4740017255108344,0.3059529598373561,0.2085697211858202
explicadores,ShapleyFeatures,ExpectedGradients,,1:10,none,0.4176592355958892,0.2716507356111488,0.2542402701071432
explicadores,IntegratedGradients,ExpectedGradients,,1:10,none,0.5678551823736704,0.417564060785428,0.3959715121479828
explicadores,GNNExplainer,ShapleyFeatures,,1:10,none,0.500025171975038,0.1461511289023888,0.16343057240890055
explicadores,GNNExplainer,IntegratedGradients,,1:10,none,0.8577150070514453,0.4297695140174625,0.3559278412219588
explicadores,GNNExplainer,ExpectedGradients,,1:10,none,0.4763303001293737,0.17175671220501332,0.16811964551902625
explicadores,ShapleyFeatures,IntegratedGradients,,1:10,none,0.46267986185520715,0.29866507273494064,0.23020100527840456
explicadores,ShapleyFeatures,ExpectedGradients,,1:10,none,0.4150318961012646,0.2834688610181805,0.2636514614842788
explicadores,IntegratedGradients,ExpectedGradients,,1:10,none,0.47552518058018506,0.2000714983434686,0.3179972933842902
arquitecturas,GCN,GraphSAGE,GNNExplainer,1:10,none,0.899131378593198,0.6464521804249057,0.18111823676839153
arquitecturas,GCN,GAT,GNNExplainer,1:10,none,0.8875807312017935,0.5557131795481263,0.19142095434665088
arquitecturas,GCN,TAGCN,GNNExplainer,1:10,none,0.8391458473336271,0.513004915285052,0.19213868633373277
arquitecturas,GraphSAGE,GAT,GNNExplainer,1:10,none,0.9140984236127304,0.6795140782667891,0.2544132452801183
arquitecturas,GraphSAGE,TAGCN,GNNExplainer,1:10,none,0.8695977014369635,0.5978903891121149,0.29146634812269484
arquitecturas,GAT,TAGCN,GNNExplainer,1:10,none,0.8544478671249105,0.4614976377579406,0.19611472119212045
arquitecturas,GCN,GraphSAGE,ShapleyFeatures,1:10,none,0.9175267981018137,0.8538962328558007,0.44907646819411523
arquitecturas,GCN,GAT,ShapleyFeatures,1:10,none,0.9053882512727943,0.83171470273085,0.38894574923986686
arquitecturas,GCN,TAGCN,ShapleyFeatures,1:10,none,0.9068073000676632,0.833929034576638,0.4421496803849744
arquitecturas,GraphSAGE,GAT,ShapleyFeatures,1:10,none,0.9411087522202386,0.8893313893678317,0.4236197897962603
arquitecturas,GraphSAGE,TAGCN,ShapleyFeatures,1:10,none,0.9139087648811399,0.8606856915937109,0.5352967294143766
arquitecturas,GAT,TAGCN,ShapleyFeatures,1:10,none,0.9022145769436127,0.8403296293730759,0.3791142952907659
arquitecturas,GCN,GraphSAGE,IntegratedGradients,1:10,none,0.9640818501684707,0.7979212014382037,0.4512730733318968
arquitecturas,GCN,GAT,IntegratedGradients,1:10,none,0.9583526226945054,0.7672689025148512,0.3723568914745386
arquitecturas,GCN,TAGCN,IntegratedGradients,1:10,none,0.9629601925381324,0.7881569238949135,0.517046842046842
arquitecturas,GraphSAGE,GAT,IntegratedGradients,1:10,none,0.964404067826183,0.7985420336938837,0.36850175967823023
arquitecturas,GraphSAGE,TAGCN,IntegratedGradients,1:10,none,0.9700056578269906,0.8268260042450118,0.5067432567432568
arquitecturas,GAT,TAGCN,IntegratedGradients,1:10,none,0.9651277540754591,0.8013775949243183,0.3276885968062439
arquitecturas,GCN,GraphSAGE,ExpectedGradients,1:10,none,0.7431632754927685,0.5194235801831159,0.32465764083411136
arquitecturas,GCN,GAT,ExpectedGradients,1:10,none,0.7117834402502882,0.42058707236607945,0.25542747013335254
arquitecturas,GCN,TAGCN,ExpectedGradients,1:10,none,0.7383344011499492,0.5389009630736631,0.30047283870813285
arquitecturas,GraphSAGE,GAT,ExpectedGradients,1:10,none,0.7182932479592237,0.5206258783170218,0.17681294740118267
arquitecturas,GraphSAGE,TAGCN,ExpectedGradients,1:10,none,0.792552478741258,0.6587174319147692,0.4130377792142499
arquitecturas,GAT,TAGCN,ExpectedGradients,1:10,none,0.6919906626470851,0.4553723230203096,0.18296133118114535
explicadores,GNNExplainer,ShapleyFeatures,,1:10,none,0.6187181163619034,0.24774948659037102,0.1620624273101053
explicadores,GNNExplainer,IntegratedGradients,,1:10,none,0.828687038264207,0.49513043188498096,0.3095538448479625
explicadores,GNNExplainer,ExpectedGradients,,1:10,none,0.4764181607179614,0.20465044074432956,0.13318426785919046
explicadores,ShapleyFeatures,IntegratedGradients,,1:10,none,0.47303245145848577,0.29502912260330694,0.22454609374114015
explicadores,ShapleyFeatures,ExpectedGradients,,1:10,none,0.4245878968992584,0.34702954038379324,0.23919193408357495
explicadores,IntegratedGradients,ExpectedGradients,,1:10,none,0.4926164462619666,0.3078316891043335,0.2989737243607212
explicadores,GNNExplainer,ShapleyFeatures,,1:10,none,0.5995044019641177,0.23900707709853602,0.10321924091273935
explicadores,GNNExplainer,IntegratedGradients,,1:10,none,0.8595311853368733,0.579341668361245,0.24575761928703102
explicadores,GNNExplainer,ExpectedGradients,,1:10,none,0.502175721014856,0.27675316083510315,0.18710993169197504
explicadores,ShapleyFeatures,IntegratedGradients,,1:10,none,0.4717003862628521,0.35040443632601836,0.25103633896203553
explicadores,ShapleyFeatures,ExpectedGradients,,1:10,none,0.39065702763046556,0.29023925035577786,0.23397873769390792
explicadores,IntegratedGradients,ExpectedGradients,,1:10,none,0.5384964800874302,0.45149818068820324,0.5594405594405594
explicadores,GNNExplainer,ShapleyFeatures,,1:10,none,0.4963793317816429,0.14330885926500792,0.13931340417408528
explicadores,GNNExplainer,IntegratedGradients,,1:10,none,0.8628141960533903,0.4444917212972757,0.3604114295290765
explicadores,GNNExplainer,ExpectedGradients,,1:10,none,0.4781134578722456,0.1800618583903308,0.1370829033367733
explicadores,ShapleyFeatures,IntegratedGradients,,1:10,none,0.46161498292564473,0.30612688697890306,0.2466090124758855
explicadores,ShapleyFeatures,ExpectedGradients,,1:10,none,0.4473172983421684,0.3172569558896142,0.2577946563240681
explicadores,IntegratedGradients,ExpectedGradients,,1:10,none,0.48219099037867963,0.2308584546709296,0.3648168280521222
arquitecturas,GCN,GraphSAGE,GNNExplainer,1:10,class_weighting,0.9212812237550337,0.7135130226898734,0.31377864767957636
arquitecturas,GCN,GAT,GNNExplainer,1:10,class_weighting,0.9073043244546976,0.6660332452005401,0.24703475632268196
arquitecturas,GCN,TAGCN,GNNExplainer,1:10,class_weighting,0.8390470676764267,0.5295788113061201,0.16241896218676408
arquitecturas,GraphSAGE,GAT,GNNExplainer,1:10,class_weighting,0.9357313421061781,0.7266371023978294,0.3907900092110618
arquitecturas,GraphSAGE,TAGCN,GNNExplainer,1:10,class_weighting,0.8848902176652107,0.6205734541449204,0.2857447792432312
arquitecturas,GAT,TAGCN,GNNExplainer,1:10,class_weighting,0.8866435122996833,0.6106852835532531,0.2864805931369398
arquitecturas,GCN,GraphSAGE,ShapleyFeatures,1:10,class_weighting,0.9159501403197539,0.8530778875082555,0.43722258134022846
arquitecturas,GCN,GAT,ShapleyFeatures,1:10,class_weighting,0.9194783764302458,0.8728669603195615,0.4575307045895282
arquitecturas,GCN,TAGCN,ShapleyFeatures,1:10,class_weighting,0.9054902771694868,0.8360325268768977,0.40438902056549114
arquitecturas,GraphSAGE,GAT,ShapleyFeatures,1:10,class_weighting,0.9454294170290447,0.8899175595054439,0.482840851958499
arquitecturas,GraphSAGE,TAGCN,ShapleyFeatures,1:10,class_weighting,0.9115534394289965,0.8576270876587094,0.47528510361327697
arquitecturas,GAT,TAGCN,ShapleyFeatures,1:10,class_weighting,0.9027853374777582,0.8421636496858903,0.4351875793052264
arquitecturas,GCN,GraphSAGE,IntegratedGradients,1:10,class_weighting,0.9655011148528906,0.8081136751701453,0.439051689051689
arquitecturas,GCN,GAT,IntegratedGradients,1:10,class_weighting,0.9680569770503317,0.8231857860328127,0.4456654456654457
arquitecturas,GCN,TAGCN,IntegratedGradients,1:10,class_weighting,0.9635114132928109,0.7988735223718494,0.4262049354154618
arquitecturas,GraphSAGE,GAT,IntegratedGradients,1:10,class_weighting,0.971427510159806,0.8408169457299539,0.4595148315736552
arquitecturas,GraphSAGE,TAGCN,IntegratedGradients,1:10,class_weighting,0.9726199348910147,0.8460191065636494,0.5733044733044733
arquitecturas,GAT,TAGCN,IntegratedGradients,1:10,class_weighting,0.9649429372135364,0.8015840494917195,0.4511433011433012
arquitecturas,GCN,GraphSAGE,ExpectedGradients,1:10,class_weighting,0.7265942898151018,0.46528816318551447,0.2912273456391103
arquitecturas,GCN,GAT,ExpectedGradients,1:10,class_weighting,0.754578243218118,0.571673058475776,0.36418516124398476
arquitecturas,GCN,TAGCN,ExpectedGradients,1:10,class_weighting,0.7047033003559399,0.465229135380502,0.29581627522803994
arquitecturas,GraphSAGE,GAT,ExpectedGradients,1:10,class_weighting,0.7520016239070785,0.554151513458329,0.40858112475759534
arquitecturas,GraphSAGE,TAGCN,ExpectedGradients,1:10,class_weighting,0.7741291656666943,0.6240900158675335,0.4542873792873793
arquitecturas,GAT,TAGCN,ExpectedGradients,1:10,class_weighting,0.7353724619531357,0.5580761069746814,0.41494828700711056
explicadores,GNNExplainer,ShapleyFeatures,,1:10,class_weighting,0.6209121726294429,0.30237316939940073,0.11248710010319919
explicadores,GNNExplainer,IntegratedGradients,,1:10,class_weighting,0.8566657933291639,0.5652418851137194,0.19784428391239536
explicadores,GNNExplainer,ExpectedGradients,,1:10,class_weighting,0.47841384131059067,0.22817684053676798,0.15343423919275312
explicadores,ShapleyFeatures,IntegratedGradients,,1:10,class_weighting,0.4574602853350977,0.28041049567260895,0.21062976697651617
explicadores,ShapleyFeatures,ExpectedGradients,,1:10,class_weighting,0.3748013010185976,0.25186702194287286,0.23178493619670087
explicadores,IntegratedGradients,ExpectedGradients,,1:10,class_weighting,0.5220790096945233,0.3990058780372123,0.414555052790347
explicadores,GNNExplainer,ShapleyFeatures,,1:10,class_weighting,0.5991454550248134,0.21964226865173234,0.1298274280472423
explicadores,GNNExplainer,IntegratedGradients,,1:10,class_weighting,0.8635761629389889,0.5579793296313514,0.2413554310613134
explicadores,GNNExplainer,ExpectedGradients,,1:10,class_weighting,0.4731253982596094,0.22810323918061323,0.18837535014005596
explicadores,ShapleyFeatures,IntegratedGradients,,1:10,class_weighting,0.4796907968936369,0.31645776571631173,0.2282443161700127
explicadores,ShapleyFeatures,ExpectedGradients,,1:10,class_weighting,0.36969297650015354,0.2673354691111596,0.20406899601946035
explicadores,IntegratedGradients,ExpectedGradients,,1:10,class_weighting,0.5161565781453932,0.4155533928138028,0.43015437721320077
explicadores,GNNExplainer,ShapleyFeatures,,1:10,class_weighting,0.5101072061848351,0.218897074775778,0.13825372254164828
explicadores,GNNExplainer,IntegratedGradients,,1:10,class_weighting,0.8876735968132,0.6156898391058613,0.2770914528654467
explicadores,GNNExplainer,ExpectedGradients,,1:10,class_weighting,0.4670932357720226,0.25143352032731714,0.20308860386259767
explicadores,ShapleyFeatures,IntegratedGradients,,1:10,class_weighting,0.45756053588597506,0.2689357464704696,0.16101840196267442
explicadores,ShapleyFeatures,ExpectedGradients,,1:10,class_weighting,0.37923543643134294,0.210851609883491,0.18048291291325347
explicadores,IntegratedGradients,ExpectedGradients,,1:10,class_weighting,0.5172997909286798,0.40536197432431437,0.4977037668214139
arquitecturas,GCN,GraphSAGE,GNNExplainer,1:10,class_weighting,0.9223103287675734,0.7142835013595987,0.3313492836712649
arquitecturas,GCN,GAT,GNNExplainer,1:10,class_weighting,0.9066509368053614,0.6673762421962511,0.24192942134118608
arquitecturas,GCN,TAGCN,GNNExplainer,1:10,class_weighting,0.8528442847682314,0.5737609144802334,0.24103828747791592
arquitecturas,GraphSAGE,GAT,GNNExplainer,1:10,class_weighting,0.934080963962253,0.738422269785504,0.31778172807584576
arquitecturas,GraphSAGE,TAGCN,GNNExplainer,1:10,class_weighting,0.8876136376252652,0.6217425419576971,0.30097437535518023
arquitecturas,GAT,TAGCN,GNNExplainer,1:10,class_weighting,0.8788744647219912,0.6184053491953136,0.24550822128221508
arquitecturas,GCN,GraphSAGE,ShapleyFeatures,1:10,class_weighting,0.9174020063594054,0.8625276905761928,0.4790749011337247
arquitecturas,GCN,GAT,ShapleyFeatures,1:10,class_weighting,0.9143655830418503,0.850722296767704,0.4202993486275219
arquitecturas,GCN,TAGCN,ShapleyFeatures,1:10,class_weighting,0.9044883627809192,0.8340498725131879,0.4512079423844128
arquitecturas,GraphSAGE,GAT,ShapleyFeatures,1:10,class_weighting,0.9410240395162387,0.8925493250446953,0.4619605340193575
arquitecturas,GraphSAGE,TAGCN,ShapleyFeatures,1:10,class_weighting,0.9099774355731783,0.8590501477718815,0.525446122504946
arquitecturas,GAT,TAGCN,ShapleyFeatures,1:10,class_weighting,0.9027027499543427,0.8428636049461377,0.42286642952277625
arquitecturas,GCN,GraphSAGE,IntegratedGradients,1:10,class_weighting,0.966098141557503,0.8102875020477602,0.47176434676434675
arquitecturas,GCN,GAT,IntegratedGradients,1:10,class_weighting,0.9668619264165782,0.8164966761174327,0.4774635495223731
arquitecturas,GCN,TAGCN,IntegratedGradients,1:10,class_weighting,0.964613851301007,0.8002431202649629,0.43272402978285335
arquitecturas,GraphSAGE,GAT,IntegratedGradients,1:10,class_weighting,0.9681793088915043,0.8238271559237891,0.41136907754554813
arquitecturas,GraphSAGE,TAGCN,IntegratedGradients,1:10,class_weighting,0.9725507949478907,0.849712075650274,0.5824666074666073
arquitecturas,GAT,TAGCN,IntegratedGradients,1:10,class_weighting,0.970419779328313,0.8347177101526653,0.388251454427925
arquitecturas,GCN,GraphSAGE,ExpectedGradients,1:10,class_weighting,0.7385296903031547,0.521407850171785,0.33015334338863755
arquitecturas,GCN,GAT,ExpectedGradients,1:10,class_weighting,0.7325034820832157,0.5128283651386885,0.2842652445593622
arquitecturas,GCN,TAGCN,ExpectedGradients,1:10,class_weighting,0.7014034436748737,0.46106944652523263,0.28575508025972424
arquitecturas,GraphSAGE,GAT,ExpectedGradients,1:10,class_weighting,0.7278333351695643,0.5193886976986383,0.2668534080298786
arquitecturas,GraphSAGE,TAGCN,ExpectedGradients,1:10,class_weighting,0.7859194373234555,0.6487060898286447,0.47452547452547456
arquitecturas,GAT,TAGCN,ExpectedGradients,1:10,class_weighting,0.7239081366958494,0.506848228881463,0.2447071991189638
explicadores,GNNExplainer,ShapleyFeatures,,1:10,class_weighting,0.6398242355174157,0.33449382804137395,0.13593460776123317
explicadores,GNNExplainer,IntegratedGradients,,1:10,class_weighting,0.8609531526235835,0.591451298869145,0.18942904647239003
explicadores,GNNExplainer,ExpectedGradients,,1:10,class_weighting,0.5071423329579163,0.27674725592765864,0.17704924074893114
explicadores,ShapleyFeatures,IntegratedGradients,,1:10,class_weighting,0.4731346967736975,0.2834531447802112,0.1791963569053352
explicadores,ShapleyFeatures,ExpectedGradients,,1:10,class_weighting,0.3886965251278565,0.23193871202412986,0.18914115353743835
explicadores,IntegratedGradients,ExpectedGradients,,1:10,class_weighting,0.5371121820864921,0.4133795927936301,0.5836469086469086
explicadores,GNNExplainer,ShapleyFeatures,,1:10,class_weighting,0.6086594628043926,0.2350187881610927,0.13839705472832406
explicadores,GNNExplainer,IntegratedGradients,,1:10,class_weighting,0.8527135200997836,0.5839963056825134,0.2662190607237046
explicadores,GNNExplainer,ExpectedGradients,,1:10,class_weighting,0.5689528856660078,0.3625395988687145,0.18037618556194404
explicadores,ShapleyFeatures,IntegratedGradients,,1:10,class_weighting,0.45754898021661133,0.306552693308159,0.21631022629474636
explicadores,ShapleyFeatures,ExpectedGradients,,1:10,class_weighting,0.4217307707758838,0.26863690310792443,0.224287024751421
explicadores,IntegratedGradients,ExpectedGradients,,1:10,class_weighting,0.5926187355513682,0.473212043290866,0.5253330003330003
explicadores,GNNExplainer,ShapleyFeatures,,1:10,class_weighting,0.5094899182288914,0.19610562274328397,0.14489639760537593
explicadores,GNNExplainer,IntegratedGradients,,1:10,class_weighting,0.8915024445243589,0.6161799837103634,0.30321190104471835
explicadores,GNNExplainer,ExpectedGradients,,1:10,class_weighting,0.5062152389956986,0.292581270281791,0.22891158262675282
explicadores,ShapleyFeatures,IntegratedGradients,,1:10,class_weighting,0.46045278422225205,0.254003808783032,0.17639155077235574
explicadores,ShapleyFeatures,ExpectedGradients,,1:10,class_weighting,0.38711201510976645,0.20664313212261554,0.18765459400134324
explicadores,IntegratedGradients,ExpectedGradients,,1:10,class_weighting,0.5469799282017572,0.43931998415279616,0.5823913015089487
arquitecturas,GCN,GraphSAGE,GNNExplainer,1:10,class_weighting,0.9042602282313718,0.6327516602193054,0.17443936638983074
arquitecturas,GCN,GAT,GNNExplainer,1:10,class_weighting,0.8885520731746444,0.5838568807699116,0.15725097056366405
arquitecturas,GCN,TAGCN,GNNExplainer,1:10,class_weighting,0.8208621472281759,0.4422170117665887,0.17139662882696938
arquitecturas,GraphSAGE,GAT,GNNExplainer,1:10,class_weighting,0.9208751809597809,0.6760283836833535,0.30750685789385473
arquitecturas,GraphSAGE,TAGCN,GNNExplainer,1:10,class_weighting,0.834295235198115,0.34049569960855625,0.17070003439972478
arquitecturas,GAT,TAGCN,GNNExplainer,1:10,class_weighting,0.8297928131860866,0.41189879064886076,0.17622119023047814
arquitecturas,GCN,GraphSAGE,ShapleyFeatures,1:10,class_weighting,0.9088968403507041,0.8431347048897497,0.4051689996736437
arquitecturas,GCN,GAT,ShapleyFeatures,1:10,class_weighting,0.9025226414651144,0.8185293325751452,0.36770489572347154
arquitecturas,GCN,TAGCN,ShapleyFeatures,1:10,class_weighting,0.9008886057754482,0.8229982209322834,0.4226777980647949
arquitecturas,GraphSAGE,GAT,ShapleyFeatures,1:10,class_weighting,0.9396931941490896,0.8776126208878995,0.43223682635447347
arquitecturas,GraphSAGE,TAGCN,ShapleyFeatures,1:10,class_weighting,0.8874289649607883,0.8153789356411854,0.36597794763429436
arquitecturas,GAT,TAGCN,ShapleyFeatures,1:10,class_weighting,0.8830083818181597,0.8024342612069498,0.3834715937657114
arquitecturas,GCN,GraphSAGE,IntegratedGradients,1:10,class_weighting,0.9589488834285783,0.7663249458153495,0.4374973066149536
arquitecturas,GCN,GAT,IntegratedGradients,1:10,class_weighting,0.9492773640325065,0.7094116604496018,0.4111937082525318
arquitecturas,GCN,TAGCN,IntegratedGradients,1:10,class_weighting,0.9565175013445749,0.750693260083452,0.4003764753764754
arquitecturas,GraphSAGE,GAT,IntegratedGradients,1:10,class_weighting,0.9615045735580531,0.7808312604339639,0.4231123451711688
arquitecturas,GraphSAGE,TAGCN,IntegratedGradients,1:10,class_weighting,0.9557663209387572,0.7462967522010341,0.36775658981541337
arquitecturas,GAT,TAGCN,IntegratedGradients,1:10,class_weighting,0.9509565835060456,0.7166550381372825,0.4219128910305381
arquitecturas,GCN,GraphSAGE,ExpectedGradients,1:10,class_weighting,0.6849786803626557,0.4472543498311333,0.2243619670090258
arquitecturas,GCN,GAT,ExpectedGradients,1:10,class_weighting,0.6697282908341886,0.35012222481044003,0.24492874972751136
arquitecturas,GCN,TAGCN,ExpectedGradients,1:10,class_weighting,0.7393414518558572,0.5316361464683159,0.23514817082928538
arquitecturas,GraphSAGE,GAT,ExpectedGradients,1:10,class_weighting,0.7232990445722968,0.46848893347680104,0.32759702171466876
arquitecturas,GraphSAGE,TAGCN,ExpectedGradients,1:10,class_weighting,0.6717682447839448,0.41452062328774625,0.204767071020941
arquitecturas,GAT,TAGCN,ExpectedGradients,1:10,class_weighting,0.6946498813176721,0.39490454400128844,0.227728981831149
explicadores,GNNExplainer,ShapleyFeatures,,1:10,class_weighting,0.6278468473992963,0.306609744172473,0.09923173947941752
explicadores,GNNExplainer,IntegratedGradients,,1:10,class_weighting,0.8624895306515458,0.5947146501688556,0.20296820482578998
explicadores,GNNExplainer,ExpectedGradients,,1:10,class_weighting,0.4806345136779756,0.26392788542742396,0.1788585024653136
explicadores,ShapleyFeatures,IntegratedGradients,,1:10,class_weighting,0.466059991261016,0.2796485415041086,0.15918211189109022
explicadores,ShapleyFeatures,ExpectedGradients,,1:10,class_weighting,0.37006846027294504,0.2180128083741345,0.16420708634330924
explicadores,IntegratedGradients,ExpectedGradients,,1:10,class_weighting,0.530531004521291,0.4604706833138724,0.5670399861576332
explicadores,GNNExplainer,ShapleyFeatures,,1:10,class_weighting,0.6312296933638328,0.29686547496487736,0.14341245270037842
explicadores,GNNExplainer,IntegratedGradients,,1:10,class_weighting,0.8263164912354473,0.5051137186592631,0.25945976681270805
explicadores,GNNExplainer,ExpectedGradients,,1:10,class_weighting,0.5287753796386276,0.3119437439208755,0.1570920765967206
explicadores,ShapleyFeatures,IntegratedGradients,,1:10,class_weighting,0.46808843972052283,0.3508344218677643,0.26800475925862915
explicadores,ShapleyFeatures,ExpectedGradients,,1:10,class_weighting,0.44449949298334307,0.3664599451502088,0.23484241649876322
explicadores,IntegratedGradients,ExpectedGradients,,1:10,class_weighting,0.5514971063297363,0.45136365423029257,0.48175305087069803
explicadores,GNNExplainer,ShapleyFeatures,,1:10,class_weighting,0.4917074053105476,0.129076679012796,0.15769186667019486
explicadores,GNNExplainer,IntegratedGradients,,1:10,class_weighting,0.8370819475161035,0.2991059984222183,0.3260386385773382
explicadores,GNNExplainer,ExpectedGradients,,1:10,class_weighting,0.5025291660768717,0.22701899352122704,0.16188797156289417
explicadores,ShapleyFeatures,IntegratedGradients,,1:10,class_weighting,0.44724242871536446,0.2426117428940099,0.18964650187560406
explicadores,ShapleyFeatures,ExpectedGradients,,1:10,class_weighting,0.40385874190663235,0.23699727501825496,0.20308819434206432
explicadores,IntegratedGradients,ExpectedGradients,,1:10,class_weighting,0.5029920502087966,0.21940803046330032,0.2831258467481378
arquitecturas,GCN,GraphSAGE,GNNExplainer,1:10,focal_loss,0.877279036687097,0.5298207829858884,0.16353752027126636
arquitecturas,GCN,GAT,GNNExplainer,1:10,focal_loss,0.89497168362584,0.593288618491427,0.21026627025079034
arquitecturas,GCN,TAGCN,GNNExplainer,1:10,focal_loss,0.8077684613793051,0.36776599761006423,0.14192819277958593
arquitecturas,GraphSAGE,GAT,GNNExplainer,1:10,focal_loss,0.9092458920331453,0.650836695556024,0.24597277507494222
arquitecturas,GraphSAGE,TAGCN,GNNExplainer,1:10,focal_loss,0.8238270872100824,0.32209585652145667,0.20922224490335942
arquitecturas,GAT,TAGCN,GNNExplainer,1:10,focal_loss,0.8200097842400703,0.3581090228891671,0.19175962782773928
arquitecturas,GCN,GraphSAGE,ShapleyFeatures,1:10,focal_loss,0.9170108746174827,0.8499248433801464,0.3929291554678552
arquitecturas,GCN,GAT,ShapleyFeatures,1:10,focal_loss,0.9127668776798706,0.8351214965926936,0.40952092569739634
arquitecturas,GCN,TAGCN,ShapleyFeatures,1:10,focal_loss,0.9018322679756148,0.8307276221456381,0.4010028356003588
arquitecturas,GraphSAGE,GAT,ShapleyFeatures,1:10,focal_loss,0.9323146031630359,0.8651802667560189,0.37538126361655777
arquitecturas,GraphSAGE,TAGCN,ShapleyFeatures,1:10,focal_loss,0.8943870181755923,0.8263604137558395,0.39774593598123004
arquitecturas,GAT,TAGCN,ShapleyFeatures,1:10,focal_loss,0.8901457529045935,0.8208532458741105,0.4094367219754217
arquitecturas,GCN,GraphSAGE,IntegratedGradients,1:10,focal_loss,0.9624360241138864,0.7856501792795726,0.4491668462256698
arquitecturas,GCN,GAT,IntegratedGradients,1:10,focal_loss,0.9566503609370375,0.7503990335090845,0.4079975579975581
arquitecturas,GCN,TAGCN,IntegratedGradients,1:10,focal_loss,0.9625651708974249,0.7781130689560573,0.4928817770923034
arquitecturas,GraphSAGE,GAT,IntegratedGradients,1:10,focal_loss,0.9609538093800332,0.777257226496301,0.3965021906198377
arquitecturas,GraphSAGE,TAGCN,IntegratedGradients,1:10,focal_loss,0.9679948649081533,0.8106254978256644,0.44844931756696466
arquitecturas,GAT,TAGCN,IntegratedGradients,1:10,focal_loss,0.9604415976133102,0.7651524834842067,0.41121364875234845
arquitecturas,GCN,GraphSAGE,ExpectedGradients,1:10,focal_loss,0.709562439194987,0.4700107065798517,0.24548528813234693
arquitecturas,GCN,GAT,ExpectedGradients,1:10,focal_loss,0.7131358430016519,0.4497730883774727,0.27498632831450165
arquitecturas,GCN,TAGCN,ExpectedGradients,1:10,focal_loss,0.688586528709206,0.4117786881425553,0.2976406892041566
arquitecturas,GraphSAGE,GAT,ExpectedGradients,1:10,focal_loss,0.6953388464593395,0.4650699039436469,0.3341000502765209
arquitecturas,GraphSAGE,TAGCN,ExpectedGradients,1:10,focal_loss,0.7007475968896983,0.4689176240755098,0.26938229182811224
arquitecturas,GAT,TAGCN,ExpectedGradients,1:10,focal_loss,0.7198468753843972,0.4875738816029263,0.27905352874393113
explicadores,GNNExplainer,ShapleyFeatures,,1:10,focal_loss,0.6181547039420169,0.2520111923721752,0.127901043458319
explicadores,GNNExplainer,IntegratedGradients,,1:10,focal_loss,0.8362710319705492,0.49339613900339374,0.22303921568627447
explicadores,GNNExplainer,ExpectedGradients,,1:10,focal_loss,0.4878945337351674,0.16967566585476285,0.14589496617360395
explicadores,ShapleyFeatures,IntegratedGradients,,1:10,focal_loss,0.465099835225283,0.2797599967647016,0.19165028584533228
explicadores,ShapleyFeatures,ExpectedGradients,,1:10,focal_loss,0.4058578989948339,0.26641261919059567,0.18447261945713964
explicadores,IntegratedGradients,ExpectedGradients,,1:10,focal_loss,0.5212864781553449,0.3159218771913786,0.3811163781752018
explicadores,GNNExplainer,ShapleyFeatures,,1:10,focal_loss,0.6343114166653462,0.2869725165209336,0.14482636959417144
explicadores,GNNExplainer,IntegratedGradients,,1:10,focal_loss,0.8177443731819923,0.4794647133834811,0.2653792286145226
explicadores,GNNExplainer,ExpectedGradients,,1:10,focal_loss,0.5338165118992809,0.2575548874102987,0.14564556816878796
explicadores,ShapleyFeatures,IntegratedGradients,,1:10,focal_loss,0.46956262403878096,0.31813184333719563,0.22143921896243873
explicadores,ShapleyFeatures,ExpectedGradients,,1:10,focal_loss,0.4366721556504565,0.32127342634722456,0.24070372638484094
explicadores,IntegratedGradients,ExpectedGradients,,1:10,focal_loss,0.5467565307866382,0.3382120621922171,0.4168518300871242
explicadores,GNNExplainer,ShapleyFeatures,,1:10,focal_loss,0.49455848414546283,0.1471939615343483,0.14118343243730241
explicadores,GNNExplainer,IntegratedGradients,,1:10,focal_loss,0.8335150876434227,0.2068283122263018,0.34366884405584097
explicadores,GNNExplainer,ExpectedGradients,,1:10,focal_loss,0.4865887913409155,0.23103279706757363,0.2135091058465671
explicadores,ShapleyFeatures,IntegratedGradients,,1:10,focal_loss,0.47275252191241973,0.30778396355625126,0.2865723715568917
explicadores,ShapleyFeatures,ExpectedGradients,,1:10,focal_loss,0.43064195037189046,0.298119555107289,0.2255846378137399
explicadores,IntegratedGradients,ExpectedGradients,,1:10,focal_loss,0.5171761024332383,0.28313197148667535,0.34025374064073766
arquitecturas,GCN,GraphSAGE,GNNExplainer,1:10,focal_loss,0.9100589926131043,0.6579828351151137,0.256090641384759
arquitecturas,GCN,GAT,GNNExplainer,1:10,focal_loss,0.8999063681940921,0.5851954163820534,0.21993464052287584
arquitecturas,GCN,TAGCN,GNNExplainer,1:10,focal_loss,0.8173609107822469,0.3459881861357302,0.1438236113158714
arquitecturas,GraphSAGE,GAT,GNNExplainer,1:10,focal_loss,0.9065439738107971,0.6474413236792863,0.2443103737221384
arquitecturas,GraphSAGE,TAGCN,GNNExplainer,1:10,focal_loss,0.8426541161424076,0.42953188497463374,0.234997719285645
arquitecturas,GAT,TAGCN,GNNExplainer,1:10,focal_loss,0.8179182141396372,0.3069125724565688,0.1424361557488492
arquitecturas,GCN,GraphSAGE,ShapleyFeatures,1:10,focal_loss,0.9143852354197018,0.858951744330077,0.41820010055304185
arquitecturas,GCN,GAT,ShapleyFeatures,1:10,focal_loss,0.9115625838932796,0.8500527215364083,0.38149483815118496
arquitecturas,GCN,TAGCN,ShapleyFeatures,1:10,focal_loss,0.9125441872821288,0.8376731330726346,0.4129516853975058
arquitecturas,GraphSAGE,GAT,ShapleyFeatures,1:10,focal_loss,0.9358203080041103,0.877597406358724,0.3951004333357274
arquitecturas,GraphSAGE,TAGCN,ShapleyFeatures,1:10,focal_loss,0.9049355415061883,0.8491281365416944,0.487998969268319
arquitecturas,GAT,TAGCN,ShapleyFeatures,1:10,focal_loss,0.8973726068671388,0.8402016261325492,0.43448550360315064
arquitecturas,GCN,GraphSAGE,IntegratedGradients,1:10,focal_loss,0.9634092729144863,0.7918451692242755,0.43657916157916166
arquitecturas,GCN,GAT,IntegratedGradients,1:10,focal_loss,0.9630675458576715,0.7891580657755497,0.3691607412195648
arquitecturas,GCN,TAGCN,IntegratedGradients,1:10,focal_loss,0.9614953753077116,0.7811960943109756,0.4167492638080873
arquitecturas,GraphSAGE,GAT,IntegratedGradients,1:10,focal_loss,0.9636636959721129,0.7919971427056873,0.4395604395604396
arquitecturas,GraphSAGE,TAGCN,IntegratedGradients,1:10,focal_loss,0.9662106031711233,0.8091901144439526,0.5017053208229678
arquitecturas,GAT,TAGCN,IntegratedGradients,1:10,focal_loss,0.9636687373337979,0.7946335568340763,0.4044615515203752
arquitecturas,GCN,GraphSAGE,ExpectedGradients,1:10,focal_loss,0.7371359020665949,0.4675090304560189,0.2313528920340065
arquitecturas,GCN,GAT,ExpectedGradients,1:10,focal_loss,0.7457064141526406,0.5051358188414345,0.23007871614682754
arquitecturas,GCN,TAGCN,ExpectedGradients,1:10,focal_loss,0.7305824259450697,0.4630765611267151,0.27694163135339606
arquitecturas,GraphSAGE,GAT,ExpectedGradients,1:10,focal_loss,0.7021606650457938,0.46933366799196613,0.2198660930859073
arquitecturas,GraphSAGE,TAGCN,ExpectedGradients,1:10,focal_loss,0.7534034175490827,0.5955974811199095,0.2753346727804932
arquitecturas,GAT,TAGCN,ExpectedGradients,1:10,focal_loss,0.7311934549080016,0.5057431774389314,0.2785480859010271
explicadores,GNNExplainer,ShapleyFeatures,,1:10,focal_loss,0.5978950755499132,0.18698268853106226,0.15604001834651993
explicadores,GNNExplainer,IntegratedGradients,,1:10,focal_loss,0.8021210657154341,0.3606904842410323,0.2708450991732725
explicadores,GNNExplainer,ExpectedGradients,,1:10,focal_loss,0.5421500067700417,0.25008450762463214,0.16795158459245138
explicadores,ShapleyFeatures,IntegratedGradients,,1:10,focal_loss,0.4688296788728699,0.3005651399578665,0.225099040965914
explicadores,ShapleyFeatures,ExpectedGradients,,1:10,focal_loss,0.4192967969477921,0.28178938430313893,0.24631891443036943
explicadores,IntegratedGradients,ExpectedGradients,,1:10,focal_loss,0.5371037517134721,0.2516942704169379,0.4003645047762695
explicadores,GNNExplainer,ShapleyFeatures,,1:10,focal_loss,0.6285962107980075,0.250193905271188,0.104942093796583
explicadores,GNNExplainer,IntegratedGradients,,1:10,focal_loss,0.836424874288192,0.5345829155861787,0.24297804591922245
explicadores,GNNExplainer,ExpectedGradients,,1:10,focal_loss,0.5420922794623665,0.3273109052369498,0.1416895998165348
explicadores,ShapleyFeatures,IntegratedGradients,,1:10,focal_loss,0.47158547361846437,0.27408097340722914,0.21026037945542583
explicadores,ShapleyFeatures,ExpectedGradients,,1:10,focal_loss,0.4051166496768793,0.24697528270867458,0.2217683159633624
explicadores,IntegratedGradients,ExpectedGradients,,1:10,focal_loss,0.5641610592100116,0.4160690763452117,0.4255339975928212
explicadores,GNNExplainer,ShapleyFeatures,,1:10,focal_loss,0.5108285954647938,0.1718703384959791,0.1443584451324389
explicadores,GNNExplainer,IntegratedGradients,,1:10,focal_loss,0.8172552808280186,0.17332535606690977,0.30303454715219413
explicadores,GNNExplainer,ExpectedGradients,,1:10,focal_loss,0.4417409906500122,0.2665098125747914,0.21285551107532533
explicadores,ShapleyFeatures,IntegratedGradients,,1:10,focal_loss,0.47035244587212305,0.27180942164938676,0.19999968498420506
explicadores,ShapleyFeatures,ExpectedGradients,,1:10,focal_loss,0.4195219153223757,0.35524626588191954,0.23679132471702133
explicadores,IntegratedGradients,ExpectedGradients,,1:10,focal_loss,0.46021381731289757,0.31032928880048694,0.3492902379125289
arquitecturas,GCN,GraphSAGE,GNNExplainer,1:10,focal_loss,0.8862756390544299,0.5573304485880111,0.13716030271757826
arquitecturas,GCN,GAT,GNNExplainer,1:10,focal_loss,0.8851327235423246,0.540355124342993,0.164588349959867
arquitecturas,GCN,TAGCN,GNNExplainer,1:10,focal_loss,0.819240314537066,0.3592709976337817,0.13719470244238047
arquitecturas,GraphSAGE,GAT,GNNExplainer,1:10,focal_loss,0.9049993690186945,0.6503710385562819,0.28231044554573964
arquitecturas,GraphSAGE,TAGCN,GNNExplainer,1:10,focal_loss,0.8334898462050135,0.39544662098101846,0.20897473699331276
arquitecturas,GAT,TAGCN,GNNExplainer,1:10,focal_loss,0.8315068948930666,0.42044931254458967,0.20986207348436448
arquitecturas,GCN,GraphSAGE,ShapleyFeatures,1:10,focal_loss,0.9017104922400837,0.8166460072716082,0.368977685541153
arquitecturas,GCN,GAT,ShapleyFeatures,1:10,focal_loss,0.9095103497467414,0.8436661458421512,0.3991716344657521
arquitecturas,GCN,TAGCN,ShapleyFeatures,1:10,focal_loss,0.8975951232186573,0.8179806949583288,0.40122767955585287
arquitecturas,GraphSAGE,GAT,ShapleyFeatures,1:10,focal_loss,0.9323416918963511,0.8612876003263394,0.4278335498923735
arquitecturas,GraphSAGE,TAGCN,ShapleyFeatures,1:10,focal_loss,0.9079131772650948,0.8552935882278558,0.5067253008429479
arquitecturas,GAT,TAGCN,ShapleyFeatures,1:10,focal_loss,0.8912031581773086,0.8156644814072425,0.44205810529339945
arquitecturas,GCN,GraphSAGE,IntegratedGradients,1:10,focal_loss,0.9542916368311971,0.7415404650794926,0.4051407742584214
arquitecturas,GCN,GAT,IntegratedGradients,1:10,focal_loss,0.9577850763337118,0.7603708375061137,0.4336129556717793
arquitecturas,GCN,TAGCN,IntegratedGradients,1:10,focal_loss,0.9532948352272155,0.7359345464407642,0.43555268261150615
arquitecturas,GraphSAGE,GAT,IntegratedGradients,1:10,focal_loss,0.9612272260171607,0.7808795236733486,0.3353198544375015
arquitecturas,GraphSAGE,TAGCN,IntegratedGradients,1:10,focal_loss,0.9707182669299314,0.8385555887404151,0.4756243756243757
arquitecturas,GAT,TAGCN,IntegratedGradients,1:10,focal_loss,0.9592514771693016,0.7696075273263525,0.4385225885225886
arquitecturas,GCN,GraphSAGE,ExpectedGradients,1:10,focal_loss,0.6870795181029768,0.4390336676899437,0.18130948285747045
arquitecturas,GCN,GAT,ExpectedGradients,1:10,focal_loss,0.7070854487113162,0.45208835446481543,0.1939405766805147
arquitecturas,GCN,TAGCN,ExpectedGradients,1:10,focal_loss,0.7318878558178896,0.4950758067440482,0.14105893819516113
arquitecturas,GraphSAGE,GAT,ExpectedGradients,1:10,focal_loss,0.7231119211187554,0.4687395387978519,0.22452546020657474
arquitecturas,GraphSAGE,TAGCN,ExpectedGradients,1:10,focal_loss,0.8055147643102455,0.675379460203398,0.311902966314731
arquitecturas,GAT,TAGCN,ExpectedGradients,1:10,focal_loss,0.735918577185868,0.4786453695300415,0.23898185004996148
explicadores,GNNExplainer,ShapleyFeatures,,1:10,focal_loss,0.615591103346437,0.23325070867272402,0.10571322096089901
explicadores,GNNExplainer,IntegratedGradients,,1:10,focal_loss,0.8272646708933399,0.4785067957462586,0.2712670628305303
explicadores,GNNExplainer,ExpectedGradients,,1:10,focal_loss,0.5501258956242405,0.2568985306033763,0.19606246007174796
explicadores,ShapleyFeatures,IntegratedGradients,,1:10,focal_loss,0.4703456428273287,0.2966278181244113,0.1985290022441725
explicadores,ShapleyFeatures,ExpectedGradients,,1:10,focal_loss,0.43583124015573876,0.25103992616168047,0.20702163906498272
explicadores,IntegratedGradients,ExpectedGradients,,1:10,focal_loss,0.5776955638330502,0.38229421507482597,0.515301256477727
explicadores,GNNExplainer,ShapleyFeatures,,1:10,focal_loss,0.6324121071841544,0.27686965642784755,0.12104976493521383
explicadores,GNNExplainer,IntegratedGradients,,1:10,focal_loss,0.8222227269771535,0.4829427200598305,0.20917285042672037
explicadores,GNNExplainer,ExpectedGradients,,1:10,focal_loss,0.5512409086743062,0.2743786231464974,0.13023162481366815
explicadores,ShapleyFeatures,IntegratedGradients,,1:10,focal_loss,0.4725312569510161,0.33385241125167864,0.23009657754239793
explicadores,ShapleyFeatures,ExpectedGradients,,1:10,focal_loss,0.4316246581192947,0.3193177473146837,0.2028048061329795
explicadores,IntegratedGradients,ExpectedGradients,,1:10,focal_loss,0.5794941391065456,0.4167742650720835,0.4486516207104442
explicadores,GNNExplainer,ShapleyFeatures,,1:10,focal_loss,0.523543138980107,0.18996490839300365,0.13920708634330925
explicadores,GNNExplainer,IntegratedGradients,,1:10,focal_loss,0.8166860443418101,0.19735581111491232,0.3086076490875252
explicadores,GNNExplainer,ExpectedGradients,,1:10,focal_loss,0.4873342050086976,0.23534992480250314,0.19363441282945928
explicadores,ShapleyFeatures,IntegratedGradients,,1:10,focal_loss,0.4906088759210406,0.3341260002187327,0.2523263744625973
explicadores,ShapleyFeatures,ExpectedGradients,,1:10,focal_loss,0.47447033630367214,0.3904639496053273,0.26864260324012634
explicadores,IntegratedGradients,ExpectedGradients,,1:10,focal_loss,0.5050335268435661,0.3049839453845225,0.36560307883837295
arquitecturas,GCN,GraphSAGE,GNNExplainer,1:10_os,none,0.882685532645041,0.5676157318854641,0.24353105614715523
arquitecturas,GCN,GAT,GNNExplainer,1:10_os,none,0.8758247552736133,0.48085879274958643,0.19488713614100608
arquitecturas,GCN,TAGCN,GNNExplainer,1:10_os,none,0.8043286658356961,0.35838706645070667,0.18050395596835228
arquitecturas,GraphSAGE,GAT,GNNExplainer,1:10_os,none,0.9095751466265704,0.6639067762097633,0.25494782708404995
arquitecturas,GraphSAGE,TAGCN,GNNExplainer,1:10_os,none,0.8620753452321892,0.578624507104472,0.28033419395648485
arquitecturas,GAT,TAGCN,GNNExplainer,1:10_os,none,0.8688718411568733,0.5752258108624263,0.22585958359952166
arquitecturas,GCN,GraphSAGE,ShapleyFeatures,1:10_os,none,0.9145886993633939,0.8492785428014238,0.4197433142479582
arquitecturas,GCN,GAT,ShapleyFeatures,1:10_os,none,0.9087463701666634,0.8313478925548279,0.4035842010300215
arquitecturas,GCN,TAGCN,ShapleyFeatures,1:10_os,none,0.905006833480761,0.8228417667900523,0.35823407185636286
arquitecturas,GraphSAGE,GAT,ShapleyFeatures,1:10_os,none,0.9360437054884125,0.8801228831162653,0.4455750676338911
arquitecturas,GraphSAGE,TAGCN,ShapleyFeatures,1:10_os,none,0.9110521223580269,0.847429062189135,0.4535571726748197
arquitecturas,GAT,TAGCN,ShapleyFeatures,1:10_os,none,0.9032708931230464,0.8348339276610153,0.4530844284714253
arquitecturas,GCN,GraphSAGE,IntegratedGradients,1:10_os,none,0.9601759174730836,0.7731480108740906,0.41791819291819293
arquitecturas,GCN,GAT,IntegratedGradients,1:10_os,none,0.9564506130469119,0.7520208193474196,0.349154371600192
arquitecturas,GCN,TAGCN,IntegratedGradients,1:10_os,none,0.9623419030030441,0.7855786191717583,0.39194139194139205
arquitecturas,GraphSAGE,GAT,IntegratedGradients,1:10_os,none,0.9617454001866123,0.7853524271837102,0.4122010342598578
arquitecturas,GraphSAGE,TAGCN,IntegratedGradients,1:10_os,none,0.9688606050854754,0.824241865675837,0.4301571522159759
arquitecturas,GAT,TAGCN,IntegratedGradients,1:10_os,none,0.9652166289811939,0.801094698617329,0.35542806866336285
arquitecturas,GCN,GraphSAGE,ExpectedGradients,1:10_os,none,0.6976804523951787,0.4496580064730427,0.2921939716057363
arquitecturas,GCN,GAT,ExpectedGradients,1:10_os,none,0.6918808153932099,0.42700721388465296,0.2023105148492145
arquitecturas,GCN,TAGCN,ExpectedGradients,1:10_os,none,0.65765298749147,0.4199347512182533,0.21725391911150424
arquitecturas,GraphSAGE,GAT,ExpectedGradients,1:10_os,none,0.716072619803552,0.4695822463851386,0.21627311743410813
arquitecturas,GraphSAGE,TAGCN,ExpectedGradients,1:10_os,none,0.71461886783576,0.485709539219033,0.25453814904279304
arquitecturas,GAT,TAGCN,ExpectedGradients,1:10_os,none,0.7296926366667554,0.5261531873173283,0.2880174291938997
explicadores,GNNExplainer,ShapleyFeatures,,1:10_os,none,0.6285392145625786,0.27593094586515515,0.15207258341933258
explicadores,GNNExplainer,IntegratedGradients,,1:10_os,none,0.8129715552524387,0.4610901138120518,0.3043898367427779
explicadores,GNNExplainer,ExpectedGradients,,1:10_os,none,0.4333204633787525,0.12446597435351009,0.15230191491801398
explicadores,ShapleyFeatures,IntegratedGradients,,1:10_os,none,0.47387925968200917,0.3119948113377248,0.22522221214171675
explicadores,ShapleyFeatures,ExpectedGradients,,1:10_os,none,0.41769788581421224,0.338370496263914,0.22422118645028857
explicadores,IntegratedGradients,ExpectedGradients,,1:10_os,none,0.454932065358805,0.25567958770111154,0.3422144304497246
explicadores,GNNExplainer,ShapleyFeatures,,1:10_os,none,0.6200296355239459,0.26689164778625313,0.10793486985437452
explicadores,GNNExplainer,IntegratedGradients,,1:10_os,none,0.8432448162169675,0.541395150667407,0.23271823349222726
explicadores,GNNExplainer,ExpectedGradients,,1:10_os,none,0.526960809411541,0.30813387274166754,0.1641841531934411
explicadores,ShapleyFeatures,IntegratedGradients,,1:10_os,none,0.48634139845691704,0.36705732162039023,0.25652375660115595
explicadores,ShapleyFeatures,ExpectedGradients,,1:10_os,none,0.4261894084863037,0.31771520252770197,0.21239095728259813
explicadores,IntegratedGradients,ExpectedGradients,,1:10_os,none,0.5578750550825802,0.48161962978487055,0.5474469974469973
explicadores,GNNExplainer,ShapleyFeatures,,1:10_os,none,0.5234077790393793,0.22008774644417015,0.12311211034121254
explicadores,GNNExplainer,IntegratedGradients,,1:10_os,none,0.8896145671462982,0.6221749021768679,0.3017435179199885
explicadores,GNNExplainer,ExpectedGradients,,1:10_os,none,0.543460089827588,0.31242102704004127,0.16650285845332283
explicadores,ShapleyFeatures,IntegratedGradients,,1:10_os,none,0.46855819408438265,0.28262836750563086,0.21552983766606051
explicadores,ShapleyFeatures,ExpectedGradients,,1:10_os,none,0.45680165613349083,0.28598436665379695,0.24731896357283356
explicadores,IntegratedGradients,ExpectedGradients,,1:10_os,none,0.5556224970854922,0.37079383676363803,0.4091212164741576
arquitecturas,GCN,GraphSAGE,GNNExplainer,1:10_os,none,0.8950028763354431,0.6119850804898209,0.21374990392018256
arquitecturas,GCN,GAT,GNNExplainer,1:10_os,none,0.8903440968193331,0.5558332736662851,0.21407670130580342
arquitecturas,GCN,TAGCN,GNNExplainer,1:10_os,none,0.8104670065907604,0.441293453073547,0.12538192514972704
arquitecturas,GraphSAGE,GAT,GNNExplainer,1:10_os,none,0.9108821601873082,0.6425059893114295,0.28006975251557287
arquitecturas,GraphSAGE,TAGCN,GNNExplainer,1:10_os,none,0.8641134520494199,0.5842413405632921,0.22556948555400566
arquitecturas,GAT,TAGCN,GNNExplainer,1:10_os,none,0.8718303753462044,0.5668917310048002,0.19881730469965764
arquitecturas,GCN,GraphSAGE,ShapleyFeatures,1:10_os,none,0.9139367705095762,0.8518597591785058,0.46239764993634963
arquitecturas,GCN,GAT,ShapleyFeatures,1:10_os,none,0.9131946548633931,0.8465956971759574,0.4434120746814246
arquitecturas,GCN,TAGCN,ShapleyFeatures,1:10_os,none,0.8955804908292218,0.8194441012703426,0.3836214152777621
arquitecturas,GraphSAGE,GAT,ShapleyFeatures,1:10_os,none,0.9462386127590631,0.8990578939535082,0.4720643191231426
arquitecturas,GraphSAGE,TAGCN,ShapleyFeatures,1:10_os,none,0.9028664153527513,0.8486076222327339,0.44050441589141276
arquitecturas,GAT,TAGCN,ShapleyFeatures,1:10_os,none,0.8941834706660029,0.8200854339556508,0.41850175967823033
arquitecturas,GCN,GraphSAGE,IntegratedGradients,1:10_os,none,0.9662589478454404,0.8108918190192846,0.5084628334628335
arquitecturas,GCN,GAT,IntegratedGradients,1:10_os,none,0.9686914396377355,0.8221472072424696,0.4776085026085027
arquitecturas,GCN,TAGCN,IntegratedGradients,1:10_os,none,0.9617510836694836,0.7828335453093611,0.4206654456654457
arquitecturas,GraphSAGE,GAT,IntegratedGradients,1:10_os,none,0.9743827885157172,0.8529822996445332,0.5197635697635697
arquitecturas,GraphSAGE,TAGCN,IntegratedGradients,1:10_os,none,0.9687921468153318,0.8227993313831851,0.44526083937848654
arquitecturas,GAT,TAGCN,IntegratedGradients,1:10_os,none,0.9686888203736052,0.8202782430605543,0.4021582992171228
arquitecturas,GCN,GraphSAGE,ExpectedGradients,1:10_os,none,0.737407082116858,0.5047932432549872,0.30050216667863716
arquitecturas,GCN,GAT,ExpectedGradients,1:10_os,none,0.744533377301011,0.49749048753105996,0.3109441212382389
arquitecturas,GCN,TAGCN,ExpectedGradients,1:10_os,none,0.6952915299746895,0.4111255924633393,0.24902738873327113
arquitecturas,GraphSAGE,GAT,ExpectedGradients,1:10_os,none,0.7506940445392006,0.5820592364998387,0.33517201752495857
arquitecturas,GraphSAGE,TAGCN,ExpectedGradients,1:10_os,none,0.7217440673951571,0.5651164997194013,0.2622626828509182
arquitecturas,GAT,TAGCN,ExpectedGradients,1:10_os,none,0.6978071945295389,0.4492031221944377,0.22319303789892023
explicadores,GNNExplainer,ShapleyFeatures,,1:10_os,none,0.6158814896557183,0.22373796474109942,0.14304961750782186
explicadores,GNNExplainer,IntegratedGradients,,1:10_os,none,0.8136752550098476,0.4449106550877937,0.2709720963590932
explicadores,GNNExplainer,ExpectedGradients,,1:10_os,none,0.4597343020447449,0.1319994294329784,0.17744877528159259
explicadores,ShapleyFeatures,IntegratedGradients,,1:10_os,none,0.4655315558497602,0.2899310789145837,0.22845210058832338
explicadores,ShapleyFeatures,ExpectedGradients,,1:10_os,none,0.41162108535894437,0.30437563018431174,0.25415647590570184
explicadores,IntegratedGradients,ExpectedGradients,,1:10_os,none,0.4716232883572928,0.1888680509433966,0.36589276736335563
explicadores,GNNExplainer,ShapleyFeatures,,1:10_os,none,0.6097125157592662,0.2490309117542585,0.15285067243271575
explicadores,GNNExplainer,IntegratedGradients,,1:10_os,none,0.8540368749386041,0.5607906651992437,0.2318897734532409
explicadores,GNNExplainer,ExpectedGradients,,1:10_os,none,0.550254522768229,0.30131727527920216,0.16161564040821
explicadores,ShapleyFeatures,IntegratedGradients,,1:10_os,none,0.47493261289951016,0.30306123577178173,0.19872459555122093
explicadores,ShapleyFeatures,ExpectedGradients,,1:10_os,none,0.4149192874325301,0.2607240147298941,0.25574976279310646
explicadores,IntegratedGradients,ExpectedGradients,,1:10_os,none,0.5629244987950659,0.3858230962602024,0.39035370947135656
explicadores,GNNExplainer,ShapleyFeatures,,1:10_os,none,0.5046368941044007,0.1816468142116362,0.08351106524481139
explicadores,GNNExplainer,IntegratedGradients,,1:10_os,none,0.882181887559241,0.5914336513234756,0.3021673716720156
explicadores,GNNExplainer,ExpectedGradients,,1:10_os,none,0.5026502633044051,0.24034974215726174,0.14875014333218664
explicadores,ShapleyFeatures,IntegratedGradients,,1:10_os,none,0.4586662533564511,0.2925447971242118,0.20730773640990355
explicadores,ShapleyFeatures,ExpectedGradients,,1:10_os,none,0.4373186040307536,0.30087953865355416,0.2093815483908363
explicadores,IntegratedGradients,ExpectedGradients,,1:10_os,none,0.5234856050258069,0.32946552136399965,0.44296868708633413
arquitecturas,GCN,GraphSAGE,GNNExplainer,1:10_os,none,0.8989485222305559,0.6355194006297081,0.20162727709167333
arquitecturas,GCN,GAT,GNNExplainer,1:10_os,none,0.8939852087898132,0.5998952715671291,0.22712745917080276
arquitecturas,GCN,TAGCN,GNNExplainer,1:10_os,none,0.8320906067333869,0.4760676247950617,0.1533597064556817
arquitecturas,GraphSAGE,GAT,GNNExplainer,1:10_os,none,0.9243525857850136,0.7297577331496672,0.31403921442621135
arquitecturas,GraphSAGE,TAGCN,GNNExplainer,1:10_os,none,0.8716602183083461,0.6139821122209929,0.27993497443961834
arquitecturas,GAT,TAGCN,GNNExplainer,1:10_os,none,0.8708334692071593,0.6002194814460838,0.24007715996880086
arquitecturas,GCN,GraphSAGE,ShapleyFeatures,1:10_os,none,0.9224592848659309,0.8636595064525348,0.46301873507755864
arquitecturas,GCN,GAT,ShapleyFeatures,1:10_os,none,0.9169806008259975,0.8522176369630974,0.4339486221839163
arquitecturas,GCN,TAGCN,ShapleyFeatures,1:10_os,none,0.902352860348372,0.8300335539499931,0.44381060116354226
arquitecturas,GraphSAGE,GAT,ShapleyFeatures,1:10_os,none,0.9476800849199604,0.9012601809055139,0.5422157363333834
arquitecturas,GraphSAGE,TAGCN,ShapleyFeatures,1:10_os,none,0.9009172501870374,0.8401205027223354,0.490391906568377
arquitecturas,GAT,TAGCN,ShapleyFeatures,1:10_os,none,0.900935158963553,0.8412321852730102,0.4452312107110869
arquitecturas,GCN,GraphSAGE,IntegratedGradients,1:10_os,none,0.9662524915368886,0.8081064110976232,0.478332125390949
arquitecturas,GCN,GAT,IntegratedGradients,1:10_os,none,0.9647588739603129,0.7985233738100967,0.5118714618714618
arquitecturas,GCN,TAGCN,IntegratedGradients,1:10_os,none,0.9645141618802213,0.7976286414608199,0.4725413475413475
arquitecturas,GraphSAGE,GAT,IntegratedGradients,1:10_os,none,0.9696644823786748,0.8244153724445724,0.5294538794538795
arquitecturas,GraphSAGE,TAGCN,IntegratedGradients,1:10_os,none,0.9677617660217543,0.818999317339418,0.46787101787101787
arquitecturas,GAT,TAGCN,IntegratedGradients,1:10_os,none,0.969439965227513,0.827403464681455,0.4458978929567165
arquitecturas,GCN,GraphSAGE,ExpectedGradients,1:10_os,none,0.7417736362906299,0.5243739186375856,0.3198257080610022
arquitecturas,GCN,GAT,ExpectedGradients,1:10_os,none,0.7450853236730395,0.4582409957962652,0.2504572769278652
arquitecturas,GCN,TAGCN,ExpectedGradients,1:10_os,none,0.6966230564195192,0.48277563966479226,0.3139374643244611
arquitecturas,GraphSAGE,GAT,ExpectedGradients,1:10_os,none,0.76337976765112,0.6084474855701832,0.23106090389372122
arquitecturas,GraphSAGE,TAGCN,ExpectedGradients,1:10_os,none,0.7492783775530384,0.5940749962528636,0.3214854317795493
arquitecturas,GAT,TAGCN,ExpectedGradients,1:10_os,none,0.7143436176971398,0.5531513823641596,0.28083935328517373
explicadores,GNNExplainer,ShapleyFeatures,,1:10_os,none,0.6138098117763349,0.23897108903449166,0.1578099660916998
explicadores,GNNExplainer,IntegratedGradients,,1:10_os,none,0.828268208970537,0.4880728443718656,0.28318738651555986
explicadores,GNNExplainer,ExpectedGradients,,1:10_os,none,0.4599887992738209,0.19111625320799464,0.12355521155830754
explicadores,ShapleyFeatures,IntegratedGradients,,1:10_os,none,0.4768411124269222,0.3146610392788279,0.2264547114392315
explicadores,ShapleyFeatures,ExpectedGradients,,1:10_os,none,0.42002965856691543,0.3642897890088631,0.23344185627467365
explicadores,IntegratedGradients,ExpectedGradients,,1:10_os,none,0.4882702077125261,0.31901793332367295,0.3204938708808677
explicadores,GNNExplainer,ShapleyFeatures,,1:10_os,none,0.6053974464835642,0.24369731579868947,0.11724859534457059
explicadores,GNNExplainer,IntegratedGradients,,1:10_os,none,0.8372082724814569,0.5378601240378147,0.22357020631014432
explicadores,GNNExplainer,ExpectedGradients,,1:10_os,none,0.522024716800327,0.28847337935635825,0.15200665061346175
explicadores,ShapleyFeatures,IntegratedGradients,,1:10_os,none,0.45716089123704945,0.32251097646731325,0.24592608973413918
explicadores,ShapleyFeatures,ExpectedGradients,,1:10_os,none,0.4385523608343266,0.3342806381621035,0.25313349361336973
explicadores,IntegratedGradients,ExpectedGradients,,1:10_os,none,0.532238441894022,0.4051198763054923,0.40120304532069245
explicadores,GNNExplainer,ShapleyFeatures,,1:10_os,none,0.5018015293244629,0.1500021515777847,0.1219138532606025
explicadores,GNNExplainer,IntegratedGradients,,1:10_os,none,0.8790486725507712,0.5637300346385405,0.2934239507768919
explicadores,GNNExplainer,ExpectedGradients,,1:10_os,none,0.4726420811910988,0.2530097701307619,0.14554810228184842
explicadores,ShapleyFeatures,IntegratedGradients,,1:10_os,none,0.46418085122622615,0.2890789123130932,0.2538244005736266
explicadores,ShapleyFeatures,ExpectedGradients,,1:10_os,none,0.4420503265198895,0.3282913222149112,0.29112310404880054
explicadores,IntegratedGradients,ExpectedGradients,,1:10_os,none,0.4857088175118589,0.3397381933394618,0.417076877370995
arquitecturas,GCN,GraphSAGE,GNNExplainer,1:10_os,class_weighting,0.9213334443845672,0.7158117913078228,0.350826443937899
arquitecturas,GCN,GAT,GNNExplainer,1:10_os,class_weighting,0.9026482785120753,0.6632281830849176,0.26430244162442296
arquitecturas,GCN,TAGCN,GNNExplainer,1:10_os,class_weighting,0.8403240550190437,0.5414417993059841,0.20655856584649154
arquitecturas,GraphSAGE,GAT,GNNExplainer,1:10_os,class_weighting,0.9301387923646587,0.6967980199151478,0.3082348737147498
arquitecturas,GraphSAGE,TAGCN,GNNExplainer,1:10_os,class_weighting,0.8848233794618942,0.616828468651786,0.28227629783357333
arquitecturas,GAT,TAGCN,GNNExplainer,1:10_os,class_weighting,0.8892751771460359,0.6179998861601675,0.24929121446149302
arquitecturas,GCN,GraphSAGE,ShapleyFeatures,1:10_os,class_weighting,0.9206461977839503,0.8612733112539095,0.46819291819291825
arquitecturas,GCN,GAT,ShapleyFeatures,1:10_os,class_weighting,0.9202642319200444,0.86526130467606,0.44357178768943484
arquitecturas,GCN,TAGCN,ShapleyFeatures,1:10_os,class_weighting,0.9080462217272723,0.8355554615881609,0.39651784690484393
arquitecturas,GraphSAGE,GAT,ShapleyFeatures,1:10_os,class_weighting,0.9453197056154671,0.8931499873133333,0.4545261927614869
arquitecturas,GraphSAGE,TAGCN,ShapleyFeatures,1:10_os,class_weighting,0.9094567815211863,0.8620432968675158,0.47880256997904064
arquitecturas,GAT,TAGCN,ShapleyFeatures,1:10_os,class_weighting,0.901395847165672,0.8434992033890473,0.41613217936747343
arquitecturas,GCN,GraphSAGE,IntegratedGradients,1:10_os,class_weighting,0.9702593179218277,0.8315584919240849,0.44553436759319115
arquitecturas,GCN,GAT,IntegratedGradients,1:10_os,class_weighting,0.966044319979111,0.8064648631051002,0.4367570338158574
arquitecturas,GCN,TAGCN,IntegratedGradients,1:10_os,class_weighting,0.9671620817300999,0.8143669810414548,0.40488520194402555
arquitecturas,GraphSAGE,GAT,IntegratedGradients,1:10_os,class_weighting,0.9709697156518095,0.8357700957567274,0.45255512461394826
arquitecturas,GraphSAGE,TAGCN,IntegratedGradients,1:10_os,class_weighting,0.9764188569856693,0.8697075398184138,0.5834054834054835
arquitecturas,GAT,TAGCN,IntegratedGradients,1:10_os,class_weighting,0.9665528091181058,0.8101031484750518,0.4205738705738706
arquitecturas,GCN,GraphSAGE,ExpectedGradients,1:10_os,class_weighting,0.7354570540726469,0.498988677839484,0.2921186656480774
arquitecturas,GCN,GAT,ExpectedGradients,1:10_os,class_weighting,0.7407119935635784,0.5570816030125961,0.36298690416337476
arquitecturas,GCN,TAGCN,ExpectedGradients,1:10_os,class_weighting,0.6983892751102345,0.4554892399310652,0.3113702746055687
arquitecturas,GraphSAGE,GAT,ExpectedGradients,1:10_os,class_weighting,0.7162284174704288,0.506069465507997,0.3639830614288819
arquitecturas,GraphSAGE,TAGCN,ExpectedGradients,1:10_os,class_weighting,0.7792209948311374,0.6548111519830279,0.4867216117216117
arquitecturas,GAT,TAGCN,ExpectedGradients,1:10_os,class_weighting,0.7276705156275429,0.5690136312800043,0.3583279465632407
explicadores,GNNExplainer,ShapleyFeatures,,1:10_os,class_weighting,0.6201825838867244,0.29196556365075216,0.08011409242059399
explicadores,GNNExplainer,IntegratedGradients,,1:10_os,class_weighting,0.8589476728894816,0.5769061303752225,0.20544662309368183
explicadores,GNNExplainer,ExpectedGradients,,1:10_os,class_weighting,0.5069331823067162,0.2509352125983081,0.16595410093862106
explicadores,ShapleyFeatures,IntegratedGradients,,1:10_os,class_weighting,0.4582768552951349,0.278349230565503,0.1865333267810048
explicadores,ShapleyFeatures,ExpectedGradients,,1:10_os,class_weighting,0.3700589695004682,0.19703114724998635,0.197489639130506
explicadores,IntegratedGradients,ExpectedGradients,,1:10_os,class_weighting,0.5530547592801034,0.4346928071186549,0.5687555908144143
explicadores,GNNExplainer,ShapleyFeatures,,1:10_os,class_weighting,0.5963088266090618,0.2205261037631092,0.1371574360738447
explicadores,GNNExplainer,IntegratedGradients,,1:10_os,class_weighting,0.8638551709182595,0.5469287602823448,0.2372974920962537
explicadores,GNNExplainer,ExpectedGradients,,1:10_os,class_weighting,0.4727322644323261,0.23390103341575977,0.1875972611266729
explicadores,ShapleyFeatures,IntegratedGradients,,1:10_os,class_weighting,0.48078422952200556,0.33714596981028666,0.24756826707291102
explicadores,ShapleyFeatures,ExpectedGradients,,1:10_os,class_weighting,0.3752185147734482,0.2778740724807847,0.23099317549781945
explicadores,IntegratedGradients,ExpectedGradients,,1:10_os,class_weighting,0.5165719942826671,0.42951370712970965,0.46057765763648123
explicadores,GNNExplainer,ShapleyFeatures,,1:10_os,class_weighting,0.504972382563879,0.18689884466007325,0.12099529870427705
explicadores,GNNExplainer,IntegratedGradients,,1:10_os,class_weighting,0.8916135654972812,0.6342376256137919,0.27054583416812517
explicadores,GNNExplainer,ExpectedGradients,,1:10_os,class_weighting,0.5007724837745271,0.2688804102758262,0.21421937195931007
explicadores,ShapleyFeatures,IntegratedGradients,,1:10_os,class_weighting,0.46555996449426956,0.2853068155168392,0.18948637934706045
explicadores,ShapleyFeatures,ExpectedGradients,,1:10_os,class_weighting,0.38601994196607153,0.22496538440362648,0.18174300759440076
explicadores,IntegratedGradients,ExpectedGradients,,1:10_os,class_weighting,0.5519890630225679,0.4298116073454842,0.537998112998113
arquitecturas,GCN,GraphSAGE,GNNExplainer,1:10_os,class_weighting,0.9219394025936308,0.734204751276581,0.37421690223547804
arquitecturas,GCN,GAT,GNNExplainer,1:10_os,class_weighting,0.8990783324840302,0.6511312695156579,0.2095270856880764
arquitecturas,GCN,TAGCN,GNNExplainer,1:10_os,class_weighting,0.8455927900865048,0.5716800989143181,0.2886944611402816
arquitecturas,GraphSAGE,GAT,GNNExplainer,1:10_os,class_weighting,0.9316623620252232,0.7198567919389215,0.27783961537831503
arquitecturas,GraphSAGE,TAGCN,GNNExplainer,1:10_os,class_weighting,0.8843619359886999,0.6287389848030377,0.3181467053758075
arquitecturas,GAT,TAGCN,GNNExplainer,1:10_os,class_weighting,0.8745238590917253,0.6012668305431252,0.2179872128788537
arquitecturas,GCN,GraphSAGE,ShapleyFeatures,1:10_os,class_weighting,0.918273924110206,0.8654167386043841,0.4872861343449579
arquitecturas,GCN,GAT,ShapleyFeatures,1:10_os,class_weighting,0.9145910323548011,0.8481275143384042,0.43745441578258915
arquitecturas,GCN,TAGCN,ShapleyFeatures,1:10_os,class_weighting,0.9037474233627442,0.8304024301354941,0.4273685865791128
arquitecturas,GraphSAGE,GAT,ShapleyFeatures,1:10_os,class_weighting,0.9437343052040255,0.8975018611099708,0.46704635234047004
arquitecturas,GraphSAGE,TAGCN,ShapleyFeatures,1:10_os,class_weighting,0.911218799457412,0.8638597890305735,0.4818180729945436
arquitecturas,GAT,TAGCN,ShapleyFeatures,1:10_os,class_weighting,0.9045612443835561,0.8475353650879505,0.408685552493602
arquitecturas,GCN,GraphSAGE,IntegratedGradients,1:10_os,class_weighting,0.9670619243743772,0.8155274182011689,0.4550630741807211
arquitecturas,GCN,GAT,IntegratedGradients,1:10_os,class_weighting,0.9654361378963044,0.8037882764308345,0.4497659747659748
arquitecturas,GCN,TAGCN,IntegratedGradients,1:10_os,class_weighting,0.9638223840594317,0.7956747514427228,0.43629545835428185
arquitecturas,GraphSAGE,GAT,IntegratedGradients,1:10_os,class_weighting,0.9708356342731836,0.8344844346384269,0.40876188082070436
arquitecturas,GraphSAGE,TAGCN,IntegratedGradients,1:10_os,class_weighting,0.9723892584647175,0.8493999129070456,0.5492368742368741
arquitecturas,GAT,TAGCN,IntegratedGradients,1:10_os,class_weighting,0.970674300242737,0.8361903665800984,0.4049767770356006
arquitecturas,GCN,GraphSAGE,ExpectedGradients,1:10_os,class_weighting,0.7295979705712837,0.5450845936240792,0.3512576203752675
arquitecturas,GCN,GAT,ExpectedGradients,1:10_os,class_weighting,0.7190245131262286,0.49364643997924945,0.28353384088678196
arquitecturas,GCN,TAGCN,ExpectedGradients,1:10_os,class_weighting,0.6847611459104945,0.4703683721865178,0.29085934418751763
arquitecturas,GraphSAGE,GAT,ExpectedGradients,1:10_os,class_weighting,0.7152720509986145,0.5171814416324648,0.2618000191529603
arquitecturas,GraphSAGE,TAGCN,ExpectedGradients,1:10_os,class_weighting,0.770113365989058,0.654693100898594,0.483041958041958
arquitecturas,GAT,TAGCN,ExpectedGradients,1:10_os,class_weighting,0.7101809334376576,0.49969662309004953,0.24496396849338029
explicadores,GNNExplainer,ShapleyFeatures,,1:10_os,class_weighting,0.6355230184434122,0.31650986044825447,0.1278162727079136
explicadores,GNNExplainer,IntegratedGradients,,1:10_os,class_weighting,0.862566719122347,0.6111747801058517,0.21227783511065237
explicadores,GNNExplainer,ExpectedGradients,,1:10_os,class_weighting,0.5212704654131735,0.30725985962609553,0.1930823791504906
explicadores,ShapleyFeatures,IntegratedGradients,,1:10_os,class_weighting,0.4685405446531662,0.285565049378292,0.1823714641052102
explicadores,ShapleyFeatures,ExpectedGradients,,1:10_os,class_weighting,0.3865847096972096,0.21593465531539313,0.18314249676478772
explicadores,IntegratedGradients,ExpectedGradients,,1:10_os,class_weighting,0.5514416414086519,0.4478998555507676,0.6142378862967098
explicadores,GNNExplainer,ShapleyFeatures,,1:10_os,class_weighting,0.6034198494521488,0.22347498824132728,0.12973692400936981
explicadores,GNNExplainer,IntegratedGradients,,1:10_os,class_weighting,0.851138044610455,0.5786427201400766,0.2854767638049372
explicadores,GNNExplainer,ExpectedGradients,,1:10_os,class_weighting,0.5635763129363922,0.3479140826950752,0.19446737759431254
explicadores,ShapleyFeatures,IntegratedGradients,,1:10_os,class_weighting,0.45585521793335315,0.3040517019569689,0.2251240847216079
explicadores,ShapleyFeatures,ExpectedGradients,,1:10_os,class_weighting,0.4194404963673129,0.2719248053337359,0.23033917120604425
explicadores,IntegratedGradients,ExpectedGradients,,1:10_os,class_weighting,0.5877767325522846,0.4610719723030948,0.5156093906093905
explicadores,GNNExplainer,ShapleyFeatures,,1:10_os,class_weighting,0.5044695939193987,0.19838415967901013,0.11246703359706459
explicadores,GNNExplainer,IntegratedGradients,,1:10_os,class_weighting,0.8925426154183034,0.6309582120814755,0.32813988843400616
explicadores,GNNExplainer,ExpectedGradients,,1:10_os,class_weighting,0.4938240579838276,0.28097919107173847,0.2400208036430946
explicadores,ShapleyFeatures,IntegratedGradients,,1:10_os,class_weighting,0.4612512501822383,0.293255509381932,0.19023006863564135
explicadores,ShapleyFeatures,ExpectedGradients,,1:10_os,class_weighting,0.376240548404925,0.219464181430125,0.1938993726145429
explicadores,IntegratedGradients,ExpectedGradients,,1:10_os,class_weighting,0.5445026693678496,0.44091726958466215,0.5935370185370185
arquitecturas,GCN,GraphSAGE,GNNExplainer,1:10_os,class_weighting,0.902403964322237,0.6341701639557318,0.1699891067538126
arquitecturas,GCN,GAT,GNNExplainer,1:10_os,class_weighting,0.8887289534890767,0.5691950212669946,0.12197569086113981
arquitecturas,GCN,TAGCN,GNNExplainer,1:10_os,class_weighting,0.8227159706102349,0.44543750212845823,0.17798704277032448
arquitecturas,GraphSAGE,GAT,GNNExplainer,1:10_os,class_weighting,0.9324735111646895,0.7122323168256511,0.37255478439688966
arquitecturas,GraphSAGE,TAGCN,GNNExplainer,1:10_os,class_weighting,0.8368178850537955,0.35574086230504043,0.17922829950693728
arquitecturas,GAT,TAGCN,GNNExplainer,1:10_os,class_weighting,0.8451912948776225,0.4159506710158353,0.16418415319344112
arquitecturas,GCN,GraphSAGE,ShapleyFeatures,1:10_os,class_weighting,0.9089506401464192,0.8408612358408826,0.4186089910548115
arquitecturas,GCN,GAT,ShapleyFeatures,1:10_os,class_weighting,0.8982445268391294,0.8097559463319236,0.37153939398521446
arquitecturas,GCN,TAGCN,ShapleyFeatures,1:10_os,class_weighting,0.9036143291987313,0.8287078666677131,0.41434446473146164
arquitecturas,GraphSAGE,GAT,ShapleyFeatures,1:10_os,class_weighting,0.9467347316579527,0.8896222683394979,0.4553364935717877
arquitecturas,GraphSAGE,TAGCN,ShapleyFeatures,1:10_os,class_weighting,0.8840382662823701,0.8068261379802405,0.3695415008108505
arquitecturas,GAT,TAGCN,ShapleyFeatures,1:10_os,class_weighting,0.8798081086418671,0.7931286191695471,0.3544215301955239
arquitecturas,GCN,GraphSAGE,IntegratedGradients,1:10_os,class_weighting,0.9596304832701553,0.7691943869779999,0.4048660489836961
arquitecturas,GCN,GAT,IntegratedGradients,1:10_os,class_weighting,0.949173230407514,0.7093293440394423,0.33735844765256523
arquitecturas,GCN,TAGCN,IntegratedGradients,1:10_os,class_weighting,0.9562587073169084,0.7483626822512497,0.43192020397902753
arquitecturas,GraphSAGE,GAT,IntegratedGradients,1:10_os,class_weighting,0.9687863981903235,0.8249599208655966,0.4055700147805411
arquitecturas,GraphSAGE,TAGCN,IntegratedGradients,1:10_os,class_weighting,0.9562304284359578,0.7493277498959081,0.3522726184490891
arquitecturas,GAT,TAGCN,IntegratedGradients,1:10_os,class_weighting,0.9497816082359163,0.7113665911797377,0.35802458635275974
arquitecturas,GCN,GraphSAGE,ExpectedGradients,1:10_os,class_weighting,0.6847655053422724,0.4529967543856552,0.21064794338788148
arquitecturas,GCN,GAT,ExpectedGradients,1:10_os,class_weighting,0.6415057905243025,0.3564983667181441,0.21864669844546
arquitecturas,GCN,TAGCN,ExpectedGradients,1:10_os,class_weighting,0.7368074991297536,0.5301576994832847,0.23234295517577247
arquitecturas,GraphSAGE,GAT,ExpectedGradients,1:10_os,class_weighting,0.750794802707288,0.542957989125958,0.29633400368694485
arquitecturas,GraphSAGE,TAGCN,ExpectedGradients,1:10_os,class_weighting,0.6659662983858802,0.4027998353360763,0.18245516380191293
arquitecturas,GAT,TAGCN,ExpectedGradients,1:10_os,class_weighting,0.6648871524509731,0.38896205401806466,0.19694907202647136
explicadores,GNNExplainer,ShapleyFeatures,,1:10_os,class_weighting,0.6288871508295634,0.30403583368099296,0.10326224056874217
explicadores,GNNExplainer,IntegratedGradients,,1:10_os,class_weighting,0.861191516925343,0.5926862602962194,0.23044073229831738
explicadores,GNNExplainer,ExpectedGradients,,1:10_os,class_weighting,0.492969960823958,0.2467327650679379,0.198365603551362
explicadores,ShapleyFeatures,IntegratedGradients,,1:10_os,class_weighting,0.4674614510546154,0.2805068541528544,0.17357077333857515
explicadores,ShapleyFeatures,ExpectedGradients,,1:10_os,class_weighting,0.3642519539405091,0.18366884303725778,0.16871631693613123
explicadores,IntegratedGradients,ExpectedGradients,,1:10_os,class_weighting,0.5363913999433965,0.42169747440451466,0.5810149001325473
explicadores,GNNExplainer,ShapleyFeatures,,1:10_os,class_weighting,0.6103614861947171,0.26646947444506225,0.1349816534801055
explicadores,GNNExplainer,IntegratedGradients,,1:10_os,class_weighting,0.8476514317684163,0.5187732805518226,0.22519272666331486
explicadores,GNNExplainer,ExpectedGradients,,1:10_os,class_weighting,0.5132264806695888,0.2877612184472518,0.17614338132913984
explicadores,ShapleyFeatures,IntegratedGradients,,1:10_os,class_weighting,0.46385330673886105,0.33450616854502335,0.2256551698502162
explicadores,ShapleyFeatures,ExpectedGradients,,1:10_os,class_weighting,0.4112452966365605,0.2956953973710571,0.21989583057694512
explicadores,IntegratedGradients,ExpectedGradients,,1:10_os,class_weighting,0.5370414852817288,0.4514855764621671,0.48776435982318334
explicadores,GNNExplainer,ShapleyFeatures,,1:10_os,class_weighting,0.4967425559306988,0.14044124056743384,0.1544898256198566
explicadores,GNNExplainer,IntegratedGradients,,1:10_os,class_weighting,0.8351027742463063,0.2932431609142693,0.34088278136265754
explicadores,GNNExplainer,ExpectedGradients,,1:10_os,class_weighting,0.49933897700142305,0.22361615853990902,0.16393475518862513
explicadores,ShapleyFeatures,IntegratedGradients,,1:10_os,class_weighting,0.44821594610075094,0.2427771343605891,0.18732042524612189
explicadores,ShapleyFeatures,ExpectedGradients,,1:10_os,class_weighting,0.4068001196779007,0.2437472119413316,0.19456033875538517
explicadores,IntegratedGradients,ExpectedGradients,,1:10_os,class_weighting,0.5005371142655203,0.22657589447936413,0.29755350715103035
arquitecturas,GCN,GraphSAGE,GNNExplainer,1:10_os,focal_loss,0.8818899577368483,0.5559387110165306,0.1550293216701885
arquitecturas,GCN,GAT,GNNExplainer,1:10_os,focal_loss,0.8826658038458312,0.5341046872090824,0.14196479761495245
arquitecturas,GCN,TAGCN,GNNExplainer,1:10_os,focal_loss,0.8012222627600358,0.3472499547459925,0.1359620456369682
arquitecturas,GraphSAGE,GAT,GNNExplainer,1:10_os,focal_loss,0.9107701824757459,0.6642960307961145,0.3213413750565453
arquitecturas,GraphSAGE,TAGCN,GNNExplainer,1:10_os,focal_loss,0.8241405806495199,0.34735678340771675,0.21342121643979217
arquitecturas,GAT,TAGCN,GNNExplainer,1:10_os,focal_loss,0.8452119763017035,0.42063257160351786,0.18762019427654097
arquitecturas,GCN,GraphSAGE,ShapleyFeatures,1:10_os,focal_loss,0.9185944250760114,0.8540558994468704,0.41163732781379836
arquitecturas,GCN,GAT,ShapleyFeatures,1:10_os,focal_loss,0.9152819121803708,0.8519472698611709,0.4003722856664033
arquitecturas,GCN,TAGCN,ShapleyFeatures,1:10_os,focal_loss,0.8770106964213438,0.8099909660535668,0.39419016369480764
arquitecturas,GraphSAGE,GAT,ShapleyFeatures,1:10_os,focal_loss,0.9531346966881076,0.9184227768248723,0.46660581993399325
arquitecturas,GraphSAGE,TAGCN,ShapleyFeatures,1:10_os,focal_loss,0.8775569564797586,0.8224616337985469,0.4509942671707377
arquitecturas,GAT,TAGCN,ShapleyFeatures,1:10_os,focal_loss,0.8836506423291479,0.8395223454884495,0.48649087697075305
arquitecturas,GCN,GraphSAGE,IntegratedGradients,1:10_os,focal_loss,0.9595512798150214,0.7698158764110634,0.4425567896156133
arquitecturas,GCN,GAT,IntegratedGradients,1:10_os,focal_loss,0.9580812732026144,0.7637520435295185,0.4176560367736839
arquitecturas,GCN,TAGCN,IntegratedGradients,1:10_os,focal_loss,0.9581511418920984,0.7628511492566545,0.44071761571761575
arquitecturas,GraphSAGE,GAT,IntegratedGradients,1:10_os,focal_loss,0.973238891840219,0.8533395411674113,0.5709901209901209
arquitecturas,GraphSAGE,TAGCN,IntegratedGradients,1:10_os,focal_loss,0.9672350531353148,0.8157260896036965,0.5159223129811364
arquitecturas,GAT,TAGCN,IntegratedGradients,1:10_os,focal_loss,0.9682152447903689,0.8232316961406486,0.520017945017945
arquitecturas,GCN,GraphSAGE,ExpectedGradients,1:10_os,focal_loss,0.705617123189927,0.47043324773722317,0.27233354880413707
arquitecturas,GCN,GAT,ExpectedGradients,1:10_os,focal_loss,0.7291599264229878,0.4293064602727286,0.24813816214745005
arquitecturas,GCN,TAGCN,ExpectedGradients,1:10_os,focal_loss,0.6880876772119142,0.4199669159602387,0.3011964614905791
arquitecturas,GraphSAGE,GAT,ExpectedGradients,1:10_os,focal_loss,0.7978389493758525,0.6426453070759872,0.35947413153295504
arquitecturas,GraphSAGE,TAGCN,ExpectedGradients,1:10_os,focal_loss,0.7178802239520972,0.5696156005446201,0.30970516411692883
arquitecturas,GAT,TAGCN,ExpectedGradients,1:10_os,focal_loss,0.7462400774074175,0.5701772184410867,0.32229823553352965
explicadores,GNNExplainer,ShapleyFeatures,,1:10_os,focal_loss,0.6054468361053112,0.21705165893084002,0.10693154454764366
explicadores,GNNExplainer,IntegratedGradients,,1:10_os,focal_loss,0.827554598132631,0.4731793223172023,0.2410011957999574
explicadores,GNNExplainer,ExpectedGradients,,1:10_os,focal_loss,0.4932152879970131,0.1482922821001715,0.15415376676986584
explicadores,ShapleyFeatures,IntegratedGradients,,1:10_os,focal_loss,0.46501322154406616,0.31368289761085844,0.2339053218310184
explicadores,ShapleyFeatures,ExpectedGradients,,1:10_os,focal_loss,0.43033685298107466,0.32326954068427843,0.1954451551200777
explicadores,IntegratedGradients,ExpectedGradients,,1:10_os,focal_loss,0.5154146559759835,0.24185601993458536,0.4167500799853741
explicadores,GNNExplainer,ShapleyFeatures,,1:10_os,focal_loss,0.613941637622617,0.20610800176164015,0.14455403843948736
explicadores,GNNExplainer,IntegratedGradients,,1:10_os,focal_loss,0.8169521412967595,0.3584985462476752,0.24285304765180923
explicadores,GNNExplainer,ExpectedGradients,,1:10_os,focal_loss,0.5877465095709954,0.29844077318537127,0.13786836371975691
explicadores,ShapleyFeatures,IntegratedGradients,,1:10_os,focal_loss,0.5007656746041579,0.3415209122582636,0.2598438970729992
explicadores,ShapleyFeatures,ExpectedGradients,,1:10_os,focal_loss,0.4848742820052659,0.3266269245252523,0.21972046128392878
explicadores,IntegratedGradients,ExpectedGradients,,1:10_os,focal_loss,0.610710579512053,0.485862959975061,0.4043991955756662
explicadores,GNNExplainer,ShapleyFeatures,,1:10_os,focal_loss,0.5006654909953414,0.18006794406542107,0.147859845692663
explicadores,GNNExplainer,IntegratedGradients,,1:10_os,focal_loss,0.8145301769022598,0.1971077391057765,0.33763077880724934
explicadores,GNNExplainer,ExpectedGradients,,1:10_os,focal_loss,0.4578449798769639,0.26428256367164654,0.19854046881910656
explicadores,ShapleyFeatures,IntegratedGradients,,1:10_os,focal_loss,0.459197826115386,0.29915659540464007,0.2287921601389093
explicadores,ShapleyFeatures,ExpectedGradients,,1:10_os,focal_loss,0.43871653892247986,0.38789658212051364,0.25391347272152226
explicadores,IntegratedGradients,ExpectedGradients,,1:10_os,focal_loss,0.4803651524225527,0.32811551282452917,0.3732697585638763
arquitecturas,GCN,GraphSAGE,GNNExplainer,1:10_os,focal_loss,0.8959454639698826,0.616180649272038,0.19151892425886227
arquitecturas,GCN,GAT,GNNExplainer,1:10_os,focal_loss,0.8931021223612611,0.5780611237996052,0.2541628707263382
arquitecturas,GCN,TAGCN,GNNExplainer,1:10_os,focal_loss,0.8045496538730866,0.32539062202933217,0.14413607548282473
arquitecturas,GraphSAGE,GAT,GNNExplainer,1:10_os,focal_loss,0.9028054734906711,0.5976182944583253,0.20751152012761911
arquitecturas,GraphSAGE,TAGCN,GNNExplainer,1:10_os,focal_loss,0.824677110678133,0.3379041817801856,0.16413664881157133
arquitecturas,GAT,TAGCN,GNNExplainer,1:10_os,focal_loss,0.8288694644295823,0.29715165129907434,0.16360754828247084
arquitecturas,GCN,GraphSAGE,ShapleyFeatures,1:10_os,focal_loss,0.9032367797547741,0.8413982255689914,0.42507481625128685
arquitecturas,GCN,GAT,ShapleyFeatures,1:10_os,focal_loss,0.9087322926932312,0.8463570334847377,0.4278013094576563
arquitecturas,GCN,TAGCN,ShapleyFeatures,1:10_os,focal_loss,0.8989211399642817,0.8277759786019387,0.41893339432039123
arquitecturas,GraphSAGE,GAT,ShapleyFeatures,1:10_os,focal_loss,0.9415112180924752,0.8905320327161041,0.47827346944994
arquitecturas,GraphSAGE,TAGCN,ShapleyFeatures,1:10_os,focal_loss,0.9010215045296509,0.8437061760574094,0.4734301646066352
arquitecturas,GAT,TAGCN,ShapleyFeatures,1:10_os,focal_loss,0.9052959665252804,0.8550812742403564,0.5254164938375464
arquitecturas,GCN,GraphSAGE,IntegratedGradients,1:10_os,focal_loss,0.9643277297258007,0.7991521160048152,0.42787054992937346
arquitecturas,GCN,GAT,IntegratedGradients,1:10_os,focal_loss,0.9619013805067601,0.7810167153624094,0.47267111972994325
arquitecturas,GCN,TAGCN,IntegratedGradients,1:10_os,focal_loss,0.9575194544997369,0.7603343319172755,0.3865205056381527
arquitecturas,GraphSAGE,GAT,IntegratedGradients,1:10_os,focal_loss,0.9674290003817748,0.8196360964665922,0.4450175641352113
arquitecturas,GraphSAGE,TAGCN,IntegratedGradients,1:10_os,focal_loss,0.9684617287513042,0.8236484247906772,0.455327352386176
arquitecturas,GAT,TAGCN,IntegratedGradients,1:10_os,focal_loss,0.9676950750212534,0.8193523822380633,0.5883782883782882
arquitecturas,GCN,GraphSAGE,ExpectedGradients,1:10_os,focal_loss,0.7261218797640413,0.48586000713073546,0.26619990776337527
arquitecturas,GCN,GAT,ExpectedGradients,1:10_os,focal_loss,0.7046999352919887,0.4519598146063301,0.25203679762503295
arquitecturas,GCN,TAGCN,ExpectedGradients,1:10_os,focal_loss,0.711101119449521,0.4692792592854599,0.29588390911920315
arquitecturas,GraphSAGE,GAT,ExpectedGradients,1:10_os,focal_loss,0.7235485913094926,0.5499963129390922,0.320466842525666
arquitecturas,GraphSAGE,TAGCN,ExpectedGradients,1:10_os,focal_loss,0.7492204808311851,0.5530554601279493,0.28729979171155634
arquitecturas,GAT,TAGCN,ExpectedGradients,1:10_os,focal_loss,0.7551354871535161,0.5813707561390337,0.45988113193995556
explicadores,GNNExplainer,ShapleyFeatures,,1:10_os,focal_loss,0.6081882753803834,0.20273849433434815,0.09586343309253528
explicadores,GNNExplainer,IntegratedGradients,,1:10_os,focal_loss,0.8314678568167222,0.48331604333614564,0.26117345273692016
explicadores,GNNExplainer,ExpectedGradients,,1:10_os,focal_loss,0.5180715717069025,0.2517874006470351,0.19379560641170546
explicadores,ShapleyFeatures,IntegratedGradients,,1:10_os,focal_loss,0.47055734103159913,0.3045498109140739,0.20639737226424526
explicadores,ShapleyFeatures,ExpectedGradients,,1:10_os,focal_loss,0.39715678730016785,0.2479720564981648,0.19921192498591875
explicadores,IntegratedGradients,ExpectedGradients,,1:10_os,focal_loss,0.5388128369903961,0.36142172503240866,0.5366867337455573
explicadores,GNNExplainer,ShapleyFeatures,,1:10_os,focal_loss,0.5873296610123397,0.23506788629100606,0.12449669926450113
explicadores,GNNExplainer,IntegratedGradients,,1:10_os,focal_loss,0.8555496894109045,0.5028451485437337,0.2609647547728043
explicadores,GNNExplainer,ExpectedGradients,,1:10_os,focal_loss,0.4847281425724576,0.21665937415156294,0.16142930856553145
explicadores,ShapleyFeatures,IntegratedGradients,,1:10_os,focal_loss,0.47876024255524513,0.36242260380134583,0.22267738854426158
explicadores,ShapleyFeatures,ExpectedGradients,,1:10_os,focal_loss,0.4320502347408286,0.38161905350987757,0.2663880351960847
explicadores,IntegratedGradients,ExpectedGradients,,1:10_os,focal_loss,0.51524633257507,0.3776978129453468,0.4305755246931718
explicadores,GNNExplainer,ShapleyFeatures,,1:10_os,focal_loss,0.510034843883899,0.17658611360201662,0.1356553147574819
explicadores,GNNExplainer,IntegratedGradients,,1:10_os,focal_loss,0.8100239526856168,0.1856256750073597,0.3476269230139199
explicadores,GNNExplainer,ExpectedGradients,,1:10_os,focal_loss,0.4548445486817237,0.27527842080212284,0.20343612928752247
explicadores,ShapleyFeatures,IntegratedGradients,,1:10_os,focal_loss,0.4754373552091181,0.30381620544016674,0.218205077802601
explicadores,ShapleyFeatures,ExpectedGradients,,1:10_os,focal_loss,0.4436570315291572,0.372306724999748,0.26389446466845845
explicadores,IntegratedGradients,ExpectedGradients,,1:10_os,focal_loss,0.4769126729732112,0.32609265474251126,0.3828668063962181
arquitecturas,GCN,GraphSAGE,GNNExplainer,1:10_os,focal_loss,0.8832502847233634,0.5417248663754246,0.14674635936245842
arquitecturas,GCN,GAT,GNNExplainer,1:10_os,focal_loss,0.9012251445934448,0.5707948418940952,0.2104530116140023
arquitecturas,GCN,TAGCN,GNNExplainer,1:10_os,focal_loss,0.8115507747394566,0.36186461579581064,0.14511942878815948
arquitecturas,GraphSAGE,GAT,GNNExplainer,1:10_os,focal_loss,0.8878684905625646,0.5111387481038544,0.24048135673522666
arquitecturas,GraphSAGE,TAGCN,GNNExplainer,1:10_os,focal_loss,0.8183293060456356,0.35966652241470354,0.18815757972104719
arquitecturas,GAT,TAGCN,GNNExplainer,1:10_os,focal_loss,0.8256012625520802,0.3766119335034699,0.19298229863245345
arquitecturas,GCN,GraphSAGE,ShapleyFeatures,1:10_os,focal_loss,0.9031125576835742,0.8208250850435515,0.36053123003587395
arquitecturas,GCN,GAT,ShapleyFeatures,1:10_os,focal_loss,0.9102816725676844,0.8428578889883185,0.3969674374473137
arquitecturas,GCN,TAGCN,ShapleyFeatures,1:10_os,focal_loss,0.9040940088857984,0.8334380636058216,0.4107844082302286
arquitecturas,GraphSAGE,GAT,ShapleyFeatures,1:10_os,focal_loss,0.9351999260198842,0.8775307167430758,0.45588324930430196
arquitecturas,GraphSAGE,TAGCN,ShapleyFeatures,1:10_os,focal_loss,0.905921223462149,0.858457518655637,0.49792549498431854
arquitecturas,GAT,TAGCN,ShapleyFeatures,1:10_os,focal_loss,0.9057739005531315,0.8591532515509384,0.4970870632635337
arquitecturas,GCN,GraphSAGE,IntegratedGradients,1:10_os,focal_loss,0.9552206683754687,0.7456706927931364,0.3937740908329144
arquitecturas,GCN,GAT,IntegratedGradients,1:10_os,focal_loss,0.9548484962680057,0.7405312570404997,0.4293956043956044
arquitecturas,GCN,TAGCN,IntegratedGradients,1:10_os,focal_loss,0.9528750883384054,0.7373001332751336,0.4302647644752908
arquitecturas,GraphSAGE,GAT,IntegratedGradients,1:10_os,focal_loss,0.9648549760469722,0.8040555101918184,0.3739682430858901
arquitecturas,GraphSAGE,TAGCN,IntegratedGradients,1:10_os,focal_loss,0.9712188378282212,0.8442427495457269,0.4205065488347222
arquitecturas,GAT,TAGCN,IntegratedGradients,1:10_os,focal_loss,0.9667569340884724,0.8126754310552363,0.5258497350602613
arquitecturas,GCN,GraphSAGE,ExpectedGradients,1:10_os,focal_loss,0.6751331482983164,0.40431359759546315,0.14942667125329664
arquitecturas,GCN,GAT,ExpectedGradients,1:10_os,focal_loss,0.7093483963770006,0.40805462619027416,0.14925999639621929
arquitecturas,GCN,TAGCN,ExpectedGradients,1:10_os,focal_loss,0.7537969028542778,0.5373180869862327,0.16190803806902881
arquitecturas,GraphSAGE,GAT,ExpectedGradients,1:10_os,focal_loss,0.7511187157758171,0.504011773315272,0.2817754542212746
arquitecturas,GraphSAGE,TAGCN,ExpectedGradients,1:10_os,focal_loss,0.7579734750766737,0.5658812281072118,0.3061666546960664
arquitecturas,GAT,TAGCN,ExpectedGradients,1:10_os,focal_loss,0.7549072395967019,0.4922568789615871,0.31773085302497067
explicadores,GNNExplainer,ShapleyFeatures,,1:10_os,focal_loss,0.6242468718489058,0.24560189567795646,0.10845659901387457
explicadores,GNNExplainer,IntegratedGradients,,1:10_os,focal_loss,0.8345219942694635,0.5106805134105882,0.27207996108924903
explicadores,GNNExplainer,ExpectedGradients,,1:10_os,focal_loss,0.5608811625288759,0.2750698170269686,0.18637893753992824
explicadores,ShapleyFeatures,IntegratedGradients,,1:10_os,focal_loss,0.47044822876368814,0.276159428544134,0.20404385775902795
explicadores,ShapleyFeatures,ExpectedGradients,,1:10_os,focal_loss,0.43646012473786555,0.23544159321094535,0.2080881250385894
explicadores,IntegratedGradients,ExpectedGradients,,1:10_os,focal_loss,0.5889407982801242,0.41266154171062663,0.5264657455833927
explicadores,GNNExplainer,ShapleyFeatures,,1:10_os,focal_loss,0.5901578350043145,0.19079484075801417,0.14429537897030156
explicadores,GNNExplainer,IntegratedGradients,,1:10_os,focal_loss,0.7957137368446803,0.2535814744463574,0.2844597668127079
explicadores,GNNExplainer,ExpectedGradients,,1:10_os,focal_loss,0.5535751157160913,0.23460050508610578,0.1338378626304323
explicadores,ShapleyFeatures,IntegratedGradients,,1:10_os,focal_loss,0.47078704290496387,0.31949687914631064,0.23973259569234792
explicadores,ShapleyFeatures,ExpectedGradients,,1:10_os,focal_loss,0.47116499612348767,0.3223295883111949,0.2174635936245843
explicadores,IntegratedGradients,ExpectedGradients,,1:10_os,focal_loss,0.583163093342221,0.46067699885816255,0.3883569045333752
explicadores,GNNExplainer,ShapleyFeatures,,1:10_os,focal_loss,0.517778467800246,0.18936894401451004,0.2011163529739381
explicadores,GNNExplainer,IntegratedGradients,,1:10_os,focal_loss,0.8109180031350948,0.25587736205178363,0.35387527562450166
explicadores,GNNExplainer,ExpectedGradients,,1:10_os,focal_loss,0.47864566555757887,0.2529730232637475,0.18303832104141698
explicadores,ShapleyFeatures,IntegratedGradients,,1:10_os,focal_loss,0.47426998387938296,0.2984989439414043,0.26462248048935355
explicadores,ShapleyFeatures,ExpectedGradients,,1:10_os,focal_loss,0.4577247721439725,0.39400660556115585,0.2763786981279241
explicadores,IntegratedGradients,ExpectedGradients,,1:10_os,focal_loss,0.4759677669050799,0.21660658431459948,0.34960816617163365
arquitecturas,GCN,GraphSAGE,GNNExplainer,1:20,none,0.8945024468164776,0.5996698137373916,0.22183097260496634
arquitecturas,GCN,GAT,GNNExplainer,1:20,none,0.8835173966556541,0.5239726419935041,0.18344185627467366
arquitecturas,GCN,TAGCN,GNNExplainer,1:20,none,0.8008966325504773,0.37729414931342237,0.1723852113944993
arquitecturas,GraphSAGE,GAT,GNNExplainer,1:20,none,0.909652769493504,0.6514092616918685,0.22694849869772465
arquitecturas,GraphSAGE,TAGCN,GNNExplainer,1:20,none,0.8643173902485021,0.5674517857315419,0.24819590454265375
arquitecturas,GAT,TAGCN,GNNExplainer,1:20,none,0.86739764097562,0.5754970905611926,0.2495597654266385
arquitecturas,GCN,GraphSAGE,ShapleyFeatures,1:20,none,0.9105909602982573,0.841517253507144,0.4429648782589959
arquitecturas,GCN,GAT,ShapleyFeatures,1:20,none,0.9084992835134383,0.8264281342670527,0.4183498275603539
arquitecturas,GCN,TAGCN,ShapleyFeatures,1:20,none,0.896595859184189,0.8171961012210955,0.39022780052191813
arquitecturas,GraphSAGE,GAT,ShapleyFeatures,1:20,none,0.9272408540926355,0.8670239725306103,0.3867282900564634
arquitecturas,GraphSAGE,TAGCN,ShapleyFeatures,1:20,none,0.8894618144056327,0.8239243506553459,0.34965773533884986
arquitecturas,GAT,TAGCN,ShapleyFeatures,1:20,none,0.9037079063287549,0.8472529132601245,0.4661879514820691
arquitecturas,GCN,GraphSAGE,IntegratedGradients,1:20,none,0.962742890914768,0.7864731383256639,0.3949238669826906
arquitecturas,GCN,GAT,IntegratedGradients,1:20,none,0.9609631472302985,0.7766001758340523,0.3638505829682301
arquitecturas,GCN,TAGCN,IntegratedGradients,1:20,none,0.963360659801127,0.7883719296477003,0.43794261294261294
arquitecturas,GraphSAGE,GAT,IntegratedGradients,1:20,none,0.9646990894240112,0.8022644231170405,0.430332902391726
arquitecturas,GraphSAGE,TAGCN,IntegratedGradients,1:20,none,0.9642780881198824,0.7947390223125775,0.44194139194139204
arquitecturas,GAT,TAGCN,IntegratedGradients,1:20,none,0.9729376875983207,0.8462918300123625,0.4941135661723897
arquitecturas,GCN,GraphSAGE,ExpectedGradients,1:20,none,0.749827585635715,0.5122614674180879,0.23099128540305006
arquitecturas,GCN,GAT,ExpectedGradients,1:20,none,0.7096606819697308,0.39610930446991005,0.19280595279047294
arquitecturas,GCN,TAGCN,ExpectedGradients,1:20,none,0.6715427380807515,0.36764861228392715,0.2227687746263597
arquitecturas,GraphSAGE,GAT,ExpectedGradients,1:20,none,0.6998372270899125,0.4234697430313336,0.1686962504299965
arquitecturas,GraphSAGE,TAGCN,ExpectedGradients,1:20,none,0.7104958234394244,0.5043877165104274,0.2807015968780674
arquitecturas,GAT,TAGCN,ExpectedGradients,1:20,none,0.7805606578297037,0.573295394553472,0.3799666020254255
explicadores,GNNExplainer,ShapleyFeatures,,1:20,none,0.6119467460814967,0.21497659164417549,0.14157493406719415
explicadores,GNNExplainer,IntegratedGradients,,1:20,none,0.8153509475513231,0.4077717188201972,0.31939216614139215
explicadores,GNNExplainer,ExpectedGradients,,1:20,none,0.4954998096562772,0.144613482982668,0.14831850869002572
explicadores,ShapleyFeatures,IntegratedGradients,,1:20,none,0.4630001349363129,0.27452560918629054,0.18672825855488392
explicadores,ShapleyFeatures,ExpectedGradients,,1:20,none,0.4360248972229311,0.3128481616537052,0.2136569427591099
explicadores,IntegratedGradients,ExpectedGradients,,1:20,none,0.5022057069034397,0.19894941763998047,0.2886925710455122
explicadores,GNNExplainer,ShapleyFeatures,,1:20,none,0.6209903250415919,0.26878958254549795,0.1060400183465199
explicadores,GNNExplainer,IntegratedGradients,,1:20,none,0.8420838665597219,0.5435710810429891,0.24749874308697836
explicadores,GNNExplainer,ExpectedGradients,,1:20,none,0.5529833340371684,0.28928813486799954,0.1752952643045522
explicadores,ShapleyFeatures,IntegratedGradients,,1:20,none,0.4840379117969756,0.36209265771322796,0.2557634344786047
explicadores,ShapleyFeatures,ExpectedGradients,,1:20,none,0.4343385733750215,0.2948817491575357,0.21094960251306993
explicadores,IntegratedGradients,ExpectedGradients,,1:20,none,0.5785165922852511,0.4622876117174021,0.6071484071484071
explicadores,GNNExplainer,ShapleyFeatures,,1:20,none,0.51531909120746,0.19561476965030328,0.09268842039739875
explicadores,GNNExplainer,IntegratedGradients,,1:20,none,0.8828054091491159,0.5772381984113648,0.3056742535070709
explicadores,GNNExplainer,ExpectedGradients,,1:20,none,0.5119922544943517,0.2234140130785272,0.14823767563705642
explicadores,ShapleyFeatures,IntegratedGradients,,1:20,none,0.4736518646472663,0.3197488688188173,0.2694166915529145
explicadores,ShapleyFeatures,ExpectedGradients,,1:20,none,0.4466364421751223,0.2974176538076185,0.25129310833645196
explicadores,IntegratedGradients,ExpectedGradients,,1:20,none,0.5234037544743437,0.32372448735022014,0.43991895903660605
arquitecturas,GCN,GraphSAGE,GNNExplainer,1:20,none,0.8899798896012704,0.5982133647551339,0.21794600881288184
arquitecturas,GCN,GAT,GNNExplainer,1:20,none,0.8831752644468822,0.5305102947515768,0.22347463051797412
arquitecturas,GCN,TAGCN,GNNExplainer,1:20,none,0.8105765930557409,0.4279040714018334,0.1463994954707029
arquitecturas,GraphSAGE,GAT,GNNExplainer,1:20,none,0.8945373187470771,0.5497031126068911,0.22978074270643933
arquitecturas,GraphSAGE,TAGCN,GNNExplainer,1:20,none,0.855816351255306,0.526351317252237,0.24456811964551908
arquitecturas,GAT,TAGCN,GNNExplainer,1:20,none,0.8709945060350677,0.546995708780438,0.16809425524595806
arquitecturas,GCN,GraphSAGE,ShapleyFeatures,1:20,none,0.9171524250230098,0.8463333802852204,0.4645760958454456
arquitecturas,GCN,GAT,ShapleyFeatures,1:20,none,0.9133921823661182,0.8539746770108777,0.4482596637395399
arquitecturas,GCN,TAGCN,ShapleyFeatures,1:20,none,0.894439745248418,0.8148885623589928,0.40552523385340716
arquitecturas,GraphSAGE,GAT,ShapleyFeatures,1:20,none,0.9466913753378975,0.8988395890323372,0.5477041477041477
arquitecturas,GraphSAGE,TAGCN,ShapleyFeatures,1:20,none,0.8903541003655425,0.814666785764754,0.392133614579435
arquitecturas,GAT,TAGCN,ShapleyFeatures,1:20,none,0.8933214701589294,0.824972956732,0.399842681112031
arquitecturas,GCN,GraphSAGE,IntegratedGradients,1:20,none,0.9581322096132965,0.7629154858042938,0.44688644688644696
arquitecturas,GCN,GAT,IntegratedGradients,1:20,none,0.9679887811231848,0.8187640764043629,0.49416971916971913
arquitecturas,GCN,TAGCN,IntegratedGradients,1:20,none,0.9617058447639888,0.7846655481619853,0.4412442133030368
arquitecturas,GraphSAGE,GAT,IntegratedGradients,1:20,none,0.9673462202166835,0.8130941083453477,0.4855311355311355
arquitecturas,GraphSAGE,TAGCN,IntegratedGradients,1:20,none,0.959085533158007,0.7684931819668523,0.36668941080705786
arquitecturas,GAT,TAGCN,IntegratedGradients,1:20,none,0.9697526348889383,0.8275355800063394,0.4070853982618689
arquitecturas,GCN,GraphSAGE,ExpectedGradients,1:20,none,0.732973612882657,0.5276495476428159,0.22130776287123036
arquitecturas,GCN,GAT,ExpectedGradients,1:20,none,0.7527904264952292,0.5389205608359521,0.30300710927645913
arquitecturas,GCN,TAGCN,ExpectedGradients,1:20,none,0.6783714963705207,0.4388533269114537,0.24767360835472288
arquitecturas,GraphSAGE,GAT,ExpectedGradients,1:20,none,0.7667969634022875,0.6083410601889877,0.3194312767842179
arquitecturas,GraphSAGE,TAGCN,ExpectedGradients,1:20,none,0.6483634036648843,0.43028604057777875,0.19937752878929343
arquitecturas,GAT,TAGCN,ExpectedGradients,1:20,none,0.6952420145022031,0.5225616964180307,0.26731846584787766
explicadores,GNNExplainer,ShapleyFeatures,,1:20,none,0.6062812541485764,0.18166812909534458,0.12004193490261604
explicadores,GNNExplainer,IntegratedGradients,,1:20,none,0.8068014657572699,0.36366382639632133,0.27459000694294805
explicadores,GNNExplainer,ExpectedGradients,,1:20,none,0.46143638798653386,0.16402398286916992,0.1153766769865841
explicadores,ShapleyFeatures,IntegratedGradients,,1:20,none,0.45500215599477645,0.2681189357122727,0.18743564084121356
explicadores,ShapleyFeatures,ExpectedGradients,,1:20,none,0.3989962860133048,0.2570031978454396,0.2368191721132897
explicadores,IntegratedGradients,ExpectedGradients,,1:20,none,0.4528759834271497,0.16211684146973301,0.22471169754451487
explicadores,GNNExplainer,ShapleyFeatures,,1:20,none,0.6030481748052663,0.2298792368661117,0.13285747047356958
explicadores,GNNExplainer,IntegratedGradients,,1:20,none,0.8543628193279499,0.5590302894109135,0.23043474699821445
explicadores,GNNExplainer,ExpectedGradients,,1:20,none,0.5456098382743026,0.2946420027083993,0.1435844513243894
explicadores,ShapleyFeatures,IntegratedGradients,,1:20,none,0.4696683644252491,0.2677057305438596,0.20119962596742783
explicadores,ShapleyFeatures,ExpectedGradients,,1:20,none,0.42222611378012637,0.27442162115720903,0.24812439595721328
explicadores,IntegratedGradients,ExpectedGradients,,1:20,none,0.5635193645645467,0.38584257672825123,0.38128396657808417
explicadores,GNNExplainer,ShapleyFeatures,,1:20,none,0.510963780035398,0.18736773462232567,0.09781971268039384
explicadores,GNNExplainer,IntegratedGradients,,1:20,none,0.8879383096706541,0.5979140346210153,0.3240858241632235
explicadores,GNNExplainer,ExpectedGradients,,1:20,none,0.4801370680727089,0.25986991186620284,0.15272617819057446
explicadores,ShapleyFeatures,IntegratedGradients,,1:20,none,0.4662714936877183,0.2830688781068242,0.22891158262675287
explicadores,ShapleyFeatures,ExpectedGradients,,1:20,none,0.41500786576524906,0.27655524689222843,0.22311850516184878
explicadores,IntegratedGradients,ExpectedGradients,,1:20,none,0.5007133929839501,0.3644612839183649,0.4934656846421553
arquitecturas,GCN,GraphSAGE,GNNExplainer,1:20,none,0.8964363933446076,0.6156294588672876,0.1935956028835285
arquitecturas,GCN,GAT,GNNExplainer,1:20,none,0.9007904588432146,0.59968458996493,0.2373708907764635
arquitecturas,GCN,TAGCN,GNNExplainer,1:20,none,0.8339220260583403,0.4726589056832028,0.13846298753419498
arquitecturas,GraphSAGE,GAT,GNNExplainer,1:20,none,0.913085112663411,0.6661619237738422,0.3008422262292231
arquitecturas,GraphSAGE,TAGCN,GNNExplainer,1:20,none,0.8659830400055996,0.5677737910669586,0.22382099038445782
arquitecturas,GAT,TAGCN,GNNExplainer,1:20,none,0.8579989056552583,0.5442282561011655,0.2151027077497666
arquitecturas,GCN,GraphSAGE,ShapleyFeatures,1:20,none,0.9200123943123755,0.8555608712605095,0.44973685012384707
arquitecturas,GCN,GAT,ShapleyFeatures,1:20,none,0.9156352658454279,0.85190563151901,0.43031155863973203
arquitecturas,GCN,TAGCN,ShapleyFeatures,1:20,none,0.9007343056313262,0.8352197984830397,0.40802767350754965
arquitecturas,GraphSAGE,GAT,ShapleyFeatures,1:20,none,0.9416282911431457,0.8852961108507849,0.4664784132276391
arquitecturas,GraphSAGE,TAGCN,ShapleyFeatures,1:20,none,0.8993548379091642,0.8384161391714037,0.4191745074098015
arquitecturas,GAT,TAGCN,ShapleyFeatures,1:20,none,0.9031191819396303,0.8423333691055341,0.4254442037723771
arquitecturas,GCN,GraphSAGE,IntegratedGradients,1:20,none,0.9661079560728126,0.8050002353703178,0.4806776556776557
arquitecturas,GCN,GAT,IntegratedGradients,1:20,none,0.9639645460310329,0.7942048142304093,0.46440503940503947
arquitecturas,GCN,TAGCN,IntegratedGradients,1:20,none,0.9657052174389061,0.8068184405386291,0.4530219780219781
arquitecturas,GraphSAGE,GAT,IntegratedGradients,1:20,none,0.9670139886515553,0.8085381221272318,0.4660700410700411
arquitecturas,GraphSAGE,TAGCN,IntegratedGradients,1:20,none,0.9635534874281944,0.7918410123076509,0.41515918721801076
arquitecturas,GAT,TAGCN,IntegratedGradients,1:20,none,0.9668007451673633,0.8070478003187331,0.43480343186225545
arquitecturas,GCN,GraphSAGE,ExpectedGradients,1:20,none,0.7391324860409346,0.5105843726670146,0.30934305346070057
arquitecturas,GCN,GAT,ExpectedGradients,1:20,none,0.7381097650171273,0.43746371226981484,0.20269587367110586
arquitecturas,GCN,TAGCN,ExpectedGradients,1:20,none,0.7156749289834082,0.46339364653736764,0.32656036773683833
arquitecturas,GraphSAGE,GAT,ExpectedGradients,1:20,none,0.7187440229022463,0.4939423406031237,0.21345315904139434
arquitecturas,GraphSAGE,TAGCN,ExpectedGradients,1:20,none,0.6939418022811299,0.5034426785028451,0.2536570183629008
arquitecturas,GAT,TAGCN,ExpectedGradients,1:20,none,0.74586490495362,0.5459428697661546,0.25975723622782443
explicadores,GNNExplainer,ShapleyFeatures,,1:20,none,0.6116209724291616,0.20578325666801167,0.14267285861713105
explicadores,GNNExplainer,IntegratedGradients,,1:20,none,0.8130737743988838,0.37501189807850677,0.2927334504733885
explicadores,GNNExplainer,ExpectedGradients,,1:20,none,0.44839718699245407,0.1329151348357992,0.12577686045178307
explicadores,ShapleyFeatures,IntegratedGradients,,1:20,none,0.4613232205900198,0.24418750766850655,0.18810818524440814
explicadores,ShapleyFeatures,ExpectedGradients,,1:20,none,0.3888403714639172,0.2563265889355363,0.23129064491293588
explicadores,IntegratedGradients,ExpectedGradients,,1:20,none,0.44113949047247836,0.16424969677162463,0.27189802228501914
explicadores,GNNExplainer,ShapleyFeatures,,1:20,none,0.6097696181622774,0.25668677343594226,0.11117131062951498
explicadores,GNNExplainer,IntegratedGradients,,1:20,none,0.8338794252143971,0.5172910094045783,0.2738024502730385
explicadores,GNNExplainer,ExpectedGradients,,1:20,none,0.5354123024901128,0.2570669928746963,0.16924050321883138
explicadores,ShapleyFeatures,IntegratedGradients,,1:20,none,0.4531820711553171,0.29997379675852553,0.22116809918667493
explicadores,ShapleyFeatures,ExpectedGradients,,1:20,none,0.4432040869976474,0.3157300770592306,0.23235032654537294
explicadores,IntegratedGradients,ExpectedGradients,,1:20,none,0.5492740598711799,0.41246563043549705,0.4081615552203788
explicadores,GNNExplainer,ShapleyFeatures,,1:20,none,0.4963885586214649,0.14640784435154905,0.09737481587326789
explicadores,GNNExplainer,IntegratedGradients,,1:20,none,0.880304326285373,0.5458086160595678,0.354599199103843
explicadores,GNNExplainer,ExpectedGradients,,1:20,none,0.48997001106931254,0.21165768748996777,0.1344095532950022
explicadores,ShapleyFeatures,IntegratedGradients,,1:20,none,0.4598115687350529,0.2939486151868682,0.258611240267587
explicadores,ShapleyFeatures,ExpectedGradients,,1:20,none,0.4347123640267971,0.285926619280241,0.26461260617607363
explicadores,IntegratedGradients,ExpectedGradients,,1:20,none,0.5027733509224244,0.3039058002653761,0.41257174198350666
arquitecturas,GCN,GraphSAGE,GNNExplainer,1:20,class_weighting,0.9222185673510706,0.7117825798788089,0.35267092442015036
arquitecturas,GCN,GAT,GNNExplainer,1:20,class_weighting,0.9144247770152645,0.6930050735389794,0.29836809217614163
arquitecturas,GCN,TAGCN,GNNExplainer,1:20,class_weighting,0.8425703726753088,0.5456349818892877,0.2068986253970774
arquitecturas,GraphSAGE,GAT,GNNExplainer,1:20,class_weighting,0.9359175728537047,0.7247774939231783,0.4022332242920478
arquitecturas,GraphSAGE,TAGCN,GNNExplainer,1:20,class_weighting,0.8900483522880107,0.6474852555790299,0.3143866453463976
arquitecturas,GAT,TAGCN,GNNExplainer,1:20,class_weighting,0.8878840080614953,0.6175517863475306,0.2950858481044239
arquitecturas,GCN,GraphSAGE,ShapleyFeatures,1:20,class_weighting,0.9211855494098965,0.8680593323159285,0.4563923005099476
arquitecturas,GCN,GAT,ShapleyFeatures,1:20,class_weighting,0.9233758384068957,0.8753252901430942,0.450745169862817
arquitecturas,GCN,TAGCN,ShapleyFeatures,1:20,class_weighting,0.9091060720418356,0.8442929938480704,0.42475161004572776
arquitecturas,GraphSAGE,GAT,ShapleyFeatures,1:20,class_weighting,0.9505932517989447,0.9048315639051023,0.5295413736590208
arquitecturas,GraphSAGE,TAGCN,ShapleyFeatures,1:20,class_weighting,0.9104381549752815,0.863763042478113,0.4933821624998096
arquitecturas,GAT,TAGCN,ShapleyFeatures,1:20,class_weighting,0.901007419677614,0.8364125336733869,0.44341796547678913
arquitecturas,GCN,GraphSAGE,IntegratedGradients,1:20,class_weighting,0.9664011201849406,0.8072734277144645,0.43142043142043146
arquitecturas,GCN,GAT,IntegratedGradients,1:20,class_weighting,0.9673368976616873,0.8141556768163495,0.474006549006549
arquitecturas,GCN,TAGCN,IntegratedGradients,1:20,class_weighting,0.9625681737680293,0.7910735381190136,0.4313186813186814
arquitecturas,GraphSAGE,GAT,IntegratedGradients,1:20,class_weighting,0.9720430126163347,0.842366093668165,0.475486209696736
arquitecturas,GraphSAGE,TAGCN,IntegratedGradients,1:20,class_weighting,0.9704738836316872,0.8333580935254103,0.5527777777777777
arquitecturas,GAT,TAGCN,IntegratedGradients,1:20,class_weighting,0.9652468285381796,0.8025818981865379,0.4680152492845992
arquitecturas,GCN,GraphSAGE,ExpectedGradients,1:20,class_weighting,0.7301166532634619,0.46579461376140247,0.323045908340026
arquitecturas,GCN,GAT,ExpectedGradients,1:20,class_weighting,0.7543209140688067,0.5719592886675351,0.38013838013838014
arquitecturas,GCN,TAGCN,ExpectedGradients,1:20,class_weighting,0.6959296431791493,0.44300198560306625,0.30808853455912283
arquitecturas,GraphSAGE,GAT,ExpectedGradients,1:20,class_weighting,0.7552440537649682,0.5653284956698575,0.40758157964040315
arquitecturas,GraphSAGE,TAGCN,ExpectedGradients,1:20,class_weighting,0.788053067530903,0.6436320638214981,0.45592675298557656
arquitecturas,GAT,TAGCN,ExpectedGradients,1:20,class_weighting,0.7246176325959854,0.5381604806282035,0.40143467643467645
explicadores,GNNExplainer,ShapleyFeatures,,1:20,class_weighting,0.6258773394851922,0.30672803864797865,0.10563582158009405
explicadores,GNNExplainer,IntegratedGradients,,1:20,class_weighting,0.8595269852296591,0.5785426311479374,0.21742919389978213
explicadores,GNNExplainer,ExpectedGradients,,1:20,class_weighting,0.48305253818742017,0.23944166412037812,0.19098563401968977
explicadores,ShapleyFeatures,IntegratedGradients,,1:20,class_weighting,0.46768515606785366,0.29315807691658147,0.21712690474300383
explicadores,ShapleyFeatures,ExpectedGradients,,1:20,class_weighting,0.37744444866819954,0.24926705538364843,0.21002137697184137
explicadores,IntegratedGradients,ExpectedGradients,,1:20,class_weighting,0.5279205152644397,0.4171287466028005,0.44258851170615876
explicadores,GNNExplainer,ShapleyFeatures,,1:20,class_weighting,0.605449301214068,0.22933331353683706,0.1350762527233115
explicadores,GNNExplainer,IntegratedGradients,,1:20,class_weighting,0.8607349902493043,0.552939627135378,0.24297754189395057
explicadores,GNNExplainer,ExpectedGradients,,1:20,class_weighting,0.4747498894526491,0.22492926296532373,0.19042950513538745
explicadores,ShapleyFeatures,IntegratedGradients,,1:20,class_weighting,0.4845299556426059,0.3273316792966461,0.23350051221568247
explicadores,ShapleyFeatures,ExpectedGradients,,1:20,class_weighting,0.3729614996913536,0.2743423080170097,0.21797344668861693
explicadores,IntegratedGradients,ExpectedGradients,,1:20,class_weighting,0.5268466380114883,0.4352465852190735,0.44719381925264284
explicadores,GNNExplainer,ShapleyFeatures,,1:20,class_weighting,0.5160010828099841,0.21458161020709635,0.11810572182089212
explicadores,GNNExplainer,IntegratedGradients,,1:20,class_weighting,0.8909707136347392,0.6274881622792159,0.26666087037604064
explicadores,GNNExplainer,ExpectedGradients,,1:20,class_weighting,0.46335757301171693,0.20778714265264478,0.1993144626271561
explicadores,ShapleyFeatures,IntegratedGradients,,1:20,class_weighting,0.47130272864321787,0.28863501051083934,0.1824224479797235
explicadores,ShapleyFeatures,ExpectedGradients,,1:20,class_weighting,0.38216012363009483,0.22356614515489331,0.19262248759152784
explicadores,IntegratedGradients,ExpectedGradients,,1:20,class_weighting,0.5231978800220828,0.38273400352261044,0.4858344270108976
arquitecturas,GCN,GraphSAGE,GNNExplainer,1:20,class_weighting,0.9261508191084563,0.7370351259849767,0.33308790452753295
arquitecturas,GCN,GAT,GNNExplainer,1:20,class_weighting,0.9043837874049054,0.6666875666937861,0.24372450734679835
arquitecturas,GCN,TAGCN,GNNExplainer,1:20,class_weighting,0.8491022967680464,0.569269748611933,0.22456124600087446
arquitecturas,GraphSAGE,GAT,GNNExplainer,1:20,class_weighting,0.9345700604186561,0.7372740502614801,0.2626559170676817
arquitecturas,GraphSAGE,TAGCN,GNNExplainer,1:20,class_weighting,0.8856995705380427,0.6237309564580646,0.2741750051347574
arquitecturas,GAT,TAGCN,GNNExplainer,1:20,class_weighting,0.8744458720701446,0.6056568882547412,0.2075571344147195
arquitecturas,GCN,GraphSAGE,ShapleyFeatures,1:20,class_weighting,0.9224529313488509,0.8677926246857952,0.4712084212084212
arquitecturas,GCN,GAT,ShapleyFeatures,1:20,class_weighting,0.9163184873178861,0.8541705773401114,0.4302037144142407
arquitecturas,GCN,TAGCN,ShapleyFeatures,1:20,class_weighting,0.9049691652232679,0.8331952296923552,0.4383544015896957
arquitecturas,GraphSAGE,GAT,ShapleyFeatures,1:20,class_weighting,0.9410723357561777,0.8925943241798335,0.453848547966195
arquitecturas,GraphSAGE,TAGCN,ShapleyFeatures,1:20,class_weighting,0.911201835197944,0.8625034756646751,0.4813075125768623
arquitecturas,GAT,TAGCN,ShapleyFeatures,1:20,class_weighting,0.9000898224362339,0.8408781498828927,0.38727613402536
arquitecturas,GCN,GraphSAGE,IntegratedGradients,1:20,class_weighting,0.9679954756890777,0.8201366237625862,0.4885274855863091
arquitecturas,GCN,GAT,IntegratedGradients,1:20,class_weighting,0.9670582994441013,0.8148179873839756,0.4681493343258049
arquitecturas,GCN,TAGCN,IntegratedGradients,1:20,class_weighting,0.9656814325413088,0.8057924254663114,0.40468540174422524
arquitecturas,GraphSAGE,GAT,IntegratedGradients,1:20,class_weighting,0.9685360962532467,0.8264029261345941,0.41486030309559724
arquitecturas,GraphSAGE,TAGCN,IntegratedGradients,1:20,class_weighting,0.9727633690807013,0.8491524985518469,0.5618458339046574
arquitecturas,GAT,TAGCN,IntegratedGradients,1:20,class_weighting,0.9709015476621118,0.8363870155284124,0.395272211448682
arquitecturas,GCN,GraphSAGE,ExpectedGradients,1:20,class_weighting,0.746516985970804,0.5440279432232532,0.3554687687040628
arquitecturas,GCN,GAT,ExpectedGradients,1:20,class_weighting,0.7388653738610116,0.5184484167464392,0.28080652863934585
arquitecturas,GCN,TAGCN,ExpectedGradients,1:20,class_weighting,0.7072614643184586,0.4901848696321747,0.3148285810050516
arquitecturas,GraphSAGE,GAT,ExpectedGradients,1:20,class_weighting,0.7272728079157189,0.519752978614401,0.2752705355646532
arquitecturas,GraphSAGE,TAGCN,ExpectedGradients,1:20,class_weighting,0.7781817696009053,0.6545365919320293,0.46831991537873896
arquitecturas,GAT,TAGCN,ExpectedGradients,1:20,class_weighting,0.7260020654508668,0.5127321851494113,0.26955337690631803
explicadores,GNNExplainer,ShapleyFeatures,,1:20,class_weighting,0.6378296238807012,0.32135520060149764,0.12313094828574705
explicadores,GNNExplainer,IntegratedGradients,,1:20,class_weighting,0.8610082203597521,0.5984418642959313,0.2145265123593297
explicadores,GNNExplainer,ExpectedGradients,,1:20,class_weighting,0.5196334692617008,0.29093400181286,0.20013596081707535
explicadores,ShapleyFeatures,IntegratedGradients,,1:20,class_weighting,0.47480510184888103,0.2899977532158221,0.18200346265361741
explicadores,ShapleyFeatures,ExpectedGradients,,1:20,class_weighting,0.3914701215796252,0.2362628691689569,0.18282716595410095
explicadores,IntegratedGradients,ExpectedGradients,,1:20,class_weighting,0.5564916301000076,0.43589202981871034,0.5830135550723786
explicadores,GNNExplainer,ShapleyFeatures,,1:20,class_weighting,0.6096278210802538,0.23860053180222232,0.14362581289825868
explicadores,GNNExplainer,IntegratedGradients,,1:20,class_weighting,0.8526484634778689,0.5891692971410663,0.2640697394567363
explicadores,GNNExplainer,ExpectedGradients,,1:20,class_weighting,0.5718336617686758,0.37328018131501467,0.17692925123265676
explicadores,ShapleyFeatures,IntegratedGradients,,1:20,class_weighting,0.45796358475625987,0.30772641448405885,0.21740364611881632
explicadores,ShapleyFeatures,ExpectedGradients,,1:20,class_weighting,0.4229042852762016,0.2690542050851332,0.2335114747653447
explicadores,IntegratedGradients,ExpectedGradients,,1:20,class_weighting,0.5925568776119933,0.47424411031680724,0.528108003108003
explicadores,GNNExplainer,ShapleyFeatures,,1:20,class_weighting,0.5091785986055659,0.20789647314356366,0.11924091273936477
explicadores,GNNExplainer,IntegratedGradients,,1:20,class_weighting,0.8923188204550864,0.625854530835747,0.3004884949931389
explicadores,GNNExplainer,ExpectedGradients,,1:20,class_weighting,0.4900748293130741,0.29400842834253565,0.237312644355988
explicadores,ShapleyFeatures,IntegratedGradients,,1:20,class_weighting,0.4600664966637823,0.270069666141901,0.2043231507627792
explicadores,ShapleyFeatures,ExpectedGradients,,1:20,class_weighting,0.3746330124092538,0.21121058427995382,0.19942159949899882
explicadores,IntegratedGradients,ExpectedGradients,,1:20,class_weighting,0.5297733919383101,0.43847364214252177,0.536911781029428
arquitecturas,GCN,GraphSAGE,GNNExplainer,1:20,class_weighting,0.9016391173862062,0.6199951780680242,0.1587260635248251
arquitecturas,GCN,GAT,GNNExplainer,1:20,class_weighting,0.8897044850683794,0.5910488970333263,0.1567566792798991
arquitecturas,GCN,TAGCN,GNNExplainer,1:20,class_weighting,0.8209915305505997,0.4430205135037848,0.1572354087833964
arquitecturas,GraphSAGE,GAT,GNNExplainer,1:20,class_weighting,0.919712437015739,0.6702506922212745,0.2779939416162326
arquitecturas,GraphSAGE,TAGCN,GNNExplainer,1:20,class_weighting,0.8306738973282901,0.3385764714586202,0.17569946107097803
arquitecturas,GAT,TAGCN,GNNExplainer,1:20,class_weighting,0.8294519512089458,0.4139939838584856,0.1815474142873523
arquitecturas,GCN,GraphSAGE,ShapleyFeatures,1:20,class_weighting,0.906682129638945,0.8351812860418129,0.41284873823573515
arquitecturas,GCN,GAT,ShapleyFeatures,1:20,class_weighting,0.9017573555322443,0.816424324748991,0.3623442719417952
arquitecturas,GCN,TAGCN,ShapleyFeatures,1:20,class_weighting,0.9018596033496359,0.8243695482951598,0.42153630683042437
arquitecturas,GraphSAGE,GAT,ShapleyFeatures,1:20,class_weighting,0.9375251687671641,0.8720318507844725,0.4092612438587671
arquitecturas,GraphSAGE,TAGCN,ShapleyFeatures,1:20,class_weighting,0.884598973993996,0.8048109193480533,0.35392723891175903
arquitecturas,GAT,TAGCN,ShapleyFeatures,1:20,class_weighting,0.8817959440971959,0.7991786110175625,0.3644161938279585
arquitecturas,GCN,GraphSAGE,IntegratedGradients,1:20,class_weighting,0.9587352676355896,0.7619027222187512,0.40722545428427787
arquitecturas,GCN,GAT,IntegratedGradients,1:20,class_weighting,0.9495750737086421,0.7117816836196325,0.4148567119155355
arquitecturas,GCN,TAGCN,IntegratedGradients,1:20,class_weighting,0.9572942282139035,0.7554053202541706,0.40672568172568174
arquitecturas,GraphSAGE,GAT,IntegratedGradients,1:20,class_weighting,0.9617392301036645,0.7820934434405679,0.3833979745744453
arquitecturas,GraphSAGE,TAGCN,IntegratedGradients,1:20,class_weighting,0.956317013623307,0.7474219249591695,0.34702231319878385
arquitecturas,GAT,TAGCN,IntegratedGradients,1:20,class_weighting,0.950227900038959,0.7150817366646137,0.425789569907217
arquitecturas,GCN,GraphSAGE,ExpectedGradients,1:20,class_weighting,0.6750599257591217,0.43210921857159523,0.1896084164660016
arquitecturas,GCN,GAT,ExpectedGradients,1:20,class_weighting,0.6732188634622179,0.3536476452622777,0.2361985909973526
arquitecturas,GCN,TAGCN,ExpectedGradients,1:20,class_weighting,0.7394533154275823,0.53307341288539,0.23309401583395392
arquitecturas,GraphSAGE,GAT,ExpectedGradients,1:20,class_weighting,0.714268288224845,0.4606243945286172,0.28111218846512964
arquitecturas,GraphSAGE,TAGCN,ExpectedGradients,1:20,class_weighting,0.6565325778200594,0.39266687404704276,0.18795845823709598
arquitecturas,GAT,TAGCN,ExpectedGradients,1:20,class_weighting,0.6952962995522196,0.39502268319862716,0.22568260772595136
explicadores,GNNExplainer,ShapleyFeatures,,1:20,class_weighting,0.6361442090848988,0.310204199082837,0.1125214998280014
explicadores,GNNExplainer,IntegratedGradients,,1:20,class_weighting,0.8579919641449123,0.5888368692108901,0.19758751453797888
explicadores,GNNExplainer,ExpectedGradients,,1:20,class_weighting,0.49165311211399076,0.2724896170570072,0.17794076695005487
explicadores,ShapleyFeatures,IntegratedGradients,,1:20,class_weighting,0.47382943158985236,0.2853001250535573,0.1605597389653117
explicadores,ShapleyFeatures,ExpectedGradients,,1:20,class_weighting,0.37161068972079353,0.2040733317799072,0.16504824151882977
explicadores,IntegratedGradients,ExpectedGradients,,1:20,class_weighting,0.5389559978637402,0.45205897173690945,0.5849554040730512
explicadores,GNNExplainer,ShapleyFeatures,,1:20,class_weighting,0.6288227409744181,0.28417677544464176,0.13611397775484463
explicadores,GNNExplainer,IntegratedGradients,,1:20,class_weighting,0.8268898059193414,0.5105835676705586,0.2459324845547756
explicadores,GNNExplainer,ExpectedGradients,,1:20,class_weighting,0.5328493783630469,0.3107479777548407,0.15376963650957456
explicadores,ShapleyFeatures,IntegratedGradients,,1:20,class_weighting,0.47013395885205,0.35516145992012155,0.27191076610581255
explicadores,ShapleyFeatures,ExpectedGradients,,1:20,class_weighting,0.4448621850136871,0.3610780447508837,0.23239143610660634
explicadores,IntegratedGradients,ExpectedGradients,,1:20,class_weighting,0.5563357519327059,0.44907276503289395,0.48114255026019737
explicadores,GNNExplainer,ShapleyFeatures,,1:20,class_weighting,0.493604734784265,0.13330180754040322,0.1478764785266333
explicadores,GNNExplainer,IntegratedGradients,,1:20,class_weighting,0.8373855619766838,0.305152093003791,0.3400730647634672
explicadores,GNNExplainer,ExpectedGradients,,1:20,class_weighting,0.5032929054601082,0.23072637559975243,0.16410962045636965
explicadores,ShapleyFeatures,IntegratedGradients,,1:20,class_weighting,0.448820486920982,0.24617922091608457,0.18597023604763543
explicadores,ShapleyFeatures,ExpectedGradients,,1:20,class_weighting,0.4065887455900065,0.23845970013974874,0.2015357020000983
explicadores,IntegratedGradients,ExpectedGradients,,1:20,class_weighting,0.502888742934728,0.2190669685502785,0.2921091836726512
arquitecturas,GCN,GraphSAGE,GNNExplainer,1:20,focal_loss,0.9011495828638579,0.6235201119669116,0.1922694808917719
arquitecturas,GCN,GAT,GNNExplainer,1:20,focal_loss,0.8895270007205026,0.5701913091781283,0.1837489966746932
arquitecturas,GCN,TAGCN,GNNExplainer,1:20,focal_loss,0.8311822902489021,0.45573188824128846,0.1706181302930529
arquitecturas,GraphSAGE,GAT,GNNExplainer,1:20,focal_loss,0.9093785058355067,0.6443388565951117,0.23753479349454576
arquitecturas,GraphSAGE,TAGCN,GNNExplainer,1:20,focal_loss,0.8538522307653691,0.5129698507168574,0.23354310235115186
arquitecturas,GAT,TAGCN,GNNExplainer,1:20,focal_loss,0.842222665762586,0.46043039138443814,0.21316854227070942
arquitecturas,GCN,GraphSAGE,ShapleyFeatures,1:20,focal_loss,0.9170657086680315,0.8550731691192172,0.41349445761210457
arquitecturas,GCN,GAT,ShapleyFeatures,1:20,focal_loss,0.9166807845758056,0.8440258671567704,0.43420958126840487
arquitecturas,GCN,TAGCN,ShapleyFeatures,1:20,focal_loss,0.9097999479568283,0.8320433648087868,0.3978782111135052
arquitecturas,GraphSAGE,GAT,ShapleyFeatures,1:20,focal_loss,0.9427289014586838,0.8864091977744513,0.4376542159823893
arquitecturas,GraphSAGE,TAGCN,ShapleyFeatures,1:20,focal_loss,0.9193363025890039,0.872376922163253,0.5145030895030894
arquitecturas,GAT,TAGCN,ShapleyFeatures,1:20,focal_loss,0.9027723765538381,0.8381009467872674,0.44140412963942377
arquitecturas,GCN,GraphSAGE,IntegratedGradients,1:20,focal_loss,0.9613141736165384,0.7786985935570975,0.3676165337930044
arquitecturas,GCN,GAT,IntegratedGradients,1:20,focal_loss,0.9599488427915267,0.7728635009413981,0.42272079772079774
arquitecturas,GCN,TAGCN,IntegratedGradients,1:20,focal_loss,0.9561718504559876,0.7561744911691283,0.38796416002298356
arquitecturas,GraphSAGE,GAT,IntegratedGradients,1:20,focal_loss,0.9647032193778052,0.7961792915932785,0.5382894882894882
arquitecturas,GraphSAGE,TAGCN,IntegratedGradients,1:20,focal_loss,0.9715933547562816,0.8363495939567449,0.5782190032190031
arquitecturas,GAT,TAGCN,IntegratedGradients,1:20,focal_loss,0.9626827611732847,0.7913439378577253,0.4783508974685446
arquitecturas,GCN,GraphSAGE,ExpectedGradients,1:20,focal_loss,0.7396600824330686,0.4655835089915757,0.1909311677887529
arquitecturas,GCN,GAT,ExpectedGradients,1:20,focal_loss,0.7260998857580607,0.43525103173459795,0.2797619992666432
arquitecturas,GCN,TAGCN,ExpectedGradients,1:20,focal_loss,0.7327058583521942,0.4320604234828612,0.18966288269693846
arquitecturas,GraphSAGE,GAT,ExpectedGradients,1:20,focal_loss,0.7690786870918895,0.5247572298355933,0.28837903582485624
arquitecturas,GraphSAGE,TAGCN,ExpectedGradients,1:20,focal_loss,0.8045086491596127,0.6233195636110175,0.3251539167173842
arquitecturas,GAT,TAGCN,ExpectedGradients,1:20,focal_loss,0.751971041045724,0.5217007551445677,0.3014437488895692
explicadores,GNNExplainer,ShapleyFeatures,,1:20,focal_loss,0.6219321959713973,0.21393614252447368,0.13263960554982226
explicadores,GNNExplainer,IntegratedGradients,,1:20,focal_loss,0.8191128872009625,0.4311743570903312,0.2533943581931198
explicadores,GNNExplainer,ExpectedGradients,,1:20,focal_loss,0.5296402254104581,0.10320646849910395,0.11701926384588926
explicadores,ShapleyFeatures,IntegratedGradients,,1:20,focal_loss,0.49273608554682047,0.328132484538913,0.255352937396281
explicadores,ShapleyFeatures,ExpectedGradients,,1:20,focal_loss,0.4753385466778288,0.3196064741506231,0.23303724998771436
explicadores,IntegratedGradients,ExpectedGradients,,1:20,focal_loss,0.5483549907833395,0.24875870717615534,0.38176469499998916
explicadores,GNNExplainer,ShapleyFeatures,,1:20,focal_loss,0.6157683154448123,0.24834431067594118,0.10418816649466803
explicadores,GNNExplainer,IntegratedGradients,,1:20,focal_loss,0.8288013459479574,0.4811215992180701,0.22591404983045846
explicadores,GNNExplainer,ExpectedGradients,,1:20,focal_loss,0.5150595020220872,0.22426747709675135,0.15523162481366812
explicadores,ShapleyFeatures,IntegratedGradients,,1:20,focal_loss,0.46674603368232975,0.3078748278627511,0.226892236876757
explicadores,ShapleyFeatures,ExpectedGradients,,1:20,focal_loss,0.40594332270788347,0.26384494387000224,0.20695350114854755
explicadores,IntegratedGradients,ExpectedGradients,,1:20,focal_loss,0.561937599957493,0.43363926429655186,0.49211278917161266
explicadores,GNNExplainer,ShapleyFeatures,,1:20,focal_loss,0.5138032430151276,0.19070600025321927,0.13756449948400415
explicadores,GNNExplainer,IntegratedGradients,,1:20,focal_loss,0.8462291735272357,0.37064678040342225,0.29858217691035027
explicadores,GNNExplainer,ExpectedGradients,,1:20,focal_loss,0.5416112942486657,0.23392812621061448,0.18144994840041276
explicadores,ShapleyFeatures,IntegratedGradients,,1:20,focal_loss,0.48010396403306604,0.3220272514630344,0.2427911928685922
explicadores,ShapleyFeatures,ExpectedGradients,,1:20,focal_loss,0.48394810225403434,0.3565004135595074,0.23493947286516945
explicadores,IntegratedGradients,ExpectedGradients,,1:20,focal_loss,0.5430868140691409,0.2726594845867983,0.4138364358952594
arquitecturas,GCN,GraphSAGE,GNNExplainer,1:20,focal_loss,0.8994472300276314,0.5837400840763357,0.21405376815593533
arquitecturas,GCN,GAT,GNNExplainer,1:20,focal_loss,0.8960830911111537,0.5397825926899761,0.22219847003128732
arquitecturas,GCN,TAGCN,GNNExplainer,1:20,focal_loss,0.825587611256896,0.39802927530629284,0.19583501866783593
arquitecturas,GraphSAGE,GAT,GNNExplainer,1:20,focal_loss,0.9160280612654375,0.662090447431454,0.2299752649597851
arquitecturas,GraphSAGE,TAGCN,GNNExplainer,1:20,focal_loss,0.8516925514678022,0.49941045927774197,0.31248272138365013
arquitecturas,GAT,TAGCN,GNNExplainer,1:20,focal_loss,0.8490963010199616,0.4589332095257295,0.18968581584680652
arquitecturas,GCN,GraphSAGE,ShapleyFeatures,1:20,focal_loss,0.9120268192349299,0.8433724070903337,0.45015621633268693
arquitecturas,GCN,GAT,ShapleyFeatures,1:20,focal_loss,0.9105708036741654,0.838949437213784,0.4208420120184826
arquitecturas,GCN,TAGCN,ShapleyFeatures,1:20,focal_loss,0.9004807520350032,0.8364457812161054,0.4166612798965739
arquitecturas,GraphSAGE,GAT,ShapleyFeatures,1:20,focal_loss,0.9371525739148892,0.8764406381597178,0.47366048983696035
arquitecturas,GraphSAGE,TAGCN,ShapleyFeatures,1:20,focal_loss,0.908869377136809,0.8548230465112743,0.49066971899789225
arquitecturas,GAT,TAGCN,ShapleyFeatures,1:20,focal_loss,0.8937429727494567,0.8328209463644547,0.455743493978788
arquitecturas,GCN,GraphSAGE,IntegratedGradients,1:20,focal_loss,0.9639673584313039,0.7948539627908403,0.4468164188752425
arquitecturas,GCN,GAT,IntegratedGradients,1:20,focal_loss,0.963281526246414,0.7938991004168603,0.4820818070818071
arquitecturas,GCN,TAGCN,IntegratedGradients,1:20,focal_loss,0.9568589543834627,0.7598005129239864,0.46073364200299183
arquitecturas,GraphSAGE,GAT,IntegratedGradients,1:20,focal_loss,0.9676026699188648,0.8184261939180538,0.48771228771228775
arquitecturas,GraphSAGE,TAGCN,IntegratedGradients,1:20,focal_loss,0.9708571658910943,0.8392201603352691,0.4855366168059667
arquitecturas,GAT,TAGCN,IntegratedGradients,1:20,focal_loss,0.9619406955964377,0.7893556553462407,0.4366355179048678
arquitecturas,GCN,GraphSAGE,ExpectedGradients,1:20,focal_loss,0.7583450052749221,0.44692259099707293,0.25523244385473487
arquitecturas,GCN,GAT,ExpectedGradients,1:20,focal_loss,0.7427262593917703,0.43832444897396033,0.21440841293782464
arquitecturas,GCN,TAGCN,ExpectedGradients,1:20,focal_loss,0.7618899128238308,0.4594553961625358,0.25444707797648974
arquitecturas,GraphSAGE,GAT,ExpectedGradients,1:20,focal_loss,0.7484242970066133,0.5108090278651265,0.2496342981637099
arquitecturas,GraphSAGE,TAGCN,ExpectedGradients,1:20,focal_loss,0.8068689167132684,0.6050870734226261,0.3054585936938877
arquitecturas,GAT,TAGCN,ExpectedGradients,1:20,focal_loss,0.7444679312317085,0.5085834232340316,0.26868969810146287
explicadores,GNNExplainer,ShapleyFeatures,,1:20,focal_loss,0.6168730126935006,0.21828232669013548,0.13516798532278412
explicadores,GNNExplainer,IntegratedGradients,,1:20,focal_loss,0.8223005716117798,0.44776808588989775,0.2846135890253537
explicadores,GNNExplainer,ExpectedGradients,,1:20,focal_loss,0.5404030878919209,0.18711907569909422,0.16269349845201236
explicadores,ShapleyFeatures,IntegratedGradients,,1:20,focal_loss,0.48205904517419945,0.3352825369387944,0.223725824112821
explicadores,ShapleyFeatures,ExpectedGradients,,1:20,focal_loss,0.4658941755438321,0.34239019542561566,0.22678780914075033
explicadores,IntegratedGradients,ExpectedGradients,,1:20,focal_loss,0.5597072759744566,0.3452417838954533,0.39528858940623646
explicadores,GNNExplainer,ShapleyFeatures,,1:20,focal_loss,0.6178298314150732,0.2629784225179272,0.14429537897030154
explicadores,GNNExplainer,IntegratedGradients,,1:20,focal_loss,0.8412605003288751,0.534568820771677,0.2605743241966152
explicadores,GNNExplainer,ExpectedGradients,,1:20,focal_loss,0.5402514169759862,0.3100228087844467,0.1696422428620571
explicadores,ShapleyFeatures,IntegratedGradients,,1:20,focal_loss,0.4670911420915961,0.29951136625240554,0.19740184422846954
explicadores,ShapleyFeatures,ExpectedGradients,,1:20,focal_loss,0.4081625119885669,0.26139331354781303,0.23700928414550707
explicadores,IntegratedGradients,ExpectedGradients,,1:20,focal_loss,0.5576184829752997,0.4098156214117413,0.39767721385368443
explicadores,GNNExplainer,ShapleyFeatures,,1:20,focal_loss,0.5263039508385287,0.18563761042142357,0.13684497190689138
explicadores,GNNExplainer,IntegratedGradients,,1:20,focal_loss,0.8457105698028171,0.367333663586825,0.32973097021084635
explicadores,GNNExplainer,ExpectedGradients,,1:20,focal_loss,0.5280013840119825,0.23815610330995768,0.1898533097449506
explicadores,ShapleyFeatures,IntegratedGradients,,1:20,focal_loss,0.48828745967527987,0.32675022095394735,0.23611816746491668
explicadores,ShapleyFeatures,ExpectedGradients,,1:20,focal_loss,0.45819998169768267,0.29122643955636496,0.19943936638983076
explicadores,IntegratedGradients,ExpectedGradients,,1:20,focal_loss,0.5237922419914014,0.2438796147916463,0.33363340019686777
arquitecturas,GCN,GraphSAGE,GNNExplainer,1:20,focal_loss,0.9017863402598297,0.625724721772708,0.21419193408357493
arquitecturas,GCN,GAT,GNNExplainer,1:20,focal_loss,0.8942604515403215,0.5776626254827918,0.19835520803013063
arquitecturas,GCN,TAGCN,GNNExplainer,1:20,focal_loss,0.8257461639440492,0.38429055369609894,0.169260569724966
arquitecturas,GraphSAGE,GAT,GNNExplainer,1:20,focal_loss,0.8944604170374197,0.6021925041922535,0.21504046062869583
arquitecturas,GraphSAGE,TAGCN,GNNExplainer,1:20,focal_loss,0.8375660361258856,0.4185141345011271,0.2066174422985568
arquitecturas,GAT,TAGCN,GNNExplainer,1:20,focal_loss,0.8278080927267434,0.39082946520743017,0.21237719109236133
arquitecturas,GCN,GraphSAGE,ShapleyFeatures,1:20,focal_loss,0.9143359503588547,0.8450275687741363,0.388060523354641
arquitecturas,GCN,GAT,ShapleyFeatures,1:20,focal_loss,0.9064147741669646,0.8399643438241255,0.3728288166368661
arquitecturas,GCN,TAGCN,ShapleyFeatures,1:20,focal_loss,0.9056032531093566,0.835252448841958,0.41284873823573515
arquitecturas,GraphSAGE,GAT,ShapleyFeatures,1:20,focal_loss,0.9341603733667164,0.8717905978686288,0.3879320284119046
arquitecturas,GraphSAGE,TAGCN,ShapleyFeatures,1:20,focal_loss,0.8982295126955874,0.8416508935714346,0.4793357513945749
arquitecturas,GAT,TAGCN,ShapleyFeatures,1:20,focal_loss,0.8928306370212469,0.8311026499902711,0.4482195765477499
arquitecturas,GCN,GraphSAGE,IntegratedGradients,1:20,focal_loss,0.956768933432626,0.7505323355463035,0.43298090798090805
arquitecturas,GCN,GAT,IntegratedGradients,1:20,focal_loss,0.9550549702515039,0.7415488989556115,0.440406162464986
arquitecturas,GCN,TAGCN,IntegratedGradients,1:20,focal_loss,0.954653323982106,0.7393725283362136,0.4297008547008548
arquitecturas,GraphSAGE,GAT,IntegratedGradients,1:20,focal_loss,0.9590628519307696,0.7653416364236649,0.4547008547008547
arquitecturas,GraphSAGE,TAGCN,IntegratedGradients,1:20,focal_loss,0.9609330291989765,0.7753744807586807,0.48551448551448556
arquitecturas,GAT,TAGCN,IntegratedGradients,1:20,focal_loss,0.9577855760211192,0.7582214561899504,0.47620435120435123
arquitecturas,GCN,GraphSAGE,ExpectedGradients,1:20,focal_loss,0.7622086194486338,0.5403781713103755,0.15977197896702544
arquitecturas,GCN,GAT,ExpectedGradients,1:20,focal_loss,0.7044060520644642,0.4319973881182773,0.1539015021213163
arquitecturas,GCN,TAGCN,ExpectedGradients,1:20,focal_loss,0.7618018032284987,0.5544508156593174,0.15287811030845086
arquitecturas,GraphSAGE,GAT,ExpectedGradients,1:20,focal_loss,0.740828730760248,0.48101694693019204,0.2601207329535503
arquitecturas,GraphSAGE,TAGCN,ExpectedGradients,1:20,focal_loss,0.7659369573247098,0.5613760466762744,0.26054499622611077
arquitecturas,GAT,TAGCN,ExpectedGradients,1:20,focal_loss,0.7449524341744083,0.547392847672639,0.3210533876168551
explicadores,GNNExplainer,ShapleyFeatures,,1:20,focal_loss,0.6249825459826936,0.24620659740203138,0.14477410847379885
explicadores,GNNExplainer,IntegratedGradients,,1:20,focal_loss,0.8204917376581938,0.44114026032140224,0.3165912518853695
explicadores,GNNExplainer,ExpectedGradients,,1:20,focal_loss,0.5280023227188188,0.18319152470267713,0.15120972365554408
explicadores,ShapleyFeatures,IntegratedGradients,,1:20,focal_loss,0.477802980368583,0.3234349870222733,0.2430812909141082
explicadores,ShapleyFeatures,ExpectedGradients,,1:20,focal_loss,0.4341832572344486,0.26921235056279125,0.22820172603454336
explicadores,IntegratedGradients,ExpectedGradients,,1:20,focal_loss,0.5312611703546821,0.2600213985043169,0.3710911093264035
explicadores,GNNExplainer,ShapleyFeatures,,1:20,focal_loss,0.6005456631356773,0.23296062631769168,0.11354489164086687
explicadores,GNNExplainer,IntegratedGradients,,1:20,focal_loss,0.8148754434722961,0.47332983783048305,0.24909152594911105
explicadores,GNNExplainer,ExpectedGradients,,1:20,focal_loss,0.504625520327164,0.26166000592006905,0.13255073959408326
explicadores,ShapleyFeatures,IntegratedGradients,,1:20,focal_loss,0.45028062248375034,0.33327394948054967,0.23561102353672012
explicadores,ShapleyFeatures,ExpectedGradients,,1:20,focal_loss,0.4223621893841065,0.30740956228673616,0.27724099086328186
explicadores,IntegratedGradients,ExpectedGradients,,1:20,focal_loss,0.5206663578871968,0.39472083838475,0.38940373352138064
explicadores,GNNExplainer,ShapleyFeatures,,1:20,focal_loss,0.5115457389611534,0.17093718434998253,0.1598268547184956
explicadores,GNNExplainer,IntegratedGradients,,1:20,focal_loss,0.823655718888485,0.22043569750081388,0.3621198375068344
explicadores,GNNExplainer,ExpectedGradients,,1:20,focal_loss,0.4732575088831105,0.21445369847571671,0.2104342681742062
explicadores,ShapleyFeatures,IntegratedGradients,,1:20,focal_loss,0.4786186699785218,0.30108797689301875,0.23710675003244658
explicadores,ShapleyFeatures,ExpectedGradients,,1:20,focal_loss,0.4480557126192515,0.3532340907889511,0.26487715644062393
explicadores,IntegratedGradients,ExpectedGradients,,1:20,focal_loss,0.4947832289751443,0.2810748086566259,0.3198521522050934
arquitecturas,GCN,GraphSAGE,GNNExplainer,native,none,0.9036245719400265,0.6392662285414675,0.21635543106131339
arquitecturas,GCN,GAT,GNNExplainer,native,none,0.9025796060561363,0.5696762803502883,0.16663513358559798
arquitecturas,GCN,TAGCN,GNNExplainer,native,none,0.8554868246030087,0.5100669391183246,0.22378577161858895
arquitecturas,GraphSAGE,GAT,GNNExplainer,native,none,0.9060215408433677,0.6352012416335026,0.2602181988404898
arquitecturas,GraphSAGE,TAGCN,GNNExplainer,native,none,0.8541095499659559,0.5126933292307955,0.2941799886846326
arquitecturas,GAT,TAGCN,GNNExplainer,native,none,0.8507604963824947,0.41933939564828665,0.3017099830567322
arquitecturas,GCN,GraphSAGE,ShapleyFeatures,native,none,0.9096009600608833,0.8393838898135414,0.37646879264526323
arquitecturas,GCN,GAT,ShapleyFeatures,native,none,0.9030669010988843,0.816801309169393,0.36915255080889753
arquitecturas,GCN,TAGCN,ShapleyFeatures,native,none,0.8956752291659476,0.8134184093340856,0.38046596506348834
arquitecturas,GraphSAGE,GAT,ShapleyFeatures,native,none,0.9494056269718129,0.9031492963471379,0.49763411969294324
arquitecturas,GraphSAGE,TAGCN,ShapleyFeatures,native,none,0.8987730980023365,0.8388032777768744,0.42992001118936113
arquitecturas,GAT,TAGCN,ShapleyFeatures,native,none,0.893663976688525,0.8311615914822595,0.44222748928631284
arquitecturas,GCN,GraphSAGE,IntegratedGradients,native,none,0.9618993489674846,0.7814690463489272,0.36001699825229233
arquitecturas,GCN,GAT,IntegratedGradients,native,none,0.9558581101742575,0.7490795664228075,0.346711784947079
arquitecturas,GCN,TAGCN,IntegratedGradients,native,none,0.9591454963961229,0.7716242356925876,0.43497270703153057
arquitecturas,GraphSAGE,GAT,IntegratedGradients,native,none,0.9730151292568597,0.8450601103587583,0.48394383394383406
arquitecturas,GraphSAGE,TAGCN,IntegratedGradients,native,none,0.9677241047748152,0.8149861899842253,0.5024163744751979
arquitecturas,GAT,TAGCN,IntegratedGradients,native,none,0.9665710851855788,0.8073928607127459,0.46389008594890946
arquitecturas,GCN,GraphSAGE,ExpectedGradients,native,none,0.6995754791067167,0.44865056511975854,0.19943936638983076
arquitecturas,GCN,GAT,ExpectedGradients,native,none,0.6681670108621243,0.29377274100894973,0.2125071666093338
arquitecturas,GCN,TAGCN,ExpectedGradients,native,none,0.6636709412756139,0.341169206631027,0.18637443281406124
arquitecturas,GraphSAGE,GAT,ExpectedGradients,native,none,0.7670175760212903,0.6073339444399495,0.29782144526726567
arquitecturas,GraphSAGE,TAGCN,ExpectedGradients,native,none,0.7420820351732308,0.5310917893765958,0.36574313486078197
arquitecturas,GAT,TAGCN,ExpectedGradients,native,none,0.7216501523146189,0.45965631983092603,0.2763557649780559
explicadores,GNNExplainer,ShapleyFeatures,,native,none,0.6137456346126113,0.1985880591958179,0.10415376676986582
explicadores,GNNExplainer,IntegratedGradients,,native,none,0.8167098318798519,0.4307561316579962,0.3023538409761321
explicadores,GNNExplainer,ExpectedGradients,,native,none,0.48862191521934406,0.11796413149992761,0.12855463822956084
explicadores,ShapleyFeatures,IntegratedGradients,,native,none,0.4647945372718898,0.2607166807279238,0.1645138172227955
explicadores,ShapleyFeatures,ExpectedGradients,,native,none,0.4360657690070567,0.29706088659552327,0.21002326706661067
explicadores,IntegratedGradients,ExpectedGradients,,native,none,0.493094563332936,0.17010499500443785,0.3285508723589219
explicadores,GNNExplainer,ShapleyFeatures,,native,none,0.5927388649059543,0.2354234269239951,0.13427768768326045
explicadores,GNNExplainer,IntegratedGradients,,native,none,0.8551963646610514,0.5662364537225864,0.26263985126214223
explicadores,GNNExplainer,ExpectedGradients,,native,none,0.5370305088503206,0.2680124093764494,0.14292921847101414
explicadores,ShapleyFeatures,IntegratedGradients,,native,none,0.4668155661772443,0.32928594353199325,0.1971176369783181
explicadores,ShapleyFeatures,ExpectedGradients,,native,none,0.4666352674098688,0.37508540350384,0.23062526855096513
explicadores,IntegratedGradients,ExpectedGradients,,native,none,0.5485674865249651,0.4019558364226832,0.43320834938482
explicadores,GNNExplainer,ShapleyFeatures,,native,none,0.4785004327141248,0.07861499155600936,0.10399323472078889
explicadores,GNNExplainer,IntegratedGradients,,native,none,0.8352289004182761,0.2921219207375654,0.43890396096278445
explicadores,GNNExplainer,ExpectedGradients,,native,none,0.405318360614441,0.08285265711879225,0.11774518624363826
explicadores,ShapleyFeatures,IntegratedGradients,,native,none,0.4495378145365344,0.25279453608021424,0.19296714637271908
explicadores,ShapleyFeatures,ExpectedGradients,,native,none,0.3693096810026432,0.19083986690423252,0.21954855716465616
explicadores,IntegratedGradients,ExpectedGradients,,native,none,0.410723023506842,0.1379183602316077,0.27632493925063584
arquitecturas,GCN,GraphSAGE,GNNExplainer,native,none,0.9025715666125129,0.6458927589450295,0.23743165732329813
arquitecturas,GCN,GAT,GNNExplainer,native,none,0.9105892552302065,0.6251004147212867,0.2558627904603136
arquitecturas,GCN,TAGCN,GNNExplainer,native,none,0.8381898212854452,0.49350942724219293,0.20867118777335497
arquitecturas,GraphSAGE,GAT,GNNExplainer,native,none,0.9039689448633779,0.5854021431161459,0.2246954112279189
arquitecturas,GraphSAGE,TAGCN,GNNExplainer,native,none,0.8639001883766131,0.5631894007171677,0.3658581471274969
arquitecturas,GAT,TAGCN,GNNExplainer,native,none,0.8520102893405549,0.428971383496339,0.23520002242912452
arquitecturas,GCN,GraphSAGE,ShapleyFeatures,native,none,0.9115635271685625,0.8339676972096334,0.4425836146424382
arquitecturas,GCN,GAT,ShapleyFeatures,native,none,0.9212707766665067,0.8720668641597724,0.5204449145625617
arquitecturas,GCN,TAGCN,ShapleyFeatures,native,none,0.8984336740202408,0.817970921459198,0.4402649093825564
arquitecturas,GraphSAGE,GAT,ShapleyFeatures,native,none,0.9382026268844982,0.8882241937095804,0.48120695953513287
arquitecturas,GraphSAGE,TAGCN,ShapleyFeatures,native,none,0.8970042171551128,0.8248431326552172,0.47141681847564204
arquitecturas,GAT,TAGCN,ShapleyFeatures,native,none,0.8969778004636297,0.8389020990233751,0.47348512054394404
arquitecturas,GCN,GraphSAGE,IntegratedGradients,native,none,0.9605627281968497,0.7757770689693507,0.4273234934999641
arquitecturas,GCN,GAT,IntegratedGradients,native,none,0.9611579319979159,0.7802764447964761,0.4450012950012951
arquitecturas,GCN,TAGCN,IntegratedGradients,native,none,0.9599591455013701,0.769818074368675,0.4566544566544567
arquitecturas,GraphSAGE,GAT,IntegratedGradients,native,none,0.9642014716936398,0.7961314889209866,0.4696796667384902
arquitecturas,GraphSAGE,TAGCN,IntegratedGradients,native,none,0.9635973157391766,0.7901863098643088,0.49898859310624016
arquitecturas,GAT,TAGCN,IntegratedGradients,native,none,0.9597617308640941,0.7707488086806806,0.4163142413142414
arquitecturas,GCN,GraphSAGE,ExpectedGradients,native,none,0.7263188682425687,0.5029848374391236,0.24398127672121475
arquitecturas,GCN,GAT,ExpectedGradients,native,none,0.7833878189230351,0.5948920030681454,0.3357573798750269
arquitecturas,GCN,TAGCN,ExpectedGradients,native,none,0.7250906973325538,0.4751052307806569,0.23356865013211756
arquitecturas,GraphSAGE,GAT,ExpectedGradients,native,none,0.7669716639982955,0.5819330866962542,0.323763436998731
arquitecturas,GraphSAGE,TAGCN,ExpectedGradients,native,none,0.7631833602249138,0.548011241692908,0.2994577318106729
arquitecturas,GAT,TAGCN,ExpectedGradients,native,none,0.7454096656101746,0.5077527788540295,0.306090641384759
explicadores,GNNExplainer,ShapleyFeatures,,native,none,0.5939613418395397,0.1749154411783012,0.10244811374842337
explicadores,GNNExplainer,IntegratedGradients,,native,none,0.8162513854540238,0.38643350816318983,0.357625870861165
explicadores,GNNExplainer,ExpectedGradients,,native,none,0.439786346111955,0.15081226771159387,0.1094513243894049
explicadores,ShapleyFeatures,IntegratedGradients,,native,none,0.45895994522523414,0.2852822611048959,0.18323873409012723
explicadores,ShapleyFeatures,ExpectedGradients,,native,none,0.38675386528596706,0.2657373485685019,0.24617548773895523
explicadores,IntegratedGradients,ExpectedGradients,,native,none,0.44877611708465903,0.1927961200420863,0.23322588144569567
explicadores,GNNExplainer,ShapleyFeatures,,native,none,0.6326536841676492,0.32826999601853546,0.15049265320163147
explicadores,GNNExplainer,IntegratedGradients,,native,none,0.8355051674456372,0.448779499782925,0.22622308032524743
explicadores,GNNExplainer,ExpectedGradients,,native,none,0.5261135712491066,0.2528843675624212,0.12145396170163972
explicadores,ShapleyFeatures,IntegratedGradients,,native,none,0.48613168158222825,0.30266098326359353,0.20613830327452617
explicadores,ShapleyFeatures,ExpectedGradients,,native,none,0.4543653832084906,0.34142790614918567,0.29685081860004453
explicadores,IntegratedGradients,ExpectedGradients,,native,none,0.5216653896781902,0.2651241801603302,0.3377415068591539
explicadores,GNNExplainer,ShapleyFeatures,,native,none,0.48433496353733546,0.09959739344434995,0.16903230927998728
explicadores,GNNExplainer,IntegratedGradients,,native,none,0.8301202433607807,0.26109749666995363,0.4607404577992813
explicadores,GNNExplainer,ExpectedGradients,,native,none,0.3968077061063687,0.12218934059216556,0.15183014726358382
explicadores,ShapleyFeatures,IntegratedGradients,,native,none,0.45527570979076054,0.2509695804877949,0.19304265565875467
explicadores,ShapleyFeatures,ExpectedGradients,,native,none,0.33674900762452836,0.12813886198048777,0.23734934369609287
explicadores,IntegratedGradients,ExpectedGradients,,native,none,0.39232459683306925,0.077220916435524,0.23474984767554422
arquitecturas,GCN,GraphSAGE,GNNExplainer,native,none,0.9020079619418387,0.6319010272400364,0.22169280667732674
arquitecturas,GCN,GAT,GNNExplainer,native,none,0.9218631629260616,0.7016528878125159,0.3398465369053605
arquitecturas,GCN,TAGCN,GNNExplainer,native,none,0.830133005231761,0.4612866683174318,0.21072534276868643
arquitecturas,GraphSAGE,GAT,GNNExplainer,native,none,0.891710072393584,0.5740606760606611,0.22056646770269062
arquitecturas,GraphSAGE,TAGCN,GNNExplainer,native,none,0.8680458858951766,0.5804114613174639,0.34782802909737887
arquitecturas,GAT,TAGCN,GNNExplainer,native,none,0.8335580837479843,0.4413085254833337,0.2116321157342829
arquitecturas,GCN,GraphSAGE,ShapleyFeatures,native,none,0.9147533293218304,0.8471874084707964,0.4550522863216361
arquitecturas,GCN,GAT,ShapleyFeatures,native,none,0.9107903580182187,0.8541027945737337,0.41031156952209574
arquitecturas,GCN,TAGCN,ShapleyFeatures,native,none,0.9033256278567131,0.8306369574002884,0.40417254171124145
arquitecturas,GraphSAGE,GAT,ShapleyFeatures,native,none,0.9424703582358199,0.8793675828094153,0.44475826317931577
arquitecturas,GraphSAGE,TAGCN,ShapleyFeatures,native,none,0.8983746854906189,0.8363639238525209,0.43127209048261683
arquitecturas,GAT,TAGCN,ShapleyFeatures,native,none,0.8867519062551711,0.8247077015454217,0.3774510748968953
arquitecturas,GCN,GraphSAGE,IntegratedGradients,native,none,0.9655055003994819,0.8047457077538946,0.4358502608502609
arquitecturas,GCN,GAT,IntegratedGradients,native,none,0.9672707593092738,0.8156368301440208,0.4431839402427638
arquitecturas,GCN,TAGCN,IntegratedGradients,native,none,0.9620002168106353,0.7840485719309037,0.4671855921855922
arquitecturas,GraphSAGE,GAT,IntegratedGradients,native,none,0.9670300748418419,0.8140992619688162,0.4864302364302365
arquitecturas,GraphSAGE,TAGCN,IntegratedGradients,native,none,0.9648608576643686,0.7984292681794847,0.461935286935287
arquitecturas,GAT,TAGCN,IntegratedGradients,native,none,0.961757559752781,0.7829612684448574,0.45082417582417594
arquitecturas,GCN,GraphSAGE,ExpectedGradients,native,none,0.7336299574746475,0.5018613698475296,0.2936352318705259
arquitecturas,GCN,GAT,ExpectedGradients,native,none,0.7598006035149002,0.5738589046258445,0.21977492751486563
arquitecturas,GCN,TAGCN,ExpectedGradients,native,none,0.7288894865230489,0.5250966284466326,0.23862254303430766
arquitecturas,GraphSAGE,GAT,ExpectedGradients,native,none,0.7086354100416823,0.47399845236134397,0.21008003291285018
arquitecturas,GraphSAGE,TAGCN,ExpectedGradients,native,none,0.7585857486043699,0.5535660071646863,0.32239220474514585
arquitecturas,GAT,TAGCN,ExpectedGradients,native,none,0.7041041814620681,0.46487463364290527,0.17281234131079332
explicadores,GNNExplainer,ShapleyFeatures,,native,none,0.5912912728405334,0.1442651222901596,0.09921167297328289
explicadores,GNNExplainer,IntegratedGradients,,native,none,0.8131196043545773,0.3857600860380583,0.32223310458604576
explicadores,GNNExplainer,ExpectedGradients,,native,none,0.4434046972394092,0.07867555113370486,0.09639949547070294
explicadores,ShapleyFeatures,IntegratedGradients,,native,none,0.4563146073977616,0.26628107768725695,0.17412183046857968
explicadores,ShapleyFeatures,ExpectedGradients,,native,none,0.3958217009956887,0.2707752470951842,0.22734393802505257
explicadores,IntegratedGradients,ExpectedGradients,,native,none,0.4587893769558008,0.18960744097241655,0.2370861164978811
explicadores,GNNExplainer,ShapleyFeatures,,native,none,0.6139218864528352,0.2927089502469986,0.19522210675461443
explicadores,GNNExplainer,IntegratedGradients,,native,none,0.7642950130491506,0.2056648686220425,0.17750610815626297
explicadores,GNNExplainer,ExpectedGradients,,native,none,0.4955920529143257,0.1512952472037197,0.1216214555997838
explicadores,ShapleyFeatures,IntegratedGradients,,native,none,0.45203007786102734,0.2930844767762025,0.1660178286339277
explicadores,ShapleyFeatures,ExpectedGradients,,native,none,0.38904292545911173,0.1886151451916115,0.14953969892050387
explicadores,IntegratedGradients,ExpectedGradients,,native,none,0.49037239546716166,0.17618588806943294,0.23492769127444044
explicadores,GNNExplainer,ShapleyFeatures,,native,none,0.48430949052154804,0.08503175622866786,0.10712074303405573
explicadores,GNNExplainer,IntegratedGradients,,native,none,0.8369826863638359,0.28539077012629854,0.4164281510256741
explicadores,GNNExplainer,ExpectedGradients,,native,none,0.44015856636088296,0.18357444186412752,0.15274173997084212
explicadores,ShapleyFeatures,IntegratedGradients,,native,none,0.4630200583575365,0.2814270408460357,0.21272462201254766
explicadores,ShapleyFeatures,ExpectedGradients,,native,none,0.3834865173147342,0.21516150192226818,0.19553335954264742
explicadores,IntegratedGradients,ExpectedGradients,,native,none,0.4256224227286763,0.1263220406161968,0.2633653469566781
arquitecturas,GCN,GraphSAGE,GNNExplainer,native,class_weighting,0.8969648292380287,0.6048248784610997,0.18233476476510535
arquitecturas,GCN,GAT,GNNExplainer,native,class_weighting,0.8839949961072031,0.5661666404203873,0.14677338771766016
arquitecturas,GCN,TAGCN,GNNExplainer,native,class_weighting,0.8296956591577355,0.4736618684087809,0.15567882123609672
arquitecturas,GraphSAGE,GAT,GNNExplainer,native,class_weighting,0.9362177235181506,0.7199529851902806,0.4265523949734476
arquitecturas,GraphSAGE,TAGCN,GNNExplainer,native,class_weighting,0.8861133782986417,0.6268219303667474,0.27765526813514424
arquitecturas,GAT,TAGCN,GNNExplainer,native,class_weighting,0.8871642588096015,0.6109345314661081,0.29171442306117223
arquitecturas,GCN,GraphSAGE,ShapleyFeatures,native,class_weighting,0.9066394205049304,0.8268170335281627,0.36563599798893914
arquitecturas,GCN,GAT,ShapleyFeatures,native,class_weighting,0.9058263442727869,0.8267950784173415,0.4407300760241937
arquitecturas,GCN,TAGCN,ShapleyFeatures,native,class_weighting,0.89979887347862,0.8159377551447159,0.3721051938544198
arquitecturas,GraphSAGE,GAT,ShapleyFeatures,native,class_weighting,0.946393983709002,0.8953385553835104,0.4973402414578885
arquitecturas,GraphSAGE,TAGCN,ShapleyFeatures,native,class_weighting,0.9121880945266343,0.8561242283179067,0.5035051005639241
arquitecturas,GAT,TAGCN,ShapleyFeatures,native,class_weighting,0.9055083437060126,0.838568628553052,0.4407431348607819
arquitecturas,GCN,GraphSAGE,IntegratedGradients,native,class_weighting,0.9533273338310482,0.7309555697315847,0.36987299193181555
arquitecturas,GCN,GAT,IntegratedGradients,native,class_weighting,0.9533181812800431,0.7288709034323626,0.39884124590006953
arquitecturas,GCN,TAGCN,IntegratedGradients,native,class_weighting,0.9544855706902015,0.7426189670112263,0.35485826809356225
arquitecturas,GraphSAGE,GAT,IntegratedGradients,native,class_weighting,0.9699217377805506,0.8304357455534422,0.44117607538660175
arquitecturas,GraphSAGE,TAGCN,IntegratedGradients,native,class_weighting,0.9710142779370036,0.838518216696654,0.5765096015096014
arquitecturas,GAT,TAGCN,IntegratedGradients,native,class_weighting,0.964826103815896,0.8018014543919435,0.4432199465481199
arquitecturas,GCN,GraphSAGE,ExpectedGradients,native,class_weighting,0.6443238594998403,0.3310692326068581,0.24211805279916732
arquitecturas,GCN,GAT,ExpectedGradients,native,class_weighting,0.6379940960727576,0.3532331971041679,0.2768093562211209
arquitecturas,GCN,TAGCN,ExpectedGradients,native,class_weighting,0.6387095931503984,0.36070969366242667,0.21590602952832055
arquitecturas,GraphSAGE,GAT,ExpectedGradients,native,class_weighting,0.7435328025380133,0.542862838357162,0.42326366444013497
arquitecturas,GraphSAGE,TAGCN,ExpectedGradients,native,class_weighting,0.7750353153400634,0.6287853849785864,0.45670375376257727
arquitecturas,GAT,TAGCN,ExpectedGradients,native,class_weighting,0.7166817340021371,0.5239541261758777,0.38121812827695184
explicadores,GNNExplainer,ShapleyFeatures,,native,class_weighting,0.6222303863496818,0.2891063700989453,0.11364235752780646
explicadores,GNNExplainer,IntegratedGradients,,native,class_weighting,0.855897636456749,0.5629079782021825,0.17431487214768945
explicadores,GNNExplainer,ExpectedGradients,,native,class_weighting,0.4812261876906148,0.21746212992078126,0.14412051370255707
explicadores,ShapleyFeatures,IntegratedGradients,,native,class_weighting,0.4668098646003376,0.28711115252335184,0.19120646009190895
explicadores,ShapleyFeatures,ExpectedGradients,,native,class_weighting,0.3767577194327083,0.23754775128664407,0.2048155519517748
explicadores,IntegratedGradients,ExpectedGradients,,native,class_weighting,0.5272148336215228,0.4079490829921636,0.43057302174949236
explicadores,GNNExplainer,ShapleyFeatures,,native,class_weighting,0.6064480854076081,0.23237208321557296,0.13102568512785231
explicadores,GNNExplainer,IntegratedGradients,,native,class_weighting,0.8623473479057249,0.5584459821054557,0.24235138499844375
explicadores,GNNExplainer,ExpectedGradients,,native,class_weighting,0.4763720739753048,0.23006945948173035,0.18735195832719048
explicadores,ShapleyFeatures,IntegratedGradients,,native,class_weighting,0.48169849122420355,0.3238932903647463,0.22238940110457134
explicadores,ShapleyFeatures,ExpectedGradients,,native,class_weighting,0.3738245182293059,0.27550771844277433,0.21552246629646007
explicadores,IntegratedGradients,ExpectedGradients,,native,class_weighting,0.5225542032392697,0.42588960714901847,0.4412414383002619
explicadores,GNNExplainer,ShapleyFeatures,,native,class_weighting,0.5090977324601155,0.1994920490632017,0.135713466673219
explicadores,GNNExplainer,IntegratedGradients,,native,class_weighting,0.890077595416454,0.6224518752494189,0.2635195958725369
explicadores,GNNExplainer,ExpectedGradients,,native,class_weighting,0.45925592429633105,0.22972371716495382,0.21312595213524005
explicadores,ShapleyFeatures,IntegratedGradients,,native,class_weighting,0.4651752851306111,0.27024855576454615,0.1698963976053759
explicadores,ShapleyFeatures,ExpectedGradients,,native,class_weighting,0.37311904335100154,0.22078333611921602,0.19196382106598825
explicadores,IntegratedGradients,ExpectedGradients,,native,class_weighting,0.517311256091994,0.404855012025209,0.5340819311407546
arquitecturas,GCN,GraphSAGE,GNNExplainer,native,class_weighting,0.8901570718103077,0.5702045586081818,0.17695218438252494
arquitecturas,GCN,GAT,GNNExplainer,native,class_weighting,0.8883108781653248,0.5825965946657078,0.23226694186446503
arquitecturas,GCN,TAGCN,GNNExplainer,native,class_weighting,0.8282290294885458,0.468150992522029,0.20377848845341098
arquitecturas,GraphSAGE,GAT,GNNExplainer,native,class_weighting,0.9345269049922017,0.7366271132206016,0.28953709689003804
arquitecturas,GraphSAGE,TAGCN,GNNExplainer,native,class_weighting,0.8870583680306207,0.6334494963935247,0.2923589453775212
arquitecturas,GAT,TAGCN,GNNExplainer,native,class_weighting,0.8764782062975561,0.6151830605508564,0.22307730109587698
arquitecturas,GCN,GraphSAGE,ShapleyFeatures,native,class_weighting,0.9109486734153284,0.8487722782134022,0.4146209999151177
arquitecturas,GCN,GAT,ShapleyFeatures,native,class_weighting,0.9122628391234708,0.8378395223672744,0.4365099497452439
arquitecturas,GCN,TAGCN,ShapleyFeatures,native,class_weighting,0.8924813147021284,0.8064801500839162,0.3716598875267606
arquitecturas,GraphSAGE,GAT,ShapleyFeatures,native,class_weighting,0.9419552002746215,0.8917051273724211,0.446470468529292
arquitecturas,GraphSAGE,TAGCN,ShapleyFeatures,native,class_weighting,0.9113986262604867,0.8591388974270939,0.4938751593550355
arquitecturas,GAT,TAGCN,ShapleyFeatures,native,class_weighting,0.9035599403980574,0.8448632627210003,0.413356291684465
arquitecturas,GCN,GraphSAGE,IntegratedGradients,native,class_weighting,0.9613447976158355,0.7835432587218114,0.3988005458593694
arquitecturas,GCN,GAT,IntegratedGradients,native,class_weighting,0.9604997622208649,0.7771890201870555,0.4990981240981241
arquitecturas,GCN,TAGCN,IntegratedGradients,native,class_weighting,0.9584022500978885,0.7639510858797144,0.34840920173737516
arquitecturas,GraphSAGE,GAT,IntegratedGradients,native,class_weighting,0.97069882503809,0.834890736502161,0.4032979003567239
arquitecturas,GraphSAGE,TAGCN,IntegratedGradients,native,class_weighting,0.9734160023697106,0.8513439345561353,0.5430192900781136
arquitecturas,GAT,TAGCN,IntegratedGradients,native,class_weighting,0.9716675824831784,0.8397675381614257,0.39435406641288995
arquitecturas,GCN,GraphSAGE,ExpectedGradients,native,class_weighting,0.7070238506328521,0.47471790200427166,0.23439711017110396
arquitecturas,GCN,GAT,ExpectedGradients,native,class_weighting,0.7182136212058728,0.46101474909382745,0.2453763556704733
arquitecturas,GCN,TAGCN,ExpectedGradients,native,class_weighting,0.6786729504155394,0.42818053378164816,0.19863383950071248
arquitecturas,GraphSAGE,GAT,ExpectedGradients,native,class_weighting,0.722979640367014,0.5083974098932169,0.283442265795207
arquitecturas,GraphSAGE,TAGCN,ExpectedGradients,native,class_weighting,0.7879930131074843,0.6592860222844494,0.4714945185533422
arquitecturas,GAT,TAGCN,ExpectedGradients,native,class_weighting,0.7298346414132809,0.5190506168627275,0.25309499868323393
explicadores,GNNExplainer,ShapleyFeatures,,native,class_weighting,0.636423323483325,0.32768246624192027,0.12858166658476258
explicadores,GNNExplainer,IntegratedGradients,,native,class_weighting,0.8594154506871162,0.5880040743978208,0.20176544301931296
explicadores,GNNExplainer,ExpectedGradients,,native,class_weighting,0.5076223804350544,0.276795613691318,0.18086638164037538
explicadores,ShapleyFeatures,IntegratedGradients,,native,class_weighting,0.4681597799992264,0.2757977029239432,0.18420954976682527
explicadores,ShapleyFeatures,ExpectedGradients,,native,class_weighting,0.3766345588813594,0.21906636811960406,0.18678763903222106
explicadores,IntegratedGradients,ExpectedGradients,,native,class_weighting,0.5425632344991382,0.4178397938998183,0.5669370389958625
explicadores,GNNExplainer,ShapleyFeatures,,native,class_weighting,0.6106871056281195,0.23971415358353843,0.13839705472832406
explicadores,GNNExplainer,IntegratedGradients,,native,class_weighting,0.8522385104620204,0.5858909608161104,0.27034891779473813
explicadores,GNNExplainer,ExpectedGradients,,native,class_weighting,0.5735191208264115,0.37400563511375123,0.1821035431716546
explicadores,ShapleyFeatures,IntegratedGradients,,native,class_weighting,0.4575020294946583,0.3021195380169207,0.21915803208372864
explicadores,ShapleyFeatures,ExpectedGradients,,native,class_weighting,0.42302175167117767,0.2720607898384118,0.23033687159074154
explicadores,IntegratedGradients,ExpectedGradients,,native,class_weighting,0.5942658227857689,0.47719228485554266,0.5388417138417138
explicadores,GNNExplainer,ShapleyFeatures,,native,class_weighting,0.5086948615909622,0.20810887070314144,0.09948400412796699
explicadores,GNNExplainer,IntegratedGradients,,native,class_weighting,0.892005776213202,0.6280936295106089,0.31444741189323244
explicadores,GNNExplainer,ExpectedGradients,,native,class_weighting,0.4867192209371044,0.27899304527001545,0.2294270114703551
explicadores,ShapleyFeatures,IntegratedGradients,,native,class_weighting,0.45983440274993875,0.28088668108969056,0.20154537298500141
explicadores,ShapleyFeatures,ExpectedGradients,,native,class_weighting,0.3763472972825315,0.2173624143180087,0.1914420919064882
explicadores,IntegratedGradients,ExpectedGradients,,native,class_weighting,0.5327454694833593,0.43910068887757053,0.5465028435616671
arquitecturas,GCN,GraphSAGE,GNNExplainer,native,class_weighting,0.8920506053576325,0.5672791005316173,0.17938023162481367
arquitecturas,GCN,GAT,GNNExplainer,native,class_weighting,0.8912697055219347,0.5855838862913711,0.17581248873818528
arquitecturas,GCN,TAGCN,GNNExplainer,native,class_weighting,0.8245080218779967,0.4861182755521265,0.2253013441093936
arquitecturas,GraphSAGE,GAT,GNNExplainer,native,class_weighting,0.9182796177331817,0.6636606246391615,0.2752504690585185
arquitecturas,GraphSAGE,TAGCN,GNNExplainer,native,class_weighting,0.8332288048294525,0.34892415107784447,0.1687937163169361
arquitecturas,GAT,TAGCN,GNNExplainer,native,class_weighting,0.8302531003615796,0.41624237228735317,0.17720158238734085
arquitecturas,GCN,GraphSAGE,ShapleyFeatures,native,class_weighting,0.8972917251252107,0.814605312233789,0.3726700171746611
arquitecturas,GCN,GAT,ShapleyFeatures,native,class_weighting,0.9087341126112543,0.8426973878557319,0.400605113840408
arquitecturas,GCN,TAGCN,ShapleyFeatures,native,class_weighting,0.8952370356049038,0.8163283712236183,0.38276901403836383
arquitecturas,GraphSAGE,GAT,ShapleyFeatures,native,class_weighting,0.9384742903656955,0.8773933125027077,0.41679544512361855
arquitecturas,GraphSAGE,TAGCN,ShapleyFeatures,native,class_weighting,0.8853709117828933,0.8089170920565498,0.3600255666819134
arquitecturas,GAT,TAGCN,ShapleyFeatures,native,class_weighting,0.8822418933654211,0.8029904071525148,0.37024408053819813
arquitecturas,GCN,GraphSAGE,IntegratedGradients,native,class_weighting,0.9553535701689844,0.7461737559286544,0.4096279537456008
arquitecturas,GCN,GAT,IntegratedGradients,native,class_weighting,0.9555871387812774,0.7444676833770366,0.44305286217050927
arquitecturas,GCN,TAGCN,IntegratedGradients,native,class_weighting,0.9554952434546302,0.7483348103991687,0.45275214981097334
arquitecturas,GraphSAGE,GAT,IntegratedGradients,native,class_weighting,0.9631456587116777,0.789089598891873,0.40792752998635357
arquitecturas,GraphSAGE,TAGCN,IntegratedGradients,native,class_weighting,0.9570782633041834,0.7529147908110367,0.3617048528813234
arquitecturas,GAT,TAGCN,IntegratedGradients,native,class_weighting,0.9499822663814189,0.7122163206749085,0.4152775873364109
arquitecturas,GCN,GraphSAGE,ExpectedGradients,native,class_weighting,0.6744399090422328,0.39577619435587624,0.19744934861033928
arquitecturas,GCN,GAT,ExpectedGradients,native,class_weighting,0.7144271429686735,0.4265810559307372,0.2542310086427733
arquitecturas,GCN,TAGCN,ExpectedGradients,native,class_weighting,0.740003956639629,0.5486858570657286,0.19864530607564665
arquitecturas,GraphSAGE,GAT,ExpectedGradients,native,class_weighting,0.7227980726828217,0.4687885112987582,0.31026119849649264
arquitecturas,GraphSAGE,TAGCN,ExpectedGradients,native,class_weighting,0.6637519923358802,0.3984592254364214,0.19629409118573202
arquitecturas,GAT,TAGCN,ExpectedGradients,native,class_weighting,0.692850518402805,0.3889437087028268,0.22277255481589842
explicadores,GNNExplainer,ShapleyFeatures,,native,class_weighting,0.6339880953210342,0.2997990337807383,0.10530902419447313
explicadores,GNNExplainer,IntegratedGradients,,native,class_weighting,0.8619113162383667,0.6025803884768893,0.19281045751633982
explicadores,GNNExplainer,ExpectedGradients,,native,class_weighting,0.4877277619666223,0.27284521666868855,0.18390502399790326
explicadores,ShapleyFeatures,IntegratedGradients,,native,class_weighting,0.4734297736745838,0.2824125262336783,0.15960637516365067
explicadores,ShapleyFeatures,ExpectedGradients,,native,class_weighting,0.37392797477070655,0.21376127115127186,0.1608772748865628
explicadores,IntegratedGradients,ExpectedGradients,,native,class_weighting,0.5330324262051135,0.45249921872777527,0.5820999262175733
explicadores,GNNExplainer,ShapleyFeatures,,native,class_weighting,0.6289248539408477,0.2853398460705434,0.14342391927531245
explicadores,GNNExplainer,IntegratedGradients,,native,class_weighting,0.8266665953557725,0.5073208097438962,0.24788180229356702
explicadores,GNNExplainer,ExpectedGradients,,native,class_weighting,0.5335038664325289,0.3200372693765782,0.15622061690173145
explicadores,ShapleyFeatures,IntegratedGradients,,native,class_weighting,0.4706907253448053,0.35589077248019224,0.27191076610581255
explicadores,ShapleyFeatures,ExpectedGradients,,native,class_weighting,0.4441700060048066,0.36149184364767967,0.23239143610660634
explicadores,IntegratedGradients,ExpectedGradients,,native,class_weighting,0.5565181056945152,0.45726978954899,0.4800436491612962
explicadores,GNNExplainer,ShapleyFeatures,,native,class_weighting,0.49305460234445336,0.12911290932272182,0.15065425630441112
explicadores,GNNExplainer,IntegratedGradients,,native,class_weighting,0.8375953578703689,0.30421048484444957,0.31330500711305664
explicadores,GNNExplainer,ExpectedGradients,,native,class_weighting,0.5026796372667864,0.22879172672198791,0.15558135534915724
explicadores,ShapleyFeatures,IntegratedGradients,,native,class_weighting,0.4489910552037186,0.24487031928885464,0.17924575138197432
explicadores,ShapleyFeatures,ExpectedGradients,,native,class_weighting,0.4069894486528635,0.2386126951649622,0.19591011843333828
explicadores,IntegratedGradients,ExpectedGradients,,native,class_weighting,0.5027238555738515,0.21775962199066917,0.28328744985091736
arquitecturas,GCN,GraphSAGE,GNNExplainer,native,focal_loss,0.9053346669274809,0.6382442637249585,0.22841729134298788
arquitecturas,GCN,GAT,GNNExplainer,native,focal_loss,0.895734666937446,0.593224438008136,0.20692417317804307
arquitecturas,GCN,TAGCN,GNNExplainer,native,focal_loss,0.825446181511049,0.46303090487740484,0.20526914319483977
arquitecturas,GraphSAGE,GAT,GNNExplainer,native,focal_loss,0.8992050949375467,0.6150159538073087,0.21706128695292776
arquitecturas,GraphSAGE,TAGCN,GNNExplainer,native,focal_loss,0.8570225349746122,0.5410653329973133,0.24182007935877906
arquitecturas,GAT,TAGCN,GNNExplainer,native,focal_loss,0.8547832199218673,0.5444932525643057,0.24259627827739283
arquitecturas,GCN,GraphSAGE,ShapleyFeatures,native,focal_loss,0.9146246973391697,0.8478441920754228,0.40241037485619535
arquitecturas,GCN,GAT,ShapleyFeatures,native,focal_loss,0.9121776479134653,0.8372600358896437,0.4124244749631745
arquitecturas,GCN,TAGCN,ShapleyFeatures,native,focal_loss,0.898884257929864,0.8177153946546419,0.4028772282642252
arquitecturas,GraphSAGE,GAT,ShapleyFeatures,native,focal_loss,0.9320823663283422,0.8595304550740002,0.3871689971535172
arquitecturas,GraphSAGE,TAGCN,ShapleyFeatures,native,focal_loss,0.8952346146572163,0.8388147549889552,0.4211993344346285
arquitecturas,GAT,TAGCN,ShapleyFeatures,native,focal_loss,0.8963011708061118,0.8376604212675852,0.4014144209190648
arquitecturas,GCN,GraphSAGE,IntegratedGradients,native,focal_loss,0.9612344623042458,0.7766113359529179,0.42748509660274375
arquitecturas,GCN,GAT,IntegratedGradients,native,focal_loss,0.960451575746139,0.7740954185213518,0.3989543680720151
arquitecturas,GCN,TAGCN,IntegratedGradients,native,focal_loss,0.9600122927793214,0.770565976853587,0.4031871723048195
arquitecturas,GraphSAGE,GAT,IntegratedGradients,native,focal_loss,0.9596851691481554,0.7704196694076784,0.44144891056655766
arquitecturas,GraphSAGE,TAGCN,IntegratedGradients,native,focal_loss,0.9651416214599929,0.8053724443013675,0.47963761384814013
arquitecturas,GAT,TAGCN,IntegratedGradients,native,focal_loss,0.9685812934365753,0.8254589187719769,0.46864671276435976
arquitecturas,GCN,GraphSAGE,ExpectedGradients,native,focal_loss,0.7371661820561416,0.4769623670008612,0.25428547487371017
arquitecturas,GCN,GAT,ExpectedGradients,native,focal_loss,0.7253167377294203,0.46138700410549754,0.24451815814044914
arquitecturas,GCN,TAGCN,ExpectedGradients,native,focal_loss,0.6949946290921064,0.39975304961847136,0.25884098128680166
arquitecturas,GraphSAGE,GAT,ExpectedGradients,native,focal_loss,0.7236793709145934,0.42271069218632157,0.22998944067055524
arquitecturas,GraphSAGE,TAGCN,ExpectedGradients,native,focal_loss,0.7479386605993387,0.5337208226706296,0.2946199082421993
arquitecturas,GAT,TAGCN,ExpectedGradients,native,focal_loss,0.7376429119291235,0.46508157476575446,0.32589310128009813
explicadores,GNNExplainer,ShapleyFeatures,,native,focal_loss,0.6134013665754624,0.1943332310809041,0.09385104919160649
explicadores,GNNExplainer,IntegratedGradients,,native,focal_loss,0.8101557217387867,0.3993849155558929,0.2622723538358213
explicadores,GNNExplainer,ExpectedGradients,,native,focal_loss,0.49704800853355285,0.12097050026577774,0.10696594427244582
explicadores,ShapleyFeatures,IntegratedGradients,,native,focal_loss,0.4777984708145695,0.2907976044388235,0.2155184655958649
explicadores,ShapleyFeatures,ExpectedGradients,,native,focal_loss,0.42810369653314356,0.29219222482519686,0.2229569020590692
explicadores,IntegratedGradients,ExpectedGradients,,native,focal_loss,0.5153362317333721,0.21412946927623785,0.3077731092436975
explicadores,GNNExplainer,ShapleyFeatures,,native,focal_loss,0.6161849225522154,0.23049519518947945,0.10146772159156063
explicadores,GNNExplainer,IntegratedGradients,,native,focal_loss,0.8193314302286369,0.46703052041806115,0.2522097727980081
explicadores,GNNExplainer,ExpectedGradients,,native,focal_loss,0.5229874113548019,0.23989512117938808,0.16732312808164201
explicadores,ShapleyFeatures,IntegratedGradients,,native,focal_loss,0.4674823275227928,0.3171324986520508,0.22098055596507607
explicadores,ShapleyFeatures,ExpectedGradients,,native,focal_loss,0.41208173800261005,0.2657593317464192,0.1997754252398215
explicadores,IntegratedGradients,ExpectedGradients,,native,focal_loss,0.5690299752451126,0.44470007740744877,0.5175491175491175
explicadores,GNNExplainer,ShapleyFeatures,,native,focal_loss,0.5068489091794603,0.13469243913459716,0.08551771585827316
explicadores,GNNExplainer,IntegratedGradients,,native,focal_loss,0.8730614706202843,0.5029439637058687,0.2727587886256616
explicadores,GNNExplainer,ExpectedGradients,,native,focal_loss,0.5325791115964681,0.1860796691742051,0.13804445754910155
explicadores,ShapleyFeatures,IntegratedGradients,,native,focal_loss,0.4817896179502821,0.29493496921602325,0.23994968739550776
explicadores,ShapleyFeatures,ExpectedGradients,,native,focal_loss,0.4719745874664438,0.3170582328707309,0.24568308654995955
explicadores,IntegratedGradients,ExpectedGradients,,native,focal_loss,0.5535263343917425,0.2961842253656958,0.4291269732446203
arquitecturas,GCN,GraphSAGE,GNNExplainer,native,focal_loss,0.9044706512608637,0.6521926513198154,0.17617368584860846
arquitecturas,GCN,GAT,GNNExplainer,native,focal_loss,0.8934980539726741,0.5682336033538411,0.23998388379193328
arquitecturas,GCN,TAGCN,GNNExplainer,native,focal_loss,0.8201985662968757,0.44337291640937765,0.20241903779055478
arquitecturas,GraphSAGE,GAT,GNNExplainer,native,focal_loss,0.9084806170411851,0.6340963123369586,0.2227001326846528
arquitecturas,GraphSAGE,TAGCN,GNNExplainer,native,focal_loss,0.8402679221899181,0.4434975527836744,0.23412477901641984
arquitecturas,GAT,TAGCN,GNNExplainer,native,focal_loss,0.8343479461161273,0.34130912785661066,0.1866238308188772
arquitecturas,GCN,GraphSAGE,ShapleyFeatures,native,focal_loss,0.916135881979969,0.8566174773634708,0.42486381867186823
arquitecturas,GCN,GAT,ShapleyFeatures,native,focal_loss,0.9133791103260203,0.8531702010032391,0.4373764035528742
arquitecturas,GCN,TAGCN,ShapleyFeatures,native,focal_loss,0.8998776664868671,0.8307495486052802,0.43725739058556395
arquitecturas,GraphSAGE,GAT,ShapleyFeatures,native,focal_loss,0.945619281374182,0.8881460011746439,0.48734348440230785
arquitecturas,GraphSAGE,TAGCN,ShapleyFeatures,native,focal_loss,0.8914205251817016,0.8182730065568877,0.35332023497658177
arquitecturas,GAT,TAGCN,ShapleyFeatures,native,focal_loss,0.890645972813308,0.8143442920163977,0.4156312097488567
arquitecturas,GCN,GraphSAGE,IntegratedGradients,native,focal_loss,0.9600665166595018,0.7727772291846511,0.4696719946719947
arquitecturas,GCN,GAT,IntegratedGradients,native,focal_loss,0.9663799538273686,0.8081518276424206,0.5063797313797314
arquitecturas,GCN,TAGCN,IntegratedGradients,native,focal_loss,0.9615986129681339,0.7801722128775019,0.4702735173323409
arquitecturas,GraphSAGE,GAT,IntegratedGradients,native,focal_loss,0.9660771507709627,0.8068727900169365,0.49093406593406586
arquitecturas,GraphSAGE,TAGCN,IntegratedGradients,native,focal_loss,0.9562896223504124,0.7517150468702817,0.4418026418026419
arquitecturas,GAT,TAGCN,IntegratedGradients,native,focal_loss,0.9641811834613162,0.7902765028668272,0.44438339438339447
arquitecturas,GCN,GraphSAGE,ExpectedGradients,native,focal_loss,0.7556129389140235,0.49707253860848694,0.20661744229855686
arquitecturas,GCN,GAT,ExpectedGradients,native,focal_loss,0.7611366130648605,0.5140854021318657,0.2816819890349302
arquitecturas,GCN,TAGCN,ExpectedGradients,native,focal_loss,0.7220784599061651,0.49300668402983255,0.24507469654528477
arquitecturas,GraphSAGE,GAT,ExpectedGradients,native,focal_loss,0.7595968465255502,0.5436061924668112,0.24827632807508965
arquitecturas,GraphSAGE,TAGCN,ExpectedGradients,native,focal_loss,0.7167341215819012,0.49129707795484184,0.16070978098841876
arquitecturas,GAT,TAGCN,ExpectedGradients,native,focal_loss,0.7216392695566136,0.4898719124368006,0.2409037299130178
explicadores,GNNExplainer,ShapleyFeatures,,native,focal_loss,0.6159456974551406,0.2329393651614413,0.13285747047356955
explicadores,GNNExplainer,IntegratedGradients,,native,focal_loss,0.8154164822828445,0.45053453592912956,0.33745252568781986
explicadores,GNNExplainer,ExpectedGradients,,native,focal_loss,0.5082399555728788,0.2034111918917589,0.14351688043638505
explicadores,ShapleyFeatures,IntegratedGradients,,native,focal_loss,0.4806193429217305,0.3370733290910934,0.1945255295100496
explicadores,ShapleyFeatures,ExpectedGradients,,native,focal_loss,0.44187699379841056,0.33559481684795867,0.21895383884547967
explicadores,IntegratedGradients,ExpectedGradients,,native,focal_loss,0.5264953878792559,0.2955227169444549,0.31166374332009
explicadores,GNNExplainer,ShapleyFeatures,,native,focal_loss,0.6020570453542864,0.21912451187958443,0.1219756908611398
explicadores,GNNExplainer,IntegratedGradients,,native,focal_loss,0.8445509687230158,0.5392626365692016,0.23399798515897585
explicadores,GNNExplainer,ExpectedGradients,,native,focal_loss,0.5281999900391724,0.28088647645619486,0.16080724687535827
explicadores,ShapleyFeatures,IntegratedGradients,,native,focal_loss,0.46092086978171587,0.2671452832709871,0.20278253451628062
explicadores,ShapleyFeatures,ExpectedGradients,,native,focal_loss,0.39995597346873085,0.2464076574431332,0.2397577339527804
explicadores,IntegratedGradients,ExpectedGradients,,native,focal_loss,0.5448310017313946,0.36052081619524506,0.3835484089354058
explicadores,GNNExplainer,ShapleyFeatures,,native,focal_loss,0.4825014511535517,0.12991627300441075,0.16225735908398445
explicadores,GNNExplainer,IntegratedGradients,,native,focal_loss,0.8097133931973345,0.13094379802136202,0.28662613043417995
explicadores,GNNExplainer,ExpectedGradients,,native,focal_loss,0.4009927720800598,0.15866381060001788,0.12316534801054928
explicadores,ShapleyFeatures,IntegratedGradients,,native,focal_loss,0.44459015966583376,0.25779245248985655,0.2187612066869032
explicadores,ShapleyFeatures,ExpectedGradients,,native,focal_loss,0.34628291425068625,0.18464462207057353,0.2317982928664043
explicadores,IntegratedGradients,ExpectedGradients,,native,focal_loss,0.3980666281831126,0.15219530853823818,0.24452004823521847
arquitecturas,GCN,GraphSAGE,GNNExplainer,native,focal_loss,0.9110590813828604,0.6612413270022761,0.24398905761134856
arquitecturas,GCN,GAT,GNNExplainer,native,focal_loss,0.8957137909783607,0.5945037367391103,0.21441537478689182
arquitecturas,GCN,TAGCN,GNNExplainer,native,focal_loss,0.8493104518967732,0.5045099640602507,0.1807007778370007
arquitecturas,GraphSAGE,GAT,GNNExplainer,native,focal_loss,0.8966375279248612,0.612608537580822,0.24748645747097758
arquitecturas,GraphSAGE,TAGCN,GNNExplainer,native,focal_loss,0.8623876898818658,0.5398365395785567,0.28184548223247907
arquitecturas,GAT,TAGCN,GNNExplainer,native,focal_loss,0.8325593871065932,0.42896990716797906,0.2093070156537649
arquitecturas,GCN,GraphSAGE,ShapleyFeatures,native,focal_loss,0.9152354042930972,0.8498351908712095,0.42298893916540975
arquitecturas,GCN,GAT,ShapleyFeatures,native,focal_loss,0.913836792772135,0.8481470018298845,0.4034337666690608
arquitecturas,GCN,TAGCN,ShapleyFeatures,native,focal_loss,0.9053048566328833,0.8372835012518749,0.3874303657585392
arquitecturas,GraphSAGE,GAT,ShapleyFeatures,native,focal_loss,0.9353115841309686,0.8705835644744907,0.4179726591491298
arquitecturas,GraphSAGE,TAGCN,ShapleyFeatures,native,focal_loss,0.9048990945215358,0.8454365562115975,0.462506284565108
arquitecturas,GAT,TAGCN,ShapleyFeatures,native,focal_loss,0.8923241628838482,0.8145413889579167,0.42393282099164453
arquitecturas,GCN,GraphSAGE,IntegratedGradients,native,focal_loss,0.9589932728550231,0.7634419694358847,0.43437118437118444
arquitecturas,GCN,GAT,IntegratedGradients,native,focal_loss,0.958139776744203,0.7588325451025514,0.4608363858363858
arquitecturas,GCN,TAGCN,IntegratedGradients,native,focal_loss,0.9576194396627298,0.7557995255777727,0.43943833943833954
arquitecturas,GraphSAGE,GAT,IntegratedGradients,native,focal_loss,0.9623634484758093,0.7869980620047501,0.45668498168498173
arquitecturas,GraphSAGE,TAGCN,IntegratedGradients,native,focal_loss,0.9634744788813163,0.7902073536996392,0.4726634476634477
arquitecturas,GAT,TAGCN,IntegratedGradients,native,focal_loss,0.9561401151032729,0.7476469097210546,0.4053113553113555
arquitecturas,GCN,GraphSAGE,ExpectedGradients,native,focal_loss,0.7794059940541217,0.552236728618215,0.17098792733467652
arquitecturas,GCN,GAT,ExpectedGradients,native,focal_loss,0.7022963282473591,0.4123961170434233,0.1750028666437335
arquitecturas,GCN,TAGCN,ExpectedGradients,native,focal_loss,0.7358080285804861,0.52894465954248,0.24654528478057883
arquitecturas,GraphSAGE,GAT,ExpectedGradients,native,focal_loss,0.7373548755017446,0.4780120022804136,0.2577456713679624
arquitecturas,GraphSAGE,TAGCN,ExpectedGradients,native,focal_loss,0.7554183311229147,0.5351865678374342,0.28568555627379155
arquitecturas,GAT,TAGCN,ExpectedGradients,native,focal_loss,0.701322909239931,0.45092329756760463,0.24831154684095863
explicadores,GNNExplainer,ShapleyFeatures,,native,focal_loss,0.6188310980328995,0.23354065760578724,0.1494467377594312
explicadores,GNNExplainer,IntegratedGradients,,native,focal_loss,0.8205890954843297,0.4294669710178985,0.2900604154474123
explicadores,GNNExplainer,ExpectedGradients,,native,focal_loss,0.5391065624438036,0.1922091743338147,0.13297500286664374
explicadores,ShapleyFeatures,IntegratedGradients,,native,focal_loss,0.4797512816470121,0.32645337706616856,0.2193735973921732
explicadores,ShapleyFeatures,ExpectedGradients,,native,focal_loss,0.43941556631822604,0.2614474375985088,0.21655322947892602
explicadores,IntegratedGradients,ExpectedGradients,,native,focal_loss,0.5409342097033878,0.2702750455632945,0.3511061922826629
explicadores,GNNExplainer,ShapleyFeatures,,native,focal_loss,0.5939530776949374,0.2252030730318055,0.10326224056874214
explicadores,GNNExplainer,IntegratedGradients,,native,focal_loss,0.8188029497175856,0.48047433185440375,0.2554084259966613
explicadores,GNNExplainer,ExpectedGradients,,native,focal_loss,0.48879099023678996,0.27983931327609357,0.11362229102167182
explicadores,ShapleyFeatures,IntegratedGradients,,native,focal_loss,0.45040163631137486,0.3375558318326436,0.2037171548781456
explicadores,ShapleyFeatures,ExpectedGradients,,native,focal_loss,0.41526901126866245,0.33481298716722735,0.26399930192499854
explicadores,IntegratedGradients,ExpectedGradients,,native,focal_loss,0.5139342949502422,0.41625938052006783,0.37506464124111183
explicadores,GNNExplainer,ShapleyFeatures,,native,focal_loss,0.4782778361789095,0.08373593346924683,0.12644160678216407
explicadores,GNNExplainer,IntegratedGradients,,native,focal_loss,0.8367851516908734,0.3009140119924469,0.3824297420272652
explicadores,GNNExplainer,ExpectedGradients,,native,focal_loss,0.4742608811472333,0.18341556322084518,0.11827198715743609
explicadores,ShapleyFeatures,IntegratedGradients,,native,focal_loss,0.45378969671909886,0.2749484512912349,0.22049684921201945
explicadores,ShapleyFeatures,ExpectedGradients,,native,focal_loss,0.4530722034420623,0.30145706254448246,0.25524072877014053
explicadores,IntegratedGradients,ExpectedGradients,,native,focal_loss,0.47621297863614376,0.2394073966548963,0.30308612955671776
