explainer,scenario,arch,balancing,y,y_sd,n_seeds,val_pr_auc,filter,g_model_any,g_model_majority,g_model_all,g_cfg_mean,g_cfg_mean_minus_sd,g_cfg_ci_lo,g_cfg_mean_cal
GNNExplainer,1:10,GAT,none,0.9412012320717805,0.003104946356484304,3,0.40422268656274646,repro_v4_por_modelo,,,,,,,
GNNExplainer,1:10,GraphSAGE,class_weighting,0.9641952392060177,0.0024147368203063266,3,0.4547520414987855,repro_v4_por_modelo,,,,,,,
GNNExplainer,1:10,GraphSAGE,focal_loss,0.9218358931527614,0.02131164277561068,3,0.42612878255186176,repro_v4_por_modelo,,,,,,,
GNNExplainer,1:10,GraphSAGE,none,0.919672997565277,0.006772592015659666,3,0.37347038889461387,repro_v4_por_modelo,,,,,,,
GNNExplainer,1:10,TAGCN,class_weighting,0.9523253028078724,0.0030162013951843965,2,0.37157856068863737,repro_v4_por_modelo,,,,,,,
GNNExplainer,1:10,TAGCN,focal_loss,0.8831557915412068,0.0048148037359127226,3,0.40764046331573717,repro_v4_por_modelo,,,,,,,
GNNExplainer,1:10,TAGCN,none,0.9279366195979682,0.013682217282836168,3,0.32019152838391784,repro_v4_por_modelo,,,,,,,
GNNExplainer,1:10_os,GAT,focal_loss,0.9284717693937881,0.008218314009563714,2,0.3343482739230492,repro_v4_por_modelo,,,,,,,
GNNExplainer,1:10_os,GAT,none,0.9375456437590307,0.006473304875685255,3,0.3852216021475594,repro_v4_por_modelo,,,,,,,
GNNExplainer,1:10_os,GraphSAGE,class_weighting,0.9648869683989981,0.001815678334451996,3,0.43830508578898614,repro_v4_por_modelo,,,,,,,
GNNExplainer,1:10_os,GraphSAGE,focal_loss,0.9314819986612791,0.003446897904119163,3,0.44214831875401317,repro_v4_por_modelo,,,,,,,
GNNExplainer,1:10_os,GraphSAGE,none,0.9164993668491498,0.0027172818230095787,3,0.3474417294858833,repro_v4_por_modelo,,,,,,,
GNNExplainer,1:10_os,TAGCN,class_weighting,0.954520359913827,0.0010606577549286892,2,0.3695938105039166,repro_v4_por_modelo,,,,,,,
GNNExplainer,1:10_os,TAGCN,focal_loss,0.8786990689977229,0.002607337144788827,3,0.4021761374928552,repro_v4_por_modelo,,,,,,,
GNNExplainer,1:10_os,TAGCN,none,0.9433433862841936,0.003881639702082714,3,0.39684946884953304,repro_v4_por_modelo,,,,,,,
GNNExplainer,native,GAT,focal_loss,0.9304126539133238,0.005653050871416809,3,0.33230088360984417,repro_v4_por_modelo,,,,,,,
GNNExplainer,native,GAT,none,0.9356033149888884,0.01106451883627167,2,0.2545880924255686,repro_v4_por_modelo,,,,,,,
GNNExplainer,native,GraphSAGE,class_weighting,0.963613046537437,0.0023343336931712397,3,0.46158179633936064,repro_v4_por_modelo,,,,,,,
GNNExplainer,native,GraphSAGE,focal_loss,0.9190711164628637,0.0026926421164525497,3,0.30470501385225446,repro_v4_por_modelo,,,,,,,
GNNExplainer,native,TAGCN,class_weighting,0.9543777031194451,0.0017624097538215299,2,0.3793557546470439,repro_v4_por_modelo,,,,,,,
GNNExplainer,native,TAGCN,focal_loss,0.9156177617674769,0.018670306258162458,2,0.34318781249223185,repro_v4_por_modelo,,,,,,,
PGExplainer,1:10,GAT,none,0.5379718693918828,0.29800200720789377,3,0.40422268656274646,repro_v4_por_modelo,,,,,,,
PGExplainer,1:10,GraphSAGE,class_weighting,0.031249999999999972,0.027083333333333296,3,0.4547520414987855,repro_v4_por_modelo,,,,,,,
PGExplainer,1:10,GraphSAGE,focal_loss,0.23681891519893528,0.4083883442966628,3,0.42612878255186176,repro_v4_por_modelo,,,,,,,
PGExplainer,1:10,GraphSAGE,none,0.4847222222222222,0.13244058765823735,3,0.37347038889461387,repro_v4_por_modelo,,,,,,,
PGExplainer,1:10,TAGCN,class_weighting,-0.0470939953469069,0.11379809917160255,2,0.37157856068863737,repro_v4_por_modelo,,,,,,,
PGExplainer,1:10,TAGCN,focal_loss,-0.12367921959121753,0.06297515613866016,3,0.40764046331573717,repro_v4_por_modelo,,,,,,,
PGExplainer,1:10,TAGCN,none,0.47793093408702525,0.30018288564140105,3,0.32019152838391784,repro_v4_por_modelo,,,,,,,
PGExplainer,1:10_os,GAT,focal_loss,0.3616987179487179,0.36420531966884034,2,0.3343482739230492,repro_v4_por_modelo,,,,,,,
PGExplainer,1:10_os,GAT,none,0.5958333333333333,0.23529679839159168,3,0.3852216021475594,repro_v4_por_modelo,,,,,,,
PGExplainer,1:10_os,GraphSAGE,class_weighting,0.0142361111111111,0.024569499403242323,3,0.43830508578898614,repro_v4_por_modelo,,,,,,,
PGExplainer,1:10_os,GraphSAGE,focal_loss,0.33418403420306025,0.13928432548224645,3,0.44214831875401317,repro_v4_por_modelo,,,,,,,
PGExplainer,1:10_os,GraphSAGE,none,0.5361111111111111,0.11428623098428171,3,0.3474417294858833,repro_v4_por_modelo,,,,,,,
PGExplainer,1:10_os,TAGCN,class_weighting,-0.0343349210698608,0.15462292821798887,2,0.3695938105039166,repro_v4_por_modelo,,,,,,,
PGExplainer,1:10_os,TAGCN,focal_loss,-0.0653872754512312,0.12296803079068144,3,0.4021761374928552,repro_v4_por_modelo,,,,,,,
PGExplainer,1:10_os,TAGCN,none,0.7144604760165,0.04618901650111655,3,0.39684946884953304,repro_v4_por_modelo,,,,,,,
PGExplainer,native,GAT,focal_loss,0.6099537037037036,0.20979157854890448,3,0.33230088360984417,repro_v4_por_modelo,,,,,,,
PGExplainer,native,GAT,none,0.5675213675213675,0.45448230722417415,2,0.2545880924255686,repro_v4_por_modelo,,,,,,,
PGExplainer,native,GraphSAGE,class_weighting,-0.0006944444444444328,0.12829567448902,3,0.46158179633936064,repro_v4_por_modelo,,,,,,,
PGExplainer,native,GraphSAGE,focal_loss,0.3018607582807717,0.41596994320891384,3,0.30470501385225446,repro_v4_por_modelo,,,,,,,
PGExplainer,native,TAGCN,class_weighting,0.02194513812774365,0.037871974452229624,2,0.3793557546470439,repro_v4_por_modelo,,,,,,,
PGExplainer,native,TAGCN,focal_loss,0.2572696618067854,0.3094753565902492,2,0.34318781249223185,repro_v4_por_modelo,,,,,,,
ShapleyFeatures,1:10,GAT,none,0.9955964509637379,0.0012168692109505515,3,0.40422268656274646,repro_v4_por_modelo,,,,,,,
ShapleyFeatures,1:10,GraphSAGE,class_weighting,0.9937006257338569,0.0010649404300399799,3,0.4547520414987855,repro_v4_por_modelo,,,,,,,
ShapleyFeatures,1:10,GraphSAGE,focal_loss,0.9968940237083274,0.0006697507782006967,3,0.42612878255186176,repro_v4_por_modelo,,,,,,,
ShapleyFeatures,1:10,GraphSAGE,none,0.996932819235583,0.0002612263607652423,3,0.37347038889461387,repro_v4_por_modelo,,,,,,,
ShapleyFeatures,1:10,TAGCN,class_weighting,0.9855123862186012,0.0009189974016605555,2,0.37157856068863737,repro_v4_por_modelo,,,,,,,
ShapleyFeatures,1:10,TAGCN,focal_loss,0.9949324177394874,0.0007095898987107765,3,0.40764046331573717,repro_v4_por_modelo,,,,,,,
ShapleyFeatures,1:10,TAGCN,none,0.9969464389702981,0.0004675820884948929,3,0.32019152838391784,repro_v4_por_modelo,,,,,,,
ShapleyFeatures,1:10_os,GAT,focal_loss,0.995977790346066,0.003159470193436921,2,0.3343482739230492,repro_v4_por_modelo,,,,,,,
ShapleyFeatures,1:10_os,GAT,none,0.9948658659964477,0.0010520275788322092,3,0.3852216021475594,repro_v4_por_modelo,,,,,,,
ShapleyFeatures,1:10_os,GraphSAGE,class_weighting,0.9930126285501536,0.0010300902495596236,3,0.43830508578898614,repro_v4_por_modelo,,,,,,,
ShapleyFeatures,1:10_os,GraphSAGE,focal_loss,0.9973980715801138,0.0005976122617293595,3,0.44214831875401317,repro_v4_por_modelo,,,,,,,
ShapleyFeatures,1:10_os,GraphSAGE,none,0.9970713925931939,0.00041044131436592917,3,0.3474417294858833,repro_v4_por_modelo,,,,,,,
ShapleyFeatures,1:10_os,TAGCN,class_weighting,0.9834694897149299,0.00012338824633104277,2,0.3695938105039166,repro_v4_por_modelo,,,,,,,
ShapleyFeatures,1:10_os,TAGCN,focal_loss,0.9874779481301824,0.011363456609702383,3,0.4021761374928552,repro_v4_por_modelo,,,,,,,
ShapleyFeatures,1:10_os,TAGCN,none,0.9950222065125138,0.0002527896544845045,3,0.39684946884953304,repro_v4_por_modelo,,,,,,,
ShapleyFeatures,native,GAT,focal_loss,0.995424494805128,0.001674927159654476,3,0.33230088360984417,repro_v4_por_modelo,,,,,,,
ShapleyFeatures,native,GAT,none,0.9903306341625653,0.003063156508133206,2,0.2545880924255686,repro_v4_por_modelo,,,,,,,
ShapleyFeatures,native,GraphSAGE,class_weighting,0.9933405162784777,0.0011562629537150463,3,0.46158179633936064,repro_v4_por_modelo,,,,,,,
ShapleyFeatures,native,GraphSAGE,focal_loss,0.9966829237554146,0.0003606179899169222,3,0.30470501385225446,repro_v4_por_modelo,,,,,,,
ShapleyFeatures,native,TAGCN,class_weighting,0.9845884054763783,3.1444457511808575e-05,2,0.3793557546470439,repro_v4_por_modelo,,,,,,,
ShapleyFeatures,native,TAGCN,focal_loss,0.99581448902149,0.0005816400886365646,2,0.34318781249223185,repro_v4_por_modelo,,,,,,,
GNNExplainer,1:10,GAT,none,0.9412012320717805,0.003104946356484304,3,0.40422268656274646,cfg_media_sin1:1,True,True,True,True,True,True,True
GNNExplainer,1:10,GraphSAGE,class_weighting,0.9641952392060177,0.0024147368203063266,3,0.4547520414987855,cfg_media_sin1:1,True,True,True,True,True,True,True
GNNExplainer,1:10,GraphSAGE,focal_loss,0.9218358931527614,0.02131164277561068,3,0.42612878255186176,cfg_media_sin1:1,True,True,True,True,True,True,True
GNNExplainer,1:10,GraphSAGE,none,0.919672997565277,0.006772592015659666,3,0.37347038889461387,cfg_media_sin1:1,True,True,True,True,True,True,True
GNNExplainer,1:10,TAGCN,class_weighting,0.9356756835498677,0.02891674600880449,3,0.2936076318075897,cfg_media_sin1:1,True,True,False,True,False,False,True
GNNExplainer,1:10,TAGCN,focal_loss,0.8831557915412068,0.0048148037359127226,3,0.40764046331573717,cfg_media_sin1:1,True,True,True,True,True,True,True
GNNExplainer,1:10,TAGCN,none,0.9279366195979682,0.013682217282836168,3,0.32019152838391784,cfg_media_sin1:1,True,True,True,True,True,True,True
GNNExplainer,1:10_os,GAT,focal_loss,0.9182853091184254,0.01857585156606615,3,0.29431347890426723,cfg_media_sin1:1,True,True,False,True,False,False,True
GNNExplainer,1:10_os,GAT,none,0.9375456437590307,0.006473304875685255,3,0.3852216021475594,cfg_media_sin1:1,True,True,True,True,True,True,True
GNNExplainer,1:10_os,GraphSAGE,class_weighting,0.9648869683989981,0.001815678334451996,3,0.43830508578898614,cfg_media_sin1:1,True,True,True,True,True,True,True
GNNExplainer,1:10_os,GraphSAGE,focal_loss,0.9314819986612791,0.003446897904119163,3,0.44214831875401317,cfg_media_sin1:1,True,True,True,True,True,True,True
GNNExplainer,1:10_os,GraphSAGE,none,0.9164993668491498,0.0027172818230095787,3,0.3474417294858833,cfg_media_sin1:1,True,True,True,True,True,True,True
GNNExplainer,1:10_os,TAGCN,class_weighting,0.9366702232256111,0.03092643912254566,3,0.2921778092369099,cfg_media_sin1:1,True,True,False,True,False,False,True
GNNExplainer,1:10_os,TAGCN,focal_loss,0.8786990689977229,0.002607337144788827,3,0.4021761374928552,cfg_media_sin1:1,True,True,True,True,True,True,True
GNNExplainer,1:10_os,TAGCN,none,0.9433433862841936,0.003881639702082714,3,0.39684946884953304,cfg_media_sin1:1,True,True,True,True,True,True,True
GNNExplainer,native,GAT,focal_loss,0.9304126539133238,0.005653050871416809,3,0.33230088360984417,cfg_media_sin1:1,True,True,True,True,True,True,True
GNNExplainer,native,GraphSAGE,class_weighting,0.963613046537437,0.0023343336931712397,3,0.46158179633936064,cfg_media_sin1:1,True,True,True,True,True,True,True
GNNExplainer,native,GraphSAGE,focal_loss,0.9190711164628637,0.0026926421164525497,3,0.30470501385225446,cfg_media_sin1:1,True,True,True,True,True,True,True
GNNExplainer,native,TAGCN,class_weighting,0.9369715467483507,0.030174092909566488,3,0.29925570674478896,cfg_media_sin1:1,True,True,False,True,False,False,True
GNNExplainer,native,TAGCN,focal_loss,0.9058653596434209,0.02143870820396301,3,0.29033639589371885,cfg_media_sin1:1,True,True,False,True,False,False,True
PGExplainer,1:10,GAT,none,0.5379718693918828,0.29800200720789377,3,0.40422268656274646,cfg_media_sin1:1,True,True,True,True,True,True,True
PGExplainer,1:10,GraphSAGE,class_weighting,0.031249999999999972,0.027083333333333296,3,0.4547520414987855,cfg_media_sin1:1,True,True,True,True,True,True,True
PGExplainer,1:10,GraphSAGE,focal_loss,0.23681891519893528,0.4083883442966628,3,0.42612878255186176,cfg_media_sin1:1,True,True,True,True,True,True,True
PGExplainer,1:10,GraphSAGE,none,0.4847222222222222,0.13244058765823735,3,0.37347038889461387,cfg_media_sin1:1,True,True,True,True,True,True,True
PGExplainer,1:10,TAGCN,class_weighting,0.027012124737191737,0.15149308495535857,3,0.2936076318075897,cfg_media_sin1:1,True,True,False,True,False,False,True
PGExplainer,1:10,TAGCN,focal_loss,-0.12367921959121753,0.06297515613866016,3,0.40764046331573717,cfg_media_sin1:1,True,True,True,True,True,True,True
PGExplainer,1:10,TAGCN,none,0.47793093408702525,0.30018288564140105,3,0.32019152838391784,cfg_media_sin1:1,True,True,True,True,True,True,True
PGExplainer,1:10_os,GAT,focal_loss,0.4800213675213674,0.32912536463058745,3,0.29431347890426723,cfg_media_sin1:1,True,True,False,True,False,False,True
PGExplainer,1:10_os,GAT,none,0.5958333333333333,0.23529679839159168,3,0.3852216021475594,cfg_media_sin1:1,True,True,True,True,True,True,True
PGExplainer,1:10_os,GraphSAGE,class_weighting,0.0142361111111111,0.024569499403242323,3,0.43830508578898614,cfg_media_sin1:1,True,True,True,True,True,True,True
PGExplainer,1:10_os,GraphSAGE,focal_loss,0.33418403420306025,0.13928432548224645,3,0.44214831875401317,cfg_media_sin1:1,True,True,True,True,True,True,True
PGExplainer,1:10_os,GraphSAGE,none,0.5361111111111111,0.11428623098428171,3,0.3474417294858833,cfg_media_sin1:1,True,True,True,True,True,True,True
PGExplainer,1:10_os,TAGCN,class_weighting,0.057393174255222466,0.19286330750367048,3,0.2921778092369099,cfg_media_sin1:1,True,True,False,True,False,False,True
PGExplainer,1:10_os,TAGCN,focal_loss,-0.0653872754512312,0.12296803079068144,3,0.4021761374928552,cfg_media_sin1:1,True,True,True,True,True,True,True
PGExplainer,1:10_os,TAGCN,none,0.7144604760165,0.04618901650111655,3,0.39684946884953304,cfg_media_sin1:1,True,True,True,True,True,True,True
PGExplainer,native,GAT,focal_loss,0.6099537037037036,0.20979157854890448,3,0.33230088360984417,cfg_media_sin1:1,True,True,True,True,True,True,True
PGExplainer,native,GraphSAGE,class_weighting,-0.0006944444444444328,0.12829567448902,3,0.46158179633936064,cfg_media_sin1:1,True,True,True,True,True,True,True
PGExplainer,native,GraphSAGE,focal_loss,0.3018607582807717,0.41596994320891384,3,0.30470501385225446,cfg_media_sin1:1,True,True,True,True,True,True,True
PGExplainer,native,TAGCN,class_weighting,0.07365786986294019,0.09348670009688212,3,0.29925570674478896,cfg_media_sin1:1,True,True,False,True,False,False,True
PGExplainer,native,TAGCN,focal_loss,0.18527913944324595,0.2518638602476678,3,0.29033639589371885,cfg_media_sin1:1,True,True,False,True,False,False,True
ShapleyFeatures,1:10,GAT,none,0.9955964509637379,0.0012168692109505515,3,0.40422268656274646,cfg_media_sin1:1,True,True,True,True,True,True,True
ShapleyFeatures,1:10,GraphSAGE,class_weighting,0.9937006257338569,0.0010649404300399799,3,0.4547520414987855,cfg_media_sin1:1,True,True,True,True,True,True,True
ShapleyFeatures,1:10,GraphSAGE,focal_loss,0.9968940237083274,0.0006697507782006967,3,0.42612878255186176,cfg_media_sin1:1,True,True,True,True,True,True,True
ShapleyFeatures,1:10,GraphSAGE,none,0.996932819235583,0.0002612263607652423,3,0.37347038889461387,cfg_media_sin1:1,True,True,True,True,True,True,True
ShapleyFeatures,1:10,TAGCN,class_weighting,0.9880203062106752,0.004392182392850146,3,0.2936076318075897,cfg_media_sin1:1,True,True,False,True,False,False,True
ShapleyFeatures,1:10,TAGCN,focal_loss,0.9949324177394874,0.0007095898987107765,3,0.40764046331573717,cfg_media_sin1:1,True,True,True,True,True,True,True
ShapleyFeatures,1:10,TAGCN,none,0.9969464389702981,0.0004675820884948929,3,0.32019152838391784,cfg_media_sin1:1,True,True,True,True,True,True,True
ShapleyFeatures,1:10_os,GAT,focal_loss,0.9960776872445937,0.0022407731082406614,3,0.29431347890426723,cfg_media_sin1:1,True,True,False,True,False,False,True
ShapleyFeatures,1:10_os,GAT,none,0.9948658659964477,0.0010520275788322092,3,0.3852216021475594,cfg_media_sin1:1,True,True,True,True,True,True,True
ShapleyFeatures,1:10_os,GraphSAGE,class_weighting,0.9930126285501536,0.0010300902495596236,3,0.43830508578898614,cfg_media_sin1:1,True,True,True,True,True,True,True
ShapleyFeatures,1:10_os,GraphSAGE,focal_loss,0.9973980715801138,0.0005976122617293595,3,0.44214831875401317,cfg_media_sin1:1,True,True,True,True,True,True,True
ShapleyFeatures,1:10_os,GraphSAGE,none,0.9970713925931939,0.00041044131436592917,3,0.3474417294858833,cfg_media_sin1:1,True,True,True,True,True,True,True
ShapleyFeatures,1:10_os,TAGCN,class_weighting,0.986540807234601,0.005320393429962157,3,0.2921778092369099,cfg_media_sin1:1,True,True,False,True,False,False,True
ShapleyFeatures,1:10_os,TAGCN,focal_loss,0.9874779481301824,0.011363456609702383,3,0.4021761374928552,cfg_media_sin1:1,True,True,True,True,True,True,True
ShapleyFeatures,1:10_os,TAGCN,none,0.9950222065125138,0.0002527896544845045,3,0.39684946884953304,cfg_media_sin1:1,True,True,True,True,True,True,True
ShapleyFeatures,native,GAT,focal_loss,0.995424494805128,0.001674927159654476,3,0.33230088360984417,cfg_media_sin1:1,True,True,True,True,True,True,True
ShapleyFeatures,native,GraphSAGE,class_weighting,0.9933405162784777,0.0011562629537150463,3,0.46158179633936064,cfg_media_sin1:1,True,True,True,True,True,True,True
ShapleyFeatures,native,GraphSAGE,focal_loss,0.9966829237554146,0.0003606179899169222,3,0.30470501385225446,cfg_media_sin1:1,True,True,True,True,True,True,True
ShapleyFeatures,native,TAGCN,class_weighting,0.9875614993833138,0.005149597704221893,3,0.29925570674478896,cfg_media_sin1:1,True,True,False,True,False,False,True
ShapleyFeatures,native,TAGCN,focal_loss,0.9945208901245417,0.0022780138092012795,3,0.29033639589371885,cfg_media_sin1:1,True,True,False,True,False,False,True
GNNExplainer,1:10,GAT,none,0.9412012320717805,0.003104946356484304,3,0.40422268656274646,cfg_media_sin1:1_soporte3,True,True,True,True,True,True,True
GNNExplainer,1:10,GraphSAGE,class_weighting,0.9641952392060177,0.0024147368203063266,3,0.4547520414987855,cfg_media_sin1:1_soporte3,True,True,True,True,True,True,True
GNNExplainer,1:10,GraphSAGE,focal_loss,0.9218358931527614,0.02131164277561068,3,0.42612878255186176,cfg_media_sin1:1_soporte3,True,True,True,True,True,True,True
GNNExplainer,1:10,GraphSAGE,none,0.919672997565277,0.006772592015659666,3,0.37347038889461387,cfg_media_sin1:1_soporte3,True,True,True,True,True,True,True
GNNExplainer,1:10,TAGCN,class_weighting,0.9356756835498677,0.02891674600880449,3,0.2936076318075897,cfg_media_sin1:1_soporte3,True,True,False,True,False,False,True
GNNExplainer,1:10,TAGCN,focal_loss,0.8831557915412068,0.0048148037359127226,3,0.40764046331573717,cfg_media_sin1:1_soporte3,True,True,True,True,True,True,True
GNNExplainer,1:10,TAGCN,none,0.9279366195979682,0.013682217282836168,3,0.32019152838391784,cfg_media_sin1:1_soporte3,True,True,True,True,True,True,True
GNNExplainer,1:10_os,GAT,focal_loss,0.9182853091184254,0.01857585156606615,3,0.29431347890426723,cfg_media_sin1:1_soporte3,True,True,False,True,False,False,True
GNNExplainer,1:10_os,GAT,none,0.9375456437590307,0.006473304875685255,3,0.3852216021475594,cfg_media_sin1:1_soporte3,True,True,True,True,True,True,True
GNNExplainer,1:10_os,GraphSAGE,class_weighting,0.9648869683989981,0.001815678334451996,3,0.43830508578898614,cfg_media_sin1:1_soporte3,True,True,True,True,True,True,True
GNNExplainer,1:10_os,GraphSAGE,focal_loss,0.9314819986612791,0.003446897904119163,3,0.44214831875401317,cfg_media_sin1:1_soporte3,True,True,True,True,True,True,True
GNNExplainer,1:10_os,GraphSAGE,none,0.9164993668491498,0.0027172818230095787,3,0.3474417294858833,cfg_media_sin1:1_soporte3,True,True,True,True,True,True,True
GNNExplainer,1:10_os,TAGCN,class_weighting,0.9366702232256111,0.03092643912254566,3,0.2921778092369099,cfg_media_sin1:1_soporte3,True,True,False,True,False,False,True
GNNExplainer,1:10_os,TAGCN,focal_loss,0.8786990689977229,0.002607337144788827,3,0.4021761374928552,cfg_media_sin1:1_soporte3,True,True,True,True,True,True,True
GNNExplainer,1:10_os,TAGCN,none,0.9433433862841936,0.003881639702082714,3,0.39684946884953304,cfg_media_sin1:1_soporte3,True,True,True,True,True,True,True
GNNExplainer,native,GAT,focal_loss,0.9304126539133238,0.005653050871416809,3,0.33230088360984417,cfg_media_sin1:1_soporte3,True,True,True,True,True,True,True
GNNExplainer,native,GraphSAGE,class_weighting,0.963613046537437,0.0023343336931712397,3,0.46158179633936064,cfg_media_sin1:1_soporte3,True,True,True,True,True,True,True
GNNExplainer,native,GraphSAGE,focal_loss,0.9190711164628637,0.0026926421164525497,3,0.30470501385225446,cfg_media_sin1:1_soporte3,True,True,True,True,True,True,True
GNNExplainer,native,TAGCN,class_weighting,0.9369715467483507,0.030174092909566488,3,0.29925570674478896,cfg_media_sin1:1_soporte3,True,True,False,True,False,False,True
GNNExplainer,native,TAGCN,focal_loss,0.9058653596434209,0.02143870820396301,3,0.29033639589371885,cfg_media_sin1:1_soporte3,True,True,False,True,False,False,True
PGExplainer,1:10,GAT,none,0.5379718693918828,0.29800200720789377,3,0.40422268656274646,cfg_media_sin1:1_soporte3,True,True,True,True,True,True,True
PGExplainer,1:10,GraphSAGE,class_weighting,0.031249999999999972,0.027083333333333296,3,0.4547520414987855,cfg_media_sin1:1_soporte3,True,True,True,True,True,True,True
PGExplainer,1:10,GraphSAGE,focal_loss,0.23681891519893528,0.4083883442966628,3,0.42612878255186176,cfg_media_sin1:1_soporte3,True,True,True,True,True,True,True
PGExplainer,1:10,GraphSAGE,none,0.4847222222222222,0.13244058765823735,3,0.37347038889461387,cfg_media_sin1:1_soporte3,True,True,True,True,True,True,True
PGExplainer,1:10,TAGCN,class_weighting,0.027012124737191737,0.15149308495535857,3,0.2936076318075897,cfg_media_sin1:1_soporte3,True,True,False,True,False,False,True
PGExplainer,1:10,TAGCN,focal_loss,-0.12367921959121753,0.06297515613866016,3,0.40764046331573717,cfg_media_sin1:1_soporte3,True,True,True,True,True,True,True
PGExplainer,1:10,TAGCN,none,0.47793093408702525,0.30018288564140105,3,0.32019152838391784,cfg_media_sin1:1_soporte3,True,True,True,True,True,True,True
PGExplainer,1:10_os,GAT,focal_loss,0.4800213675213674,0.32912536463058745,3,0.29431347890426723,cfg_media_sin1:1_soporte3,True,True,False,True,False,False,True
PGExplainer,1:10_os,GAT,none,0.5958333333333333,0.23529679839159168,3,0.3852216021475594,cfg_media_sin1:1_soporte3,True,True,True,True,True,True,True
PGExplainer,1:10_os,GraphSAGE,class_weighting,0.0142361111111111,0.024569499403242323,3,0.43830508578898614,cfg_media_sin1:1_soporte3,True,True,True,True,True,True,True
PGExplainer,1:10_os,GraphSAGE,focal_loss,0.33418403420306025,0.13928432548224645,3,0.44214831875401317,cfg_media_sin1:1_soporte3,True,True,True,True,True,True,True
PGExplainer,1:10_os,GraphSAGE,none,0.5361111111111111,0.11428623098428171,3,0.3474417294858833,cfg_media_sin1:1_soporte3,True,True,True,True,True,True,True
PGExplainer,1:10_os,TAGCN,class_weighting,0.057393174255222466,0.19286330750367048,3,0.2921778092369099,cfg_media_sin1:1_soporte3,True,True,False,True,False,False,True
PGExplainer,1:10_os,TAGCN,focal_loss,-0.0653872754512312,0.12296803079068144,3,0.4021761374928552,cfg_media_sin1:1_soporte3,True,True,True,True,True,True,True
PGExplainer,1:10_os,TAGCN,none,0.7144604760165,0.04618901650111655,3,0.39684946884953304,cfg_media_sin1:1_soporte3,True,True,True,True,True,True,True
PGExplainer,native,GAT,focal_loss,0.6099537037037036,0.20979157854890448,3,0.33230088360984417,cfg_media_sin1:1_soporte3,True,True,True,True,True,True,True
PGExplainer,native,GraphSAGE,class_weighting,-0.0006944444444444328,0.12829567448902,3,0.46158179633936064,cfg_media_sin1:1_soporte3,True,True,True,True,True,True,True
PGExplainer,native,GraphSAGE,focal_loss,0.3018607582807717,0.41596994320891384,3,0.30470501385225446,cfg_media_sin1:1_soporte3,True,True,True,True,True,True,True
PGExplainer,native,TAGCN,class_weighting,0.07365786986294019,0.09348670009688212,3,0.29925570674478896,cfg_media_sin1:1_soporte3,True,True,False,True,False,False,True
PGExplainer,native,TAGCN,focal_loss,0.18527913944324595,0.2518638602476678,3,0.29033639589371885,cfg_media_sin1:1_soporte3,True,True,False,True,False,False,True
ShapleyFeatures,1:10,GAT,none,0.9955964509637379,0.0012168692109505515,3,0.40422268656274646,cfg_media_sin1:1_soporte3,True,True,True,True,True,True,True
ShapleyFeatures,1:10,GraphSAGE,class_weighting,0.9937006257338569,0.0010649404300399799,3,0.4547520414987855,cfg_media_sin1:1_soporte3,True,True,True,True,True,True,True
ShapleyFeatures,1:10,GraphSAGE,focal_loss,0.9968940237083274,0.0006697507782006967,3,0.42612878255186176,cfg_media_sin1:1_soporte3,True,True,True,True,True,True,True
ShapleyFeatures,1:10,GraphSAGE,none,0.996932819235583,0.0002612263607652423,3,0.37347038889461387,cfg_media_sin1:1_soporte3,True,True,True,True,True,True,True
ShapleyFeatures,1:10,TAGCN,class_weighting,0.9880203062106752,0.004392182392850146,3,0.2936076318075897,cfg_media_sin1:1_soporte3,True,True,False,True,False,False,True
ShapleyFeatures,1:10,TAGCN,focal_loss,0.9949324177394874,0.0007095898987107765,3,0.40764046331573717,cfg_media_sin1:1_soporte3,True,True,True,True,True,True,True
ShapleyFeatures,1:10,TAGCN,none,0.9969464389702981,0.0004675820884948929,3,0.32019152838391784,cfg_media_sin1:1_soporte3,True,True,True,True,True,True,True
ShapleyFeatures,1:10_os,GAT,focal_loss,0.9960776872445937,0.0022407731082406614,3,0.29431347890426723,cfg_media_sin1:1_soporte3,True,True,False,True,False,False,True
ShapleyFeatures,1:10_os,GAT,none,0.9948658659964477,0.0010520275788322092,3,0.3852216021475594,cfg_media_sin1:1_soporte3,True,True,True,True,True,True,True
ShapleyFeatures,1:10_os,GraphSAGE,class_weighting,0.9930126285501536,0.0010300902495596236,3,0.43830508578898614,cfg_media_sin1:1_soporte3,True,True,True,True,True,True,True
ShapleyFeatures,1:10_os,GraphSAGE,focal_loss,0.9973980715801138,0.0005976122617293595,3,0.44214831875401317,cfg_media_sin1:1_soporte3,True,True,True,True,True,True,True
ShapleyFeatures,1:10_os,GraphSAGE,none,0.9970713925931939,0.00041044131436592917,3,0.3474417294858833,cfg_media_sin1:1_soporte3,True,True,True,True,True,True,True
ShapleyFeatures,1:10_os,TAGCN,class_weighting,0.986540807234601,0.005320393429962157,3,0.2921778092369099,cfg_media_sin1:1_soporte3,True,True,False,True,False,False,True
ShapleyFeatures,1:10_os,TAGCN,focal_loss,0.9874779481301824,0.011363456609702383,3,0.4021761374928552,cfg_media_sin1:1_soporte3,True,True,True,True,True,True,True
ShapleyFeatures,1:10_os,TAGCN,none,0.9950222065125138,0.0002527896544845045,3,0.39684946884953304,cfg_media_sin1:1_soporte3,True,True,True,True,True,True,True
ShapleyFeatures,native,GAT,focal_loss,0.995424494805128,0.001674927159654476,3,0.33230088360984417,cfg_media_sin1:1_soporte3,True,True,True,True,True,True,True
ShapleyFeatures,native,GraphSAGE,class_weighting,0.9933405162784777,0.0011562629537150463,3,0.46158179633936064,cfg_media_sin1:1_soporte3,True,True,True,True,True,True,True
ShapleyFeatures,native,GraphSAGE,focal_loss,0.9966829237554146,0.0003606179899169222,3,0.30470501385225446,cfg_media_sin1:1_soporte3,True,True,True,True,True,True,True
ShapleyFeatures,native,TAGCN,class_weighting,0.9875614993833138,0.005149597704221893,3,0.29925570674478896,cfg_media_sin1:1_soporte3,True,True,False,True,False,False,True
ShapleyFeatures,native,TAGCN,focal_loss,0.9945208901245417,0.0022780138092012795,3,0.29033639589371885,cfg_media_sin1:1_soporte3,True,True,False,True,False,False,True
GNNExplainer,1:10,GAT,none,0.9412012320717805,0.003104946356484304,3,0.40422268656274646,cfg_media_con1:1,True,True,True,True,True,True,True
GNNExplainer,1:10,GraphSAGE,class_weighting,0.9641952392060177,0.0024147368203063266,3,0.4547520414987855,cfg_media_con1:1,True,True,True,True,True,True,True
GNNExplainer,1:10,GraphSAGE,focal_loss,0.9218358931527614,0.02131164277561068,3,0.42612878255186176,cfg_media_con1:1,True,True,True,True,True,True,True
GNNExplainer,1:10,GraphSAGE,none,0.919672997565277,0.006772592015659666,3,0.37347038889461387,cfg_media_con1:1,True,True,True,True,True,True,True
GNNExplainer,1:10,TAGCN,class_weighting,0.9356756835498677,0.02891674600880449,3,0.2936076318075897,cfg_media_con1:1,True,True,False,True,False,False,True
GNNExplainer,1:10,TAGCN,focal_loss,0.8831557915412068,0.0048148037359127226,3,0.40764046331573717,cfg_media_con1:1,True,True,True,True,True,True,True
GNNExplainer,1:10,TAGCN,none,0.9279366195979682,0.013682217282836168,3,0.32019152838391784,cfg_media_con1:1,True,True,True,True,True,True,True
GNNExplainer,1:10_os,GAT,focal_loss,0.9182853091184254,0.01857585156606615,3,0.29431347890426723,cfg_media_con1:1,True,True,False,True,False,False,True
GNNExplainer,1:10_os,GAT,none,0.9375456437590307,0.006473304875685255,3,0.3852216021475594,cfg_media_con1:1,True,True,True,True,True,True,True
GNNExplainer,1:10_os,GraphSAGE,class_weighting,0.9648869683989981,0.001815678334451996,3,0.43830508578898614,cfg_media_con1:1,True,True,True,True,True,True,True
GNNExplainer,1:10_os,GraphSAGE,focal_loss,0.9314819986612791,0.003446897904119163,3,0.44214831875401317,cfg_media_con1:1,True,True,True,True,True,True,True
GNNExplainer,1:10_os,GraphSAGE,none,0.9164993668491498,0.0027172818230095787,3,0.3474417294858833,cfg_media_con1:1,True,True,True,True,True,True,True
GNNExplainer,1:10_os,TAGCN,class_weighting,0.9366702232256111,0.03092643912254566,3,0.2921778092369099,cfg_media_con1:1,True,True,False,True,False,False,True
GNNExplainer,1:10_os,TAGCN,focal_loss,0.8786990689977229,0.002607337144788827,3,0.4021761374928552,cfg_media_con1:1,True,True,True,True,True,True,True
GNNExplainer,1:10_os,TAGCN,none,0.9433433862841936,0.003881639702082714,3,0.39684946884953304,cfg_media_con1:1,True,True,True,True,True,True,True
GNNExplainer,native,GAT,focal_loss,0.9304126539133238,0.005653050871416809,3,0.33230088360984417,cfg_media_con1:1,True,True,True,True,True,True,True
GNNExplainer,native,GraphSAGE,class_weighting,0.963613046537437,0.0023343336931712397,3,0.46158179633936064,cfg_media_con1:1,True,True,True,True,True,True,True
GNNExplainer,native,GraphSAGE,focal_loss,0.9190711164628637,0.0026926421164525497,3,0.30470501385225446,cfg_media_con1:1,True,True,True,True,True,True,True
GNNExplainer,native,TAGCN,class_weighting,0.9369715467483507,0.030174092909566488,3,0.29925570674478896,cfg_media_con1:1,True,True,False,True,False,False,True
GNNExplainer,native,TAGCN,focal_loss,0.9058653596434209,0.02143870820396301,3,0.29033639589371885,cfg_media_con1:1,True,True,False,True,False,False,True
PGExplainer,1:10,GAT,none,0.5379718693918828,0.29800200720789377,3,0.40422268656274646,cfg_media_con1:1,True,True,True,True,True,True,True
PGExplainer,1:10,GraphSAGE,class_weighting,0.031249999999999972,0.027083333333333296,3,0.4547520414987855,cfg_media_con1:1,True,True,True,True,True,True,True
PGExplainer,1:10,GraphSAGE,focal_loss,0.23681891519893528,0.4083883442966628,3,0.42612878255186176,cfg_media_con1:1,True,True,True,True,True,True,True
PGExplainer,1:10,GraphSAGE,none,0.4847222222222222,0.13244058765823735,3,0.37347038889461387,cfg_media_con1:1,True,True,True,True,True,True,True
PGExplainer,1:10,TAGCN,class_weighting,0.027012124737191737,0.15149308495535857,3,0.2936076318075897,cfg_media_con1:1,True,True,False,True,False,False,True
PGExplainer,1:10,TAGCN,focal_loss,-0.12367921959121753,0.06297515613866016,3,0.40764046331573717,cfg_media_con1:1,True,True,True,True,True,True,True
PGExplainer,1:10,TAGCN,none,0.47793093408702525,0.30018288564140105,3,0.32019152838391784,cfg_media_con1:1,True,True,True,True,True,True,True
PGExplainer,1:10_os,GAT,focal_loss,0.4800213675213674,0.32912536463058745,3,0.29431347890426723,cfg_media_con1:1,True,True,False,True,False,False,True
PGExplainer,1:10_os,GAT,none,0.5958333333333333,0.23529679839159168,3,0.3852216021475594,cfg_media_con1:1,True,True,True,True,True,True,True
PGExplainer,1:10_os,GraphSAGE,class_weighting,0.0142361111111111,0.024569499403242323,3,0.43830508578898614,cfg_media_con1:1,True,True,True,True,True,True,True
PGExplainer,1:10_os,GraphSAGE,focal_loss,0.33418403420306025,0.13928432548224645,3,0.44214831875401317,cfg_media_con1:1,True,True,True,True,True,True,True
PGExplainer,1:10_os,GraphSAGE,none,0.5361111111111111,0.11428623098428171,3,0.3474417294858833,cfg_media_con1:1,True,True,True,True,True,True,True
PGExplainer,1:10_os,TAGCN,class_weighting,0.057393174255222466,0.19286330750367048,3,0.2921778092369099,cfg_media_con1:1,True,True,False,True,False,False,True
PGExplainer,1:10_os,TAGCN,focal_loss,-0.0653872754512312,0.12296803079068144,3,0.4021761374928552,cfg_media_con1:1,True,True,True,True,True,True,True
PGExplainer,1:10_os,TAGCN,none,0.7144604760165,0.04618901650111655,3,0.39684946884953304,cfg_media_con1:1,True,True,True,True,True,True,True
PGExplainer,native,GAT,focal_loss,0.6099537037037036,0.20979157854890448,3,0.33230088360984417,cfg_media_con1:1,True,True,True,True,True,True,True
PGExplainer,native,GraphSAGE,class_weighting,-0.0006944444444444328,0.12829567448902,3,0.46158179633936064,cfg_media_con1:1,True,True,True,True,True,True,True
PGExplainer,native,GraphSAGE,focal_loss,0.3018607582807717,0.41596994320891384,3,0.30470501385225446,cfg_media_con1:1,True,True,True,True,True,True,True
PGExplainer,native,TAGCN,class_weighting,0.07365786986294019,0.09348670009688212,3,0.29925570674478896,cfg_media_con1:1,True,True,False,True,False,False,True
PGExplainer,native,TAGCN,focal_loss,0.18527913944324595,0.2518638602476678,3,0.29033639589371885,cfg_media_con1:1,True,True,False,True,False,False,True
ShapleyFeatures,1:10,GAT,none,0.9955964509637379,0.0012168692109505515,3,0.40422268656274646,cfg_media_con1:1,True,True,True,True,True,True,True
ShapleyFeatures,1:10,GraphSAGE,class_weighting,0.9937006257338569,0.0010649404300399799,3,0.4547520414987855,cfg_media_con1:1,True,True,True,True,True,True,True
ShapleyFeatures,1:10,GraphSAGE,focal_loss,0.9968940237083274,0.0006697507782006967,3,0.42612878255186176,cfg_media_con1:1,True,True,True,True,True,True,True
ShapleyFeatures,1:10,GraphSAGE,none,0.996932819235583,0.0002612263607652423,3,0.37347038889461387,cfg_media_con1:1,True,True,True,True,True,True,True
ShapleyFeatures,1:10,TAGCN,class_weighting,0.9880203062106752,0.004392182392850146,3,0.2936076318075897,cfg_media_con1:1,True,True,False,True,False,False,True
ShapleyFeatures,1:10,TAGCN,focal_loss,0.9949324177394874,0.0007095898987107765,3,0.40764046331573717,cfg_media_con1:1,True,True,True,True,True,True,True
ShapleyFeatures,1:10,TAGCN,none,0.9969464389702981,0.0004675820884948929,3,0.32019152838391784,cfg_media_con1:1,True,True,True,True,True,True,True
ShapleyFeatures,1:10_os,GAT,focal_loss,0.9960776872445937,0.0022407731082406614,3,0.29431347890426723,cfg_media_con1:1,True,True,False,True,False,False,True
ShapleyFeatures,1:10_os,GAT,none,0.9948658659964477,0.0010520275788322092,3,0.3852216021475594,cfg_media_con1:1,True,True,True,True,True,True,True
ShapleyFeatures,1:10_os,GraphSAGE,class_weighting,0.9930126285501536,0.0010300902495596236,3,0.43830508578898614,cfg_media_con1:1,True,True,True,True,True,True,True
ShapleyFeatures,1:10_os,GraphSAGE,focal_loss,0.9973980715801138,0.0005976122617293595,3,0.44214831875401317,cfg_media_con1:1,True,True,True,True,True,True,True
ShapleyFeatures,1:10_os,GraphSAGE,none,0.9970713925931939,0.00041044131436592917,3,0.3474417294858833,cfg_media_con1:1,True,True,True,True,True,True,True
ShapleyFeatures,1:10_os,TAGCN,class_weighting,0.986540807234601,0.005320393429962157,3,0.2921778092369099,cfg_media_con1:1,True,True,False,True,False,False,True
ShapleyFeatures,1:10_os,TAGCN,focal_loss,0.9874779481301824,0.011363456609702383,3,0.4021761374928552,cfg_media_con1:1,True,True,True,True,True,True,True
ShapleyFeatures,1:10_os,TAGCN,none,0.9950222065125138,0.0002527896544845045,3,0.39684946884953304,cfg_media_con1:1,True,True,True,True,True,True,True
ShapleyFeatures,native,GAT,focal_loss,0.995424494805128,0.001674927159654476,3,0.33230088360984417,cfg_media_con1:1,True,True,True,True,True,True,True
ShapleyFeatures,native,GraphSAGE,class_weighting,0.9933405162784777,0.0011562629537150463,3,0.46158179633936064,cfg_media_con1:1,True,True,True,True,True,True,True
ShapleyFeatures,native,GraphSAGE,focal_loss,0.9966829237554146,0.0003606179899169222,3,0.30470501385225446,cfg_media_con1:1,True,True,True,True,True,True,True
ShapleyFeatures,native,TAGCN,class_weighting,0.9875614993833138,0.005149597704221893,3,0.29925570674478896,cfg_media_con1:1,True,True,False,True,False,False,True
ShapleyFeatures,native,TAGCN,focal_loss,0.9945208901245417,0.0022780138092012795,3,0.29033639589371885,cfg_media_con1:1,True,True,False,True,False,False,True
GNNExplainer,1:10,GAT,none,0.9412012320717805,0.003104946356484304,3,0.40422268656274646,cfg_media-sd_sin1:1,True,True,True,True,True,True,True
GNNExplainer,1:10,GraphSAGE,class_weighting,0.9641952392060177,0.0024147368203063266,3,0.4547520414987855,cfg_media-sd_sin1:1,True,True,True,True,True,True,True
GNNExplainer,1:10,GraphSAGE,focal_loss,0.9218358931527614,0.02131164277561068,3,0.42612878255186176,cfg_media-sd_sin1:1,True,True,True,True,True,True,True
GNNExplainer,1:10,GraphSAGE,none,0.919672997565277,0.006772592015659666,3,0.37347038889461387,cfg_media-sd_sin1:1,True,True,True,True,True,True,True
GNNExplainer,1:10,TAGCN,focal_loss,0.8831557915412068,0.0048148037359127226,3,0.40764046331573717,cfg_media-sd_sin1:1,True,True,True,True,True,True,True
GNNExplainer,1:10,TAGCN,none,0.9279366195979682,0.013682217282836168,3,0.32019152838391784,cfg_media-sd_sin1:1,True,True,True,True,True,True,True
GNNExplainer,1:10_os,GAT,none,0.9375456437590307,0.006473304875685255,3,0.3852216021475594,cfg_media-sd_sin1:1,True,True,True,True,True,True,True
GNNExplainer,1:10_os,GraphSAGE,class_weighting,0.9648869683989981,0.001815678334451996,3,0.43830508578898614,cfg_media-sd_sin1:1,True,True,True,True,True,True,True
GNNExplainer,1:10_os,GraphSAGE,focal_loss,0.9314819986612791,0.003446897904119163,3,0.44214831875401317,cfg_media-sd_sin1:1,True,True,True,True,True,True,True
GNNExplainer,1:10_os,GraphSAGE,none,0.9164993668491498,0.0027172818230095787,3,0.3474417294858833,cfg_media-sd_sin1:1,True,True,True,True,True,True,True
GNNExplainer,1:10_os,TAGCN,focal_loss,0.8786990689977229,0.002607337144788827,3,0.4021761374928552,cfg_media-sd_sin1:1,True,True,True,True,True,True,True
GNNExplainer,1:10_os,TAGCN,none,0.9433433862841936,0.003881639702082714,3,0.39684946884953304,cfg_media-sd_sin1:1,True,True,True,True,True,True,True
GNNExplainer,native,GAT,focal_loss,0.9304126539133238,0.005653050871416809,3,0.33230088360984417,cfg_media-sd_sin1:1,True,True,True,True,True,True,True
GNNExplainer,native,GraphSAGE,class_weighting,0.963613046537437,0.0023343336931712397,3,0.46158179633936064,cfg_media-sd_sin1:1,True,True,True,True,True,True,True
GNNExplainer,native,GraphSAGE,focal_loss,0.9190711164628637,0.0026926421164525497,3,0.30470501385225446,cfg_media-sd_sin1:1,True,True,True,True,True,True,True
PGExplainer,1:10,GAT,none,0.5379718693918828,0.29800200720789377,3,0.40422268656274646,cfg_media-sd_sin1:1,True,True,True,True,True,True,True
PGExplainer,1:10,GraphSAGE,class_weighting,0.031249999999999972,0.027083333333333296,3,0.4547520414987855,cfg_media-sd_sin1:1,True,True,True,True,True,True,True
PGExplainer,1:10,GraphSAGE,focal_loss,0.23681891519893528,0.4083883442966628,3,0.42612878255186176,cfg_media-sd_sin1:1,True,True,True,True,True,True,True
PGExplainer,1:10,GraphSAGE,none,0.4847222222222222,0.13244058765823735,3,0.37347038889461387,cfg_media-sd_sin1:1,True,True,True,True,True,True,True
PGExplainer,1:10,TAGCN,focal_loss,-0.12367921959121753,0.06297515613866016,3,0.40764046331573717,cfg_media-sd_sin1:1,True,True,True,True,True,True,True
PGExplainer,1:10,TAGCN,none,0.47793093408702525,0.30018288564140105,3,0.32019152838391784,cfg_media-sd_sin1:1,True,True,True,True,True,True,True
PGExplainer,1:10_os,GAT,none,0.5958333333333333,0.23529679839159168,3,0.3852216021475594,cfg_media-sd_sin1:1,True,True,True,True,True,True,True
PGExplainer,1:10_os,GraphSAGE,class_weighting,0.0142361111111111,0.024569499403242323,3,0.43830508578898614,cfg_media-sd_sin1:1,True,True,True,True,True,True,True
PGExplainer,1:10_os,GraphSAGE,focal_loss,0.33418403420306025,0.13928432548224645,3,0.44214831875401317,cfg_media-sd_sin1:1,True,True,True,True,True,True,True
PGExplainer,1:10_os,GraphSAGE,none,0.5361111111111111,0.11428623098428171,3,0.3474417294858833,cfg_media-sd_sin1:1,True,True,True,True,True,True,True
PGExplainer,1:10_os,TAGCN,focal_loss,-0.0653872754512312,0.12296803079068144,3,0.4021761374928552,cfg_media-sd_sin1:1,True,True,True,True,True,True,True
PGExplainer,1:10_os,TAGCN,none,0.7144604760165,0.04618901650111655,3,0.39684946884953304,cfg_media-sd_sin1:1,True,True,True,True,True,True,True
PGExplainer,native,GAT,focal_loss,0.6099537037037036,0.20979157854890448,3,0.33230088360984417,cfg_media-sd_sin1:1,True,True,True,True,True,True,True
PGExplainer,native,GraphSAGE,class_weighting,-0.0006944444444444328,0.12829567448902,3,0.46158179633936064,cfg_media-sd_sin1:1,True,True,True,True,True,True,True
PGExplainer,native,GraphSAGE,focal_loss,0.3018607582807717,0.41596994320891384,3,0.30470501385225446,cfg_media-sd_sin1:1,True,True,True,True,True,True,True
ShapleyFeatures,1:10,GAT,none,0.9955964509637379,0.0012168692109505515,3,0.40422268656274646,cfg_media-sd_sin1:1,True,True,True,True,True,True,True
ShapleyFeatures,1:10,GraphSAGE,class_weighting,0.9937006257338569,0.0010649404300399799,3,0.4547520414987855,cfg_media-sd_sin1:1,True,True,True,True,True,True,True
ShapleyFeatures,1:10,GraphSAGE,focal_loss,0.9968940237083274,0.0006697507782006967,3,0.42612878255186176,cfg_media-sd_sin1:1,True,True,True,True,True,True,True
ShapleyFeatures,1:10,GraphSAGE,none,0.996932819235583,0.0002612263607652423,3,0.37347038889461387,cfg_media-sd_sin1:1,True,True,True,True,True,True,True
ShapleyFeatures,1:10,TAGCN,focal_loss,0.9949324177394874,0.0007095898987107765,3,0.40764046331573717,cfg_media-sd_sin1:1,True,True,True,True,True,True,True
ShapleyFeatures,1:10,TAGCN,none,0.9969464389702981,0.0004675820884948929,3,0.32019152838391784,cfg_media-sd_sin1:1,True,True,True,True,True,True,True
ShapleyFeatures,1:10_os,GAT,none,0.9948658659964477,0.0010520275788322092,3,0.3852216021475594,cfg_media-sd_sin1:1,True,True,True,True,True,True,True
ShapleyFeatures,1:10_os,GraphSAGE,class_weighting,0.9930126285501536,0.0010300902495596236,3,0.43830508578898614,cfg_media-sd_sin1:1,True,True,True,True,True,True,True
ShapleyFeatures,1:10_os,GraphSAGE,focal_loss,0.9973980715801138,0.0005976122617293595,3,0.44214831875401317,cfg_media-sd_sin1:1,True,True,True,True,True,True,True
ShapleyFeatures,1:10_os,GraphSAGE,none,0.9970713925931939,0.00041044131436592917,3,0.3474417294858833,cfg_media-sd_sin1:1,True,True,True,True,True,True,True
ShapleyFeatures,1:10_os,TAGCN,focal_loss,0.9874779481301824,0.011363456609702383,3,0.4021761374928552,cfg_media-sd_sin1:1,True,True,True,True,True,True,True
ShapleyFeatures,1:10_os,TAGCN,none,0.9950222065125138,0.0002527896544845045,3,0.39684946884953304,cfg_media-sd_sin1:1,True,True,True,True,True,True,True
ShapleyFeatures,native,GAT,focal_loss,0.995424494805128,0.001674927159654476,3,0.33230088360984417,cfg_media-sd_sin1:1,True,True,True,True,True,True,True
ShapleyFeatures,native,GraphSAGE,class_weighting,0.9933405162784777,0.0011562629537150463,3,0.46158179633936064,cfg_media-sd_sin1:1,True,True,True,True,True,True,True
ShapleyFeatures,native,GraphSAGE,focal_loss,0.9966829237554146,0.0003606179899169222,3,0.30470501385225446,cfg_media-sd_sin1:1,True,True,True,True,True,True,True
GNNExplainer,1:10,GAT,none,0.9412012320717805,0.003104946356484304,3,0.40422268656274646,cfg_ICinf_sin1:1,True,True,True,True,True,True,True
GNNExplainer,1:10,GraphSAGE,class_weighting,0.9641952392060177,0.0024147368203063266,3,0.4547520414987855,cfg_ICinf_sin1:1,True,True,True,True,True,True,True
GNNExplainer,1:10,GraphSAGE,focal_loss,0.9218358931527614,0.02131164277561068,3,0.42612878255186176,cfg_ICinf_sin1:1,True,True,True,True,True,True,True
GNNExplainer,1:10,GraphSAGE,none,0.919672997565277,0.006772592015659666,3,0.37347038889461387,cfg_ICinf_sin1:1,True,True,True,True,True,True,True
GNNExplainer,1:10,TAGCN,focal_loss,0.8831557915412068,0.0048148037359127226,3,0.40764046331573717,cfg_ICinf_sin1:1,True,True,True,True,True,True,True
GNNExplainer,1:10,TAGCN,none,0.9279366195979682,0.013682217282836168,3,0.32019152838391784,cfg_ICinf_sin1:1,True,True,True,True,True,True,True
GNNExplainer,1:10_os,GAT,none,0.9375456437590307,0.006473304875685255,3,0.3852216021475594,cfg_ICinf_sin1:1,True,True,True,True,True,True,True
GNNExplainer,1:10_os,GraphSAGE,class_weighting,0.9648869683989981,0.001815678334451996,3,0.43830508578898614,cfg_ICinf_sin1:1,True,True,True,True,True,True,True
GNNExplainer,1:10_os,GraphSAGE,focal_loss,0.9314819986612791,0.003446897904119163,3,0.44214831875401317,cfg_ICinf_sin1:1,True,True,True,True,True,True,True
GNNExplainer,1:10_os,GraphSAGE,none,0.9164993668491498,0.0027172818230095787,3,0.3474417294858833,cfg_ICinf_sin1:1,True,True,True,True,True,True,True
GNNExplainer,1:10_os,TAGCN,focal_loss,0.8786990689977229,0.002607337144788827,3,0.4021761374928552,cfg_ICinf_sin1:1,True,True,True,True,True,True,True
GNNExplainer,1:10_os,TAGCN,none,0.9433433862841936,0.003881639702082714,3,0.39684946884953304,cfg_ICinf_sin1:1,True,True,True,True,True,True,True
GNNExplainer,native,GAT,focal_loss,0.9304126539133238,0.005653050871416809,3,0.33230088360984417,cfg_ICinf_sin1:1,True,True,True,True,True,True,True
GNNExplainer,native,GraphSAGE,class_weighting,0.963613046537437,0.0023343336931712397,3,0.46158179633936064,cfg_ICinf_sin1:1,True,True,True,True,True,True,True
GNNExplainer,native,GraphSAGE,focal_loss,0.9190711164628637,0.0026926421164525497,3,0.30470501385225446,cfg_ICinf_sin1:1,True,True,True,True,True,True,True
PGExplainer,1:10,GAT,none,0.5379718693918828,0.29800200720789377,3,0.40422268656274646,cfg_ICinf_sin1:1,True,True,True,True,True,True,True
PGExplainer,1:10,GraphSAGE,class_weighting,0.031249999999999972,0.027083333333333296,3,0.4547520414987855,cfg_ICinf_sin1:1,True,True,True,True,True,True,True
PGExplainer,1:10,GraphSAGE,focal_loss,0.23681891519893528,0.4083883442966628,3,0.42612878255186176,cfg_ICinf_sin1:1,True,True,True,True,True,True,True
PGExplainer,1:10,GraphSAGE,none,0.4847222222222222,0.13244058765823735,3,0.37347038889461387,cfg_ICinf_sin1:1,True,True,True,True,True,True,True
PGExplainer,1:10,TAGCN,focal_loss,-0.12367921959121753,0.06297515613866016,3,0.40764046331573717,cfg_ICinf_sin1:1,True,True,True,True,True,True,True
PGExplainer,1:10,TAGCN,none,0.47793093408702525,0.30018288564140105,3,0.32019152838391784,cfg_ICinf_sin1:1,True,True,True,True,True,True,True
PGExplainer,1:10_os,GAT,none,0.5958333333333333,0.23529679839159168,3,0.3852216021475594,cfg_ICinf_sin1:1,True,True,True,True,True,True,True
PGExplainer,1:10_os,GraphSAGE,class_weighting,0.0142361111111111,0.024569499403242323,3,0.43830508578898614,cfg_ICinf_sin1:1,True,True,True,True,True,True,True
PGExplainer,1:10_os,GraphSAGE,focal_loss,0.33418403420306025,0.13928432548224645,3,0.44214831875401317,cfg_ICinf_sin1:1,True,True,True,True,True,True,True
PGExplainer,1:10_os,GraphSAGE,none,0.5361111111111111,0.11428623098428171,3,0.3474417294858833,cfg_ICinf_sin1:1,True,True,True,True,True,True,True
PGExplainer,1:10_os,TAGCN,focal_loss,-0.0653872754512312,0.12296803079068144,3,0.4021761374928552,cfg_ICinf_sin1:1,True,True,True,True,True,True,True
PGExplainer,1:10_os,TAGCN,none,0.7144604760165,0.04618901650111655,3,0.39684946884953304,cfg_ICinf_sin1:1,True,True,True,True,True,True,True
PGExplainer,native,GAT,focal_loss,0.6099537037037036,0.20979157854890448,3,0.33230088360984417,cfg_ICinf_sin1:1,True,True,True,True,True,True,True
PGExplainer,native,GraphSAGE,class_weighting,-0.0006944444444444328,0.12829567448902,3,0.46158179633936064,cfg_ICinf_sin1:1,True,True,True,True,True,True,True
PGExplainer,native,GraphSAGE,focal_loss,0.3018607582807717,0.41596994320891384,3,0.30470501385225446,cfg_ICinf_sin1:1,True,True,True,True,True,True,True
ShapleyFeatures,1:10,GAT,none,0.9955964509637379,0.0012168692109505515,3,0.40422268656274646,cfg_ICinf_sin1:1,True,True,True,True,True,True,True
ShapleyFeatures,1:10,GraphSAGE,class_weighting,0.9937006257338569,0.0010649404300399799,3,0.4547520414987855,cfg_ICinf_sin1:1,True,True,True,True,True,True,True
ShapleyFeatures,1:10,GraphSAGE,focal_loss,0.9968940237083274,0.0006697507782006967,3,0.42612878255186176,cfg_ICinf_sin1:1,True,True,True,True,True,True,True
ShapleyFeatures,1:10,GraphSAGE,none,0.996932819235583,0.0002612263607652423,3,0.37347038889461387,cfg_ICinf_sin1:1,True,True,True,True,True,True,True
ShapleyFeatures,1:10,TAGCN,focal_loss,0.9949324177394874,0.0007095898987107765,3,0.40764046331573717,cfg_ICinf_sin1:1,True,True,True,True,True,True,True
ShapleyFeatures,1:10,TAGCN,none,0.9969464389702981,0.0004675820884948929,3,0.32019152838391784,cfg_ICinf_sin1:1,True,True,True,True,True,True,True
ShapleyFeatures,1:10_os,GAT,none,0.9948658659964477,0.0010520275788322092,3,0.3852216021475594,cfg_ICinf_sin1:1,True,True,True,True,True,True,True
ShapleyFeatures,1:10_os,GraphSAGE,class_weighting,0.9930126285501536,0.0010300902495596236,3,0.43830508578898614,cfg_ICinf_sin1:1,True,True,True,True,True,True,True
ShapleyFeatures,1:10_os,GraphSAGE,focal_loss,0.9973980715801138,0.0005976122617293595,3,0.44214831875401317,cfg_ICinf_sin1:1,True,True,True,True,True,True,True
ShapleyFeatures,1:10_os,GraphSAGE,none,0.9970713925931939,0.00041044131436592917,3,0.3474417294858833,cfg_ICinf_sin1:1,True,True,True,True,True,True,True
ShapleyFeatures,1:10_os,TAGCN,focal_loss,0.9874779481301824,0.011363456609702383,3,0.4021761374928552,cfg_ICinf_sin1:1,True,True,True,True,True,True,True
ShapleyFeatures,1:10_os,TAGCN,none,0.9950222065125138,0.0002527896544845045,3,0.39684946884953304,cfg_ICinf_sin1:1,True,True,True,True,True,True,True
ShapleyFeatures,native,GAT,focal_loss,0.995424494805128,0.001674927159654476,3,0.33230088360984417,cfg_ICinf_sin1:1,True,True,True,True,True,True,True
ShapleyFeatures,native,GraphSAGE,class_weighting,0.9933405162784777,0.0011562629537150463,3,0.46158179633936064,cfg_ICinf_sin1:1,True,True,True,True,True,True,True
ShapleyFeatures,native,GraphSAGE,focal_loss,0.9966829237554146,0.0003606179899169222,3,0.30470501385225446,cfg_ICinf_sin1:1,True,True,True,True,True,True,True
GNNExplainer,1:10,GAT,class_weighting,0.9386483154544435,0.0070444357766483315,3,0.3228163084114606,cfg_calibrada_sin1:1,False,False,False,False,False,False,True
GNNExplainer,1:10,GAT,focal_loss,0.9353541680920854,0.0018217887963741179,3,0.30415785847398963,cfg_calibrada_sin1:1,False,False,False,False,False,False,True
GNNExplainer,1:10,GAT,none,0.9412012320717805,0.003104946356484304,3,0.40422268656274646,cfg_calibrada_sin1:1,True,True,True,True,True,True,True
GNNExplainer,1:10,GraphSAGE,class_weighting,0.9641952392060177,0.0024147368203063266,3,0.4547520414987855,cfg_calibrada_sin1:1,True,True,True,True,True,True,True
GNNExplainer,1:10,GraphSAGE,focal_loss,0.9218358931527614,0.02131164277561068,3,0.42612878255186176,cfg_calibrada_sin1:1,True,True,True,True,True,True,True
GNNExplainer,1:10,GraphSAGE,none,0.919672997565277,0.006772592015659666,3,0.37347038889461387,cfg_calibrada_sin1:1,True,True,True,True,True,True,True
GNNExplainer,1:10,TAGCN,class_weighting,0.9356756835498677,0.02891674600880449,3,0.2936076318075897,cfg_calibrada_sin1:1,True,True,False,True,False,False,True
GNNExplainer,1:10,TAGCN,focal_loss,0.8831557915412068,0.0048148037359127226,3,0.40764046331573717,cfg_calibrada_sin1:1,True,True,True,True,True,True,True
GNNExplainer,1:10,TAGCN,none,0.9279366195979682,0.013682217282836168,3,0.32019152838391784,cfg_calibrada_sin1:1,True,True,True,True,True,True,True
GNNExplainer,1:10_os,GAT,class_weighting,0.9409048468128948,0.00390770262580886,3,0.3450737269073148,cfg_calibrada_sin1:1,False,False,False,False,False,False,True
GNNExplainer,1:10_os,GAT,focal_loss,0.9182853091184254,0.01857585156606615,3,0.29431347890426723,cfg_calibrada_sin1:1,True,True,False,True,False,False,True
GNNExplainer,1:10_os,GAT,none,0.9375456437590307,0.006473304875685255,3,0.3852216021475594,cfg_calibrada_sin1:1,True,True,True,True,True,True,True
GNNExplainer,1:10_os,GraphSAGE,class_weighting,0.9648869683989981,0.001815678334451996,3,0.43830508578898614,cfg_calibrada_sin1:1,True,True,True,True,True,True,True
GNNExplainer,1:10_os,GraphSAGE,focal_loss,0.9314819986612791,0.003446897904119163,3,0.44214831875401317,cfg_calibrada_sin1:1,True,True,True,True,True,True,True
GNNExplainer,1:10_os,GraphSAGE,none,0.9164993668491498,0.0027172818230095787,3,0.3474417294858833,cfg_calibrada_sin1:1,True,True,True,True,True,True,True
GNNExplainer,1:10_os,TAGCN,class_weighting,0.9366702232256111,0.03092643912254566,3,0.2921778092369099,cfg_calibrada_sin1:1,True,True,False,True,False,False,True
GNNExplainer,1:10_os,TAGCN,focal_loss,0.8786990689977229,0.002607337144788827,3,0.4021761374928552,cfg_calibrada_sin1:1,True,True,True,True,True,True,True
GNNExplainer,1:10_os,TAGCN,none,0.9433433862841936,0.003881639702082714,3,0.39684946884953304,cfg_calibrada_sin1:1,True,True,True,True,True,True,True
GNNExplainer,native,GAT,class_weighting,0.9393066692657909,0.006327848045846853,3,0.3203658410415895,cfg_calibrada_sin1:1,False,False,False,False,False,False,True
GNNExplainer,native,GAT,focal_loss,0.9304126539133238,0.005653050871416809,3,0.33230088360984417,cfg_calibrada_sin1:1,True,True,True,True,True,True,True
GNNExplainer,native,GraphSAGE,class_weighting,0.963613046537437,0.0023343336931712397,3,0.46158179633936064,cfg_calibrada_sin1:1,True,True,True,True,True,True,True
GNNExplainer,native,GraphSAGE,focal_loss,0.9190711164628637,0.0026926421164525497,3,0.30470501385225446,cfg_calibrada_sin1:1,True,True,True,True,True,True,True
GNNExplainer,native,TAGCN,class_weighting,0.9369715467483507,0.030174092909566488,3,0.29925570674478896,cfg_calibrada_sin1:1,True,True,False,True,False,False,True
GNNExplainer,native,TAGCN,focal_loss,0.9058653596434209,0.02143870820396301,3,0.29033639589371885,cfg_calibrada_sin1:1,True,True,False,True,False,False,True
PGExplainer,1:10,GAT,class_weighting,0.49910123011523605,0.2593273588761146,3,0.3228163084114606,cfg_calibrada_sin1:1,False,False,False,False,False,False,True
PGExplainer,1:10,GAT,focal_loss,0.8544973544973544,0.06357798419190486,3,0.30415785847398963,cfg_calibrada_sin1:1,False,False,False,False,False,False,True
PGExplainer,1:10,GAT,none,0.5379718693918828,0.29800200720789377,3,0.40422268656274646,cfg_calibrada_sin1:1,True,True,True,True,True,True,True
PGExplainer,1:10,GraphSAGE,class_weighting,0.031249999999999972,0.027083333333333296,3,0.4547520414987855,cfg_calibrada_sin1:1,True,True,True,True,True,True,True
PGExplainer,1:10,GraphSAGE,focal_loss,0.23681891519893528,0.4083883442966628,3,0.42612878255186176,cfg_calibrada_sin1:1,True,True,True,True,True,True,True
PGExplainer,1:10,GraphSAGE,none,0.4847222222222222,0.13244058765823735,3,0.37347038889461387,cfg_calibrada_sin1:1,True,True,True,True,True,True,True
PGExplainer,1:10,TAGCN,class_weighting,0.027012124737191737,0.15149308495535857,3,0.2936076318075897,cfg_calibrada_sin1:1,True,True,False,True,False,False,True
PGExplainer,1:10,TAGCN,focal_loss,-0.12367921959121753,0.06297515613866016,3,0.40764046331573717,cfg_calibrada_sin1:1,True,True,True,True,True,True,True
PGExplainer,1:10,TAGCN,none,0.47793093408702525,0.30018288564140105,3,0.32019152838391784,cfg_calibrada_sin1:1,True,True,True,True,True,True,True
PGExplainer,1:10_os,GAT,class_weighting,0.5323464240704368,0.4796908933474225,3,0.3450737269073148,cfg_calibrada_sin1:1,False,False,False,False,False,False,True
PGExplainer,1:10_os,GAT,focal_loss,0.4800213675213674,0.32912536463058745,3,0.29431347890426723,cfg_calibrada_sin1:1,True,True,False,True,False,False,True
PGExplainer,1:10_os,GAT,none,0.5958333333333333,0.23529679839159168,3,0.3852216021475594,cfg_calibrada_sin1:1,True,True,True,True,True,True,True
PGExplainer,1:10_os,GraphSAGE,class_weighting,0.0142361111111111,0.024569499403242323,3,0.43830508578898614,cfg_calibrada_sin1:1,True,True,True,True,True,True,True
PGExplainer,1:10_os,GraphSAGE,focal_loss,0.33418403420306025,0.13928432548224645,3,0.44214831875401317,cfg_calibrada_sin1:1,True,True,True,True,True,True,True
PGExplainer,1:10_os,GraphSAGE,none,0.5361111111111111,0.11428623098428171,3,0.3474417294858833,cfg_calibrada_sin1:1,True,True,True,True,True,True,True
PGExplainer,1:10_os,TAGCN,class_weighting,0.057393174255222466,0.19286330750367048,3,0.2921778092369099,cfg_calibrada_sin1:1,True,True,False,True,False,False,True
PGExplainer,1:10_os,TAGCN,focal_loss,-0.0653872754512312,0.12296803079068144,3,0.4021761374928552,cfg_calibrada_sin1:1,True,True,True,True,True,True,True
PGExplainer,1:10_os,TAGCN,none,0.7144604760165,0.04618901650111655,3,0.39684946884953304,cfg_calibrada_sin1:1,True,True,True,True,True,True,True
PGExplainer,native,GAT,class_weighting,0.6414623412263473,0.356073029136309,3,0.3203658410415895,cfg_calibrada_sin1:1,False,False,False,False,False,False,True
PGExplainer,native,GAT,focal_loss,0.6099537037037036,0.20979157854890448,3,0.33230088360984417,cfg_calibrada_sin1:1,True,True,True,True,True,True,True
PGExplainer,native,GraphSAGE,class_weighting,-0.0006944444444444328,0.12829567448902,3,0.46158179633936064,cfg_calibrada_sin1:1,True,True,True,True,True,True,True
PGExplainer,native,GraphSAGE,focal_loss,0.3018607582807717,0.41596994320891384,3,0.30470501385225446,cfg_calibrada_sin1:1,True,True,True,True,True,True,True
PGExplainer,native,TAGCN,class_weighting,0.07365786986294019,0.09348670009688212,3,0.29925570674478896,cfg_calibrada_sin1:1,True,True,False,True,False,False,True
PGExplainer,native,TAGCN,focal_loss,0.18527913944324595,0.2518638602476678,3,0.29033639589371885,cfg_calibrada_sin1:1,True,True,False,True,False,False,True
ShapleyFeatures,1:10,GAT,class_weighting,0.9962183430586045,0.0014170127760925256,3,0.3228163084114606,cfg_calibrada_sin1:1,False,False,False,False,False,False,True
ShapleyFeatures,1:10,GAT,focal_loss,0.9957099811378164,0.0013428735320798317,3,0.30415785847398963,cfg_calibrada_sin1:1,False,False,False,False,False,False,True
ShapleyFeatures,1:10,GAT,none,0.9955964509637379,0.0012168692109505515,3,0.40422268656274646,cfg_calibrada_sin1:1,True,True,True,True,True,True,True
ShapleyFeatures,1:10,GraphSAGE,class_weighting,0.9937006257338569,0.0010649404300399799,3,0.4547520414987855,cfg_calibrada_sin1:1,True,True,True,True,True,True,True
ShapleyFeatures,1:10,GraphSAGE,focal_loss,0.9968940237083274,0.0006697507782006967,3,0.42612878255186176,cfg_calibrada_sin1:1,True,True,True,True,True,True,True
ShapleyFeatures,1:10,GraphSAGE,none,0.996932819235583,0.0002612263607652423,3,0.37347038889461387,cfg_calibrada_sin1:1,True,True,True,True,True,True,True
ShapleyFeatures,1:10,TAGCN,class_weighting,0.9880203062106752,0.004392182392850146,3,0.2936076318075897,cfg_calibrada_sin1:1,True,True,False,True,False,False,True
ShapleyFeatures,1:10,TAGCN,focal_loss,0.9949324177394874,0.0007095898987107765,3,0.40764046331573717,cfg_calibrada_sin1:1,True,True,True,True,True,True,True
ShapleyFeatures,1:10,TAGCN,none,0.9969464389702981,0.0004675820884948929,3,0.32019152838391784,cfg_calibrada_sin1:1,True,True,True,True,True,True,True
ShapleyFeatures,1:10_os,GAT,class_weighting,0.9953358268162665,0.0010447608908852552,3,0.3450737269073148,cfg_calibrada_sin1:1,False,False,False,False,False,False,True
ShapleyFeatures,1:10_os,GAT,focal_loss,0.9960776872445937,0.0022407731082406614,3,0.29431347890426723,cfg_calibrada_sin1:1,True,True,False,True,False,False,True
ShapleyFeatures,1:10_os,GAT,none,0.9948658659964477,0.0010520275788322092,3,0.3852216021475594,cfg_calibrada_sin1:1,True,True,True,True,True,True,True
ShapleyFeatures,1:10_os,GraphSAGE,class_weighting,0.9930126285501536,0.0010300902495596236,3,0.43830508578898614,cfg_calibrada_sin1:1,True,True,True,True,True,True,True
ShapleyFeatures,1:10_os,GraphSAGE,focal_loss,0.9973980715801138,0.0005976122617293595,3,0.44214831875401317,cfg_calibrada_sin1:1,True,True,True,True,True,True,True
ShapleyFeatures,1:10_os,GraphSAGE,none,0.9970713925931939,0.00041044131436592917,3,0.3474417294858833,cfg_calibrada_sin1:1,True,True,True,True,True,True,True
ShapleyFeatures,1:10_os,TAGCN,class_weighting,0.986540807234601,0.005320393429962157,3,0.2921778092369099,cfg_calibrada_sin1:1,True,True,False,True,False,False,True
ShapleyFeatures,1:10_os,TAGCN,focal_loss,0.9874779481301824,0.011363456609702383,3,0.4021761374928552,cfg_calibrada_sin1:1,True,True,True,True,True,True,True
ShapleyFeatures,1:10_os,TAGCN,none,0.9950222065125138,0.0002527896544845045,3,0.39684946884953304,cfg_calibrada_sin1:1,True,True,True,True,True,True,True
ShapleyFeatures,native,GAT,class_weighting,0.9963090962942683,0.0010904053842049695,3,0.3203658410415895,cfg_calibrada_sin1:1,False,False,False,False,False,False,True
ShapleyFeatures,native,GAT,focal_loss,0.995424494805128,0.001674927159654476,3,0.33230088360984417,cfg_calibrada_sin1:1,True,True,True,True,True,True,True
ShapleyFeatures,native,GraphSAGE,class_weighting,0.9933405162784777,0.0011562629537150463,3,0.46158179633936064,cfg_calibrada_sin1:1,True,True,True,True,True,True,True
ShapleyFeatures,native,GraphSAGE,focal_loss,0.9966829237554146,0.0003606179899169222,3,0.30470501385225446,cfg_calibrada_sin1:1,True,True,True,True,True,True,True
ShapleyFeatures,native,TAGCN,class_weighting,0.9875614993833138,0.005149597704221893,3,0.29925570674478896,cfg_calibrada_sin1:1,True,True,False,True,False,False,True
ShapleyFeatures,native,TAGCN,focal_loss,0.9945208901245417,0.0022780138092012795,3,0.29033639589371885,cfg_calibrada_sin1:1,True,True,False,True,False,False,True
GNNExplainer,1:1,GAT,class_weighting,0.9406563883696423,0.00487723013031882,3,0.3466816784000802,cfg_calibrada_con1:1,False,False,False,False,False,False,True
GNNExplainer,1:1,GAT,none,0.9406563883696423,0.00487723013031882,3,0.34668166600192235,cfg_calibrada_con1:1,False,False,False,False,False,False,True
GNNExplainer,1:1,GraphSAGE,class_weighting,0.9550015108166083,0.0029416063457719417,3,0.3638342311425875,cfg_calibrada_con1:1,False,False,False,False,False,False,True
GNNExplainer,1:1,GraphSAGE,focal_loss,0.915485734203218,0.005249944488487643,3,0.27259063254889804,cfg_calibrada_con1:1,False,False,False,False,False,False,True
GNNExplainer,1:1,GraphSAGE,none,0.955011890226599,0.0029208901624611493,3,0.36381146400270675,cfg_calibrada_con1:1,False,False,False,False,False,False,True
GNNExplainer,1:1,TAGCN,class_weighting,0.9358568787412068,0.028851434403749796,3,0.20525130809043388,cfg_calibrada_con1:1,False,False,False,False,False,False,True
GNNExplainer,1:1,TAGCN,focal_loss,0.8966397080980909,0.022362190564004993,3,0.2286243306990607,cfg_calibrada_con1:1,False,False,False,False,False,False,True
GNNExplainer,1:1,TAGCN,none,0.9337328227869283,0.02724951972162282,3,0.20032365847421615,cfg_calibrada_con1:1,False,False,False,False,False,False,True
GNNExplainer,1:10,GAT,class_weighting,0.9386483154544435,0.0070444357766483315,3,0.3228163084114606,cfg_calibrada_con1:1,False,False,False,False,False,False,True
GNNExplainer,1:10,GAT,focal_loss,0.9353541680920854,0.0018217887963741179,3,0.30415785847398963,cfg_calibrada_con1:1,False,False,False,False,False,False,True
GNNExplainer,1:10,GAT,none,0.9412012320717805,0.003104946356484304,3,0.40422268656274646,cfg_calibrada_con1:1,True,True,True,True,True,True,True
GNNExplainer,1:10,GraphSAGE,class_weighting,0.9641952392060177,0.0024147368203063266,3,0.4547520414987855,cfg_calibrada_con1:1,True,True,True,True,True,True,True
GNNExplainer,1:10,GraphSAGE,focal_loss,0.9218358931527614,0.02131164277561068,3,0.42612878255186176,cfg_calibrada_con1:1,True,True,True,True,True,True,True
GNNExplainer,1:10,GraphSAGE,none,0.919672997565277,0.006772592015659666,3,0.37347038889461387,cfg_calibrada_con1:1,True,True,True,True,True,True,True
GNNExplainer,1:10,TAGCN,class_weighting,0.9356756835498677,0.02891674600880449,3,0.2936076318075897,cfg_calibrada_con1:1,True,True,False,True,False,False,True
GNNExplainer,1:10,TAGCN,focal_loss,0.8831557915412068,0.0048148037359127226,3,0.40764046331573717,cfg_calibrada_con1:1,True,True,True,True,True,True,True
GNNExplainer,1:10,TAGCN,none,0.9279366195979682,0.013682217282836168,3,0.32019152838391784,cfg_calibrada_con1:1,True,True,True,True,True,True,True
GNNExplainer,1:10_os,GAT,class_weighting,0.9409048468128948,0.00390770262580886,3,0.3450737269073148,cfg_calibrada_con1:1,False,False,False,False,False,False,True
GNNExplainer,1:10_os,GAT,focal_loss,0.9182853091184254,0.01857585156606615,3,0.29431347890426723,cfg_calibrada_con1:1,True,True,False,True,False,False,True
GNNExplainer,1:10_os,GAT,none,0.9375456437590307,0.006473304875685255,3,0.3852216021475594,cfg_calibrada_con1:1,True,True,True,True,True,True,True
GNNExplainer,1:10_os,GraphSAGE,class_weighting,0.9648869683989981,0.001815678334451996,3,0.43830508578898614,cfg_calibrada_con1:1,True,True,True,True,True,True,True
GNNExplainer,1:10_os,GraphSAGE,focal_loss,0.9314819986612791,0.003446897904119163,3,0.44214831875401317,cfg_calibrada_con1:1,True,True,True,True,True,True,True
GNNExplainer,1:10_os,GraphSAGE,none,0.9164993668491498,0.0027172818230095787,3,0.3474417294858833,cfg_calibrada_con1:1,True,True,True,True,True,True,True
GNNExplainer,1:10_os,TAGCN,class_weighting,0.9366702232256111,0.03092643912254566,3,0.2921778092369099,cfg_calibrada_con1:1,True,True,False,True,False,False,True
GNNExplainer,1:10_os,TAGCN,focal_loss,0.8786990689977229,0.002607337144788827,3,0.4021761374928552,cfg_calibrada_con1:1,True,True,True,True,True,True,True
GNNExplainer,1:10_os,TAGCN,none,0.9433433862841936,0.003881639702082714,3,0.39684946884953304,cfg_calibrada_con1:1,True,True,True,True,True,True,True
GNNExplainer,native,GAT,class_weighting,0.9393066692657909,0.006327848045846853,3,0.3203658410415895,cfg_calibrada_con1:1,False,False,False,False,False,False,True
GNNExplainer,native,GAT,focal_loss,0.9304126539133238,0.005653050871416809,3,0.33230088360984417,cfg_calibrada_con1:1,True,True,True,True,True,True,True
GNNExplainer,native,GraphSAGE,class_weighting,0.963613046537437,0.0023343336931712397,3,0.46158179633936064,cfg_calibrada_con1:1,True,True,True,True,True,True,True
GNNExplainer,native,GraphSAGE,focal_loss,0.9190711164628637,0.0026926421164525497,3,0.30470501385225446,cfg_calibrada_con1:1,True,True,True,True,True,True,True
GNNExplainer,native,TAGCN,class_weighting,0.9369715467483507,0.030174092909566488,3,0.29925570674478896,cfg_calibrada_con1:1,True,True,False,True,False,False,True
GNNExplainer,native,TAGCN,focal_loss,0.9058653596434209,0.02143870820396301,3,0.29033639589371885,cfg_calibrada_con1:1,True,True,False,True,False,False,True
PGExplainer,1:1,GAT,class_weighting,0.49263488494989494,0.18856313962842242,3,0.3466816784000802,cfg_calibrada_con1:1,False,False,False,False,False,False,True
PGExplainer,1:1,GAT,none,0.49263488494989494,0.18856313962842242,3,0.34668166600192235,cfg_calibrada_con1:1,False,False,False,False,False,False,True
PGExplainer,1:1,GraphSAGE,class_weighting,0.18063034385735188,0.13260241728026909,3,0.3638342311425875,cfg_calibrada_con1:1,False,False,False,False,False,False,True
PGExplainer,1:1,GraphSAGE,focal_loss,0.04381321851124396,0.3918275100429955,3,0.27259063254889804,cfg_calibrada_con1:1,False,False,False,False,False,False,True
PGExplainer,1:1,GraphSAGE,none,0.20146367719068523,0.16768399809584175,3,0.36381146400270675,cfg_calibrada_con1:1,False,False,False,False,False,False,True
PGExplainer,1:1,TAGCN,class_weighting,0.321144056331071,0.1321390894195129,3,0.20525130809043388,cfg_calibrada_con1:1,False,False,False,False,False,False,True
PGExplainer,1:1,TAGCN,focal_loss,-0.0068629763209581696,0.23458164678695842,3,0.2286243306990607,cfg_calibrada_con1:1,False,False,False,False,False,False,True
PGExplainer,1:1,TAGCN,none,0.25008635809234864,0.12838036104341172,3,0.20032365847421615,cfg_calibrada_con1:1,False,False,False,False,False,False,True
PGExplainer,1:10,GAT,class_weighting,0.49910123011523605,0.2593273588761146,3,0.3228163084114606,cfg_calibrada_con1:1,False,False,False,False,False,False,True
PGExplainer,1:10,GAT,focal_loss,0.8544973544973544,0.06357798419190486,3,0.30415785847398963,cfg_calibrada_con1:1,False,False,False,False,False,False,True
PGExplainer,1:10,GAT,none,0.5379718693918828,0.29800200720789377,3,0.40422268656274646,cfg_calibrada_con1:1,True,True,True,True,True,True,True
PGExplainer,1:10,GraphSAGE,class_weighting,0.031249999999999972,0.027083333333333296,3,0.4547520414987855,cfg_calibrada_con1:1,True,True,True,True,True,True,True
PGExplainer,1:10,GraphSAGE,focal_loss,0.23681891519893528,0.4083883442966628,3,0.42612878255186176,cfg_calibrada_con1:1,True,True,True,True,True,True,True
PGExplainer,1:10,GraphSAGE,none,0.4847222222222222,0.13244058765823735,3,0.37347038889461387,cfg_calibrada_con1:1,True,True,True,True,True,True,True
PGExplainer,1:10,TAGCN,class_weighting,0.027012124737191737,0.15149308495535857,3,0.2936076318075897,cfg_calibrada_con1:1,True,True,False,True,False,False,True
PGExplainer,1:10,TAGCN,focal_loss,-0.12367921959121753,0.06297515613866016,3,0.40764046331573717,cfg_calibrada_con1:1,True,True,True,True,True,True,True
PGExplainer,1:10,TAGCN,none,0.47793093408702525,0.30018288564140105,3,0.32019152838391784,cfg_calibrada_con1:1,True,True,True,True,True,True,True
PGExplainer,1:10_os,GAT,class_weighting,0.5323464240704368,0.4796908933474225,3,0.3450737269073148,cfg_calibrada_con1:1,False,False,False,False,False,False,True
PGExplainer,1:10_os,GAT,focal_loss,0.4800213675213674,0.32912536463058745,3,0.29431347890426723,cfg_calibrada_con1:1,True,True,False,True,False,False,True
PGExplainer,1:10_os,GAT,none,0.5958333333333333,0.23529679839159168,3,0.3852216021475594,cfg_calibrada_con1:1,True,True,True,True,True,True,True
PGExplainer,1:10_os,GraphSAGE,class_weighting,0.0142361111111111,0.024569499403242323,3,0.43830508578898614,cfg_calibrada_con1:1,True,True,True,True,True,True,True
PGExplainer,1:10_os,GraphSAGE,focal_loss,0.33418403420306025,0.13928432548224645,3,0.44214831875401317,cfg_calibrada_con1:1,True,True,True,True,True,True,True
PGExplainer,1:10_os,GraphSAGE,none,0.5361111111111111,0.11428623098428171,3,0.3474417294858833,cfg_calibrada_con1:1,True,True,True,True,True,True,True
PGExplainer,1:10_os,TAGCN,class_weighting,0.057393174255222466,0.19286330750367048,3,0.2921778092369099,cfg_calibrada_con1:1,True,True,False,True,False,False,True
PGExplainer,1:10_os,TAGCN,focal_loss,-0.0653872754512312,0.12296803079068144,3,0.4021761374928552,cfg_calibrada_con1:1,True,True,True,True,True,True,True
PGExplainer,1:10_os,TAGCN,none,0.7144604760165,0.04618901650111655,3,0.39684946884953304,cfg_calibrada_con1:1,True,True,True,True,True,True,True
PGExplainer,native,GAT,class_weighting,0.6414623412263473,0.356073029136309,3,0.3203658410415895,cfg_calibrada_con1:1,False,False,False,False,False,False,True
PGExplainer,native,GAT,focal_loss,0.6099537037037036,0.20979157854890448,3,0.33230088360984417,cfg_calibrada_con1:1,True,True,True,True,True,True,True
PGExplainer,native,GraphSAGE,class_weighting,-0.0006944444444444328,0.12829567448902,3,0.46158179633936064,cfg_calibrada_con1:1,True,True,True,True,True,True,True
PGExplainer,native,GraphSAGE,focal_loss,0.3018607582807717,0.41596994320891384,3,0.30470501385225446,cfg_calibrada_con1:1,True,True,True,True,True,True,True
PGExplainer,native,TAGCN,class_weighting,0.07365786986294019,0.09348670009688212,3,0.29925570674478896,cfg_calibrada_con1:1,True,True,False,True,False,False,True
PGExplainer,native,TAGCN,focal_loss,0.18527913944324595,0.2518638602476678,3,0.29033639589371885,cfg_calibrada_con1:1,True,True,False,True,False,False,True
ShapleyFeatures,1:1,GAT,class_weighting,0.996006139087752,0.001022081186117292,3,0.3466816784000802,cfg_calibrada_con1:1,False,False,False,False,False,False,True
ShapleyFeatures,1:1,GAT,none,0.9959828900344503,0.001069993083507574,3,0.34668166600192235,cfg_calibrada_con1:1,False,False,False,False,False,False,True
ShapleyFeatures,1:1,GraphSAGE,class_weighting,0.9954466438110229,0.00038436301524333663,3,0.3638342311425875,cfg_calibrada_con1:1,False,False,False,False,False,False,True
ShapleyFeatures,1:1,GraphSAGE,focal_loss,0.9966635544833083,0.0004900739311040798,3,0.27259063254889804,cfg_calibrada_con1:1,False,False,False,False,False,False,True
ShapleyFeatures,1:1,GraphSAGE,none,0.9954776588476625,0.00045573318700494093,3,0.36381146400270675,cfg_calibrada_con1:1,False,False,False,False,False,False,True
ShapleyFeatures,1:1,TAGCN,class_weighting,0.9914418328178612,0.002264920734382516,3,0.20525130809043388,cfg_calibrada_con1:1,False,False,False,False,False,False,True
ShapleyFeatures,1:1,TAGCN,focal_loss,0.9929398251913762,0.0008311686216431641,3,0.2286243306990607,cfg_calibrada_con1:1,False,False,False,False,False,False,True
ShapleyFeatures,1:1,TAGCN,none,0.9903545857249844,0.0025793816580794954,3,0.20032365847421615,cfg_calibrada_con1:1,False,False,False,False,False,False,True
ShapleyFeatures,1:10,GAT,class_weighting,0.9962183430586045,0.0014170127760925256,3,0.3228163084114606,cfg_calibrada_con1:1,False,False,False,False,False,False,True
ShapleyFeatures,1:10,GAT,focal_loss,0.9957099811378164,0.0013428735320798317,3,0.30415785847398963,cfg_calibrada_con1:1,False,False,False,False,False,False,True
ShapleyFeatures,1:10,GAT,none,0.9955964509637379,0.0012168692109505515,3,0.40422268656274646,cfg_calibrada_con1:1,True,True,True,True,True,True,True
ShapleyFeatures,1:10,GraphSAGE,class_weighting,0.9937006257338569,0.0010649404300399799,3,0.4547520414987855,cfg_calibrada_con1:1,True,True,True,True,True,True,True
ShapleyFeatures,1:10,GraphSAGE,focal_loss,0.9968940237083274,0.0006697507782006967,3,0.42612878255186176,cfg_calibrada_con1:1,True,True,True,True,True,True,True
ShapleyFeatures,1:10,GraphSAGE,none,0.996932819235583,0.0002612263607652423,3,0.37347038889461387,cfg_calibrada_con1:1,True,True,True,True,True,True,True
ShapleyFeatures,1:10,TAGCN,class_weighting,0.9880203062106752,0.004392182392850146,3,0.2936076318075897,cfg_calibrada_con1:1,True,True,False,True,False,False,True
ShapleyFeatures,1:10,TAGCN,focal_loss,0.9949324177394874,0.0007095898987107765,3,0.40764046331573717,cfg_calibrada_con1:1,True,True,True,True,True,True,True
ShapleyFeatures,1:10,TAGCN,none,0.9969464389702981,0.0004675820884948929,3,0.32019152838391784,cfg_calibrada_con1:1,True,True,True,True,True,True,True
ShapleyFeatures,1:10_os,GAT,class_weighting,0.9953358268162665,0.0010447608908852552,3,0.3450737269073148,cfg_calibrada_con1:1,False,False,False,False,False,False,True
ShapleyFeatures,1:10_os,GAT,focal_loss,0.9960776872445937,0.0022407731082406614,3,0.29431347890426723,cfg_calibrada_con1:1,True,True,False,True,False,False,True
ShapleyFeatures,1:10_os,GAT,none,0.9948658659964477,0.0010520275788322092,3,0.3852216021475594,cfg_calibrada_con1:1,True,True,True,True,True,True,True
ShapleyFeatures,1:10_os,GraphSAGE,class_weighting,0.9930126285501536,0.0010300902495596236,3,0.43830508578898614,cfg_calibrada_con1:1,True,True,True,True,True,True,True
ShapleyFeatures,1:10_os,GraphSAGE,focal_loss,0.9973980715801138,0.0005976122617293595,3,0.44214831875401317,cfg_calibrada_con1:1,True,True,True,True,True,True,True
ShapleyFeatures,1:10_os,GraphSAGE,none,0.9970713925931939,0.00041044131436592917,3,0.3474417294858833,cfg_calibrada_con1:1,True,True,True,True,True,True,True
ShapleyFeatures,1:10_os,TAGCN,class_weighting,0.986540807234601,0.005320393429962157,3,0.2921778092369099,cfg_calibrada_con1:1,True,True,False,True,False,False,True
ShapleyFeatures,1:10_os,TAGCN,focal_loss,0.9874779481301824,0.011363456609702383,3,0.4021761374928552,cfg_calibrada_con1:1,True,True,True,True,True,True,True
ShapleyFeatures,1:10_os,TAGCN,none,0.9950222065125138,0.0002527896544845045,3,0.39684946884953304,cfg_calibrada_con1:1,True,True,True,True,True,True,True
ShapleyFeatures,native,GAT,class_weighting,0.9963090962942683,0.0010904053842049695,3,0.3203658410415895,cfg_calibrada_con1:1,False,False,False,False,False,False,True
ShapleyFeatures,native,GAT,focal_loss,0.995424494805128,0.001674927159654476,3,0.33230088360984417,cfg_calibrada_con1:1,True,True,True,True,True,True,True
ShapleyFeatures,native,GraphSAGE,class_weighting,0.9933405162784777,0.0011562629537150463,3,0.46158179633936064,cfg_calibrada_con1:1,True,True,True,True,True,True,True
ShapleyFeatures,native,GraphSAGE,focal_loss,0.9966829237554146,0.0003606179899169222,3,0.30470501385225446,cfg_calibrada_con1:1,True,True,True,True,True,True,True
ShapleyFeatures,native,TAGCN,class_weighting,0.9875614993833138,0.005149597704221893,3,0.29925570674478896,cfg_calibrada_con1:1,True,True,False,True,False,False,True
ShapleyFeatures,native,TAGCN,focal_loss,0.9945208901245417,0.0022780138092012795,3,0.29033639589371885,cfg_calibrada_con1:1,True,True,False,True,False,False,True
GNNExplainer,1:10,GAT,class_weighting,0.9386483154544435,0.0070444357766483315,3,0.3228163084114606,sin_compuerta_sin1:1,False,False,False,False,False,False,True
GNNExplainer,1:10,GAT,focal_loss,0.9353541680920854,0.0018217887963741179,3,0.30415785847398963,sin_compuerta_sin1:1,False,False,False,False,False,False,True
GNNExplainer,1:10,GAT,none,0.9412012320717805,0.003104946356484304,3,0.40422268656274646,sin_compuerta_sin1:1,True,True,True,True,True,True,True
GNNExplainer,1:10,GCN,class_weighting,0.9416827357199313,0.00632204838757632,3,0.16161441291444076,sin_compuerta_sin1:1,False,False,False,False,False,False,False
GNNExplainer,1:10,GCN,focal_loss,0.9106642222539918,0.002813102480564198,3,0.14567033400068793,sin_compuerta_sin1:1,False,False,False,False,False,False,False
GNNExplainer,1:10,GCN,none,0.914511784777797,0.011492257974227192,3,0.12145495594615778,sin_compuerta_sin1:1,False,False,False,False,False,False,False
GNNExplainer,1:10,GraphSAGE,class_weighting,0.9641952392060177,0.0024147368203063266,3,0.4547520414987855,sin_compuerta_sin1:1,True,True,True,True,True,True,True
GNNExplainer,1:10,GraphSAGE,focal_loss,0.9218358931527614,0.02131164277561068,3,0.42612878255186176,sin_compuerta_sin1:1,True,True,True,True,True,True,True
GNNExplainer,1:10,GraphSAGE,none,0.919672997565277,0.006772592015659666,3,0.37347038889461387,sin_compuerta_sin1:1,True,True,True,True,True,True,True
GNNExplainer,1:10,TAGCN,class_weighting,0.9356756835498677,0.02891674600880449,3,0.2936076318075897,sin_compuerta_sin1:1,True,True,False,True,False,False,True
GNNExplainer,1:10,TAGCN,focal_loss,0.8831557915412068,0.0048148037359127226,3,0.40764046331573717,sin_compuerta_sin1:1,True,True,True,True,True,True,True
GNNExplainer,1:10,TAGCN,none,0.9279366195979682,0.013682217282836168,3,0.32019152838391784,sin_compuerta_sin1:1,True,True,True,True,True,True,True
GNNExplainer,1:10_os,GAT,class_weighting,0.9409048468128948,0.00390770262580886,3,0.3450737269073148,sin_compuerta_sin1:1,False,False,False,False,False,False,True
GNNExplainer,1:10_os,GAT,focal_loss,0.9182853091184254,0.01857585156606615,3,0.29431347890426723,sin_compuerta_sin1:1,True,True,False,True,False,False,True
GNNExplainer,1:10_os,GAT,none,0.9375456437590307,0.006473304875685255,3,0.3852216021475594,sin_compuerta_sin1:1,True,True,True,True,True,True,True
GNNExplainer,1:10_os,GCN,class_weighting,0.9427807204191273,0.0031400444866563322,3,0.1617951908542037,sin_compuerta_sin1:1,False,False,False,False,False,False,False
GNNExplainer,1:10_os,GCN,focal_loss,0.916994420557954,0.00886315894331227,3,0.10771061994958407,sin_compuerta_sin1:1,False,False,False,False,False,False,False
GNNExplainer,1:10_os,GCN,none,0.9134222997838578,0.010603453881431753,3,0.12354837200896857,sin_compuerta_sin1:1,False,False,False,False,False,False,False
GNNExplainer,1:10_os,GraphSAGE,class_weighting,0.9648869683989981,0.001815678334451996,3,0.43830508578898614,sin_compuerta_sin1:1,True,True,True,True,True,True,True
GNNExplainer,1:10_os,GraphSAGE,focal_loss,0.9314819986612791,0.003446897904119163,3,0.44214831875401317,sin_compuerta_sin1:1,True,True,True,True,True,True,True
GNNExplainer,1:10_os,GraphSAGE,none,0.9164993668491498,0.0027172818230095787,3,0.3474417294858833,sin_compuerta_sin1:1,True,True,True,True,True,True,True
GNNExplainer,1:10_os,TAGCN,class_weighting,0.9366702232256111,0.03092643912254566,3,0.2921778092369099,sin_compuerta_sin1:1,True,True,False,True,False,False,True
GNNExplainer,1:10_os,TAGCN,focal_loss,0.8786990689977229,0.002607337144788827,3,0.4021761374928552,sin_compuerta_sin1:1,True,True,True,True,True,True,True
GNNExplainer,1:10_os,TAGCN,none,0.9433433862841936,0.003881639702082714,3,0.39684946884953304,sin_compuerta_sin1:1,True,True,True,True,True,True,True
GNNExplainer,native,GAT,class_weighting,0.9393066692657909,0.006327848045846853,3,0.3203658410415895,sin_compuerta_sin1:1,False,False,False,False,False,False,True
GNNExplainer,native,GAT,focal_loss,0.9304126539133238,0.005653050871416809,3,0.33230088360984417,sin_compuerta_sin1:1,True,True,True,True,True,True,True
GNNExplainer,native,GAT,none,0.9200447609830312,0.0280609621502653,3,0.20248954205959824,sin_compuerta_sin1:1,True,True,False,False,False,False,False
GNNExplainer,native,GCN,class_weighting,0.9258372993484586,0.002516631822585751,3,0.0972150089164354,sin_compuerta_sin1:1,False,False,False,False,False,False,False
GNNExplainer,native,GCN,focal_loss,0.9078304246101944,0.006667537592671541,3,0.10518595367419536,sin_compuerta_sin1:1,False,False,False,False,False,False,False
GNNExplainer,native,GCN,none,0.9142951747851601,0.006774323745501913,3,0.08315035290667164,sin_compuerta_sin1:1,False,False,False,False,False,False,False
GNNExplainer,native,GraphSAGE,class_weighting,0.963613046537437,0.0023343336931712397,3,0.46158179633936064,sin_compuerta_sin1:1,True,True,True,True,True,True,True
GNNExplainer,native,GraphSAGE,focal_loss,0.9190711164628637,0.0026926421164525497,3,0.30470501385225446,sin_compuerta_sin1:1,True,True,True,True,True,True,True
GNNExplainer,native,GraphSAGE,none,0.9153648637884976,0.00846089466355843,3,0.1771437340598031,sin_compuerta_sin1:1,False,False,False,False,False,False,False
GNNExplainer,native,TAGCN,class_weighting,0.9369715467483507,0.030174092909566488,3,0.29925570674478896,sin_compuerta_sin1:1,True,True,False,True,False,False,True
GNNExplainer,native,TAGCN,focal_loss,0.9058653596434209,0.02143870820396301,3,0.29033639589371885,sin_compuerta_sin1:1,True,True,False,True,False,False,True
GNNExplainer,native,TAGCN,none,0.8991933201512587,0.0048999021986316366,3,0.0965189317940448,sin_compuerta_sin1:1,False,False,False,False,False,False,False
PGExplainer,1:10,GAT,class_weighting,0.49910123011523605,0.2593273588761146,3,0.3228163084114606,sin_compuerta_sin1:1,False,False,False,False,False,False,True
PGExplainer,1:10,GAT,focal_loss,0.8544973544973544,0.06357798419190486,3,0.30415785847398963,sin_compuerta_sin1:1,False,False,False,False,False,False,True
PGExplainer,1:10,GAT,none,0.5379718693918828,0.29800200720789377,3,0.40422268656274646,sin_compuerta_sin1:1,True,True,True,True,True,True,True
PGExplainer,1:10,GCN,class_weighting,0.18055555555555555,0.3561301780300339,3,0.16161441291444076,sin_compuerta_sin1:1,False,False,False,False,False,False,False
PGExplainer,1:10,GCN,focal_loss,0.5263485245005102,0.20685915399814872,3,0.14567033400068793,sin_compuerta_sin1:1,False,False,False,False,False,False,False
PGExplainer,1:10,GCN,none,0.28177128293830095,0.12710168724581855,3,0.12145495594615778,sin_compuerta_sin1:1,False,False,False,False,False,False,False
PGExplainer,1:10,GraphSAGE,class_weighting,0.031249999999999972,0.027083333333333296,3,0.4547520414987855,sin_compuerta_sin1:1,True,True,True,True,True,True,True
PGExplainer,1:10,GraphSAGE,focal_loss,0.23681891519893528,0.4083883442966628,3,0.42612878255186176,sin_compuerta_sin1:1,True,True,True,True,True,True,True
PGExplainer,1:10,GraphSAGE,none,0.4847222222222222,0.13244058765823735,3,0.37347038889461387,sin_compuerta_sin1:1,True,True,True,True,True,True,True
PGExplainer,1:10,TAGCN,class_weighting,0.027012124737191737,0.15149308495535857,3,0.2936076318075897,sin_compuerta_sin1:1,True,True,False,True,False,False,True
PGExplainer,1:10,TAGCN,focal_loss,-0.12367921959121753,0.06297515613866016,3,0.40764046331573717,sin_compuerta_sin1:1,True,True,True,True,True,True,True
PGExplainer,1:10,TAGCN,none,0.47793093408702525,0.30018288564140105,3,0.32019152838391784,sin_compuerta_sin1:1,True,True,True,True,True,True,True
PGExplainer,1:10_os,GAT,class_weighting,0.5323464240704368,0.4796908933474225,3,0.3450737269073148,sin_compuerta_sin1:1,False,False,False,False,False,False,True
PGExplainer,1:10_os,GAT,focal_loss,0.4800213675213674,0.32912536463058745,3,0.29431347890426723,sin_compuerta_sin1:1,True,True,False,True,False,False,True
PGExplainer,1:10_os,GAT,none,0.5958333333333333,0.23529679839159168,3,0.3852216021475594,sin_compuerta_sin1:1,True,True,True,True,True,True,True
PGExplainer,1:10_os,GCN,class_weighting,0.16861378303978705,0.36663232134901697,3,0.1617951908542037,sin_compuerta_sin1:1,False,False,False,False,False,False,False
PGExplainer,1:10_os,GCN,focal_loss,0.4873677909328009,0.3008474941066111,3,0.10771061994958407,sin_compuerta_sin1:1,False,False,False,False,False,False,False
PGExplainer,1:10_os,GCN,none,0.2814935051605232,0.1522086600020607,3,0.12354837200896857,sin_compuerta_sin1:1,False,False,False,False,False,False,False
PGExplainer,1:10_os,GraphSAGE,class_weighting,0.0142361111111111,0.024569499403242323,3,0.43830508578898614,sin_compuerta_sin1:1,True,True,True,True,True,True,True
PGExplainer,1:10_os,GraphSAGE,focal_loss,0.33418403420306025,0.13928432548224645,3,0.44214831875401317,sin_compuerta_sin1:1,True,True,True,True,True,True,True
PGExplainer,1:10_os,GraphSAGE,none,0.5361111111111111,0.11428623098428171,3,0.3474417294858833,sin_compuerta_sin1:1,True,True,True,True,True,True,True
PGExplainer,1:10_os,TAGCN,class_weighting,0.057393174255222466,0.19286330750367048,3,0.2921778092369099,sin_compuerta_sin1:1,True,True,False,True,False,False,True
PGExplainer,1:10_os,TAGCN,focal_loss,-0.0653872754512312,0.12296803079068144,3,0.4021761374928552,sin_compuerta_sin1:1,True,True,True,True,True,True,True
PGExplainer,1:10_os,TAGCN,none,0.7144604760165,0.04618901650111655,3,0.39684946884953304,sin_compuerta_sin1:1,True,True,True,True,True,True,True
PGExplainer,native,GAT,class_weighting,0.6414623412263473,0.356073029136309,3,0.3203658410415895,sin_compuerta_sin1:1,False,False,False,False,False,False,True
PGExplainer,native,GAT,focal_loss,0.6099537037037036,0.20979157854890448,3,0.33230088360984417,sin_compuerta_sin1:1,True,True,True,True,True,True,True
PGExplainer,native,GAT,none,0.7116809116809116,0.40696806546308645,3,0.20248954205959824,sin_compuerta_sin1:1,True,True,False,False,False,False,False
PGExplainer,native,GCN,class_weighting,0.5603389124109114,0.26623382477155916,3,0.0972150089164354,sin_compuerta_sin1:1,False,False,False,False,False,False,False
PGExplainer,native,GCN,focal_loss,0.4495741541784534,0.23127086183772333,3,0.10518595367419536,sin_compuerta_sin1:1,False,False,False,False,False,False,False
PGExplainer,native,GCN,none,0.5652777777777777,0.3365556059939069,3,0.08315035290667164,sin_compuerta_sin1:1,False,False,False,False,False,False,False
PGExplainer,native,GraphSAGE,class_weighting,-0.0006944444444444328,0.12829567448902,3,0.46158179633936064,sin_compuerta_sin1:1,True,True,True,True,True,True,True
PGExplainer,native,GraphSAGE,focal_loss,0.3018607582807717,0.41596994320891384,3,0.30470501385225446,sin_compuerta_sin1:1,True,True,True,True,True,True,True
PGExplainer,native,GraphSAGE,none,0.5083333333333332,0.14487782208928085,3,0.1771437340598031,sin_compuerta_sin1:1,False,False,False,False,False,False,False
PGExplainer,native,TAGCN,class_weighting,0.07365786986294019,0.09348670009688212,3,0.29925570674478896,sin_compuerta_sin1:1,True,True,False,True,False,False,True
PGExplainer,native,TAGCN,focal_loss,0.18527913944324595,0.2518638602476678,3,0.29033639589371885,sin_compuerta_sin1:1,True,True,False,True,False,False,True
PGExplainer,native,TAGCN,none,0.4368505244545573,0.175169525031531,3,0.0965189317940448,sin_compuerta_sin1:1,False,False,False,False,False,False,False
ShapleyFeatures,1:10,GAT,class_weighting,0.9962183430586045,0.0014170127760925256,3,0.3228163084114606,sin_compuerta_sin1:1,False,False,False,False,False,False,True
ShapleyFeatures,1:10,GAT,focal_loss,0.9957099811378164,0.0013428735320798317,3,0.30415785847398963,sin_compuerta_sin1:1,False,False,False,False,False,False,True
ShapleyFeatures,1:10,GAT,none,0.9955964509637379,0.0012168692109505515,3,0.40422268656274646,sin_compuerta_sin1:1,True,True,True,True,True,True,True
ShapleyFeatures,1:10,GCN,class_weighting,0.9968646245458316,0.0004453426466044457,3,0.16161441291444076,sin_compuerta_sin1:1,False,False,False,False,False,False,False
ShapleyFeatures,1:10,GCN,focal_loss,0.996705767245969,0.000251561726963926,3,0.14567033400068793,sin_compuerta_sin1:1,False,False,False,False,False,False,False
ShapleyFeatures,1:10,GCN,none,0.9972059524064983,0.0004950989433376408,3,0.12145495594615778,sin_compuerta_sin1:1,False,False,False,False,False,False,False
ShapleyFeatures,1:10,GraphSAGE,class_weighting,0.9937006257338569,0.0010649404300399799,3,0.4547520414987855,sin_compuerta_sin1:1,True,True,True,True,True,True,True
ShapleyFeatures,1:10,GraphSAGE,focal_loss,0.9968940237083274,0.0006697507782006967,3,0.42612878255186176,sin_compuerta_sin1:1,True,True,True,True,True,True,True
ShapleyFeatures,1:10,GraphSAGE,none,0.996932819235583,0.0002612263607652423,3,0.37347038889461387,sin_compuerta_sin1:1,True,True,True,True,True,True,True
ShapleyFeatures,1:10,TAGCN,class_weighting,0.9880203062106752,0.004392182392850146,3,0.2936076318075897,sin_compuerta_sin1:1,True,True,False,True,False,False,True
ShapleyFeatures,1:10,TAGCN,focal_loss,0.9949324177394874,0.0007095898987107765,3,0.40764046331573717,sin_compuerta_sin1:1,True,True,True,True,True,True,True
ShapleyFeatures,1:10,TAGCN,none,0.9969464389702981,0.0004675820884948929,3,0.32019152838391784,sin_compuerta_sin1:1,True,True,True,True,True,True,True
ShapleyFeatures,1:10_os,GAT,class_weighting,0.9953358268162665,0.0010447608908852552,3,0.3450737269073148,sin_compuerta_sin1:1,False,False,False,False,False,False,True
ShapleyFeatures,1:10_os,GAT,focal_loss,0.9960776872445937,0.0022407731082406614,3,0.29431347890426723,sin_compuerta_sin1:1,True,True,False,True,False,False,True
ShapleyFeatures,1:10_os,GAT,none,0.9948658659964477,0.0010520275788322092,3,0.3852216021475594,sin_compuerta_sin1:1,True,True,True,True,True,True,True
ShapleyFeatures,1:10_os,GCN,class_weighting,0.9970641004399076,0.0006434523140551178,3,0.1617951908542037,sin_compuerta_sin1:1,False,False,False,False,False,False,False
ShapleyFeatures,1:10_os,GCN,focal_loss,0.996636636413568,0.0002045365365742874,3,0.10771061994958407,sin_compuerta_sin1:1,False,False,False,False,False,False,False
ShapleyFeatures,1:10_os,GCN,none,0.9973352539340037,0.000740370740477087,3,0.12354837200896857,sin_compuerta_sin1:1,False,False,False,False,False,False,False
ShapleyFeatures,1:10_os,GraphSAGE,class_weighting,0.9930126285501536,0.0010300902495596236,3,0.43830508578898614,sin_compuerta_sin1:1,True,True,True,True,True,True,True
ShapleyFeatures,1:10_os,GraphSAGE,focal_loss,0.9973980715801138,0.0005976122617293595,3,0.44214831875401317,sin_compuerta_sin1:1,True,True,True,True,True,True,True
ShapleyFeatures,1:10_os,GraphSAGE,none,0.9970713925931939,0.00041044131436592917,3,0.3474417294858833,sin_compuerta_sin1:1,True,True,True,True,True,True,True
ShapleyFeatures,1:10_os,TAGCN,class_weighting,0.986540807234601,0.005320393429962157,3,0.2921778092369099,sin_compuerta_sin1:1,True,True,False,True,False,False,True
ShapleyFeatures,1:10_os,TAGCN,focal_loss,0.9874779481301824,0.011363456609702383,3,0.4021761374928552,sin_compuerta_sin1:1,True,True,True,True,True,True,True
ShapleyFeatures,1:10_os,TAGCN,none,0.9950222065125138,0.0002527896544845045,3,0.39684946884953304,sin_compuerta_sin1:1,True,True,True,True,True,True,True
ShapleyFeatures,native,GAT,class_weighting,0.9963090962942683,0.0010904053842049695,3,0.3203658410415895,sin_compuerta_sin1:1,False,False,False,False,False,False,True
ShapleyFeatures,native,GAT,focal_loss,0.995424494805128,0.001674927159654476,3,0.33230088360984417,sin_compuerta_sin1:1,True,True,True,True,True,True,True
ShapleyFeatures,native,GAT,none,0.977583062899876,0.022185427270816564,3,0.20248954205959824,sin_compuerta_sin1:1,True,True,False,False,False,False,False
ShapleyFeatures,native,GCN,class_weighting,0.9971704919261386,0.0007266637002108567,3,0.0972150089164354,sin_compuerta_sin1:1,False,False,False,False,False,False,False
ShapleyFeatures,native,GCN,focal_loss,0.9973463820934021,3.883229800211483e-05,3,0.10518595367419536,sin_compuerta_sin1:1,False,False,False,False,False,False,False
ShapleyFeatures,native,GCN,none,0.9971713450637066,0.0005812015311352275,3,0.08315035290667164,sin_compuerta_sin1:1,False,False,False,False,False,False,False
ShapleyFeatures,native,GraphSAGE,class_weighting,0.9933405162784777,0.0011562629537150463,3,0.46158179633936064,sin_compuerta_sin1:1,True,True,True,True,True,True,True
ShapleyFeatures,native,GraphSAGE,focal_loss,0.9966829237554146,0.0003606179899169222,3,0.30470501385225446,sin_compuerta_sin1:1,True,True,True,True,True,True,True
ShapleyFeatures,native,GraphSAGE,none,0.9971718397025794,0.0010250067341736155,3,0.1771437340598031,sin_compuerta_sin1:1,False,False,False,False,False,False,False
ShapleyFeatures,native,TAGCN,class_weighting,0.9875614993833138,0.005149597704221893,3,0.29925570674478896,sin_compuerta_sin1:1,True,True,False,True,False,False,True
ShapleyFeatures,native,TAGCN,focal_loss,0.9945208901245417,0.0022780138092012795,3,0.29033639589371885,sin_compuerta_sin1:1,True,True,False,True,False,False,True
ShapleyFeatures,native,TAGCN,none,0.9955109244208149,0.00032546435245235254,3,0.0965189317940448,sin_compuerta_sin1:1,False,False,False,False,False,False,False
GNNExplainer,1:1,GAT,class_weighting,0.9406563883696423,0.00487723013031882,3,0.3466816784000802,sin_compuerta_con1:1,False,False,False,False,False,False,True
GNNExplainer,1:1,GAT,focal_loss,0.9239936729957403,0.011543815728486773,3,0.20401920303771506,sin_compuerta_con1:1,False,False,False,False,False,False,False
GNNExplainer,1:1,GAT,none,0.9406563883696423,0.00487723013031882,3,0.34668166600192235,sin_compuerta_con1:1,False,False,False,False,False,False,True
GNNExplainer,1:1,GCN,class_weighting,0.944026793771727,0.004915573733336956,3,0.18504613792375044,sin_compuerta_con1:1,False,False,False,False,False,False,False
GNNExplainer,1:1,GCN,focal_loss,0.9233265356332986,0.0036636805725157643,3,0.07867925163890734,sin_compuerta_con1:1,False,False,False,False,False,False,False
GNNExplainer,1:1,GCN,none,0.9440519099679334,0.004992121776964523,3,0.18517629080244213,sin_compuerta_con1:1,False,False,False,False,False,False,False
GNNExplainer,1:1,GraphSAGE,class_weighting,0.9550015108166083,0.0029416063457719417,3,0.3638342311425875,sin_compuerta_con1:1,False,False,False,False,False,False,True
GNNExplainer,1:1,GraphSAGE,focal_loss,0.915485734203218,0.005249944488487643,3,0.27259063254889804,sin_compuerta_con1:1,False,False,False,False,False,False,True
GNNExplainer,1:1,GraphSAGE,none,0.955011890226599,0.0029208901624611493,3,0.36381146400270675,sin_compuerta_con1:1,False,False,False,False,False,False,True
GNNExplainer,1:1,TAGCN,class_weighting,0.9358568787412068,0.028851434403749796,3,0.20525130809043388,sin_compuerta_con1:1,False,False,False,False,False,False,True
GNNExplainer,1:1,TAGCN,focal_loss,0.8966397080980909,0.022362190564004993,3,0.2286243306990607,sin_compuerta_con1:1,False,False,False,False,False,False,True
GNNExplainer,1:1,TAGCN,none,0.9337328227869283,0.02724951972162282,3,0.20032365847421615,sin_compuerta_con1:1,False,False,False,False,False,False,True
GNNExplainer,1:10,GAT,class_weighting,0.9386483154544435,0.0070444357766483315,3,0.3228163084114606,sin_compuerta_con1:1,False,False,False,False,False,False,True
GNNExplainer,1:10,GAT,focal_loss,0.9353541680920854,0.0018217887963741179,3,0.30415785847398963,sin_compuerta_con1:1,False,False,False,False,False,False,True
GNNExplainer,1:10,GAT,none,0.9412012320717805,0.003104946356484304,3,0.40422268656274646,sin_compuerta_con1:1,True,True,True,True,True,True,True
GNNExplainer,1:10,GCN,class_weighting,0.9416827357199313,0.00632204838757632,3,0.16161441291444076,sin_compuerta_con1:1,False,False,False,False,False,False,False
GNNExplainer,1:10,GCN,focal_loss,0.9106642222539918,0.002813102480564198,3,0.14567033400068793,sin_compuerta_con1:1,False,False,False,False,False,False,False
GNNExplainer,1:10,GCN,none,0.914511784777797,0.011492257974227192,3,0.12145495594615778,sin_compuerta_con1:1,False,False,False,False,False,False,False
GNNExplainer,1:10,GraphSAGE,class_weighting,0.9641952392060177,0.0024147368203063266,3,0.4547520414987855,sin_compuerta_con1:1,True,True,True,True,True,True,True
GNNExplainer,1:10,GraphSAGE,focal_loss,0.9218358931527614,0.02131164277561068,3,0.42612878255186176,sin_compuerta_con1:1,True,True,True,True,True,True,True
GNNExplainer,1:10,GraphSAGE,none,0.919672997565277,0.006772592015659666,3,0.37347038889461387,sin_compuerta_con1:1,True,True,True,True,True,True,True
GNNExplainer,1:10,TAGCN,class_weighting,0.9356756835498677,0.02891674600880449,3,0.2936076318075897,sin_compuerta_con1:1,True,True,False,True,False,False,True
GNNExplainer,1:10,TAGCN,focal_loss,0.8831557915412068,0.0048148037359127226,3,0.40764046331573717,sin_compuerta_con1:1,True,True,True,True,True,True,True
GNNExplainer,1:10,TAGCN,none,0.9279366195979682,0.013682217282836168,3,0.32019152838391784,sin_compuerta_con1:1,True,True,True,True,True,True,True
GNNExplainer,1:10_os,GAT,class_weighting,0.9409048468128948,0.00390770262580886,3,0.3450737269073148,sin_compuerta_con1:1,False,False,False,False,False,False,True
GNNExplainer,1:10_os,GAT,focal_loss,0.9182853091184254,0.01857585156606615,3,0.29431347890426723,sin_compuerta_con1:1,True,True,False,True,False,False,True
GNNExplainer,1:10_os,GAT,none,0.9375456437590307,0.006473304875685255,3,0.3852216021475594,sin_compuerta_con1:1,True,True,True,True,True,True,True
GNNExplainer,1:10_os,GCN,class_weighting,0.9427807204191273,0.0031400444866563322,3,0.1617951908542037,sin_compuerta_con1:1,False,False,False,False,False,False,False
GNNExplainer,1:10_os,GCN,focal_loss,0.916994420557954,0.00886315894331227,3,0.10771061994958407,sin_compuerta_con1:1,False,False,False,False,False,False,False
GNNExplainer,1:10_os,GCN,none,0.9134222997838578,0.010603453881431753,3,0.12354837200896857,sin_compuerta_con1:1,False,False,False,False,False,False,False
GNNExplainer,1:10_os,GraphSAGE,class_weighting,0.9648869683989981,0.001815678334451996,3,0.43830508578898614,sin_compuerta_con1:1,True,True,True,True,True,True,True
GNNExplainer,1:10_os,GraphSAGE,focal_loss,0.9314819986612791,0.003446897904119163,3,0.44214831875401317,sin_compuerta_con1:1,True,True,True,True,True,True,True
GNNExplainer,1:10_os,GraphSAGE,none,0.9164993668491498,0.0027172818230095787,3,0.3474417294858833,sin_compuerta_con1:1,True,True,True,True,True,True,True
GNNExplainer,1:10_os,TAGCN,class_weighting,0.9366702232256111,0.03092643912254566,3,0.2921778092369099,sin_compuerta_con1:1,True,True,False,True,False,False,True
GNNExplainer,1:10_os,TAGCN,focal_loss,0.8786990689977229,0.002607337144788827,3,0.4021761374928552,sin_compuerta_con1:1,True,True,True,True,True,True,True
GNNExplainer,1:10_os,TAGCN,none,0.9433433862841936,0.003881639702082714,3,0.39684946884953304,sin_compuerta_con1:1,True,True,True,True,True,True,True
GNNExplainer,native,GAT,class_weighting,0.9393066692657909,0.006327848045846853,3,0.3203658410415895,sin_compuerta_con1:1,False,False,False,False,False,False,True
GNNExplainer,native,GAT,focal_loss,0.9304126539133238,0.005653050871416809,3,0.33230088360984417,sin_compuerta_con1:1,True,True,True,True,True,True,True
GNNExplainer,native,GAT,none,0.9200447609830312,0.0280609621502653,3,0.20248954205959824,sin_compuerta_con1:1,True,True,False,False,False,False,False
GNNExplainer,native,GCN,class_weighting,0.9258372993484586,0.002516631822585751,3,0.0972150089164354,sin_compuerta_con1:1,False,False,False,False,False,False,False
GNNExplainer,native,GCN,focal_loss,0.9078304246101944,0.006667537592671541,3,0.10518595367419536,sin_compuerta_con1:1,False,False,False,False,False,False,False
GNNExplainer,native,GCN,none,0.9142951747851601,0.006774323745501913,3,0.08315035290667164,sin_compuerta_con1:1,False,False,False,False,False,False,False
GNNExplainer,native,GraphSAGE,class_weighting,0.963613046537437,0.0023343336931712397,3,0.46158179633936064,sin_compuerta_con1:1,True,True,True,True,True,True,True
GNNExplainer,native,GraphSAGE,focal_loss,0.9190711164628637,0.0026926421164525497,3,0.30470501385225446,sin_compuerta_con1:1,True,True,True,True,True,True,True
GNNExplainer,native,GraphSAGE,none,0.9153648637884976,0.00846089466355843,3,0.1771437340598031,sin_compuerta_con1:1,False,False,False,False,False,False,False
GNNExplainer,native,TAGCN,class_weighting,0.9369715467483507,0.030174092909566488,3,0.29925570674478896,sin_compuerta_con1:1,True,True,False,True,False,False,True
GNNExplainer,native,TAGCN,focal_loss,0.9058653596434209,0.02143870820396301,3,0.29033639589371885,sin_compuerta_con1:1,True,True,False,True,False,False,True
GNNExplainer,native,TAGCN,none,0.8991933201512587,0.0048999021986316366,3,0.0965189317940448,sin_compuerta_con1:1,False,False,False,False,False,False,False
PGExplainer,1:1,GAT,class_weighting,0.49263488494989494,0.18856313962842242,3,0.3466816784000802,sin_compuerta_con1:1,False,False,False,False,False,False,True
PGExplainer,1:1,GAT,focal_loss,0.48137553715354914,0.4376129384493929,3,0.20401920303771506,sin_compuerta_con1:1,False,False,False,False,False,False,False
PGExplainer,1:1,GAT,none,0.49263488494989494,0.18856313962842242,3,0.34668166600192235,sin_compuerta_con1:1,False,False,False,False,False,False,True
PGExplainer,1:1,GCN,class_weighting,0.10451388888888886,0.2407136681269847,3,0.18504613792375044,sin_compuerta_con1:1,False,False,False,False,False,False,False
PGExplainer,1:1,GCN,focal_loss,0.39637929246003206,0.3090035116922643,3,0.07867925163890734,sin_compuerta_con1:1,False,False,False,False,False,False,False
PGExplainer,1:1,GCN,none,0.06701388888888887,0.16774499254269298,3,0.18517629080244213,sin_compuerta_con1:1,False,False,False,False,False,False,False
PGExplainer,1:1,GraphSAGE,class_weighting,0.18063034385735188,0.13260241728026909,3,0.3638342311425875,sin_compuerta_con1:1,False,False,False,False,False,False,True
PGExplainer,1:1,GraphSAGE,focal_loss,0.04381321851124396,0.3918275100429955,3,0.27259063254889804,sin_compuerta_con1:1,False,False,False,False,False,False,True
PGExplainer,1:1,GraphSAGE,none,0.20146367719068523,0.16768399809584175,3,0.36381146400270675,sin_compuerta_con1:1,False,False,False,False,False,False,True
PGExplainer,1:1,TAGCN,class_weighting,0.321144056331071,0.1321390894195129,3,0.20525130809043388,sin_compuerta_con1:1,False,False,False,False,False,False,True
PGExplainer,1:1,TAGCN,focal_loss,-0.0068629763209581696,0.23458164678695842,3,0.2286243306990607,sin_compuerta_con1:1,False,False,False,False,False,False,True
PGExplainer,1:1,TAGCN,none,0.25008635809234864,0.12838036104341172,3,0.20032365847421615,sin_compuerta_con1:1,False,False,False,False,False,False,True
PGExplainer,1:10,GAT,class_weighting,0.49910123011523605,0.2593273588761146,3,0.3228163084114606,sin_compuerta_con1:1,False,False,False,False,False,False,True
PGExplainer,1:10,GAT,focal_loss,0.8544973544973544,0.06357798419190486,3,0.30415785847398963,sin_compuerta_con1:1,False,False,False,False,False,False,True
PGExplainer,1:10,GAT,none,0.5379718693918828,0.29800200720789377,3,0.40422268656274646,sin_compuerta_con1:1,True,True,True,True,True,True,True
PGExplainer,1:10,GCN,class_weighting,0.18055555555555555,0.3561301780300339,3,0.16161441291444076,sin_compuerta_con1:1,False,False,False,False,False,False,False
PGExplainer,1:10,GCN,focal_loss,0.5263485245005102,0.20685915399814872,3,0.14567033400068793,sin_compuerta_con1:1,False,False,False,False,False,False,False
PGExplainer,1:10,GCN,none,0.28177128293830095,0.12710168724581855,3,0.12145495594615778,sin_compuerta_con1:1,False,False,False,False,False,False,False
PGExplainer,1:10,GraphSAGE,class_weighting,0.031249999999999972,0.027083333333333296,3,0.4547520414987855,sin_compuerta_con1:1,True,True,True,True,True,True,True
PGExplainer,1:10,GraphSAGE,focal_loss,0.23681891519893528,0.4083883442966628,3,0.42612878255186176,sin_compuerta_con1:1,True,True,True,True,True,True,True
PGExplainer,1:10,GraphSAGE,none,0.4847222222222222,0.13244058765823735,3,0.37347038889461387,sin_compuerta_con1:1,True,True,True,True,True,True,True
PGExplainer,1:10,TAGCN,class_weighting,0.027012124737191737,0.15149308495535857,3,0.2936076318075897,sin_compuerta_con1:1,True,True,False,True,False,False,True
PGExplainer,1:10,TAGCN,focal_loss,-0.12367921959121753,0.06297515613866016,3,0.40764046331573717,sin_compuerta_con1:1,True,True,True,True,True,True,True
PGExplainer,1:10,TAGCN,none,0.47793093408702525,0.30018288564140105,3,0.32019152838391784,sin_compuerta_con1:1,True,True,True,True,True,True,True
PGExplainer,1:10_os,GAT,class_weighting,0.5323464240704368,0.4796908933474225,3,0.3450737269073148,sin_compuerta_con1:1,False,False,False,False,False,False,True
PGExplainer,1:10_os,GAT,focal_loss,0.4800213675213674,0.32912536463058745,3,0.29431347890426723,sin_compuerta_con1:1,True,True,False,True,False,False,True
PGExplainer,1:10_os,GAT,none,0.5958333333333333,0.23529679839159168,3,0.3852216021475594,sin_compuerta_con1:1,True,True,True,True,True,True,True
PGExplainer,1:10_os,GCN,class_weighting,0.16861378303978705,0.36663232134901697,3,0.1617951908542037,sin_compuerta_con1:1,False,False,False,False,False,False,False
PGExplainer,1:10_os,GCN,focal_loss,0.4873677909328009,0.3008474941066111,3,0.10771061994958407,sin_compuerta_con1:1,False,False,False,False,False,False,False
PGExplainer,1:10_os,GCN,none,0.2814935051605232,0.1522086600020607,3,0.12354837200896857,sin_compuerta_con1:1,False,False,False,False,False,False,False
PGExplainer,1:10_os,GraphSAGE,class_weighting,0.0142361111111111,0.024569499403242323,3,0.43830508578898614,sin_compuerta_con1:1,True,True,True,True,True,True,True
PGExplainer,1:10_os,GraphSAGE,focal_loss,0.33418403420306025,0.13928432548224645,3,0.44214831875401317,sin_compuerta_con1:1,True,True,True,True,True,True,True
PGExplainer,1:10_os,GraphSAGE,none,0.5361111111111111,0.11428623098428171,3,0.3474417294858833,sin_compuerta_con1:1,True,True,True,True,True,True,True
PGExplainer,1:10_os,TAGCN,class_weighting,0.057393174255222466,0.19286330750367048,3,0.2921778092369099,sin_compuerta_con1:1,True,True,False,True,False,False,True
PGExplainer,1:10_os,TAGCN,focal_loss,-0.0653872754512312,0.12296803079068144,3,0.4021761374928552,sin_compuerta_con1:1,True,True,True,True,True,True,True
PGExplainer,1:10_os,TAGCN,none,0.7144604760165,0.04618901650111655,3,0.39684946884953304,sin_compuerta_con1:1,True,True,True,True,True,True,True
PGExplainer,native,GAT,class_weighting,0.6414623412263473,0.356073029136309,3,0.3203658410415895,sin_compuerta_con1:1,False,False,False,False,False,False,True
PGExplainer,native,GAT,focal_loss,0.6099537037037036,0.20979157854890448,3,0.33230088360984417,sin_compuerta_con1:1,True,True,True,True,True,True,True
PGExplainer,native,GAT,none,0.7116809116809116,0.40696806546308645,3,0.20248954205959824,sin_compuerta_con1:1,True,True,False,False,False,False,False
PGExplainer,native,GCN,class_weighting,0.5603389124109114,0.26623382477155916,3,0.0972150089164354,sin_compuerta_con1:1,False,False,False,False,False,False,False
PGExplainer,native,GCN,focal_loss,0.4495741541784534,0.23127086183772333,3,0.10518595367419536,sin_compuerta_con1:1,False,False,False,False,False,False,False
PGExplainer,native,GCN,none,0.5652777777777777,0.3365556059939069,3,0.08315035290667164,sin_compuerta_con1:1,False,False,False,False,False,False,False
PGExplainer,native,GraphSAGE,class_weighting,-0.0006944444444444328,0.12829567448902,3,0.46158179633936064,sin_compuerta_con1:1,True,True,True,True,True,True,True
PGExplainer,native,GraphSAGE,focal_loss,0.3018607582807717,0.41596994320891384,3,0.30470501385225446,sin_compuerta_con1:1,True,True,True,True,True,True,True
PGExplainer,native,GraphSAGE,none,0.5083333333333332,0.14487782208928085,3,0.1771437340598031,sin_compuerta_con1:1,False,False,False,False,False,False,False
PGExplainer,native,TAGCN,class_weighting,0.07365786986294019,0.09348670009688212,3,0.29925570674478896,sin_compuerta_con1:1,True,True,False,True,False,False,True
PGExplainer,native,TAGCN,focal_loss,0.18527913944324595,0.2518638602476678,3,0.29033639589371885,sin_compuerta_con1:1,True,True,False,True,False,False,True
PGExplainer,native,TAGCN,none,0.4368505244545573,0.175169525031531,3,0.0965189317940448,sin_compuerta_con1:1,False,False,False,False,False,False,False
ShapleyFeatures,1:1,GAT,class_weighting,0.996006139087752,0.001022081186117292,3,0.3466816784000802,sin_compuerta_con1:1,False,False,False,False,False,False,True
ShapleyFeatures,1:1,GAT,focal_loss,0.9962345792111201,0.0006004580265237407,3,0.20401920303771506,sin_compuerta_con1:1,False,False,False,False,False,False,False
ShapleyFeatures,1:1,GAT,none,0.9959828900344503,0.001069993083507574,3,0.34668166600192235,sin_compuerta_con1:1,False,False,False,False,False,False,True
ShapleyFeatures,1:1,GCN,class_weighting,0.9971807377863865,0.00020509179628310653,3,0.18504613792375044,sin_compuerta_con1:1,False,False,False,False,False,False,False
ShapleyFeatures,1:1,GCN,focal_loss,0.99691100324692,0.0011356652292354497,3,0.07867925163890734,sin_compuerta_con1:1,False,False,False,False,False,False,False
ShapleyFeatures,1:1,GCN,none,0.9972736665355035,0.00017385551242891323,3,0.18517629080244213,sin_compuerta_con1:1,False,False,False,False,False,False,False
ShapleyFeatures,1:1,GraphSAGE,class_weighting,0.9954466438110229,0.00038436301524333663,3,0.3638342311425875,sin_compuerta_con1:1,False,False,False,False,False,False,True
ShapleyFeatures,1:1,GraphSAGE,focal_loss,0.9966635544833083,0.0004900739311040798,3,0.27259063254889804,sin_compuerta_con1:1,False,False,False,False,False,False,True
ShapleyFeatures,1:1,GraphSAGE,none,0.9954776588476625,0.00045573318700494093,3,0.36381146400270675,sin_compuerta_con1:1,False,False,False,False,False,False,True
ShapleyFeatures,1:1,TAGCN,class_weighting,0.9914418328178612,0.002264920734382516,3,0.20525130809043388,sin_compuerta_con1:1,False,False,False,False,False,False,True
ShapleyFeatures,1:1,TAGCN,focal_loss,0.9929398251913762,0.0008311686216431641,3,0.2286243306990607,sin_compuerta_con1:1,False,False,False,False,False,False,True
ShapleyFeatures,1:1,TAGCN,none,0.9903545857249844,0.0025793816580794954,3,0.20032365847421615,sin_compuerta_con1:1,False,False,False,False,False,False,True
ShapleyFeatures,1:10,GAT,class_weighting,0.9962183430586045,0.0014170127760925256,3,0.3228163084114606,sin_compuerta_con1:1,False,False,False,False,False,False,True
ShapleyFeatures,1:10,GAT,focal_loss,0.9957099811378164,0.0013428735320798317,3,0.30415785847398963,sin_compuerta_con1:1,False,False,False,False,False,False,True
ShapleyFeatures,1:10,GAT,none,0.9955964509637379,0.0012168692109505515,3,0.40422268656274646,sin_compuerta_con1:1,True,True,True,True,True,True,True
ShapleyFeatures,1:10,GCN,class_weighting,0.9968646245458316,0.0004453426466044457,3,0.16161441291444076,sin_compuerta_con1:1,False,False,False,False,False,False,False
ShapleyFeatures,1:10,GCN,focal_loss,0.996705767245969,0.000251561726963926,3,0.14567033400068793,sin_compuerta_con1:1,False,False,False,False,False,False,False
ShapleyFeatures,1:10,GCN,none,0.9972059524064983,0.0004950989433376408,3,0.12145495594615778,sin_compuerta_con1:1,False,False,False,False,False,False,False
ShapleyFeatures,1:10,GraphSAGE,class_weighting,0.9937006257338569,0.0010649404300399799,3,0.4547520414987855,sin_compuerta_con1:1,True,True,True,True,True,True,True
ShapleyFeatures,1:10,GraphSAGE,focal_loss,0.9968940237083274,0.0006697507782006967,3,0.42612878255186176,sin_compuerta_con1:1,True,True,True,True,True,True,True
ShapleyFeatures,1:10,GraphSAGE,none,0.996932819235583,0.0002612263607652423,3,0.37347038889461387,sin_compuerta_con1:1,True,True,True,True,True,True,True
ShapleyFeatures,1:10,TAGCN,class_weighting,0.9880203062106752,0.004392182392850146,3,0.2936076318075897,sin_compuerta_con1:1,True,True,False,True,False,False,True
ShapleyFeatures,1:10,TAGCN,focal_loss,0.9949324177394874,0.0007095898987107765,3,0.40764046331573717,sin_compuerta_con1:1,True,True,True,True,True,True,True
ShapleyFeatures,1:10,TAGCN,none,0.9969464389702981,0.0004675820884948929,3,0.32019152838391784,sin_compuerta_con1:1,True,True,True,True,True,True,True
ShapleyFeatures,1:10_os,GAT,class_weighting,0.9953358268162665,0.0010447608908852552,3,0.3450737269073148,sin_compuerta_con1:1,False,False,False,False,False,False,True
ShapleyFeatures,1:10_os,GAT,focal_loss,0.9960776872445937,0.0022407731082406614,3,0.29431347890426723,sin_compuerta_con1:1,True,True,False,True,False,False,True
ShapleyFeatures,1:10_os,GAT,none,0.9948658659964477,0.0010520275788322092,3,0.3852216021475594,sin_compuerta_con1:1,True,True,True,True,True,True,True
ShapleyFeatures,1:10_os,GCN,class_weighting,0.9970641004399076,0.0006434523140551178,3,0.1617951908542037,sin_compuerta_con1:1,False,False,False,False,False,False,False
ShapleyFeatures,1:10_os,GCN,focal_loss,0.996636636413568,0.0002045365365742874,3,0.10771061994958407,sin_compuerta_con1:1,False,False,False,False,False,False,False
ShapleyFeatures,1:10_os,GCN,none,0.9973352539340037,0.000740370740477087,3,0.12354837200896857,sin_compuerta_con1:1,False,False,False,False,False,False,False
ShapleyFeatures,1:10_os,GraphSAGE,class_weighting,0.9930126285501536,0.0010300902495596236,3,0.43830508578898614,sin_compuerta_con1:1,True,True,True,True,True,True,True
ShapleyFeatures,1:10_os,GraphSAGE,focal_loss,0.9973980715801138,0.0005976122617293595,3,0.44214831875401317,sin_compuerta_con1:1,True,True,True,True,True,True,True
ShapleyFeatures,1:10_os,GraphSAGE,none,0.9970713925931939,0.00041044131436592917,3,0.3474417294858833,sin_compuerta_con1:1,True,True,True,True,True,True,True
ShapleyFeatures,1:10_os,TAGCN,class_weighting,0.986540807234601,0.005320393429962157,3,0.2921778092369099,sin_compuerta_con1:1,True,True,False,True,False,False,True
ShapleyFeatures,1:10_os,TAGCN,focal_loss,0.9874779481301824,0.011363456609702383,3,0.4021761374928552,sin_compuerta_con1:1,True,True,True,True,True,True,True
ShapleyFeatures,1:10_os,TAGCN,none,0.9950222065125138,0.0002527896544845045,3,0.39684946884953304,sin_compuerta_con1:1,True,True,True,True,True,True,True
ShapleyFeatures,native,GAT,class_weighting,0.9963090962942683,0.0010904053842049695,3,0.3203658410415895,sin_compuerta_con1:1,False,False,False,False,False,False,True
ShapleyFeatures,native,GAT,focal_loss,0.995424494805128,0.001674927159654476,3,0.33230088360984417,sin_compuerta_con1:1,True,True,True,True,True,True,True
ShapleyFeatures,native,GAT,none,0.977583062899876,0.022185427270816564,3,0.20248954205959824,sin_compuerta_con1:1,True,True,False,False,False,False,False
ShapleyFeatures,native,GCN,class_weighting,0.9971704919261386,0.0007266637002108567,3,0.0972150089164354,sin_compuerta_con1:1,False,False,False,False,False,False,False
ShapleyFeatures,native,GCN,focal_loss,0.9973463820934021,3.883229800211483e-05,3,0.10518595367419536,sin_compuerta_con1:1,False,False,False,False,False,False,False
ShapleyFeatures,native,GCN,none,0.9971713450637066,0.0005812015311352275,3,0.08315035290667164,sin_compuerta_con1:1,False,False,False,False,False,False,False
ShapleyFeatures,native,GraphSAGE,class_weighting,0.9933405162784777,0.0011562629537150463,3,0.46158179633936064,sin_compuerta_con1:1,True,True,True,True,True,True,True
ShapleyFeatures,native,GraphSAGE,focal_loss,0.9966829237554146,0.0003606179899169222,3,0.30470501385225446,sin_compuerta_con1:1,True,True,True,True,True,True,True
ShapleyFeatures,native,GraphSAGE,none,0.9971718397025794,0.0010250067341736155,3,0.1771437340598031,sin_compuerta_con1:1,False,False,False,False,False,False,False
ShapleyFeatures,native,TAGCN,class_weighting,0.9875614993833138,0.005149597704221893,3,0.29925570674478896,sin_compuerta_con1:1,True,True,False,True,False,False,True
ShapleyFeatures,native,TAGCN,focal_loss,0.9945208901245417,0.0022780138092012795,3,0.29033639589371885,sin_compuerta_con1:1,True,True,False,True,False,False,True
ShapleyFeatures,native,TAGCN,none,0.9955109244208149,0.00032546435245235254,3,0.0965189317940448,sin_compuerta_con1:1,False,False,False,False,False,False,False
